{"classification_output_loss": [0.021763905882835388, 5.831197267980315e-05, 1.2148085261287633e-05, 2.943961590062827e-06, 7.168840738813742e-07, 1.532062867681816e-07, 3.834159301163709e-08, 9.297182579359742e-09, 3.2662970106400735e-09], "classification_output_sparse_categorical_accuracy": [0.9956124424934387, 1.0, 1.0, 1.0, 1.0, 1.0, 1.0, 1.0, 1.0], "loss": [0.03140703961253166, 0.0016094068996608257, 0.0006287858122959733, 0.00023987857275642455, 0.0001765837805578485, 0.00017056423530448228, 0.00013605551794171333, 0.00010828129597939551, 0.00012391869677230716], "se3_loss": [0.5202912092208862, 0.48922157287597656, 0.46299752593040466, 0.43579599261283875, 0.42597925662994385, 0.4246758818626404, 0.43055519461631775, 0.42595332860946655, 0.42039695382118225], "se3_root_mean_squared_error": [0.7213121652603149, 0.6994437575340271, 0.6804391145706177, 0.6601484417915344, 0.6526708006858826, 0.6516715884208679, 0.6561670303344727, 0.6526509523391724, 0.6483802199363708], "segmentation_output_loss": [4.6488471031188965, 4.659952163696289, 4.681366920471191, 4.688061714172363, 4.701758861541748, 4.71651029586792, 4.708117485046387, 4.725346565246582, 4.681235313415527], "segmentation_output_sparse_categorical_accuracy": [0.012926883064210415, 0.015471559949219227, 0.015597062185406685, 0.01722024381160736, 0.016485590487718582, 0.017969103530049324, 0.019751474261283875, 0.019583825021982193, 0.02065322920680046], "val_classification_output_loss": [0.0001015831803670153, 2.1707986888941377e-05, 5.005384991818573e-06, 1.3564585970016196e-06, 7.250648081935651e-08, 5.384671375452399e-09, 5.3313631287466023e-11, 0.0, 0.0], "val_classification_output_sparse_categorical_accuracy": [1.0, 1.0, 1.0, 1.0, 1.0, 1.0, 1.0, 1.0, 1.0], "val_loss": [0.006227020639926195, 0.006860152818262577, 0.003415235783904791, 0.010531427338719368, 0.010031597688794136, 0.020144250243902206, 0.033978626132011414, 0.0020423480309545994, 0.06633055955171585], "val_se3_loss": [0.7110682725906372, 0.5761277079582214, 0.5348883271217346, 0.5333789587020874, 0.4885037839412689, 0.5340549945831299, 0.5481677055358887, 0.43428316712379456, 0.6436060667037964], "val_se3_root_mean_squared_error": [0.8432486057281494, 0.7590307593345642, 0.7313605546951294, 0.7303280234336853, 0.6989303827285767, 0.7307906746864319, 0.740383505821228, 0.6590016484260559, 0.8022506833076477], "val_segmentation_output_loss": [6.469651222229004, 5.509546756744385, 5.498999118804932, 5.3201165199279785, 5.611000061035156, 5.817065238952637, 5.56069803237915, 4.9638824462890625, 6.1448163986206055], "val_segmentation_output_sparse_categorical_accuracy": [0.017896948382258415, 0.022760435938835144, 0.019052140414714813, 0.021705476567149162, 0.013492700643837452, 0.01411276962608099, 0.016873763874173164, 0.020253626629710197, 0.02041838876903057]}