{"classification_output_loss": [0.011085676029324532, 2.1057912817923352e-05, 3.5493524137564236e-06, 4.6418307420026395e-07, 6.986701350797375e-08, 1.5841774114733198e-08, 2.688746780776796e-09, 8.316547450704093e-10, 4.11790351817487e-10, 3.229727318920794e-10, 3.229728637310636e-11, 2.9067537266058707e-10, 2.0185783600190632e-10, 1.614864318655318e-11, 8.074321072859547e-11, 5.6520239877233536e-11, 6.459456580731882e-11, 4.8445927824936064e-11, 4.0371605364297736e-11, 7.266885704293458e-11, 8.074319685080766e-11, 3.229728290365941e-11, 5.652024681612744e-11, 6.459455192953101e-11, 0.0, 4.0371605364297736e-11, 1.1304046587667926e-10, 4.0371605364297736e-11, 4.8445927824936064e-11, 8.07432159327659e-12, 2.74526540389175e-10, 8.881752971978685e-11, 3.8756695075470304e-10, 7.266888479851019e-11, 1.8570937843076507e-10, 1.7763501780621027e-10], "classification_output_sparse_categorical_accuracy": [0.9978325366973877, 1.0, 1.0, 1.0, 1.0, 1.0, 1.0, 1.0, 1.0, 1.0, 1.0, 1.0, 1.0, 1.0, 1.0, 1.0, 1.0, 1.0, 1.0, 1.0, 1.0, 1.0, 1.0, 1.0, 1.0, 1.0, 1.0, 1.0, 1.0, 1.0, 1.0, 1.0, 1.0, 1.0, 1.0, 1.0], "loss": [0.011085676029324532, 2.1057912817923352e-05, 3.5493524137564236e-06, 4.6418307420026395e-07, 6.986701350797375e-08, 1.5841774114733198e-08, 2.688746780776796e-09, 8.316547450704093e-10, 4.11790351817487e-10, 3.229727318920794e-10, 3.229728637310636e-11, 2.9067537266058707e-10, 2.0185783600190632e-10, 1.614864318655318e-11, 8.074321072859547e-11, 5.6520239877233536e-11, 6.459456580731882e-11, 4.8445927824936064e-11, 4.0371605364297736e-11, 7.266885704293458e-11, 8.074319685080766e-11, 3.229728290365941e-11, 5.652024681612744e-11, 6.459455192953101e-11, 0.0, 4.0371605364297736e-11, 1.1304046587667926e-10, 4.0371605364297736e-11, 4.8445927824936064e-11, 8.07432159327659e-12, 2.74526540389175e-10, 8.881752971978685e-11, 3.8756695075470304e-10, 7.266888479851019e-11, 1.8570937843076507e-10, 1.7763501780621027e-10], "se3_loss": [2.9061238765716553, 2.9738945960998535, 2.9641053676605225, 3.050269365310669, 3.1408815383911133, 3.231372117996216, 3.32034969329834, 3.3411481380462646, 3.3483340740203857, 3.4732162952423096, 3.5392820835113525, 3.389080047607422, 3.4829020500183105, 3.4385640621185303, 3.4571714401245117, 3.511070489883423, 3.5242371559143066, 3.531982421875, 3.4673666954040527, 3.5024516582489014, 3.5047082901000977, 3.50166654586792, 3.509216785430908, 3.450568675994873, 3.510077714920044, 3.4370453357696533, 3.513303756713867, 3.448772430419922, 3.509211540222168, 3.5012993812561035, 3.447371244430542, 3.4976420402526855, 3.4502317905426025, 3.4481279850006104, 3.442373275756836, 3.496032953262329], "se3_root_mean_squared_error": [1.7047357559204102, 1.7244981527328491, 1.721657633781433, 1.7465020418167114, 1.772253155708313, 1.7976016998291016, 1.8221826553344727, 1.8278807401657104, 1.8298453092575073, 1.8636566400527954, 1.8812979459762573, 1.8409452438354492, 1.86625337600708, 1.8543366193771362, 1.8593469858169556, 1.873785138130188, 1.8772951364517212, 1.879356861114502, 1.8620868921279907, 1.8714838027954102, 1.8720864057540894, 1.8712739944458008, 1.8732903003692627, 1.8575706481933594, 1.873520016670227, 1.8539268970489502, 1.8743808269500732, 1.8570870161056519, 1.873288869857788, 1.871175765991211, 1.8567097187042236, 1.870198369026184, 1.8574798107147217, 1.8569135665893555, 1.8553632497787476, 1.8697680234909058], "segmentation_output_loss": [5.139144420623779, 5.132725238800049, 5.126724720001221, 5.137681484222412, 5.152263641357422, 5.109743595123291, 5.085676193237305, 5.111377716064453, 5.073925495147705, 5.0691609382629395, 5.051141738891602, 5.034745693206787, 5.053183555603027, 5.018917560577393, 5.03666353225708, 5.0495219230651855, 5.04492712020874, 5.052876949310303, 5.046408653259277, 5.047029972076416, 5.041272163391113, 5.044424057006836, 5.0419745445251465, 5.030840873718262, 5.041308403015137, 5.032473564147949, 5.048250675201416, 5.028591156005859, 5.046501636505127, 5.049482345581055, 5.043994426727295, 5.04790735244751, 5.038763999938965, 5.027184963226318, 5.032654285430908, 5.049246311187744], "segmentation_output_sparse_categorical_accuracy": [0.0025819267611950636, 0.002360885264351964, 0.0032886990811675787, 0.003233250929042697, 0.0041192942298948765, 0.003072864143177867, 0.004654412157833576, 0.0040243929252028465, 0.005368770565837622, 0.0040189544670283794, 0.0038866091053932905, 0.0053605022840201855, 0.003862119046971202, 0.005473109893500805, 0.004868425894528627, 0.003729500574991107, 0.0036219614557921886, 0.0035053729079663754, 0.005061862524598837, 0.003945839591324329, 0.003317934926599264, 0.003704760456457734, 0.0035243090242147446, 0.004951733164489269, 0.003547240514308214, 0.0053187464363873005, 0.0037062817718833685, 0.005054173059761524, 0.0036513691302388906, 0.0033075192477554083, 0.004802487790584564, 0.0038397826720029116, 0.005492452997714281, 0.005177194252610207, 0.005044462159276009, 0.003321876749396324], "val_classification_output_loss": [3.902056414517574e-05, 4.074359367223224e-06, 3.1106671372072014e-07, 1.8333668805325942e-08, 2.826777978359729e-10, 0.0, 0.0, 0.0, 0.0, 0.0, 0.0, 0.0, 0.0, 0.0, 0.0, 0.0, 0.0, 0.0, 0.0, 0.0, 0.0, 0.0, 0.0, 0.0, 0.0, 0.0, 0.0, 0.0, 0.0, 0.0, 0.0, 0.0, 0.0, 0.0, 0.0, 0.0], "val_classification_output_sparse_categorical_accuracy": [1.0, 1.0, 1.0, 1.0, 1.0, 1.0, 1.0, 1.0, 1.0, 1.0, 1.0, 1.0, 1.0, 1.0, 1.0, 1.0, 1.0, 1.0, 1.0, 1.0, 1.0, 1.0, 1.0, 1.0, 1.0, 1.0, 1.0, 1.0, 1.0, 1.0, 1.0, 1.0, 1.0, 1.0, 1.0, 1.0], "val_loss": [3.902056414517574e-05, 4.074359367223224e-06, 3.1106671372072014e-07, 1.8333668805325942e-08, 2.826777978359729e-10, 0.0, 0.0, 0.0, 0.0, 0.0, 0.0, 0.0, 0.0, 0.0, 0.0, 0.0, 0.0, 0.0, 0.0, 0.0, 0.0, 0.0, 0.0, 0.0, 0.0, 0.0, 0.0, 0.0, 0.0, 0.0, 0.0, 0.0, 0.0, 0.0, 0.0, 0.0], "val_se3_loss": [4.758703231811523, 4.900649070739746, 67.58399963378906, 5.801590442657471, 5.454102516174316, 6.492328643798828, 6.595660209655762, 7.090488910675049, 67.70380401611328, 6.450051784515381, 6.6925225257873535, 53.73606491088867, 6.613340854644775, 68.79012298583984, 10.522549629211426, 6.994997501373291, 7.115495204925537, 5.986285209655762, 11.088461875915527, 6.655223846435547, 6.533220291137695, 7.32783842086792, 6.766814708709717, 66.52814483642578, 6.719825267791748, 57.34888458251953, 7.345211982727051, 70.3752212524414, 6.63109016418457, 6.433721542358398, 10.716480255126953, 6.533517837524414, 60.28733825683594, 64.89945220947266, 57.10942077636719, 7.011871814727783], "val_se3_root_mean_squared_error": [2.1814451217651367, 2.2137410640716553, 8.220948219299316, 2.40864896774292, 2.335402011871338, 2.5480048656463623, 2.5682015419006348, 2.662797212600708, 8.228232383728027, 2.5396950244903564, 2.58699107170105, 7.330488681793213, 2.571641683578491, 8.293981552124023, 3.243847608566284, 2.644805908203125, 2.6674883365631104, 2.446688652038574, 3.3299341201782227, 2.5797719955444336, 2.556016445159912, 2.706997871398926, 2.6013100147247314, 8.156478881835938, 2.5922625064849854, 7.572904586791992, 2.710204839706421, 8.388993263244629, 2.575090169906616, 2.536478042602539, 3.2736032009124756, 2.556074619293213, 7.764492034912109, 8.05601978302002, 7.557076930999756, 2.647994041442871], "val_segmentation_output_loss": [7.020660877227783, 7.3853325843811035, 10.346890449523926, 7.834867477416992, 7.871790409088135, 7.482346534729004, 7.654989719390869, 8.75473690032959, 10.270398139953613, 8.051434516906738, 8.339492797851562, 10.292221069335938, 8.045511245727539, 10.546112060546875, 10.8887357711792, 8.460858345031738, 8.3897123336792, 7.481722354888916, 11.355351448059082, 8.666960716247559, 8.107576370239258, 8.307676315307617, 8.091745376586914, 10.469188690185547, 8.110335350036621, 10.501191139221191, 8.669739723205566, 10.400285720825195, 8.302916526794434, 8.163675308227539, 10.961623191833496, 8.293230056762695, 10.299674034118652, 10.494075775146484, 10.304943084716797, 8.312470436096191],