2026-01-30 07:45:34,237 - root - INFO - The following datasets were found in data/kc46_lidar_lr001_94_2_classification_pretrain:
2026-01-30 07:45:34,237 - root - INFO - 	-> pc_set.joblib	
2026-01-30 07:45:34,238 - root - INFO - Adding data set 1 of 4
2026-01-30 07:45:34,608 - root - INFO - Parsing frames in /mnt/d/pieschl_data_collects/sim_kc46_lidar/collect_2026.Jan.22_23.51.26.8719556.UTC...
2026-01-30 07:48:16,374 - root - INFO - Failed to add file /mnt/d/pieschl_data_collects/sim_kc46_lidar/collect_2026.Jan.22_23.51.26.8719556.UTC/Lidar/frame_5000.txt:
	FileNotFoundError : [Errno 2] No such file or directory: '/mnt/d/pieschl_data_collects/sim_kc46_lidar/collect_2026.Jan.22_23.51.26.8719556.UTC/Lidar/frame_5000.txt'
2026-01-30 07:48:16,386 - root - INFO - Failed to add file /mnt/d/pieschl_data_collects/sim_kc46_lidar/collect_2026.Jan.22_23.51.26.8719556.UTC/Lidar/frame_5001.txt:
	FileNotFoundError : [Errno 2] No such file or directory: '/mnt/d/pieschl_data_collects/sim_kc46_lidar/collect_2026.Jan.22_23.51.26.8719556.UTC/Lidar/frame_5001.txt'
2026-01-30 07:48:27,762 - root - INFO - Adding data set 2 of 4
2026-01-30 07:48:28,042 - root - INFO - Parsing frames in /mnt/d/pieschl_data_collects/sim_kc46_lidar/collect_2026.Jan.22_23.53.34.5658074.UTC...
2026-01-30 07:50:38,348 - root - INFO - Failed to add file /mnt/d/pieschl_data_collects/sim_kc46_lidar/collect_2026.Jan.22_23.53.34.5658074.UTC/Lidar/frame_5000.txt:
	FileNotFoundError : [Errno 2] No such file or directory: '/mnt/d/pieschl_data_collects/sim_kc46_lidar/collect_2026.Jan.22_23.53.34.5658074.UTC/Lidar/frame_5000.txt'
2026-01-30 07:50:38,349 - root - INFO - Failed to add file /mnt/d/pieschl_data_collects/sim_kc46_lidar/collect_2026.Jan.22_23.53.34.5658074.UTC/Lidar/frame_5001.txt:
	FileNotFoundError : [Errno 2] No such file or directory: '/mnt/d/pieschl_data_collects/sim_kc46_lidar/collect_2026.Jan.22_23.53.34.5658074.UTC/Lidar/frame_5001.txt'
2026-01-30 07:50:47,460 - root - INFO - Adding data set 3 of 4
2026-01-30 07:50:47,758 - root - INFO - Parsing frames in /mnt/d/pieschl_data_collects/sim_kc46_lidar/collect_2026.Jan.23_00.00.26.2538193.UTC...
2026-01-30 07:52:58,814 - root - INFO - Failed to add file /mnt/d/pieschl_data_collects/sim_kc46_lidar/collect_2026.Jan.23_00.00.26.2538193.UTC/Lidar/frame_5000.txt:
	FileNotFoundError : [Errno 2] No such file or directory: '/mnt/d/pieschl_data_collects/sim_kc46_lidar/collect_2026.Jan.23_00.00.26.2538193.UTC/Lidar/frame_5000.txt'
2026-01-30 07:52:58,817 - root - INFO - Failed to add file /mnt/d/pieschl_data_collects/sim_kc46_lidar/collect_2026.Jan.23_00.00.26.2538193.UTC/Lidar/frame_5001.txt:
	FileNotFoundError : [Errno 2] No such file or directory: '/mnt/d/pieschl_data_collects/sim_kc46_lidar/collect_2026.Jan.23_00.00.26.2538193.UTC/Lidar/frame_5001.txt'
2026-01-30 07:53:07,823 - root - INFO - Adding data set 4 of 4
2026-01-30 07:53:08,108 - root - INFO - Parsing frames in /mnt/d/pieschl_data_collects/sim_kc46_lidar/collect_2026.Jan.23_00.04.35.9506687.UTC...
2026-01-30 07:55:53,340 - root - INFO - Failed to add file /mnt/d/pieschl_data_collects/sim_kc46_lidar/collect_2026.Jan.23_00.04.35.9506687.UTC/Lidar/frame_5000.txt:
	FileNotFoundError : [Errno 2] No such file or directory: '/mnt/d/pieschl_data_collects/sim_kc46_lidar/collect_2026.Jan.23_00.04.35.9506687.UTC/Lidar/frame_5000.txt'
2026-01-30 07:55:53,342 - root - INFO - Failed to add file /mnt/d/pieschl_data_collects/sim_kc46_lidar/collect_2026.Jan.23_00.04.35.9506687.UTC/Lidar/frame_5001.txt:
	FileNotFoundError : [Errno 2] No such file or directory: '/mnt/d/pieschl_data_collects/sim_kc46_lidar/collect_2026.Jan.23_00.04.35.9506687.UTC/Lidar/frame_5001.txt'
2026-01-30 07:56:03,000 - root - INFO - 
Datasets added successfully:

2026-01-30 07:56:03,001 - root - INFO - classification_pretrain
Random seed: 42
Class labels: dict_keys(['f-15_model', 'a-10', 'b-1b', 'b-2', 'c-5', 'c-12', 'c-17a', 'c-32', 'c-130j', 'e-3', 'f-15e', 'f-16', 'f-18e', 'f-22', 'g-iii', 'kc-46', 'kc-135', 'lj-25', 'mig-29', 'mq-20', 'su-27', 'vc-25a', 'x-47b'])
Part labels: dict_keys(['wing', 'fuselage', 'engine', 'hstab', 'vstab', 'landing_gear', 'armament', 'boom_wing', 'boom_hull', 'boom_hose', 'dish', 'probe'])

--- Train Set ---
Specified proportion:  0.75
Actual proportion: 0.7499100765633832
Total count: 14594
Class count:
	kc-46: 14594
Part count:
	wing: 36896251
	fuselage: 51958980
	engine: 8612131
	hstab: 10775937
	vstab: 8627093
	landing_gear: 0
	armament: 0
	boom_wing: 1020818
	boom_hull: 1530915
	boom_hose: 131923
	dish: 0
	probe: 0

--- Validation Set ---
Specified proportion:  0.15
Actual proportion: 0.15004367709778532
Total count: 2920
Class count:
	kc-46: 2920
Part count:
	wing: 7220514
	fuselage: 10485493
	engine: 1730082
	hstab: 2167035
	vstab: 1768522
	landing_gear: 0
	armament: 0
	boom_wing: 206275
	boom_hull: 315701
	boom_hose: 27018
	dish: 0
	probe: 0

--- Test Set ---
Specified proportion:  0.1
Actual proportion: 0.10004624633883151
Total count: 1947
Class count:
	kc-46: 1947
Part count:
	wing: 4951236
	fuselage: 6922518
	engine: 1145180
	hstab: 1466967
	vstab: 1096838
	landing_gear: 0
	armament: 0
	boom_wing: 139050
	boom_hull: 209278
	boom_hose: 18757
	dish: 0
	probe: 0

2026-01-30 07:56:03,018 - root - INFO - The following datasets were found in data/kc46_lidar_lr001_94_2_final:
2026-01-30 07:56:03,018 - root - INFO - 	-> pc_set.joblib	
2026-01-30 07:56:03,018 - root - INFO - Adding data set 1 of 4
2026-01-30 07:56:03,305 - root - INFO - Parsing frames in /mnt/d/pieschl_data_collects/sim_kc46_lidar/collect_2026.Jan.22_23.51.26.8719556.UTC...
2026-01-30 07:56:52,734 - root - INFO - Failed to add file /mnt/d/pieschl_data_collects/sim_kc46_lidar/collect_2026.Jan.22_23.51.26.8719556.UTC/Lidar/frame_5000.txt:
	FileNotFoundError : [Errno 2] No such file or directory: '/mnt/d/pieschl_data_collects/sim_kc46_lidar/collect_2026.Jan.22_23.51.26.8719556.UTC/Lidar/frame_5000.txt'
2026-01-30 07:56:52,736 - root - INFO - Failed to add file /mnt/d/pieschl_data_collects/sim_kc46_lidar/collect_2026.Jan.22_23.51.26.8719556.UTC/Lidar/frame_5001.txt:
	FileNotFoundError : [Errno 2] No such file or directory: '/mnt/d/pieschl_data_collects/sim_kc46_lidar/collect_2026.Jan.22_23.51.26.8719556.UTC/Lidar/frame_5001.txt'
2026-01-30 07:57:03,027 - root - INFO - Adding data set 2 of 4
2026-01-30 07:57:03,301 - root - INFO - Parsing frames in /mnt/d/pieschl_data_collects/sim_kc46_lidar/collect_2026.Jan.22_23.53.34.5658074.UTC...
2026-01-30 07:57:29,314 - root - INFO - Failed to add file /mnt/d/pieschl_data_collects/sim_kc46_lidar/collect_2026.Jan.22_23.53.34.5658074.UTC/Lidar/frame_5000.txt:
	FileNotFoundError : [Errno 2] No such file or directory: '/mnt/d/pieschl_data_collects/sim_kc46_lidar/collect_2026.Jan.22_23.53.34.5658074.UTC/Lidar/frame_5000.txt'
2026-01-30 07:57:29,315 - root - INFO - Failed to add file /mnt/d/pieschl_data_collects/sim_kc46_lidar/collect_2026.Jan.22_23.53.34.5658074.UTC/Lidar/frame_5001.txt:
	FileNotFoundError : [Errno 2] No such file or directory: '/mnt/d/pieschl_data_collects/sim_kc46_lidar/collect_2026.Jan.22_23.53.34.5658074.UTC/Lidar/frame_5001.txt'
2026-01-30 07:57:38,405 - root - INFO - Adding data set 3 of 4
2026-01-30 07:57:38,667 - root - INFO - Parsing frames in /mnt/d/pieschl_data_collects/sim_kc46_lidar/collect_2026.Jan.23_00.00.26.2538193.UTC...
2026-01-30 07:58:02,491 - root - INFO - Failed to add file /mnt/d/pieschl_data_collects/sim_kc46_lidar/collect_2026.Jan.23_00.00.26.2538193.UTC/Lidar/frame_5000.txt:
	FileNotFoundError : [Errno 2] No such file or directory: '/mnt/d/pieschl_data_collects/sim_kc46_lidar/collect_2026.Jan.23_00.00.26.2538193.UTC/Lidar/frame_5000.txt'
2026-01-30 07:58:02,492 - root - INFO - Failed to add file /mnt/d/pieschl_data_collects/sim_kc46_lidar/collect_2026.Jan.23_00.00.26.2538193.UTC/Lidar/frame_5001.txt:
	FileNotFoundError : [Errno 2] No such file or directory: '/mnt/d/pieschl_data_collects/sim_kc46_lidar/collect_2026.Jan.23_00.00.26.2538193.UTC/Lidar/frame_5001.txt'
2026-01-30 07:58:11,892 - root - INFO - Adding data set 4 of 4
2026-01-30 07:58:12,255 - root - INFO - Parsing frames in /mnt/d/pieschl_data_collects/sim_kc46_lidar/collect_2026.Jan.23_00.04.35.9506687.UTC...
2026-01-30 07:59:01,127 - root - INFO - Failed to add file /mnt/d/pieschl_data_collects/sim_kc46_lidar/collect_2026.Jan.23_00.04.35.9506687.UTC/Lidar/frame_5000.txt:
	FileNotFoundError : [Errno 2] No such file or directory: '/mnt/d/pieschl_data_collects/sim_kc46_lidar/collect_2026.Jan.23_00.04.35.9506687.UTC/Lidar/frame_5000.txt'
2026-01-30 07:59:01,128 - root - INFO - Failed to add file /mnt/d/pieschl_data_collects/sim_kc46_lidar/collect_2026.Jan.23_00.04.35.9506687.UTC/Lidar/frame_5001.txt:
	FileNotFoundError : [Errno 2] No such file or directory: '/mnt/d/pieschl_data_collects/sim_kc46_lidar/collect_2026.Jan.23_00.04.35.9506687.UTC/Lidar/frame_5001.txt'
2026-01-30 07:59:11,211 - root - INFO - 
Datasets added successfully:

2026-01-30 07:59:11,212 - root - INFO - final
Random seed: 42
Class labels: dict_keys(['f-15_model', 'a-10', 'b-1b', 'b-2', 'c-5', 'c-12', 'c-17a', 'c-32', 'c-130j', 'e-3', 'f-15e', 'f-16', 'f-18e', 'f-22', 'g-iii', 'kc-46', 'kc-135', 'lj-25', 'mig-29', 'mq-20', 'su-27', 'vc-25a', 'x-47b'])
Part labels: dict_keys(['wing', 'fuselage', 'engine', 'hstab', 'vstab', 'landing_gear', 'armament', 'boom_wing', 'boom_hull', 'boom_hose', 'dish', 'probe'])

--- Train Set ---
Specified proportion:  0.75
Actual proportion: 0.7499100765633832
Total count: 14594
Class count:
	kc-46: 14594
Part count:
	wing: 36793753
	fuselage: 52078188
	engine: 8606518
	hstab: 10804520
	vstab: 8568738
	landing_gear: 0
	armament: 0
	boom_wing: 1025384
	boom_hull: 1543197
	boom_hose: 133750
	dish: 0
	probe: 0

--- Validation Set ---
Specified proportion:  0.15
Actual proportion: 0.15004367709778532
Total count: 2920
Class count:
	kc-46: 2920
Part count:
	wing: 7346216
	fuselage: 10421248
	engine: 1707942
	hstab: 2145537
	vstab: 1769986
	landing_gear: 0
	armament: 0
	boom_wing: 199246
	boom_hull: 303733
	boom_hose: 26732
	dish: 0
	probe: 0

--- Test Set ---
Specified proportion:  0.1
Actual proportion: 0.10004624633883151
Total count: 1947
Class count:
	kc-46: 1947
Part count:
	wing: 4920916
	fuselage: 6873511
	engine: 1172695
	hstab: 1455886
	vstab: 1156498
	landing_gear: 0
	armament: 0
	boom_wing: 141453
	boom_hull: 211570
	boom_hose: 17295
	dish: 0
	probe: 0

2026-01-30 07:59:11,974 - root - INFO - PointNet Build
2026-01-30 07:59:11,974 - root - INFO - 	Trainable Layers
2026-01-30 07:59:11,975 - root - INFO - 		-> input_normalization: False
2026-01-30 07:59:11,975 - root - INFO - 		-> input_transform: True
2026-01-30 07:59:11,975 - root - INFO - 		-> s1_l1_64_convolution_layer: True
2026-01-30 07:59:11,975 - root - INFO - 		-> s1_l2_64_convolution_layer: True
2026-01-30 07:59:11,976 - root - INFO - 		-> feature_transform: True
2026-01-30 07:59:11,976 - root - INFO - 		-> s2_l1_64_convolution_layer: True
2026-01-30 07:59:11,976 - root - INFO - 		-> s2_l2_128_convolution_layer: True
2026-01-30 07:59:11,976 - root - INFO - 		-> s2_l3_1024_convolution_layer: True
2026-01-30 07:59:11,976 - root - INFO - 		-> s3_l1_512_dense_layer: True
2026-01-30 07:59:11,976 - root - INFO - 		-> s3_l2_256_dense_layer: True
2026-01-30 07:59:11,976 - root - INFO - 		-> output_dense_layer: True
2026-01-30 07:59:11,977 - root - INFO - 		-> seg_l1_512_convolution_layer: False
2026-01-30 07:59:11,977 - root - INFO - 		-> seg_l2_256_convolution_layer: False
2026-01-30 07:59:11,977 - root - INFO - 		-> seg_l3_128_convolution_layer: False
2026-01-30 07:59:11,977 - root - INFO - 		-> seg_l4_128_convolution_layer: False
2026-01-30 07:59:11,977 - root - INFO - 		-> seg_l5_output_convolution_layer: False
2026-01-30 08:01:59,927 - h5py._conv - DEBUG - Creating converter from 5 to 3
2026-01-30 09:38:33,891 - tf2onnx.tfonnx - INFO - Using tensorflow=2.20.0, onnx=1.17.0, tf2onnx=1.16.1/15c810
2026-01-30 09:38:33,892 - tf2onnx.tfonnx - INFO - Using opset <onnx, 13>
2026-01-30 09:38:33,960 - tf2onnx.tf_utils - INFO - Computed 0 values for constant folding
2026-01-30 09:38:34,005 - tf2onnx.graph - DEBUG - Making node: Name=Identity, OP=Identity
2026-01-30 09:38:34,006 - tf2onnx.graph - DEBUG - Made node: Identity
OP=Identity
Name=Identity
Inputs:
	point_net_1/output_dense_layer_1/Softmax:0=Softmax, [-1, 23], 1
Outpus:
	Identity_raw_output___4:0=[-1, 23], 1
2026-01-30 09:38:34,007 - tf2onnx.graph - DEBUG - Making node: Name=Identity_graph_outputs_Identity__5, OP=Identity
2026-01-30 09:38:34,007 - tf2onnx.graph - DEBUG - Made node: Identity_graph_outputs_Identity__5
OP=Identity
Name=Identity_graph_outputs_Identity__5
Inputs:
	Identity_raw_output___4:0=Identity, [-1, 23], 1
Outpus:
	Identity:0=[-1, 23], 1
2026-01-30 09:38:34,007 - tf2onnx.graph - DEBUG - Making node: Name=Identity_2, OP=Identity
2026-01-30 09:38:34,008 - tf2onnx.graph - DEBUG - Made node: Identity_2
OP=Identity
Name=Identity_2
Inputs:
	point_net_1/Squeeze_2:0=Squeeze, [-1, 8192, 12], 1
Outpus:
	Identity_2_raw_output___6:0=[-1, 8192, 12], 1
2026-01-30 09:38:34,008 - tf2onnx.graph - DEBUG - Making node: Name=Identity_2_graph_outputs_Identity__7, OP=Identity
2026-01-30 09:38:34,008 - tf2onnx.graph - DEBUG - Made node: Identity_2_graph_outputs_Identity__7
OP=Identity
Name=Identity_2_graph_outputs_Identity__7
Inputs:
	Identity_2_raw_output___6:0=Identity, [-1, 8192, 12], 1
Outpus:
	Identity_2:0=[-1, 8192, 12], 1
2026-01-30 09:38:34,009 - tf2onnx.graph - DEBUG - Making node: Name=Identity_1, OP=Identity
2026-01-30 09:38:34,009 - tf2onnx.graph - DEBUG - Made node: Identity_1
OP=Identity
Name=Identity_1
Inputs:
	point_net_1/input_transform_1/add:0=AddV2, [-1, 3, 3], 1
Outpus:
	Identity_1_raw_output___8:0=[-1, 3, 3], 1
2026-01-30 09:38:34,009 - tf2onnx.graph - DEBUG - Making node: Name=Identity_1_graph_outputs_Identity__9, OP=Identity
2026-01-30 09:38:34,010 - tf2onnx.graph - DEBUG - Made node: Identity_1_graph_outputs_Identity__9
OP=Identity
Name=Identity_1_graph_outputs_Identity__9
Inputs:
	Identity_1_raw_output___8:0=Identity, [-1, 3, 3], 1
Outpus:
	Identity_1:0=[-1, 3, 3], 1
2026-01-30 09:38:34,011 - tf2onnx.tfonnx - ERROR - rewriter <function rewrite_constant_fold at 0x7803d9ff13f0>: exception `np.cast` was removed in the NumPy 2.0 release. Use `np.asarray(arr, dtype=dtype)` instead.
2026-01-30 09:38:34,092 - tf2onnx.tfonnx - INFO - ['Traceback (most recent call last):\n', '  File "/mnt/c/repos/PointCloudProcessing/point_cloud_analysis/.venv/lib/python3.10/site-packages/tf2onnx/tfonnx.py", line 375, in run_rewriters\n    ops = func(g, g.get_nodes())\n', '  File "/mnt/c/repos/PointCloudProcessing/point_cloud_analysis/.venv/lib/python3.10/site-packages/tf2onnx/tfonnx.py", line 77, in rewrite_constant_fold\n    "Cast": np.cast,\n', '  File "/mnt/c/repos/PointCloudProcessing/point_cloud_analysis/.venv/lib/python3.10/site-packages/numpy/__init__.py", line 400, in __getattr__\n    raise AttributeError(\n', 'AttributeError: `np.cast` was removed in the NumPy 2.0 release. Use `np.asarray(arr, dtype=dtype)` instead.\n']
2026-01-30 09:38:34,109 - tf2onnx.rewriter.lstm_rewriter - DEBUG - enter lstm rewriter
2026-01-30 09:38:34,112 - tf2onnx.rewriter.gru_rewriter - DEBUG - enter gru rewriter
2026-01-30 09:38:34,114 - tf2onnx.rewriter.custom_rnn_rewriter - DEBUG - enter custom rnn rewriter
2026-01-30 09:38:34,116 - tf2onnx.rewriter.loop_rewriter - DEBUG - enter loop rewriter
2026-01-30 09:38:34,118 - tf2onnx.rewriter.cond_rewriter - DEBUG - enter cond pre rewrite
2026-01-30 09:38:34,125 - tf2onnx.tfonnx - VERBOSE - Mapping TF node to ONNX node(s)
2026-01-30 09:38:34,126 - tf2onnx.tfonnx - DEBUG - Process node: point_net_1/seg_l5_output_convolution_layer_1/seg_l5_output_convolution_layer_1/convolution/ReadVariableOp
OP=Const
Name=point_net_1/seg_l5_output_convolution_layer_1/seg_l5_output_convolution_layer_1/convolution/ReadVariableOp
Outpus:
	point_net_1/seg_l5_output_convolution_layer_1/seg_l5_output_convolution_layer_1/convolution/ReadVariableOp:0=[1, 1, 128, 12], 1
2026-01-30 09:38:34,127 - tf2onnx.tfonnx - DEBUG - Process node: point_net_1/seg_l4_128_convolution_layer_1/seg_l4_128_convolution_layer_1/convolution/merged_input
OP=Const
Name=point_net_1/seg_l4_128_convolution_layer_1/seg_l4_128_convolution_layer_1/convolution/merged_input
Outpus:
	point_net_1/seg_l4_128_convolution_layer_1/seg_l4_128_convolution_layer_1/convolution/merged_input:0=[1, 1, 128, 128], 1
2026-01-30 09:38:34,127 - tf2onnx.tfonnx - DEBUG - Process node: point_net_1/seg_l3_128_convolution_layer_1/seg_l3_128_convolution_layer_1/convolution/merged_input
OP=Const
Name=point_net_1/seg_l3_128_convolution_layer_1/seg_l3_128_convolution_layer_1/convolution/merged_input
Outpus:
	point_net_1/seg_l3_128_convolution_layer_1/seg_l3_128_convolution_layer_1/convolution/merged_input:0=[1, 1, 256, 128], 1
2026-01-30 09:38:34,128 - tf2onnx.tfonnx - DEBUG - Process node: point_net_1/seg_l2_256_convolution_layer_1/seg_l2_256_convolution_layer_1/convolution/merged_input
OP=Const
Name=point_net_1/seg_l2_256_convolution_layer_1/seg_l2_256_convolution_layer_1/convolution/merged_input
Outpus:
	point_net_1/seg_l2_256_convolution_layer_1/seg_l2_256_convolution_layer_1/convolution/merged_input:0=[1, 1, 512, 256], 1
2026-01-30 09:38:34,128 - tf2onnx.tfonnx - DEBUG - Process node: point_net_1/seg_l1_512_convolution_layer_1/seg_l1_512_convolution_layer_1/convolution/merged_input
OP=Const
Name=point_net_1/seg_l1_512_convolution_layer_1/seg_l1_512_convolution_layer_1/convolution/merged_input
Outpus:
	point_net_1/seg_l1_512_convolution_layer_1/seg_l1_512_convolution_layer_1/convolution/merged_input:0=[1, 1, 1088, 512], 1
2026-01-30 09:38:34,128 - tf2onnx.tfonnx - DEBUG - Process node: point_net_1/s3_l2_256_dense_layer_1/s3_l2_256_dense_layer_1/Cast/ReadVariableOp
OP=Const
Name=point_net_1/s3_l2_256_dense_layer_1/s3_l2_256_dense_layer_1/Cast/ReadVariableOp
Outpus:
	point_net_1/s3_l2_256_dense_layer_1/s3_l2_256_dense_layer_1/Cast/ReadVariableOp:0=[512, 256], 1
2026-01-30 09:38:34,129 - tf2onnx.tfonnx - DEBUG - Process node: point_net_1/s3_l2_256_dense_layer_1/batch_normalization_16_1/batchnorm/sub
OP=Const
Name=point_net_1/s3_l2_256_dense_layer_1/batch_normalization_16_1/batchnorm/sub
Outpus:
	point_net_1/s3_l2_256_dense_layer_1/batch_normalization_16_1/batchnorm/sub:0=[256], 1
2026-01-30 09:38:34,129 - tf2onnx.tfonnx - DEBUG - Process node: point_net_1/s3_l2_256_dense_layer_1/batch_normalization_16_1/batchnorm/mul
OP=Const
Name=point_net_1/s3_l2_256_dense_layer_1/batch_normalization_16_1/batchnorm/mul
Outpus:
	point_net_1/s3_l2_256_dense_layer_1/batch_normalization_16_1/batchnorm/mul:0=[256], 1
2026-01-30 09:38:34,130 - tf2onnx.tfonnx - DEBUG - Process node: point_net_1/s3_l1_512_dense_layer_1/s3_l1_512_dense_layer_1/Cast/ReadVariableOp
OP=Const
Name=point_net_1/s3_l1_512_dense_layer_1/s3_l1_512_dense_layer_1/Cast/ReadVariableOp
Outpus:
	point_net_1/s3_l1_512_dense_layer_1/s3_l1_512_dense_layer_1/Cast/ReadVariableOp:0=[1024, 512], 1
2026-01-30 09:38:34,130 - tf2onnx.tfonnx - DEBUG - Process node: point_net_1/s3_l1_512_dense_layer_1/batch_normalization_15_1/batchnorm/sub
OP=Const
Name=point_net_1/s3_l1_512_dense_layer_1/batch_normalization_15_1/batchnorm/sub
Outpus:
	point_net_1/s3_l1_512_dense_layer_1/batch_normalization_15_1/batchnorm/sub:0=[512], 1
2026-01-30 09:38:34,130 - tf2onnx.tfonnx - DEBUG - Process node: point_net_1/s3_l1_512_dense_layer_1/batch_normalization_15_1/batchnorm/mul
OP=Const
Name=point_net_1/s3_l1_512_dense_layer_1/batch_normalization_15_1/batchnorm/mul
Outpus:
	point_net_1/s3_l1_512_dense_layer_1/batch_normalization_15_1/batchnorm/mul:0=[512], 1
2026-01-30 09:38:34,130 - tf2onnx.tfonnx - DEBUG - Process node: point_net_1/s2_l3_1024_convolution_layer_1/s2_l3_1024_convolution_layer_1/convolution/merged_input
OP=Const
Name=point_net_1/s2_l3_1024_convolution_layer_1/s2_l3_1024_convolution_layer_1/convolution/merged_input
Outpus:
	point_net_1/s2_l3_1024_convolution_layer_1/s2_l3_1024_convolution_layer_1/convolution/merged_input:0=[1, 1, 128, 1024], 1
2026-01-30 09:38:34,130 - tf2onnx.tfonnx - DEBUG - Process node: point_net_1/s2_l3_1024_convolution_layer_1/batch_normalization_14_1/batchnorm/sub
OP=Const
Name=point_net_1/s2_l3_1024_convolution_layer_1/batch_normalization_14_1/batchnorm/sub
Outpus:
	point_net_1/s2_l3_1024_convolution_layer_1/batch_normalization_14_1/batchnorm/sub:0=[1024], 1
2026-01-30 09:38:34,131 - tf2onnx.tfonnx - DEBUG - Process node: point_net_1/s2_l2_128_convolution_layer_1/s2_l2_128_convolution_layer_1/convolution/merged_input
OP=Const
Name=point_net_1/s2_l2_128_convolution_layer_1/s2_l2_128_convolution_layer_1/convolution/merged_input
Outpus:
	point_net_1/s2_l2_128_convolution_layer_1/s2_l2_128_convolution_layer_1/convolution/merged_input:0=[1, 1, 64, 128], 1
2026-01-30 09:38:34,131 - tf2onnx.tfonnx - DEBUG - Process node: point_net_1/s2_l2_128_convolution_layer_1/batch_normalization_13_1/batchnorm/sub
OP=Const
Name=point_net_1/s2_l2_128_convolution_layer_1/batch_normalization_13_1/batchnorm/sub
Outpus:
	point_net_1/s2_l2_128_convolution_layer_1/batch_normalization_13_1/batchnorm/sub:0=[128], 1
2026-01-30 09:38:34,131 - tf2onnx.tfonnx - DEBUG - Process node: point_net_1/s2_l1_64_convolution_layer_1/s2_l1_64_convolution_layer_1/convolution/merged_input
OP=Const
Name=point_net_1/s2_l1_64_convolution_layer_1/s2_l1_64_convolution_layer_1/convolution/merged_input
Outpus:
	point_net_1/s2_l1_64_convolution_layer_1/s2_l1_64_convolution_layer_1/convolution/merged_input:0=[1, 1, 64, 64], 1
2026-01-30 09:38:34,131 - tf2onnx.tfonnx - DEBUG - Process node: point_net_1/s2_l1_64_convolution_layer_1/batch_normalization_12_1/batchnorm/sub
OP=Const
Name=point_net_1/s2_l1_64_convolution_layer_1/batch_normalization_12_1/batchnorm/sub
Outpus:
	point_net_1/s2_l1_64_convolution_layer_1/batch_normalization_12_1/batchnorm/sub:0=[64], 1
2026-01-30 09:38:34,132 - tf2onnx.tfonnx - DEBUG - Process node: point_net_1/s1_l2_64_convolution_layer_1/s1_l2_64_convolution_layer_1/convolution/merged_input
OP=Const
Name=point_net_1/s1_l2_64_convolution_layer_1/s1_l2_64_convolution_layer_1/convolution/merged_input
Outpus:
	point_net_1/s1_l2_64_convolution_layer_1/s1_l2_64_convolution_layer_1/convolution/merged_input:0=[1, 1, 64, 64], 1
2026-01-30 09:38:34,132 - tf2onnx.tfonnx - DEBUG - Process node: point_net_1/s1_l2_64_convolution_layer_1/batch_normalization_6_1/batchnorm/sub
OP=Const
Name=point_net_1/s1_l2_64_convolution_layer_1/batch_normalization_6_1/batchnorm/sub
Outpus:
	point_net_1/s1_l2_64_convolution_layer_1/batch_normalization_6_1/batchnorm/sub:0=[64], 1
2026-01-30 09:38:34,132 - tf2onnx.tfonnx - DEBUG - Process node: point_net_1/s1_l1_64_convolution_layer_1/s1_l1_64_convolution_layer_1/convolution/merged_input
OP=Const
Name=point_net_1/s1_l1_64_convolution_layer_1/s1_l1_64_convolution_layer_1/convolution/merged_input
Outpus:
	point_net_1/s1_l1_64_convolution_layer_1/s1_l1_64_convolution_layer_1/convolution/merged_input:0=[1, 1, 3, 64], 1
2026-01-30 09:38:34,133 - tf2onnx.tfonnx - DEBUG - Process node: point_net_1/s1_l1_64_convolution_layer_1/batch_normalization_5_1/batchnorm/sub
OP=Const
Name=point_net_1/s1_l1_64_convolution_layer_1/batch_normalization_5_1/batchnorm/sub
Outpus:
	point_net_1/s1_l1_64_convolution_layer_1/batch_normalization_5_1/batchnorm/sub:0=[64], 1
2026-01-30 09:38:34,134 - tf2onnx.tfonnx - DEBUG - Process node: point_net_1/output_dense_layer_1/output_dense_layer_1/Cast/ReadVariableOp
OP=Const
Name=point_net_1/output_dense_layer_1/output_dense_layer_1/Cast/ReadVariableOp
Outpus:
	point_net_1/output_dense_layer_1/output_dense_layer_1/Cast/ReadVariableOp:0=[256, 23], 1
2026-01-30 09:38:34,134 - tf2onnx.tfonnx - DEBUG - Process node: point_net_1/output_dense_layer_1/output_dense_layer_1/BiasAdd/ReadVariableOp
OP=Const
Name=point_net_1/output_dense_layer_1/output_dense_layer_1/BiasAdd/ReadVariableOp
Outpus:
	point_net_1/output_dense_layer_1/output_dense_layer_1/BiasAdd/ReadVariableOp:0=[23], 1
2026-01-30 09:38:34,134 - tf2onnx.tfonnx - DEBUG - Process node: point_net_1/input_transform_1/input_transform_dense_layer_2_dense_layer_1/input_transform_dense_layer_2_dense_layer_1/Cast/ReadVariableOp
OP=Const
Name=point_net_1/input_transform_1/input_transform_dense_layer_2_dense_layer_1/input_transform_dense_layer_2_dense_layer_1/Cast/ReadVariableOp
Outpus:
	point_net_1/input_transform_1/input_transform_dense_layer_2_dense_layer_1/input_transform_dense_layer_2_dense_layer_1/Cast/ReadVariableOp:0=[512, 256], 1
2026-01-30 09:38:34,134 - tf2onnx.tfonnx - DEBUG - Process node: point_net_1/input_transform_1/input_transform_dense_layer_2_dense_layer_1/batch_normalization_4_1/batchnorm/sub
OP=Const
Name=point_net_1/input_transform_1/input_transform_dense_layer_2_dense_layer_1/batch_normalization_4_1/batchnorm/sub
Outpus:
	point_net_1/input_transform_1/input_transform_dense_layer_2_dense_layer_1/batch_normalization_4_1/batchnorm/sub:0=[256], 1
2026-01-30 09:38:34,135 - tf2onnx.tfonnx - DEBUG - Process node: point_net_1/input_transform_1/input_transform_dense_layer_2_dense_layer_1/batch_normalization_4_1/batchnorm/mul
OP=Const
Name=point_net_1/input_transform_1/input_transform_dense_layer_2_dense_layer_1/batch_normalization_4_1/batchnorm/mul
Outpus:
	point_net_1/input_transform_1/input_transform_dense_layer_2_dense_layer_1/batch_normalization_4_1/batchnorm/mul:0=[256], 1
2026-01-30 09:38:34,135 - tf2onnx.tfonnx - DEBUG - Process node: point_net_1/input_transform_1/input_transform_dense_layer_1_dense_layer_1/input_transform_dense_layer_1_dense_layer_1/Cast/ReadVariableOp
OP=Const
Name=point_net_1/input_transform_1/input_transform_dense_layer_1_dense_layer_1/input_transform_dense_layer_1_dense_layer_1/Cast/ReadVariableOp
Outpus:
	point_net_1/input_transform_1/input_transform_dense_layer_1_dense_layer_1/input_transform_dense_layer_1_dense_layer_1/Cast/ReadVariableOp:0=[1024, 512], 1
2026-01-30 09:38:34,135 - tf2onnx.tfonnx - DEBUG - Process node: point_net_1/input_transform_1/input_transform_dense_layer_1_dense_layer_1/batch_normalization_3_1/batchnorm/sub
OP=Const
Name=point_net_1/input_transform_1/input_transform_dense_layer_1_dense_layer_1/batch_normalization_3_1/batchnorm/sub
Outpus:
	point_net_1/input_transform_1/input_transform_dense_layer_1_dense_layer_1/batch_normalization_3_1/batchnorm/sub:0=[512], 1
2026-01-30 09:38:34,135 - tf2onnx.tfonnx - DEBUG - Process node: point_net_1/input_transform_1/input_transform_dense_layer_1_dense_layer_1/batch_normalization_3_1/batchnorm/mul
OP=Const
Name=point_net_1/input_transform_1/input_transform_dense_layer_1_dense_layer_1/batch_normalization_3_1/batchnorm/mul
Outpus:
	point_net_1/input_transform_1/input_transform_dense_layer_1_dense_layer_1/batch_normalization_3_1/batchnorm/mul:0=[512], 1
2026-01-30 09:38:34,136 - tf2onnx.tfonnx - DEBUG - Process node: point_net_1/input_transform_1/input_transform_convolution_layer_3_convolution_layer_1/input_transform_convolution_layer_3_convolution_layer_1/convolution/merged_input
OP=Const
Name=point_net_1/input_transform_1/input_transform_convolution_layer_3_convolution_layer_1/input_transform_convolution_layer_3_convolution_layer_1/convolution/merged_input
Outpus:
	point_net_1/input_transform_1/input_transform_convolution_layer_3_convolution_layer_1/input_transform_convolution_layer_3_convolution_layer_1/convolution/merged_input:0=[1, 1, 128, 1024], 1
2026-01-30 09:38:34,136 - tf2onnx.tfonnx - DEBUG - Process node: point_net_1/input_transform_1/input_transform_convolution_layer_3_convolution_layer_1/batch_normalization_2_1/batchnorm/sub
OP=Const
Name=point_net_1/input_transform_1/input_transform_convolution_layer_3_convolution_layer_1/batch_normalization_2_1/batchnorm/sub
Outpus:
	point_net_1/input_transform_1/input_transform_convolution_layer_3_convolution_layer_1/batch_normalization_2_1/batchnorm/sub:0=[1024], 1
2026-01-30 09:38:34,136 - tf2onnx.tfonnx - DEBUG - Process node: point_net_1/input_transform_1/input_transform_convolution_layer_2_convolution_layer_1/input_transform_convolution_layer_2_convolution_layer_1/convolution/merged_input
OP=Const
Name=point_net_1/input_transform_1/input_transform_convolution_layer_2_convolution_layer_1/input_transform_convolution_layer_2_convolution_layer_1/convolution/merged_input
Outpus:
	point_net_1/input_transform_1/input_transform_convolution_layer_2_convolution_layer_1/input_transform_convolution_layer_2_convolution_layer_1/convolution/merged_input:0=[1, 1, 64, 128], 1
2026-01-30 09:38:34,136 - tf2onnx.tfonnx - DEBUG - Process node: point_net_1/input_transform_1/input_transform_convolution_layer_2_convolution_layer_1/batch_normalization_1_1/batchnorm/sub
OP=Const
Name=point_net_1/input_transform_1/input_transform_convolution_layer_2_convolution_layer_1/batch_normalization_1_1/batchnorm/sub
Outpus:
	point_net_1/input_transform_1/input_transform_convolution_layer_2_convolution_layer_1/batch_normalization_1_1/batchnorm/sub:0=[128], 1
2026-01-30 09:38:34,137 - tf2onnx.tfonnx - DEBUG - Process node: point_net_1/input_transform_1/input_transform_convolution_layer_1_convolution_layer_1/input_transform_convolution_layer_1_convolution_layer_1/convolution/merged_input
OP=Const
Name=point_net_1/input_transform_1/input_transform_convolution_layer_1_convolution_layer_1/input_transform_convolution_layer_1_convolution_layer_1/convolution/merged_input
Outpus:
	point_net_1/input_transform_1/input_transform_convolution_layer_1_convolution_layer_1/input_transform_convolution_layer_1_convolution_layer_1/convolution/merged_input:0=[1, 1, 3, 64], 1
2026-01-30 09:38:34,137 - tf2onnx.tfonnx - DEBUG - Process node: point_net_1/input_transform_1/input_transform_convolution_layer_1_convolution_layer_1/batch_normalization_1/batchnorm/sub
OP=Const
Name=point_net_1/input_transform_1/input_transform_convolution_layer_1_convolution_layer_1/batch_normalization_1/batchnorm/sub
Outpus:
	point_net_1/input_transform_1/input_transform_convolution_layer_1_convolution_layer_1/batch_normalization_1/batchnorm/sub:0=[64], 1
2026-01-30 09:38:34,137 - tf2onnx.tfonnx - DEBUG - Process node: point_net_1/input_transform_1/add/ReadVariableOp
OP=Const
Name=point_net_1/input_transform_1/add/ReadVariableOp
Outpus:
	point_net_1/input_transform_1/add/ReadVariableOp:0=[3, 3], 1
2026-01-30 09:38:34,137 - tf2onnx.tfonnx - DEBUG - Process node: point_net_1/input_transform_1/Reshape/shape
OP=Const
Name=point_net_1/input_transform_1/Reshape/shape
Outpus:
	point_net_1/input_transform_1/Reshape/shape:0=[3], 6
2026-01-30 09:38:34,138 - tf2onnx.tfonnx - DEBUG - Process node: point_net_1/input_transform_1/Max/reduction_indices
OP=Const
Name=point_net_1/input_transform_1/Max/reduction_indices
Outpus:
	point_net_1/input_transform_1/Max/reduction_indices:0=[], 6
2026-01-30 09:38:34,138 - tf2onnx.tfonnx - DEBUG - Process node: point_net_1/input_transform_1/MatMul/ReadVariableOp
OP=Const
Name=point_net_1/input_transform_1/MatMul/ReadVariableOp
Outpus:
	point_net_1/input_transform_1/MatMul/ReadVariableOp:0=[256, 9], 1
2026-01-30 09:38:34,138 - tf2onnx.tfonnx - DEBUG - Process node: point_net_1/input_transform_1/ExpandDims_1/dim
OP=Const
Name=point_net_1/input_transform_1/ExpandDims_1/dim
Outpus:
	point_net_1/input_transform_1/ExpandDims_1/dim:0=[], 6
2026-01-30 09:38:34,139 - tf2onnx.tfonnx - DEBUG - Process node: point_net_1/input_transform_1/ExpandDims/dim
OP=Const
Name=point_net_1/input_transform_1/ExpandDims/dim
Outpus:
	point_net_1/input_transform_1/ExpandDims/dim:0=[], 6
2026-01-30 09:38:34,139 - tf2onnx.tfonnx - DEBUG - Process node: point_net_1/input_normalization_1/Sum/reduction_indices
OP=Const
Name=point_net_1/input_normalization_1/Sum/reduction_indices
Outpus:
	point_net_1/input_normalization_1/Sum/reduction_indices:0=[], 6
2026-01-30 09:38:34,140 - tf2onnx.tfonnx - DEBUG - Process node: point_net_1/input_normalization_1/Mean/reduction_indices
OP=Const
Name=point_net_1/input_normalization_1/Mean/reduction_indices
Outpus:
	point_net_1/input_normalization_1/Mean/reduction_indices:0=[], 6
2026-01-30 09:38:34,140 - tf2onnx.tfonnx - DEBUG - Process node: point_net_1/input_normalization_1/Maximum/y
OP=Const
Name=point_net_1/input_normalization_1/Maximum/y
Outpus:
	point_net_1/input_normalization_1/Maximum/y:0=[], 1
2026-01-30 09:38:34,141 - tf2onnx.tfonnx - DEBUG - Process node: point_net_1/input_normalization_1/Max/reduction_indices
OP=Const
Name=point_net_1/input_normalization_1/Max/reduction_indices
Outpus:
	point_net_1/input_normalization_1/Max/reduction_indices:0=[], 6
2026-01-30 09:38:34,141 - tf2onnx.tfonnx - DEBUG - Process node: point_net_1/input_normalization_1/ExpandDims/dim
OP=Const
Name=point_net_1/input_normalization_1/ExpandDims/dim
Outpus:
	point_net_1/input_normalization_1/ExpandDims/dim:0=[], 6
2026-01-30 09:38:34,142 - tf2onnx.tfonnx - DEBUG - Process node: point_net_1/feature_transform_1/feature_transform_dense_layer_2_dense_layer_1/feature_transform_dense_layer_2_dense_layer_1/Cast/ReadVariableOp
OP=Const
Name=point_net_1/feature_transform_1/feature_transform_dense_layer_2_dense_layer_1/feature_transform_dense_layer_2_dense_layer_1/Cast/ReadVariableOp
Outpus:
	point_net_1/feature_transform_1/feature_transform_dense_layer_2_dense_layer_1/feature_transform_dense_layer_2_dense_layer_1/Cast/ReadVariableOp:0=[512, 256], 1
2026-01-30 09:38:34,142 - tf2onnx.tfonnx - DEBUG - Process node: point_net_1/feature_transform_1/feature_transform_dense_layer_2_dense_layer_1/batch_normalization_11_1/batchnorm/sub
OP=Const
Name=point_net_1/feature_transform_1/feature_transform_dense_layer_2_dense_layer_1/batch_normalization_11_1/batchnorm/sub
Outpus:
	point_net_1/feature_transform_1/feature_transform_dense_layer_2_dense_layer_1/batch_normalization_11_1/batchnorm/sub:0=[256], 1
2026-01-30 09:38:34,142 - tf2onnx.tfonnx - DEBUG - Process node: point_net_1/feature_transform_1/feature_transform_dense_layer_2_dense_layer_1/batch_normalization_11_1/batchnorm/mul
OP=Const
Name=point_net_1/feature_transform_1/feature_transform_dense_layer_2_dense_layer_1/batch_normalization_11_1/batchnorm/mul
Outpus:
	point_net_1/feature_transform_1/feature_transform_dense_layer_2_dense_layer_1/batch_normalization_11_1/batchnorm/mul:0=[256], 1
2026-01-30 09:38:34,142 - tf2onnx.tfonnx - DEBUG - Process node: point_net_1/feature_transform_1/feature_transform_dense_layer_1_dense_layer_1/feature_transform_dense_layer_1_dense_layer_1/Cast/ReadVariableOp
OP=Const
Name=point_net_1/feature_transform_1/feature_transform_dense_layer_1_dense_layer_1/feature_transform_dense_layer_1_dense_layer_1/Cast/ReadVariableOp
Outpus:
	point_net_1/feature_transform_1/feature_transform_dense_layer_1_dense_layer_1/feature_transform_dense_layer_1_dense_layer_1/Cast/ReadVariableOp:0=[1024, 512], 1
2026-01-30 09:38:34,143 - tf2onnx.tfonnx - DEBUG - Process node: point_net_1/feature_transform_1/feature_transform_dense_layer_1_dense_layer_1/batch_normalization_10_1/batchnorm/sub
OP=Const
Name=point_net_1/feature_transform_1/feature_transform_dense_layer_1_dense_layer_1/batch_normalization_10_1/batchnorm/sub
Outpus:
	point_net_1/feature_transform_1/feature_transform_dense_layer_1_dense_layer_1/batch_normalization_10_1/batchnorm/sub:0=[512], 1
2026-01-30 09:38:34,143 - tf2onnx.tfonnx - DEBUG - Process node: point_net_1/feature_transform_1/feature_transform_dense_layer_1_dense_layer_1/batch_normalization_10_1/batchnorm/mul
OP=Const
Name=point_net_1/feature_transform_1/feature_transform_dense_layer_1_dense_layer_1/batch_normalization_10_1/batchnorm/mul
Outpus:
	point_net_1/feature_transform_1/feature_transform_dense_layer_1_dense_layer_1/batch_normalization_10_1/batchnorm/mul:0=[512], 1
2026-01-30 09:38:34,144 - tf2onnx.tfonnx - DEBUG - Process node: point_net_1/feature_transform_1/feature_transform_convolution_layer_3_convolution_layer_1/feature_transform_convolution_layer_3_convolution_layer_1/convolution/merged_input
OP=Const
Name=point_net_1/feature_transform_1/feature_transform_convolution_layer_3_convolution_layer_1/feature_transform_convolution_layer_3_convolution_layer_1/convolution/merged_input
Outpus:
	point_net_1/feature_transform_1/feature_transform_convolution_layer_3_convolution_layer_1/feature_transform_convolution_layer_3_convolution_layer_1/convolution/merged_input:0=[1, 1, 128, 1024], 1
2026-01-30 09:38:34,144 - tf2onnx.tfonnx - DEBUG - Process node: point_net_1/feature_transform_1/feature_transform_convolution_layer_3_convolution_layer_1/batch_normalization_9_1/batchnorm/sub
OP=Const
Name=point_net_1/feature_transform_1/feature_transform_convolution_layer_3_convolution_layer_1/batch_normalization_9_1/batchnorm/sub
Outpus:
	point_net_1/feature_transform_1/feature_transform_convolution_layer_3_convolution_layer_1/batch_normalization_9_1/batchnorm/sub:0=[1024], 1
2026-01-30 09:38:34,144 - tf2onnx.tfonnx - DEBUG - Process node: point_net_1/feature_transform_1/feature_transform_convolution_layer_2_convolution_layer_1/feature_transform_convolution_layer_2_convolution_layer_1/convolution/merged_input
OP=Const
Name=point_net_1/feature_transform_1/feature_transform_convolution_layer_2_convolution_layer_1/feature_transform_convolution_layer_2_convolution_layer_1/convolution/merged_input
Outpus:
	point_net_1/feature_transform_1/feature_transform_convolution_layer_2_convolution_layer_1/feature_transform_convolution_layer_2_convolution_layer_1/convolution/merged_input:0=[1, 1, 64, 128], 1
2026-01-30 09:38:34,144 - tf2onnx.tfonnx - DEBUG - Process node: point_net_1/feature_transform_1/feature_transform_convolution_layer_2_convolution_layer_1/batch_normalization_8_1/batchnorm/sub
OP=Const
Name=point_net_1/feature_transform_1/feature_transform_convolution_layer_2_convolution_layer_1/batch_normalization_8_1/batchnorm/sub
Outpus:
	point_net_1/feature_transform_1/feature_transform_convolution_layer_2_convolution_layer_1/batch_normalization_8_1/batchnorm/sub:0=[128], 1
2026-01-30 09:38:34,145 - tf2onnx.tfonnx - DEBUG - Process node: point_net_1/feature_transform_1/feature_transform_convolution_layer_1_convolution_layer_1/feature_transform_convolution_layer_1_convolution_layer_1/convolution/merged_input
OP=Const
Name=point_net_1/feature_transform_1/feature_transform_convolution_layer_1_convolution_layer_1/feature_transform_convolution_layer_1_convolution_layer_1/convolution/merged_input
Outpus:
	point_net_1/feature_transform_1/feature_transform_convolution_layer_1_convolution_layer_1/feature_transform_convolution_layer_1_convolution_layer_1/convolution/merged_input:0=[1, 1, 64, 64], 1
2026-01-30 09:38:34,145 - tf2onnx.tfonnx - DEBUG - Process node: point_net_1/feature_transform_1/feature_transform_convolution_layer_1_convolution_layer_1/batch_normalization_7_1/batchnorm/sub
OP=Const
Name=point_net_1/feature_transform_1/feature_transform_convolution_layer_1_convolution_layer_1/batch_normalization_7_1/batchnorm/sub
Outpus:
	point_net_1/feature_transform_1/feature_transform_convolution_layer_1_convolution_layer_1/batch_normalization_7_1/batchnorm/sub:0=[64], 1
2026-01-30 09:38:34,145 - tf2onnx.tfonnx - DEBUG - Process node: point_net_1/feature_transform_1/add/ReadVariableOp
OP=Const
Name=point_net_1/feature_transform_1/add/ReadVariableOp
Outpus:
	point_net_1/feature_transform_1/add/ReadVariableOp:0=[64, 64], 1
2026-01-30 09:38:34,145 - tf2onnx.tfonnx - DEBUG - Process node: point_net_1/feature_transform_1/Reshape/shape
OP=Const
Name=point_net_1/feature_transform_1/Reshape/shape
Outpus:
	point_net_1/feature_transform_1/Reshape/shape:0=[3], 6
2026-01-30 09:38:34,145 - tf2onnx.tfonnx - DEBUG - Process node: point_net_1/feature_transform_1/Max/reduction_indices
OP=Const
Name=point_net_1/feature_transform_1/Max/reduction_indices
Outpus:
	point_net_1/feature_transform_1/Max/reduction_indices:0=[], 6
2026-01-30 09:38:34,146 - tf2onnx.tfonnx - DEBUG - Process node: point_net_1/feature_transform_1/MatMul/ReadVariableOp
OP=Const
Name=point_net_1/feature_transform_1/MatMul/ReadVariableOp
Outpus:
	point_net_1/feature_transform_1/MatMul/ReadVariableOp:0=[256, 4096], 1
2026-01-30 09:38:34,147 - tf2onnx.tfonnx - DEBUG - Process node: point_net_1/feature_transform_1/ExpandDims_1/dim
OP=Const
Name=point_net_1/feature_transform_1/ExpandDims_1/dim
Outpus:
	point_net_1/feature_transform_1/ExpandDims_1/dim:0=[], 6
2026-01-30 09:38:34,147 - tf2onnx.tfonnx - DEBUG - Process node: point_net_1/feature_transform_1/ExpandDims/dim
OP=Const
Name=point_net_1/feature_transform_1/ExpandDims/dim
Outpus:
	point_net_1/feature_transform_1/ExpandDims/dim:0=[], 6
2026-01-30 09:38:34,148 - tf2onnx.tfonnx - DEBUG - Process node: point_net_1/concat/axis
OP=Const
Name=point_net_1/concat/axis
Outpus:
	point_net_1/concat/axis:0=[], 6
2026-01-30 09:38:34,148 - tf2onnx.tfonnx - DEBUG - Process node: point_net_1/Tile/multiples
OP=Const
Name=point_net_1/Tile/multiples
Outpus:
	point_net_1/Tile/multiples:0=[3], 6
2026-01-30 09:38:34,149 - tf2onnx.tfonnx - DEBUG - Process node: point_net_1/Max/reduction_indices
OP=Const
Name=point_net_1/Max/reduction_indices
Outpus:
	point_net_1/Max/reduction_indices:0=[], 6
2026-01-30 09:38:34,149 - tf2onnx.tfonnx - DEBUG - Process node: point_net_1/ExpandDims_3/dim
OP=Const
Name=point_net_1/ExpandDims_3/dim
Outpus:
	point_net_1/ExpandDims_3/dim:0=[], 6
2026-01-30 09:38:34,149 - tf2onnx.tfonnx - DEBUG - Process node: point_net_1/ExpandDims_2/dim
OP=Const
Name=point_net_1/ExpandDims_2/dim
Outpus:
	point_net_1/ExpandDims_2/dim:0=[], 6
2026-01-30 09:38:34,150 - tf2onnx.tfonnx - DEBUG - Process node: point_net_1/ExpandDims_1/dim
OP=Const
Name=point_net_1/ExpandDims_1/dim
Outpus:
	point_net_1/ExpandDims_1/dim:0=[], 6
2026-01-30 09:38:34,151 - tf2onnx.tfonnx - DEBUG - Process node: point_net_1/ExpandDims/dim
OP=Const
Name=point_net_1/ExpandDims/dim
Outpus:
	point_net_1/ExpandDims/dim:0=[], 6
2026-01-30 09:38:34,151 - tf2onnx.tfonnx - DEBUG - Process node: args_0
OP=Placeholder
Name=args_0
Outpus:
	args_0=[-1, 8192, 3], 1
2026-01-30 09:38:34,152 - tf2onnx.tfonnx - DEBUG - Process node: point_net_1/input_normalization_1/Mean
OP=Mean
Name=point_net_1/input_normalization_1/Mean
Inputs:
	args_0=Placeholder, [-1, 8192, 3], 1
	point_net_1/input_normalization_1/Mean/reduction_indices:0=Const, [], 6
Outpus:
	point_net_1/input_normalization_1/Mean:0=[-1, 1, 3], 1
2026-01-30 09:38:34,152 - tf2onnx.tfonnx - DEBUG - Process node: point_net_1/input_normalization_1/sub
OP=Sub
Name=point_net_1/input_normalization_1/sub
Inputs:
	args_0=Placeholder, [-1, 8192, 3], 1
	point_net_1/input_normalization_1/Mean:0=ReduceMean, [-1, 1, 3], 1
Outpus:
	point_net_1/input_normalization_1/sub:0=[-1, 8192, 3], 1
2026-01-30 09:38:34,153 - tf2onnx.tfonnx - DEBUG - Process node: point_net_1/input_normalization_1/Square
OP=Square
Name=point_net_1/input_normalization_1/Square
Inputs:
	point_net_1/input_normalization_1/sub:0=Sub, [-1, 8192, 3], 1
Outpus:
	point_net_1/input_normalization_1/Square:0=[-1, 8192, 3], 1
2026-01-30 09:38:34,153 - tf2onnx.tfonnx - DEBUG - Process node: point_net_1/input_normalization_1/Sum
OP=Sum
Name=point_net_1/input_normalization_1/Sum
Inputs:
	point_net_1/input_normalization_1/Square:0=Mul, [-1, 8192, 3], 1
	point_net_1/input_normalization_1/Sum/reduction_indices:0=Const, [], 6
Outpus:
	point_net_1/input_normalization_1/Sum:0=[-1, 8192], 1
2026-01-30 09:38:34,154 - tf2onnx.graph - DEBUG - Making node: Name=point_net_1/input_normalization_1/Sum__10, OP=Cast
2026-01-30 09:38:34,154 - tf2onnx.graph - DEBUG - Infer shape and dtype for [point_net_1/input_normalization_1/Sum__10]
2026-01-30 09:38:34,155 - tf2onnx.graph - DEBUG - Set dtype of [point_net_1/input_normalization_1/Sum__10:0] to 7
2026-01-30 09:38:34,155 - tf2onnx.graph - DEBUG - Set shape of [point_net_1/input_normalization_1/Sum__10:0] to []
2026-01-30 09:38:34,156 - tf2onnx.graph - DEBUG - Made node: point_net_1/input_normalization_1/Sum__10
OP=Cast
Name=point_net_1/input_normalization_1/Sum__10
Inputs:
	point_net_1/input_normalization_1/Sum/reduction_indices:0=Const, [], 6
Outpus:
	point_net_1/input_normalization_1/Sum__10:0=[], 7
2026-01-30 09:38:34,156 - tf2onnx.graph - DEBUG - Making node: Name=reshape_const__11, OP=Const
2026-01-30 09:38:34,156 - tf2onnx.graph - DEBUG - Made node: reshape_const__11
OP=Const
Name=reshape_const__11
Outpus:
	reshape_const__11=None, 7
2026-01-30 09:38:34,157 - tf2onnx.graph - DEBUG - Making node: Name=point_net_1/input_normalization_1/Sum__12, OP=Reshape
2026-01-30 09:38:34,158 - tf2onnx.graph - DEBUG - Infer shape and dtype for [point_net_1/input_normalization_1/Sum__12]
2026-01-30 09:38:34,158 - tf2onnx.graph - DEBUG - Set dtype of [point_net_1/input_normalization_1/Sum__12:0] to 7
2026-01-30 09:38:34,159 - tf2onnx.graph - DEBUG - Set shape of [point_net_1/input_normalization_1/Sum__12:0] to [1]
2026-01-30 09:38:34,159 - tf2onnx.graph - DEBUG - Made node: point_net_1/input_normalization_1/Sum__12
OP=Reshape
Name=point_net_1/input_normalization_1/Sum__12
Inputs:
	point_net_1/input_normalization_1/Sum__10:0=Cast, [], 7
	reshape_const__11=Const, [1], 7
Outpus:
	point_net_1/input_normalization_1/Sum__12:0=[1], 7
2026-01-30 09:38:34,159 - tf2onnx.tfonnx - DEBUG - Process node: point_net_1/input_normalization_1/Sqrt
OP=Sqrt
Name=point_net_1/input_normalization_1/Sqrt
Inputs:
	point_net_1/input_normalization_1/Sum:0=ReduceSum, [-1, 8192], 1
Outpus:
	point_net_1/input_normalization_1/Sqrt:0=[-1, 8192], 1
2026-01-30 09:38:34,160 - tf2onnx.tfonnx - DEBUG - Process node: point_net_1/input_normalization_1/Max
OP=Max
Name=point_net_1/input_normalization_1/Max
Inputs:
	point_net_1/input_normalization_1/Sqrt:0=Sqrt, [-1, 8192], 1
	point_net_1/input_normalization_1/Max/reduction_indices:0=Const, [], 6
Outpus:
	point_net_1/input_normalization_1/Max:0=[-1, 1], 1
2026-01-30 09:38:34,160 - tf2onnx.tfonnx - DEBUG - Process node: point_net_1/input_normalization_1/ExpandDims
OP=ExpandDims
Name=point_net_1/input_normalization_1/ExpandDims
Inputs:
	point_net_1/input_normalization_1/Max:0=ReduceMax, [-1, 1], 1
	point_net_1/input_normalization_1/ExpandDims/dim:0=Const, [], 6
Outpus:
	point_net_1/input_normalization_1/ExpandDims:0=[-1, 1, 1], 1
2026-01-30 09:38:34,161 - tf2onnx.graph - DEBUG - Making node: Name=point_net_1/input_normalization_1/ExpandDims__13, OP=Cast
2026-01-30 09:38:34,161 - tf2onnx.graph - DEBUG - Infer shape and dtype for [point_net_1/input_normalization_1/ExpandDims__13]
2026-01-30 09:38:34,161 - tf2onnx.graph - DEBUG - Set dtype of [point_net_1/input_normalization_1/ExpandDims__13:0] to 7
2026-01-30 09:38:34,161 - tf2onnx.graph - DEBUG - Set shape of [point_net_1/input_normalization_1/ExpandDims__13:0] to []
2026-01-30 09:38:34,161 - tf2onnx.graph - DEBUG - Made node: point_net_1/input_normalization_1/ExpandDims__13
OP=Cast
Name=point_net_1/input_normalization_1/ExpandDims__13
Inputs:
	point_net_1/input_normalization_1/ExpandDims/dim:0=Const, [], 6
Outpus:
	point_net_1/input_normalization_1/ExpandDims__13:0=[], 7
2026-01-30 09:38:34,162 - tf2onnx.graph - DEBUG - Making node: Name=reshape_const__14, OP=Const
2026-01-30 09:38:34,162 - tf2onnx.graph - DEBUG - Made node: reshape_const__14
OP=Const
Name=reshape_const__14
Outpus:
	reshape_const__14=None, 7
2026-01-30 09:38:34,162 - tf2onnx.graph - DEBUG - Making node: Name=Reshape__15, OP=Reshape
2026-01-30 09:38:34,163 - tf2onnx.graph - DEBUG - Infer shape and dtype for [Reshape__15]
2026-01-30 09:38:34,163 - tf2onnx.graph - DEBUG - Set dtype of [Reshape__15:0] to 7
2026-01-30 09:38:34,164 - tf2onnx.graph - DEBUG - Set shape of [Reshape__15:0] to [1]
2026-01-30 09:38:34,164 - tf2onnx.graph - DEBUG - Made node: Reshape__15
OP=Reshape
Name=Reshape__15
Inputs:
	point_net_1/input_normalization_1/ExpandDims__13:0=Cast, [], 7
	reshape_const__14=Const, [1], 7
Outpus:
	Reshape__15:0=[1], 7
2026-01-30 09:38:34,164 - tf2onnx.tfonnx - DEBUG - Process node: point_net_1/input_normalization_1/Maximum
OP=Maximum
Name=point_net_1/input_normalization_1/Maximum
Inputs:
	point_net_1/input_normalization_1/ExpandDims:0=Unsqueeze, [-1, 1, 1], 1
	point_net_1/input_normalization_1/Maximum/y:0=Const, [], 1
Outpus:
	point_net_1/input_normalization_1/Maximum:0=[-1, 1, 1], 1
2026-01-30 09:38:34,164 - tf2onnx.tfonnx - DEBUG - Process node: point_net_1/input_normalization_1/truediv
OP=RealDiv
Name=point_net_1/input_normalization_1/truediv
Inputs:
	point_net_1/input_normalization_1/sub:0=Sub, [-1, 8192, 3], 1
	point_net_1/input_normalization_1/Maximum:0=Max, [-1, 1, 1], 1
Outpus:
	point_net_1/input_normalization_1/truediv:0=[-1, 8192, 3], 1
2026-01-30 09:38:34,165 - tf2onnx.tfonnx - DEBUG - Process node: point_net_1/input_transform_1/ExpandDims
OP=ExpandDims
Name=point_net_1/input_transform_1/ExpandDims
Inputs:
	point_net_1/input_normalization_1/truediv:0=Div, [-1, 8192, 3], 1
	point_net_1/input_transform_1/ExpandDims/dim:0=Const, [], 6
Outpus:
	point_net_1/input_transform_1/ExpandDims:0=[-1, 8192, 1, 3], 1
2026-01-30 09:38:34,165 - tf2onnx.graph - DEBUG - Making node: Name=point_net_1/input_transform_1/ExpandDims__16, OP=Cast
2026-01-30 09:38:34,165 - tf2onnx.graph - DEBUG - Infer shape and dtype for [point_net_1/input_transform_1/ExpandDims__16]
2026-01-30 09:38:34,165 - tf2onnx.graph - DEBUG - Set dtype of [point_net_1/input_transform_1/ExpandDims__16:0] to 7
2026-01-30 09:38:34,166 - tf2onnx.graph - DEBUG - Set shape of [point_net_1/input_transform_1/ExpandDims__16:0] to []
2026-01-30 09:38:34,166 - tf2onnx.graph - DEBUG - Made node: point_net_1/input_transform_1/ExpandDims__16
OP=Cast
Name=point_net_1/input_transform_1/ExpandDims__16
Inputs:
	point_net_1/input_transform_1/ExpandDims/dim:0=Const, [], 6
Outpus:
	point_net_1/input_transform_1/ExpandDims__16:0=[], 7
2026-01-30 09:38:34,166 - tf2onnx.graph - DEBUG - Making node: Name=reshape_const__17, OP=Const
2026-01-30 09:38:34,166 - tf2onnx.graph - DEBUG - Made node: reshape_const__17
OP=Const
Name=reshape_const__17
Outpus:
	reshape_const__17=None, 7
2026-01-30 09:38:34,167 - tf2onnx.graph - DEBUG - Making node: Name=Reshape__18, OP=Reshape
2026-01-30 09:38:34,167 - tf2onnx.graph - DEBUG - Infer shape and dtype for [Reshape__18]
2026-01-30 09:38:34,167 - tf2onnx.graph - DEBUG - Set dtype of [Reshape__18:0] to 7
2026-01-30 09:38:34,167 - tf2onnx.graph - DEBUG - Set shape of [Reshape__18:0] to [1]
2026-01-30 09:38:34,168 - tf2onnx.graph - DEBUG - Made node: Reshape__18
OP=Reshape
Name=Reshape__18
Inputs:
	point_net_1/input_transform_1/ExpandDims__16:0=Cast, [], 7
	reshape_const__17=Const, [1], 7
Outpus:
	Reshape__18:0=[1], 7
2026-01-30 09:38:34,168 - tf2onnx.tfonnx - DEBUG - Process node: point_net_1/input_transform_1/input_transform_convolution_layer_1_convolution_layer_1/batch_normalization_1/batchnorm/mul_1
OP=Conv2D
Name=point_net_1/input_transform_1/input_transform_convolution_layer_1_convolution_layer_1/batch_normalization_1/batchnorm/mul_1
Inputs:
	point_net_1/input_transform_1/ExpandDims:0=Unsqueeze, [-1, 8192, 1, 3], 1
	point_net_1/input_transform_1/input_transform_convolution_layer_1_convolution_layer_1/input_transform_convolution_layer_1_convolution_layer_1/convolution/merged_input:0=Const, [1, 1, 3, 64], 1
Outpus:
	point_net_1/input_transform_1/input_transform_convolution_layer_1_convolution_layer_1/batch_normalization_1/batchnorm/mul_1:0=[-1, 8192, 1, 64], 1
2026-01-30 09:38:34,168 - tf2onnx.graph - DEBUG - Making node: Name=point_net_1/input_transform_1/input_transform_convolution_layer_1_convolution_layer_1/batch_normalization_1/batchnorm/mul_1__19, OP=Transpose
2026-01-30 09:38:34,168 - tf2onnx.graph - DEBUG - Infer shape and dtype for [point_net_1/input_transform_1/input_transform_convolution_layer_1_convolution_layer_1/batch_normalization_1/batchnorm/mul_1__19]
2026-01-30 09:38:34,169 - tf2onnx.graph - DEBUG - Set dtype of [point_net_1/input_transform_1/input_transform_convolution_layer_1_convolution_layer_1/batch_normalization_1/batchnorm/mul_1__19:0] to 1
2026-01-30 09:38:34,169 - tf2onnx.graph - DEBUG - Set shape of [point_net_1/input_transform_1/input_transform_convolution_layer_1_convolution_layer_1/batch_normalization_1/batchnorm/mul_1__19:0] to [3, 1, 8192, -1]
2026-01-30 09:38:34,169 - tf2onnx.graph - DEBUG - Made node: point_net_1/input_transform_1/input_transform_convolution_layer_1_convolution_layer_1/batch_normalization_1/batchnorm/mul_1__19
OP=Transpose
Name=point_net_1/input_transform_1/input_transform_convolution_layer_1_convolution_layer_1/batch_normalization_1/batchnorm/mul_1__19
Inputs:
	point_net_1/input_transform_1/ExpandDims:0=Unsqueeze, [-1, 8192, 1, 3], 1
Outpus:
	point_net_1/input_transform_1/input_transform_convolution_layer_1_convolution_layer_1/batch_normalization_1/batchnorm/mul_1__19:0=[3, 1, 8192, -1], 1
2026-01-30 09:38:34,170 - tf2onnx.graph - DEBUG - Making node: Name=point_net_1/input_transform_1/input_transform_convolution_layer_1_convolution_layer_1/batch_normalization_1/batchnorm/mul_1__21, OP=Transpose
2026-01-30 09:38:34,170 - tf2onnx.graph - DEBUG - Infer shape and dtype for [point_net_1/input_transform_1/input_transform_convolution_layer_1_convolution_layer_1/batch_normalization_1/batchnorm/mul_1__21]
2026-01-30 09:38:34,170 - tf2onnx.graph - DEBUG - Set dtype of [point_net_1/input_transform_1/input_transform_convolution_layer_1_convolution_layer_1/batch_normalization_1/batchnorm/mul_1__21:0] to 1
2026-01-30 09:38:34,170 - tf2onnx.graph - DEBUG - Set shape of [point_net_1/input_transform_1/input_transform_convolution_layer_1_convolution_layer_1/batch_normalization_1/batchnorm/mul_1__21:0] to [64, 1, 8192, -1]
2026-01-30 09:38:34,171 - tf2onnx.graph - DEBUG - Made node: point_net_1/input_transform_1/input_transform_convolution_layer_1_convolution_layer_1/batch_normalization_1/batchnorm/mul_1__21
OP=Transpose
Name=point_net_1/input_transform_1/input_transform_convolution_layer_1_convolution_layer_1/batch_normalization_1/batchnorm/mul_1__21
Inputs:
	point_net_1/input_transform_1/input_transform_convolution_layer_1_convolution_layer_1/batch_normalization_1/batchnorm/mul_1:0=Conv, [-1, 8192, 1, 64], 1
Outpus:
	point_net_1/input_transform_1/input_transform_convolution_layer_1_convolution_layer_1/batch_normalization_1/batchnorm/mul_1__21:0=[64, 1, 8192, -1], 1
2026-01-30 09:38:34,171 - tf2onnx.tfonnx - DEBUG - Process node: point_net_1/input_transform_1/input_transform_convolution_layer_1_convolution_layer_1/batch_normalization_1/batchnorm/add_1
OP=AddV2
Name=point_net_1/input_transform_1/input_transform_convolution_layer_1_convolution_layer_1/batch_normalization_1/batchnorm/add_1
Inputs:
	point_net_1/input_transform_1/input_transform_convolution_layer_1_convolution_layer_1/batch_normalization_1/batchnorm/mul_1__21:0=Transpose, [-1, 8192, 1, 64], 1
	point_net_1/input_transform_1/input_transform_convolution_layer_1_convolution_layer_1/batch_normalization_1/batchnorm/sub:0=Const, [64], 1
Outpus:
	point_net_1/input_transform_1/input_transform_convolution_layer_1_convolution_layer_1/batch_normalization_1/batchnorm/add_1:0=[-1, 8192, 1, 64], 1
2026-01-30 09:38:34,171 - tf2onnx.tfonnx - DEBUG - Process node: point_net_1/input_transform_1/input_transform_convolution_layer_1_convolution_layer_1/Relu
OP=Relu
Name=point_net_1/input_transform_1/input_transform_convolution_layer_1_convolution_layer_1/Relu
Inputs:
	point_net_1/input_transform_1/input_transform_convolution_layer_1_convolution_layer_1/batch_normalization_1/batchnorm/add_1:0=Add, [-1, 8192, 1, 64], 1
Outpus:
	point_net_1/input_transform_1/input_transform_convolution_layer_1_convolution_layer_1/Relu:0=[-1, 8192, 1, 64], 1
2026-01-30 09:38:34,171 - tf2onnx.tfonnx - DEBUG - Process node: point_net_1/input_transform_1/input_transform_convolution_layer_2_convolution_layer_1/batch_normalization_1_1/batchnorm/mul_1
OP=Conv2D
Name=point_net_1/input_transform_1/input_transform_convolution_layer_2_convolution_layer_1/batch_normalization_1_1/batchnorm/mul_1
Inputs:
	point_net_1/input_transform_1/input_transform_convolution_layer_1_convolution_layer_1/Relu:0=Relu, [-1, 8192, 1, 64], 1
	point_net_1/input_transform_1/input_transform_convolution_layer_2_convolution_layer_1/input_transform_convolution_layer_2_convolution_layer_1/convolution/merged_input:0=Const, [1, 1, 64, 128], 1
Outpus:
	point_net_1/input_transform_1/input_transform_convolution_layer_2_convolution_layer_1/batch_normalization_1_1/batchnorm/mul_1:0=[-1, 8192, 1, 128], 1
2026-01-30 09:38:34,172 - tf2onnx.graph - DEBUG - Making node: Name=point_net_1/input_transform_1/input_transform_convolution_layer_2_convolution_layer_1/batch_normalization_1_1/batchnorm/mul_1__23, OP=Transpose
2026-01-30 09:38:34,172 - tf2onnx.graph - DEBUG - Infer shape and dtype for [point_net_1/input_transform_1/input_transform_convolution_layer_2_convolution_layer_1/batch_normalization_1_1/batchnorm/mul_1__23]
2026-01-30 09:38:34,172 - tf2onnx.graph - DEBUG - Set dtype of [point_net_1/input_transform_1/input_transform_convolution_layer_2_convolution_layer_1/batch_normalization_1_1/batchnorm/mul_1__23:0] to 1
2026-01-30 09:38:34,173 - tf2onnx.graph - DEBUG - Set shape of [point_net_1/input_transform_1/input_transform_convolution_layer_2_convolution_layer_1/batch_normalization_1_1/batchnorm/mul_1__23:0] to [64, 1, 8192, -1]
2026-01-30 09:38:34,173 - tf2onnx.graph - DEBUG - Made node: point_net_1/input_transform_1/input_transform_convolution_layer_2_convolution_layer_1/batch_normalization_1_1/batchnorm/mul_1__23
OP=Transpose
Name=point_net_1/input_transform_1/input_transform_convolution_layer_2_convolution_layer_1/batch_normalization_1_1/batchnorm/mul_1__23
Inputs:
	point_net_1/input_transform_1/input_transform_convolution_layer_1_convolution_layer_1/Relu:0=Relu, [-1, 8192, 1, 64], 1
Outpus:
	point_net_1/input_transform_1/input_transform_convolution_layer_2_convolution_layer_1/batch_normalization_1_1/batchnorm/mul_1__23:0=[64, 1, 8192, -1], 1
2026-01-30 09:38:34,173 - tf2onnx.graph - DEBUG - Making node: Name=point_net_1/input_transform_1/input_transform_convolution_layer_2_convolution_layer_1/batch_normalization_1_1/batchnorm/mul_1__25, OP=Transpose
2026-01-30 09:38:34,173 - tf2onnx.graph - DEBUG - Infer shape and dtype for [point_net_1/input_transform_1/input_transform_convolution_layer_2_convolution_layer_1/batch_normalization_1_1/batchnorm/mul_1__25]
2026-01-30 09:38:34,174 - tf2onnx.graph - DEBUG - Set dtype of [point_net_1/input_transform_1/input_transform_convolution_layer_2_convolution_layer_1/batch_normalization_1_1/batchnorm/mul_1__25:0] to 1
2026-01-30 09:38:34,176 - tf2onnx.graph - DEBUG - Set shape of [point_net_1/input_transform_1/input_transform_convolution_layer_2_convolution_layer_1/batch_normalization_1_1/batchnorm/mul_1__25:0] to [128, 1, 8192, -1]
2026-01-30 09:38:34,176 - tf2onnx.graph - DEBUG - Made node: point_net_1/input_transform_1/input_transform_convolution_layer_2_convolution_layer_1/batch_normalization_1_1/batchnorm/mul_1__25
OP=Transpose
Name=point_net_1/input_transform_1/input_transform_convolution_layer_2_convolution_layer_1/batch_normalization_1_1/batchnorm/mul_1__25
Inputs:
	point_net_1/input_transform_1/input_transform_convolution_layer_2_convolution_layer_1/batch_normalization_1_1/batchnorm/mul_1:0=Conv, [-1, 8192, 1, 128], 1
Outpus:
	point_net_1/input_transform_1/input_transform_convolution_layer_2_convolution_layer_1/batch_normalization_1_1/batchnorm/mul_1__25:0=[128, 1, 8192, -1], 1
2026-01-30 09:38:34,177 - tf2onnx.tfonnx - DEBUG - Process node: point_net_1/input_transform_1/input_transform_convolution_layer_2_convolution_layer_1/batch_normalization_1_1/batchnorm/add_1
OP=AddV2
Name=point_net_1/input_transform_1/input_transform_convolution_layer_2_convolution_layer_1/batch_normalization_1_1/batchnorm/add_1
Inputs:
	point_net_1/input_transform_1/input_transform_convolution_layer_2_convolution_layer_1/batch_normalization_1_1/batchnorm/mul_1__25:0=Transpose, [-1, 8192, 1, 128], 1
	point_net_1/input_transform_1/input_transform_convolution_layer_2_convolution_layer_1/batch_normalization_1_1/batchnorm/sub:0=Const, [128], 1
Outpus:
	point_net_1/input_transform_1/input_transform_convolution_layer_2_convolution_layer_1/batch_normalization_1_1/batchnorm/add_1:0=[-1, 8192, 1, 128], 1
2026-01-30 09:38:34,177 - tf2onnx.tfonnx - DEBUG - Process node: point_net_1/input_transform_1/input_transform_convolution_layer_2_convolution_layer_1/Relu
OP=Relu
Name=point_net_1/input_transform_1/input_transform_convolution_layer_2_convolution_layer_1/Relu
Inputs:
	point_net_1/input_transform_1/input_transform_convolution_layer_2_convolution_layer_1/batch_normalization_1_1/batchnorm/add_1:0=Add, [-1, 8192, 1, 128], 1
Outpus:
	point_net_1/input_transform_1/input_transform_convolution_layer_2_convolution_layer_1/Relu:0=[-1, 8192, 1, 128], 1
2026-01-30 09:38:34,177 - tf2onnx.tfonnx - DEBUG - Process node: point_net_1/input_transform_1/input_transform_convolution_layer_3_convolution_layer_1/batch_normalization_2_1/batchnorm/mul_1
OP=Conv2D
Name=point_net_1/input_transform_1/input_transform_convolution_layer_3_convolution_layer_1/batch_normalization_2_1/batchnorm/mul_1
Inputs:
	point_net_1/input_transform_1/input_transform_convolution_layer_2_convolution_layer_1/Relu:0=Relu, [-1, 8192, 1, 128], 1
	point_net_1/input_transform_1/input_transform_convolution_layer_3_convolution_layer_1/input_transform_convolution_layer_3_convolution_layer_1/convolution/merged_input:0=Const, [1, 1, 128, 1024], 1
Outpus:
	point_net_1/input_transform_1/input_transform_convolution_layer_3_convolution_layer_1/batch_normalization_2_1/batchnorm/mul_1:0=[-1, 8192, 1, 1024], 1
2026-01-30 09:38:34,178 - tf2onnx.graph - DEBUG - Making node: Name=point_net_1/input_transform_1/input_transform_convolution_layer_3_convolution_layer_1/batch_normalization_2_1/batchnorm/mul_1__27, OP=Transpose
2026-01-30 09:38:34,178 - tf2onnx.graph - DEBUG - Infer shape and dtype for [point_net_1/input_transform_1/input_transform_convolution_layer_3_convolution_layer_1/batch_normalization_2_1/batchnorm/mul_1__27]
2026-01-30 09:38:34,179 - tf2onnx.graph - DEBUG - Set dtype of [point_net_1/input_transform_1/input_transform_convolution_layer_3_convolution_layer_1/batch_normalization_2_1/batchnorm/mul_1__27:0] to 1
2026-01-30 09:38:34,179 - tf2onnx.graph - DEBUG - Set shape of [point_net_1/input_transform_1/input_transform_convolution_layer_3_convolution_layer_1/batch_normalization_2_1/batchnorm/mul_1__27:0] to [128, 1, 8192, -1]
2026-01-30 09:38:34,179 - tf2onnx.graph - DEBUG - Made node: point_net_1/input_transform_1/input_transform_convolution_layer_3_convolution_layer_1/batch_normalization_2_1/batchnorm/mul_1__27
OP=Transpose
Name=point_net_1/input_transform_1/input_transform_convolution_layer_3_convolution_layer_1/batch_normalization_2_1/batchnorm/mul_1__27
Inputs:
	point_net_1/input_transform_1/input_transform_convolution_layer_2_convolution_layer_1/Relu:0=Relu, [-1, 8192, 1, 128], 1
Outpus:
	point_net_1/input_transform_1/input_transform_convolution_layer_3_convolution_layer_1/batch_normalization_2_1/batchnorm/mul_1__27:0=[128, 1, 8192, -1], 1
2026-01-30 09:38:34,180 - tf2onnx.graph - DEBUG - Making node: Name=point_net_1/input_transform_1/input_transform_convolution_layer_3_convolution_layer_1/batch_normalization_2_1/batchnorm/mul_1__29, OP=Transpose
2026-01-30 09:38:34,180 - tf2onnx.graph - DEBUG - Infer shape and dtype for [point_net_1/input_transform_1/input_transform_convolution_layer_3_convolution_layer_1/batch_normalization_2_1/batchnorm/mul_1__29]
2026-01-30 09:38:34,181 - tf2onnx.graph - DEBUG - Set dtype of [point_net_1/input_transform_1/input_transform_convolution_layer_3_convolution_layer_1/batch_normalization_2_1/batchnorm/mul_1__29:0] to 1
2026-01-30 09:38:34,181 - tf2onnx.graph - DEBUG - Set shape of [point_net_1/input_transform_1/input_transform_convolution_layer_3_convolution_layer_1/batch_normalization_2_1/batchnorm/mul_1__29:0] to [1024, 1, 8192, -1]
2026-01-30 09:38:34,181 - tf2onnx.graph - DEBUG - Made node: point_net_1/input_transform_1/input_transform_convolution_layer_3_convolution_layer_1/batch_normalization_2_1/batchnorm/mul_1__29
OP=Transpose
Name=point_net_1/input_transform_1/input_transform_convolution_layer_3_convolution_layer_1/batch_normalization_2_1/batchnorm/mul_1__29
Inputs:
	point_net_1/input_transform_1/input_transform_convolution_layer_3_convolution_layer_1/batch_normalization_2_1/batchnorm/mul_1:0=Conv, [-1, 8192, 1, 1024], 1
Outpus:
	point_net_1/input_transform_1/input_transform_convolution_layer_3_convolution_layer_1/batch_normalization_2_1/batchnorm/mul_1__29:0=[1024, 1, 8192, -1], 1
2026-01-30 09:38:34,182 - tf2onnx.tfonnx - DEBUG - Process node: point_net_1/input_transform_1/input_transform_convolution_layer_3_convolution_layer_1/batch_normalization_2_1/batchnorm/add_1
OP=AddV2
Name=point_net_1/input_transform_1/input_transform_convolution_layer_3_convolution_layer_1/batch_normalization_2_1/batchnorm/add_1
Inputs:
	point_net_1/input_transform_1/input_transform_convolution_layer_3_convolution_layer_1/batch_normalization_2_1/batchnorm/mul_1__29:0=Transpose, [-1, 8192, 1, 1024], 1
	point_net_1/input_transform_1/input_transform_convolution_layer_3_convolution_layer_1/batch_normalization_2_1/batchnorm/sub:0=Const, [1024], 1
Outpus:
	point_net_1/input_transform_1/input_transform_convolution_layer_3_convolution_layer_1/batch_normalization_2_1/batchnorm/add_1:0=[-1, 8192, 1, 1024], 1
2026-01-30 09:38:34,182 - tf2onnx.tfonnx - DEBUG - Process node: point_net_1/input_transform_1/input_transform_convolution_layer_3_convolution_layer_1/Relu
OP=Relu
Name=point_net_1/input_transform_1/input_transform_convolution_layer_3_convolution_layer_1/Relu
Inputs:
	point_net_1/input_transform_1/input_transform_convolution_layer_3_convolution_layer_1/batch_normalization_2_1/batchnorm/add_1:0=Add, [-1, 8192, 1, 1024], 1
Outpus:
	point_net_1/input_transform_1/input_transform_convolution_layer_3_convolution_layer_1/Relu:0=[-1, 8192, 1, 1024], 1
2026-01-30 09:38:34,182 - tf2onnx.tfonnx - DEBUG - Process node: point_net_1/input_transform_1/Squeeze
OP=Squeeze
Name=point_net_1/input_transform_1/Squeeze
Inputs:
	point_net_1/input_transform_1/input_transform_convolution_layer_3_convolution_layer_1/Relu:0=Relu, [-1, 8192, 1, 1024], 1
Outpus:
	point_net_1/input_transform_1/Squeeze:0=[-1, 8192, 1024], 1
2026-01-30 09:38:34,182 - tf2onnx.graph - DEBUG - Making node: Name=axes_const__31, OP=Const
2026-01-30 09:38:34,183 - tf2onnx.graph - DEBUG - Made node: axes_const__31
OP=Const
Name=axes_const__31
Outpus:
	axes_const__31=None, 7
2026-01-30 09:38:34,183 - tf2onnx.tfonnx - DEBUG - Process node: point_net_1/input_transform_1/Max
OP=Max
Name=point_net_1/input_transform_1/Max
Inputs:
	point_net_1/input_transform_1/Squeeze:0=Squeeze, [-1, 8192, 1024], 1
	point_net_1/input_transform_1/Max/reduction_indices:0=Const, [], 6
Outpus:
	point_net_1/input_transform_1/Max:0=[-1, 1024], 1
2026-01-30 09:38:34,183 - tf2onnx.tfonnx - DEBUG - Process node: point_net_1/input_transform_1/input_transform_dense_layer_1_dense_layer_1/input_transform_dense_layer_1_dense_layer_1/MatMul
OP=MatMul
Name=point_net_1/input_transform_1/input_transform_dense_layer_1_dense_layer_1/input_transform_dense_layer_1_dense_layer_1/MatMul
Inputs:
	point_net_1/input_transform_1/Max:0=ReduceMax, [-1, 1024], 1
	point_net_1/input_transform_1/input_transform_dense_layer_1_dense_layer_1/input_transform_dense_layer_1_dense_layer_1/Cast/ReadVariableOp:0=Const, [1024, 512], 1
Outpus:
	point_net_1/input_transform_1/input_transform_dense_layer_1_dense_layer_1/input_transform_dense_layer_1_dense_layer_1/MatMul:0=[-1, 512], 1
2026-01-30 09:38:34,184 - tf2onnx.tfonnx - DEBUG - Process node: point_net_1/input_transform_1/input_transform_dense_layer_1_dense_layer_1/batch_normalization_3_1/batchnorm/mul_1
OP=Mul
Name=point_net_1/input_transform_1/input_transform_dense_layer_1_dense_layer_1/batch_normalization_3_1/batchnorm/mul_1
Inputs:
	point_net_1/input_transform_1/input_transform_dense_layer_1_dense_layer_1/input_transform_dense_layer_1_dense_layer_1/MatMul:0=MatMul, [-1, 512], 1
	point_net_1/input_transform_1/input_transform_dense_layer_1_dense_layer_1/batch_normalization_3_1/batchnorm/mul:0=Const, [512], 1
Outpus:
	point_net_1/input_transform_1/input_transform_dense_layer_1_dense_layer_1/batch_normalization_3_1/batchnorm/mul_1:0=[-1, 512], 1
2026-01-30 09:38:34,184 - tf2onnx.tfonnx - DEBUG - Process node: point_net_1/input_transform_1/input_transform_dense_layer_1_dense_layer_1/batch_normalization_3_1/batchnorm/add_1
OP=AddV2
Name=point_net_1/input_transform_1/input_transform_dense_layer_1_dense_layer_1/batch_normalization_3_1/batchnorm/add_1
Inputs:
	point_net_1/input_transform_1/input_transform_dense_layer_1_dense_layer_1/batch_normalization_3_1/batchnorm/mul_1:0=Mul, [-1, 512], 1
	point_net_1/input_transform_1/input_transform_dense_layer_1_dense_layer_1/batch_normalization_3_1/batchnorm/sub:0=Const, [512], 1
Outpus:
	point_net_1/input_transform_1/input_transform_dense_layer_1_dense_layer_1/batch_normalization_3_1/batchnorm/add_1:0=[-1, 512], 1
2026-01-30 09:38:34,184 - tf2onnx.tfonnx - DEBUG - Process node: point_net_1/input_transform_1/input_transform_dense_layer_1_dense_layer_1/Relu
OP=Relu
Name=point_net_1/input_transform_1/input_transform_dense_layer_1_dense_layer_1/Relu
Inputs:
	point_net_1/input_transform_1/input_transform_dense_layer_1_dense_layer_1/batch_normalization_3_1/batchnorm/add_1:0=Add, [-1, 512], 1
Outpus:
	point_net_1/input_transform_1/input_transform_dense_layer_1_dense_layer_1/Relu:0=[-1, 512], 1
2026-01-30 09:38:34,184 - tf2onnx.tfonnx - DEBUG - Process node: point_net_1/input_transform_1/input_transform_dense_layer_2_dense_layer_1/input_transform_dense_layer_2_dense_layer_1/MatMul
OP=MatMul
Name=point_net_1/input_transform_1/input_transform_dense_layer_2_dense_layer_1/input_transform_dense_layer_2_dense_layer_1/MatMul
Inputs:
	point_net_1/input_transform_1/input_transform_dense_layer_1_dense_layer_1/Relu:0=Relu, [-1, 512], 1
	point_net_1/input_transform_1/input_transform_dense_layer_2_dense_layer_1/input_transform_dense_layer_2_dense_layer_1/Cast/ReadVariableOp:0=Const, [512, 256], 1
Outpus:
	point_net_1/input_transform_1/input_transform_dense_layer_2_dense_layer_1/input_transform_dense_layer_2_dense_layer_1/MatMul:0=[-1, 256], 1
2026-01-30 09:38:34,185 - tf2onnx.tfonnx - DEBUG - Process node: point_net_1/input_transform_1/input_transform_dense_layer_2_dense_layer_1/batch_normalization_4_1/batchnorm/mul_1
OP=Mul
Name=point_net_1/input_transform_1/input_transform_dense_layer_2_dense_layer_1/batch_normalization_4_1/batchnorm/mul_1
Inputs:
	point_net_1/input_transform_1/input_transform_dense_layer_2_dense_layer_1/input_transform_dense_layer_2_dense_layer_1/MatMul:0=MatMul, [-1, 256], 1
	point_net_1/input_transform_1/input_transform_dense_layer_2_dense_layer_1/batch_normalization_4_1/batchnorm/mul:0=Const, [256], 1
Outpus:
	point_net_1/input_transform_1/input_transform_dense_layer_2_dense_layer_1/batch_normalization_4_1/batchnorm/mul_1:0=[-1, 256], 1
2026-01-30 09:38:34,185 - tf2onnx.tfonnx - DEBUG - Process node: point_net_1/input_transform_1/input_transform_dense_layer_2_dense_layer_1/batch_normalization_4_1/batchnorm/add_1
OP=AddV2
Name=point_net_1/input_transform_1/input_transform_dense_layer_2_dense_layer_1/batch_normalization_4_1/batchnorm/add_1
Inputs:
	point_net_1/input_transform_1/input_transform_dense_layer_2_dense_layer_1/batch_normalization_4_1/batchnorm/mul_1:0=Mul, [-1, 256], 1
	point_net_1/input_transform_1/input_transform_dense_layer_2_dense_layer_1/batch_normalization_4_1/batchnorm/sub:0=Const, [256], 1
Outpus:
	point_net_1/input_transform_1/input_transform_dense_layer_2_dense_layer_1/batch_normalization_4_1/batchnorm/add_1:0=[-1, 256], 1
2026-01-30 09:38:34,185 - tf2onnx.tfonnx - DEBUG - Process node: point_net_1/input_transform_1/input_transform_dense_layer_2_dense_layer_1/Relu
OP=Relu
Name=point_net_1/input_transform_1/input_transform_dense_layer_2_dense_layer_1/Relu
Inputs:
	point_net_1/input_transform_1/input_transform_dense_layer_2_dense_layer_1/batch_normalization_4_1/batchnorm/add_1:0=Add, [-1, 256], 1
Outpus:
	point_net_1/input_transform_1/input_transform_dense_layer_2_dense_layer_1/Relu:0=[-1, 256], 1
2026-01-30 09:38:34,186 - tf2onnx.tfonnx - DEBUG - Process node: point_net_1/input_transform_1/ExpandDims_1
OP=ExpandDims
Name=point_net_1/input_transform_1/ExpandDims_1
Inputs:
	point_net_1/input_transform_1/input_transform_dense_layer_2_dense_layer_1/Relu:0=Relu, [-1, 256], 1
	point_net_1/input_transform_1/ExpandDims_1/dim:0=Const, [], 6
Outpus:
	point_net_1/input_transform_1/ExpandDims_1:0=[-1, 1, 256], 1
2026-01-30 09:38:34,186 - tf2onnx.graph - DEBUG - Making node: Name=point_net_1/input_transform_1/ExpandDims_1__32, OP=Cast
2026-01-30 09:38:34,186 - tf2onnx.graph - DEBUG - Infer shape and dtype for [point_net_1/input_transform_1/ExpandDims_1__32]
2026-01-30 09:38:34,186 - tf2onnx.graph - DEBUG - Set dtype of [point_net_1/input_transform_1/ExpandDims_1__32:0] to 7
2026-01-30 09:38:34,186 - tf2onnx.graph - DEBUG - Set shape of [point_net_1/input_transform_1/ExpandDims_1__32:0] to []
2026-01-30 09:38:34,187 - tf2onnx.graph - DEBUG - Made node: point_net_1/input_transform_1/ExpandDims_1__32
OP=Cast
Name=point_net_1/input_transform_1/ExpandDims_1__32
Inputs:
	point_net_1/input_transform_1/ExpandDims_1/dim:0=Const, [], 6
Outpus:
	point_net_1/input_transform_1/ExpandDims_1__32:0=[], 7
2026-01-30 09:38:34,187 - tf2onnx.graph - DEBUG - Making node: Name=reshape_const__33, OP=Const
2026-01-30 09:38:34,187 - tf2onnx.graph - DEBUG - Made node: reshape_const__33
OP=Const
Name=reshape_const__33
Outpus:
	reshape_const__33=None, 7
2026-01-30 09:38:34,188 - tf2onnx.graph - DEBUG - Making node: Name=Reshape__34, OP=Reshape
2026-01-30 09:38:34,188 - tf2onnx.graph - DEBUG - Infer shape and dtype for [Reshape__34]
2026-01-30 09:38:34,188 - tf2onnx.graph - DEBUG - Set dtype of [Reshape__34:0] to 7
2026-01-30 09:38:34,188 - tf2onnx.graph - DEBUG - Set shape of [Reshape__34:0] to [1]
2026-01-30 09:38:34,189 - tf2onnx.graph - DEBUG - Made node: Reshape__34
OP=Reshape
Name=Reshape__34
Inputs:
	point_net_1/input_transform_1/ExpandDims_1__32:0=Cast, [], 7
	reshape_const__33=Const, [1], 7
Outpus:
	Reshape__34:0=[1], 7
2026-01-30 09:38:34,189 - tf2onnx.tfonnx - DEBUG - Process node: point_net_1/input_transform_1/MatMul
OP=BatchMatMulV2
Name=point_net_1/input_transform_1/MatMul
Inputs:
	point_net_1/input_transform_1/ExpandDims_1:0=Unsqueeze, [-1, 1, 256], 1
	point_net_1/input_transform_1/MatMul/ReadVariableOp:0=Const, [256, 9], 1
Outpus:
	point_net_1/input_transform_1/MatMul:0=[-1, 1, 9], 1
2026-01-30 09:38:34,189 - tf2onnx.tfonnx - DEBUG - Process node: point_net_1/input_transform_1/Squeeze_1
OP=Squeeze
Name=point_net_1/input_transform_1/Squeeze_1
Inputs:
	point_net_1/input_transform_1/MatMul:0=MatMul, [-1, 1, 9], 1
Outpus:
	point_net_1/input_transform_1/Squeeze_1:0=[-1, 9], 1
2026-01-30 09:38:34,191 - tf2onnx.graph - DEBUG - Making node: Name=axes_const__35, OP=Const
2026-01-30 09:38:34,191 - tf2onnx.graph - DEBUG - Made node: axes_const__35
OP=Const
Name=axes_const__35
Outpus:
	axes_const__35=None, 7
2026-01-30 09:38:34,191 - tf2onnx.tfonnx - DEBUG - Process node: point_net_1/input_transform_1/Reshape
OP=Reshape
Name=point_net_1/input_transform_1/Reshape
Inputs:
	point_net_1/input_transform_1/Squeeze_1:0=Squeeze, [-1, 9], 1
	point_net_1/input_transform_1/Reshape/shape:0=Const, [3], 6
Outpus:
	point_net_1/input_transform_1/Reshape:0=[-1, 3, 3], 1
2026-01-30 09:38:34,192 - tf2onnx.graph - DEBUG - Making node: Name=point_net_1/input_transform_1/Reshape__36, OP=Cast
2026-01-30 09:38:34,192 - tf2onnx.graph - DEBUG - Infer shape and dtype for [point_net_1/input_transform_1/Reshape__36]
2026-01-30 09:38:34,193 - tf2onnx.graph - DEBUG - Set dtype of [point_net_1/input_transform_1/Reshape__36:0] to 7
2026-01-30 09:38:34,193 - tf2onnx.graph - DEBUG - Set shape of [point_net_1/input_transform_1/Reshape__36:0] to [3]
2026-01-30 09:38:34,193 - tf2onnx.graph - DEBUG - Made node: point_net_1/input_transform_1/Reshape__36
OP=Cast
Name=point_net_1/input_transform_1/Reshape__36
Inputs:
	point_net_1/input_transform_1/Reshape/shape:0=Const, [3], 6
Outpus:
	point_net_1/input_transform_1/Reshape__36:0=[3], 7
2026-01-30 09:38:34,193 - tf2onnx.tfonnx - DEBUG - Process node: point_net_1/input_transform_1/add
OP=AddV2
Name=point_net_1/input_transform_1/add
Inputs:
	point_net_1/input_transform_1/Reshape:0=Reshape, [-1, 3, 3], 1
	point_net_1/input_transform_1/add/ReadVariableOp:0=Const, [3, 3], 1
Outpus:
	point_net_1/input_transform_1/add:0=[-1, 3, 3], 1
2026-01-30 09:38:34,194 - tf2onnx.tfonnx - DEBUG - Process node: point_net_1/MatMul
OP=BatchMatMulV2
Name=point_net_1/MatMul
Inputs:
	point_net_1/input_normalization_1/truediv:0=Div, [-1, 8192, 3], 1
	point_net_1/input_transform_1/add:0=Add, [-1, 3, 3], 1
Outpus:
	point_net_1/MatMul:0=[-1, 8192, 3], 1
2026-01-30 09:38:34,194 - tf2onnx.tfonnx - DEBUG - Process node: point_net_1/ExpandDims
OP=ExpandDims
Name=point_net_1/ExpandDims
Inputs:
	point_net_1/MatMul:0=MatMul, [-1, 8192, 3], 1
	point_net_1/ExpandDims/dim:0=Const, [], 6
Outpus:
	point_net_1/ExpandDims:0=[-1, 8192, 1, 3], 1
2026-01-30 09:38:34,194 - tf2onnx.graph - DEBUG - Making node: Name=point_net_1/ExpandDims__37, OP=Cast
2026-01-30 09:38:34,194 - tf2onnx.graph - DEBUG - Infer shape and dtype for [point_net_1/ExpandDims__37]
2026-01-30 09:38:34,195 - tf2onnx.graph - DEBUG - Set dtype of [point_net_1/ExpandDims__37:0] to 7
2026-01-30 09:38:34,195 - tf2onnx.graph - DEBUG - Set shape of [point_net_1/ExpandDims__37:0] to []
2026-01-30 09:38:34,195 - tf2onnx.graph - DEBUG - Made node: point_net_1/ExpandDims__37
OP=Cast
Name=point_net_1/ExpandDims__37
Inputs:
	point_net_1/ExpandDims/dim:0=Const, [], 6
Outpus:
	point_net_1/ExpandDims__37:0=[], 7
2026-01-30 09:38:34,195 - tf2onnx.graph - DEBUG - Making node: Name=reshape_const__38, OP=Const
2026-01-30 09:38:34,196 - tf2onnx.graph - DEBUG - Made node: reshape_const__38
OP=Const
Name=reshape_const__38
Outpus:
	reshape_const__38=None, 7
2026-01-30 09:38:34,196 - tf2onnx.graph - DEBUG - Making node: Name=Reshape__39, OP=Reshape
2026-01-30 09:38:34,196 - tf2onnx.graph - DEBUG - Infer shape and dtype for [Reshape__39]
2026-01-30 09:38:34,196 - tf2onnx.graph - DEBUG - Set dtype of [Reshape__39:0] to 7
2026-01-30 09:38:34,197 - tf2onnx.graph - DEBUG - Set shape of [Reshape__39:0] to [1]
2026-01-30 09:38:34,197 - tf2onnx.graph - DEBUG - Made node: Reshape__39
OP=Reshape
Name=Reshape__39
Inputs:
	point_net_1/ExpandDims__37:0=Cast, [], 7
	reshape_const__38=Const, [1], 7
Outpus:
	Reshape__39:0=[1], 7
2026-01-30 09:38:34,197 - tf2onnx.tfonnx - DEBUG - Process node: point_net_1/s1_l1_64_convolution_layer_1/batch_normalization_5_1/batchnorm/mul_1
OP=Conv2D
Name=point_net_1/s1_l1_64_convolution_layer_1/batch_normalization_5_1/batchnorm/mul_1
Inputs:
	point_net_1/ExpandDims:0=Unsqueeze, [-1, 8192, 1, 3], 1
	point_net_1/s1_l1_64_convolution_layer_1/s1_l1_64_convolution_layer_1/convolution/merged_input:0=Const, [1, 1, 3, 64], 1
Outpus:
	point_net_1/s1_l1_64_convolution_layer_1/batch_normalization_5_1/batchnorm/mul_1:0=[-1, 8192, 1, 64], 1
2026-01-30 09:38:34,197 - tf2onnx.graph - DEBUG - Making node: Name=point_net_1/s1_l1_64_convolution_layer_1/batch_normalization_5_1/batchnorm/mul_1__40, OP=Transpose
2026-01-30 09:38:34,198 - tf2onnx.graph - DEBUG - Infer shape and dtype for [point_net_1/s1_l1_64_convolution_layer_1/batch_normalization_5_1/batchnorm/mul_1__40]
2026-01-30 09:38:34,198 - tf2onnx.graph - DEBUG - Set dtype of [point_net_1/s1_l1_64_convolution_layer_1/batch_normalization_5_1/batchnorm/mul_1__40:0] to 1
2026-01-30 09:38:34,198 - tf2onnx.graph - DEBUG - Set shape of [point_net_1/s1_l1_64_convolution_layer_1/batch_normalization_5_1/batchnorm/mul_1__40:0] to [3, 1, 8192, -1]
2026-01-30 09:38:34,199 - tf2onnx.graph - DEBUG - Made node: point_net_1/s1_l1_64_convolution_layer_1/batch_normalization_5_1/batchnorm/mul_1__40
OP=Transpose
Name=point_net_1/s1_l1_64_convolution_layer_1/batch_normalization_5_1/batchnorm/mul_1__40
Inputs:
	point_net_1/ExpandDims:0=Unsqueeze, [-1, 8192, 1, 3], 1
Outpus:
	point_net_1/s1_l1_64_convolution_layer_1/batch_normalization_5_1/batchnorm/mul_1__40:0=[3, 1, 8192, -1], 1
2026-01-30 09:38:34,199 - tf2onnx.graph - DEBUG - Making node: Name=point_net_1/s1_l1_64_convolution_layer_1/batch_normalization_5_1/batchnorm/mul_1__42, OP=Transpose
2026-01-30 09:38:34,199 - tf2onnx.graph - DEBUG - Infer shape and dtype for [point_net_1/s1_l1_64_convolution_layer_1/batch_normalization_5_1/batchnorm/mul_1__42]
2026-01-30 09:38:34,200 - tf2onnx.graph - DEBUG - Set dtype of [point_net_1/s1_l1_64_convolution_layer_1/batch_normalization_5_1/batchnorm/mul_1__42:0] to 1
2026-01-30 09:38:34,200 - tf2onnx.graph - DEBUG - Set shape of [point_net_1/s1_l1_64_convolution_layer_1/batch_normalization_5_1/batchnorm/mul_1__42:0] to [64, 1, 8192, -1]
2026-01-30 09:38:34,200 - tf2onnx.graph - DEBUG - Made node: point_net_1/s1_l1_64_convolution_layer_1/batch_normalization_5_1/batchnorm/mul_1__42
OP=Transpose
Name=point_net_1/s1_l1_64_convolution_layer_1/batch_normalization_5_1/batchnorm/mul_1__42
Inputs:
	point_net_1/s1_l1_64_convolution_layer_1/batch_normalization_5_1/batchnorm/mul_1:0=Conv, [-1, 8192, 1, 64], 1
Outpus:
	point_net_1/s1_l1_64_convolution_layer_1/batch_normalization_5_1/batchnorm/mul_1__42:0=[64, 1, 8192, -1], 1
2026-01-30 09:38:34,200 - tf2onnx.tfonnx - DEBUG - Process node: point_net_1/s1_l1_64_convolution_layer_1/batch_normalization_5_1/batchnorm/add_1
OP=AddV2
Name=point_net_1/s1_l1_64_convolution_layer_1/batch_normalization_5_1/batchnorm/add_1
Inputs:
	point_net_1/s1_l1_64_convolution_layer_1/batch_normalization_5_1/batchnorm/mul_1__42:0=Transpose, [-1, 8192, 1, 64], 1
	point_net_1/s1_l1_64_convolution_layer_1/batch_normalization_5_1/batchnorm/sub:0=Const, [64], 1
Outpus:
	point_net_1/s1_l1_64_convolution_layer_1/batch_normalization_5_1/batchnorm/add_1:0=[-1, 8192, 1, 64], 1
2026-01-30 09:38:34,201 - tf2onnx.tfonnx - DEBUG - Process node: point_net_1/s1_l1_64_convolution_layer_1/Relu
OP=Relu
Name=point_net_1/s1_l1_64_convolution_layer_1/Relu
Inputs:
	point_net_1/s1_l1_64_convolution_layer_1/batch_normalization_5_1/batchnorm/add_1:0=Add, [-1, 8192, 1, 64], 1
Outpus:
	point_net_1/s1_l1_64_convolution_layer_1/Relu:0=[-1, 8192, 1, 64], 1
2026-01-30 09:38:34,201 - tf2onnx.tfonnx - DEBUG - Process node: point_net_1/s1_l2_64_convolution_layer_1/batch_normalization_6_1/batchnorm/mul_1
OP=Conv2D
Name=point_net_1/s1_l2_64_convolution_layer_1/batch_normalization_6_1/batchnorm/mul_1
Inputs:
	point_net_1/s1_l1_64_convolution_layer_1/Relu:0=Relu, [-1, 8192, 1, 64], 1
	point_net_1/s1_l2_64_convolution_layer_1/s1_l2_64_convolution_layer_1/convolution/merged_input:0=Const, [1, 1, 64, 64], 1
Outpus:
	point_net_1/s1_l2_64_convolution_layer_1/batch_normalization_6_1/batchnorm/mul_1:0=[-1, 8192, 1, 64], 1
2026-01-30 09:38:34,201 - tf2onnx.graph - DEBUG - Making node: Name=point_net_1/s1_l2_64_convolution_layer_1/batch_normalization_6_1/batchnorm/mul_1__44, OP=Transpose
2026-01-30 09:38:34,201 - tf2onnx.graph - DEBUG - Infer shape and dtype for [point_net_1/s1_l2_64_convolution_layer_1/batch_normalization_6_1/batchnorm/mul_1__44]
2026-01-30 09:38:34,202 - tf2onnx.graph - DEBUG - Set dtype of [point_net_1/s1_l2_64_convolution_layer_1/batch_normalization_6_1/batchnorm/mul_1__44:0] to 1
2026-01-30 09:38:34,202 - tf2onnx.graph - DEBUG - Set shape of [point_net_1/s1_l2_64_convolution_layer_1/batch_normalization_6_1/batchnorm/mul_1__44:0] to [64, 1, 8192, -1]
2026-01-30 09:38:34,202 - tf2onnx.graph - DEBUG - Made node: point_net_1/s1_l2_64_convolution_layer_1/batch_normalization_6_1/batchnorm/mul_1__44
OP=Transpose
Name=point_net_1/s1_l2_64_convolution_layer_1/batch_normalization_6_1/batchnorm/mul_1__44
Inputs:
	point_net_1/s1_l1_64_convolution_layer_1/Relu:0=Relu, [-1, 8192, 1, 64], 1
Outpus:
	point_net_1/s1_l2_64_convolution_layer_1/batch_normalization_6_1/batchnorm/mul_1__44:0=[64, 1, 8192, -1], 1
2026-01-30 09:38:34,203 - tf2onnx.graph - DEBUG - Making node: Name=point_net_1/s1_l2_64_convolution_layer_1/batch_normalization_6_1/batchnorm/mul_1__46, OP=Transpose
2026-01-30 09:38:34,203 - tf2onnx.graph - DEBUG - Infer shape and dtype for [point_net_1/s1_l2_64_convolution_layer_1/batch_normalization_6_1/batchnorm/mul_1__46]
2026-01-30 09:38:34,203 - tf2onnx.graph - DEBUG - Set dtype of [point_net_1/s1_l2_64_convolution_layer_1/batch_normalization_6_1/batchnorm/mul_1__46:0] to 1
2026-01-30 09:38:34,203 - tf2onnx.graph - DEBUG - Set shape of [point_net_1/s1_l2_64_convolution_layer_1/batch_normalization_6_1/batchnorm/mul_1__46:0] to [64, 1, 8192, -1]
2026-01-30 09:38:34,204 - tf2onnx.graph - DEBUG - Made node: point_net_1/s1_l2_64_convolution_layer_1/batch_normalization_6_1/batchnorm/mul_1__46
OP=Transpose
Name=point_net_1/s1_l2_64_convolution_layer_1/batch_normalization_6_1/batchnorm/mul_1__46
Inputs:
	point_net_1/s1_l2_64_convolution_layer_1/batch_normalization_6_1/batchnorm/mul_1:0=Conv, [-1, 8192, 1, 64], 1
Outpus:
	point_net_1/s1_l2_64_convolution_layer_1/batch_normalization_6_1/batchnorm/mul_1__46:0=[64, 1, 8192, -1], 1
2026-01-30 09:38:34,204 - tf2onnx.tfonnx - DEBUG - Process node: point_net_1/s1_l2_64_convolution_layer_1/batch_normalization_6_1/batchnorm/add_1
OP=AddV2
Name=point_net_1/s1_l2_64_convolution_layer_1/batch_normalization_6_1/batchnorm/add_1
Inputs:
	point_net_1/s1_l2_64_convolution_layer_1/batch_normalization_6_1/batchnorm/mul_1__46:0=Transpose, [-1, 8192, 1, 64], 1
	point_net_1/s1_l2_64_convolution_layer_1/batch_normalization_6_1/batchnorm/sub:0=Const, [64], 1
Outpus:
	point_net_1/s1_l2_64_convolution_layer_1/batch_normalization_6_1/batchnorm/add_1:0=[-1, 8192, 1, 64], 1
2026-01-30 09:38:34,204 - tf2onnx.tfonnx - DEBUG - Process node: point_net_1/s1_l2_64_convolution_layer_1/Relu
OP=Relu
Name=point_net_1/s1_l2_64_convolution_layer_1/Relu
Inputs:
	point_net_1/s1_l2_64_convolution_layer_1/batch_normalization_6_1/batchnorm/add_1:0=Add, [-1, 8192, 1, 64], 1
Outpus:
	point_net_1/s1_l2_64_convolution_layer_1/Relu:0=[-1, 8192, 1, 64], 1
2026-01-30 09:38:34,204 - tf2onnx.tfonnx - DEBUG - Process node: point_net_1/Squeeze
OP=Squeeze
Name=point_net_1/Squeeze
Inputs:
	point_net_1/s1_l2_64_convolution_layer_1/Relu:0=Relu, [-1, 8192, 1, 64], 1
Outpus:
	point_net_1/Squeeze:0=[-1, 8192, 64], 1
2026-01-30 09:38:34,205 - tf2onnx.graph - DEBUG - Making node: Name=axes_const__48, OP=Const
2026-01-30 09:38:34,205 - tf2onnx.graph - DEBUG - Made node: axes_const__48
OP=Const
Name=axes_const__48
Outpus:
	axes_const__48=None, 7
2026-01-30 09:38:34,205 - tf2onnx.tfonnx - DEBUG - Process node: point_net_1/feature_transform_1/ExpandDims
OP=ExpandDims
Name=point_net_1/feature_transform_1/ExpandDims
Inputs:
	point_net_1/Squeeze:0=Squeeze, [-1, 8192, 64], 1
	point_net_1/feature_transform_1/ExpandDims/dim:0=Const, [], 6
Outpus:
	point_net_1/feature_transform_1/ExpandDims:0=[-1, 8192, 1, 64], 1
2026-01-30 09:38:34,206 - tf2onnx.graph - DEBUG - Making node: Name=point_net_1/feature_transform_1/ExpandDims__49, OP=Cast
2026-01-30 09:38:34,206 - tf2onnx.graph - DEBUG - Infer shape and dtype for [point_net_1/feature_transform_1/ExpandDims__49]
2026-01-30 09:38:34,207 - tf2onnx.graph - DEBUG - Set dtype of [point_net_1/feature_transform_1/ExpandDims__49:0] to 7
2026-01-30 09:38:34,207 - tf2onnx.graph - DEBUG - Set shape of [point_net_1/feature_transform_1/ExpandDims__49:0] to []
2026-01-30 09:38:34,208 - tf2onnx.graph - DEBUG - Made node: point_net_1/feature_transform_1/ExpandDims__49
OP=Cast
Name=point_net_1/feature_transform_1/ExpandDims__49
Inputs:
	point_net_1/feature_transform_1/ExpandDims/dim:0=Const, [], 6
Outpus:
	point_net_1/feature_transform_1/ExpandDims__49:0=[], 7
2026-01-30 09:38:34,208 - tf2onnx.graph - DEBUG - Making node: Name=reshape_const__50, OP=Const
2026-01-30 09:38:34,208 - tf2onnx.graph - DEBUG - Made node: reshape_const__50
OP=Const
Name=reshape_const__50
Outpus:
	reshape_const__50=None, 7
2026-01-30 09:38:34,208 - tf2onnx.graph - DEBUG - Making node: Name=Reshape__51, OP=Reshape
2026-01-30 09:38:34,209 - tf2onnx.graph - DEBUG - Infer shape and dtype for [Reshape__51]
2026-01-30 09:38:34,209 - tf2onnx.graph - DEBUG - Set dtype of [Reshape__51:0] to 7
2026-01-30 09:38:34,209 - tf2onnx.graph - DEBUG - Set shape of [Reshape__51:0] to [1]
2026-01-30 09:38:34,210 - tf2onnx.graph - DEBUG - Made node: Reshape__51
OP=Reshape
Name=Reshape__51
Inputs:
	point_net_1/feature_transform_1/ExpandDims__49:0=Cast, [], 7
	reshape_const__50=Const, [1], 7
Outpus:
	Reshape__51:0=[1], 7
2026-01-30 09:38:34,210 - tf2onnx.tfonnx - DEBUG - Process node: point_net_1/feature_transform_1/feature_transform_convolution_layer_1_convolution_layer_1/batch_normalization_7_1/batchnorm/mul_1
OP=Conv2D
Name=point_net_1/feature_transform_1/feature_transform_convolution_layer_1_convolution_layer_1/batch_normalization_7_1/batchnorm/mul_1
Inputs:
	point_net_1/feature_transform_1/ExpandDims:0=Unsqueeze, [-1, 8192, 1, 64], 1
	point_net_1/feature_transform_1/feature_transform_convolution_layer_1_convolution_layer_1/feature_transform_convolution_layer_1_convolution_layer_1/convolution/merged_input:0=Const, [1, 1, 64, 64], 1
Outpus:
	point_net_1/feature_transform_1/feature_transform_convolution_layer_1_convolution_layer_1/batch_normalization_7_1/batchnorm/mul_1:0=[-1, 8192, 1, 64], 1
2026-01-30 09:38:34,210 - tf2onnx.graph - DEBUG - Making node: Name=point_net_1/feature_transform_1/feature_transform_convolution_layer_1_convolution_layer_1/batch_normalization_7_1/batchnorm/mul_1__52, OP=Transpose
2026-01-30 09:38:34,210 - tf2onnx.graph - DEBUG - Infer shape and dtype for [point_net_1/feature_transform_1/feature_transform_convolution_layer_1_convolution_layer_1/batch_normalization_7_1/batchnorm/mul_1__52]
2026-01-30 09:38:34,211 - tf2onnx.graph - DEBUG - Set dtype of [point_net_1/feature_transform_1/feature_transform_convolution_layer_1_convolution_layer_1/batch_normalization_7_1/batchnorm/mul_1__52:0] to 1
2026-01-30 09:38:34,211 - tf2onnx.graph - DEBUG - Set shape of [point_net_1/feature_transform_1/feature_transform_convolution_layer_1_convolution_layer_1/batch_normalization_7_1/batchnorm/mul_1__52:0] to [64, 1, 8192, -1]
2026-01-30 09:38:34,211 - tf2onnx.graph - DEBUG - Made node: point_net_1/feature_transform_1/feature_transform_convolution_layer_1_convolution_layer_1/batch_normalization_7_1/batchnorm/mul_1__52
OP=Transpose
Name=point_net_1/feature_transform_1/feature_transform_convolution_layer_1_convolution_layer_1/batch_normalization_7_1/batchnorm/mul_1__52
Inputs:
	point_net_1/feature_transform_1/ExpandDims:0=Unsqueeze, [-1, 8192, 1, 64], 1
Outpus:
	point_net_1/feature_transform_1/feature_transform_convolution_layer_1_convolution_layer_1/batch_normalization_7_1/batchnorm/mul_1__52:0=[64, 1, 8192, -1], 1
2026-01-30 09:38:34,211 - tf2onnx.graph - DEBUG - Making node: Name=point_net_1/feature_transform_1/feature_transform_convolution_layer_1_convolution_layer_1/batch_normalization_7_1/batchnorm/mul_1__54, OP=Transpose
2026-01-30 09:38:34,212 - tf2onnx.graph - DEBUG - Infer shape and dtype for [point_net_1/feature_transform_1/feature_transform_convolution_layer_1_convolution_layer_1/batch_normalization_7_1/batchnorm/mul_1__54]
2026-01-30 09:38:34,212 - tf2onnx.graph - DEBUG - Set dtype of [point_net_1/feature_transform_1/feature_transform_convolution_layer_1_convolution_layer_1/batch_normalization_7_1/batchnorm/mul_1__54:0] to 1
2026-01-30 09:38:34,212 - tf2onnx.graph - DEBUG - Set shape of [point_net_1/feature_transform_1/feature_transform_convolution_layer_1_convolution_layer_1/batch_normalization_7_1/batchnorm/mul_1__54:0] to [64, 1, 8192, -1]
2026-01-30 09:38:34,212 - tf2onnx.graph - DEBUG - Made node: point_net_1/feature_transform_1/feature_transform_convolution_layer_1_convolution_layer_1/batch_normalization_7_1/batchnorm/mul_1__54
OP=Transpose
Name=point_net_1/feature_transform_1/feature_transform_convolution_layer_1_convolution_layer_1/batch_normalization_7_1/batchnorm/mul_1__54
Inputs:
	point_net_1/feature_transform_1/feature_transform_convolution_layer_1_convolution_layer_1/batch_normalization_7_1/batchnorm/mul_1:0=Conv, [-1, 8192, 1, 64], 1
Outpus:
	point_net_1/feature_transform_1/feature_transform_convolution_layer_1_convolution_layer_1/batch_normalization_7_1/batchnorm/mul_1__54:0=[64, 1, 8192, -1], 1
2026-01-30 09:38:34,212 - tf2onnx.tfonnx - DEBUG - Process node: point_net_1/feature_transform_1/feature_transform_convolution_layer_1_convolution_layer_1/batch_normalization_7_1/batchnorm/add_1
OP=AddV2
Name=point_net_1/feature_transform_1/feature_transform_convolution_layer_1_convolution_layer_1/batch_normalization_7_1/batchnorm/add_1
Inputs:
	point_net_1/feature_transform_1/feature_transform_convolution_layer_1_convolution_layer_1/batch_normalization_7_1/batchnorm/mul_1__54:0=Transpose, [-1, 8192, 1, 64], 1
	point_net_1/feature_transform_1/feature_transform_convolution_layer_1_convolution_layer_1/batch_normalization_7_1/batchnorm/sub:0=Const, [64], 1
Outpus:
	point_net_1/feature_transform_1/feature_transform_convolution_layer_1_convolution_layer_1/batch_normalization_7_1/batchnorm/add_1:0=[-1, 8192, 1, 64], 1
2026-01-30 09:38:34,213 - tf2onnx.tfonnx - DEBUG - Process node: point_net_1/feature_transform_1/feature_transform_convolution_layer_1_convolution_layer_1/Relu
OP=Relu
Name=point_net_1/feature_transform_1/feature_transform_convolution_layer_1_convolution_layer_1/Relu
Inputs:
	point_net_1/feature_transform_1/feature_transform_convolution_layer_1_convolution_layer_1/batch_normalization_7_1/batchnorm/add_1:0=Add, [-1, 8192, 1, 64], 1
Outpus:
	point_net_1/feature_transform_1/feature_transform_convolution_layer_1_convolution_layer_1/Relu:0=[-1, 8192, 1, 64], 1
2026-01-30 09:38:34,213 - tf2onnx.tfonnx - DEBUG - Process node: point_net_1/feature_transform_1/feature_transform_convolution_layer_2_convolution_layer_1/batch_normalization_8_1/batchnorm/mul_1
OP=Conv2D
Name=point_net_1/feature_transform_1/feature_transform_convolution_layer_2_convolution_layer_1/batch_normalization_8_1/batchnorm/mul_1
Inputs:
	point_net_1/feature_transform_1/feature_transform_convolution_layer_1_convolution_layer_1/Relu:0=Relu, [-1, 8192, 1, 64], 1
	point_net_1/feature_transform_1/feature_transform_convolution_layer_2_convolution_layer_1/feature_transform_convolution_layer_2_convolution_layer_1/convolution/merged_input:0=Const, [1, 1, 64, 128], 1
Outpus:
	point_net_1/feature_transform_1/feature_transform_convolution_layer_2_convolution_layer_1/batch_normalization_8_1/batchnorm/mul_1:0=[-1, 8192, 1, 128], 1
2026-01-30 09:38:34,213 - tf2onnx.graph - DEBUG - Making node: Name=point_net_1/feature_transform_1/feature_transform_convolution_layer_2_convolution_layer_1/batch_normalization_8_1/batchnorm/mul_1__56, OP=Transpose
2026-01-30 09:38:34,214 - tf2onnx.graph - DEBUG - Infer shape and dtype for [point_net_1/feature_transform_1/feature_transform_convolution_layer_2_convolution_layer_1/batch_normalization_8_1/batchnorm/mul_1__56]
2026-01-30 09:38:34,214 - tf2onnx.graph - DEBUG - Set dtype of [point_net_1/feature_transform_1/feature_transform_convolution_layer_2_convolution_layer_1/batch_normalization_8_1/batchnorm/mul_1__56:0] to 1
2026-01-30 09:38:34,214 - tf2onnx.graph - DEBUG - Set shape of [point_net_1/feature_transform_1/feature_transform_convolution_layer_2_convolution_layer_1/batch_normalization_8_1/batchnorm/mul_1__56:0] to [64, 1, 8192, -1]
2026-01-30 09:38:34,214 - tf2onnx.graph - DEBUG - Made node: point_net_1/feature_transform_1/feature_transform_convolution_layer_2_convolution_layer_1/batch_normalization_8_1/batchnorm/mul_1__56
OP=Transpose
Name=point_net_1/feature_transform_1/feature_transform_convolution_layer_2_convolution_layer_1/batch_normalization_8_1/batchnorm/mul_1__56
Inputs:
	point_net_1/feature_transform_1/feature_transform_convolution_layer_1_convolution_layer_1/Relu:0=Relu, [-1, 8192, 1, 64], 1
Outpus:
	point_net_1/feature_transform_1/feature_transform_convolution_layer_2_convolution_layer_1/batch_normalization_8_1/batchnorm/mul_1__56:0=[64, 1, 8192, -1], 1
2026-01-30 09:38:34,215 - tf2onnx.graph - DEBUG - Making node: Name=point_net_1/feature_transform_1/feature_transform_convolution_layer_2_convolution_layer_1/batch_normalization_8_1/batchnorm/mul_1__58, OP=Transpose
2026-01-30 09:38:34,216 - tf2onnx.graph - DEBUG - Infer shape and dtype for [point_net_1/feature_transform_1/feature_transform_convolution_layer_2_convolution_layer_1/batch_normalization_8_1/batchnorm/mul_1__58]
2026-01-30 09:38:34,216 - tf2onnx.graph - DEBUG - Set dtype of [point_net_1/feature_transform_1/feature_transform_convolution_layer_2_convolution_layer_1/batch_normalization_8_1/batchnorm/mul_1__58:0] to 1
2026-01-30 09:38:34,216 - tf2onnx.graph - DEBUG - Set shape of [point_net_1/feature_transform_1/feature_transform_convolution_layer_2_convolution_layer_1/batch_normalization_8_1/batchnorm/mul_1__58:0] to [128, 1, 8192, -1]
2026-01-30 09:38:34,216 - tf2onnx.graph - DEBUG - Made node: point_net_1/feature_transform_1/feature_transform_convolution_layer_2_convolution_layer_1/batch_normalization_8_1/batchnorm/mul_1__58
OP=Transpose
Name=point_net_1/feature_transform_1/feature_transform_convolution_layer_2_convolution_layer_1/batch_normalization_8_1/batchnorm/mul_1__58
Inputs:
	point_net_1/feature_transform_1/feature_transform_convolution_layer_2_convolution_layer_1/batch_normalization_8_1/batchnorm/mul_1:0=Conv, [-1, 8192, 1, 128], 1
Outpus:
	point_net_1/feature_transform_1/feature_transform_convolution_layer_2_convolution_layer_1/batch_normalization_8_1/batchnorm/mul_1__58:0=[128, 1, 8192, -1], 1
2026-01-30 09:38:34,217 - tf2onnx.tfonnx - DEBUG - Process node: point_net_1/feature_transform_1/feature_transform_convolution_layer_2_convolution_layer_1/batch_normalization_8_1/batchnorm/add_1
OP=AddV2
Name=point_net_1/feature_transform_1/feature_transform_convolution_layer_2_convolution_layer_1/batch_normalization_8_1/batchnorm/add_1
Inputs:
	point_net_1/feature_transform_1/feature_transform_convolution_layer_2_convolution_layer_1/batch_normalization_8_1/batchnorm/mul_1__58:0=Transpose, [-1, 8192, 1, 128], 1
	point_net_1/feature_transform_1/feature_transform_convolution_layer_2_convolution_layer_1/batch_normalization_8_1/batchnorm/sub:0=Const, [128], 1
Outpus:
	point_net_1/feature_transform_1/feature_transform_convolution_layer_2_convolution_layer_1/batch_normalization_8_1/batchnorm/add_1:0=[-1, 8192, 1, 128], 1
2026-01-30 09:38:34,217 - tf2onnx.tfonnx - DEBUG - Process node: point_net_1/feature_transform_1/feature_transform_convolution_layer_2_convolution_layer_1/Relu
OP=Relu
Name=point_net_1/feature_transform_1/feature_transform_convolution_layer_2_convolution_layer_1/Relu
Inputs:
	point_net_1/feature_transform_1/feature_transform_convolution_layer_2_convolution_layer_1/batch_normalization_8_1/batchnorm/add_1:0=Add, [-1, 8192, 1, 128], 1
Outpus:
	point_net_1/feature_transform_1/feature_transform_convolution_layer_2_convolution_layer_1/Relu:0=[-1, 8192, 1, 128], 1
2026-01-30 09:38:34,217 - tf2onnx.tfonnx - DEBUG - Process node: point_net_1/feature_transform_1/feature_transform_convolution_layer_3_convolution_layer_1/batch_normalization_9_1/batchnorm/mul_1
OP=Conv2D
Name=point_net_1/feature_transform_1/feature_transform_convolution_layer_3_convolution_layer_1/batch_normalization_9_1/batchnorm/mul_1
Inputs:
	point_net_1/feature_transform_1/feature_transform_convolution_layer_2_convolution_layer_1/Relu:0=Relu, [-1, 8192, 1, 128], 1
	point_net_1/feature_transform_1/feature_transform_convolution_layer_3_convolution_layer_1/feature_transform_convolution_layer_3_convolution_layer_1/convolution/merged_input:0=Const, [1, 1, 128, 1024], 1
Outpus:
	point_net_1/feature_transform_1/feature_transform_convolution_layer_3_convolution_layer_1/batch_normalization_9_1/batchnorm/mul_1:0=[-1, 8192, 1, 1024], 1
2026-01-30 09:38:34,218 - tf2onnx.graph - DEBUG - Making node: Name=point_net_1/feature_transform_1/feature_transform_convolution_layer_3_convolution_layer_1/batch_normalization_9_1/batchnorm/mul_1__60, OP=Transpose
2026-01-30 09:38:34,218 - tf2onnx.graph - DEBUG - Infer shape and dtype for [point_net_1/feature_transform_1/feature_transform_convolution_layer_3_convolution_layer_1/batch_normalization_9_1/batchnorm/mul_1__60]
2026-01-30 09:38:34,218 - tf2onnx.graph - DEBUG - Set dtype of [point_net_1/feature_transform_1/feature_transform_convolution_layer_3_convolution_layer_1/batch_normalization_9_1/batchnorm/mul_1__60:0] to 1
2026-01-30 09:38:34,218 - tf2onnx.graph - DEBUG - Set shape of [point_net_1/feature_transform_1/feature_transform_convolution_layer_3_convolution_layer_1/batch_normalization_9_1/batchnorm/mul_1__60:0] to [128, 1, 8192, -1]
2026-01-30 09:38:34,219 - tf2onnx.graph - DEBUG - Made node: point_net_1/feature_transform_1/feature_transform_convolution_layer_3_convolution_layer_1/batch_normalization_9_1/batchnorm/mul_1__60
OP=Transpose
Name=point_net_1/feature_transform_1/feature_transform_convolution_layer_3_convolution_layer_1/batch_normalization_9_1/batchnorm/mul_1__60
Inputs:
	point_net_1/feature_transform_1/feature_transform_convolution_layer_2_convolution_layer_1/Relu:0=Relu, [-1, 8192, 1, 128], 1
Outpus:
	point_net_1/feature_transform_1/feature_transform_convolution_layer_3_convolution_layer_1/batch_normalization_9_1/batchnorm/mul_1__60:0=[128, 1, 8192, -1], 1
2026-01-30 09:38:34,220 - tf2onnx.graph - DEBUG - Making node: Name=point_net_1/feature_transform_1/feature_transform_convolution_layer_3_convolution_layer_1/batch_normalization_9_1/batchnorm/mul_1__62, OP=Transpose
2026-01-30 09:38:34,220 - tf2onnx.graph - DEBUG - Infer shape and dtype for [point_net_1/feature_transform_1/feature_transform_convolution_layer_3_convolution_layer_1/batch_normalization_9_1/batchnorm/mul_1__62]
2026-01-30 09:38:34,221 - tf2onnx.graph - DEBUG - Set dtype of [point_net_1/feature_transform_1/feature_transform_convolution_layer_3_convolution_layer_1/batch_normalization_9_1/batchnorm/mul_1__62:0] to 1
2026-01-30 09:38:34,221 - tf2onnx.graph - DEBUG - Set shape of [point_net_1/feature_transform_1/feature_transform_convolution_layer_3_convolution_layer_1/batch_normalization_9_1/batchnorm/mul_1__62:0] to [1024, 1, 8192, -1]
2026-01-30 09:38:34,221 - tf2onnx.graph - DEBUG - Made node: point_net_1/feature_transform_1/feature_transform_convolution_layer_3_convolution_layer_1/batch_normalization_9_1/batchnorm/mul_1__62
OP=Transpose
Name=point_net_1/feature_transform_1/feature_transform_convolution_layer_3_convolution_layer_1/batch_normalization_9_1/batchnorm/mul_1__62
Inputs:
	point_net_1/feature_transform_1/feature_transform_convolution_layer_3_convolution_layer_1/batch_normalization_9_1/batchnorm/mul_1:0=Conv, [-1, 8192, 1, 1024], 1
Outpus:
	point_net_1/feature_transform_1/feature_transform_convolution_layer_3_convolution_layer_1/batch_normalization_9_1/batchnorm/mul_1__62:0=[1024, 1, 8192, -1], 1
2026-01-30 09:38:34,221 - tf2onnx.tfonnx - DEBUG - Process node: point_net_1/feature_transform_1/feature_transform_convolution_layer_3_convolution_layer_1/batch_normalization_9_1/batchnorm/add_1
OP=AddV2
Name=point_net_1/feature_transform_1/feature_transform_convolution_layer_3_convolution_layer_1/batch_normalization_9_1/batchnorm/add_1
Inputs:
	point_net_1/feature_transform_1/feature_transform_convolution_layer_3_convolution_layer_1/batch_normalization_9_1/batchnorm/mul_1__62:0=Transpose, [-1, 8192, 1, 1024], 1
	point_net_1/feature_transform_1/feature_transform_convolution_layer_3_convolution_layer_1/batch_normalization_9_1/batchnorm/sub:0=Const, [1024], 1
Outpus:
	point_net_1/feature_transform_1/feature_transform_convolution_layer_3_convolution_layer_1/batch_normalization_9_1/batchnorm/add_1:0=[-1, 8192, 1, 1024], 1
2026-01-30 09:38:34,222 - tf2onnx.tfonnx - DEBUG - Process node: point_net_1/feature_transform_1/feature_transform_convolution_layer_3_convolution_layer_1/Relu
OP=Relu
Name=point_net_1/feature_transform_1/feature_transform_convolution_layer_3_convolution_layer_1/Relu
Inputs:
	point_net_1/feature_transform_1/feature_transform_convolution_layer_3_convolution_layer_1/batch_normalization_9_1/batchnorm/add_1:0=Add, [-1, 8192, 1, 1024], 1
Outpus:
	point_net_1/feature_transform_1/feature_transform_convolution_layer_3_convolution_layer_1/Relu:0=[-1, 8192, 1, 1024], 1
2026-01-30 09:38:34,222 - tf2onnx.tfonnx - DEBUG - Process node: point_net_1/feature_transform_1/Squeeze
OP=Squeeze
Name=point_net_1/feature_transform_1/Squeeze
Inputs:
	point_net_1/feature_transform_1/feature_transform_convolution_layer_3_convolution_layer_1/Relu:0=Relu, [-1, 8192, 1, 1024], 1
Outpus:
	point_net_1/feature_transform_1/Squeeze:0=[-1, 8192, 1024], 1
2026-01-30 09:38:34,222 - tf2onnx.graph - DEBUG - Making node: Name=axes_const__64, OP=Const
2026-01-30 09:38:34,223 - tf2onnx.graph - DEBUG - Made node: axes_const__64
OP=Const
Name=axes_const__64
Outpus:
	axes_const__64=None, 7
2026-01-30 09:38:34,224 - tf2onnx.tfonnx - DEBUG - Process node: point_net_1/feature_transform_1/Max
OP=Max
Name=point_net_1/feature_transform_1/Max
Inputs:
	point_net_1/feature_transform_1/Squeeze:0=Squeeze, [-1, 8192, 1024], 1
	point_net_1/feature_transform_1/Max/reduction_indices:0=Const, [], 6
Outpus:
	point_net_1/feature_transform_1/Max:0=[-1, 1024], 1
2026-01-30 09:38:34,224 - tf2onnx.tfonnx - DEBUG - Process node: point_net_1/feature_transform_1/feature_transform_dense_layer_1_dense_layer_1/feature_transform_dense_layer_1_dense_layer_1/MatMul
OP=MatMul
Name=point_net_1/feature_transform_1/feature_transform_dense_layer_1_dense_layer_1/feature_transform_dense_layer_1_dense_layer_1/MatMul
Inputs:
	point_net_1/feature_transform_1/Max:0=ReduceMax, [-1, 1024], 1
	point_net_1/feature_transform_1/feature_transform_dense_layer_1_dense_layer_1/feature_transform_dense_layer_1_dense_layer_1/Cast/ReadVariableOp:0=Const, [1024, 512], 1
Outpus:
	point_net_1/feature_transform_1/feature_transform_dense_layer_1_dense_layer_1/feature_transform_dense_layer_1_dense_layer_1/MatMul:0=[-1, 512], 1
2026-01-30 09:38:34,225 - tf2onnx.tfonnx - DEBUG - Process node: point_net_1/feature_transform_1/feature_transform_dense_layer_1_dense_layer_1/batch_normalization_10_1/batchnorm/mul_1
OP=Mul
Name=point_net_1/feature_transform_1/feature_transform_dense_layer_1_dense_layer_1/batch_normalization_10_1/batchnorm/mul_1
Inputs:
	point_net_1/feature_transform_1/feature_transform_dense_layer_1_dense_layer_1/feature_transform_dense_layer_1_dense_layer_1/MatMul:0=MatMul, [-1, 512], 1
	point_net_1/feature_transform_1/feature_transform_dense_layer_1_dense_layer_1/batch_normalization_10_1/batchnorm/mul:0=Const, [512], 1
Outpus:
	point_net_1/feature_transform_1/feature_transform_dense_layer_1_dense_layer_1/batch_normalization_10_1/batchnorm/mul_1:0=[-1, 512], 1
2026-01-30 09:38:34,225 - tf2onnx.tfonnx - DEBUG - Process node: point_net_1/feature_transform_1/feature_transform_dense_layer_1_dense_layer_1/batch_normalization_10_1/batchnorm/add_1
OP=AddV2
Name=point_net_1/feature_transform_1/feature_transform_dense_layer_1_dense_layer_1/batch_normalization_10_1/batchnorm/add_1
Inputs:
	point_net_1/feature_transform_1/feature_transform_dense_layer_1_dense_layer_1/batch_normalization_10_1/batchnorm/mul_1:0=Mul, [-1, 512], 1
	point_net_1/feature_transform_1/feature_transform_dense_layer_1_dense_layer_1/batch_normalization_10_1/batchnorm/sub:0=Const, [512], 1
Outpus:
	point_net_1/feature_transform_1/feature_transform_dense_layer_1_dense_layer_1/batch_normalization_10_1/batchnorm/add_1:0=[-1, 512], 1
2026-01-30 09:38:34,225 - tf2onnx.tfonnx - DEBUG - Process node: point_net_1/feature_transform_1/feature_transform_dense_layer_1_dense_layer_1/Relu
OP=Relu
Name=point_net_1/feature_transform_1/feature_transform_dense_layer_1_dense_layer_1/Relu
Inputs:
	point_net_1/feature_transform_1/feature_transform_dense_layer_1_dense_layer_1/batch_normalization_10_1/batchnorm/add_1:0=Add, [-1, 512], 1
Outpus:
	point_net_1/feature_transform_1/feature_transform_dense_layer_1_dense_layer_1/Relu:0=[-1, 512], 1
2026-01-30 09:38:34,225 - tf2onnx.tfonnx - DEBUG - Process node: point_net_1/feature_transform_1/feature_transform_dense_layer_2_dense_layer_1/feature_transform_dense_layer_2_dense_layer_1/MatMul
OP=MatMul
Name=point_net_1/feature_transform_1/feature_transform_dense_layer_2_dense_layer_1/feature_transform_dense_layer_2_dense_layer_1/MatMul
Inputs:
	point_net_1/feature_transform_1/feature_transform_dense_layer_1_dense_layer_1/Relu:0=Relu, [-1, 512], 1
	point_net_1/feature_transform_1/feature_transform_dense_layer_2_dense_layer_1/feature_transform_dense_layer_2_dense_layer_1/Cast/ReadVariableOp:0=Const, [512, 256], 1
Outpus:
	point_net_1/feature_transform_1/feature_transform_dense_layer_2_dense_layer_1/feature_transform_dense_layer_2_dense_layer_1/MatMul:0=[-1, 256], 1
2026-01-30 09:38:34,226 - tf2onnx.tfonnx - DEBUG - Process node: point_net_1/feature_transform_1/feature_transform_dense_layer_2_dense_layer_1/batch_normalization_11_1/batchnorm/mul_1
OP=Mul
Name=point_net_1/feature_transform_1/feature_transform_dense_layer_2_dense_layer_1/batch_normalization_11_1/batchnorm/mul_1
Inputs:
	point_net_1/feature_transform_1/feature_transform_dense_layer_2_dense_layer_1/feature_transform_dense_layer_2_dense_layer_1/MatMul:0=MatMul, [-1, 256], 1
	point_net_1/feature_transform_1/feature_transform_dense_layer_2_dense_layer_1/batch_normalization_11_1/batchnorm/mul:0=Const, [256], 1
Outpus:
	point_net_1/feature_transform_1/feature_transform_dense_layer_2_dense_layer_1/batch_normalization_11_1/batchnorm/mul_1:0=[-1, 256], 1
2026-01-30 09:38:34,226 - tf2onnx.tfonnx - DEBUG - Process node: point_net_1/feature_transform_1/feature_transform_dense_layer_2_dense_layer_1/batch_normalization_11_1/batchnorm/add_1
OP=AddV2
Name=point_net_1/feature_transform_1/feature_transform_dense_layer_2_dense_layer_1/batch_normalization_11_1/batchnorm/add_1
Inputs:
	point_net_1/feature_transform_1/feature_transform_dense_layer_2_dense_layer_1/batch_normalization_11_1/batchnorm/mul_1:0=Mul, [-1, 256], 1
	point_net_1/feature_transform_1/feature_transform_dense_layer_2_dense_layer_1/batch_normalization_11_1/batchnorm/sub:0=Const, [256], 1
Outpus:
	point_net_1/feature_transform_1/feature_transform_dense_layer_2_dense_layer_1/batch_normalization_11_1/batchnorm/add_1:0=[-1, 256], 1
2026-01-30 09:38:34,226 - tf2onnx.tfonnx - DEBUG - Process node: point_net_1/feature_transform_1/feature_transform_dense_layer_2_dense_layer_1/Relu
OP=Relu
Name=point_net_1/feature_transform_1/feature_transform_dense_layer_2_dense_layer_1/Relu
Inputs:
	point_net_1/feature_transform_1/feature_transform_dense_layer_2_dense_layer_1/batch_normalization_11_1/batchnorm/add_1:0=Add, [-1, 256], 1
Outpus:
	point_net_1/feature_transform_1/feature_transform_dense_layer_2_dense_layer_1/Relu:0=[-1, 256], 1
2026-01-30 09:38:34,226 - tf2onnx.tfonnx - DEBUG - Process node: point_net_1/feature_transform_1/ExpandDims_1
OP=ExpandDims
Name=point_net_1/feature_transform_1/ExpandDims_1
Inputs:
	point_net_1/feature_transform_1/feature_transform_dense_layer_2_dense_layer_1/Relu:0=Relu, [-1, 256], 1
	point_net_1/feature_transform_1/ExpandDims_1/dim:0=Const, [], 6
Outpus:
	point_net_1/feature_transform_1/ExpandDims_1:0=[-1, 1, 256], 1
2026-01-30 09:38:34,226 - tf2onnx.graph - DEBUG - Making node: Name=point_net_1/feature_transform_1/ExpandDims_1__65, OP=Cast
2026-01-30 09:38:34,227 - tf2onnx.graph - DEBUG - Infer shape and dtype for [point_net_1/feature_transform_1/ExpandDims_1__65]
2026-01-30 09:38:34,227 - tf2onnx.graph - DEBUG - Set dtype of [point_net_1/feature_transform_1/ExpandDims_1__65:0] to 7
2026-01-30 09:38:34,227 - tf2onnx.graph - DEBUG - Set shape of [point_net_1/feature_transform_1/ExpandDims_1__65:0] to []
2026-01-30 09:38:34,228 - tf2onnx.graph - DEBUG - Made node: point_net_1/feature_transform_1/ExpandDims_1__65
OP=Cast
Name=point_net_1/feature_transform_1/ExpandDims_1__65
Inputs:
	point_net_1/feature_transform_1/ExpandDims_1/dim:0=Const, [], 6
Outpus:
	point_net_1/feature_transform_1/ExpandDims_1__65:0=[], 7
2026-01-30 09:38:34,228 - tf2onnx.graph - DEBUG - Making node: Name=reshape_const__66, OP=Const
2026-01-30 09:38:34,228 - tf2onnx.graph - DEBUG - Made node: reshape_const__66
OP=Const
Name=reshape_const__66
Outpus:
	reshape_const__66=None, 7
2026-01-30 09:38:34,228 - tf2onnx.graph - DEBUG - Making node: Name=Reshape__67, OP=Reshape
2026-01-30 09:38:34,228 - tf2onnx.graph - DEBUG - Infer shape and dtype for [Reshape__67]
2026-01-30 09:38:34,229 - tf2onnx.graph - DEBUG - Set dtype of [Reshape__67:0] to 7
2026-01-30 09:38:34,229 - tf2onnx.graph - DEBUG - Set shape of [Reshape__67:0] to [1]
2026-01-30 09:38:34,229 - tf2onnx.graph - DEBUG - Made node: Reshape__67
OP=Reshape
Name=Reshape__67
Inputs:
	point_net_1/feature_transform_1/ExpandDims_1__65:0=Cast, [], 7
	reshape_const__66=Const, [1], 7
Outpus:
	Reshape__67:0=[1], 7
2026-01-30 09:38:34,229 - tf2onnx.tfonnx - DEBUG - Process node: point_net_1/feature_transform_1/MatMul
OP=BatchMatMulV2
Name=point_net_1/feature_transform_1/MatMul
Inputs:
	point_net_1/feature_transform_1/ExpandDims_1:0=Unsqueeze, [-1, 1, 256], 1
	point_net_1/feature_transform_1/MatMul/ReadVariableOp:0=Const, [256, 4096], 1
Outpus:
	point_net_1/feature_transform_1/MatMul:0=[-1, 1, 4096], 1
2026-01-30 09:38:34,230 - tf2onnx.tfonnx - DEBUG - Process node: point_net_1/feature_transform_1/Squeeze_1
OP=Squeeze
Name=point_net_1/feature_transform_1/Squeeze_1
Inputs:
	point_net_1/feature_transform_1/MatMul:0=MatMul, [-1, 1, 4096], 1
Outpus:
	point_net_1/feature_transform_1/Squeeze_1:0=[-1, 4096], 1
2026-01-30 09:38:34,230 - tf2onnx.graph - DEBUG - Making node: Name=axes_const__68, OP=Const
2026-01-30 09:38:34,230 - tf2onnx.graph - DEBUG - Made node: axes_const__68
OP=Const
Name=axes_const__68
Outpus:
	axes_const__68=None, 7
2026-01-30 09:38:34,230 - tf2onnx.tfonnx - DEBUG - Process node: point_net_1/feature_transform_1/Reshape
OP=Reshape
Name=point_net_1/feature_transform_1/Reshape
Inputs:
	point_net_1/feature_transform_1/Squeeze_1:0=Squeeze, [-1, 4096], 1
	point_net_1/feature_transform_1/Reshape/shape:0=Const, [3], 6
Outpus:
	point_net_1/feature_transform_1/Reshape:0=[-1, 64, 64], 1
2026-01-30 09:38:34,231 - tf2onnx.graph - DEBUG - Making node: Name=point_net_1/feature_transform_1/Reshape__69, OP=Cast
2026-01-30 09:38:34,231 - tf2onnx.graph - DEBUG - Infer shape and dtype for [point_net_1/feature_transform_1/Reshape__69]
2026-01-30 09:38:34,231 - tf2onnx.graph - DEBUG - Set dtype of [point_net_1/feature_transform_1/Reshape__69:0] to 7
2026-01-30 09:38:34,232 - tf2onnx.graph - DEBUG - Set shape of [point_net_1/feature_transform_1/Reshape__69:0] to [3]
2026-01-30 09:38:34,232 - tf2onnx.graph - DEBUG - Made node: point_net_1/feature_transform_1/Reshape__69
OP=Cast
Name=point_net_1/feature_transform_1/Reshape__69
Inputs:
	point_net_1/feature_transform_1/Reshape/shape:0=Const, [3], 6
Outpus:
	point_net_1/feature_transform_1/Reshape__69:0=[3], 7
2026-01-30 09:38:34,232 - tf2onnx.tfonnx - DEBUG - Process node: point_net_1/feature_transform_1/add
OP=AddV2
Name=point_net_1/feature_transform_1/add
Inputs:
	point_net_1/feature_transform_1/Reshape:0=Reshape, [-1, 64, 64], 1
	point_net_1/feature_transform_1/add/ReadVariableOp:0=Const, [64, 64], 1
Outpus:
	point_net_1/feature_transform_1/add:0=[-1, 64, 64], 1
2026-01-30 09:38:34,232 - tf2onnx.tfonnx - DEBUG - Process node: point_net_1/MatMul_1
OP=BatchMatMulV2
Name=point_net_1/MatMul_1
Inputs:
	point_net_1/Squeeze:0=Squeeze, [-1, 8192, 64], 1
	point_net_1/feature_transform_1/add:0=Add, [-1, 64, 64], 1
Outpus:
	point_net_1/MatMul_1:0=[-1, 8192, 64], 1
2026-01-30 09:38:34,233 - tf2onnx.tfonnx - DEBUG - Process node: point_net_1/ExpandDims_1
OP=ExpandDims
Name=point_net_1/ExpandDims_1
Inputs:
	point_net_1/MatMul_1:0=MatMul, [-1, 8192, 64], 1
	point_net_1/ExpandDims_1/dim:0=Const, [], 6
Outpus:
	point_net_1/ExpandDims_1:0=[-1, 8192, 1, 64], 1
2026-01-30 09:38:34,233 - tf2onnx.graph - DEBUG - Making node: Name=point_net_1/ExpandDims_1__70, OP=Cast
2026-01-30 09:38:34,233 - tf2onnx.graph - DEBUG - Infer shape and dtype for [point_net_1/ExpandDims_1__70]
2026-01-30 09:38:34,234 - tf2onnx.graph - DEBUG - Set dtype of [point_net_1/ExpandDims_1__70:0] to 7
2026-01-30 09:38:34,234 - tf2onnx.graph - DEBUG - Set shape of [point_net_1/ExpandDims_1__70:0] to []
2026-01-30 09:38:34,234 - tf2onnx.graph - DEBUG - Made node: point_net_1/ExpandDims_1__70
OP=Cast
Name=point_net_1/ExpandDims_1__70
Inputs:
	point_net_1/ExpandDims_1/dim:0=Const, [], 6
Outpus:
	point_net_1/ExpandDims_1__70:0=[], 7
2026-01-30 09:38:34,234 - tf2onnx.graph - DEBUG - Making node: Name=reshape_const__71, OP=Const
2026-01-30 09:38:34,234 - tf2onnx.graph - DEBUG - Made node: reshape_const__71
OP=Const
Name=reshape_const__71
Outpus:
	reshape_const__71=None, 7
2026-01-30 09:38:34,235 - tf2onnx.graph - DEBUG - Making node: Name=Reshape__72, OP=Reshape
2026-01-30 09:38:34,235 - tf2onnx.graph - DEBUG - Infer shape and dtype for [Reshape__72]
2026-01-30 09:38:34,235 - tf2onnx.graph - DEBUG - Set dtype of [Reshape__72:0] to 7
2026-01-30 09:38:34,235 - tf2onnx.graph - DEBUG - Set shape of [Reshape__72:0] to [1]
2026-01-30 09:38:34,236 - tf2onnx.graph - DEBUG - Made node: Reshape__72
OP=Reshape
Name=Reshape__72
Inputs:
	point_net_1/ExpandDims_1__70:0=Cast, [], 7
	reshape_const__71=Const, [1], 7
Outpus:
	Reshape__72:0=[1], 7
2026-01-30 09:38:34,236 - tf2onnx.tfonnx - DEBUG - Process node: point_net_1/s2_l1_64_convolution_layer_1/batch_normalization_12_1/batchnorm/mul_1
OP=Conv2D
Name=point_net_1/s2_l1_64_convolution_layer_1/batch_normalization_12_1/batchnorm/mul_1
Inputs:
	point_net_1/ExpandDims_1:0=Unsqueeze, [-1, 8192, 1, 64], 1
	point_net_1/s2_l1_64_convolution_layer_1/s2_l1_64_convolution_layer_1/convolution/merged_input:0=Const, [1, 1, 64, 64], 1
Outpus:
	point_net_1/s2_l1_64_convolution_layer_1/batch_normalization_12_1/batchnorm/mul_1:0=[-1, 8192, 1, 64], 1
2026-01-30 09:38:34,236 - tf2onnx.graph - DEBUG - Making node: Name=point_net_1/s2_l1_64_convolution_layer_1/batch_normalization_12_1/batchnorm/mul_1__73, OP=Transpose
2026-01-30 09:38:34,236 - tf2onnx.graph - DEBUG - Infer shape and dtype for [point_net_1/s2_l1_64_convolution_layer_1/batch_normalization_12_1/batchnorm/mul_1__73]
2026-01-30 09:38:34,237 - tf2onnx.graph - DEBUG - Set dtype of [point_net_1/s2_l1_64_convolution_layer_1/batch_normalization_12_1/batchnorm/mul_1__73:0] to 1
2026-01-30 09:38:34,237 - tf2onnx.graph - DEBUG - Set shape of [point_net_1/s2_l1_64_convolution_layer_1/batch_normalization_12_1/batchnorm/mul_1__73:0] to [64, 1, 8192, -1]
2026-01-30 09:38:34,237 - tf2onnx.graph - DEBUG - Made node: point_net_1/s2_l1_64_convolution_layer_1/batch_normalization_12_1/batchnorm/mul_1__73
OP=Transpose
Name=point_net_1/s2_l1_64_convolution_layer_1/batch_normalization_12_1/batchnorm/mul_1__73
Inputs:
	point_net_1/ExpandDims_1:0=Unsqueeze, [-1, 8192, 1, 64], 1
Outpus:
	point_net_1/s2_l1_64_convolution_layer_1/batch_normalization_12_1/batchnorm/mul_1__73:0=[64, 1, 8192, -1], 1
2026-01-30 09:38:34,238 - tf2onnx.graph - DEBUG - Making node: Name=point_net_1/s2_l1_64_convolution_layer_1/batch_normalization_12_1/batchnorm/mul_1__75, OP=Transpose
2026-01-30 09:38:34,238 - tf2onnx.graph - DEBUG - Infer shape and dtype for [point_net_1/s2_l1_64_convolution_layer_1/batch_normalization_12_1/batchnorm/mul_1__75]
2026-01-30 09:38:34,238 - tf2onnx.graph - DEBUG - Set dtype of [point_net_1/s2_l1_64_convolution_layer_1/batch_normalization_12_1/batchnorm/mul_1__75:0] to 1
2026-01-30 09:38:34,238 - tf2onnx.graph - DEBUG - Set shape of [point_net_1/s2_l1_64_convolution_layer_1/batch_normalization_12_1/batchnorm/mul_1__75:0] to [64, 1, 8192, -1]
2026-01-30 09:38:34,239 - tf2onnx.graph - DEBUG - Made node: point_net_1/s2_l1_64_convolution_layer_1/batch_normalization_12_1/batchnorm/mul_1__75
OP=Transpose
Name=point_net_1/s2_l1_64_convolution_layer_1/batch_normalization_12_1/batchnorm/mul_1__75
Inputs:
	point_net_1/s2_l1_64_convolution_layer_1/batch_normalization_12_1/batchnorm/mul_1:0=Conv, [-1, 8192, 1, 64], 1
Outpus:
	point_net_1/s2_l1_64_convolution_layer_1/batch_normalization_12_1/batchnorm/mul_1__75:0=[64, 1, 8192, -1], 1
2026-01-30 09:38:34,239 - tf2onnx.tfonnx - DEBUG - Process node: point_net_1/s2_l1_64_convolution_layer_1/batch_normalization_12_1/batchnorm/add_1
OP=AddV2
Name=point_net_1/s2_l1_64_convolution_layer_1/batch_normalization_12_1/batchnorm/add_1
Inputs:
	point_net_1/s2_l1_64_convolution_layer_1/batch_normalization_12_1/batchnorm/mul_1__75:0=Transpose, [-1, 8192, 1, 64], 1
	point_net_1/s2_l1_64_convolution_layer_1/batch_normalization_12_1/batchnorm/sub:0=Const, [64], 1
Outpus:
	point_net_1/s2_l1_64_convolution_layer_1/batch_normalization_12_1/batchnorm/add_1:0=[-1, 8192, 1, 64], 1
2026-01-30 09:38:34,239 - tf2onnx.tfonnx - DEBUG - Process node: point_net_1/s2_l1_64_convolution_layer_1/Relu
OP=Relu
Name=point_net_1/s2_l1_64_convolution_layer_1/Relu
Inputs:
	point_net_1/s2_l1_64_convolution_layer_1/batch_normalization_12_1/batchnorm/add_1:0=Add, [-1, 8192, 1, 64], 1
Outpus:
	point_net_1/s2_l1_64_convolution_layer_1/Relu:0=[-1, 8192, 1, 64], 1
2026-01-30 09:38:34,240 - tf2onnx.tfonnx - DEBUG - Process node: point_net_1/s2_l2_128_convolution_layer_1/batch_normalization_13_1/batchnorm/mul_1
OP=Conv2D
Name=point_net_1/s2_l2_128_convolution_layer_1/batch_normalization_13_1/batchnorm/mul_1
Inputs:
	point_net_1/s2_l1_64_convolution_layer_1/Relu:0=Relu, [-1, 8192, 1, 64], 1
	point_net_1/s2_l2_128_convolution_layer_1/s2_l2_128_convolution_layer_1/convolution/merged_input:0=Const, [1, 1, 64, 128], 1
Outpus:
	point_net_1/s2_l2_128_convolution_layer_1/batch_normalization_13_1/batchnorm/mul_1:0=[-1, 8192, 1, 128], 1
2026-01-30 09:38:34,241 - tf2onnx.graph - DEBUG - Making node: Name=point_net_1/s2_l2_128_convolution_layer_1/batch_normalization_13_1/batchnorm/mul_1__77, OP=Transpose
2026-01-30 09:38:34,241 - tf2onnx.graph - DEBUG - Infer shape and dtype for [point_net_1/s2_l2_128_convolution_layer_1/batch_normalization_13_1/batchnorm/mul_1__77]
2026-01-30 09:38:34,242 - tf2onnx.graph - DEBUG - Set dtype of [point_net_1/s2_l2_128_convolution_layer_1/batch_normalization_13_1/batchnorm/mul_1__77:0] to 1
2026-01-30 09:38:34,242 - tf2onnx.graph - DEBUG - Set shape of [point_net_1/s2_l2_128_convolution_layer_1/batch_normalization_13_1/batchnorm/mul_1__77:0] to [64, 1, 8192, -1]
2026-01-30 09:38:34,242 - tf2onnx.graph - DEBUG - Made node: point_net_1/s2_l2_128_convolution_layer_1/batch_normalization_13_1/batchnorm/mul_1__77
OP=Transpose
Name=point_net_1/s2_l2_128_convolution_layer_1/batch_normalization_13_1/batchnorm/mul_1__77
Inputs:
	point_net_1/s2_l1_64_convolution_layer_1/Relu:0=Relu, [-1, 8192, 1, 64], 1
Outpus:
	point_net_1/s2_l2_128_convolution_layer_1/batch_normalization_13_1/batchnorm/mul_1__77:0=[64, 1, 8192, -1], 1
2026-01-30 09:38:34,243 - tf2onnx.graph - DEBUG - Making node: Name=point_net_1/s2_l2_128_convolution_layer_1/batch_normalization_13_1/batchnorm/mul_1__79, OP=Transpose
2026-01-30 09:38:34,243 - tf2onnx.graph - DEBUG - Infer shape and dtype for [point_net_1/s2_l2_128_convolution_layer_1/batch_normalization_13_1/batchnorm/mul_1__79]
2026-01-30 09:38:34,243 - tf2onnx.graph - DEBUG - Set dtype of [point_net_1/s2_l2_128_convolution_layer_1/batch_normalization_13_1/batchnorm/mul_1__79:0] to 1
2026-01-30 09:38:34,243 - tf2onnx.graph - DEBUG - Set shape of [point_net_1/s2_l2_128_convolution_layer_1/batch_normalization_13_1/batchnorm/mul_1__79:0] to [128, 1, 8192, -1]
2026-01-30 09:38:34,243 - tf2onnx.graph - DEBUG - Made node: point_net_1/s2_l2_128_convolution_layer_1/batch_normalization_13_1/batchnorm/mul_1__79
OP=Transpose
Name=point_net_1/s2_l2_128_convolution_layer_1/batch_normalization_13_1/batchnorm/mul_1__79
Inputs:
	point_net_1/s2_l2_128_convolution_layer_1/batch_normalization_13_1/batchnorm/mul_1:0=Conv, [-1, 8192, 1, 128], 1
Outpus:
	point_net_1/s2_l2_128_convolution_layer_1/batch_normalization_13_1/batchnorm/mul_1__79:0=[128, 1, 8192, -1], 1
2026-01-30 09:38:34,244 - tf2onnx.tfonnx - DEBUG - Process node: point_net_1/s2_l2_128_convolution_layer_1/batch_normalization_13_1/batchnorm/add_1
OP=AddV2
Name=point_net_1/s2_l2_128_convolution_layer_1/batch_normalization_13_1/batchnorm/add_1
Inputs:
	point_net_1/s2_l2_128_convolution_layer_1/batch_normalization_13_1/batchnorm/mul_1__79:0=Transpose, [-1, 8192, 1, 128], 1
	point_net_1/s2_l2_128_convolution_layer_1/batch_normalization_13_1/batchnorm/sub:0=Const, [128], 1
Outpus:
	point_net_1/s2_l2_128_convolution_layer_1/batch_normalization_13_1/batchnorm/add_1:0=[-1, 8192, 1, 128], 1
2026-01-30 09:38:34,244 - tf2onnx.tfonnx - DEBUG - Process node: point_net_1/s2_l2_128_convolution_layer_1/Relu
OP=Relu
Name=point_net_1/s2_l2_128_convolution_layer_1/Relu
Inputs:
	point_net_1/s2_l2_128_convolution_layer_1/batch_normalization_13_1/batchnorm/add_1:0=Add, [-1, 8192, 1, 128], 1
Outpus:
	point_net_1/s2_l2_128_convolution_layer_1/Relu:0=[-1, 8192, 1, 128], 1
2026-01-30 09:38:34,244 - tf2onnx.tfonnx - DEBUG - Process node: point_net_1/s2_l3_1024_convolution_layer_1/batch_normalization_14_1/batchnorm/mul_1
OP=Conv2D
Name=point_net_1/s2_l3_1024_convolution_layer_1/batch_normalization_14_1/batchnorm/mul_1
Inputs:
	point_net_1/s2_l2_128_convolution_layer_1/Relu:0=Relu, [-1, 8192, 1, 128], 1
	point_net_1/s2_l3_1024_convolution_layer_1/s2_l3_1024_convolution_layer_1/convolution/merged_input:0=Const, [1, 1, 128, 1024], 1
Outpus:
	point_net_1/s2_l3_1024_convolution_layer_1/batch_normalization_14_1/batchnorm/mul_1:0=[-1, 8192, 1, 1024], 1
2026-01-30 09:38:34,245 - tf2onnx.graph - DEBUG - Making node: Name=point_net_1/s2_l3_1024_convolution_layer_1/batch_normalization_14_1/batchnorm/mul_1__81, OP=Transpose
2026-01-30 09:38:34,245 - tf2onnx.graph - DEBUG - Infer shape and dtype for [point_net_1/s2_l3_1024_convolution_layer_1/batch_normalization_14_1/batchnorm/mul_1__81]
2026-01-30 09:38:34,245 - tf2onnx.graph - DEBUG - Set dtype of [point_net_1/s2_l3_1024_convolution_layer_1/batch_normalization_14_1/batchnorm/mul_1__81:0] to 1
2026-01-30 09:38:34,245 - tf2onnx.graph - DEBUG - Set shape of [point_net_1/s2_l3_1024_convolution_layer_1/batch_normalization_14_1/batchnorm/mul_1__81:0] to [128, 1, 8192, -1]
2026-01-30 09:38:34,246 - tf2onnx.graph - DEBUG - Made node: point_net_1/s2_l3_1024_convolution_layer_1/batch_normalization_14_1/batchnorm/mul_1__81
OP=Transpose
Name=point_net_1/s2_l3_1024_convolution_layer_1/batch_normalization_14_1/batchnorm/mul_1__81
Inputs:
	point_net_1/s2_l2_128_convolution_layer_1/Relu:0=Relu, [-1, 8192, 1, 128], 1
Outpus:
	point_net_1/s2_l3_1024_convolution_layer_1/batch_normalization_14_1/batchnorm/mul_1__81:0=[128, 1, 8192, -1], 1
2026-01-30 09:38:34,247 - tf2onnx.graph - DEBUG - Making node: Name=point_net_1/s2_l3_1024_convolution_layer_1/batch_normalization_14_1/batchnorm/mul_1__83, OP=Transpose
2026-01-30 09:38:34,247 - tf2onnx.graph - DEBUG - Infer shape and dtype for [point_net_1/s2_l3_1024_convolution_layer_1/batch_normalization_14_1/batchnorm/mul_1__83]
2026-01-30 09:38:34,247 - tf2onnx.graph - DEBUG - Set dtype of [point_net_1/s2_l3_1024_convolution_layer_1/batch_normalization_14_1/batchnorm/mul_1__83:0] to 1
2026-01-30 09:38:34,247 - tf2onnx.graph - DEBUG - Set shape of [point_net_1/s2_l3_1024_convolution_layer_1/batch_normalization_14_1/batchnorm/mul_1__83:0] to [1024, 1, 8192, -1]
2026-01-30 09:38:34,248 - tf2onnx.graph - DEBUG - Made node: point_net_1/s2_l3_1024_convolution_layer_1/batch_normalization_14_1/batchnorm/mul_1__83
OP=Transpose
Name=point_net_1/s2_l3_1024_convolution_layer_1/batch_normalization_14_1/batchnorm/mul_1__83
Inputs:
	point_net_1/s2_l3_1024_convolution_layer_1/batch_normalization_14_1/batchnorm/mul_1:0=Conv, [-1, 8192, 1, 1024], 1
Outpus:
	point_net_1/s2_l3_1024_convolution_layer_1/batch_normalization_14_1/batchnorm/mul_1__83:0=[1024, 1, 8192, -1], 1
2026-01-30 09:38:34,248 - tf2onnx.tfonnx - DEBUG - Process node: point_net_1/s2_l3_1024_convolution_layer_1/batch_normalization_14_1/batchnorm/add_1
OP=AddV2
Name=point_net_1/s2_l3_1024_convolution_layer_1/batch_normalization_14_1/batchnorm/add_1
Inputs:
	point_net_1/s2_l3_1024_convolution_layer_1/batch_normalization_14_1/batchnorm/mul_1__83:0=Transpose, [-1, 8192, 1, 1024], 1
	point_net_1/s2_l3_1024_convolution_layer_1/batch_normalization_14_1/batchnorm/sub:0=Const, [1024], 1
Outpus:
	point_net_1/s2_l3_1024_convolution_layer_1/batch_normalization_14_1/batchnorm/add_1:0=[-1, 8192, 1, 1024], 1
2026-01-30 09:38:34,248 - tf2onnx.tfonnx - DEBUG - Process node: point_net_1/s2_l3_1024_convolution_layer_1/Relu
OP=Relu
Name=point_net_1/s2_l3_1024_convolution_layer_1/Relu
Inputs:
	point_net_1/s2_l3_1024_convolution_layer_1/batch_normalization_14_1/batchnorm/add_1:0=Add, [-1, 8192, 1, 1024], 1
Outpus:
	point_net_1/s2_l3_1024_convolution_layer_1/Relu:0=[-1, 8192, 1, 1024], 1
2026-01-30 09:38:34,248 - tf2onnx.tfonnx - DEBUG - Process node: point_net_1/Squeeze_1
OP=Squeeze
Name=point_net_1/Squeeze_1
Inputs:
	point_net_1/s2_l3_1024_convolution_layer_1/Relu:0=Relu, [-1, 8192, 1, 1024], 1
Outpus:
	point_net_1/Squeeze_1:0=[-1, 8192, 1024], 1
2026-01-30 09:38:34,249 - tf2onnx.graph - DEBUG - Making node: Name=axes_const__85, OP=Const
2026-01-30 09:38:34,249 - tf2onnx.graph - DEBUG - Made node: axes_const__85
OP=Const
Name=axes_const__85
Outpus:
	axes_const__85=None, 7
2026-01-30 09:38:34,249 - tf2onnx.tfonnx - DEBUG - Process node: point_net_1/Max
OP=Max
Name=point_net_1/Max
Inputs:
	point_net_1/Squeeze_1:0=Squeeze, [-1, 8192, 1024], 1
	point_net_1/Max/reduction_indices:0=Const, [], 6
Outpus:
	point_net_1/Max:0=[-1, 1024], 1
2026-01-30 09:38:34,250 - tf2onnx.tfonnx - DEBUG - Process node: point_net_1/s3_l1_512_dense_layer_1/s3_l1_512_dense_layer_1/MatMul
OP=MatMul
Name=point_net_1/s3_l1_512_dense_layer_1/s3_l1_512_dense_layer_1/MatMul
Inputs:
	point_net_1/Max:0=ReduceMax, [-1, 1024], 1
	point_net_1/s3_l1_512_dense_layer_1/s3_l1_512_dense_layer_1/Cast/ReadVariableOp:0=Const, [1024, 512], 1
Outpus:
	point_net_1/s3_l1_512_dense_layer_1/s3_l1_512_dense_layer_1/MatMul:0=[-1, 512], 1
2026-01-30 09:38:34,250 - tf2onnx.tfonnx - DEBUG - Process node: point_net_1/s3_l1_512_dense_layer_1/batch_normalization_15_1/batchnorm/mul_1
OP=Mul
Name=point_net_1/s3_l1_512_dense_layer_1/batch_normalization_15_1/batchnorm/mul_1
Inputs:
	point_net_1/s3_l1_512_dense_layer_1/s3_l1_512_dense_layer_1/MatMul:0=MatMul, [-1, 512], 1
	point_net_1/s3_l1_512_dense_layer_1/batch_normalization_15_1/batchnorm/mul:0=Const, [512], 1
Outpus:
	point_net_1/s3_l1_512_dense_layer_1/batch_normalization_15_1/batchnorm/mul_1:0=[-1, 512], 1
2026-01-30 09:38:34,250 - tf2onnx.tfonnx - DEBUG - Process node: point_net_1/s3_l1_512_dense_layer_1/batch_normalization_15_1/batchnorm/add_1
OP=AddV2
Name=point_net_1/s3_l1_512_dense_layer_1/batch_normalization_15_1/batchnorm/add_1
Inputs:
	point_net_1/s3_l1_512_dense_layer_1/batch_normalization_15_1/batchnorm/mul_1:0=Mul, [-1, 512], 1
	point_net_1/s3_l1_512_dense_layer_1/batch_normalization_15_1/batchnorm/sub:0=Const, [512], 1
Outpus:
	point_net_1/s3_l1_512_dense_layer_1/batch_normalization_15_1/batchnorm/add_1:0=[-1, 512], 1
2026-01-30 09:38:34,250 - tf2onnx.tfonnx - DEBUG - Process node: point_net_1/s3_l1_512_dense_layer_1/Relu
OP=Relu
Name=point_net_1/s3_l1_512_dense_layer_1/Relu
Inputs:
	point_net_1/s3_l1_512_dense_layer_1/batch_normalization_15_1/batchnorm/add_1:0=Add, [-1, 512], 1
Outpus:
	point_net_1/s3_l1_512_dense_layer_1/Relu:0=[-1, 512], 1
2026-01-30 09:38:34,251 - tf2onnx.tfonnx - DEBUG - Process node: point_net_1/s3_l2_256_dense_layer_1/s3_l2_256_dense_layer_1/MatMul
OP=MatMul
Name=point_net_1/s3_l2_256_dense_layer_1/s3_l2_256_dense_layer_1/MatMul
Inputs:
	point_net_1/s3_l1_512_dense_layer_1/Relu:0=Relu, [-1, 512], 1
	point_net_1/s3_l2_256_dense_layer_1/s3_l2_256_dense_layer_1/Cast/ReadVariableOp:0=Const, [512, 256], 1
Outpus:
	point_net_1/s3_l2_256_dense_layer_1/s3_l2_256_dense_layer_1/MatMul:0=[-1, 256], 1
2026-01-30 09:38:34,251 - tf2onnx.tfonnx - DEBUG - Process node: point_net_1/s3_l2_256_dense_layer_1/batch_normalization_16_1/batchnorm/mul_1
OP=Mul
Name=point_net_1/s3_l2_256_dense_layer_1/batch_normalization_16_1/batchnorm/mul_1
Inputs:
	point_net_1/s3_l2_256_dense_layer_1/s3_l2_256_dense_layer_1/MatMul:0=MatMul, [-1, 256], 1
	point_net_1/s3_l2_256_dense_layer_1/batch_normalization_16_1/batchnorm/mul:0=Const, [256], 1
Outpus:
	point_net_1/s3_l2_256_dense_layer_1/batch_normalization_16_1/batchnorm/mul_1:0=[-1, 256], 1
2026-01-30 09:38:34,251 - tf2onnx.tfonnx - DEBUG - Process node: point_net_1/s3_l2_256_dense_layer_1/batch_normalization_16_1/batchnorm/add_1
OP=AddV2
Name=point_net_1/s3_l2_256_dense_layer_1/batch_normalization_16_1/batchnorm/add_1
Inputs:
	point_net_1/s3_l2_256_dense_layer_1/batch_normalization_16_1/batchnorm/mul_1:0=Mul, [-1, 256], 1
	point_net_1/s3_l2_256_dense_layer_1/batch_normalization_16_1/batchnorm/sub:0=Const, [256], 1
Outpus:
	point_net_1/s3_l2_256_dense_layer_1/batch_normalization_16_1/batchnorm/add_1:0=[-1, 256], 1
2026-01-30 09:38:34,251 - tf2onnx.tfonnx - DEBUG - Process node: point_net_1/s3_l2_256_dense_layer_1/Relu
OP=Relu
Name=point_net_1/s3_l2_256_dense_layer_1/Relu
Inputs:
	point_net_1/s3_l2_256_dense_layer_1/batch_normalization_16_1/batchnorm/add_1:0=Add, [-1, 256], 1
Outpus:
	point_net_1/s3_l2_256_dense_layer_1/Relu:0=[-1, 256], 1
2026-01-30 09:38:34,252 - tf2onnx.tfonnx - DEBUG - Process node: point_net_1/output_dense_layer_1/output_dense_layer_1/MatMul
OP=MatMul
Name=point_net_1/output_dense_layer_1/output_dense_layer_1/MatMul
Inputs:
	point_net_1/s3_l2_256_dense_layer_1/Relu:0=Relu, [-1, 256], 1
	point_net_1/output_dense_layer_1/output_dense_layer_1/Cast/ReadVariableOp:0=Const, [256, 23], 1
Outpus:
	point_net_1/output_dense_layer_1/output_dense_layer_1/MatMul:0=[-1, 23], 1
2026-01-30 09:38:34,252 - tf2onnx.tfonnx - DEBUG - Process node: point_net_1/output_dense_layer_1/output_dense_layer_1/BiasAdd
OP=BiasAdd
Name=point_net_1/output_dense_layer_1/output_dense_layer_1/BiasAdd
Inputs:
	point_net_1/output_dense_layer_1/output_dense_layer_1/MatMul:0=MatMul, [-1, 23], 1
	point_net_1/output_dense_layer_1/output_dense_layer_1/BiasAdd/ReadVariableOp:0=Const, [23], 1
Outpus:
	point_net_1/output_dense_layer_1/output_dense_layer_1/BiasAdd:0=[-1, 23], 1
2026-01-30 09:38:34,252 - tf2onnx.tfonnx - DEBUG - Process node: point_net_1/output_dense_layer_1/Softmax
OP=Softmax
Name=point_net_1/output_dense_layer_1/Softmax
Inputs:
	point_net_1/output_dense_layer_1/output_dense_layer_1/BiasAdd:0=Add, [-1, 23], 1
Outpus:
	point_net_1/output_dense_layer_1/Softmax:0=[-1, 23], 1
2026-01-30 09:38:34,252 - tf2onnx.tfonnx - DEBUG - Process node: point_net_1/ExpandDims_2
OP=ExpandDims
Name=point_net_1/ExpandDims_2
Inputs:
	point_net_1/Max:0=ReduceMax, [-1, 1024], 1
	point_net_1/ExpandDims_2/dim:0=Const, [], 6
Outpus:
	point_net_1/ExpandDims_2:0=[-1, 1, 1024], 1
2026-01-30 09:38:34,252 - tf2onnx.graph - DEBUG - Making node: Name=point_net_1/ExpandDims_2__86, OP=Cast
2026-01-30 09:38:34,253 - tf2onnx.graph - DEBUG - Infer shape and dtype for [point_net_1/ExpandDims_2__86]
2026-01-30 09:38:34,253 - tf2onnx.graph - DEBUG - Set dtype of [point_net_1/ExpandDims_2__86:0] to 7
2026-01-30 09:38:34,253 - tf2onnx.graph - DEBUG - Set shape of [point_net_1/ExpandDims_2__86:0] to []
2026-01-30 09:38:34,253 - tf2onnx.graph - DEBUG - Made node: point_net_1/ExpandDims_2__86
OP=Cast
Name=point_net_1/ExpandDims_2__86
Inputs:
	point_net_1/ExpandDims_2/dim:0=Const, [], 6
Outpus:
	point_net_1/ExpandDims_2__86:0=[], 7
2026-01-30 09:38:34,254 - tf2onnx.graph - DEBUG - Making node: Name=reshape_const__87, OP=Const
2026-01-30 09:38:34,254 - tf2onnx.graph - DEBUG - Made node: reshape_const__87
OP=Const
Name=reshape_const__87
Outpus:
	reshape_const__87=None, 7
2026-01-30 09:38:34,254 - tf2onnx.graph - DEBUG - Making node: Name=Reshape__88, OP=Reshape
2026-01-30 09:38:34,254 - tf2onnx.graph - DEBUG - Infer shape and dtype for [Reshape__88]
2026-01-30 09:38:34,255 - tf2onnx.graph - DEBUG - Set dtype of [Reshape__88:0] to 7
2026-01-30 09:38:34,255 - tf2onnx.graph - DEBUG - Set shape of [Reshape__88:0] to [1]
2026-01-30 09:38:34,255 - tf2onnx.graph - DEBUG - Made node: Reshape__88
OP=Reshape
Name=Reshape__88
Inputs:
	point_net_1/ExpandDims_2__86:0=Cast, [], 7
	reshape_const__87=Const, [1], 7
Outpus:
	Reshape__88:0=[1], 7
2026-01-30 09:38:34,255 - tf2onnx.tfonnx - DEBUG - Process node: point_net_1/Tile
OP=Tile
Name=point_net_1/Tile
Inputs:
	point_net_1/ExpandDims_2:0=Unsqueeze, [-1, 1, 1024], 1
	point_net_1/Tile/multiples:0=Const, [3], 6
Outpus:
	point_net_1/Tile:0=[-1, 8192, 1024], 1
2026-01-30 09:38:34,256 - tf2onnx.graph - DEBUG - Making node: Name=point_net_1/Tile__89, OP=Cast
2026-01-30 09:38:34,256 - tf2onnx.graph - DEBUG - Infer shape and dtype for [point_net_1/Tile__89]
2026-01-30 09:38:34,256 - tf2onnx.graph - DEBUG - Set dtype of [point_net_1/Tile__89:0] to 7
2026-01-30 09:38:34,256 - tf2onnx.graph - DEBUG - Set shape of [point_net_1/Tile__89:0] to [3]
2026-01-30 09:38:34,257 - tf2onnx.graph - DEBUG - Made node: point_net_1/Tile__89
OP=Cast
Name=point_net_1/Tile__89
Inputs:
	point_net_1/Tile/multiples:0=Const, [3], 6
Outpus:
	point_net_1/Tile__89:0=[3], 7
2026-01-30 09:38:34,257 - tf2onnx.tfonnx - DEBUG - Process node: point_net_1/concat
OP=ConcatV2
Name=point_net_1/concat
Inputs:
	point_net_1/MatMul_1:0=MatMul, [-1, 8192, 64], 1
	point_net_1/Tile:0=Tile, [-1, 8192, 1024], 1
	point_net_1/concat/axis:0=Const, [], 6
Outpus:
	point_net_1/concat:0=[-1, 8192, 1088], 1
2026-01-30 09:38:34,258 - tf2onnx.tfonnx - DEBUG - Process node: point_net_1/ExpandDims_3
OP=ExpandDims
Name=point_net_1/ExpandDims_3
Inputs:
	point_net_1/concat:0=Concat, [-1, 8192, 1088], 1
	point_net_1/ExpandDims_3/dim:0=Const, [], 6
Outpus:
	point_net_1/ExpandDims_3:0=[-1, 8192, 1, 1088], 1
2026-01-30 09:38:34,258 - tf2onnx.graph - DEBUG - Making node: Name=point_net_1/ExpandDims_3__90, OP=Cast
2026-01-30 09:38:34,258 - tf2onnx.graph - DEBUG - Infer shape and dtype for [point_net_1/ExpandDims_3__90]
2026-01-30 09:38:34,259 - tf2onnx.graph - DEBUG - Set dtype of [point_net_1/ExpandDims_3__90:0] to 7
2026-01-30 09:38:34,259 - tf2onnx.graph - DEBUG - Set shape of [point_net_1/ExpandDims_3__90:0] to []
2026-01-30 09:38:34,259 - tf2onnx.graph - DEBUG - Made node: point_net_1/ExpandDims_3__90
OP=Cast
Name=point_net_1/ExpandDims_3__90
Inputs:
	point_net_1/ExpandDims_3/dim:0=Const, [], 6
Outpus:
	point_net_1/ExpandDims_3__90:0=[], 7
2026-01-30 09:38:34,259 - tf2onnx.graph - DEBUG - Making node: Name=reshape_const__91, OP=Const
2026-01-30 09:38:34,260 - tf2onnx.graph - DEBUG - Made node: reshape_const__91
OP=Const
Name=reshape_const__91
Outpus:
	reshape_const__91=None, 7
2026-01-30 09:38:34,260 - tf2onnx.graph - DEBUG - Making node: Name=Reshape__92, OP=Reshape
2026-01-30 09:38:34,260 - tf2onnx.graph - DEBUG - Infer shape and dtype for [Reshape__92]
2026-01-30 09:38:34,260 - tf2onnx.graph - DEBUG - Set dtype of [Reshape__92:0] to 7
2026-01-30 09:38:34,261 - tf2onnx.graph - DEBUG - Set shape of [Reshape__92:0] to [1]
2026-01-30 09:38:34,261 - tf2onnx.graph - DEBUG - Made node: Reshape__92
OP=Reshape
Name=Reshape__92
Inputs:
	point_net_1/ExpandDims_3__90:0=Cast, [], 7
	reshape_const__91=Const, [1], 7
Outpus:
	Reshape__92:0=[1], 7
2026-01-30 09:38:34,261 - tf2onnx.tfonnx - DEBUG - Process node: point_net_1/seg_l1_512_convolution_layer_1/batch_normalization_17_1/batchnorm/mul_1
OP=Conv2D
Name=point_net_1/seg_l1_512_convolution_layer_1/batch_normalization_17_1/batchnorm/mul_1
Inputs:
	point_net_1/ExpandDims_3:0=Unsqueeze, [-1, 8192, 1, 1088], 1
	point_net_1/seg_l1_512_convolution_layer_1/seg_l1_512_convolution_layer_1/convolution/merged_input:0=Const, [1, 1, 1088, 512], 1
Outpus:
	point_net_1/seg_l1_512_convolution_layer_1/batch_normalization_17_1/batchnorm/mul_1:0=[-1, 8192, 1, 512], 1
2026-01-30 09:38:34,261 - tf2onnx.graph - DEBUG - Making node: Name=point_net_1/seg_l1_512_convolution_layer_1/batch_normalization_17_1/batchnorm/mul_1__93, OP=Transpose
2026-01-30 09:38:34,262 - tf2onnx.graph - DEBUG - Infer shape and dtype for [point_net_1/seg_l1_512_convolution_layer_1/batch_normalization_17_1/batchnorm/mul_1__93]
2026-01-30 09:38:34,262 - tf2onnx.graph - DEBUG - Set dtype of [point_net_1/seg_l1_512_convolution_layer_1/batch_normalization_17_1/batchnorm/mul_1__93:0] to 1
2026-01-30 09:38:34,262 - tf2onnx.graph - DEBUG - Set shape of [point_net_1/seg_l1_512_convolution_layer_1/batch_normalization_17_1/batchnorm/mul_1__93:0] to [1088, 1, 8192, -1]
2026-01-30 09:38:34,263 - tf2onnx.graph - DEBUG - Made node: point_net_1/seg_l1_512_convolution_layer_1/batch_normalization_17_1/batchnorm/mul_1__93
OP=Transpose
Name=point_net_1/seg_l1_512_convolution_layer_1/batch_normalization_17_1/batchnorm/mul_1__93
Inputs:
	point_net_1/ExpandDims_3:0=Unsqueeze, [-1, 8192, 1, 1088], 1
Outpus:
	point_net_1/seg_l1_512_convolution_layer_1/batch_normalization_17_1/batchnorm/mul_1__93:0=[1088, 1, 8192, -1], 1
2026-01-30 09:38:34,267 - tf2onnx.graph - DEBUG - Making node: Name=point_net_1/seg_l1_512_convolution_layer_1/batch_normalization_17_1/batchnorm/mul_1__95, OP=Transpose
2026-01-30 09:38:34,267 - tf2onnx.graph - DEBUG - Infer shape and dtype for [point_net_1/seg_l1_512_convolution_layer_1/batch_normalization_17_1/batchnorm/mul_1__95]
2026-01-30 09:38:34,268 - tf2onnx.graph - DEBUG - Set dtype of [point_net_1/seg_l1_512_convolution_layer_1/batch_normalization_17_1/batchnorm/mul_1__95:0] to 1
2026-01-30 09:38:34,268 - tf2onnx.graph - DEBUG - Set shape of [point_net_1/seg_l1_512_convolution_layer_1/batch_normalization_17_1/batchnorm/mul_1__95:0] to [512, 1, 8192, -1]
2026-01-30 09:38:34,268 - tf2onnx.graph - DEBUG - Made node: point_net_1/seg_l1_512_convolution_layer_1/batch_normalization_17_1/batchnorm/mul_1__95
OP=Transpose
Name=point_net_1/seg_l1_512_convolution_layer_1/batch_normalization_17_1/batchnorm/mul_1__95
Inputs:
	point_net_1/seg_l1_512_convolution_layer_1/batch_normalization_17_1/batchnorm/mul_1:0=Conv, [-1, 8192, 1, 512], 1
Outpus:
	point_net_1/seg_l1_512_convolution_layer_1/batch_normalization_17_1/batchnorm/mul_1__95:0=[512, 1, 8192, -1], 1
2026-01-30 09:38:34,268 - tf2onnx.tfonnx - DEBUG - Process node: point_net_1/seg_l1_512_convolution_layer_1/Relu
OP=Relu
Name=point_net_1/seg_l1_512_convolution_layer_1/Relu
Inputs:
	point_net_1/seg_l1_512_convolution_layer_1/batch_normalization_17_1/batchnorm/mul_1__95:0=Transpose, [-1, 8192, 1, 512], 1
Outpus:
	point_net_1/seg_l1_512_convolution_layer_1/Relu:0=[-1, 8192, 1, 512], 1
2026-01-30 09:38:34,269 - tf2onnx.tfonnx - DEBUG - Process node: point_net_1/seg_l2_256_convolution_layer_1/batch_normalization_18_1/batchnorm/mul_1
OP=Conv2D
Name=point_net_1/seg_l2_256_convolution_layer_1/batch_normalization_18_1/batchnorm/mul_1
Inputs:
	point_net_1/seg_l1_512_convolution_layer_1/Relu:0=Relu, [-1, 8192, 1, 512], 1
	point_net_1/seg_l2_256_convolution_layer_1/seg_l2_256_convolution_layer_1/convolution/merged_input:0=Const, [1, 1, 512, 256], 1
Outpus:
	point_net_1/seg_l2_256_convolution_layer_1/batch_normalization_18_1/batchnorm/mul_1:0=[-1, 8192, 1, 256], 1
2026-01-30 09:38:34,269 - tf2onnx.graph - DEBUG - Making node: Name=point_net_1/seg_l2_256_convolution_layer_1/batch_normalization_18_1/batchnorm/mul_1__97, OP=Transpose
2026-01-30 09:38:34,269 - tf2onnx.graph - DEBUG - Infer shape and dtype for [point_net_1/seg_l2_256_convolution_layer_1/batch_normalization_18_1/batchnorm/mul_1__97]
2026-01-30 09:38:34,269 - tf2onnx.graph - DEBUG - Set dtype of [point_net_1/seg_l2_256_convolution_layer_1/batch_normalization_18_1/batchnorm/mul_1__97:0] to 1
2026-01-30 09:38:34,270 - tf2onnx.graph - DEBUG - Set shape of [point_net_1/seg_l2_256_convolution_layer_1/batch_normalization_18_1/batchnorm/mul_1__97:0] to [512, 1, 8192, -1]
2026-01-30 09:38:34,270 - tf2onnx.graph - DEBUG - Made node: point_net_1/seg_l2_256_convolution_layer_1/batch_normalization_18_1/batchnorm/mul_1__97
OP=Transpose
Name=point_net_1/seg_l2_256_convolution_layer_1/batch_normalization_18_1/batchnorm/mul_1__97
Inputs:
	point_net_1/seg_l1_512_convolution_layer_1/Relu:0=Relu, [-1, 8192, 1, 512], 1
Outpus:
	point_net_1/seg_l2_256_convolution_layer_1/batch_normalization_18_1/batchnorm/mul_1__97:0=[512, 1, 8192, -1], 1
2026-01-30 09:38:34,271 - tf2onnx.graph - DEBUG - Making node: Name=point_net_1/seg_l2_256_convolution_layer_1/batch_normalization_18_1/batchnorm/mul_1__99, OP=Transpose
2026-01-30 09:38:34,271 - tf2onnx.graph - DEBUG - Infer shape and dtype for [point_net_1/seg_l2_256_convolution_layer_1/batch_normalization_18_1/batchnorm/mul_1__99]
2026-01-30 09:38:34,271 - tf2onnx.graph - DEBUG - Set dtype of [point_net_1/seg_l2_256_convolution_layer_1/batch_normalization_18_1/batchnorm/mul_1__99:0] to 1
2026-01-30 09:38:34,271 - tf2onnx.graph - DEBUG - Set shape of [point_net_1/seg_l2_256_convolution_layer_1/batch_normalization_18_1/batchnorm/mul_1__99:0] to [256, 1, 8192, -1]
2026-01-30 09:38:34,272 - tf2onnx.graph - DEBUG - Made node: point_net_1/seg_l2_256_convolution_layer_1/batch_normalization_18_1/batchnorm/mul_1__99
OP=Transpose
Name=point_net_1/seg_l2_256_convolution_layer_1/batch_normalization_18_1/batchnorm/mul_1__99
Inputs:
	point_net_1/seg_l2_256_convolution_layer_1/batch_normalization_18_1/batchnorm/mul_1:0=Conv, [-1, 8192, 1, 256], 1
Outpus:
	point_net_1/seg_l2_256_convolution_layer_1/batch_normalization_18_1/batchnorm/mul_1__99:0=[256, 1, 8192, -1], 1
2026-01-30 09:38:34,272 - tf2onnx.tfonnx - DEBUG - Process node: point_net_1/seg_l2_256_convolution_layer_1/Relu
OP=Relu
Name=point_net_1/seg_l2_256_convolution_layer_1/Relu
Inputs:
	point_net_1/seg_l2_256_convolution_layer_1/batch_normalization_18_1/batchnorm/mul_1__99:0=Transpose, [-1, 8192, 1, 256], 1
Outpus:
	point_net_1/seg_l2_256_convolution_layer_1/Relu:0=[-1, 8192, 1, 256], 1
2026-01-30 09:38:34,272 - tf2onnx.tfonnx - DEBUG - Process node: point_net_1/seg_l3_128_convolution_layer_1/batch_normalization_19_1/batchnorm/mul_1
OP=Conv2D
Name=point_net_1/seg_l3_128_convolution_layer_1/batch_normalization_19_1/batchnorm/mul_1
Inputs:
	point_net_1/seg_l2_256_convolution_layer_1/Relu:0=Relu, [-1, 8192, 1, 256], 1
	point_net_1/seg_l3_128_convolution_layer_1/seg_l3_128_convolution_layer_1/convolution/merged_input:0=Const, [1, 1, 256, 128], 1
Outpus:
	point_net_1/seg_l3_128_convolution_layer_1/batch_normalization_19_1/batchnorm/mul_1:0=[-1, 8192, 1, 128], 1
2026-01-30 09:38:34,273 - tf2onnx.graph - DEBUG - Making node: Name=point_net_1/seg_l3_128_convolution_layer_1/batch_normalization_19_1/batchnorm/mul_1__101, OP=Transpose
2026-01-30 09:38:34,273 - tf2onnx.graph - DEBUG - Infer shape and dtype for [point_net_1/seg_l3_128_convolution_layer_1/batch_normalization_19_1/batchnorm/mul_1__101]
2026-01-30 09:38:34,274 - tf2onnx.graph - DEBUG - Set dtype of [point_net_1/seg_l3_128_convolution_layer_1/batch_normalization_19_1/batchnorm/mul_1__101:0] to 1
2026-01-30 09:38:34,274 - tf2onnx.graph - DEBUG - Set shape of [point_net_1/seg_l3_128_convolution_layer_1/batch_normalization_19_1/batchnorm/mul_1__101:0] to [256, 1, 8192, -1]
2026-01-30 09:38:34,275 - tf2onnx.graph - DEBUG - Made node: point_net_1/seg_l3_128_convolution_layer_1/batch_normalization_19_1/batchnorm/mul_1__101
OP=Transpose
Name=point_net_1/seg_l3_128_convolution_layer_1/batch_normalization_19_1/batchnorm/mul_1__101
Inputs:
	point_net_1/seg_l2_256_convolution_layer_1/Relu:0=Relu, [-1, 8192, 1, 256], 1
Outpus:
	point_net_1/seg_l3_128_convolution_layer_1/batch_normalization_19_1/batchnorm/mul_1__101:0=[256, 1, 8192, -1], 1
2026-01-30 09:38:34,275 - tf2onnx.graph - DEBUG - Making node: Name=point_net_1/seg_l3_128_convolution_layer_1/batch_normalization_19_1/batchnorm/mul_1__103, OP=Transpose
2026-01-30 09:38:34,276 - tf2onnx.graph - DEBUG - Infer shape and dtype for [point_net_1/seg_l3_128_convolution_layer_1/batch_normalization_19_1/batchnorm/mul_1__103]
2026-01-30 09:38:34,276 - tf2onnx.graph - DEBUG - Set dtype of [point_net_1/seg_l3_128_convolution_layer_1/batch_normalization_19_1/batchnorm/mul_1__103:0] to 1
2026-01-30 09:38:34,276 - tf2onnx.graph - DEBUG - Set shape of [point_net_1/seg_l3_128_convolution_layer_1/batch_normalization_19_1/batchnorm/mul_1__103:0] to [128, 1, 8192, -1]
2026-01-30 09:38:34,276 - tf2onnx.graph - DEBUG - Made node: point_net_1/seg_l3_128_convolution_layer_1/batch_normalization_19_1/batchnorm/mul_1__103
OP=Transpose
Name=point_net_1/seg_l3_128_convolution_layer_1/batch_normalization_19_1/batchnorm/mul_1__103
Inputs:
	point_net_1/seg_l3_128_convolution_layer_1/batch_normalization_19_1/batchnorm/mul_1:0=Conv, [-1, 8192, 1, 128], 1
Outpus:
	point_net_1/seg_l3_128_convolution_layer_1/batch_normalization_19_1/batchnorm/mul_1__103:0=[128, 1, 8192, -1], 1
2026-01-30 09:38:34,277 - tf2onnx.tfonnx - DEBUG - Process node: point_net_1/seg_l3_128_convolution_layer_1/Relu
OP=Relu
Name=point_net_1/seg_l3_128_convolution_layer_1/Relu
Inputs:
	point_net_1/seg_l3_128_convolution_layer_1/batch_normalization_19_1/batchnorm/mul_1__103:0=Transpose, [-1, 8192, 1, 128], 1
Outpus:
	point_net_1/seg_l3_128_convolution_layer_1/Relu:0=[-1, 8192, 1, 128], 1
2026-01-30 09:38:34,277 - tf2onnx.tfonnx - DEBUG - Process node: point_net_1/seg_l4_128_convolution_layer_1/batch_normalization_20_1/batchnorm/mul_1
OP=Conv2D
Name=point_net_1/seg_l4_128_convolution_layer_1/batch_normalization_20_1/batchnorm/mul_1
Inputs:
	point_net_1/seg_l3_128_convolution_layer_1/Relu:0=Relu, [-1, 8192, 1, 128], 1
	point_net_1/seg_l4_128_convolution_layer_1/seg_l4_128_convolution_layer_1/convolution/merged_input:0=Const, [1, 1, 128, 128], 1
Outpus:
	point_net_1/seg_l4_128_convolution_layer_1/batch_normalization_20_1/batchnorm/mul_1:0=[-1, 8192, 1, 128], 1
2026-01-30 09:38:34,278 - tf2onnx.graph - DEBUG - Making node: Name=point_net_1/seg_l4_128_convolution_layer_1/batch_normalization_20_1/batchnorm/mul_1__105, OP=Transpose
2026-01-30 09:38:34,278 - tf2onnx.graph - DEBUG - Infer shape and dtype for [point_net_1/seg_l4_128_convolution_layer_1/batch_normalization_20_1/batchnorm/mul_1__105]
2026-01-30 09:38:34,278 - tf2onnx.graph - DEBUG - Set dtype of [point_net_1/seg_l4_128_convolution_layer_1/batch_normalization_20_1/batchnorm/mul_1__105:0] to 1
2026-01-30 09:38:34,278 - tf2onnx.graph - DEBUG - Set shape of [point_net_1/seg_l4_128_convolution_layer_1/batch_normalization_20_1/batchnorm/mul_1__105:0] to [128, 1, 8192, -1]
2026-01-30 09:38:34,279 - tf2onnx.graph - DEBUG - Made node: point_net_1/seg_l4_128_convolution_layer_1/batch_normalization_20_1/batchnorm/mul_1__105
OP=Transpose
Name=point_net_1/seg_l4_128_convolution_layer_1/batch_normalization_20_1/batchnorm/mul_1__105
Inputs:
	point_net_1/seg_l3_128_convolution_layer_1/Relu:0=Relu, [-1, 8192, 1, 128], 1
Outpus:
	point_net_1/seg_l4_128_convolution_layer_1/batch_normalization_20_1/batchnorm/mul_1__105:0=[128, 1, 8192, -1], 1
2026-01-30 09:38:34,279 - tf2onnx.graph - DEBUG - Making node: Name=point_net_1/seg_l4_128_convolution_layer_1/batch_normalization_20_1/batchnorm/mul_1__107, OP=Transpose
2026-01-30 09:38:34,279 - tf2onnx.graph - DEBUG - Infer shape and dtype for [point_net_1/seg_l4_128_convolution_layer_1/batch_normalization_20_1/batchnorm/mul_1__107]
2026-01-30 09:38:34,280 - tf2onnx.graph - DEBUG - Set dtype of [point_net_1/seg_l4_128_convolution_layer_1/batch_normalization_20_1/batchnorm/mul_1__107:0] to 1
2026-01-30 09:38:34,280 - tf2onnx.graph - DEBUG - Set shape of [point_net_1/seg_l4_128_convolution_layer_1/batch_normalization_20_1/batchnorm/mul_1__107:0] to [128, 1, 8192, -1]
2026-01-30 09:38:34,280 - tf2onnx.graph - DEBUG - Made node: point_net_1/seg_l4_128_convolution_layer_1/batch_normalization_20_1/batchnorm/mul_1__107
OP=Transpose
Name=point_net_1/seg_l4_128_convolution_layer_1/batch_normalization_20_1/batchnorm/mul_1__107
Inputs:
	point_net_1/seg_l4_128_convolution_layer_1/batch_normalization_20_1/batchnorm/mul_1:0=Conv, [-1, 8192, 1, 128], 1
Outpus:
	point_net_1/seg_l4_128_convolution_layer_1/batch_normalization_20_1/batchnorm/mul_1__107:0=[128, 1, 8192, -1], 1
2026-01-30 09:38:34,281 - tf2onnx.tfonnx - DEBUG - Process node: point_net_1/seg_l4_128_convolution_layer_1/Relu
OP=Relu
Name=point_net_1/seg_l4_128_convolution_layer_1/Relu
Inputs:
	point_net_1/seg_l4_128_convolution_layer_1/batch_normalization_20_1/batchnorm/mul_1__107:0=Transpose, [-1, 8192, 1, 128], 1
Outpus:
	point_net_1/seg_l4_128_convolution_layer_1/Relu:0=[-1, 8192, 1, 128], 1
2026-01-30 09:38:34,281 - tf2onnx.tfonnx - DEBUG - Process node: point_net_1/seg_l5_output_convolution_layer_1/seg_l5_output_convolution_layer_1/convolution
OP=Conv2D
Name=point_net_1/seg_l5_output_convolution_layer_1/seg_l5_output_convolution_layer_1/convolution
Inputs:
	point_net_1/seg_l4_128_convolution_layer_1/Relu:0=Relu, [-1, 8192, 1, 128], 1
	point_net_1/seg_l5_output_convolution_layer_1/seg_l5_output_convolution_layer_1/convolution/ReadVariableOp:0=Const, [1, 1, 128, 12], 1
Outpus:
	point_net_1/seg_l5_output_convolution_layer_1/seg_l5_output_convolution_layer_1/convolution:0=[-1, 8192, 1, 12], 1
2026-01-30 09:38:34,281 - tf2onnx.graph - DEBUG - Making node: Name=point_net_1/seg_l5_output_convolution_layer_1/seg_l5_output_convolution_layer_1/convolution__109, OP=Transpose
2026-01-30 09:38:34,281 - tf2onnx.graph - DEBUG - Infer shape and dtype for [point_net_1/seg_l5_output_convolution_layer_1/seg_l5_output_convolution_layer_1/convolution__109]
2026-01-30 09:38:34,282 - tf2onnx.graph - DEBUG - Set dtype of [point_net_1/seg_l5_output_convolution_layer_1/seg_l5_output_convolution_layer_1/convolution__109:0] to 1
2026-01-30 09:38:34,282 - tf2onnx.graph - DEBUG - Set shape of [point_net_1/seg_l5_output_convolution_layer_1/seg_l5_output_convolution_layer_1/convolution__109:0] to [128, 1, 8192, -1]
2026-01-30 09:38:34,282 - tf2onnx.graph - DEBUG - Made node: point_net_1/seg_l5_output_convolution_layer_1/seg_l5_output_convolution_layer_1/convolution__109
OP=Transpose
Name=point_net_1/seg_l5_output_convolution_layer_1/seg_l5_output_convolution_layer_1/convolution__109
Inputs:
	point_net_1/seg_l4_128_convolution_layer_1/Relu:0=Relu, [-1, 8192, 1, 128], 1
Outpus:
	point_net_1/seg_l5_output_convolution_layer_1/seg_l5_output_convolution_layer_1/convolution__109:0=[128, 1, 8192, -1], 1
2026-01-30 09:38:34,283 - tf2onnx.graph - DEBUG - Making node: Name=point_net_1/seg_l5_output_convolution_layer_1/seg_l5_output_convolution_layer_1/convolution__111, OP=Transpose
2026-01-30 09:38:34,283 - tf2onnx.graph - DEBUG - Infer shape and dtype for [point_net_1/seg_l5_output_convolution_layer_1/seg_l5_output_convolution_layer_1/convolution__111]
2026-01-30 09:38:34,283 - tf2onnx.graph - DEBUG - Set dtype of [point_net_1/seg_l5_output_convolution_layer_1/seg_l5_output_convolution_layer_1/convolution__111:0] to 1
2026-01-30 09:38:34,284 - tf2onnx.graph - DEBUG - Set shape of [point_net_1/seg_l5_output_convolution_layer_1/seg_l5_output_convolution_layer_1/convolution__111:0] to [12, 1, 8192, -1]
2026-01-30 09:38:34,284 - tf2onnx.graph - DEBUG - Made node: point_net_1/seg_l5_output_convolution_layer_1/seg_l5_output_convolution_layer_1/convolution__111
OP=Transpose
Name=point_net_1/seg_l5_output_convolution_layer_1/seg_l5_output_convolution_layer_1/convolution__111
Inputs:
	point_net_1/seg_l5_output_convolution_layer_1/seg_l5_output_convolution_layer_1/convolution:0=Conv, [-1, 8192, 1, 12], 1
Outpus:
	point_net_1/seg_l5_output_convolution_layer_1/seg_l5_output_convolution_layer_1/convolution__111:0=[12, 1, 8192, -1], 1
2026-01-30 09:38:34,284 - tf2onnx.tfonnx - DEBUG - Process node: point_net_1/seg_l5_output_convolution_layer_1/Softmax
OP=Softmax
Name=point_net_1/seg_l5_output_convolution_layer_1/Softmax
Inputs:
	point_net_1/seg_l5_output_convolution_layer_1/seg_l5_output_convolution_layer_1/convolution__111:0=Transpose, [-1, 8192, 1, 12], 1
Outpus:
	point_net_1/seg_l5_output_convolution_layer_1/Softmax:0=[-1, 8192, 1, 12], 1
2026-01-30 09:38:34,284 - tf2onnx.tfonnx - DEBUG - Process node: point_net_1/Squeeze_2
OP=Squeeze
Name=point_net_1/Squeeze_2
Inputs:
	point_net_1/seg_l5_output_convolution_layer_1/Softmax:0=Softmax, [-1, 8192, 1, 12], 1
Outpus:
	point_net_1/Squeeze_2:0=[-1, 8192, 12], 1
2026-01-30 09:38:34,285 - tf2onnx.graph - DEBUG - Making node: Name=axes_const__113, OP=Const
2026-01-30 09:38:34,285 - tf2onnx.graph - DEBUG - Made node: axes_const__113
OP=Const
Name=axes_const__113
Outpus:
	axes_const__113=None, 7
2026-01-30 09:38:34,285 - tf2onnx.tfonnx - DEBUG - Process node: Identity_2
OP=Identity
Name=Identity_2
Inputs:
	point_net_1/Squeeze_2:0=Squeeze, [-1, 8192, 12], 1
Outpus:
	Identity_2_raw_output___6:0=[-1, 8192, 12], 1
2026-01-30 09:38:34,285 - tf2onnx.tfonnx - DEBUG - Process node: Identity_2_graph_outputs_Identity__7
OP=Identity
Name=Identity_2_graph_outputs_Identity__7
Inputs:
	Identity_2_raw_output___6:0=Identity, [-1, 8192, 12], 1
Outpus:
	segmentation_output=[-1, 8192, 12], 1
2026-01-30 09:38:34,285 - tf2onnx.tfonnx - DEBUG - explicitly skip node Identity_2_graph_outputs_Identity__7
2026-01-30 09:38:34,286 - tf2onnx.tfonnx - DEBUG - Process node: Identity_1
OP=Identity
Name=Identity_1
Inputs:
	point_net_1/input_transform_1/add:0=Add, [-1, 3, 3], 1
Outpus:
	Identity_1_raw_output___8:0=[-1, 3, 3], 1
2026-01-30 09:38:34,286 - tf2onnx.tfonnx - DEBUG - Process node: Identity_1_graph_outputs_Identity__9
OP=Identity
Name=Identity_1_graph_outputs_Identity__9
Inputs:
	Identity_1_raw_output___8:0=Identity, [-1, 3, 3], 1
Outpus:
	se3=[-1, 3, 3], 1
2026-01-30 09:38:34,286 - tf2onnx.tfonnx - DEBUG - explicitly skip node Identity_1_graph_outputs_Identity__9
2026-01-30 09:38:34,286 - tf2onnx.tfonnx - DEBUG - Process node: Identity
OP=Identity
Name=Identity
Inputs:
	point_net_1/output_dense_layer_1/Softmax:0=Softmax, [-1, 23], 1
Outpus:
	Identity_raw_output___4:0=[-1, 23], 1
2026-01-30 09:38:34,287 - tf2onnx.tfonnx - DEBUG - Process node: Identity_graph_outputs_Identity__5
OP=Identity
Name=Identity_graph_outputs_Identity__5
Inputs:
	Identity_raw_output___4:0=Identity, [-1, 23], 1
Outpus:
	classification_output=[-1, 23], 1
2026-01-30 09:38:34,287 - tf2onnx.tfonnx - DEBUG - explicitly skip node Identity_graph_outputs_Identity__5
2026-01-30 09:38:34,294 - tf2onnx.tfonnx - VERBOSE - Summay Stats:
	tensorflow ops: Counter({'Const': 71, 'Relu': 21, 'AddV2': 19, 'Conv2D': 16, 'ExpandDims': 9, 'Squeeze': 7, 'MatMul': 7, 'Mul': 6, 'Identity': 6, 'Max': 4, 'BatchMatMulV2': 4, 'Reshape': 2, 'Softmax': 2, 'Placeholder': 1, 'Mean': 1, 'Sub': 1, 'Square': 1, 'Sum': 1, 'Sqrt': 1, 'Maximum': 1, 'RealDiv': 1, 'Tile': 1, 'ConcatV2': 1, 'BiasAdd': 1})
	tensorflow attr: Counter({'dtype': 72, 'value': 71, 'data_format': 17, 'dilations': 16, 'padding': 16, 'strides': 16, 'explicit_paddings': 16, 'Tidx': 7, 'squeeze_dims': 7, 'grad_a': 7, 'grad_b': 7, 'transpose_a': 7, 'transpose_b': 7, 'keep_dims': 6, 'adj_x': 4, 'adj_y': 4, 'grad_x': 4, 'grad_y': 4, 'shape': 1, 'N': 1})
	onnx mapped: Counter({'Const': 71, 'Relu': 21, 'AddV2': 19, 'Conv2D': 16, 'ExpandDims': 9, 'Squeeze': 7, 'MatMul': 7, 'Mul': 6, 'Max': 4, 'BatchMatMulV2': 4, 'Identity': 3, 'Reshape': 2, 'Softmax': 2, 'Placeholder': 1, 'Mean': 1, 'Sub': 1, 'Square': 1, 'Sum': 1, 'Sqrt': 1, 'Maximum': 1, 'RealDiv': 1, 'BiasAdd': 1, 'Tile': 1, 'ConcatV2': 1})
	onnx unmapped: Counter()
2026-01-30 09:38:34,295 - tf2onnx.optimizer - INFO - Optimizing ONNX model
2026-01-30 09:38:34,295 - tf2onnx.optimizer - VERBOSE - Apply optimize_transpose
2026-01-30 09:38:34,307 - tf2onnx.graph - DEBUG - Making node: Name=Conv__114, OP=Conv
2026-01-30 09:38:34,307 - tf2onnx.graph - DEBUG - Infer shape and dtype for [Conv__114]
2026-01-30 09:38:34,308 - tf2onnx.graph - DEBUG - Set dtype of [Conv__114:0] to 1
2026-01-30 09:38:34,308 - tf2onnx.graph - DEBUG - Set shape of [Conv__114:0] to [-1, 64, 8192, 1]
2026-01-30 09:38:34,309 - tf2onnx.graph - DEBUG - Made node: Conv__114
OP=Conv
Name=Conv__114
Inputs:
	point_net_1/input_transform_1/input_transform_convolution_layer_1_convolution_layer_1/batch_normalization_1/batchnorm/mul_1__19:0=Transpose, [-1, 3, 8192, 1], 1
	point_net_1/input_transform_1/input_transform_convolution_layer_1_convolution_layer_1/input_transform_convolution_layer_1_convolution_layer_1/convolution/merged_input:0=Const, [64, 3, 1, 1], 1
	point_net_1/input_transform_1/input_transform_convolution_layer_1_convolution_layer_1/batch_normalization_1/batchnorm/sub:0=Const, [64], 1
Outpus:
	Conv__114:0=[-1, 64, 8192, 1], 1
2026-01-30 09:38:34,309 - tf2onnx.graph - DEBUG - Making node: Name=Conv__116, OP=Conv
2026-01-30 09:38:34,310 - tf2onnx.graph - DEBUG - Infer shape and dtype for [Conv__116]
2026-01-30 09:38:34,310 - tf2onnx.graph - DEBUG - Set dtype of [Conv__116:0] to 1
2026-01-30 09:38:34,311 - tf2onnx.graph - DEBUG - Set shape of [Conv__116:0] to [-1, 128, 8192, 1]
2026-01-30 09:38:34,311 - tf2onnx.graph - DEBUG - Made node: Conv__116
OP=Conv
Name=Conv__116
Inputs:
	point_net_1/input_transform_1/input_transform_convolution_layer_2_convolution_layer_1/batch_normalization_1_1/batchnorm/mul_1__23:0=Transpose, [-1, 64, 8192, 1], 1
	point_net_1/input_transform_1/input_transform_convolution_layer_2_convolution_layer_1/input_transform_convolution_layer_2_convolution_layer_1/convolution/merged_input:0=Const, [128, 64, 1, 1], 1
	point_net_1/input_transform_1/input_transform_convolution_layer_2_convolution_layer_1/batch_normalization_1_1/batchnorm/sub:0=Const, [128], 1
Outpus:
	Conv__116:0=[-1, 128, 8192, 1], 1
2026-01-30 09:38:34,312 - tf2onnx.graph - DEBUG - Making node: Name=Conv__118, OP=Conv
2026-01-30 09:38:34,312 - tf2onnx.graph - DEBUG - Infer shape and dtype for [Conv__118]
2026-01-30 09:38:34,314 - tf2onnx.graph - DEBUG - Set dtype of [Conv__118:0] to 1
2026-01-30 09:38:34,314 - tf2onnx.graph - DEBUG - Set shape of [Conv__118:0] to [-1, 1024, 8192, 1]
2026-01-30 09:38:34,315 - tf2onnx.graph - DEBUG - Made node: Conv__118
OP=Conv
Name=Conv__118
Inputs:
	point_net_1/input_transform_1/input_transform_convolution_layer_3_convolution_layer_1/batch_normalization_2_1/batchnorm/mul_1__27:0=Transpose, [-1, 128, 8192, 1], 1
	point_net_1/input_transform_1/input_transform_convolution_layer_3_convolution_layer_1/input_transform_convolution_layer_3_convolution_layer_1/convolution/merged_input:0=Const, [1024, 128, 1, 1], 1
	point_net_1/input_transform_1/input_transform_convolution_layer_3_convolution_layer_1/batch_normalization_2_1/batchnorm/sub:0=Const, [1024], 1
Outpus:
	Conv__118:0=[-1, 1024, 8192, 1], 1
2026-01-30 09:38:34,315 - tf2onnx.graph - DEBUG - Making node: Name=axes_const__31__120, OP=Const
2026-01-30 09:38:34,316 - tf2onnx.graph - DEBUG - Made node: axes_const__31__120
OP=Const
Name=axes_const__31__120
Outpus:
	axes_const__31__120=None, 7
2026-01-30 09:38:34,316 - tf2onnx.graph - DEBUG - Making node: Name=Conv__121, OP=Conv
2026-01-30 09:38:34,317 - tf2onnx.graph - DEBUG - Infer shape and dtype for [Conv__121]
2026-01-30 09:38:34,317 - tf2onnx.graph - DEBUG - Set dtype of [Conv__121:0] to 1
2026-01-30 09:38:34,318 - tf2onnx.graph - DEBUG - Set shape of [Conv__121:0] to [-1, 64, 8192, 1]
2026-01-30 09:38:34,318 - tf2onnx.graph - DEBUG - Made node: Conv__121
OP=Conv
Name=Conv__121
Inputs:
	point_net_1/s1_l1_64_convolution_layer_1/batch_normalization_5_1/batchnorm/mul_1__40:0=Transpose, [-1, 3, 8192, 1], 1
	point_net_1/s1_l1_64_convolution_layer_1/s1_l1_64_convolution_layer_1/convolution/merged_input:0=Const, [64, 3, 1, 1], 1
	point_net_1/s1_l1_64_convolution_layer_1/batch_normalization_5_1/batchnorm/sub:0=Const, [64], 1
Outpus:
	Conv__121:0=[-1, 64, 8192, 1], 1
2026-01-30 09:38:34,319 - tf2onnx.graph - DEBUG - Making node: Name=Conv__123, OP=Conv
2026-01-30 09:38:34,319 - tf2onnx.graph - DEBUG - Infer shape and dtype for [Conv__123]
2026-01-30 09:38:34,320 - tf2onnx.graph - DEBUG - Set dtype of [Conv__123:0] to 1
2026-01-30 09:38:34,320 - tf2onnx.graph - DEBUG - Set shape of [Conv__123:0] to [-1, 64, 8192, 1]
2026-01-30 09:38:34,321 - tf2onnx.graph - DEBUG - Made node: Conv__123
OP=Conv
Name=Conv__123
Inputs:
	point_net_1/s1_l2_64_convolution_layer_1/batch_normalization_6_1/batchnorm/mul_1__44:0=Transpose, [-1, 64, 8192, 1], 1
	point_net_1/s1_l2_64_convolution_layer_1/s1_l2_64_convolution_layer_1/convolution/merged_input:0=Const, [64, 64, 1, 1], 1
	point_net_1/s1_l2_64_convolution_layer_1/batch_normalization_6_1/batchnorm/sub:0=Const, [64], 1
Outpus:
	Conv__123:0=[-1, 64, 8192, 1], 1
2026-01-30 09:38:34,321 - tf2onnx.graph - DEBUG - Making node: Name=axes_const__48__125, OP=Const
2026-01-30 09:38:34,322 - tf2onnx.graph - DEBUG - Made node: axes_const__48__125
OP=Const
Name=axes_const__48__125
Outpus:
	axes_const__48__125=None, 7
2026-01-30 09:38:34,322 - tf2onnx.graph - DEBUG - Making node: Name=Conv__126, OP=Conv
2026-01-30 09:38:34,323 - tf2onnx.graph - DEBUG - Infer shape and dtype for [Conv__126]
2026-01-30 09:38:34,325 - tf2onnx.graph - DEBUG - Set dtype of [Conv__126:0] to 1
2026-01-30 09:38:34,325 - tf2onnx.graph - DEBUG - Set shape of [Conv__126:0] to [-1, 64, 8192, 1]
2026-01-30 09:38:34,326 - tf2onnx.graph - DEBUG - Made node: Conv__126
OP=Conv
Name=Conv__126
Inputs:
	point_net_1/feature_transform_1/feature_transform_convolution_layer_1_convolution_layer_1/batch_normalization_7_1/batchnorm/mul_1__52:0=Transpose, [-1, 64, 8192, 1], 1
	point_net_1/feature_transform_1/feature_transform_convolution_layer_1_convolution_layer_1/feature_transform_convolution_layer_1_convolution_layer_1/convolution/merged_input:0=Const, [64, 64, 1, 1], 1
	point_net_1/feature_transform_1/feature_transform_convolution_layer_1_convolution_layer_1/batch_normalization_7_1/batchnorm/sub:0=Const, [64], 1
Outpus:
	Conv__126:0=[-1, 64, 8192, 1], 1
2026-01-30 09:38:34,327 - tf2onnx.graph - DEBUG - Making node: Name=Conv__128, OP=Conv
2026-01-30 09:38:34,327 - tf2onnx.graph - DEBUG - Infer shape and dtype for [Conv__128]
2026-01-30 09:38:34,328 - tf2onnx.graph - DEBUG - Set dtype of [Conv__128:0] to 1
2026-01-30 09:38:34,328 - tf2onnx.graph - DEBUG - Set shape of [Conv__128:0] to [-1, 128, 8192, 1]
2026-01-30 09:38:34,328 - tf2onnx.graph - DEBUG - Made node: Conv__128
OP=Conv
Name=Conv__128
Inputs:
	point_net_1/feature_transform_1/feature_transform_convolution_layer_2_convolution_layer_1/batch_normalization_8_1/batchnorm/mul_1__56:0=Transpose, [-1, 64, 8192, 1], 1
	point_net_1/feature_transform_1/feature_transform_convolution_layer_2_convolution_layer_1/feature_transform_convolution_layer_2_convolution_layer_1/convolution/merged_input:0=Const, [128, 64, 1, 1], 1
	point_net_1/feature_transform_1/feature_transform_convolution_layer_2_convolution_layer_1/batch_normalization_8_1/batchnorm/sub:0=Const, [128], 1
Outpus:
	Conv__128:0=[-1, 128, 8192, 1], 1
2026-01-30 09:38:34,329 - tf2onnx.graph - DEBUG - Making node: Name=Conv__130, OP=Conv
2026-01-30 09:38:34,330 - tf2onnx.graph - DEBUG - Infer shape and dtype for [Conv__130]
2026-01-30 09:38:34,330 - tf2onnx.graph - DEBUG - Set dtype of [Conv__130:0] to 1
2026-01-30 09:38:34,331 - tf2onnx.graph - DEBUG - Set shape of [Conv__130:0] to [-1, 1024, 8192, 1]
2026-01-30 09:38:34,331 - tf2onnx.graph - DEBUG - Made node: Conv__130
OP=Conv
Name=Conv__130
Inputs:
	point_net_1/feature_transform_1/feature_transform_convolution_layer_3_convolution_layer_1/batch_normalization_9_1/batchnorm/mul_1__60:0=Transpose, [-1, 128, 8192, 1], 1
	point_net_1/feature_transform_1/feature_transform_convolution_layer_3_convolution_layer_1/feature_transform_convolution_layer_3_convolution_layer_1/convolution/merged_input:0=Const, [1024, 128, 1, 1], 1
	point_net_1/feature_transform_1/feature_transform_convolution_layer_3_convolution_layer_1/batch_normalization_9_1/batchnorm/sub:0=Const, [1024], 1
Outpus:
	Conv__130:0=[-1, 1024, 8192, 1], 1
2026-01-30 09:38:34,332 - tf2onnx.graph - DEBUG - Making node: Name=axes_const__64__132, OP=Const
2026-01-30 09:38:34,332 - tf2onnx.graph - DEBUG - Made node: axes_const__64__132
OP=Const
Name=axes_const__64__132
Outpus:
	axes_const__64__132=None, 7
2026-01-30 09:38:34,334 - tf2onnx.graph - DEBUG - Making node: Name=Conv__133, OP=Conv
2026-01-30 09:38:34,334 - tf2onnx.graph - DEBUG - Infer shape and dtype for [Conv__133]
2026-01-30 09:38:34,335 - tf2onnx.graph - DEBUG - Set dtype of [Conv__133:0] to 1
2026-01-30 09:38:34,335 - tf2onnx.graph - DEBUG - Set shape of [Conv__133:0] to [-1, 64, 8192, 1]
2026-01-30 09:38:34,335 - tf2onnx.graph - DEBUG - Made node: Conv__133
OP=Conv
Name=Conv__133
Inputs:
	point_net_1/s2_l1_64_convolution_layer_1/batch_normalization_12_1/batchnorm/mul_1__73:0=Transpose, [-1, 64, 8192, 1], 1
	point_net_1/s2_l1_64_convolution_layer_1/s2_l1_64_convolution_layer_1/convolution/merged_input:0=Const, [64, 64, 1, 1], 1
	point_net_1/s2_l1_64_convolution_layer_1/batch_normalization_12_1/batchnorm/sub:0=Const, [64], 1
Outpus:
	Conv__133:0=[-1, 64, 8192, 1], 1
2026-01-30 09:38:34,336 - tf2onnx.graph - DEBUG - Making node: Name=Conv__135, OP=Conv
2026-01-30 09:38:34,337 - tf2onnx.graph - DEBUG - Infer shape and dtype for [Conv__135]
2026-01-30 09:38:34,337 - tf2onnx.graph - DEBUG - Set dtype of [Conv__135:0] to 1
2026-01-30 09:38:34,338 - tf2onnx.graph - DEBUG - Set shape of [Conv__135:0] to [-1, 128, 8192, 1]
2026-01-30 09:38:34,338 - tf2onnx.graph - DEBUG - Made node: Conv__135
OP=Conv
Name=Conv__135
Inputs:
	point_net_1/s2_l2_128_convolution_layer_1/batch_normalization_13_1/batchnorm/mul_1__77:0=Transpose, [-1, 64, 8192, 1], 1
	point_net_1/s2_l2_128_convolution_layer_1/s2_l2_128_convolution_layer_1/convolution/merged_input:0=Const, [128, 64, 1, 1], 1
	point_net_1/s2_l2_128_convolution_layer_1/batch_normalization_13_1/batchnorm/sub:0=Const, [128], 1
Outpus:
	Conv__135:0=[-1, 128, 8192, 1], 1
2026-01-30 09:38:34,339 - tf2onnx.graph - DEBUG - Making node: Name=Conv__137, OP=Conv
2026-01-30 09:38:34,339 - tf2onnx.graph - DEBUG - Infer shape and dtype for [Conv__137]
2026-01-30 09:38:34,340 - tf2onnx.graph - DEBUG - Set dtype of [Conv__137:0] to 1
2026-01-30 09:38:34,341 - tf2onnx.graph - DEBUG - Set shape of [Conv__137:0] to [-1, 1024, 8192, 1]
2026-01-30 09:38:34,341 - tf2onnx.graph - DEBUG - Made node: Conv__137
OP=Conv
Name=Conv__137
Inputs:
	point_net_1/s2_l3_1024_convolution_layer_1/batch_normalization_14_1/batchnorm/mul_1__81:0=Transpose, [-1, 128, 8192, 1], 1
	point_net_1/s2_l3_1024_convolution_layer_1/s2_l3_1024_convolution_layer_1/convolution/merged_input:0=Const, [1024, 128, 1, 1], 1
	point_net_1/s2_l3_1024_convolution_layer_1/batch_normalization_14_1/batchnorm/sub:0=Const, [1024], 1
Outpus:
	Conv__137:0=[-1, 1024, 8192, 1], 1
2026-01-30 09:38:34,342 - tf2onnx.graph - DEBUG - Making node: Name=axes_const__85__139, OP=Const
2026-01-30 09:38:34,343 - tf2onnx.graph - DEBUG - Made node: axes_const__85__139
OP=Const
Name=axes_const__85__139
Outpus:
	axes_const__85__139=None, 7
2026-01-30 09:38:34,346 - tf2onnx.graph - DEBUG - Making node: Name=axes_const__113__140, OP=Const
2026-01-30 09:38:34,346 - tf2onnx.graph - DEBUG - Made node: axes_const__113__140
OP=Const
Name=axes_const__113__140
Outpus:
	axes_const__113__140=None, 7
2026-01-30 09:38:34,347 - tf2onnx.optimizer.TransposeOptimizer - DEBUG - cannot move transpose down since it met output node Identity_2_graph_outputs_Identity__7
2026-01-30 09:38:34,348 - tf2onnx.optimizer.TransposeOptimizer - DEBUG - finish after 39 iteration(s)
2026-01-30 09:38:34,365 - tf2onnx.optimizer.TransposeOptimizer - VERBOSE - Add -11 (20->9), Const -6 (88->82), Identity -1 (6->5), Transpose -3 (32->29)
2026-01-30 09:38:34,365 - tf2onnx.optimizer - VERBOSE - Apply remove_redundant_upsample
2026-01-30 09:38:34,397 - tf2onnx.optimizer.UpsampleOptimizer - VERBOSE - no change
2026-01-30 09:38:34,398 - tf2onnx.optimizer - VERBOSE - Apply fold_constants
2026-01-30 09:38:34,407 - tf2onnx.graph - DEBUG - Making node: Name=const_fold_opt__141, OP=Const
2026-01-30 09:38:34,408 - tf2onnx.graph - DEBUG - Made node: const_fold_opt__141
OP=Const
Name=const_fold_opt__141
Outpus:
	const_fold_opt__141=None, 7
2026-01-30 09:38:34,409 - tf2onnx.graph - DEBUG - Making node: Name=const_fold_opt__142, OP=Const
2026-01-30 09:38:34,409 - tf2onnx.graph - DEBUG - Made node: const_fold_opt__142
OP=Const
Name=const_fold_opt__142
Outpus:
	const_fold_opt__142=None, 7
2026-01-30 09:38:34,410 - tf2onnx.graph - DEBUG - Making node: Name=const_fold_opt__143, OP=Const
2026-01-30 09:38:34,411 - tf2onnx.graph - DEBUG - Made node: const_fold_opt__143
OP=Const
Name=const_fold_opt__143
Outpus:
	const_fold_opt__143=None, 7
2026-01-30 09:38:34,411 - tf2onnx.graph - DEBUG - Making node: Name=const_fold_opt__144, OP=Const
2026-01-30 09:38:34,412 - tf2onnx.graph - DEBUG - Made node: const_fold_opt__144
OP=Const
Name=const_fold_opt__144
Outpus:
	const_fold_opt__144=None, 7
2026-01-30 09:38:34,413 - tf2onnx.graph - DEBUG - Making node: Name=const_fold_opt__145, OP=Const
2026-01-30 09:38:34,413 - tf2onnx.graph - DEBUG - Made node: const_fold_opt__145
OP=Const
Name=const_fold_opt__145
Outpus:
	const_fold_opt__145=None, 7
2026-01-30 09:38:34,414 - tf2onnx.graph - DEBUG - Making node: Name=const_fold_opt__146, OP=Const
2026-01-30 09:38:34,414 - tf2onnx.graph - DEBUG - Made node: const_fold_opt__146
OP=Const
Name=const_fold_opt__146
Outpus:
	const_fold_opt__146=None, 7
2026-01-30 09:38:34,415 - tf2onnx.graph - DEBUG - Making node: Name=const_fold_opt__147, OP=Const
2026-01-30 09:38:34,415 - tf2onnx.graph - DEBUG - Made node: const_fold_opt__147
OP=Const
Name=const_fold_opt__147
Outpus:
	const_fold_opt__147=None, 7
2026-01-30 09:38:34,416 - tf2onnx.graph - DEBUG - Making node: Name=const_fold_opt__148, OP=Const
2026-01-30 09:38:34,416 - tf2onnx.graph - DEBUG - Made node: const_fold_opt__148
OP=Const
Name=const_fold_opt__148
Outpus:
	const_fold_opt__148=None, 7
2026-01-30 09:38:34,416 - tf2onnx.graph - DEBUG - Making node: Name=const_fold_opt__149, OP=Const
2026-01-30 09:38:34,417 - tf2onnx.graph - DEBUG - Made node: const_fold_opt__149
OP=Const
Name=const_fold_opt__149
Outpus:
	const_fold_opt__149=None, 7
2026-01-30 09:38:34,417 - tf2onnx.graph - DEBUG - Making node: Name=const_fold_opt__150, OP=Const
2026-01-30 09:38:34,418 - tf2onnx.graph - DEBUG - Made node: const_fold_opt__150
OP=Const
Name=const_fold_opt__150
Outpus:
	const_fold_opt__150=None, 7
2026-01-30 09:38:34,418 - tf2onnx.graph - DEBUG - Making node: Name=const_fold_opt__151, OP=Const
2026-01-30 09:38:34,419 - tf2onnx.graph - DEBUG - Made node: const_fold_opt__151
OP=Const
Name=const_fold_opt__151
Outpus:
	const_fold_opt__151=None, 7
2026-01-30 09:38:34,420 - tf2onnx.graph - DEBUG - Making node: Name=const_fold_opt__152, OP=Const
2026-01-30 09:38:34,420 - tf2onnx.graph - DEBUG - Made node: const_fold_opt__152
OP=Const
Name=const_fold_opt__152
Outpus:
	const_fold_opt__152=None, 7
2026-01-30 09:38:34,420 - tf2onnx.graph - DEBUG - Making node: Name=const_fold_opt__153, OP=Const
2026-01-30 09:38:34,421 - tf2onnx.graph - DEBUG - Made node: const_fold_opt__153
OP=Const
Name=const_fold_opt__153
Outpus:
	const_fold_opt__153=None, 7
2026-01-30 09:38:34,421 - tf2onnx.graph - DEBUG - Making node: Name=const_fold_opt__154, OP=Const
2026-01-30 09:38:34,422 - tf2onnx.graph - DEBUG - Made node: const_fold_opt__154
OP=Const
Name=const_fold_opt__154
Outpus:
	const_fold_opt__154=None, 7
2026-01-30 09:38:34,424 - tf2onnx.graph - DEBUG - Making node: Name=const_fold_opt__155, OP=Const
2026-01-30 09:38:34,425 - tf2onnx.graph - DEBUG - Made node: const_fold_opt__155
OP=Const
Name=const_fold_opt__155
Outpus:
	const_fold_opt__155=None, 7
2026-01-30 09:38:34,425 - tf2onnx.graph - DEBUG - Making node: Name=const_fold_opt__156, OP=Const
2026-01-30 09:38:34,426 - tf2onnx.graph - DEBUG - Made node: const_fold_opt__156
OP=Const
Name=const_fold_opt__156
Outpus:
	const_fold_opt__156=None, 7
2026-01-30 09:38:34,426 - tf2onnx.graph - DEBUG - Making node: Name=const_fold_opt__157, OP=Const
2026-01-30 09:38:34,427 - tf2onnx.graph - DEBUG - Made node: const_fold_opt__157
OP=Const
Name=const_fold_opt__157
Outpus:
	const_fold_opt__157=None, 7
2026-01-30 09:38:34,427 - tf2onnx.graph - DEBUG - Making node: Name=const_fold_opt__158, OP=Const
2026-01-30 09:38:34,428 - tf2onnx.graph - DEBUG - Made node: const_fold_opt__158
OP=Const
Name=const_fold_opt__158
Outpus:
	const_fold_opt__158=None, 7
2026-01-30 09:38:34,428 - tf2onnx.graph - DEBUG - Making node: Name=const_fold_opt__159, OP=Const
2026-01-30 09:38:34,428 - tf2onnx.graph - DEBUG - Made node: const_fold_opt__159
OP=Const
Name=const_fold_opt__159
Outpus:
	const_fold_opt__159=None, 7
2026-01-30 09:38:34,429 - tf2onnx.graph - DEBUG - Making node: Name=const_fold_opt__160, OP=Const
2026-01-30 09:38:34,429 - tf2onnx.graph - DEBUG - Made node: const_fold_opt__160
OP=Const
Name=const_fold_opt__160
Outpus:
	const_fold_opt__160=None, 7
2026-01-30 09:38:34,430 - tf2onnx.graph - DEBUG - Making node: Name=const_fold_opt__161, OP=Const
2026-01-30 09:38:34,430 - tf2onnx.graph - DEBUG - Made node: const_fold_opt__161
OP=Const
Name=const_fold_opt__161
Outpus:
	const_fold_opt__161=None, 7
2026-01-30 09:38:34,431 - tf2onnx.graph - DEBUG - Making node: Name=const_fold_opt__162, OP=Const
2026-01-30 09:38:34,431 - tf2onnx.graph - DEBUG - Made node: const_fold_opt__162
OP=Const
Name=const_fold_opt__162
Outpus:
	const_fold_opt__162=None, 7
2026-01-30 09:38:34,432 - tf2onnx.graph - DEBUG - Making node: Name=const_fold_opt__163, OP=Const
2026-01-30 09:38:34,432 - tf2onnx.graph - DEBUG - Made node: const_fold_opt__163
OP=Const
Name=const_fold_opt__163
Outpus:
	const_fold_opt__163=None, 7
2026-01-30 09:38:34,442 - tf2onnx.optimizer.ConstFoldOptimizer - VERBOSE - Cast -13 (13->0), Const -10 (82->72), Reshape -10 (12->2)
2026-01-30 09:38:34,442 - tf2onnx.optimizer - VERBOSE - Apply const_dequantize_optimizer
2026-01-30 09:38:34,473 - tf2onnx.optimizer.ConstDequantizeOptimizer - VERBOSE - no change
2026-01-30 09:38:34,473 - tf2onnx.optimizer - VERBOSE - Apply loop_optimizer
2026-01-30 09:38:34,503 - tf2onnx.optimizer.LoopOptimizer - VERBOSE - no change
2026-01-30 09:38:34,504 - tf2onnx.optimizer - VERBOSE - Apply merge_duplication
2026-01-30 09:38:34,544 - tf2onnx.optimizer.MergeDuplicatedNodesOptimizer - VERBOSE - Const -13 (72->59)
2026-01-30 09:38:34,545 - tf2onnx.optimizer - VERBOSE - Apply reshape_optimizer
2026-01-30 09:38:34,568 - tf2onnx.optimizer.ReshapeOptimizer - VERBOSE - no change
2026-01-30 09:38:34,569 - tf2onnx.optimizer - VERBOSE - Apply global_pool_optimizer
2026-01-30 09:38:34,583 - tf2onnx.graph - DEBUG - Making node: Name=const_axes__164, OP=Const
2026-01-30 09:38:34,583 - tf2onnx.graph - DEBUG - Made node: const_axes__164
OP=Const
Name=const_axes__164
Outpus:
	const_axes__164=None, 7
2026-01-30 09:38:34,584 - tf2onnx.graph - DEBUG - Making node: Name=point_net_1/Max_Squeeze__165, OP=Squeeze
2026-01-30 09:38:34,584 - tf2onnx.graph - DEBUG - Made node: point_net_1/Max_Squeeze__165
OP=Squeeze
Name=point_net_1/Max_Squeeze__165
Inputs:
	point_net_1/Max:0=GlobalMaxPool, [-1, 1024, 1], 1
	const_axes__164=Const, [1], 7
Outpus:
	point_net_1/Max_Squeeze__165:0=[-1, 1024], 1
2026-01-30 09:38:34,585 - tf2onnx.graph - DEBUG - Making node: Name=const_axes__166, OP=Const
2026-01-30 09:38:34,585 - tf2onnx.graph - DEBUG - Made node: const_axes__166
OP=Const
Name=const_axes__166
Outpus:
	const_axes__166=None, 7
2026-01-30 09:38:34,586 - tf2onnx.graph - DEBUG - Making node: Name=point_net_1/input_transform_1/Max_Squeeze__167, OP=Squeeze
2026-01-30 09:38:34,586 - tf2onnx.graph - DEBUG - Made node: point_net_1/input_transform_1/Max_Squeeze__167
OP=Squeeze
Name=point_net_1/input_transform_1/Max_Squeeze__167
Inputs:
	point_net_1/input_transform_1/Max:0=GlobalMaxPool, [-1, 1024, 1], 1
	const_axes__166=Const, [1], 7
Outpus:
	point_net_1/input_transform_1/Max_Squeeze__167:0=[-1, 1024], 1
2026-01-30 09:38:34,586 - tf2onnx.graph - DEBUG - Making node: Name=const_axes__168, OP=Const
2026-01-30 09:38:34,587 - tf2onnx.graph - DEBUG - Made node: const_axes__168
OP=Const
Name=const_axes__168
Outpus:
	const_axes__168=None, 7
2026-01-30 09:38:34,587 - tf2onnx.graph - DEBUG - Making node: Name=point_net_1/feature_transform_1/Max_Squeeze__169, OP=Squeeze
2026-01-30 09:38:34,587 - tf2onnx.graph - DEBUG - Made node: point_net_1/feature_transform_1/Max_Squeeze__169
OP=Squeeze
Name=point_net_1/feature_transform_1/Max_Squeeze__169
Inputs:
	point_net_1/feature_transform_1/Max:0=GlobalMaxPool, [-1, 1024, 1], 1
	const_axes__168=Const, [1], 7
Outpus:
	point_net_1/feature_transform_1/Max_Squeeze__169:0=[-1, 1024], 1
2026-01-30 09:38:34,601 - tf2onnx.optimizer.GlobalPoolOptimizer - VERBOSE - Const +3 (59->62), GlobalMaxPool +3 (0->3), ReduceMax -3 (4->1), Squeeze +3 (7->10)
2026-01-30 09:38:34,602 - tf2onnx.optimizer - VERBOSE - Apply q_dq_optimizer
2026-01-30 09:38:34,634 - tf2onnx.optimizer.QDQOptimizer - VERBOSE - no change
2026-01-30 09:38:34,634 - tf2onnx.optimizer - VERBOSE - Apply remove_identity
2026-01-30 09:38:34,662 - tf2onnx.optimizer.IdentityOptimizer - VERBOSE - Identity -5 (5->0)
2026-01-30 09:38:34,663 - tf2onnx.optimizer - VERBOSE - Apply remove_back_to_back
2026-01-30 09:38:34,678 - tf2onnx.optimizer.BackToBackOptimizer - VERBOSE - Transpose -22 (29->7)
2026-01-30 09:38:34,679 - tf2onnx.optimizer - VERBOSE - Apply einsum_optimizer
2026-01-30 09:38:34,698 - tf2onnx.optimizer.EinsumOptimizer - VERBOSE - no change
2026-01-30 09:38:34,699 - tf2onnx.optimizer - VERBOSE - Apply optimize_transpose
2026-01-30 09:38:34,714 - tf2onnx.optimizer.TransposeOptimizer - DEBUG - segmentation_output connects to graph outputs, skip
2026-01-30 09:38:34,715 - tf2onnx.optimizer.TransposeOptimizer - DEBUG - finish after 0 iteration(s)
2026-01-30 09:38:34,729 - tf2onnx.optimizer.TransposeOptimizer - VERBOSE - no change
2026-01-30 09:38:34,730 - tf2onnx.optimizer - VERBOSE - Apply remove_redundant_upsample
2026-01-30 09:38:34,752 - tf2onnx.optimizer.UpsampleOptimizer - VERBOSE - no change
2026-01-30 09:38:34,753 - tf2onnx.optimizer - VERBOSE - Apply fold_constants
2026-01-30 09:38:34,766 - tf2onnx.optimizer.ConstFoldOptimizer - VERBOSE - no change
2026-01-30 09:38:34,766 - tf2onnx.optimizer - VERBOSE - Apply const_dequantize_optimizer
2026-01-30 09:38:34,787 - tf2onnx.optimizer.ConstDequantizeOptimizer - VERBOSE - no change
2026-01-30 09:38:34,787 - tf2onnx.optimizer - VERBOSE - Apply loop_optimizer
2026-01-30 09:38:34,816 - tf2onnx.optimizer.LoopOptimizer - VERBOSE - no change
2026-01-30 09:38:34,817 - tf2onnx.optimizer - VERBOSE - Apply merge_duplication
2026-01-30 09:38:34,856 - tf2onnx.optimizer.MergeDuplicatedNodesOptimizer - VERBOSE - Const -3 (62->59)
2026-01-30 09:38:34,857 - tf2onnx.optimizer - VERBOSE - Apply reshape_optimizer
2026-01-30 09:38:34,869 - tf2onnx.optimizer.ReshapeOptimizer - VERBOSE - no change
2026-01-30 09:38:34,869 - tf2onnx.optimizer - VERBOSE - Apply global_pool_optimizer
2026-01-30 09:38:34,891 - tf2onnx.optimizer.GlobalPoolOptimizer - VERBOSE - no change
2026-01-30 09:38:34,891 - tf2onnx.optimizer - VERBOSE - Apply q_dq_optimizer
2026-01-30 09:38:34,921 - tf2onnx.optimizer.QDQOptimizer - VERBOSE - no change
2026-01-30 09:38:34,921 - tf2onnx.optimizer - VERBOSE - Apply remove_identity
2026-01-30 09:38:34,946 - tf2onnx.optimizer.IdentityOptimizer - VERBOSE - no change
2026-01-30 09:38:34,946 - tf2onnx.optimizer - VERBOSE - Apply remove_back_to_back
2026-01-30 09:38:34,959 - tf2onnx.optimizer.BackToBackOptimizer - VERBOSE - no change
2026-01-30 09:38:34,960 - tf2onnx.optimizer - VERBOSE - Apply einsum_optimizer
2026-01-30 09:38:34,978 - tf2onnx.optimizer.EinsumOptimizer - VERBOSE - no change
2026-01-30 09:38:34,979 - tf2onnx.optimizer - VERBOSE - Apply optimize_transpose
2026-01-30 09:38:34,994 - tf2onnx.optimizer.TransposeOptimizer - DEBUG - segmentation_output connects to graph outputs, skip
2026-01-30 09:38:34,995 - tf2onnx.optimizer.TransposeOptimizer - DEBUG - finish after 0 iteration(s)
2026-01-30 09:38:35,008 - tf2onnx.optimizer.TransposeOptimizer - VERBOSE - no change
2026-01-30 09:38:35,009 - tf2onnx.optimizer - VERBOSE - Apply remove_redundant_upsample
2026-01-30 09:38:35,032 - tf2onnx.optimizer.UpsampleOptimizer - VERBOSE - no change
2026-01-30 09:38:35,033 - tf2onnx.optimizer - VERBOSE - Apply fold_constants
2026-01-30 09:38:35,046 - tf2onnx.optimizer.ConstFoldOptimizer - VERBOSE - no change
2026-01-30 09:38:35,047 - tf2onnx.optimizer - VERBOSE - Apply const_dequantize_optimizer
2026-01-30 09:38:35,068 - tf2onnx.optimizer.ConstDequantizeOptimizer - VERBOSE - no change
2026-01-30 09:38:35,068 - tf2onnx.optimizer - VERBOSE - Apply loop_optimizer
2026-01-30 09:38:35,097 - tf2onnx.optimizer.LoopOptimizer - VERBOSE - no change
2026-01-30 09:38:35,097 - tf2onnx.optimizer - VERBOSE - Apply merge_duplication
2026-01-30 09:38:35,135 - tf2onnx.optimizer.MergeDuplicatedNodesOptimizer - VERBOSE - no change
2026-01-30 09:38:35,136 - tf2onnx.optimizer - VERBOSE - Apply reshape_optimizer
2026-01-30 09:38:35,166 - tf2onnx.optimizer.ReshapeOptimizer - VERBOSE - no change
2026-01-30 09:38:35,166 - tf2onnx.optimizer - VERBOSE - Apply global_pool_optimizer
2026-01-30 09:38:35,186 - tf2onnx.optimizer.GlobalPoolOptimizer - VERBOSE - no change
2026-01-30 09:38:35,187 - tf2onnx.optimizer - VERBOSE - Apply q_dq_optimizer
2026-01-30 09:38:35,220 - tf2onnx.optimizer.QDQOptimizer - VERBOSE - no change
2026-01-30 09:38:35,220 - tf2onnx.optimizer - VERBOSE - Apply remove_identity
2026-01-30 09:38:35,245 - tf2onnx.optimizer.IdentityOptimizer - VERBOSE - no change
2026-01-30 09:38:35,246 - tf2onnx.optimizer - VERBOSE - Apply remove_back_to_back
2026-01-30 09:38:35,259 - tf2onnx.optimizer.BackToBackOptimizer - VERBOSE - no change
2026-01-30 09:38:35,260 - tf2onnx.optimizer - VERBOSE - Apply einsum_optimizer
2026-01-30 09:38:35,279 - tf2onnx.optimizer.EinsumOptimizer - VERBOSE - no change
2026-01-30 09:38:35,281 - tf2onnx.optimizer - INFO - After optimization: Add -11 (20->9), Cast -13 (13->0), Const -29 (88->59), GlobalMaxPool +3 (0->3), Identity -6 (6->0), ReduceMax -3 (4->1), Reshape -10 (12->2), Squeeze +3 (7->10), Transpose -25 (32->7)
2026-01-30 09:38:35,495 - root - INFO - Continuing training on model kc46_lidar_lr001_94_2/classification_pretrain/kc46_lidar_lr001_94_2_classification_pretrain.keras
2026-01-30 09:38:36,125 - root - INFO - PointNet Build
2026-01-30 09:38:36,126 - root - INFO - 	Trainable Layers
2026-01-30 09:38:36,126 - root - INFO - 		-> input_normalization: False
2026-01-30 09:38:36,127 - root - INFO - 		-> input_transform: True
2026-01-30 09:38:36,127 - root - INFO - 		-> s1_l1_64_convolution_layer: True
2026-01-30 09:38:36,127 - root - INFO - 		-> s1_l2_64_convolution_layer: True
2026-01-30 09:38:36,128 - root - INFO - 		-> feature_transform: True
2026-01-30 09:38:36,128 - root - INFO - 		-> s2_l1_64_convolution_layer: True
2026-01-30 09:38:36,128 - root - INFO - 		-> s2_l2_128_convolution_layer: True
2026-01-30 09:38:36,128 - root - INFO - 		-> s2_l3_1024_convolution_layer: True
2026-01-30 09:38:36,128 - root - INFO - 		-> s3_l1_512_dense_layer: False
2026-01-30 09:38:36,129 - root - INFO - 		-> s3_l2_256_dense_layer: False
2026-01-30 09:38:36,129 - root - INFO - 		-> output_dense_layer: False
2026-01-30 09:38:36,129 - root - INFO - 		-> seg_l1_512_convolution_layer: True
2026-01-30 09:38:36,129 - root - INFO - 		-> seg_l2_256_convolution_layer: True
2026-01-30 09:38:36,130 - root - INFO - 		-> seg_l3_128_convolution_layer: True
2026-01-30 09:38:36,130 - root - INFO - 		-> seg_l4_128_convolution_layer: True
2026-01-30 09:38:36,130 - root - INFO - 		-> seg_l5_output_convolution_layer: True
2026-01-30 19:51:12,158 - tf2onnx.tfonnx - INFO - Using tensorflow=2.20.0, onnx=1.17.0, tf2onnx=1.16.1/15c810
2026-01-30 19:51:12,159 - tf2onnx.tfonnx - INFO - Using opset <onnx, 13>
2026-01-30 19:51:12,200 - tf2onnx.tf_utils - INFO - Computed 0 values for constant folding
2026-01-30 19:51:12,235 - tf2onnx.graph - DEBUG - Making node: Name=Identity, OP=Identity
2026-01-30 19:51:12,235 - tf2onnx.graph - DEBUG - Made node: Identity
OP=Identity
Name=Identity
Inputs:
	point_net_1/output_dense_layer_1/Softmax:0=Softmax, [-1, 23], 1
Outpus:
	Identity_raw_output___175:0=[-1, 23], 1
2026-01-30 19:51:12,236 - tf2onnx.graph - DEBUG - Making node: Name=Identity_graph_outputs_Identity__176, OP=Identity
2026-01-30 19:51:12,237 - tf2onnx.graph - DEBUG - Made node: Identity_graph_outputs_Identity__176
OP=Identity
Name=Identity_graph_outputs_Identity__176
Inputs:
	Identity_raw_output___175:0=Identity, [-1, 23], 1
Outpus:
	Identity:0=[-1, 23], 1
2026-01-30 19:51:12,237 - tf2onnx.graph - DEBUG - Making node: Name=Identity_2, OP=Identity
2026-01-30 19:51:12,238 - tf2onnx.graph - DEBUG - Made node: Identity_2
OP=Identity
Name=Identity_2
Inputs:
	point_net_1/Squeeze_2:0=Squeeze, [-1, 8192, 12], 1
Outpus:
	Identity_2_raw_output___177:0=[-1, 8192, 12], 1
2026-01-30 19:51:12,239 - tf2onnx.graph - DEBUG - Making node: Name=Identity_2_graph_outputs_Identity__178, OP=Identity
2026-01-30 19:51:12,239 - tf2onnx.graph - DEBUG - Made node: Identity_2_graph_outputs_Identity__178
OP=Identity
Name=Identity_2_graph_outputs_Identity__178
Inputs:
	Identity_2_raw_output___177:0=Identity, [-1, 8192, 12], 1
Outpus:
	Identity_2:0=[-1, 8192, 12], 1
2026-01-30 19:51:12,240 - tf2onnx.graph - DEBUG - Making node: Name=Identity_1, OP=Identity
2026-01-30 19:51:12,241 - tf2onnx.graph - DEBUG - Made node: Identity_1
OP=Identity
Name=Identity_1
Inputs:
	point_net_1/input_transform_1/add:0=AddV2, [-1, 3, 3], 1
Outpus:
	Identity_1_raw_output___179:0=[-1, 3, 3], 1
2026-01-30 19:51:12,241 - tf2onnx.graph - DEBUG - Making node: Name=Identity_1_graph_outputs_Identity__180, OP=Identity
2026-01-30 19:51:12,242 - tf2onnx.graph - DEBUG - Made node: Identity_1_graph_outputs_Identity__180
OP=Identity
Name=Identity_1_graph_outputs_Identity__180
Inputs:
	Identity_1_raw_output___179:0=Identity, [-1, 3, 3], 1
Outpus:
	Identity_1:0=[-1, 3, 3], 1
2026-01-30 19:51:12,243 - tf2onnx.tfonnx - ERROR - rewriter <function rewrite_constant_fold at 0x7803d9ff13f0>: exception `np.cast` was removed in the NumPy 2.0 release. Use `np.asarray(arr, dtype=dtype)` instead.
2026-01-30 19:51:12,246 - tf2onnx.tfonnx - INFO - ['Traceback (most recent call last):\n', '  File "/mnt/c/repos/PointCloudProcessing/point_cloud_analysis/.venv/lib/python3.10/site-packages/tf2onnx/tfonnx.py", line 375, in run_rewriters\n    ops = func(g, g.get_nodes())\n', '  File "/mnt/c/repos/PointCloudProcessing/point_cloud_analysis/.venv/lib/python3.10/site-packages/tf2onnx/tfonnx.py", line 77, in rewrite_constant_fold\n    "Cast": np.cast,\n', '  File "/mnt/c/repos/PointCloudProcessing/point_cloud_analysis/.venv/lib/python3.10/site-packages/numpy/__init__.py", line 400, in __getattr__\n    raise AttributeError(\n', 'AttributeError: `np.cast` was removed in the NumPy 2.0 release. Use `np.asarray(arr, dtype=dtype)` instead.\n']
2026-01-30 19:51:12,259 - tf2onnx.rewriter.lstm_rewriter - DEBUG - enter lstm rewriter
2026-01-30 19:51:12,265 - tf2onnx.rewriter.gru_rewriter - DEBUG - enter gru rewriter
2026-01-30 19:51:12,267 - tf2onnx.rewriter.custom_rnn_rewriter - DEBUG - enter custom rnn rewriter
2026-01-30 19:51:12,269 - tf2onnx.rewriter.loop_rewriter - DEBUG - enter loop rewriter
2026-01-30 19:51:12,271 - tf2onnx.rewriter.cond_rewriter - DEBUG - enter cond pre rewrite
2026-01-30 19:51:12,274 - tf2onnx.graph - DEBUG - Making node: Name=point_net_1/seg_l5_output_convolution_layer_1/seg_l5_output_convolution_layer_1/BiasAdd, OP=Conv2D
2026-01-30 19:51:12,274 - tf2onnx.graph - DEBUG - Made node: point_net_1/seg_l5_output_convolution_layer_1/seg_l5_output_convolution_layer_1/BiasAdd
OP=Conv2D
Name=point_net_1/seg_l5_output_convolution_layer_1/seg_l5_output_convolution_layer_1/BiasAdd
Inputs:
	point_net_1/seg_l4_128_convolution_layer_1/Relu:0=Relu, [-1, 8192, 1, 128], 1
	point_net_1/seg_l5_output_convolution_layer_1/seg_l5_output_convolution_layer_1/convolution/ReadVariableOp:0=Const, [1, 1, 128, 12], 1
	point_net_1/seg_l5_output_convolution_layer_1/seg_l5_output_convolution_layer_1/Squeeze:0=Const, [12], 1
Outpus:
	point_net_1/seg_l5_output_convolution_layer_1/seg_l5_output_convolution_layer_1/BiasAdd:0=[-1, 8192, 1, 12], 1
2026-01-30 19:51:12,280 - tf2onnx.tfonnx - VERBOSE - Mapping TF node to ONNX node(s)
2026-01-30 19:51:12,281 - tf2onnx.tfonnx - DEBUG - Process node: point_net_1/seg_l5_output_convolution_layer_1/seg_l5_output_convolution_layer_1/convolution/ReadVariableOp
OP=Const
Name=point_net_1/seg_l5_output_convolution_layer_1/seg_l5_output_convolution_layer_1/convolution/ReadVariableOp
Outpus:
	point_net_1/seg_l5_output_convolution_layer_1/seg_l5_output_convolution_layer_1/convolution/ReadVariableOp:0=[1, 1, 128, 12], 1
2026-01-30 19:51:12,282 - tf2onnx.tfonnx - DEBUG - Process node: point_net_1/seg_l5_output_convolution_layer_1/seg_l5_output_convolution_layer_1/Squeeze
OP=Const
Name=point_net_1/seg_l5_output_convolution_layer_1/seg_l5_output_convolution_layer_1/Squeeze
Outpus:
	point_net_1/seg_l5_output_convolution_layer_1/seg_l5_output_convolution_layer_1/Squeeze:0=[12], 1
2026-01-30 19:51:12,282 - tf2onnx.tfonnx - DEBUG - Process node: point_net_1/seg_l4_128_convolution_layer_1/seg_l4_128_convolution_layer_1/convolution/merged_input
OP=Const
Name=point_net_1/seg_l4_128_convolution_layer_1/seg_l4_128_convolution_layer_1/convolution/merged_input
Outpus:
	point_net_1/seg_l4_128_convolution_layer_1/seg_l4_128_convolution_layer_1/convolution/merged_input:0=[1, 1, 128, 128], 1
2026-01-30 19:51:12,283 - tf2onnx.tfonnx - DEBUG - Process node: point_net_1/seg_l4_128_convolution_layer_1/batch_normalization_41_1/batchnorm/sub
OP=Const
Name=point_net_1/seg_l4_128_convolution_layer_1/batch_normalization_41_1/batchnorm/sub
Outpus:
	point_net_1/seg_l4_128_convolution_layer_1/batch_normalization_41_1/batchnorm/sub:0=[128], 1
2026-01-30 19:51:12,284 - tf2onnx.tfonnx - DEBUG - Process node: point_net_1/seg_l3_128_convolution_layer_1/seg_l3_128_convolution_layer_1/convolution/merged_input
OP=Const
Name=point_net_1/seg_l3_128_convolution_layer_1/seg_l3_128_convolution_layer_1/convolution/merged_input
Outpus:
	point_net_1/seg_l3_128_convolution_layer_1/seg_l3_128_convolution_layer_1/convolution/merged_input:0=[1, 1, 256, 128], 1
2026-01-30 19:51:12,285 - tf2onnx.tfonnx - DEBUG - Process node: point_net_1/seg_l3_128_convolution_layer_1/batch_normalization_40_1/batchnorm/sub
OP=Const
Name=point_net_1/seg_l3_128_convolution_layer_1/batch_normalization_40_1/batchnorm/sub
Outpus:
	point_net_1/seg_l3_128_convolution_layer_1/batch_normalization_40_1/batchnorm/sub:0=[128], 1
2026-01-30 19:51:12,285 - tf2onnx.tfonnx - DEBUG - Process node: point_net_1/seg_l2_256_convolution_layer_1/seg_l2_256_convolution_layer_1/convolution/merged_input
OP=Const
Name=point_net_1/seg_l2_256_convolution_layer_1/seg_l2_256_convolution_layer_1/convolution/merged_input
Outpus:
	point_net_1/seg_l2_256_convolution_layer_1/seg_l2_256_convolution_layer_1/convolution/merged_input:0=[1, 1, 512, 256], 1
2026-01-30 19:51:12,286 - tf2onnx.tfonnx - DEBUG - Process node: point_net_1/seg_l2_256_convolution_layer_1/batch_normalization_39_1/batchnorm/sub
OP=Const
Name=point_net_1/seg_l2_256_convolution_layer_1/batch_normalization_39_1/batchnorm/sub
Outpus:
	point_net_1/seg_l2_256_convolution_layer_1/batch_normalization_39_1/batchnorm/sub:0=[256], 1
2026-01-30 19:51:12,286 - tf2onnx.tfonnx - DEBUG - Process node: point_net_1/seg_l1_512_convolution_layer_1/seg_l1_512_convolution_layer_1/convolution/merged_input
OP=Const
Name=point_net_1/seg_l1_512_convolution_layer_1/seg_l1_512_convolution_layer_1/convolution/merged_input
Outpus:
	point_net_1/seg_l1_512_convolution_layer_1/seg_l1_512_convolution_layer_1/convolution/merged_input:0=[1, 1, 1088, 512], 1
2026-01-30 19:51:12,287 - tf2onnx.tfonnx - DEBUG - Process node: point_net_1/seg_l1_512_convolution_layer_1/batch_normalization_38_1/batchnorm/sub
OP=Const
Name=point_net_1/seg_l1_512_convolution_layer_1/batch_normalization_38_1/batchnorm/sub
Outpus:
	point_net_1/seg_l1_512_convolution_layer_1/batch_normalization_38_1/batchnorm/sub:0=[512], 1
2026-01-30 19:51:12,288 - tf2onnx.tfonnx - DEBUG - Process node: point_net_1/s3_l2_256_dense_layer_1/s3_l2_256_dense_layer_1/Cast/ReadVariableOp
OP=Const
Name=point_net_1/s3_l2_256_dense_layer_1/s3_l2_256_dense_layer_1/Cast/ReadVariableOp
Outpus:
	point_net_1/s3_l2_256_dense_layer_1/s3_l2_256_dense_layer_1/Cast/ReadVariableOp:0=[512, 256], 1
2026-01-30 19:51:12,288 - tf2onnx.tfonnx - DEBUG - Process node: point_net_1/s3_l2_256_dense_layer_1/batch_normalization_37_1/batchnorm/sub
OP=Const
Name=point_net_1/s3_l2_256_dense_layer_1/batch_normalization_37_1/batchnorm/sub
Outpus:
	point_net_1/s3_l2_256_dense_layer_1/batch_normalization_37_1/batchnorm/sub:0=[256], 1
2026-01-30 19:51:12,289 - tf2onnx.tfonnx - DEBUG - Process node: point_net_1/s3_l2_256_dense_layer_1/batch_normalization_37_1/batchnorm/mul
OP=Const
Name=point_net_1/s3_l2_256_dense_layer_1/batch_normalization_37_1/batchnorm/mul
Outpus:
	point_net_1/s3_l2_256_dense_layer_1/batch_normalization_37_1/batchnorm/mul:0=[256], 1
2026-01-30 19:51:12,289 - tf2onnx.tfonnx - DEBUG - Process node: point_net_1/s3_l1_512_dense_layer_1/s3_l1_512_dense_layer_1/Cast/ReadVariableOp
OP=Const
Name=point_net_1/s3_l1_512_dense_layer_1/s3_l1_512_dense_layer_1/Cast/ReadVariableOp
Outpus:
	point_net_1/s3_l1_512_dense_layer_1/s3_l1_512_dense_layer_1/Cast/ReadVariableOp:0=[1024, 512], 1
2026-01-30 19:51:12,290 - tf2onnx.tfonnx - DEBUG - Process node: point_net_1/s3_l1_512_dense_layer_1/batch_normalization_36_1/batchnorm/sub
OP=Const
Name=point_net_1/s3_l1_512_dense_layer_1/batch_normalization_36_1/batchnorm/sub
Outpus:
	point_net_1/s3_l1_512_dense_layer_1/batch_normalization_36_1/batchnorm/sub:0=[512], 1
2026-01-30 19:51:12,290 - tf2onnx.tfonnx - DEBUG - Process node: point_net_1/s3_l1_512_dense_layer_1/batch_normalization_36_1/batchnorm/mul
OP=Const
Name=point_net_1/s3_l1_512_dense_layer_1/batch_normalization_36_1/batchnorm/mul
Outpus:
	point_net_1/s3_l1_512_dense_layer_1/batch_normalization_36_1/batchnorm/mul:0=[512], 1
2026-01-30 19:51:12,291 - tf2onnx.tfonnx - DEBUG - Process node: point_net_1/s2_l3_1024_convolution_layer_1/s2_l3_1024_convolution_layer_1/convolution/merged_input
OP=Const
Name=point_net_1/s2_l3_1024_convolution_layer_1/s2_l3_1024_convolution_layer_1/convolution/merged_input
Outpus:
	point_net_1/s2_l3_1024_convolution_layer_1/s2_l3_1024_convolution_layer_1/convolution/merged_input:0=[1, 1, 128, 1024], 1
2026-01-30 19:51:12,291 - tf2onnx.tfonnx - DEBUG - Process node: point_net_1/s2_l3_1024_convolution_layer_1/batch_normalization_35_1/batchnorm/sub
OP=Const
Name=point_net_1/s2_l3_1024_convolution_layer_1/batch_normalization_35_1/batchnorm/sub
Outpus:
	point_net_1/s2_l3_1024_convolution_layer_1/batch_normalization_35_1/batchnorm/sub:0=[1024], 1
2026-01-30 19:51:12,292 - tf2onnx.tfonnx - DEBUG - Process node: point_net_1/s2_l2_128_convolution_layer_1/s2_l2_128_convolution_layer_1/convolution/merged_input
OP=Const
Name=point_net_1/s2_l2_128_convolution_layer_1/s2_l2_128_convolution_layer_1/convolution/merged_input
Outpus:
	point_net_1/s2_l2_128_convolution_layer_1/s2_l2_128_convolution_layer_1/convolution/merged_input:0=[1, 1, 64, 128], 1
2026-01-30 19:51:12,292 - tf2onnx.tfonnx - DEBUG - Process node: point_net_1/s2_l2_128_convolution_layer_1/batch_normalization_34_1/batchnorm/sub
OP=Const
Name=point_net_1/s2_l2_128_convolution_layer_1/batch_normalization_34_1/batchnorm/sub
Outpus:
	point_net_1/s2_l2_128_convolution_layer_1/batch_normalization_34_1/batchnorm/sub:0=[128], 1
2026-01-30 19:51:12,293 - tf2onnx.tfonnx - DEBUG - Process node: point_net_1/s2_l1_64_convolution_layer_1/s2_l1_64_convolution_layer_1/convolution/merged_input
OP=Const
Name=point_net_1/s2_l1_64_convolution_layer_1/s2_l1_64_convolution_layer_1/convolution/merged_input
Outpus:
	point_net_1/s2_l1_64_convolution_layer_1/s2_l1_64_convolution_layer_1/convolution/merged_input:0=[1, 1, 64, 64], 1
2026-01-30 19:51:12,293 - tf2onnx.tfonnx - DEBUG - Process node: point_net_1/s2_l1_64_convolution_layer_1/batch_normalization_33_1/batchnorm/sub
OP=Const
Name=point_net_1/s2_l1_64_convolution_layer_1/batch_normalization_33_1/batchnorm/sub
Outpus:
	point_net_1/s2_l1_64_convolution_layer_1/batch_normalization_33_1/batchnorm/sub:0=[64], 1
2026-01-30 19:51:12,294 - tf2onnx.tfonnx - DEBUG - Process node: point_net_1/s1_l2_64_convolution_layer_1/s1_l2_64_convolution_layer_1/convolution/merged_input
OP=Const
Name=point_net_1/s1_l2_64_convolution_layer_1/s1_l2_64_convolution_layer_1/convolution/merged_input
Outpus:
	point_net_1/s1_l2_64_convolution_layer_1/s1_l2_64_convolution_layer_1/convolution/merged_input:0=[1, 1, 64, 64], 1
2026-01-30 19:51:12,294 - tf2onnx.tfonnx - DEBUG - Process node: point_net_1/s1_l2_64_convolution_layer_1/batch_normalization_27_1/batchnorm/sub
OP=Const
Name=point_net_1/s1_l2_64_convolution_layer_1/batch_normalization_27_1/batchnorm/sub
Outpus:
	point_net_1/s1_l2_64_convolution_layer_1/batch_normalization_27_1/batchnorm/sub:0=[64], 1
2026-01-30 19:51:12,295 - tf2onnx.tfonnx - DEBUG - Process node: point_net_1/s1_l1_64_convolution_layer_1/s1_l1_64_convolution_layer_1/convolution/merged_input
OP=Const
Name=point_net_1/s1_l1_64_convolution_layer_1/s1_l1_64_convolution_layer_1/convolution/merged_input
Outpus:
	point_net_1/s1_l1_64_convolution_layer_1/s1_l1_64_convolution_layer_1/convolution/merged_input:0=[1, 1, 3, 64], 1
2026-01-30 19:51:12,295 - tf2onnx.tfonnx - DEBUG - Process node: point_net_1/s1_l1_64_convolution_layer_1/batch_normalization_26_1/batchnorm/sub
OP=Const
Name=point_net_1/s1_l1_64_convolution_layer_1/batch_normalization_26_1/batchnorm/sub
Outpus:
	point_net_1/s1_l1_64_convolution_layer_1/batch_normalization_26_1/batchnorm/sub:0=[64], 1
2026-01-30 19:51:12,296 - tf2onnx.tfonnx - DEBUG - Process node: point_net_1/output_dense_layer_1/output_dense_layer_1/Cast/ReadVariableOp
OP=Const
Name=point_net_1/output_dense_layer_1/output_dense_layer_1/Cast/ReadVariableOp
Outpus:
	point_net_1/output_dense_layer_1/output_dense_layer_1/Cast/ReadVariableOp:0=[256, 23], 1
2026-01-30 19:51:12,296 - tf2onnx.tfonnx - DEBUG - Process node: point_net_1/output_dense_layer_1/output_dense_layer_1/BiasAdd/ReadVariableOp
OP=Const
Name=point_net_1/output_dense_layer_1/output_dense_layer_1/BiasAdd/ReadVariableOp
Outpus:
	point_net_1/output_dense_layer_1/output_dense_layer_1/BiasAdd/ReadVariableOp:0=[23], 1
2026-01-30 19:51:12,296 - tf2onnx.tfonnx - DEBUG - Process node: point_net_1/input_transform_1/input_transform_dense_layer_2_dense_layer_1/input_transform_dense_layer_2_dense_layer_1/Cast/ReadVariableOp
OP=Const
Name=point_net_1/input_transform_1/input_transform_dense_layer_2_dense_layer_1/input_transform_dense_layer_2_dense_layer_1/Cast/ReadVariableOp
Outpus:
	point_net_1/input_transform_1/input_transform_dense_layer_2_dense_layer_1/input_transform_dense_layer_2_dense_layer_1/Cast/ReadVariableOp:0=[512, 256], 1
2026-01-30 19:51:12,297 - tf2onnx.tfonnx - DEBUG - Process node: point_net_1/input_transform_1/input_transform_dense_layer_2_dense_layer_1/batch_normalization_25_1/batchnorm/sub
OP=Const
Name=point_net_1/input_transform_1/input_transform_dense_layer_2_dense_layer_1/batch_normalization_25_1/batchnorm/sub
Outpus:
	point_net_1/input_transform_1/input_transform_dense_layer_2_dense_layer_1/batch_normalization_25_1/batchnorm/sub:0=[256], 1
2026-01-30 19:51:12,297 - tf2onnx.tfonnx - DEBUG - Process node: point_net_1/input_transform_1/input_transform_dense_layer_2_dense_layer_1/batch_normalization_25_1/batchnorm/mul
OP=Const
Name=point_net_1/input_transform_1/input_transform_dense_layer_2_dense_layer_1/batch_normalization_25_1/batchnorm/mul
Outpus:
	point_net_1/input_transform_1/input_transform_dense_layer_2_dense_layer_1/batch_normalization_25_1/batchnorm/mul:0=[256], 1
2026-01-30 19:51:12,298 - tf2onnx.tfonnx - DEBUG - Process node: point_net_1/input_transform_1/input_transform_dense_layer_1_dense_layer_1/input_transform_dense_layer_1_dense_layer_1/Cast/ReadVariableOp
OP=Const
Name=point_net_1/input_transform_1/input_transform_dense_layer_1_dense_layer_1/input_transform_dense_layer_1_dense_layer_1/Cast/ReadVariableOp
Outpus:
	point_net_1/input_transform_1/input_transform_dense_layer_1_dense_layer_1/input_transform_dense_layer_1_dense_layer_1/Cast/ReadVariableOp:0=[1024, 512], 1
2026-01-30 19:51:12,298 - tf2onnx.tfonnx - DEBUG - Process node: point_net_1/input_transform_1/input_transform_dense_layer_1_dense_layer_1/batch_normalization_24_1/batchnorm/sub
OP=Const
Name=point_net_1/input_transform_1/input_transform_dense_layer_1_dense_layer_1/batch_normalization_24_1/batchnorm/sub
Outpus:
	point_net_1/input_transform_1/input_transform_dense_layer_1_dense_layer_1/batch_normalization_24_1/batchnorm/sub:0=[512], 1
2026-01-30 19:51:12,298 - tf2onnx.tfonnx - DEBUG - Process node: point_net_1/input_transform_1/input_transform_dense_layer_1_dense_layer_1/batch_normalization_24_1/batchnorm/mul
OP=Const
Name=point_net_1/input_transform_1/input_transform_dense_layer_1_dense_layer_1/batch_normalization_24_1/batchnorm/mul
Outpus:
	point_net_1/input_transform_1/input_transform_dense_layer_1_dense_layer_1/batch_normalization_24_1/batchnorm/mul:0=[512], 1
2026-01-30 19:51:12,299 - tf2onnx.tfonnx - DEBUG - Process node: point_net_1/input_transform_1/input_transform_convolution_layer_3_convolution_layer_1/input_transform_convolution_layer_3_convolution_layer_1/convolution/merged_input
OP=Const
Name=point_net_1/input_transform_1/input_transform_convolution_layer_3_convolution_layer_1/input_transform_convolution_layer_3_convolution_layer_1/convolution/merged_input
Outpus:
	point_net_1/input_transform_1/input_transform_convolution_layer_3_convolution_layer_1/input_transform_convolution_layer_3_convolution_layer_1/convolution/merged_input:0=[1, 1, 128, 1024], 1
2026-01-30 19:51:12,299 - tf2onnx.tfonnx - DEBUG - Process node: point_net_1/input_transform_1/input_transform_convolution_layer_3_convolution_layer_1/batch_normalization_23_1/batchnorm/sub
OP=Const
Name=point_net_1/input_transform_1/input_transform_convolution_layer_3_convolution_layer_1/batch_normalization_23_1/batchnorm/sub
Outpus:
	point_net_1/input_transform_1/input_transform_convolution_layer_3_convolution_layer_1/batch_normalization_23_1/batchnorm/sub:0=[1024], 1
2026-01-30 19:51:12,299 - tf2onnx.tfonnx - DEBUG - Process node: point_net_1/input_transform_1/input_transform_convolution_layer_2_convolution_layer_1/input_transform_convolution_layer_2_convolution_layer_1/convolution/merged_input
OP=Const
Name=point_net_1/input_transform_1/input_transform_convolution_layer_2_convolution_layer_1/input_transform_convolution_layer_2_convolution_layer_1/convolution/merged_input
Outpus:
	point_net_1/input_transform_1/input_transform_convolution_layer_2_convolution_layer_1/input_transform_convolution_layer_2_convolution_layer_1/convolution/merged_input:0=[1, 1, 64, 128], 1
2026-01-30 19:51:12,299 - tf2onnx.tfonnx - DEBUG - Process node: point_net_1/input_transform_1/input_transform_convolution_layer_2_convolution_layer_1/batch_normalization_22_1/batchnorm/sub
OP=Const
Name=point_net_1/input_transform_1/input_transform_convolution_layer_2_convolution_layer_1/batch_normalization_22_1/batchnorm/sub
Outpus:
	point_net_1/input_transform_1/input_transform_convolution_layer_2_convolution_layer_1/batch_normalization_22_1/batchnorm/sub:0=[128], 1
2026-01-30 19:51:12,300 - tf2onnx.tfonnx - DEBUG - Process node: point_net_1/input_transform_1/input_transform_convolution_layer_1_convolution_layer_1/input_transform_convolution_layer_1_convolution_layer_1/convolution/merged_input
OP=Const
Name=point_net_1/input_transform_1/input_transform_convolution_layer_1_convolution_layer_1/input_transform_convolution_layer_1_convolution_layer_1/convolution/merged_input
Outpus:
	point_net_1/input_transform_1/input_transform_convolution_layer_1_convolution_layer_1/input_transform_convolution_layer_1_convolution_layer_1/convolution/merged_input:0=[1, 1, 3, 64], 1
2026-01-30 19:51:12,300 - tf2onnx.tfonnx - DEBUG - Process node: point_net_1/input_transform_1/input_transform_convolution_layer_1_convolution_layer_1/batch_normalization_21_1/batchnorm/sub
OP=Const
Name=point_net_1/input_transform_1/input_transform_convolution_layer_1_convolution_layer_1/batch_normalization_21_1/batchnorm/sub
Outpus:
	point_net_1/input_transform_1/input_transform_convolution_layer_1_convolution_layer_1/batch_normalization_21_1/batchnorm/sub:0=[64], 1
2026-01-30 19:51:12,300 - tf2onnx.tfonnx - DEBUG - Process node: point_net_1/input_transform_1/add/ReadVariableOp
OP=Const
Name=point_net_1/input_transform_1/add/ReadVariableOp
Outpus:
	point_net_1/input_transform_1/add/ReadVariableOp:0=[3, 3], 1
2026-01-30 19:51:12,300 - tf2onnx.tfonnx - DEBUG - Process node: point_net_1/input_transform_1/Reshape/shape
OP=Const
Name=point_net_1/input_transform_1/Reshape/shape
Outpus:
	point_net_1/input_transform_1/Reshape/shape:0=[3], 6
2026-01-30 19:51:12,301 - tf2onnx.tfonnx - DEBUG - Process node: point_net_1/input_transform_1/Max/reduction_indices
OP=Const
Name=point_net_1/input_transform_1/Max/reduction_indices
Outpus:
	point_net_1/input_transform_1/Max/reduction_indices:0=[], 6
2026-01-30 19:51:12,301 - tf2onnx.tfonnx - DEBUG - Process node: point_net_1/input_transform_1/MatMul/ReadVariableOp
OP=Const
Name=point_net_1/input_transform_1/MatMul/ReadVariableOp
Outpus:
	point_net_1/input_transform_1/MatMul/ReadVariableOp:0=[256, 9], 1
2026-01-30 19:51:12,302 - tf2onnx.tfonnx - DEBUG - Process node: point_net_1/input_transform_1/ExpandDims_1/dim
OP=Const
Name=point_net_1/input_transform_1/ExpandDims_1/dim
Outpus:
	point_net_1/input_transform_1/ExpandDims_1/dim:0=[], 6
2026-01-30 19:51:12,302 - tf2onnx.tfonnx - DEBUG - Process node: point_net_1/input_transform_1/ExpandDims/dim
OP=Const
Name=point_net_1/input_transform_1/ExpandDims/dim
Outpus:
	point_net_1/input_transform_1/ExpandDims/dim:0=[], 6
2026-01-30 19:51:12,303 - tf2onnx.tfonnx - DEBUG - Process node: point_net_1/input_normalization_1/Sum/reduction_indices
OP=Const
Name=point_net_1/input_normalization_1/Sum/reduction_indices
Outpus:
	point_net_1/input_normalization_1/Sum/reduction_indices:0=[], 6
2026-01-30 19:51:12,303 - tf2onnx.tfonnx - DEBUG - Process node: point_net_1/input_normalization_1/Mean/reduction_indices
OP=Const
Name=point_net_1/input_normalization_1/Mean/reduction_indices
Outpus:
	point_net_1/input_normalization_1/Mean/reduction_indices:0=[], 6
2026-01-30 19:51:12,303 - tf2onnx.tfonnx - DEBUG - Process node: point_net_1/input_normalization_1/Maximum/y
OP=Const
Name=point_net_1/input_normalization_1/Maximum/y
Outpus:
	point_net_1/input_normalization_1/Maximum/y:0=[], 1
2026-01-30 19:51:12,304 - tf2onnx.tfonnx - DEBUG - Process node: point_net_1/input_normalization_1/Max/reduction_indices
OP=Const
Name=point_net_1/input_normalization_1/Max/reduction_indices
Outpus:
	point_net_1/input_normalization_1/Max/reduction_indices:0=[], 6
2026-01-30 19:51:12,304 - tf2onnx.tfonnx - DEBUG - Process node: point_net_1/input_normalization_1/ExpandDims/dim
OP=Const
Name=point_net_1/input_normalization_1/ExpandDims/dim
Outpus:
	point_net_1/input_normalization_1/ExpandDims/dim:0=[], 6
2026-01-30 19:51:12,304 - tf2onnx.tfonnx - DEBUG - Process node: point_net_1/feature_transform_1/feature_transform_dense_layer_2_dense_layer_1/feature_transform_dense_layer_2_dense_layer_1/Cast/ReadVariableOp
OP=Const
Name=point_net_1/feature_transform_1/feature_transform_dense_layer_2_dense_layer_1/feature_transform_dense_layer_2_dense_layer_1/Cast/ReadVariableOp
Outpus:
	point_net_1/feature_transform_1/feature_transform_dense_layer_2_dense_layer_1/feature_transform_dense_layer_2_dense_layer_1/Cast/ReadVariableOp:0=[512, 256], 1
2026-01-30 19:51:12,304 - tf2onnx.tfonnx - DEBUG - Process node: point_net_1/feature_transform_1/feature_transform_dense_layer_2_dense_layer_1/batch_normalization_32_1/batchnorm/sub
OP=Const
Name=point_net_1/feature_transform_1/feature_transform_dense_layer_2_dense_layer_1/batch_normalization_32_1/batchnorm/sub
Outpus:
	point_net_1/feature_transform_1/feature_transform_dense_layer_2_dense_layer_1/batch_normalization_32_1/batchnorm/sub:0=[256], 1
2026-01-30 19:51:12,304 - tf2onnx.tfonnx - DEBUG - Process node: point_net_1/feature_transform_1/feature_transform_dense_layer_2_dense_layer_1/batch_normalization_32_1/batchnorm/mul
OP=Const
Name=point_net_1/feature_transform_1/feature_transform_dense_layer_2_dense_layer_1/batch_normalization_32_1/batchnorm/mul
Outpus:
	point_net_1/feature_transform_1/feature_transform_dense_layer_2_dense_layer_1/batch_normalization_32_1/batchnorm/mul:0=[256], 1
2026-01-30 19:51:12,305 - tf2onnx.tfonnx - DEBUG - Process node: point_net_1/feature_transform_1/feature_transform_dense_layer_1_dense_layer_1/feature_transform_dense_layer_1_dense_layer_1/Cast/ReadVariableOp
OP=Const
Name=point_net_1/feature_transform_1/feature_transform_dense_layer_1_dense_layer_1/feature_transform_dense_layer_1_dense_layer_1/Cast/ReadVariableOp
Outpus:
	point_net_1/feature_transform_1/feature_transform_dense_layer_1_dense_layer_1/feature_transform_dense_layer_1_dense_layer_1/Cast/ReadVariableOp:0=[1024, 512], 1
2026-01-30 19:51:12,305 - tf2onnx.tfonnx - DEBUG - Process node: point_net_1/feature_transform_1/feature_transform_dense_layer_1_dense_layer_1/batch_normalization_31_1/batchnorm/sub
OP=Const
Name=point_net_1/feature_transform_1/feature_transform_dense_layer_1_dense_layer_1/batch_normalization_31_1/batchnorm/sub
Outpus:
	point_net_1/feature_transform_1/feature_transform_dense_layer_1_dense_layer_1/batch_normalization_31_1/batchnorm/sub:0=[512], 1
2026-01-30 19:51:12,305 - tf2onnx.tfonnx - DEBUG - Process node: point_net_1/feature_transform_1/feature_transform_dense_layer_1_dense_layer_1/batch_normalization_31_1/batchnorm/mul
OP=Const
Name=point_net_1/feature_transform_1/feature_transform_dense_layer_1_dense_layer_1/batch_normalization_31_1/batchnorm/mul
Outpus:
	point_net_1/feature_transform_1/feature_transform_dense_layer_1_dense_layer_1/batch_normalization_31_1/batchnorm/mul:0=[512], 1
2026-01-30 19:51:12,306 - tf2onnx.tfonnx - DEBUG - Process node: point_net_1/feature_transform_1/feature_transform_convolution_layer_3_convolution_layer_1/feature_transform_convolution_layer_3_convolution_layer_1/convolution/merged_input
OP=Const
Name=point_net_1/feature_transform_1/feature_transform_convolution_layer_3_convolution_layer_1/feature_transform_convolution_layer_3_convolution_layer_1/convolution/merged_input
Outpus:
	point_net_1/feature_transform_1/feature_transform_convolution_layer_3_convolution_layer_1/feature_transform_convolution_layer_3_convolution_layer_1/convolution/merged_input:0=[1, 1, 128, 1024], 1
2026-01-30 19:51:12,306 - tf2onnx.tfonnx - DEBUG - Process node: point_net_1/feature_transform_1/feature_transform_convolution_layer_3_convolution_layer_1/batch_normalization_30_1/batchnorm/sub
OP=Const
Name=point_net_1/feature_transform_1/feature_transform_convolution_layer_3_convolution_layer_1/batch_normalization_30_1/batchnorm/sub
Outpus:
	point_net_1/feature_transform_1/feature_transform_convolution_layer_3_convolution_layer_1/batch_normalization_30_1/batchnorm/sub:0=[1024], 1
2026-01-30 19:51:12,307 - tf2onnx.tfonnx - DEBUG - Process node: point_net_1/feature_transform_1/feature_transform_convolution_layer_2_convolution_layer_1/feature_transform_convolution_layer_2_convolution_layer_1/convolution/merged_input
OP=Const
Name=point_net_1/feature_transform_1/feature_transform_convolution_layer_2_convolution_layer_1/feature_transform_convolution_layer_2_convolution_layer_1/convolution/merged_input
Outpus:
	point_net_1/feature_transform_1/feature_transform_convolution_layer_2_convolution_layer_1/feature_transform_convolution_layer_2_convolution_layer_1/convolution/merged_input:0=[1, 1, 64, 128], 1
2026-01-30 19:51:12,307 - tf2onnx.tfonnx - DEBUG - Process node: point_net_1/feature_transform_1/feature_transform_convolution_layer_2_convolution_layer_1/batch_normalization_29_1/batchnorm/sub
OP=Const
Name=point_net_1/feature_transform_1/feature_transform_convolution_layer_2_convolution_layer_1/batch_normalization_29_1/batchnorm/sub
Outpus:
	point_net_1/feature_transform_1/feature_transform_convolution_layer_2_convolution_layer_1/batch_normalization_29_1/batchnorm/sub:0=[128], 1
2026-01-30 19:51:12,308 - tf2onnx.tfonnx - DEBUG - Process node: point_net_1/feature_transform_1/feature_transform_convolution_layer_1_convolution_layer_1/feature_transform_convolution_layer_1_convolution_layer_1/convolution/merged_input
OP=Const
Name=point_net_1/feature_transform_1/feature_transform_convolution_layer_1_convolution_layer_1/feature_transform_convolution_layer_1_convolution_layer_1/convolution/merged_input
Outpus:
	point_net_1/feature_transform_1/feature_transform_convolution_layer_1_convolution_layer_1/feature_transform_convolution_layer_1_convolution_layer_1/convolution/merged_input:0=[1, 1, 64, 64], 1
2026-01-30 19:51:12,308 - tf2onnx.tfonnx - DEBUG - Process node: point_net_1/feature_transform_1/feature_transform_convolution_layer_1_convolution_layer_1/batch_normalization_28_1/batchnorm/sub
OP=Const
Name=point_net_1/feature_transform_1/feature_transform_convolution_layer_1_convolution_layer_1/batch_normalization_28_1/batchnorm/sub
Outpus:
	point_net_1/feature_transform_1/feature_transform_convolution_layer_1_convolution_layer_1/batch_normalization_28_1/batchnorm/sub:0=[64], 1
2026-01-30 19:51:12,308 - tf2onnx.tfonnx - DEBUG - Process node: point_net_1/feature_transform_1/add/ReadVariableOp
OP=Const
Name=point_net_1/feature_transform_1/add/ReadVariableOp
Outpus:
	point_net_1/feature_transform_1/add/ReadVariableOp:0=[64, 64], 1
2026-01-30 19:51:12,308 - tf2onnx.tfonnx - DEBUG - Process node: point_net_1/feature_transform_1/Reshape/shape
OP=Const
Name=point_net_1/feature_transform_1/Reshape/shape
Outpus:
	point_net_1/feature_transform_1/Reshape/shape:0=[3], 6
2026-01-30 19:51:12,309 - tf2onnx.tfonnx - DEBUG - Process node: point_net_1/feature_transform_1/Max/reduction_indices
OP=Const
Name=point_net_1/feature_transform_1/Max/reduction_indices
Outpus:
	point_net_1/feature_transform_1/Max/reduction_indices:0=[], 6
2026-01-30 19:51:12,309 - tf2onnx.tfonnx - DEBUG - Process node: point_net_1/feature_transform_1/MatMul/ReadVariableOp
OP=Const
Name=point_net_1/feature_transform_1/MatMul/ReadVariableOp
Outpus:
	point_net_1/feature_transform_1/MatMul/ReadVariableOp:0=[256, 4096], 1
2026-01-30 19:51:12,309 - tf2onnx.tfonnx - DEBUG - Process node: point_net_1/feature_transform_1/ExpandDims_1/dim
OP=Const
Name=point_net_1/feature_transform_1/ExpandDims_1/dim
Outpus:
	point_net_1/feature_transform_1/ExpandDims_1/dim:0=[], 6
2026-01-30 19:51:12,310 - tf2onnx.tfonnx - DEBUG - Process node: point_net_1/feature_transform_1/ExpandDims/dim
OP=Const
Name=point_net_1/feature_transform_1/ExpandDims/dim
Outpus:
	point_net_1/feature_transform_1/ExpandDims/dim:0=[], 6
2026-01-30 19:51:12,310 - tf2onnx.tfonnx - DEBUG - Process node: point_net_1/concat/axis
OP=Const
Name=point_net_1/concat/axis
Outpus:
	point_net_1/concat/axis:0=[], 6
2026-01-30 19:51:12,311 - tf2onnx.tfonnx - DEBUG - Process node: point_net_1/Tile/multiples
OP=Const
Name=point_net_1/Tile/multiples
Outpus:
	point_net_1/Tile/multiples:0=[3], 6
2026-01-30 19:51:12,311 - tf2onnx.tfonnx - DEBUG - Process node: point_net_1/Max/reduction_indices
OP=Const
Name=point_net_1/Max/reduction_indices
Outpus:
	point_net_1/Max/reduction_indices:0=[], 6
2026-01-30 19:51:12,312 - tf2onnx.tfonnx - DEBUG - Process node: point_net_1/ExpandDims_3/dim
OP=Const
Name=point_net_1/ExpandDims_3/dim
Outpus:
	point_net_1/ExpandDims_3/dim:0=[], 6
2026-01-30 19:51:12,312 - tf2onnx.tfonnx - DEBUG - Process node: point_net_1/ExpandDims_2/dim
OP=Const
Name=point_net_1/ExpandDims_2/dim
Outpus:
	point_net_1/ExpandDims_2/dim:0=[], 6
2026-01-30 19:51:12,312 - tf2onnx.tfonnx - DEBUG - Process node: point_net_1/ExpandDims_1/dim
OP=Const
Name=point_net_1/ExpandDims_1/dim
Outpus:
	point_net_1/ExpandDims_1/dim:0=[], 6
2026-01-30 19:51:12,313 - tf2onnx.tfonnx - DEBUG - Process node: point_net_1/ExpandDims/dim
OP=Const
Name=point_net_1/ExpandDims/dim
Outpus:
	point_net_1/ExpandDims/dim:0=[], 6
2026-01-30 19:51:12,313 - tf2onnx.tfonnx - DEBUG - Process node: args_0
OP=Placeholder
Name=args_0
Outpus:
	args_0=[-1, 8192, 3], 1
2026-01-30 19:51:12,314 - tf2onnx.tfonnx - DEBUG - Process node: point_net_1/input_normalization_1/Mean
OP=Mean
Name=point_net_1/input_normalization_1/Mean
Inputs:
	args_0=Placeholder, [-1, 8192, 3], 1
	point_net_1/input_normalization_1/Mean/reduction_indices:0=Const, [], 6
Outpus:
	point_net_1/input_normalization_1/Mean:0=[-1, 1, 3], 1
2026-01-30 19:51:12,314 - tf2onnx.tfonnx - DEBUG - Process node: point_net_1/input_normalization_1/sub
OP=Sub
Name=point_net_1/input_normalization_1/sub
Inputs:
	args_0=Placeholder, [-1, 8192, 3], 1
	point_net_1/input_normalization_1/Mean:0=ReduceMean, [-1, 1, 3], 1
Outpus:
	point_net_1/input_normalization_1/sub:0=[-1, 8192, 3], 1
2026-01-30 19:51:12,315 - tf2onnx.tfonnx - DEBUG - Process node: point_net_1/input_normalization_1/Square
OP=Square
Name=point_net_1/input_normalization_1/Square
Inputs:
	point_net_1/input_normalization_1/sub:0=Sub, [-1, 8192, 3], 1
Outpus:
	point_net_1/input_normalization_1/Square:0=[-1, 8192, 3], 1
2026-01-30 19:51:12,315 - tf2onnx.tfonnx - DEBUG - Process node: point_net_1/input_normalization_1/Sum
OP=Sum
Name=point_net_1/input_normalization_1/Sum
Inputs:
	point_net_1/input_normalization_1/Square:0=Mul, [-1, 8192, 3], 1
	point_net_1/input_normalization_1/Sum/reduction_indices:0=Const, [], 6
Outpus:
	point_net_1/input_normalization_1/Sum:0=[-1, 8192], 1
2026-01-30 19:51:12,316 - tf2onnx.graph - DEBUG - Making node: Name=point_net_1/input_normalization_1/Sum__181, OP=Cast
2026-01-30 19:51:12,316 - tf2onnx.graph - DEBUG - Infer shape and dtype for [point_net_1/input_normalization_1/Sum__181]
2026-01-30 19:51:12,317 - tf2onnx.graph - DEBUG - Set dtype of [point_net_1/input_normalization_1/Sum__181:0] to 7
2026-01-30 19:51:12,318 - tf2onnx.graph - DEBUG - Set shape of [point_net_1/input_normalization_1/Sum__181:0] to []
2026-01-30 19:51:12,318 - tf2onnx.graph - DEBUG - Made node: point_net_1/input_normalization_1/Sum__181
OP=Cast
Name=point_net_1/input_normalization_1/Sum__181
Inputs:
	point_net_1/input_normalization_1/Sum/reduction_indices:0=Const, [], 6
Outpus:
	point_net_1/input_normalization_1/Sum__181:0=[], 7
2026-01-30 19:51:12,319 - tf2onnx.graph - DEBUG - Making node: Name=reshape_const__182, OP=Const
2026-01-30 19:51:12,320 - tf2onnx.graph - DEBUG - Made node: reshape_const__182
OP=Const
Name=reshape_const__182
Outpus:
	reshape_const__182=None, 7
2026-01-30 19:51:12,320 - tf2onnx.graph - DEBUG - Making node: Name=point_net_1/input_normalization_1/Sum__183, OP=Reshape
2026-01-30 19:51:12,321 - tf2onnx.graph - DEBUG - Infer shape and dtype for [point_net_1/input_normalization_1/Sum__183]
2026-01-30 19:51:12,321 - tf2onnx.graph - DEBUG - Set dtype of [point_net_1/input_normalization_1/Sum__183:0] to 7
2026-01-30 19:51:12,321 - tf2onnx.graph - DEBUG - Set shape of [point_net_1/input_normalization_1/Sum__183:0] to [1]
2026-01-30 19:51:12,322 - tf2onnx.graph - DEBUG - Made node: point_net_1/input_normalization_1/Sum__183
OP=Reshape
Name=point_net_1/input_normalization_1/Sum__183
Inputs:
	point_net_1/input_normalization_1/Sum__181:0=Cast, [], 7
	reshape_const__182=Const, [1], 7
Outpus:
	point_net_1/input_normalization_1/Sum__183:0=[1], 7
2026-01-30 19:51:12,322 - tf2onnx.tfonnx - DEBUG - Process node: point_net_1/input_normalization_1/Sqrt
OP=Sqrt
Name=point_net_1/input_normalization_1/Sqrt
Inputs:
	point_net_1/input_normalization_1/Sum:0=ReduceSum, [-1, 8192], 1
Outpus:
	point_net_1/input_normalization_1/Sqrt:0=[-1, 8192], 1
2026-01-30 19:51:12,323 - tf2onnx.tfonnx - DEBUG - Process node: point_net_1/input_normalization_1/Max
OP=Max
Name=point_net_1/input_normalization_1/Max
Inputs:
	point_net_1/input_normalization_1/Sqrt:0=Sqrt, [-1, 8192], 1
	point_net_1/input_normalization_1/Max/reduction_indices:0=Const, [], 6
Outpus:
	point_net_1/input_normalization_1/Max:0=[-1, 1], 1
2026-01-30 19:51:12,323 - tf2onnx.tfonnx - DEBUG - Process node: point_net_1/input_normalization_1/ExpandDims
OP=ExpandDims
Name=point_net_1/input_normalization_1/ExpandDims
Inputs:
	point_net_1/input_normalization_1/Max:0=ReduceMax, [-1, 1], 1
	point_net_1/input_normalization_1/ExpandDims/dim:0=Const, [], 6
Outpus:
	point_net_1/input_normalization_1/ExpandDims:0=[-1, 1, 1], 1
2026-01-30 19:51:12,324 - tf2onnx.graph - DEBUG - Making node: Name=point_net_1/input_normalization_1/ExpandDims__184, OP=Cast
2026-01-30 19:51:12,324 - tf2onnx.graph - DEBUG - Infer shape and dtype for [point_net_1/input_normalization_1/ExpandDims__184]
2026-01-30 19:51:12,324 - tf2onnx.graph - DEBUG - Set dtype of [point_net_1/input_normalization_1/ExpandDims__184:0] to 7
2026-01-30 19:51:12,324 - tf2onnx.graph - DEBUG - Set shape of [point_net_1/input_normalization_1/ExpandDims__184:0] to []
2026-01-30 19:51:12,324 - tf2onnx.graph - DEBUG - Made node: point_net_1/input_normalization_1/ExpandDims__184
OP=Cast
Name=point_net_1/input_normalization_1/ExpandDims__184
Inputs:
	point_net_1/input_normalization_1/ExpandDims/dim:0=Const, [], 6
Outpus:
	point_net_1/input_normalization_1/ExpandDims__184:0=[], 7
2026-01-30 19:51:12,325 - tf2onnx.graph - DEBUG - Making node: Name=reshape_const__185, OP=Const
2026-01-30 19:51:12,325 - tf2onnx.graph - DEBUG - Made node: reshape_const__185
OP=Const
Name=reshape_const__185
Outpus:
	reshape_const__185=None, 7
2026-01-30 19:51:12,325 - tf2onnx.graph - DEBUG - Making node: Name=Reshape__186, OP=Reshape
2026-01-30 19:51:12,326 - tf2onnx.graph - DEBUG - Infer shape and dtype for [Reshape__186]
2026-01-30 19:51:12,326 - tf2onnx.graph - DEBUG - Set dtype of [Reshape__186:0] to 7
2026-01-30 19:51:12,326 - tf2onnx.graph - DEBUG - Set shape of [Reshape__186:0] to [1]
2026-01-30 19:51:12,326 - tf2onnx.graph - DEBUG - Made node: Reshape__186
OP=Reshape
Name=Reshape__186
Inputs:
	point_net_1/input_normalization_1/ExpandDims__184:0=Cast, [], 7
	reshape_const__185=Const, [1], 7
Outpus:
	Reshape__186:0=[1], 7
2026-01-30 19:51:12,327 - tf2onnx.tfonnx - DEBUG - Process node: point_net_1/input_normalization_1/Maximum
OP=Maximum
Name=point_net_1/input_normalization_1/Maximum
Inputs:
	point_net_1/input_normalization_1/ExpandDims:0=Unsqueeze, [-1, 1, 1], 1
	point_net_1/input_normalization_1/Maximum/y:0=Const, [], 1
Outpus:
	point_net_1/input_normalization_1/Maximum:0=[-1, 1, 1], 1
2026-01-30 19:51:12,327 - tf2onnx.tfonnx - DEBUG - Process node: point_net_1/input_normalization_1/truediv
OP=RealDiv
Name=point_net_1/input_normalization_1/truediv
Inputs:
	point_net_1/input_normalization_1/sub:0=Sub, [-1, 8192, 3], 1
	point_net_1/input_normalization_1/Maximum:0=Max, [-1, 1, 1], 1
Outpus:
	point_net_1/input_normalization_1/truediv:0=[-1, 8192, 3], 1
2026-01-30 19:51:12,327 - tf2onnx.tfonnx - DEBUG - Process node: point_net_1/input_transform_1/ExpandDims
OP=ExpandDims
Name=point_net_1/input_transform_1/ExpandDims
Inputs:
	point_net_1/input_normalization_1/truediv:0=Div, [-1, 8192, 3], 1
	point_net_1/input_transform_1/ExpandDims/dim:0=Const, [], 6
Outpus:
	point_net_1/input_transform_1/ExpandDims:0=[-1, 8192, 1, 3], 1
2026-01-30 19:51:12,327 - tf2onnx.graph - DEBUG - Making node: Name=point_net_1/input_transform_1/ExpandDims__187, OP=Cast
2026-01-30 19:51:12,328 - tf2onnx.graph - DEBUG - Infer shape and dtype for [point_net_1/input_transform_1/ExpandDims__187]
2026-01-30 19:51:12,329 - tf2onnx.graph - DEBUG - Set dtype of [point_net_1/input_transform_1/ExpandDims__187:0] to 7
2026-01-30 19:51:12,329 - tf2onnx.graph - DEBUG - Set shape of [point_net_1/input_transform_1/ExpandDims__187:0] to []
2026-01-30 19:51:12,330 - tf2onnx.graph - DEBUG - Made node: point_net_1/input_transform_1/ExpandDims__187
OP=Cast
Name=point_net_1/input_transform_1/ExpandDims__187
Inputs:
	point_net_1/input_transform_1/ExpandDims/dim:0=Const, [], 6
Outpus:
	point_net_1/input_transform_1/ExpandDims__187:0=[], 7
2026-01-30 19:51:12,330 - tf2onnx.graph - DEBUG - Making node: Name=reshape_const__188, OP=Const
2026-01-30 19:51:12,331 - tf2onnx.graph - DEBUG - Made node: reshape_const__188
OP=Const
Name=reshape_const__188
Outpus:
	reshape_const__188=None, 7
2026-01-30 19:51:12,331 - tf2onnx.graph - DEBUG - Making node: Name=Reshape__189, OP=Reshape
2026-01-30 19:51:12,332 - tf2onnx.graph - DEBUG - Infer shape and dtype for [Reshape__189]
2026-01-30 19:51:12,332 - tf2onnx.graph - DEBUG - Set dtype of [Reshape__189:0] to 7
2026-01-30 19:51:12,333 - tf2onnx.graph - DEBUG - Set shape of [Reshape__189:0] to [1]
2026-01-30 19:51:12,333 - tf2onnx.graph - DEBUG - Made node: Reshape__189
OP=Reshape
Name=Reshape__189
Inputs:
	point_net_1/input_transform_1/ExpandDims__187:0=Cast, [], 7
	reshape_const__188=Const, [1], 7
Outpus:
	Reshape__189:0=[1], 7
2026-01-30 19:51:12,334 - tf2onnx.tfonnx - DEBUG - Process node: point_net_1/input_transform_1/input_transform_convolution_layer_1_convolution_layer_1/batch_normalization_21_1/batchnorm/mul_1
OP=Conv2D
Name=point_net_1/input_transform_1/input_transform_convolution_layer_1_convolution_layer_1/batch_normalization_21_1/batchnorm/mul_1
Inputs:
	point_net_1/input_transform_1/ExpandDims:0=Unsqueeze, [-1, 8192, 1, 3], 1
	point_net_1/input_transform_1/input_transform_convolution_layer_1_convolution_layer_1/input_transform_convolution_layer_1_convolution_layer_1/convolution/merged_input:0=Const, [1, 1, 3, 64], 1
Outpus:
	point_net_1/input_transform_1/input_transform_convolution_layer_1_convolution_layer_1/batch_normalization_21_1/batchnorm/mul_1:0=[-1, 8192, 1, 64], 1
2026-01-30 19:51:12,335 - tf2onnx.graph - DEBUG - Making node: Name=point_net_1/input_transform_1/input_transform_convolution_layer_1_convolution_layer_1/batch_normalization_21_1/batchnorm/mul_1__190, OP=Transpose
2026-01-30 19:51:12,336 - tf2onnx.graph - DEBUG - Infer shape and dtype for [point_net_1/input_transform_1/input_transform_convolution_layer_1_convolution_layer_1/batch_normalization_21_1/batchnorm/mul_1__190]
2026-01-30 19:51:12,336 - tf2onnx.graph - DEBUG - Set dtype of [point_net_1/input_transform_1/input_transform_convolution_layer_1_convolution_layer_1/batch_normalization_21_1/batchnorm/mul_1__190:0] to 1
2026-01-30 19:51:12,337 - tf2onnx.graph - DEBUG - Set shape of [point_net_1/input_transform_1/input_transform_convolution_layer_1_convolution_layer_1/batch_normalization_21_1/batchnorm/mul_1__190:0] to [3, 1, 8192, -1]
2026-01-30 19:51:12,337 - tf2onnx.graph - DEBUG - Made node: point_net_1/input_transform_1/input_transform_convolution_layer_1_convolution_layer_1/batch_normalization_21_1/batchnorm/mul_1__190
OP=Transpose
Name=point_net_1/input_transform_1/input_transform_convolution_layer_1_convolution_layer_1/batch_normalization_21_1/batchnorm/mul_1__190
Inputs:
	point_net_1/input_transform_1/ExpandDims:0=Unsqueeze, [-1, 8192, 1, 3], 1
Outpus:
	point_net_1/input_transform_1/input_transform_convolution_layer_1_convolution_layer_1/batch_normalization_21_1/batchnorm/mul_1__190:0=[3, 1, 8192, -1], 1
2026-01-30 19:51:12,338 - tf2onnx.graph - DEBUG - Making node: Name=point_net_1/input_transform_1/input_transform_convolution_layer_1_convolution_layer_1/batch_normalization_21_1/batchnorm/mul_1__192, OP=Transpose
2026-01-30 19:51:12,339 - tf2onnx.graph - DEBUG - Infer shape and dtype for [point_net_1/input_transform_1/input_transform_convolution_layer_1_convolution_layer_1/batch_normalization_21_1/batchnorm/mul_1__192]
2026-01-30 19:51:12,340 - tf2onnx.graph - DEBUG - Set dtype of [point_net_1/input_transform_1/input_transform_convolution_layer_1_convolution_layer_1/batch_normalization_21_1/batchnorm/mul_1__192:0] to 1
2026-01-30 19:51:12,340 - tf2onnx.graph - DEBUG - Set shape of [point_net_1/input_transform_1/input_transform_convolution_layer_1_convolution_layer_1/batch_normalization_21_1/batchnorm/mul_1__192:0] to [64, 1, 8192, -1]
2026-01-30 19:51:12,341 - tf2onnx.graph - DEBUG - Made node: point_net_1/input_transform_1/input_transform_convolution_layer_1_convolution_layer_1/batch_normalization_21_1/batchnorm/mul_1__192
OP=Transpose
Name=point_net_1/input_transform_1/input_transform_convolution_layer_1_convolution_layer_1/batch_normalization_21_1/batchnorm/mul_1__192
Inputs:
	point_net_1/input_transform_1/input_transform_convolution_layer_1_convolution_layer_1/batch_normalization_21_1/batchnorm/mul_1:0=Conv, [-1, 8192, 1, 64], 1
Outpus:
	point_net_1/input_transform_1/input_transform_convolution_layer_1_convolution_layer_1/batch_normalization_21_1/batchnorm/mul_1__192:0=[64, 1, 8192, -1], 1
2026-01-30 19:51:12,342 - tf2onnx.tfonnx - DEBUG - Process node: point_net_1/input_transform_1/input_transform_convolution_layer_1_convolution_layer_1/batch_normalization_21_1/batchnorm/add_1
OP=AddV2
Name=point_net_1/input_transform_1/input_transform_convolution_layer_1_convolution_layer_1/batch_normalization_21_1/batchnorm/add_1
Inputs:
	point_net_1/input_transform_1/input_transform_convolution_layer_1_convolution_layer_1/batch_normalization_21_1/batchnorm/mul_1__192:0=Transpose, [-1, 8192, 1, 64], 1
	point_net_1/input_transform_1/input_transform_convolution_layer_1_convolution_layer_1/batch_normalization_21_1/batchnorm/sub:0=Const, [64], 1
Outpus:
	point_net_1/input_transform_1/input_transform_convolution_layer_1_convolution_layer_1/batch_normalization_21_1/batchnorm/add_1:0=[-1, 8192, 1, 64], 1
2026-01-30 19:51:12,342 - tf2onnx.tfonnx - DEBUG - Process node: point_net_1/input_transform_1/input_transform_convolution_layer_1_convolution_layer_1/Relu
OP=Relu
Name=point_net_1/input_transform_1/input_transform_convolution_layer_1_convolution_layer_1/Relu
Inputs:
	point_net_1/input_transform_1/input_transform_convolution_layer_1_convolution_layer_1/batch_normalization_21_1/batchnorm/add_1:0=Add, [-1, 8192, 1, 64], 1
Outpus:
	point_net_1/input_transform_1/input_transform_convolution_layer_1_convolution_layer_1/Relu:0=[-1, 8192, 1, 64], 1
2026-01-30 19:51:12,343 - tf2onnx.tfonnx - DEBUG - Process node: point_net_1/input_transform_1/input_transform_convolution_layer_2_convolution_layer_1/batch_normalization_22_1/batchnorm/mul_1
OP=Conv2D
Name=point_net_1/input_transform_1/input_transform_convolution_layer_2_convolution_layer_1/batch_normalization_22_1/batchnorm/mul_1
Inputs:
	point_net_1/input_transform_1/input_transform_convolution_layer_1_convolution_layer_1/Relu:0=Relu, [-1, 8192, 1, 64], 1
	point_net_1/input_transform_1/input_transform_convolution_layer_2_convolution_layer_1/input_transform_convolution_layer_2_convolution_layer_1/convolution/merged_input:0=Const, [1, 1, 64, 128], 1
Outpus:
	point_net_1/input_transform_1/input_transform_convolution_layer_2_convolution_layer_1/batch_normalization_22_1/batchnorm/mul_1:0=[-1, 8192, 1, 128], 1
2026-01-30 19:51:12,343 - tf2onnx.graph - DEBUG - Making node: Name=point_net_1/input_transform_1/input_transform_convolution_layer_2_convolution_layer_1/batch_normalization_22_1/batchnorm/mul_1__194, OP=Transpose
2026-01-30 19:51:12,344 - tf2onnx.graph - DEBUG - Infer shape and dtype for [point_net_1/input_transform_1/input_transform_convolution_layer_2_convolution_layer_1/batch_normalization_22_1/batchnorm/mul_1__194]
2026-01-30 19:51:12,344 - tf2onnx.graph - DEBUG - Set dtype of [point_net_1/input_transform_1/input_transform_convolution_layer_2_convolution_layer_1/batch_normalization_22_1/batchnorm/mul_1__194:0] to 1
2026-01-30 19:51:12,345 - tf2onnx.graph - DEBUG - Set shape of [point_net_1/input_transform_1/input_transform_convolution_layer_2_convolution_layer_1/batch_normalization_22_1/batchnorm/mul_1__194:0] to [64, 1, 8192, -1]
2026-01-30 19:51:12,345 - tf2onnx.graph - DEBUG - Made node: point_net_1/input_transform_1/input_transform_convolution_layer_2_convolution_layer_1/batch_normalization_22_1/batchnorm/mul_1__194
OP=Transpose
Name=point_net_1/input_transform_1/input_transform_convolution_layer_2_convolution_layer_1/batch_normalization_22_1/batchnorm/mul_1__194
Inputs:
	point_net_1/input_transform_1/input_transform_convolution_layer_1_convolution_layer_1/Relu:0=Relu, [-1, 8192, 1, 64], 1
Outpus:
	point_net_1/input_transform_1/input_transform_convolution_layer_2_convolution_layer_1/batch_normalization_22_1/batchnorm/mul_1__194:0=[64, 1, 8192, -1], 1
2026-01-30 19:51:12,346 - tf2onnx.graph - DEBUG - Making node: Name=point_net_1/input_transform_1/input_transform_convolution_layer_2_convolution_layer_1/batch_normalization_22_1/batchnorm/mul_1__196, OP=Transpose
2026-01-30 19:51:12,346 - tf2onnx.graph - DEBUG - Infer shape and dtype for [point_net_1/input_transform_1/input_transform_convolution_layer_2_convolution_layer_1/batch_normalization_22_1/batchnorm/mul_1__196]
2026-01-30 19:51:12,347 - tf2onnx.graph - DEBUG - Set dtype of [point_net_1/input_transform_1/input_transform_convolution_layer_2_convolution_layer_1/batch_normalization_22_1/batchnorm/mul_1__196:0] to 1
2026-01-30 19:51:12,347 - tf2onnx.graph - DEBUG - Set shape of [point_net_1/input_transform_1/input_transform_convolution_layer_2_convolution_layer_1/batch_normalization_22_1/batchnorm/mul_1__196:0] to [128, 1, 8192, -1]
2026-01-30 19:51:12,347 - tf2onnx.graph - DEBUG - Made node: point_net_1/input_transform_1/input_transform_convolution_layer_2_convolution_layer_1/batch_normalization_22_1/batchnorm/mul_1__196
OP=Transpose
Name=point_net_1/input_transform_1/input_transform_convolution_layer_2_convolution_layer_1/batch_normalization_22_1/batchnorm/mul_1__196
Inputs:
	point_net_1/input_transform_1/input_transform_convolution_layer_2_convolution_layer_1/batch_normalization_22_1/batchnorm/mul_1:0=Conv, [-1, 8192, 1, 128], 1
Outpus:
	point_net_1/input_transform_1/input_transform_convolution_layer_2_convolution_layer_1/batch_normalization_22_1/batchnorm/mul_1__196:0=[128, 1, 8192, -1], 1
2026-01-30 19:51:12,348 - tf2onnx.tfonnx - DEBUG - Process node: point_net_1/input_transform_1/input_transform_convolution_layer_2_convolution_layer_1/batch_normalization_22_1/batchnorm/add_1
OP=AddV2
Name=point_net_1/input_transform_1/input_transform_convolution_layer_2_convolution_layer_1/batch_normalization_22_1/batchnorm/add_1
Inputs:
	point_net_1/input_transform_1/input_transform_convolution_layer_2_convolution_layer_1/batch_normalization_22_1/batchnorm/mul_1__196:0=Transpose, [-1, 8192, 1, 128], 1
	point_net_1/input_transform_1/input_transform_convolution_layer_2_convolution_layer_1/batch_normalization_22_1/batchnorm/sub:0=Const, [128], 1
Outpus:
	point_net_1/input_transform_1/input_transform_convolution_layer_2_convolution_layer_1/batch_normalization_22_1/batchnorm/add_1:0=[-1, 8192, 1, 128], 1
2026-01-30 19:51:12,348 - tf2onnx.tfonnx - DEBUG - Process node: point_net_1/input_transform_1/input_transform_convolution_layer_2_convolution_layer_1/Relu
OP=Relu
Name=point_net_1/input_transform_1/input_transform_convolution_layer_2_convolution_layer_1/Relu
Inputs:
	point_net_1/input_transform_1/input_transform_convolution_layer_2_convolution_layer_1/batch_normalization_22_1/batchnorm/add_1:0=Add, [-1, 8192, 1, 128], 1
Outpus:
	point_net_1/input_transform_1/input_transform_convolution_layer_2_convolution_layer_1/Relu:0=[-1, 8192, 1, 128], 1
2026-01-30 19:51:12,348 - tf2onnx.tfonnx - DEBUG - Process node: point_net_1/input_transform_1/input_transform_convolution_layer_3_convolution_layer_1/batch_normalization_23_1/batchnorm/mul_1
OP=Conv2D
Name=point_net_1/input_transform_1/input_transform_convolution_layer_3_convolution_layer_1/batch_normalization_23_1/batchnorm/mul_1
Inputs:
	point_net_1/input_transform_1/input_transform_convolution_layer_2_convolution_layer_1/Relu:0=Relu, [-1, 8192, 1, 128], 1
	point_net_1/input_transform_1/input_transform_convolution_layer_3_convolution_layer_1/input_transform_convolution_layer_3_convolution_layer_1/convolution/merged_input:0=Const, [1, 1, 128, 1024], 1
Outpus:
	point_net_1/input_transform_1/input_transform_convolution_layer_3_convolution_layer_1/batch_normalization_23_1/batchnorm/mul_1:0=[-1, 8192, 1, 1024], 1
2026-01-30 19:51:12,348 - tf2onnx.graph - DEBUG - Making node: Name=point_net_1/input_transform_1/input_transform_convolution_layer_3_convolution_layer_1/batch_normalization_23_1/batchnorm/mul_1__198, OP=Transpose
2026-01-30 19:51:12,349 - tf2onnx.graph - DEBUG - Infer shape and dtype for [point_net_1/input_transform_1/input_transform_convolution_layer_3_convolution_layer_1/batch_normalization_23_1/batchnorm/mul_1__198]
2026-01-30 19:51:12,349 - tf2onnx.graph - DEBUG - Set dtype of [point_net_1/input_transform_1/input_transform_convolution_layer_3_convolution_layer_1/batch_normalization_23_1/batchnorm/mul_1__198:0] to 1
2026-01-30 19:51:12,350 - tf2onnx.graph - DEBUG - Set shape of [point_net_1/input_transform_1/input_transform_convolution_layer_3_convolution_layer_1/batch_normalization_23_1/batchnorm/mul_1__198:0] to [128, 1, 8192, -1]
2026-01-30 19:51:12,350 - tf2onnx.graph - DEBUG - Made node: point_net_1/input_transform_1/input_transform_convolution_layer_3_convolution_layer_1/batch_normalization_23_1/batchnorm/mul_1__198
OP=Transpose
Name=point_net_1/input_transform_1/input_transform_convolution_layer_3_convolution_layer_1/batch_normalization_23_1/batchnorm/mul_1__198
Inputs:
	point_net_1/input_transform_1/input_transform_convolution_layer_2_convolution_layer_1/Relu:0=Relu, [-1, 8192, 1, 128], 1
Outpus:
	point_net_1/input_transform_1/input_transform_convolution_layer_3_convolution_layer_1/batch_normalization_23_1/batchnorm/mul_1__198:0=[128, 1, 8192, -1], 1
2026-01-30 19:51:12,351 - tf2onnx.graph - DEBUG - Making node: Name=point_net_1/input_transform_1/input_transform_convolution_layer_3_convolution_layer_1/batch_normalization_23_1/batchnorm/mul_1__200, OP=Transpose
2026-01-30 19:51:12,351 - tf2onnx.graph - DEBUG - Infer shape and dtype for [point_net_1/input_transform_1/input_transform_convolution_layer_3_convolution_layer_1/batch_normalization_23_1/batchnorm/mul_1__200]
2026-01-30 19:51:12,352 - tf2onnx.graph - DEBUG - Set dtype of [point_net_1/input_transform_1/input_transform_convolution_layer_3_convolution_layer_1/batch_normalization_23_1/batchnorm/mul_1__200:0] to 1
2026-01-30 19:51:12,352 - tf2onnx.graph - DEBUG - Set shape of [point_net_1/input_transform_1/input_transform_convolution_layer_3_convolution_layer_1/batch_normalization_23_1/batchnorm/mul_1__200:0] to [1024, 1, 8192, -1]
2026-01-30 19:51:12,353 - tf2onnx.graph - DEBUG - Made node: point_net_1/input_transform_1/input_transform_convolution_layer_3_convolution_layer_1/batch_normalization_23_1/batchnorm/mul_1__200
OP=Transpose
Name=point_net_1/input_transform_1/input_transform_convolution_layer_3_convolution_layer_1/batch_normalization_23_1/batchnorm/mul_1__200
Inputs:
	point_net_1/input_transform_1/input_transform_convolution_layer_3_convolution_layer_1/batch_normalization_23_1/batchnorm/mul_1:0=Conv, [-1, 8192, 1, 1024], 1
Outpus:
	point_net_1/input_transform_1/input_transform_convolution_layer_3_convolution_layer_1/batch_normalization_23_1/batchnorm/mul_1__200:0=[1024, 1, 8192, -1], 1
2026-01-30 19:51:12,353 - tf2onnx.tfonnx - DEBUG - Process node: point_net_1/input_transform_1/input_transform_convolution_layer_3_convolution_layer_1/batch_normalization_23_1/batchnorm/add_1
OP=AddV2
Name=point_net_1/input_transform_1/input_transform_convolution_layer_3_convolution_layer_1/batch_normalization_23_1/batchnorm/add_1
Inputs:
	point_net_1/input_transform_1/input_transform_convolution_layer_3_convolution_layer_1/batch_normalization_23_1/batchnorm/mul_1__200:0=Transpose, [-1, 8192, 1, 1024], 1
	point_net_1/input_transform_1/input_transform_convolution_layer_3_convolution_layer_1/batch_normalization_23_1/batchnorm/sub:0=Const, [1024], 1
Outpus:
	point_net_1/input_transform_1/input_transform_convolution_layer_3_convolution_layer_1/batch_normalization_23_1/batchnorm/add_1:0=[-1, 8192, 1, 1024], 1
2026-01-30 19:51:12,354 - tf2onnx.tfonnx - DEBUG - Process node: point_net_1/input_transform_1/input_transform_convolution_layer_3_convolution_layer_1/Relu
OP=Relu
Name=point_net_1/input_transform_1/input_transform_convolution_layer_3_convolution_layer_1/Relu
Inputs:
	point_net_1/input_transform_1/input_transform_convolution_layer_3_convolution_layer_1/batch_normalization_23_1/batchnorm/add_1:0=Add, [-1, 8192, 1, 1024], 1
Outpus:
	point_net_1/input_transform_1/input_transform_convolution_layer_3_convolution_layer_1/Relu:0=[-1, 8192, 1, 1024], 1
2026-01-30 19:51:12,354 - tf2onnx.tfonnx - DEBUG - Process node: point_net_1/input_transform_1/Squeeze
OP=Squeeze
Name=point_net_1/input_transform_1/Squeeze
Inputs:
	point_net_1/input_transform_1/input_transform_convolution_layer_3_convolution_layer_1/Relu:0=Relu, [-1, 8192, 1, 1024], 1
Outpus:
	point_net_1/input_transform_1/Squeeze:0=[-1, 8192, 1024], 1
2026-01-30 19:51:12,354 - tf2onnx.graph - DEBUG - Making node: Name=axes_const__202, OP=Const
2026-01-30 19:51:12,355 - tf2onnx.graph - DEBUG - Made node: axes_const__202
OP=Const
Name=axes_const__202
Outpus:
	axes_const__202=None, 7
2026-01-30 19:51:12,356 - tf2onnx.tfonnx - DEBUG - Process node: point_net_1/input_transform_1/Max
OP=Max
Name=point_net_1/input_transform_1/Max
Inputs:
	point_net_1/input_transform_1/Squeeze:0=Squeeze, [-1, 8192, 1024], 1
	point_net_1/input_transform_1/Max/reduction_indices:0=Const, [], 6
Outpus:
	point_net_1/input_transform_1/Max:0=[-1, 1024], 1
2026-01-30 19:51:12,356 - tf2onnx.tfonnx - DEBUG - Process node: point_net_1/input_transform_1/input_transform_dense_layer_1_dense_layer_1/input_transform_dense_layer_1_dense_layer_1/MatMul
OP=MatMul
Name=point_net_1/input_transform_1/input_transform_dense_layer_1_dense_layer_1/input_transform_dense_layer_1_dense_layer_1/MatMul
Inputs:
	point_net_1/input_transform_1/Max:0=ReduceMax, [-1, 1024], 1
	point_net_1/input_transform_1/input_transform_dense_layer_1_dense_layer_1/input_transform_dense_layer_1_dense_layer_1/Cast/ReadVariableOp:0=Const, [1024, 512], 1
Outpus:
	point_net_1/input_transform_1/input_transform_dense_layer_1_dense_layer_1/input_transform_dense_layer_1_dense_layer_1/MatMul:0=[-1, 512], 1
2026-01-30 19:51:12,357 - tf2onnx.tfonnx - DEBUG - Process node: point_net_1/input_transform_1/input_transform_dense_layer_1_dense_layer_1/batch_normalization_24_1/batchnorm/mul_1
OP=Mul
Name=point_net_1/input_transform_1/input_transform_dense_layer_1_dense_layer_1/batch_normalization_24_1/batchnorm/mul_1
Inputs:
	point_net_1/input_transform_1/input_transform_dense_layer_1_dense_layer_1/input_transform_dense_layer_1_dense_layer_1/MatMul:0=MatMul, [-1, 512], 1
	point_net_1/input_transform_1/input_transform_dense_layer_1_dense_layer_1/batch_normalization_24_1/batchnorm/mul:0=Const, [512], 1
Outpus:
	point_net_1/input_transform_1/input_transform_dense_layer_1_dense_layer_1/batch_normalization_24_1/batchnorm/mul_1:0=[-1, 512], 1
2026-01-30 19:51:12,357 - tf2onnx.tfonnx - DEBUG - Process node: point_net_1/input_transform_1/input_transform_dense_layer_1_dense_layer_1/batch_normalization_24_1/batchnorm/add_1
OP=AddV2
Name=point_net_1/input_transform_1/input_transform_dense_layer_1_dense_layer_1/batch_normalization_24_1/batchnorm/add_1
Inputs:
	point_net_1/input_transform_1/input_transform_dense_layer_1_dense_layer_1/batch_normalization_24_1/batchnorm/mul_1:0=Mul, [-1, 512], 1
	point_net_1/input_transform_1/input_transform_dense_layer_1_dense_layer_1/batch_normalization_24_1/batchnorm/sub:0=Const, [512], 1
Outpus:
	point_net_1/input_transform_1/input_transform_dense_layer_1_dense_layer_1/batch_normalization_24_1/batchnorm/add_1:0=[-1, 512], 1
2026-01-30 19:51:12,358 - tf2onnx.tfonnx - DEBUG - Process node: point_net_1/input_transform_1/input_transform_dense_layer_1_dense_layer_1/Relu
OP=Relu
Name=point_net_1/input_transform_1/input_transform_dense_layer_1_dense_layer_1/Relu
Inputs:
	point_net_1/input_transform_1/input_transform_dense_layer_1_dense_layer_1/batch_normalization_24_1/batchnorm/add_1:0=Add, [-1, 512], 1
Outpus:
	point_net_1/input_transform_1/input_transform_dense_layer_1_dense_layer_1/Relu:0=[-1, 512], 1
2026-01-30 19:51:12,358 - tf2onnx.tfonnx - DEBUG - Process node: point_net_1/input_transform_1/input_transform_dense_layer_2_dense_layer_1/input_transform_dense_layer_2_dense_layer_1/MatMul
OP=MatMul
Name=point_net_1/input_transform_1/input_transform_dense_layer_2_dense_layer_1/input_transform_dense_layer_2_dense_layer_1/MatMul
Inputs:
	point_net_1/input_transform_1/input_transform_dense_layer_1_dense_layer_1/Relu:0=Relu, [-1, 512], 1
	point_net_1/input_transform_1/input_transform_dense_layer_2_dense_layer_1/input_transform_dense_layer_2_dense_layer_1/Cast/ReadVariableOp:0=Const, [512, 256], 1
Outpus:
	point_net_1/input_transform_1/input_transform_dense_layer_2_dense_layer_1/input_transform_dense_layer_2_dense_layer_1/MatMul:0=[-1, 256], 1
2026-01-30 19:51:12,359 - tf2onnx.tfonnx - DEBUG - Process node: point_net_1/input_transform_1/input_transform_dense_layer_2_dense_layer_1/batch_normalization_25_1/batchnorm/mul_1
OP=Mul
Name=point_net_1/input_transform_1/input_transform_dense_layer_2_dense_layer_1/batch_normalization_25_1/batchnorm/mul_1
Inputs:
	point_net_1/input_transform_1/input_transform_dense_layer_2_dense_layer_1/input_transform_dense_layer_2_dense_layer_1/MatMul:0=MatMul, [-1, 256], 1
	point_net_1/input_transform_1/input_transform_dense_layer_2_dense_layer_1/batch_normalization_25_1/batchnorm/mul:0=Const, [256], 1
Outpus:
	point_net_1/input_transform_1/input_transform_dense_layer_2_dense_layer_1/batch_normalization_25_1/batchnorm/mul_1:0=[-1, 256], 1
2026-01-30 19:51:12,360 - tf2onnx.tfonnx - DEBUG - Process node: point_net_1/input_transform_1/input_transform_dense_layer_2_dense_layer_1/batch_normalization_25_1/batchnorm/add_1
OP=AddV2
Name=point_net_1/input_transform_1/input_transform_dense_layer_2_dense_layer_1/batch_normalization_25_1/batchnorm/add_1
Inputs:
	point_net_1/input_transform_1/input_transform_dense_layer_2_dense_layer_1/batch_normalization_25_1/batchnorm/mul_1:0=Mul, [-1, 256], 1
	point_net_1/input_transform_1/input_transform_dense_layer_2_dense_layer_1/batch_normalization_25_1/batchnorm/sub:0=Const, [256], 1
Outpus:
	point_net_1/input_transform_1/input_transform_dense_layer_2_dense_layer_1/batch_normalization_25_1/batchnorm/add_1:0=[-1, 256], 1
2026-01-30 19:51:12,360 - tf2onnx.tfonnx - DEBUG - Process node: point_net_1/input_transform_1/input_transform_dense_layer_2_dense_layer_1/Relu
OP=Relu
Name=point_net_1/input_transform_1/input_transform_dense_layer_2_dense_layer_1/Relu
Inputs:
	point_net_1/input_transform_1/input_transform_dense_layer_2_dense_layer_1/batch_normalization_25_1/batchnorm/add_1:0=Add, [-1, 256], 1
Outpus:
	point_net_1/input_transform_1/input_transform_dense_layer_2_dense_layer_1/Relu:0=[-1, 256], 1
2026-01-30 19:51:12,361 - tf2onnx.tfonnx - DEBUG - Process node: point_net_1/input_transform_1/ExpandDims_1
OP=ExpandDims
Name=point_net_1/input_transform_1/ExpandDims_1
Inputs:
	point_net_1/input_transform_1/input_transform_dense_layer_2_dense_layer_1/Relu:0=Relu, [-1, 256], 1
	point_net_1/input_transform_1/ExpandDims_1/dim:0=Const, [], 6
Outpus:
	point_net_1/input_transform_1/ExpandDims_1:0=[-1, 1, 256], 1
2026-01-30 19:51:12,361 - tf2onnx.graph - DEBUG - Making node: Name=point_net_1/input_transform_1/ExpandDims_1__203, OP=Cast
2026-01-30 19:51:12,362 - tf2onnx.graph - DEBUG - Infer shape and dtype for [point_net_1/input_transform_1/ExpandDims_1__203]
2026-01-30 19:51:12,362 - tf2onnx.graph - DEBUG - Set dtype of [point_net_1/input_transform_1/ExpandDims_1__203:0] to 7
2026-01-30 19:51:12,363 - tf2onnx.graph - DEBUG - Set shape of [point_net_1/input_transform_1/ExpandDims_1__203:0] to []
2026-01-30 19:51:12,363 - tf2onnx.graph - DEBUG - Made node: point_net_1/input_transform_1/ExpandDims_1__203
OP=Cast
Name=point_net_1/input_transform_1/ExpandDims_1__203
Inputs:
	point_net_1/input_transform_1/ExpandDims_1/dim:0=Const, [], 6
Outpus:
	point_net_1/input_transform_1/ExpandDims_1__203:0=[], 7
2026-01-30 19:51:12,363 - tf2onnx.graph - DEBUG - Making node: Name=reshape_const__204, OP=Const
2026-01-30 19:51:12,364 - tf2onnx.graph - DEBUG - Made node: reshape_const__204
OP=Const
Name=reshape_const__204
Outpus:
	reshape_const__204=None, 7
2026-01-30 19:51:12,364 - tf2onnx.graph - DEBUG - Making node: Name=Reshape__205, OP=Reshape
2026-01-30 19:51:12,364 - tf2onnx.graph - DEBUG - Infer shape and dtype for [Reshape__205]
2026-01-30 19:51:12,365 - tf2onnx.graph - DEBUG - Set dtype of [Reshape__205:0] to 7
2026-01-30 19:51:12,365 - tf2onnx.graph - DEBUG - Set shape of [Reshape__205:0] to [1]
2026-01-30 19:51:12,366 - tf2onnx.graph - DEBUG - Made node: Reshape__205
OP=Reshape
Name=Reshape__205
Inputs:
	point_net_1/input_transform_1/ExpandDims_1__203:0=Cast, [], 7
	reshape_const__204=Const, [1], 7
Outpus:
	Reshape__205:0=[1], 7
2026-01-30 19:51:12,366 - tf2onnx.tfonnx - DEBUG - Process node: point_net_1/input_transform_1/MatMul
OP=BatchMatMulV2
Name=point_net_1/input_transform_1/MatMul
Inputs:
	point_net_1/input_transform_1/ExpandDims_1:0=Unsqueeze, [-1, 1, 256], 1
	point_net_1/input_transform_1/MatMul/ReadVariableOp:0=Const, [256, 9], 1
Outpus:
	point_net_1/input_transform_1/MatMul:0=[-1, 1, 9], 1
2026-01-30 19:51:12,367 - tf2onnx.tfonnx - DEBUG - Process node: point_net_1/input_transform_1/Squeeze_1
OP=Squeeze
Name=point_net_1/input_transform_1/Squeeze_1
Inputs:
	point_net_1/input_transform_1/MatMul:0=MatMul, [-1, 1, 9], 1
Outpus:
	point_net_1/input_transform_1/Squeeze_1:0=[-1, 9], 1
2026-01-30 19:51:12,367 - tf2onnx.graph - DEBUG - Making node: Name=axes_const__206, OP=Const
2026-01-30 19:51:12,367 - tf2onnx.graph - DEBUG - Made node: axes_const__206
OP=Const
Name=axes_const__206
Outpus:
	axes_const__206=None, 7
2026-01-30 19:51:12,368 - tf2onnx.tfonnx - DEBUG - Process node: point_net_1/input_transform_1/Reshape
OP=Reshape
Name=point_net_1/input_transform_1/Reshape
Inputs:
	point_net_1/input_transform_1/Squeeze_1:0=Squeeze, [-1, 9], 1
	point_net_1/input_transform_1/Reshape/shape:0=Const, [3], 6
Outpus:
	point_net_1/input_transform_1/Reshape:0=[-1, 3, 3], 1
2026-01-30 19:51:12,369 - tf2onnx.graph - DEBUG - Making node: Name=point_net_1/input_transform_1/Reshape__207, OP=Cast
2026-01-30 19:51:12,369 - tf2onnx.graph - DEBUG - Infer shape and dtype for [point_net_1/input_transform_1/Reshape__207]
2026-01-30 19:51:12,370 - tf2onnx.graph - DEBUG - Set dtype of [point_net_1/input_transform_1/Reshape__207:0] to 7
2026-01-30 19:51:12,370 - tf2onnx.graph - DEBUG - Set shape of [point_net_1/input_transform_1/Reshape__207:0] to [3]
2026-01-30 19:51:12,370 - tf2onnx.graph - DEBUG - Made node: point_net_1/input_transform_1/Reshape__207
OP=Cast
Name=point_net_1/input_transform_1/Reshape__207
Inputs:
	point_net_1/input_transform_1/Reshape/shape:0=Const, [3], 6
Outpus:
	point_net_1/input_transform_1/Reshape__207:0=[3], 7
2026-01-30 19:51:12,370 - tf2onnx.tfonnx - DEBUG - Process node: point_net_1/input_transform_1/add
OP=AddV2
Name=point_net_1/input_transform_1/add
Inputs:
	point_net_1/input_transform_1/Reshape:0=Reshape, [-1, 3, 3], 1
	point_net_1/input_transform_1/add/ReadVariableOp:0=Const, [3, 3], 1
Outpus:
	point_net_1/input_transform_1/add:0=[-1, 3, 3], 1
2026-01-30 19:51:12,371 - tf2onnx.tfonnx - DEBUG - Process node: point_net_1/MatMul
OP=BatchMatMulV2
Name=point_net_1/MatMul
Inputs:
	point_net_1/input_normalization_1/truediv:0=Div, [-1, 8192, 3], 1
	point_net_1/input_transform_1/add:0=Add, [-1, 3, 3], 1
Outpus:
	point_net_1/MatMul:0=[-1, 8192, 3], 1
2026-01-30 19:51:12,371 - tf2onnx.tfonnx - DEBUG - Process node: point_net_1/ExpandDims
OP=ExpandDims
Name=point_net_1/ExpandDims
Inputs:
	point_net_1/MatMul:0=MatMul, [-1, 8192, 3], 1
	point_net_1/ExpandDims/dim:0=Const, [], 6
Outpus:
	point_net_1/ExpandDims:0=[-1, 8192, 1, 3], 1
2026-01-30 19:51:12,372 - tf2onnx.graph - DEBUG - Making node: Name=point_net_1/ExpandDims__208, OP=Cast
2026-01-30 19:51:12,372 - tf2onnx.graph - DEBUG - Infer shape and dtype for [point_net_1/ExpandDims__208]
2026-01-30 19:51:12,373 - tf2onnx.graph - DEBUG - Set dtype of [point_net_1/ExpandDims__208:0] to 7
2026-01-30 19:51:12,373 - tf2onnx.graph - DEBUG - Set shape of [point_net_1/ExpandDims__208:0] to []
2026-01-30 19:51:12,373 - tf2onnx.graph - DEBUG - Made node: point_net_1/ExpandDims__208
OP=Cast
Name=point_net_1/ExpandDims__208
Inputs:
	point_net_1/ExpandDims/dim:0=Const, [], 6
Outpus:
	point_net_1/ExpandDims__208:0=[], 7
2026-01-30 19:51:12,374 - tf2onnx.graph - DEBUG - Making node: Name=reshape_const__209, OP=Const
2026-01-30 19:51:12,375 - tf2onnx.graph - DEBUG - Made node: reshape_const__209
OP=Const
Name=reshape_const__209
Outpus:
	reshape_const__209=None, 7
2026-01-30 19:51:12,376 - tf2onnx.graph - DEBUG - Making node: Name=Reshape__210, OP=Reshape
2026-01-30 19:51:12,376 - tf2onnx.graph - DEBUG - Infer shape and dtype for [Reshape__210]
2026-01-30 19:51:12,376 - tf2onnx.graph - DEBUG - Set dtype of [Reshape__210:0] to 7
2026-01-30 19:51:12,376 - tf2onnx.graph - DEBUG - Set shape of [Reshape__210:0] to [1]
2026-01-30 19:51:12,377 - tf2onnx.graph - DEBUG - Made node: Reshape__210
OP=Reshape
Name=Reshape__210
Inputs:
	point_net_1/ExpandDims__208:0=Cast, [], 7
	reshape_const__209=Const, [1], 7
Outpus:
	Reshape__210:0=[1], 7
2026-01-30 19:51:12,377 - tf2onnx.tfonnx - DEBUG - Process node: point_net_1/s1_l1_64_convolution_layer_1/batch_normalization_26_1/batchnorm/mul_1
OP=Conv2D
Name=point_net_1/s1_l1_64_convolution_layer_1/batch_normalization_26_1/batchnorm/mul_1
Inputs:
	point_net_1/ExpandDims:0=Unsqueeze, [-1, 8192, 1, 3], 1
	point_net_1/s1_l1_64_convolution_layer_1/s1_l1_64_convolution_layer_1/convolution/merged_input:0=Const, [1, 1, 3, 64], 1
Outpus:
	point_net_1/s1_l1_64_convolution_layer_1/batch_normalization_26_1/batchnorm/mul_1:0=[-1, 8192, 1, 64], 1
2026-01-30 19:51:12,378 - tf2onnx.graph - DEBUG - Making node: Name=point_net_1/s1_l1_64_convolution_layer_1/batch_normalization_26_1/batchnorm/mul_1__211, OP=Transpose
2026-01-30 19:51:12,378 - tf2onnx.graph - DEBUG - Infer shape and dtype for [point_net_1/s1_l1_64_convolution_layer_1/batch_normalization_26_1/batchnorm/mul_1__211]
2026-01-30 19:51:12,378 - tf2onnx.graph - DEBUG - Set dtype of [point_net_1/s1_l1_64_convolution_layer_1/batch_normalization_26_1/batchnorm/mul_1__211:0] to 1
2026-01-30 19:51:12,379 - tf2onnx.graph - DEBUG - Set shape of [point_net_1/s1_l1_64_convolution_layer_1/batch_normalization_26_1/batchnorm/mul_1__211:0] to [3, 1, 8192, -1]
2026-01-30 19:51:12,379 - tf2onnx.graph - DEBUG - Made node: point_net_1/s1_l1_64_convolution_layer_1/batch_normalization_26_1/batchnorm/mul_1__211
OP=Transpose
Name=point_net_1/s1_l1_64_convolution_layer_1/batch_normalization_26_1/batchnorm/mul_1__211
Inputs:
	point_net_1/ExpandDims:0=Unsqueeze, [-1, 8192, 1, 3], 1
Outpus:
	point_net_1/s1_l1_64_convolution_layer_1/batch_normalization_26_1/batchnorm/mul_1__211:0=[3, 1, 8192, -1], 1
2026-01-30 19:51:12,380 - tf2onnx.graph - DEBUG - Making node: Name=point_net_1/s1_l1_64_convolution_layer_1/batch_normalization_26_1/batchnorm/mul_1__213, OP=Transpose
2026-01-30 19:51:12,380 - tf2onnx.graph - DEBUG - Infer shape and dtype for [point_net_1/s1_l1_64_convolution_layer_1/batch_normalization_26_1/batchnorm/mul_1__213]
2026-01-30 19:51:12,381 - tf2onnx.graph - DEBUG - Set dtype of [point_net_1/s1_l1_64_convolution_layer_1/batch_normalization_26_1/batchnorm/mul_1__213:0] to 1
2026-01-30 19:51:12,382 - tf2onnx.graph - DEBUG - Set shape of [point_net_1/s1_l1_64_convolution_layer_1/batch_normalization_26_1/batchnorm/mul_1__213:0] to [64, 1, 8192, -1]
2026-01-30 19:51:12,382 - tf2onnx.graph - DEBUG - Made node: point_net_1/s1_l1_64_convolution_layer_1/batch_normalization_26_1/batchnorm/mul_1__213
OP=Transpose
Name=point_net_1/s1_l1_64_convolution_layer_1/batch_normalization_26_1/batchnorm/mul_1__213
Inputs:
	point_net_1/s1_l1_64_convolution_layer_1/batch_normalization_26_1/batchnorm/mul_1:0=Conv, [-1, 8192, 1, 64], 1
Outpus:
	point_net_1/s1_l1_64_convolution_layer_1/batch_normalization_26_1/batchnorm/mul_1__213:0=[64, 1, 8192, -1], 1
2026-01-30 19:51:12,383 - tf2onnx.tfonnx - DEBUG - Process node: point_net_1/s1_l1_64_convolution_layer_1/batch_normalization_26_1/batchnorm/add_1
OP=AddV2
Name=point_net_1/s1_l1_64_convolution_layer_1/batch_normalization_26_1/batchnorm/add_1
Inputs:
	point_net_1/s1_l1_64_convolution_layer_1/batch_normalization_26_1/batchnorm/mul_1__213:0=Transpose, [-1, 8192, 1, 64], 1
	point_net_1/s1_l1_64_convolution_layer_1/batch_normalization_26_1/batchnorm/sub:0=Const, [64], 1
Outpus:
	point_net_1/s1_l1_64_convolution_layer_1/batch_normalization_26_1/batchnorm/add_1:0=[-1, 8192, 1, 64], 1
2026-01-30 19:51:12,384 - tf2onnx.tfonnx - DEBUG - Process node: point_net_1/s1_l1_64_convolution_layer_1/Relu
OP=Relu
Name=point_net_1/s1_l1_64_convolution_layer_1/Relu
Inputs:
	point_net_1/s1_l1_64_convolution_layer_1/batch_normalization_26_1/batchnorm/add_1:0=Add, [-1, 8192, 1, 64], 1
Outpus:
	point_net_1/s1_l1_64_convolution_layer_1/Relu:0=[-1, 8192, 1, 64], 1
2026-01-30 19:51:12,384 - tf2onnx.tfonnx - DEBUG - Process node: point_net_1/s1_l2_64_convolution_layer_1/batch_normalization_27_1/batchnorm/mul_1
OP=Conv2D
Name=point_net_1/s1_l2_64_convolution_layer_1/batch_normalization_27_1/batchnorm/mul_1
Inputs:
	point_net_1/s1_l1_64_convolution_layer_1/Relu:0=Relu, [-1, 8192, 1, 64], 1
	point_net_1/s1_l2_64_convolution_layer_1/s1_l2_64_convolution_layer_1/convolution/merged_input:0=Const, [1, 1, 64, 64], 1
Outpus:
	point_net_1/s1_l2_64_convolution_layer_1/batch_normalization_27_1/batchnorm/mul_1:0=[-1, 8192, 1, 64], 1
2026-01-30 19:51:12,385 - tf2onnx.graph - DEBUG - Making node: Name=point_net_1/s1_l2_64_convolution_layer_1/batch_normalization_27_1/batchnorm/mul_1__215, OP=Transpose
2026-01-30 19:51:12,385 - tf2onnx.graph - DEBUG - Infer shape and dtype for [point_net_1/s1_l2_64_convolution_layer_1/batch_normalization_27_1/batchnorm/mul_1__215]
2026-01-30 19:51:12,386 - tf2onnx.graph - DEBUG - Set dtype of [point_net_1/s1_l2_64_convolution_layer_1/batch_normalization_27_1/batchnorm/mul_1__215:0] to 1
2026-01-30 19:51:12,386 - tf2onnx.graph - DEBUG - Set shape of [point_net_1/s1_l2_64_convolution_layer_1/batch_normalization_27_1/batchnorm/mul_1__215:0] to [64, 1, 8192, -1]
2026-01-30 19:51:12,387 - tf2onnx.graph - DEBUG - Made node: point_net_1/s1_l2_64_convolution_layer_1/batch_normalization_27_1/batchnorm/mul_1__215
OP=Transpose
Name=point_net_1/s1_l2_64_convolution_layer_1/batch_normalization_27_1/batchnorm/mul_1__215
Inputs:
	point_net_1/s1_l1_64_convolution_layer_1/Relu:0=Relu, [-1, 8192, 1, 64], 1
Outpus:
	point_net_1/s1_l2_64_convolution_layer_1/batch_normalization_27_1/batchnorm/mul_1__215:0=[64, 1, 8192, -1], 1
2026-01-30 19:51:12,388 - tf2onnx.graph - DEBUG - Making node: Name=point_net_1/s1_l2_64_convolution_layer_1/batch_normalization_27_1/batchnorm/mul_1__217, OP=Transpose
2026-01-30 19:51:12,388 - tf2onnx.graph - DEBUG - Infer shape and dtype for [point_net_1/s1_l2_64_convolution_layer_1/batch_normalization_27_1/batchnorm/mul_1__217]
2026-01-30 19:51:12,389 - tf2onnx.graph - DEBUG - Set dtype of [point_net_1/s1_l2_64_convolution_layer_1/batch_normalization_27_1/batchnorm/mul_1__217:0] to 1
2026-01-30 19:51:12,390 - tf2onnx.graph - DEBUG - Set shape of [point_net_1/s1_l2_64_convolution_layer_1/batch_normalization_27_1/batchnorm/mul_1__217:0] to [64, 1, 8192, -1]
2026-01-30 19:51:12,390 - tf2onnx.graph - DEBUG - Made node: point_net_1/s1_l2_64_convolution_layer_1/batch_normalization_27_1/batchnorm/mul_1__217
OP=Transpose
Name=point_net_1/s1_l2_64_convolution_layer_1/batch_normalization_27_1/batchnorm/mul_1__217
Inputs:
	point_net_1/s1_l2_64_convolution_layer_1/batch_normalization_27_1/batchnorm/mul_1:0=Conv, [-1, 8192, 1, 64], 1
Outpus:
	point_net_1/s1_l2_64_convolution_layer_1/batch_normalization_27_1/batchnorm/mul_1__217:0=[64, 1, 8192, -1], 1
2026-01-30 19:51:12,390 - tf2onnx.tfonnx - DEBUG - Process node: point_net_1/s1_l2_64_convolution_layer_1/batch_normalization_27_1/batchnorm/add_1
OP=AddV2
Name=point_net_1/s1_l2_64_convolution_layer_1/batch_normalization_27_1/batchnorm/add_1
Inputs:
	point_net_1/s1_l2_64_convolution_layer_1/batch_normalization_27_1/batchnorm/mul_1__217:0=Transpose, [-1, 8192, 1, 64], 1
	point_net_1/s1_l2_64_convolution_layer_1/batch_normalization_27_1/batchnorm/sub:0=Const, [64], 1
Outpus:
	point_net_1/s1_l2_64_convolution_layer_1/batch_normalization_27_1/batchnorm/add_1:0=[-1, 8192, 1, 64], 1
2026-01-30 19:51:12,390 - tf2onnx.tfonnx - DEBUG - Process node: point_net_1/s1_l2_64_convolution_layer_1/Relu
OP=Relu
Name=point_net_1/s1_l2_64_convolution_layer_1/Relu
Inputs:
	point_net_1/s1_l2_64_convolution_layer_1/batch_normalization_27_1/batchnorm/add_1:0=Add, [-1, 8192, 1, 64], 1
Outpus:
	point_net_1/s1_l2_64_convolution_layer_1/Relu:0=[-1, 8192, 1, 64], 1
2026-01-30 19:51:12,391 - tf2onnx.tfonnx - DEBUG - Process node: point_net_1/Squeeze
OP=Squeeze
Name=point_net_1/Squeeze
Inputs:
	point_net_1/s1_l2_64_convolution_layer_1/Relu:0=Relu, [-1, 8192, 1, 64], 1
Outpus:
	point_net_1/Squeeze:0=[-1, 8192, 64], 1
2026-01-30 19:51:12,391 - tf2onnx.graph - DEBUG - Making node: Name=axes_const__219, OP=Const
2026-01-30 19:51:12,391 - tf2onnx.graph - DEBUG - Made node: axes_const__219
OP=Const
Name=axes_const__219
Outpus:
	axes_const__219=None, 7
2026-01-30 19:51:12,391 - tf2onnx.tfonnx - DEBUG - Process node: point_net_1/feature_transform_1/ExpandDims
OP=ExpandDims
Name=point_net_1/feature_transform_1/ExpandDims
Inputs:
	point_net_1/Squeeze:0=Squeeze, [-1, 8192, 64], 1
	point_net_1/feature_transform_1/ExpandDims/dim:0=Const, [], 6
Outpus:
	point_net_1/feature_transform_1/ExpandDims:0=[-1, 8192, 1, 64], 1
2026-01-30 19:51:12,391 - tf2onnx.graph - DEBUG - Making node: Name=point_net_1/feature_transform_1/ExpandDims__220, OP=Cast
2026-01-30 19:51:12,392 - tf2onnx.graph - DEBUG - Infer shape and dtype for [point_net_1/feature_transform_1/ExpandDims__220]
2026-01-30 19:51:12,392 - tf2onnx.graph - DEBUG - Set dtype of [point_net_1/feature_transform_1/ExpandDims__220:0] to 7
2026-01-30 19:51:12,392 - tf2onnx.graph - DEBUG - Set shape of [point_net_1/feature_transform_1/ExpandDims__220:0] to []
2026-01-30 19:51:12,392 - tf2onnx.graph - DEBUG - Made node: point_net_1/feature_transform_1/ExpandDims__220
OP=Cast
Name=point_net_1/feature_transform_1/ExpandDims__220
Inputs:
	point_net_1/feature_transform_1/ExpandDims/dim:0=Const, [], 6
Outpus:
	point_net_1/feature_transform_1/ExpandDims__220:0=[], 7
2026-01-30 19:51:12,392 - tf2onnx.graph - DEBUG - Making node: Name=reshape_const__221, OP=Const
2026-01-30 19:51:12,393 - tf2onnx.graph - DEBUG - Made node: reshape_const__221
OP=Const
Name=reshape_const__221
Outpus:
	reshape_const__221=None, 7
2026-01-30 19:51:12,393 - tf2onnx.graph - DEBUG - Making node: Name=Reshape__222, OP=Reshape
2026-01-30 19:51:12,393 - tf2onnx.graph - DEBUG - Infer shape and dtype for [Reshape__222]
2026-01-30 19:51:12,393 - tf2onnx.graph - DEBUG - Set dtype of [Reshape__222:0] to 7
2026-01-30 19:51:12,394 - tf2onnx.graph - DEBUG - Set shape of [Reshape__222:0] to [1]
2026-01-30 19:51:12,394 - tf2onnx.graph - DEBUG - Made node: Reshape__222
OP=Reshape
Name=Reshape__222
Inputs:
	point_net_1/feature_transform_1/ExpandDims__220:0=Cast, [], 7
	reshape_const__221=Const, [1], 7
Outpus:
	Reshape__222:0=[1], 7
2026-01-30 19:51:12,394 - tf2onnx.tfonnx - DEBUG - Process node: point_net_1/feature_transform_1/feature_transform_convolution_layer_1_convolution_layer_1/batch_normalization_28_1/batchnorm/mul_1
OP=Conv2D
Name=point_net_1/feature_transform_1/feature_transform_convolution_layer_1_convolution_layer_1/batch_normalization_28_1/batchnorm/mul_1
Inputs:
	point_net_1/feature_transform_1/ExpandDims:0=Unsqueeze, [-1, 8192, 1, 64], 1
	point_net_1/feature_transform_1/feature_transform_convolution_layer_1_convolution_layer_1/feature_transform_convolution_layer_1_convolution_layer_1/convolution/merged_input:0=Const, [1, 1, 64, 64], 1
Outpus:
	point_net_1/feature_transform_1/feature_transform_convolution_layer_1_convolution_layer_1/batch_normalization_28_1/batchnorm/mul_1:0=[-1, 8192, 1, 64], 1
2026-01-30 19:51:12,394 - tf2onnx.graph - DEBUG - Making node: Name=point_net_1/feature_transform_1/feature_transform_convolution_layer_1_convolution_layer_1/batch_normalization_28_1/batchnorm/mul_1__223, OP=Transpose
2026-01-30 19:51:12,394 - tf2onnx.graph - DEBUG - Infer shape and dtype for [point_net_1/feature_transform_1/feature_transform_convolution_layer_1_convolution_layer_1/batch_normalization_28_1/batchnorm/mul_1__223]
2026-01-30 19:51:12,395 - tf2onnx.graph - DEBUG - Set dtype of [point_net_1/feature_transform_1/feature_transform_convolution_layer_1_convolution_layer_1/batch_normalization_28_1/batchnorm/mul_1__223:0] to 1
2026-01-30 19:51:12,395 - tf2onnx.graph - DEBUG - Set shape of [point_net_1/feature_transform_1/feature_transform_convolution_layer_1_convolution_layer_1/batch_normalization_28_1/batchnorm/mul_1__223:0] to [64, 1, 8192, -1]
2026-01-30 19:51:12,395 - tf2onnx.graph - DEBUG - Made node: point_net_1/feature_transform_1/feature_transform_convolution_layer_1_convolution_layer_1/batch_normalization_28_1/batchnorm/mul_1__223
OP=Transpose
Name=point_net_1/feature_transform_1/feature_transform_convolution_layer_1_convolution_layer_1/batch_normalization_28_1/batchnorm/mul_1__223
Inputs:
	point_net_1/feature_transform_1/ExpandDims:0=Unsqueeze, [-1, 8192, 1, 64], 1
Outpus:
	point_net_1/feature_transform_1/feature_transform_convolution_layer_1_convolution_layer_1/batch_normalization_28_1/batchnorm/mul_1__223:0=[64, 1, 8192, -1], 1
2026-01-30 19:51:12,395 - tf2onnx.graph - DEBUG - Making node: Name=point_net_1/feature_transform_1/feature_transform_convolution_layer_1_convolution_layer_1/batch_normalization_28_1/batchnorm/mul_1__225, OP=Transpose
2026-01-30 19:51:12,396 - tf2onnx.graph - DEBUG - Infer shape and dtype for [point_net_1/feature_transform_1/feature_transform_convolution_layer_1_convolution_layer_1/batch_normalization_28_1/batchnorm/mul_1__225]
2026-01-30 19:51:12,396 - tf2onnx.graph - DEBUG - Set dtype of [point_net_1/feature_transform_1/feature_transform_convolution_layer_1_convolution_layer_1/batch_normalization_28_1/batchnorm/mul_1__225:0] to 1
2026-01-30 19:51:12,396 - tf2onnx.graph - DEBUG - Set shape of [point_net_1/feature_transform_1/feature_transform_convolution_layer_1_convolution_layer_1/batch_normalization_28_1/batchnorm/mul_1__225:0] to [64, 1, 8192, -1]
2026-01-30 19:51:12,396 - tf2onnx.graph - DEBUG - Made node: point_net_1/feature_transform_1/feature_transform_convolution_layer_1_convolution_layer_1/batch_normalization_28_1/batchnorm/mul_1__225
OP=Transpose
Name=point_net_1/feature_transform_1/feature_transform_convolution_layer_1_convolution_layer_1/batch_normalization_28_1/batchnorm/mul_1__225
Inputs:
	point_net_1/feature_transform_1/feature_transform_convolution_layer_1_convolution_layer_1/batch_normalization_28_1/batchnorm/mul_1:0=Conv, [-1, 8192, 1, 64], 1
Outpus:
	point_net_1/feature_transform_1/feature_transform_convolution_layer_1_convolution_layer_1/batch_normalization_28_1/batchnorm/mul_1__225:0=[64, 1, 8192, -1], 1
2026-01-30 19:51:12,397 - tf2onnx.tfonnx - DEBUG - Process node: point_net_1/feature_transform_1/feature_transform_convolution_layer_1_convolution_layer_1/batch_normalization_28_1/batchnorm/add_1
OP=AddV2
Name=point_net_1/feature_transform_1/feature_transform_convolution_layer_1_convolution_layer_1/batch_normalization_28_1/batchnorm/add_1
Inputs:
	point_net_1/feature_transform_1/feature_transform_convolution_layer_1_convolution_layer_1/batch_normalization_28_1/batchnorm/mul_1__225:0=Transpose, [-1, 8192, 1, 64], 1
	point_net_1/feature_transform_1/feature_transform_convolution_layer_1_convolution_layer_1/batch_normalization_28_1/batchnorm/sub:0=Const, [64], 1
Outpus:
	point_net_1/feature_transform_1/feature_transform_convolution_layer_1_convolution_layer_1/batch_normalization_28_1/batchnorm/add_1:0=[-1, 8192, 1, 64], 1
2026-01-30 19:51:12,397 - tf2onnx.tfonnx - DEBUG - Process node: point_net_1/feature_transform_1/feature_transform_convolution_layer_1_convolution_layer_1/Relu
OP=Relu
Name=point_net_1/feature_transform_1/feature_transform_convolution_layer_1_convolution_layer_1/Relu
Inputs:
	point_net_1/feature_transform_1/feature_transform_convolution_layer_1_convolution_layer_1/batch_normalization_28_1/batchnorm/add_1:0=Add, [-1, 8192, 1, 64], 1
Outpus:
	point_net_1/feature_transform_1/feature_transform_convolution_layer_1_convolution_layer_1/Relu:0=[-1, 8192, 1, 64], 1
2026-01-30 19:51:12,397 - tf2onnx.tfonnx - DEBUG - Process node: point_net_1/feature_transform_1/feature_transform_convolution_layer_2_convolution_layer_1/batch_normalization_29_1/batchnorm/mul_1
OP=Conv2D
Name=point_net_1/feature_transform_1/feature_transform_convolution_layer_2_convolution_layer_1/batch_normalization_29_1/batchnorm/mul_1
Inputs:
	point_net_1/feature_transform_1/feature_transform_convolution_layer_1_convolution_layer_1/Relu:0=Relu, [-1, 8192, 1, 64], 1
	point_net_1/feature_transform_1/feature_transform_convolution_layer_2_convolution_layer_1/feature_transform_convolution_layer_2_convolution_layer_1/convolution/merged_input:0=Const, [1, 1, 64, 128], 1
Outpus:
	point_net_1/feature_transform_1/feature_transform_convolution_layer_2_convolution_layer_1/batch_normalization_29_1/batchnorm/mul_1:0=[-1, 8192, 1, 128], 1
2026-01-30 19:51:12,397 - tf2onnx.graph - DEBUG - Making node: Name=point_net_1/feature_transform_1/feature_transform_convolution_layer_2_convolution_layer_1/batch_normalization_29_1/batchnorm/mul_1__227, OP=Transpose
2026-01-30 19:51:12,397 - tf2onnx.graph - DEBUG - Infer shape and dtype for [point_net_1/feature_transform_1/feature_transform_convolution_layer_2_convolution_layer_1/batch_normalization_29_1/batchnorm/mul_1__227]
2026-01-30 19:51:12,398 - tf2onnx.graph - DEBUG - Set dtype of [point_net_1/feature_transform_1/feature_transform_convolution_layer_2_convolution_layer_1/batch_normalization_29_1/batchnorm/mul_1__227:0] to 1
2026-01-30 19:51:12,398 - tf2onnx.graph - DEBUG - Set shape of [point_net_1/feature_transform_1/feature_transform_convolution_layer_2_convolution_layer_1/batch_normalization_29_1/batchnorm/mul_1__227:0] to [64, 1, 8192, -1]
2026-01-30 19:51:12,398 - tf2onnx.graph - DEBUG - Made node: point_net_1/feature_transform_1/feature_transform_convolution_layer_2_convolution_layer_1/batch_normalization_29_1/batchnorm/mul_1__227
OP=Transpose
Name=point_net_1/feature_transform_1/feature_transform_convolution_layer_2_convolution_layer_1/batch_normalization_29_1/batchnorm/mul_1__227
Inputs:
	point_net_1/feature_transform_1/feature_transform_convolution_layer_1_convolution_layer_1/Relu:0=Relu, [-1, 8192, 1, 64], 1
Outpus:
	point_net_1/feature_transform_1/feature_transform_convolution_layer_2_convolution_layer_1/batch_normalization_29_1/batchnorm/mul_1__227:0=[64, 1, 8192, -1], 1
2026-01-30 19:51:12,398 - tf2onnx.graph - DEBUG - Making node: Name=point_net_1/feature_transform_1/feature_transform_convolution_layer_2_convolution_layer_1/batch_normalization_29_1/batchnorm/mul_1__229, OP=Transpose
2026-01-30 19:51:12,398 - tf2onnx.graph - DEBUG - Infer shape and dtype for [point_net_1/feature_transform_1/feature_transform_convolution_layer_2_convolution_layer_1/batch_normalization_29_1/batchnorm/mul_1__229]
2026-01-30 19:51:12,399 - tf2onnx.graph - DEBUG - Set dtype of [point_net_1/feature_transform_1/feature_transform_convolution_layer_2_convolution_layer_1/batch_normalization_29_1/batchnorm/mul_1__229:0] to 1
2026-01-30 19:51:12,399 - tf2onnx.graph - DEBUG - Set shape of [point_net_1/feature_transform_1/feature_transform_convolution_layer_2_convolution_layer_1/batch_normalization_29_1/batchnorm/mul_1__229:0] to [128, 1, 8192, -1]
2026-01-30 19:51:12,399 - tf2onnx.graph - DEBUG - Made node: point_net_1/feature_transform_1/feature_transform_convolution_layer_2_convolution_layer_1/batch_normalization_29_1/batchnorm/mul_1__229
OP=Transpose
Name=point_net_1/feature_transform_1/feature_transform_convolution_layer_2_convolution_layer_1/batch_normalization_29_1/batchnorm/mul_1__229
Inputs:
	point_net_1/feature_transform_1/feature_transform_convolution_layer_2_convolution_layer_1/batch_normalization_29_1/batchnorm/mul_1:0=Conv, [-1, 8192, 1, 128], 1
Outpus:
	point_net_1/feature_transform_1/feature_transform_convolution_layer_2_convolution_layer_1/batch_normalization_29_1/batchnorm/mul_1__229:0=[128, 1, 8192, -1], 1
2026-01-30 19:51:12,399 - tf2onnx.tfonnx - DEBUG - Process node: point_net_1/feature_transform_1/feature_transform_convolution_layer_2_convolution_layer_1/batch_normalization_29_1/batchnorm/add_1
OP=AddV2
Name=point_net_1/feature_transform_1/feature_transform_convolution_layer_2_convolution_layer_1/batch_normalization_29_1/batchnorm/add_1
Inputs:
	point_net_1/feature_transform_1/feature_transform_convolution_layer_2_convolution_layer_1/batch_normalization_29_1/batchnorm/mul_1__229:0=Transpose, [-1, 8192, 1, 128], 1
	point_net_1/feature_transform_1/feature_transform_convolution_layer_2_convolution_layer_1/batch_normalization_29_1/batchnorm/sub:0=Const, [128], 1
Outpus:
	point_net_1/feature_transform_1/feature_transform_convolution_layer_2_convolution_layer_1/batch_normalization_29_1/batchnorm/add_1:0=[-1, 8192, 1, 128], 1
2026-01-30 19:51:12,400 - tf2onnx.tfonnx - DEBUG - Process node: point_net_1/feature_transform_1/feature_transform_convolution_layer_2_convolution_layer_1/Relu
OP=Relu
Name=point_net_1/feature_transform_1/feature_transform_convolution_layer_2_convolution_layer_1/Relu
Inputs:
	point_net_1/feature_transform_1/feature_transform_convolution_layer_2_convolution_layer_1/batch_normalization_29_1/batchnorm/add_1:0=Add, [-1, 8192, 1, 128], 1
Outpus:
	point_net_1/feature_transform_1/feature_transform_convolution_layer_2_convolution_layer_1/Relu:0=[-1, 8192, 1, 128], 1
2026-01-30 19:51:12,400 - tf2onnx.tfonnx - DEBUG - Process node: point_net_1/feature_transform_1/feature_transform_convolution_layer_3_convolution_layer_1/batch_normalization_30_1/batchnorm/mul_1
OP=Conv2D
Name=point_net_1/feature_transform_1/feature_transform_convolution_layer_3_convolution_layer_1/batch_normalization_30_1/batchnorm/mul_1
Inputs:
	point_net_1/feature_transform_1/feature_transform_convolution_layer_2_convolution_layer_1/Relu:0=Relu, [-1, 8192, 1, 128], 1
	point_net_1/feature_transform_1/feature_transform_convolution_layer_3_convolution_layer_1/feature_transform_convolution_layer_3_convolution_layer_1/convolution/merged_input:0=Const, [1, 1, 128, 1024], 1
Outpus:
	point_net_1/feature_transform_1/feature_transform_convolution_layer_3_convolution_layer_1/batch_normalization_30_1/batchnorm/mul_1:0=[-1, 8192, 1, 1024], 1
2026-01-30 19:51:12,400 - tf2onnx.graph - DEBUG - Making node: Name=point_net_1/feature_transform_1/feature_transform_convolution_layer_3_convolution_layer_1/batch_normalization_30_1/batchnorm/mul_1__231, OP=Transpose
2026-01-30 19:51:12,400 - tf2onnx.graph - DEBUG - Infer shape and dtype for [point_net_1/feature_transform_1/feature_transform_convolution_layer_3_convolution_layer_1/batch_normalization_30_1/batchnorm/mul_1__231]
2026-01-30 19:51:12,401 - tf2onnx.graph - DEBUG - Set dtype of [point_net_1/feature_transform_1/feature_transform_convolution_layer_3_convolution_layer_1/batch_normalization_30_1/batchnorm/mul_1__231:0] to 1
2026-01-30 19:51:12,401 - tf2onnx.graph - DEBUG - Set shape of [point_net_1/feature_transform_1/feature_transform_convolution_layer_3_convolution_layer_1/batch_normalization_30_1/batchnorm/mul_1__231:0] to [128, 1, 8192, -1]
2026-01-30 19:51:12,401 - tf2onnx.graph - DEBUG - Made node: point_net_1/feature_transform_1/feature_transform_convolution_layer_3_convolution_layer_1/batch_normalization_30_1/batchnorm/mul_1__231
OP=Transpose
Name=point_net_1/feature_transform_1/feature_transform_convolution_layer_3_convolution_layer_1/batch_normalization_30_1/batchnorm/mul_1__231
Inputs:
	point_net_1/feature_transform_1/feature_transform_convolution_layer_2_convolution_layer_1/Relu:0=Relu, [-1, 8192, 1, 128], 1
Outpus:
	point_net_1/feature_transform_1/feature_transform_convolution_layer_3_convolution_layer_1/batch_normalization_30_1/batchnorm/mul_1__231:0=[128, 1, 8192, -1], 1
2026-01-30 19:51:12,402 - tf2onnx.graph - DEBUG - Making node: Name=point_net_1/feature_transform_1/feature_transform_convolution_layer_3_convolution_layer_1/batch_normalization_30_1/batchnorm/mul_1__233, OP=Transpose
2026-01-30 19:51:12,402 - tf2onnx.graph - DEBUG - Infer shape and dtype for [point_net_1/feature_transform_1/feature_transform_convolution_layer_3_convolution_layer_1/batch_normalization_30_1/batchnorm/mul_1__233]
2026-01-30 19:51:12,402 - tf2onnx.graph - DEBUG - Set dtype of [point_net_1/feature_transform_1/feature_transform_convolution_layer_3_convolution_layer_1/batch_normalization_30_1/batchnorm/mul_1__233:0] to 1
2026-01-30 19:51:12,402 - tf2onnx.graph - DEBUG - Set shape of [point_net_1/feature_transform_1/feature_transform_convolution_layer_3_convolution_layer_1/batch_normalization_30_1/batchnorm/mul_1__233:0] to [1024, 1, 8192, -1]
2026-01-30 19:51:12,403 - tf2onnx.graph - DEBUG - Made node: point_net_1/feature_transform_1/feature_transform_convolution_layer_3_convolution_layer_1/batch_normalization_30_1/batchnorm/mul_1__233
OP=Transpose
Name=point_net_1/feature_transform_1/feature_transform_convolution_layer_3_convolution_layer_1/batch_normalization_30_1/batchnorm/mul_1__233
Inputs:
	point_net_1/feature_transform_1/feature_transform_convolution_layer_3_convolution_layer_1/batch_normalization_30_1/batchnorm/mul_1:0=Conv, [-1, 8192, 1, 1024], 1
Outpus:
	point_net_1/feature_transform_1/feature_transform_convolution_layer_3_convolution_layer_1/batch_normalization_30_1/batchnorm/mul_1__233:0=[1024, 1, 8192, -1], 1
2026-01-30 19:51:12,403 - tf2onnx.tfonnx - DEBUG - Process node: point_net_1/feature_transform_1/feature_transform_convolution_layer_3_convolution_layer_1/batch_normalization_30_1/batchnorm/add_1
OP=AddV2
Name=point_net_1/feature_transform_1/feature_transform_convolution_layer_3_convolution_layer_1/batch_normalization_30_1/batchnorm/add_1
Inputs:
	point_net_1/feature_transform_1/feature_transform_convolution_layer_3_convolution_layer_1/batch_normalization_30_1/batchnorm/mul_1__233:0=Transpose, [-1, 8192, 1, 1024], 1
	point_net_1/feature_transform_1/feature_transform_convolution_layer_3_convolution_layer_1/batch_normalization_30_1/batchnorm/sub:0=Const, [1024], 1
Outpus:
	point_net_1/feature_transform_1/feature_transform_convolution_layer_3_convolution_layer_1/batch_normalization_30_1/batchnorm/add_1:0=[-1, 8192, 1, 1024], 1
2026-01-30 19:51:12,403 - tf2onnx.tfonnx - DEBUG - Process node: point_net_1/feature_transform_1/feature_transform_convolution_layer_3_convolution_layer_1/Relu
OP=Relu
Name=point_net_1/feature_transform_1/feature_transform_convolution_layer_3_convolution_layer_1/Relu
Inputs:
	point_net_1/feature_transform_1/feature_transform_convolution_layer_3_convolution_layer_1/batch_normalization_30_1/batchnorm/add_1:0=Add, [-1, 8192, 1, 1024], 1
Outpus:
	point_net_1/feature_transform_1/feature_transform_convolution_layer_3_convolution_layer_1/Relu:0=[-1, 8192, 1, 1024], 1
2026-01-30 19:51:12,404 - tf2onnx.tfonnx - DEBUG - Process node: point_net_1/feature_transform_1/Squeeze
OP=Squeeze
Name=point_net_1/feature_transform_1/Squeeze
Inputs:
	point_net_1/feature_transform_1/feature_transform_convolution_layer_3_convolution_layer_1/Relu:0=Relu, [-1, 8192, 1, 1024], 1
Outpus:
	point_net_1/feature_transform_1/Squeeze:0=[-1, 8192, 1024], 1
2026-01-30 19:51:12,404 - tf2onnx.graph - DEBUG - Making node: Name=axes_const__235, OP=Const
2026-01-30 19:51:12,404 - tf2onnx.graph - DEBUG - Made node: axes_const__235
OP=Const
Name=axes_const__235
Outpus:
	axes_const__235=None, 7
2026-01-30 19:51:12,404 - tf2onnx.tfonnx - DEBUG - Process node: point_net_1/feature_transform_1/Max
OP=Max
Name=point_net_1/feature_transform_1/Max
Inputs:
	point_net_1/feature_transform_1/Squeeze:0=Squeeze, [-1, 8192, 1024], 1
	point_net_1/feature_transform_1/Max/reduction_indices:0=Const, [], 6
Outpus:
	point_net_1/feature_transform_1/Max:0=[-1, 1024], 1
2026-01-30 19:51:12,404 - tf2onnx.tfonnx - DEBUG - Process node: point_net_1/feature_transform_1/feature_transform_dense_layer_1_dense_layer_1/feature_transform_dense_layer_1_dense_layer_1/MatMul
OP=MatMul
Name=point_net_1/feature_transform_1/feature_transform_dense_layer_1_dense_layer_1/feature_transform_dense_layer_1_dense_layer_1/MatMul
Inputs:
	point_net_1/feature_transform_1/Max:0=ReduceMax, [-1, 1024], 1
	point_net_1/feature_transform_1/feature_transform_dense_layer_1_dense_layer_1/feature_transform_dense_layer_1_dense_layer_1/Cast/ReadVariableOp:0=Const, [1024, 512], 1
Outpus:
	point_net_1/feature_transform_1/feature_transform_dense_layer_1_dense_layer_1/feature_transform_dense_layer_1_dense_layer_1/MatMul:0=[-1, 512], 1
2026-01-30 19:51:12,405 - tf2onnx.tfonnx - DEBUG - Process node: point_net_1/feature_transform_1/feature_transform_dense_layer_1_dense_layer_1/batch_normalization_31_1/batchnorm/mul_1
OP=Mul
Name=point_net_1/feature_transform_1/feature_transform_dense_layer_1_dense_layer_1/batch_normalization_31_1/batchnorm/mul_1
Inputs:
	point_net_1/feature_transform_1/feature_transform_dense_layer_1_dense_layer_1/feature_transform_dense_layer_1_dense_layer_1/MatMul:0=MatMul, [-1, 512], 1
	point_net_1/feature_transform_1/feature_transform_dense_layer_1_dense_layer_1/batch_normalization_31_1/batchnorm/mul:0=Const, [512], 1
Outpus:
	point_net_1/feature_transform_1/feature_transform_dense_layer_1_dense_layer_1/batch_normalization_31_1/batchnorm/mul_1:0=[-1, 512], 1
2026-01-30 19:51:12,405 - tf2onnx.tfonnx - DEBUG - Process node: point_net_1/feature_transform_1/feature_transform_dense_layer_1_dense_layer_1/batch_normalization_31_1/batchnorm/add_1
OP=AddV2
Name=point_net_1/feature_transform_1/feature_transform_dense_layer_1_dense_layer_1/batch_normalization_31_1/batchnorm/add_1
Inputs:
	point_net_1/feature_transform_1/feature_transform_dense_layer_1_dense_layer_1/batch_normalization_31_1/batchnorm/mul_1:0=Mul, [-1, 512], 1
	point_net_1/feature_transform_1/feature_transform_dense_layer_1_dense_layer_1/batch_normalization_31_1/batchnorm/sub:0=Const, [512], 1
Outpus:
	point_net_1/feature_transform_1/feature_transform_dense_layer_1_dense_layer_1/batch_normalization_31_1/batchnorm/add_1:0=[-1, 512], 1
2026-01-30 19:51:12,405 - tf2onnx.tfonnx - DEBUG - Process node: point_net_1/feature_transform_1/feature_transform_dense_layer_1_dense_layer_1/Relu
OP=Relu
Name=point_net_1/feature_transform_1/feature_transform_dense_layer_1_dense_layer_1/Relu
Inputs:
	point_net_1/feature_transform_1/feature_transform_dense_layer_1_dense_layer_1/batch_normalization_31_1/batchnorm/add_1:0=Add, [-1, 512], 1
Outpus:
	point_net_1/feature_transform_1/feature_transform_dense_layer_1_dense_layer_1/Relu:0=[-1, 512], 1
2026-01-30 19:51:12,406 - tf2onnx.tfonnx - DEBUG - Process node: point_net_1/feature_transform_1/feature_transform_dense_layer_2_dense_layer_1/feature_transform_dense_layer_2_dense_layer_1/MatMul
OP=MatMul
Name=point_net_1/feature_transform_1/feature_transform_dense_layer_2_dense_layer_1/feature_transform_dense_layer_2_dense_layer_1/MatMul
Inputs:
	point_net_1/feature_transform_1/feature_transform_dense_layer_1_dense_layer_1/Relu:0=Relu, [-1, 512], 1
	point_net_1/feature_transform_1/feature_transform_dense_layer_2_dense_layer_1/feature_transform_dense_layer_2_dense_layer_1/Cast/ReadVariableOp:0=Const, [512, 256], 1
Outpus:
	point_net_1/feature_transform_1/feature_transform_dense_layer_2_dense_layer_1/feature_transform_dense_layer_2_dense_layer_1/MatMul:0=[-1, 256], 1
2026-01-30 19:51:12,406 - tf2onnx.tfonnx - DEBUG - Process node: point_net_1/feature_transform_1/feature_transform_dense_layer_2_dense_layer_1/batch_normalization_32_1/batchnorm/mul_1
OP=Mul
Name=point_net_1/feature_transform_1/feature_transform_dense_layer_2_dense_layer_1/batch_normalization_32_1/batchnorm/mul_1
Inputs:
	point_net_1/feature_transform_1/feature_transform_dense_layer_2_dense_layer_1/feature_transform_dense_layer_2_dense_layer_1/MatMul:0=MatMul, [-1, 256], 1
	point_net_1/feature_transform_1/feature_transform_dense_layer_2_dense_layer_1/batch_normalization_32_1/batchnorm/mul:0=Const, [256], 1
Outpus:
	point_net_1/feature_transform_1/feature_transform_dense_layer_2_dense_layer_1/batch_normalization_32_1/batchnorm/mul_1:0=[-1, 256], 1
2026-01-30 19:51:12,406 - tf2onnx.tfonnx - DEBUG - Process node: point_net_1/feature_transform_1/feature_transform_dense_layer_2_dense_layer_1/batch_normalization_32_1/batchnorm/add_1
OP=AddV2
Name=point_net_1/feature_transform_1/feature_transform_dense_layer_2_dense_layer_1/batch_normalization_32_1/batchnorm/add_1
Inputs:
	point_net_1/feature_transform_1/feature_transform_dense_layer_2_dense_layer_1/batch_normalization_32_1/batchnorm/mul_1:0=Mul, [-1, 256], 1
	point_net_1/feature_transform_1/feature_transform_dense_layer_2_dense_layer_1/batch_normalization_32_1/batchnorm/sub:0=Const, [256], 1
Outpus:
	point_net_1/feature_transform_1/feature_transform_dense_layer_2_dense_layer_1/batch_normalization_32_1/batchnorm/add_1:0=[-1, 256], 1
2026-01-30 19:51:12,406 - tf2onnx.tfonnx - DEBUG - Process node: point_net_1/feature_transform_1/feature_transform_dense_layer_2_dense_layer_1/Relu
OP=Relu
Name=point_net_1/feature_transform_1/feature_transform_dense_layer_2_dense_layer_1/Relu
Inputs:
	point_net_1/feature_transform_1/feature_transform_dense_layer_2_dense_layer_1/batch_normalization_32_1/batchnorm/add_1:0=Add, [-1, 256], 1
Outpus:
	point_net_1/feature_transform_1/feature_transform_dense_layer_2_dense_layer_1/Relu:0=[-1, 256], 1
2026-01-30 19:51:12,406 - tf2onnx.tfonnx - DEBUG - Process node: point_net_1/feature_transform_1/ExpandDims_1
OP=ExpandDims
Name=point_net_1/feature_transform_1/ExpandDims_1
Inputs:
	point_net_1/feature_transform_1/feature_transform_dense_layer_2_dense_layer_1/Relu:0=Relu, [-1, 256], 1
	point_net_1/feature_transform_1/ExpandDims_1/dim:0=Const, [], 6
Outpus:
	point_net_1/feature_transform_1/ExpandDims_1:0=[-1, 1, 256], 1
2026-01-30 19:51:12,407 - tf2onnx.graph - DEBUG - Making node: Name=point_net_1/feature_transform_1/ExpandDims_1__236, OP=Cast
2026-01-30 19:51:12,407 - tf2onnx.graph - DEBUG - Infer shape and dtype for [point_net_1/feature_transform_1/ExpandDims_1__236]
2026-01-30 19:51:12,407 - tf2onnx.graph - DEBUG - Set dtype of [point_net_1/feature_transform_1/ExpandDims_1__236:0] to 7
2026-01-30 19:51:12,407 - tf2onnx.graph - DEBUG - Set shape of [point_net_1/feature_transform_1/ExpandDims_1__236:0] to []
2026-01-30 19:51:12,407 - tf2onnx.graph - DEBUG - Made node: point_net_1/feature_transform_1/ExpandDims_1__236
OP=Cast
Name=point_net_1/feature_transform_1/ExpandDims_1__236
Inputs:
	point_net_1/feature_transform_1/ExpandDims_1/dim:0=Const, [], 6
Outpus:
	point_net_1/feature_transform_1/ExpandDims_1__236:0=[], 7
2026-01-30 19:51:12,407 - tf2onnx.graph - DEBUG - Making node: Name=reshape_const__237, OP=Const
2026-01-30 19:51:12,408 - tf2onnx.graph - DEBUG - Made node: reshape_const__237
OP=Const
Name=reshape_const__237
Outpus:
	reshape_const__237=None, 7
2026-01-30 19:51:12,408 - tf2onnx.graph - DEBUG - Making node: Name=Reshape__238, OP=Reshape
2026-01-30 19:51:12,408 - tf2onnx.graph - DEBUG - Infer shape and dtype for [Reshape__238]
2026-01-30 19:51:12,408 - tf2onnx.graph - DEBUG - Set dtype of [Reshape__238:0] to 7
2026-01-30 19:51:12,409 - tf2onnx.graph - DEBUG - Set shape of [Reshape__238:0] to [1]
2026-01-30 19:51:12,409 - tf2onnx.graph - DEBUG - Made node: Reshape__238
OP=Reshape
Name=Reshape__238
Inputs:
	point_net_1/feature_transform_1/ExpandDims_1__236:0=Cast, [], 7
	reshape_const__237=Const, [1], 7
Outpus:
	Reshape__238:0=[1], 7
2026-01-30 19:51:12,409 - tf2onnx.tfonnx - DEBUG - Process node: point_net_1/feature_transform_1/MatMul
OP=BatchMatMulV2
Name=point_net_1/feature_transform_1/MatMul
Inputs:
	point_net_1/feature_transform_1/ExpandDims_1:0=Unsqueeze, [-1, 1, 256], 1
	point_net_1/feature_transform_1/MatMul/ReadVariableOp:0=Const, [256, 4096], 1
Outpus:
	point_net_1/feature_transform_1/MatMul:0=[-1, 1, 4096], 1
2026-01-30 19:51:12,409 - tf2onnx.tfonnx - DEBUG - Process node: point_net_1/feature_transform_1/Squeeze_1
OP=Squeeze
Name=point_net_1/feature_transform_1/Squeeze_1
Inputs:
	point_net_1/feature_transform_1/MatMul:0=MatMul, [-1, 1, 4096], 1
Outpus:
	point_net_1/feature_transform_1/Squeeze_1:0=[-1, 4096], 1
2026-01-30 19:51:12,409 - tf2onnx.graph - DEBUG - Making node: Name=axes_const__239, OP=Const
2026-01-30 19:51:12,410 - tf2onnx.graph - DEBUG - Made node: axes_const__239
OP=Const
Name=axes_const__239
Outpus:
	axes_const__239=None, 7
2026-01-30 19:51:12,410 - tf2onnx.tfonnx - DEBUG - Process node: point_net_1/feature_transform_1/Reshape
OP=Reshape
Name=point_net_1/feature_transform_1/Reshape
Inputs:
	point_net_1/feature_transform_1/Squeeze_1:0=Squeeze, [-1, 4096], 1
	point_net_1/feature_transform_1/Reshape/shape:0=Const, [3], 6
Outpus:
	point_net_1/feature_transform_1/Reshape:0=[-1, 64, 64], 1
2026-01-30 19:51:12,410 - tf2onnx.graph - DEBUG - Making node: Name=point_net_1/feature_transform_1/Reshape__240, OP=Cast
2026-01-30 19:51:12,410 - tf2onnx.graph - DEBUG - Infer shape and dtype for [point_net_1/feature_transform_1/Reshape__240]
2026-01-30 19:51:12,410 - tf2onnx.graph - DEBUG - Set dtype of [point_net_1/feature_transform_1/Reshape__240:0] to 7
2026-01-30 19:51:12,411 - tf2onnx.graph - DEBUG - Set shape of [point_net_1/feature_transform_1/Reshape__240:0] to [3]
2026-01-30 19:51:12,411 - tf2onnx.graph - DEBUG - Made node: point_net_1/feature_transform_1/Reshape__240
OP=Cast
Name=point_net_1/feature_transform_1/Reshape__240
Inputs:
	point_net_1/feature_transform_1/Reshape/shape:0=Const, [3], 6
Outpus:
	point_net_1/feature_transform_1/Reshape__240:0=[3], 7
2026-01-30 19:51:12,411 - tf2onnx.tfonnx - DEBUG - Process node: point_net_1/feature_transform_1/add
OP=AddV2
Name=point_net_1/feature_transform_1/add
Inputs:
	point_net_1/feature_transform_1/Reshape:0=Reshape, [-1, 64, 64], 1
	point_net_1/feature_transform_1/add/ReadVariableOp:0=Const, [64, 64], 1
Outpus:
	point_net_1/feature_transform_1/add:0=[-1, 64, 64], 1
2026-01-30 19:51:12,411 - tf2onnx.tfonnx - DEBUG - Process node: point_net_1/MatMul_1
OP=BatchMatMulV2
Name=point_net_1/MatMul_1
Inputs:
	point_net_1/Squeeze:0=Squeeze, [-1, 8192, 64], 1
	point_net_1/feature_transform_1/add:0=Add, [-1, 64, 64], 1
Outpus:
	point_net_1/MatMul_1:0=[-1, 8192, 64], 1
2026-01-30 19:51:12,412 - tf2onnx.tfonnx - DEBUG - Process node: point_net_1/ExpandDims_1
OP=ExpandDims
Name=point_net_1/ExpandDims_1
Inputs:
	point_net_1/MatMul_1:0=MatMul, [-1, 8192, 64], 1
	point_net_1/ExpandDims_1/dim:0=Const, [], 6
Outpus:
	point_net_1/ExpandDims_1:0=[-1, 8192, 1, 64], 1
2026-01-30 19:51:12,412 - tf2onnx.graph - DEBUG - Making node: Name=point_net_1/ExpandDims_1__241, OP=Cast
2026-01-30 19:51:12,412 - tf2onnx.graph - DEBUG - Infer shape and dtype for [point_net_1/ExpandDims_1__241]
2026-01-30 19:51:12,412 - tf2onnx.graph - DEBUG - Set dtype of [point_net_1/ExpandDims_1__241:0] to 7
2026-01-30 19:51:12,412 - tf2onnx.graph - DEBUG - Set shape of [point_net_1/ExpandDims_1__241:0] to []
2026-01-30 19:51:12,413 - tf2onnx.graph - DEBUG - Made node: point_net_1/ExpandDims_1__241
OP=Cast
Name=point_net_1/ExpandDims_1__241
Inputs:
	point_net_1/ExpandDims_1/dim:0=Const, [], 6
Outpus:
	point_net_1/ExpandDims_1__241:0=[], 7
2026-01-30 19:51:12,413 - tf2onnx.graph - DEBUG - Making node: Name=reshape_const__242, OP=Const
2026-01-30 19:51:12,413 - tf2onnx.graph - DEBUG - Made node: reshape_const__242
OP=Const
Name=reshape_const__242
Outpus:
	reshape_const__242=None, 7
2026-01-30 19:51:12,413 - tf2onnx.graph - DEBUG - Making node: Name=Reshape__243, OP=Reshape
2026-01-30 19:51:12,413 - tf2onnx.graph - DEBUG - Infer shape and dtype for [Reshape__243]
2026-01-30 19:51:12,414 - tf2onnx.graph - DEBUG - Set dtype of [Reshape__243:0] to 7
2026-01-30 19:51:12,414 - tf2onnx.graph - DEBUG - Set shape of [Reshape__243:0] to [1]
2026-01-30 19:51:12,414 - tf2onnx.graph - DEBUG - Made node: Reshape__243
OP=Reshape
Name=Reshape__243
Inputs:
	point_net_1/ExpandDims_1__241:0=Cast, [], 7
	reshape_const__242=Const, [1], 7
Outpus:
	Reshape__243:0=[1], 7
2026-01-30 19:51:12,414 - tf2onnx.tfonnx - DEBUG - Process node: point_net_1/s2_l1_64_convolution_layer_1/batch_normalization_33_1/batchnorm/mul_1
OP=Conv2D
Name=point_net_1/s2_l1_64_convolution_layer_1/batch_normalization_33_1/batchnorm/mul_1
Inputs:
	point_net_1/ExpandDims_1:0=Unsqueeze, [-1, 8192, 1, 64], 1
	point_net_1/s2_l1_64_convolution_layer_1/s2_l1_64_convolution_layer_1/convolution/merged_input:0=Const, [1, 1, 64, 64], 1
Outpus:
	point_net_1/s2_l1_64_convolution_layer_1/batch_normalization_33_1/batchnorm/mul_1:0=[-1, 8192, 1, 64], 1
2026-01-30 19:51:12,415 - tf2onnx.graph - DEBUG - Making node: Name=point_net_1/s2_l1_64_convolution_layer_1/batch_normalization_33_1/batchnorm/mul_1__244, OP=Transpose
2026-01-30 19:51:12,415 - tf2onnx.graph - DEBUG - Infer shape and dtype for [point_net_1/s2_l1_64_convolution_layer_1/batch_normalization_33_1/batchnorm/mul_1__244]
2026-01-30 19:51:12,415 - tf2onnx.graph - DEBUG - Set dtype of [point_net_1/s2_l1_64_convolution_layer_1/batch_normalization_33_1/batchnorm/mul_1__244:0] to 1
2026-01-30 19:51:12,415 - tf2onnx.graph - DEBUG - Set shape of [point_net_1/s2_l1_64_convolution_layer_1/batch_normalization_33_1/batchnorm/mul_1__244:0] to [64, 1, 8192, -1]
2026-01-30 19:51:12,415 - tf2onnx.graph - DEBUG - Made node: point_net_1/s2_l1_64_convolution_layer_1/batch_normalization_33_1/batchnorm/mul_1__244
OP=Transpose
Name=point_net_1/s2_l1_64_convolution_layer_1/batch_normalization_33_1/batchnorm/mul_1__244
Inputs:
	point_net_1/ExpandDims_1:0=Unsqueeze, [-1, 8192, 1, 64], 1
Outpus:
	point_net_1/s2_l1_64_convolution_layer_1/batch_normalization_33_1/batchnorm/mul_1__244:0=[64, 1, 8192, -1], 1
2026-01-30 19:51:12,416 - tf2onnx.graph - DEBUG - Making node: Name=point_net_1/s2_l1_64_convolution_layer_1/batch_normalization_33_1/batchnorm/mul_1__246, OP=Transpose
2026-01-30 19:51:12,416 - tf2onnx.graph - DEBUG - Infer shape and dtype for [point_net_1/s2_l1_64_convolution_layer_1/batch_normalization_33_1/batchnorm/mul_1__246]
2026-01-30 19:51:12,416 - tf2onnx.graph - DEBUG - Set dtype of [point_net_1/s2_l1_64_convolution_layer_1/batch_normalization_33_1/batchnorm/mul_1__246:0] to 1
2026-01-30 19:51:12,416 - tf2onnx.graph - DEBUG - Set shape of [point_net_1/s2_l1_64_convolution_layer_1/batch_normalization_33_1/batchnorm/mul_1__246:0] to [64, 1, 8192, -1]
2026-01-30 19:51:12,417 - tf2onnx.graph - DEBUG - Made node: point_net_1/s2_l1_64_convolution_layer_1/batch_normalization_33_1/batchnorm/mul_1__246
OP=Transpose
Name=point_net_1/s2_l1_64_convolution_layer_1/batch_normalization_33_1/batchnorm/mul_1__246
Inputs:
	point_net_1/s2_l1_64_convolution_layer_1/batch_normalization_33_1/batchnorm/mul_1:0=Conv, [-1, 8192, 1, 64], 1
Outpus:
	point_net_1/s2_l1_64_convolution_layer_1/batch_normalization_33_1/batchnorm/mul_1__246:0=[64, 1, 8192, -1], 1
2026-01-30 19:51:12,417 - tf2onnx.tfonnx - DEBUG - Process node: point_net_1/s2_l1_64_convolution_layer_1/batch_normalization_33_1/batchnorm/add_1
OP=AddV2
Name=point_net_1/s2_l1_64_convolution_layer_1/batch_normalization_33_1/batchnorm/add_1
Inputs:
	point_net_1/s2_l1_64_convolution_layer_1/batch_normalization_33_1/batchnorm/mul_1__246:0=Transpose, [-1, 8192, 1, 64], 1
	point_net_1/s2_l1_64_convolution_layer_1/batch_normalization_33_1/batchnorm/sub:0=Const, [64], 1
Outpus:
	point_net_1/s2_l1_64_convolution_layer_1/batch_normalization_33_1/batchnorm/add_1:0=[-1, 8192, 1, 64], 1
2026-01-30 19:51:12,417 - tf2onnx.tfonnx - DEBUG - Process node: point_net_1/s2_l1_64_convolution_layer_1/Relu
OP=Relu
Name=point_net_1/s2_l1_64_convolution_layer_1/Relu
Inputs:
	point_net_1/s2_l1_64_convolution_layer_1/batch_normalization_33_1/batchnorm/add_1:0=Add, [-1, 8192, 1, 64], 1
Outpus:
	point_net_1/s2_l1_64_convolution_layer_1/Relu:0=[-1, 8192, 1, 64], 1
2026-01-30 19:51:12,417 - tf2onnx.tfonnx - DEBUG - Process node: point_net_1/s2_l2_128_convolution_layer_1/batch_normalization_34_1/batchnorm/mul_1
OP=Conv2D
Name=point_net_1/s2_l2_128_convolution_layer_1/batch_normalization_34_1/batchnorm/mul_1
Inputs:
	point_net_1/s2_l1_64_convolution_layer_1/Relu:0=Relu, [-1, 8192, 1, 64], 1
	point_net_1/s2_l2_128_convolution_layer_1/s2_l2_128_convolution_layer_1/convolution/merged_input:0=Const, [1, 1, 64, 128], 1
Outpus:
	point_net_1/s2_l2_128_convolution_layer_1/batch_normalization_34_1/batchnorm/mul_1:0=[-1, 8192, 1, 128], 1
2026-01-30 19:51:12,417 - tf2onnx.graph - DEBUG - Making node: Name=point_net_1/s2_l2_128_convolution_layer_1/batch_normalization_34_1/batchnorm/mul_1__248, OP=Transpose
2026-01-30 19:51:12,418 - tf2onnx.graph - DEBUG - Infer shape and dtype for [point_net_1/s2_l2_128_convolution_layer_1/batch_normalization_34_1/batchnorm/mul_1__248]
2026-01-30 19:51:12,418 - tf2onnx.graph - DEBUG - Set dtype of [point_net_1/s2_l2_128_convolution_layer_1/batch_normalization_34_1/batchnorm/mul_1__248:0] to 1
2026-01-30 19:51:12,418 - tf2onnx.graph - DEBUG - Set shape of [point_net_1/s2_l2_128_convolution_layer_1/batch_normalization_34_1/batchnorm/mul_1__248:0] to [64, 1, 8192, -1]
2026-01-30 19:51:12,418 - tf2onnx.graph - DEBUG - Made node: point_net_1/s2_l2_128_convolution_layer_1/batch_normalization_34_1/batchnorm/mul_1__248
OP=Transpose
Name=point_net_1/s2_l2_128_convolution_layer_1/batch_normalization_34_1/batchnorm/mul_1__248
Inputs:
	point_net_1/s2_l1_64_convolution_layer_1/Relu:0=Relu, [-1, 8192, 1, 64], 1
Outpus:
	point_net_1/s2_l2_128_convolution_layer_1/batch_normalization_34_1/batchnorm/mul_1__248:0=[64, 1, 8192, -1], 1
2026-01-30 19:51:12,419 - tf2onnx.graph - DEBUG - Making node: Name=point_net_1/s2_l2_128_convolution_layer_1/batch_normalization_34_1/batchnorm/mul_1__250, OP=Transpose
2026-01-30 19:51:12,419 - tf2onnx.graph - DEBUG - Infer shape and dtype for [point_net_1/s2_l2_128_convolution_layer_1/batch_normalization_34_1/batchnorm/mul_1__250]
2026-01-30 19:51:12,419 - tf2onnx.graph - DEBUG - Set dtype of [point_net_1/s2_l2_128_convolution_layer_1/batch_normalization_34_1/batchnorm/mul_1__250:0] to 1
2026-01-30 19:51:12,420 - tf2onnx.graph - DEBUG - Set shape of [point_net_1/s2_l2_128_convolution_layer_1/batch_normalization_34_1/batchnorm/mul_1__250:0] to [128, 1, 8192, -1]
2026-01-30 19:51:12,420 - tf2onnx.graph - DEBUG - Made node: point_net_1/s2_l2_128_convolution_layer_1/batch_normalization_34_1/batchnorm/mul_1__250
OP=Transpose
Name=point_net_1/s2_l2_128_convolution_layer_1/batch_normalization_34_1/batchnorm/mul_1__250
Inputs:
	point_net_1/s2_l2_128_convolution_layer_1/batch_normalization_34_1/batchnorm/mul_1:0=Conv, [-1, 8192, 1, 128], 1
Outpus:
	point_net_1/s2_l2_128_convolution_layer_1/batch_normalization_34_1/batchnorm/mul_1__250:0=[128, 1, 8192, -1], 1
2026-01-30 19:51:12,420 - tf2onnx.tfonnx - DEBUG - Process node: point_net_1/s2_l2_128_convolution_layer_1/batch_normalization_34_1/batchnorm/add_1
OP=AddV2
Name=point_net_1/s2_l2_128_convolution_layer_1/batch_normalization_34_1/batchnorm/add_1
Inputs:
	point_net_1/s2_l2_128_convolution_layer_1/batch_normalization_34_1/batchnorm/mul_1__250:0=Transpose, [-1, 8192, 1, 128], 1
	point_net_1/s2_l2_128_convolution_layer_1/batch_normalization_34_1/batchnorm/sub:0=Const, [128], 1
Outpus:
	point_net_1/s2_l2_128_convolution_layer_1/batch_normalization_34_1/batchnorm/add_1:0=[-1, 8192, 1, 128], 1
2026-01-30 19:51:12,420 - tf2onnx.tfonnx - DEBUG - Process node: point_net_1/s2_l2_128_convolution_layer_1/Relu
OP=Relu
Name=point_net_1/s2_l2_128_convolution_layer_1/Relu
Inputs:
	point_net_1/s2_l2_128_convolution_layer_1/batch_normalization_34_1/batchnorm/add_1:0=Add, [-1, 8192, 1, 128], 1
Outpus:
	point_net_1/s2_l2_128_convolution_layer_1/Relu:0=[-1, 8192, 1, 128], 1
2026-01-30 19:51:12,420 - tf2onnx.tfonnx - DEBUG - Process node: point_net_1/s2_l3_1024_convolution_layer_1/batch_normalization_35_1/batchnorm/mul_1
OP=Conv2D
Name=point_net_1/s2_l3_1024_convolution_layer_1/batch_normalization_35_1/batchnorm/mul_1
Inputs:
	point_net_1/s2_l2_128_convolution_layer_1/Relu:0=Relu, [-1, 8192, 1, 128], 1
	point_net_1/s2_l3_1024_convolution_layer_1/s2_l3_1024_convolution_layer_1/convolution/merged_input:0=Const, [1, 1, 128, 1024], 1
Outpus:
	point_net_1/s2_l3_1024_convolution_layer_1/batch_normalization_35_1/batchnorm/mul_1:0=[-1, 8192, 1, 1024], 1
2026-01-30 19:51:12,421 - tf2onnx.graph - DEBUG - Making node: Name=point_net_1/s2_l3_1024_convolution_layer_1/batch_normalization_35_1/batchnorm/mul_1__252, OP=Transpose
2026-01-30 19:51:12,421 - tf2onnx.graph - DEBUG - Infer shape and dtype for [point_net_1/s2_l3_1024_convolution_layer_1/batch_normalization_35_1/batchnorm/mul_1__252]
2026-01-30 19:51:12,421 - tf2onnx.graph - DEBUG - Set dtype of [point_net_1/s2_l3_1024_convolution_layer_1/batch_normalization_35_1/batchnorm/mul_1__252:0] to 1
2026-01-30 19:51:12,421 - tf2onnx.graph - DEBUG - Set shape of [point_net_1/s2_l3_1024_convolution_layer_1/batch_normalization_35_1/batchnorm/mul_1__252:0] to [128, 1, 8192, -1]
2026-01-30 19:51:12,422 - tf2onnx.graph - DEBUG - Made node: point_net_1/s2_l3_1024_convolution_layer_1/batch_normalization_35_1/batchnorm/mul_1__252
OP=Transpose
Name=point_net_1/s2_l3_1024_convolution_layer_1/batch_normalization_35_1/batchnorm/mul_1__252
Inputs:
	point_net_1/s2_l2_128_convolution_layer_1/Relu:0=Relu, [-1, 8192, 1, 128], 1
Outpus:
	point_net_1/s2_l3_1024_convolution_layer_1/batch_normalization_35_1/batchnorm/mul_1__252:0=[128, 1, 8192, -1], 1
2026-01-30 19:51:12,422 - tf2onnx.graph - DEBUG - Making node: Name=point_net_1/s2_l3_1024_convolution_layer_1/batch_normalization_35_1/batchnorm/mul_1__254, OP=Transpose
2026-01-30 19:51:12,423 - tf2onnx.graph - DEBUG - Infer shape and dtype for [point_net_1/s2_l3_1024_convolution_layer_1/batch_normalization_35_1/batchnorm/mul_1__254]
2026-01-30 19:51:12,423 - tf2onnx.graph - DEBUG - Set dtype of [point_net_1/s2_l3_1024_convolution_layer_1/batch_normalization_35_1/batchnorm/mul_1__254:0] to 1
2026-01-30 19:51:12,424 - tf2onnx.graph - DEBUG - Set shape of [point_net_1/s2_l3_1024_convolution_layer_1/batch_normalization_35_1/batchnorm/mul_1__254:0] to [1024, 1, 8192, -1]
2026-01-30 19:51:12,424 - tf2onnx.graph - DEBUG - Made node: point_net_1/s2_l3_1024_convolution_layer_1/batch_normalization_35_1/batchnorm/mul_1__254
OP=Transpose
Name=point_net_1/s2_l3_1024_convolution_layer_1/batch_normalization_35_1/batchnorm/mul_1__254
Inputs:
	point_net_1/s2_l3_1024_convolution_layer_1/batch_normalization_35_1/batchnorm/mul_1:0=Conv, [-1, 8192, 1, 1024], 1
Outpus:
	point_net_1/s2_l3_1024_convolution_layer_1/batch_normalization_35_1/batchnorm/mul_1__254:0=[1024, 1, 8192, -1], 1
2026-01-30 19:51:12,424 - tf2onnx.tfonnx - DEBUG - Process node: point_net_1/s2_l3_1024_convolution_layer_1/batch_normalization_35_1/batchnorm/add_1
OP=AddV2
Name=point_net_1/s2_l3_1024_convolution_layer_1/batch_normalization_35_1/batchnorm/add_1
Inputs:
	point_net_1/s2_l3_1024_convolution_layer_1/batch_normalization_35_1/batchnorm/mul_1__254:0=Transpose, [-1, 8192, 1, 1024], 1
	point_net_1/s2_l3_1024_convolution_layer_1/batch_normalization_35_1/batchnorm/sub:0=Const, [1024], 1
Outpus:
	point_net_1/s2_l3_1024_convolution_layer_1/batch_normalization_35_1/batchnorm/add_1:0=[-1, 8192, 1, 1024], 1
2026-01-30 19:51:12,424 - tf2onnx.tfonnx - DEBUG - Process node: point_net_1/s2_l3_1024_convolution_layer_1/Relu
OP=Relu
Name=point_net_1/s2_l3_1024_convolution_layer_1/Relu
Inputs:
	point_net_1/s2_l3_1024_convolution_layer_1/batch_normalization_35_1/batchnorm/add_1:0=Add, [-1, 8192, 1, 1024], 1
Outpus:
	point_net_1/s2_l3_1024_convolution_layer_1/Relu:0=[-1, 8192, 1, 1024], 1
2026-01-30 19:51:12,424 - tf2onnx.tfonnx - DEBUG - Process node: point_net_1/Squeeze_1
OP=Squeeze
Name=point_net_1/Squeeze_1
Inputs:
	point_net_1/s2_l3_1024_convolution_layer_1/Relu:0=Relu, [-1, 8192, 1, 1024], 1
Outpus:
	point_net_1/Squeeze_1:0=[-1, 8192, 1024], 1
2026-01-30 19:51:12,424 - tf2onnx.graph - DEBUG - Making node: Name=axes_const__256, OP=Const
2026-01-30 19:51:12,425 - tf2onnx.graph - DEBUG - Made node: axes_const__256
OP=Const
Name=axes_const__256
Outpus:
	axes_const__256=None, 7
2026-01-30 19:51:12,425 - tf2onnx.tfonnx - DEBUG - Process node: point_net_1/Max
OP=Max
Name=point_net_1/Max
Inputs:
	point_net_1/Squeeze_1:0=Squeeze, [-1, 8192, 1024], 1
	point_net_1/Max/reduction_indices:0=Const, [], 6
Outpus:
	point_net_1/Max:0=[-1, 1024], 1
2026-01-30 19:51:12,425 - tf2onnx.tfonnx - DEBUG - Process node: point_net_1/s3_l1_512_dense_layer_1/s3_l1_512_dense_layer_1/MatMul
OP=MatMul
Name=point_net_1/s3_l1_512_dense_layer_1/s3_l1_512_dense_layer_1/MatMul
Inputs:
	point_net_1/Max:0=ReduceMax, [-1, 1024], 1
	point_net_1/s3_l1_512_dense_layer_1/s3_l1_512_dense_layer_1/Cast/ReadVariableOp:0=Const, [1024, 512], 1
Outpus:
	point_net_1/s3_l1_512_dense_layer_1/s3_l1_512_dense_layer_1/MatMul:0=[-1, 512], 1
2026-01-30 19:51:12,425 - tf2onnx.tfonnx - DEBUG - Process node: point_net_1/s3_l1_512_dense_layer_1/batch_normalization_36_1/batchnorm/mul_1
OP=Mul
Name=point_net_1/s3_l1_512_dense_layer_1/batch_normalization_36_1/batchnorm/mul_1
Inputs:
	point_net_1/s3_l1_512_dense_layer_1/s3_l1_512_dense_layer_1/MatMul:0=MatMul, [-1, 512], 1
	point_net_1/s3_l1_512_dense_layer_1/batch_normalization_36_1/batchnorm/mul:0=Const, [512], 1
Outpus:
	point_net_1/s3_l1_512_dense_layer_1/batch_normalization_36_1/batchnorm/mul_1:0=[-1, 512], 1
2026-01-30 19:51:12,426 - tf2onnx.tfonnx - DEBUG - Process node: point_net_1/s3_l1_512_dense_layer_1/batch_normalization_36_1/batchnorm/add_1
OP=AddV2
Name=point_net_1/s3_l1_512_dense_layer_1/batch_normalization_36_1/batchnorm/add_1
Inputs:
	point_net_1/s3_l1_512_dense_layer_1/batch_normalization_36_1/batchnorm/mul_1:0=Mul, [-1, 512], 1
	point_net_1/s3_l1_512_dense_layer_1/batch_normalization_36_1/batchnorm/sub:0=Const, [512], 1
Outpus:
	point_net_1/s3_l1_512_dense_layer_1/batch_normalization_36_1/batchnorm/add_1:0=[-1, 512], 1
2026-01-30 19:51:12,426 - tf2onnx.tfonnx - DEBUG - Process node: point_net_1/s3_l1_512_dense_layer_1/Relu
OP=Relu
Name=point_net_1/s3_l1_512_dense_layer_1/Relu
Inputs:
	point_net_1/s3_l1_512_dense_layer_1/batch_normalization_36_1/batchnorm/add_1:0=Add, [-1, 512], 1
Outpus:
	point_net_1/s3_l1_512_dense_layer_1/Relu:0=[-1, 512], 1
2026-01-30 19:51:12,426 - tf2onnx.tfonnx - DEBUG - Process node: point_net_1/s3_l2_256_dense_layer_1/s3_l2_256_dense_layer_1/MatMul
OP=MatMul
Name=point_net_1/s3_l2_256_dense_layer_1/s3_l2_256_dense_layer_1/MatMul
Inputs:
	point_net_1/s3_l1_512_dense_layer_1/Relu:0=Relu, [-1, 512], 1
	point_net_1/s3_l2_256_dense_layer_1/s3_l2_256_dense_layer_1/Cast/ReadVariableOp:0=Const, [512, 256], 1
Outpus:
	point_net_1/s3_l2_256_dense_layer_1/s3_l2_256_dense_layer_1/MatMul:0=[-1, 256], 1
2026-01-30 19:51:12,426 - tf2onnx.tfonnx - DEBUG - Process node: point_net_1/s3_l2_256_dense_layer_1/batch_normalization_37_1/batchnorm/mul_1
OP=Mul
Name=point_net_1/s3_l2_256_dense_layer_1/batch_normalization_37_1/batchnorm/mul_1
Inputs:
	point_net_1/s3_l2_256_dense_layer_1/s3_l2_256_dense_layer_1/MatMul:0=MatMul, [-1, 256], 1
	point_net_1/s3_l2_256_dense_layer_1/batch_normalization_37_1/batchnorm/mul:0=Const, [256], 1
Outpus:
	point_net_1/s3_l2_256_dense_layer_1/batch_normalization_37_1/batchnorm/mul_1:0=[-1, 256], 1
2026-01-30 19:51:12,426 - tf2onnx.tfonnx - DEBUG - Process node: point_net_1/s3_l2_256_dense_layer_1/batch_normalization_37_1/batchnorm/add_1
OP=AddV2
Name=point_net_1/s3_l2_256_dense_layer_1/batch_normalization_37_1/batchnorm/add_1
Inputs:
	point_net_1/s3_l2_256_dense_layer_1/batch_normalization_37_1/batchnorm/mul_1:0=Mul, [-1, 256], 1
	point_net_1/s3_l2_256_dense_layer_1/batch_normalization_37_1/batchnorm/sub:0=Const, [256], 1
Outpus:
	point_net_1/s3_l2_256_dense_layer_1/batch_normalization_37_1/batchnorm/add_1:0=[-1, 256], 1
2026-01-30 19:51:12,427 - tf2onnx.tfonnx - DEBUG - Process node: point_net_1/s3_l2_256_dense_layer_1/Relu
OP=Relu
Name=point_net_1/s3_l2_256_dense_layer_1/Relu
Inputs:
	point_net_1/s3_l2_256_dense_layer_1/batch_normalization_37_1/batchnorm/add_1:0=Add, [-1, 256], 1
Outpus:
	point_net_1/s3_l2_256_dense_layer_1/Relu:0=[-1, 256], 1
2026-01-30 19:51:12,427 - tf2onnx.tfonnx - DEBUG - Process node: point_net_1/output_dense_layer_1/output_dense_layer_1/MatMul
OP=MatMul
Name=point_net_1/output_dense_layer_1/output_dense_layer_1/MatMul
Inputs:
	point_net_1/s3_l2_256_dense_layer_1/Relu:0=Relu, [-1, 256], 1
	point_net_1/output_dense_layer_1/output_dense_layer_1/Cast/ReadVariableOp:0=Const, [256, 23], 1
Outpus:
	point_net_1/output_dense_layer_1/output_dense_layer_1/MatMul:0=[-1, 23], 1
2026-01-30 19:51:12,427 - tf2onnx.tfonnx - DEBUG - Process node: point_net_1/output_dense_layer_1/output_dense_layer_1/BiasAdd
OP=BiasAdd
Name=point_net_1/output_dense_layer_1/output_dense_layer_1/BiasAdd
Inputs:
	point_net_1/output_dense_layer_1/output_dense_layer_1/MatMul:0=MatMul, [-1, 23], 1
	point_net_1/output_dense_layer_1/output_dense_layer_1/BiasAdd/ReadVariableOp:0=Const, [23], 1
Outpus:
	point_net_1/output_dense_layer_1/output_dense_layer_1/BiasAdd:0=[-1, 23], 1
2026-01-30 19:51:12,427 - tf2onnx.tfonnx - DEBUG - Process node: point_net_1/output_dense_layer_1/Softmax
OP=Softmax
Name=point_net_1/output_dense_layer_1/Softmax
Inputs:
	point_net_1/output_dense_layer_1/output_dense_layer_1/BiasAdd:0=Add, [-1, 23], 1
Outpus:
	point_net_1/output_dense_layer_1/Softmax:0=[-1, 23], 1
2026-01-30 19:51:12,427 - tf2onnx.tfonnx - DEBUG - Process node: point_net_1/ExpandDims_2
OP=ExpandDims
Name=point_net_1/ExpandDims_2
Inputs:
	point_net_1/Max:0=ReduceMax, [-1, 1024], 1
	point_net_1/ExpandDims_2/dim:0=Const, [], 6
Outpus:
	point_net_1/ExpandDims_2:0=[-1, 1, 1024], 1
2026-01-30 19:51:12,427 - tf2onnx.graph - DEBUG - Making node: Name=point_net_1/ExpandDims_2__257, OP=Cast
2026-01-30 19:51:12,428 - tf2onnx.graph - DEBUG - Infer shape and dtype for [point_net_1/ExpandDims_2__257]
2026-01-30 19:51:12,428 - tf2onnx.graph - DEBUG - Set dtype of [point_net_1/ExpandDims_2__257:0] to 7
2026-01-30 19:51:12,428 - tf2onnx.graph - DEBUG - Set shape of [point_net_1/ExpandDims_2__257:0] to []
2026-01-30 19:51:12,428 - tf2onnx.graph - DEBUG - Made node: point_net_1/ExpandDims_2__257
OP=Cast
Name=point_net_1/ExpandDims_2__257
Inputs:
	point_net_1/ExpandDims_2/dim:0=Const, [], 6
Outpus:
	point_net_1/ExpandDims_2__257:0=[], 7
2026-01-30 19:51:12,429 - tf2onnx.graph - DEBUG - Making node: Name=reshape_const__258, OP=Const
2026-01-30 19:51:12,429 - tf2onnx.graph - DEBUG - Made node: reshape_const__258
OP=Const
Name=reshape_const__258
Outpus:
	reshape_const__258=None, 7
2026-01-30 19:51:12,429 - tf2onnx.graph - DEBUG - Making node: Name=Reshape__259, OP=Reshape
2026-01-30 19:51:12,429 - tf2onnx.graph - DEBUG - Infer shape and dtype for [Reshape__259]
2026-01-30 19:51:12,430 - tf2onnx.graph - DEBUG - Set dtype of [Reshape__259:0] to 7
2026-01-30 19:51:12,430 - tf2onnx.graph - DEBUG - Set shape of [Reshape__259:0] to [1]
2026-01-30 19:51:12,430 - tf2onnx.graph - DEBUG - Made node: Reshape__259
OP=Reshape
Name=Reshape__259
Inputs:
	point_net_1/ExpandDims_2__257:0=Cast, [], 7
	reshape_const__258=Const, [1], 7
Outpus:
	Reshape__259:0=[1], 7
2026-01-30 19:51:12,430 - tf2onnx.tfonnx - DEBUG - Process node: point_net_1/Tile
OP=Tile
Name=point_net_1/Tile
Inputs:
	point_net_1/ExpandDims_2:0=Unsqueeze, [-1, 1, 1024], 1
	point_net_1/Tile/multiples:0=Const, [3], 6
Outpus:
	point_net_1/Tile:0=[-1, 8192, 1024], 1
2026-01-30 19:51:12,431 - tf2onnx.graph - DEBUG - Making node: Name=point_net_1/Tile__260, OP=Cast
2026-01-30 19:51:12,431 - tf2onnx.graph - DEBUG - Infer shape and dtype for [point_net_1/Tile__260]
2026-01-30 19:51:12,431 - tf2onnx.graph - DEBUG - Set dtype of [point_net_1/Tile__260:0] to 7
2026-01-30 19:51:12,431 - tf2onnx.graph - DEBUG - Set shape of [point_net_1/Tile__260:0] to [3]
2026-01-30 19:51:12,431 - tf2onnx.graph - DEBUG - Made node: point_net_1/Tile__260
OP=Cast
Name=point_net_1/Tile__260
Inputs:
	point_net_1/Tile/multiples:0=Const, [3], 6
Outpus:
	point_net_1/Tile__260:0=[3], 7
2026-01-30 19:51:12,432 - tf2onnx.tfonnx - DEBUG - Process node: point_net_1/concat
OP=ConcatV2
Name=point_net_1/concat
Inputs:
	point_net_1/MatMul_1:0=MatMul, [-1, 8192, 64], 1
	point_net_1/Tile:0=Tile, [-1, 8192, 1024], 1
	point_net_1/concat/axis:0=Const, [], 6
Outpus:
	point_net_1/concat:0=[-1, 8192, 1088], 1
2026-01-30 19:51:12,432 - tf2onnx.tfonnx - DEBUG - Process node: point_net_1/ExpandDims_3
OP=ExpandDims
Name=point_net_1/ExpandDims_3
Inputs:
	point_net_1/concat:0=Concat, [-1, 8192, 1088], 1
	point_net_1/ExpandDims_3/dim:0=Const, [], 6
Outpus:
	point_net_1/ExpandDims_3:0=[-1, 8192, 1, 1088], 1
2026-01-30 19:51:12,432 - tf2onnx.graph - DEBUG - Making node: Name=point_net_1/ExpandDims_3__261, OP=Cast
2026-01-30 19:51:12,432 - tf2onnx.graph - DEBUG - Infer shape and dtype for [point_net_1/ExpandDims_3__261]
2026-01-30 19:51:12,433 - tf2onnx.graph - DEBUG - Set dtype of [point_net_1/ExpandDims_3__261:0] to 7
2026-01-30 19:51:12,433 - tf2onnx.graph - DEBUG - Set shape of [point_net_1/ExpandDims_3__261:0] to []
2026-01-30 19:51:12,433 - tf2onnx.graph - DEBUG - Made node: point_net_1/ExpandDims_3__261
OP=Cast
Name=point_net_1/ExpandDims_3__261
Inputs:
	point_net_1/ExpandDims_3/dim:0=Const, [], 6
Outpus:
	point_net_1/ExpandDims_3__261:0=[], 7
2026-01-30 19:51:12,433 - tf2onnx.graph - DEBUG - Making node: Name=reshape_const__262, OP=Const
2026-01-30 19:51:12,434 - tf2onnx.graph - DEBUG - Made node: reshape_const__262
OP=Const
Name=reshape_const__262
Outpus:
	reshape_const__262=None, 7
2026-01-30 19:51:12,434 - tf2onnx.graph - DEBUG - Making node: Name=Reshape__263, OP=Reshape
2026-01-30 19:51:12,434 - tf2onnx.graph - DEBUG - Infer shape and dtype for [Reshape__263]
2026-01-30 19:51:12,434 - tf2onnx.graph - DEBUG - Set dtype of [Reshape__263:0] to 7
2026-01-30 19:51:12,435 - tf2onnx.graph - DEBUG - Set shape of [Reshape__263:0] to [1]
2026-01-30 19:51:12,435 - tf2onnx.graph - DEBUG - Made node: Reshape__263
OP=Reshape
Name=Reshape__263
Inputs:
	point_net_1/ExpandDims_3__261:0=Cast, [], 7
	reshape_const__262=Const, [1], 7
Outpus:
	Reshape__263:0=[1], 7
2026-01-30 19:51:12,436 - tf2onnx.tfonnx - DEBUG - Process node: point_net_1/seg_l1_512_convolution_layer_1/batch_normalization_38_1/batchnorm/mul_1
OP=Conv2D
Name=point_net_1/seg_l1_512_convolution_layer_1/batch_normalization_38_1/batchnorm/mul_1
Inputs:
	point_net_1/ExpandDims_3:0=Unsqueeze, [-1, 8192, 1, 1088], 1
	point_net_1/seg_l1_512_convolution_layer_1/seg_l1_512_convolution_layer_1/convolution/merged_input:0=Const, [1, 1, 1088, 512], 1
Outpus:
	point_net_1/seg_l1_512_convolution_layer_1/batch_normalization_38_1/batchnorm/mul_1:0=[-1, 8192, 1, 512], 1
2026-01-30 19:51:12,436 - tf2onnx.graph - DEBUG - Making node: Name=point_net_1/seg_l1_512_convolution_layer_1/batch_normalization_38_1/batchnorm/mul_1__264, OP=Transpose
2026-01-30 19:51:12,436 - tf2onnx.graph - DEBUG - Infer shape and dtype for [point_net_1/seg_l1_512_convolution_layer_1/batch_normalization_38_1/batchnorm/mul_1__264]
2026-01-30 19:51:12,436 - tf2onnx.graph - DEBUG - Set dtype of [point_net_1/seg_l1_512_convolution_layer_1/batch_normalization_38_1/batchnorm/mul_1__264:0] to 1
2026-01-30 19:51:12,437 - tf2onnx.graph - DEBUG - Set shape of [point_net_1/seg_l1_512_convolution_layer_1/batch_normalization_38_1/batchnorm/mul_1__264:0] to [1088, 1, 8192, -1]
2026-01-30 19:51:12,437 - tf2onnx.graph - DEBUG - Made node: point_net_1/seg_l1_512_convolution_layer_1/batch_normalization_38_1/batchnorm/mul_1__264
OP=Transpose
Name=point_net_1/seg_l1_512_convolution_layer_1/batch_normalization_38_1/batchnorm/mul_1__264
Inputs:
	point_net_1/ExpandDims_3:0=Unsqueeze, [-1, 8192, 1, 1088], 1
Outpus:
	point_net_1/seg_l1_512_convolution_layer_1/batch_normalization_38_1/batchnorm/mul_1__264:0=[1088, 1, 8192, -1], 1
2026-01-30 19:51:12,441 - tf2onnx.graph - DEBUG - Making node: Name=point_net_1/seg_l1_512_convolution_layer_1/batch_normalization_38_1/batchnorm/mul_1__266, OP=Transpose
2026-01-30 19:51:12,441 - tf2onnx.graph - DEBUG - Infer shape and dtype for [point_net_1/seg_l1_512_convolution_layer_1/batch_normalization_38_1/batchnorm/mul_1__266]
2026-01-30 19:51:12,441 - tf2onnx.graph - DEBUG - Set dtype of [point_net_1/seg_l1_512_convolution_layer_1/batch_normalization_38_1/batchnorm/mul_1__266:0] to 1
2026-01-30 19:51:12,442 - tf2onnx.graph - DEBUG - Set shape of [point_net_1/seg_l1_512_convolution_layer_1/batch_normalization_38_1/batchnorm/mul_1__266:0] to [512, 1, 8192, -1]
2026-01-30 19:51:12,442 - tf2onnx.graph - DEBUG - Made node: point_net_1/seg_l1_512_convolution_layer_1/batch_normalization_38_1/batchnorm/mul_1__266
OP=Transpose
Name=point_net_1/seg_l1_512_convolution_layer_1/batch_normalization_38_1/batchnorm/mul_1__266
Inputs:
	point_net_1/seg_l1_512_convolution_layer_1/batch_normalization_38_1/batchnorm/mul_1:0=Conv, [-1, 8192, 1, 512], 1
Outpus:
	point_net_1/seg_l1_512_convolution_layer_1/batch_normalization_38_1/batchnorm/mul_1__266:0=[512, 1, 8192, -1], 1
2026-01-30 19:51:12,442 - tf2onnx.tfonnx - DEBUG - Process node: point_net_1/seg_l1_512_convolution_layer_1/batch_normalization_38_1/batchnorm/add_1
OP=AddV2
Name=point_net_1/seg_l1_512_convolution_layer_1/batch_normalization_38_1/batchnorm/add_1
Inputs:
	point_net_1/seg_l1_512_convolution_layer_1/batch_normalization_38_1/batchnorm/mul_1__266:0=Transpose, [-1, 8192, 1, 512], 1
	point_net_1/seg_l1_512_convolution_layer_1/batch_normalization_38_1/batchnorm/sub:0=Const, [512], 1
Outpus:
	point_net_1/seg_l1_512_convolution_layer_1/batch_normalization_38_1/batchnorm/add_1:0=[-1, 8192, 1, 512], 1
2026-01-30 19:51:12,442 - tf2onnx.tfonnx - DEBUG - Process node: point_net_1/seg_l1_512_convolution_layer_1/Relu
OP=Relu
Name=point_net_1/seg_l1_512_convolution_layer_1/Relu
Inputs:
	point_net_1/seg_l1_512_convolution_layer_1/batch_normalization_38_1/batchnorm/add_1:0=Add, [-1, 8192, 1, 512], 1
Outpus:
	point_net_1/seg_l1_512_convolution_layer_1/Relu:0=[-1, 8192, 1, 512], 1
2026-01-30 19:51:12,443 - tf2onnx.tfonnx - DEBUG - Process node: point_net_1/seg_l2_256_convolution_layer_1/batch_normalization_39_1/batchnorm/mul_1
OP=Conv2D
Name=point_net_1/seg_l2_256_convolution_layer_1/batch_normalization_39_1/batchnorm/mul_1
Inputs:
	point_net_1/seg_l1_512_convolution_layer_1/Relu:0=Relu, [-1, 8192, 1, 512], 1
	point_net_1/seg_l2_256_convolution_layer_1/seg_l2_256_convolution_layer_1/convolution/merged_input:0=Const, [1, 1, 512, 256], 1
Outpus:
	point_net_1/seg_l2_256_convolution_layer_1/batch_normalization_39_1/batchnorm/mul_1:0=[-1, 8192, 1, 256], 1
2026-01-30 19:51:12,443 - tf2onnx.graph - DEBUG - Making node: Name=point_net_1/seg_l2_256_convolution_layer_1/batch_normalization_39_1/batchnorm/mul_1__268, OP=Transpose
2026-01-30 19:51:12,443 - tf2onnx.graph - DEBUG - Infer shape and dtype for [point_net_1/seg_l2_256_convolution_layer_1/batch_normalization_39_1/batchnorm/mul_1__268]
2026-01-30 19:51:12,443 - tf2onnx.graph - DEBUG - Set dtype of [point_net_1/seg_l2_256_convolution_layer_1/batch_normalization_39_1/batchnorm/mul_1__268:0] to 1
2026-01-30 19:51:12,444 - tf2onnx.graph - DEBUG - Set shape of [point_net_1/seg_l2_256_convolution_layer_1/batch_normalization_39_1/batchnorm/mul_1__268:0] to [512, 1, 8192, -1]
2026-01-30 19:51:12,444 - tf2onnx.graph - DEBUG - Made node: point_net_1/seg_l2_256_convolution_layer_1/batch_normalization_39_1/batchnorm/mul_1__268
OP=Transpose
Name=point_net_1/seg_l2_256_convolution_layer_1/batch_normalization_39_1/batchnorm/mul_1__268
Inputs:
	point_net_1/seg_l1_512_convolution_layer_1/Relu:0=Relu, [-1, 8192, 1, 512], 1
Outpus:
	point_net_1/seg_l2_256_convolution_layer_1/batch_normalization_39_1/batchnorm/mul_1__268:0=[512, 1, 8192, -1], 1
2026-01-30 19:51:12,445 - tf2onnx.graph - DEBUG - Making node: Name=point_net_1/seg_l2_256_convolution_layer_1/batch_normalization_39_1/batchnorm/mul_1__270, OP=Transpose
2026-01-30 19:51:12,445 - tf2onnx.graph - DEBUG - Infer shape and dtype for [point_net_1/seg_l2_256_convolution_layer_1/batch_normalization_39_1/batchnorm/mul_1__270]
2026-01-30 19:51:12,445 - tf2onnx.graph - DEBUG - Set dtype of [point_net_1/seg_l2_256_convolution_layer_1/batch_normalization_39_1/batchnorm/mul_1__270:0] to 1
2026-01-30 19:51:12,445 - tf2onnx.graph - DEBUG - Set shape of [point_net_1/seg_l2_256_convolution_layer_1/batch_normalization_39_1/batchnorm/mul_1__270:0] to [256, 1, 8192, -1]
2026-01-30 19:51:12,446 - tf2onnx.graph - DEBUG - Made node: point_net_1/seg_l2_256_convolution_layer_1/batch_normalization_39_1/batchnorm/mul_1__270
OP=Transpose
Name=point_net_1/seg_l2_256_convolution_layer_1/batch_normalization_39_1/batchnorm/mul_1__270
Inputs:
	point_net_1/seg_l2_256_convolution_layer_1/batch_normalization_39_1/batchnorm/mul_1:0=Conv, [-1, 8192, 1, 256], 1
Outpus:
	point_net_1/seg_l2_256_convolution_layer_1/batch_normalization_39_1/batchnorm/mul_1__270:0=[256, 1, 8192, -1], 1
2026-01-30 19:51:12,446 - tf2onnx.tfonnx - DEBUG - Process node: point_net_1/seg_l2_256_convolution_layer_1/batch_normalization_39_1/batchnorm/add_1
OP=AddV2
Name=point_net_1/seg_l2_256_convolution_layer_1/batch_normalization_39_1/batchnorm/add_1
Inputs:
	point_net_1/seg_l2_256_convolution_layer_1/batch_normalization_39_1/batchnorm/mul_1__270:0=Transpose, [-1, 8192, 1, 256], 1
	point_net_1/seg_l2_256_convolution_layer_1/batch_normalization_39_1/batchnorm/sub:0=Const, [256], 1
Outpus:
	point_net_1/seg_l2_256_convolution_layer_1/batch_normalization_39_1/batchnorm/add_1:0=[-1, 8192, 1, 256], 1
2026-01-30 19:51:12,446 - tf2onnx.tfonnx - DEBUG - Process node: point_net_1/seg_l2_256_convolution_layer_1/Relu
OP=Relu
Name=point_net_1/seg_l2_256_convolution_layer_1/Relu
Inputs:
	point_net_1/seg_l2_256_convolution_layer_1/batch_normalization_39_1/batchnorm/add_1:0=Add, [-1, 8192, 1, 256], 1
Outpus:
	point_net_1/seg_l2_256_convolution_layer_1/Relu:0=[-1, 8192, 1, 256], 1
2026-01-30 19:51:12,446 - tf2onnx.tfonnx - DEBUG - Process node: point_net_1/seg_l3_128_convolution_layer_1/batch_normalization_40_1/batchnorm/mul_1
OP=Conv2D
Name=point_net_1/seg_l3_128_convolution_layer_1/batch_normalization_40_1/batchnorm/mul_1
Inputs:
	point_net_1/seg_l2_256_convolution_layer_1/Relu:0=Relu, [-1, 8192, 1, 256], 1
	point_net_1/seg_l3_128_convolution_layer_1/seg_l3_128_convolution_layer_1/convolution/merged_input:0=Const, [1, 1, 256, 128], 1
Outpus:
	point_net_1/seg_l3_128_convolution_layer_1/batch_normalization_40_1/batchnorm/mul_1:0=[-1, 8192, 1, 128], 1
2026-01-30 19:51:12,447 - tf2onnx.graph - DEBUG - Making node: Name=point_net_1/seg_l3_128_convolution_layer_1/batch_normalization_40_1/batchnorm/mul_1__272, OP=Transpose
2026-01-30 19:51:12,447 - tf2onnx.graph - DEBUG - Infer shape and dtype for [point_net_1/seg_l3_128_convolution_layer_1/batch_normalization_40_1/batchnorm/mul_1__272]
2026-01-30 19:51:12,447 - tf2onnx.graph - DEBUG - Set dtype of [point_net_1/seg_l3_128_convolution_layer_1/batch_normalization_40_1/batchnorm/mul_1__272:0] to 1
2026-01-30 19:51:12,447 - tf2onnx.graph - DEBUG - Set shape of [point_net_1/seg_l3_128_convolution_layer_1/batch_normalization_40_1/batchnorm/mul_1__272:0] to [256, 1, 8192, -1]
2026-01-30 19:51:12,448 - tf2onnx.graph - DEBUG - Made node: point_net_1/seg_l3_128_convolution_layer_1/batch_normalization_40_1/batchnorm/mul_1__272
OP=Transpose
Name=point_net_1/seg_l3_128_convolution_layer_1/batch_normalization_40_1/batchnorm/mul_1__272
Inputs:
	point_net_1/seg_l2_256_convolution_layer_1/Relu:0=Relu, [-1, 8192, 1, 256], 1
Outpus:
	point_net_1/seg_l3_128_convolution_layer_1/batch_normalization_40_1/batchnorm/mul_1__272:0=[256, 1, 8192, -1], 1
2026-01-30 19:51:12,449 - tf2onnx.graph - DEBUG - Making node: Name=point_net_1/seg_l3_128_convolution_layer_1/batch_normalization_40_1/batchnorm/mul_1__274, OP=Transpose
2026-01-30 19:51:12,449 - tf2onnx.graph - DEBUG - Infer shape and dtype for [point_net_1/seg_l3_128_convolution_layer_1/batch_normalization_40_1/batchnorm/mul_1__274]
2026-01-30 19:51:12,449 - tf2onnx.graph - DEBUG - Set dtype of [point_net_1/seg_l3_128_convolution_layer_1/batch_normalization_40_1/batchnorm/mul_1__274:0] to 1
2026-01-30 19:51:12,449 - tf2onnx.graph - DEBUG - Set shape of [point_net_1/seg_l3_128_convolution_layer_1/batch_normalization_40_1/batchnorm/mul_1__274:0] to [128, 1, 8192, -1]
2026-01-30 19:51:12,450 - tf2onnx.graph - DEBUG - Made node: point_net_1/seg_l3_128_convolution_layer_1/batch_normalization_40_1/batchnorm/mul_1__274
OP=Transpose
Name=point_net_1/seg_l3_128_convolution_layer_1/batch_normalization_40_1/batchnorm/mul_1__274
Inputs:
	point_net_1/seg_l3_128_convolution_layer_1/batch_normalization_40_1/batchnorm/mul_1:0=Conv, [-1, 8192, 1, 128], 1
Outpus:
	point_net_1/seg_l3_128_convolution_layer_1/batch_normalization_40_1/batchnorm/mul_1__274:0=[128, 1, 8192, -1], 1
2026-01-30 19:51:12,450 - tf2onnx.tfonnx - DEBUG - Process node: point_net_1/seg_l3_128_convolution_layer_1/batch_normalization_40_1/batchnorm/add_1
OP=AddV2
Name=point_net_1/seg_l3_128_convolution_layer_1/batch_normalization_40_1/batchnorm/add_1
Inputs:
	point_net_1/seg_l3_128_convolution_layer_1/batch_normalization_40_1/batchnorm/mul_1__274:0=Transpose, [-1, 8192, 1, 128], 1
	point_net_1/seg_l3_128_convolution_layer_1/batch_normalization_40_1/batchnorm/sub:0=Const, [128], 1
Outpus:
	point_net_1/seg_l3_128_convolution_layer_1/batch_normalization_40_1/batchnorm/add_1:0=[-1, 8192, 1, 128], 1
2026-01-30 19:51:12,450 - tf2onnx.tfonnx - DEBUG - Process node: point_net_1/seg_l3_128_convolution_layer_1/Relu
OP=Relu
Name=point_net_1/seg_l3_128_convolution_layer_1/Relu
Inputs:
	point_net_1/seg_l3_128_convolution_layer_1/batch_normalization_40_1/batchnorm/add_1:0=Add, [-1, 8192, 1, 128], 1
Outpus:
	point_net_1/seg_l3_128_convolution_layer_1/Relu:0=[-1, 8192, 1, 128], 1
2026-01-30 19:51:12,450 - tf2onnx.tfonnx - DEBUG - Process node: point_net_1/seg_l4_128_convolution_layer_1/batch_normalization_41_1/batchnorm/mul_1
OP=Conv2D
Name=point_net_1/seg_l4_128_convolution_layer_1/batch_normalization_41_1/batchnorm/mul_1
Inputs:
	point_net_1/seg_l3_128_convolution_layer_1/Relu:0=Relu, [-1, 8192, 1, 128], 1
	point_net_1/seg_l4_128_convolution_layer_1/seg_l4_128_convolution_layer_1/convolution/merged_input:0=Const, [1, 1, 128, 128], 1
Outpus:
	point_net_1/seg_l4_128_convolution_layer_1/batch_normalization_41_1/batchnorm/mul_1:0=[-1, 8192, 1, 128], 1
2026-01-30 19:51:12,451 - tf2onnx.graph - DEBUG - Making node: Name=point_net_1/seg_l4_128_convolution_layer_1/batch_normalization_41_1/batchnorm/mul_1__276, OP=Transpose
2026-01-30 19:51:12,451 - tf2onnx.graph - DEBUG - Infer shape and dtype for [point_net_1/seg_l4_128_convolution_layer_1/batch_normalization_41_1/batchnorm/mul_1__276]
2026-01-30 19:51:12,452 - tf2onnx.graph - DEBUG - Set dtype of [point_net_1/seg_l4_128_convolution_layer_1/batch_normalization_41_1/batchnorm/mul_1__276:0] to 1
2026-01-30 19:51:12,452 - tf2onnx.graph - DEBUG - Set shape of [point_net_1/seg_l4_128_convolution_layer_1/batch_normalization_41_1/batchnorm/mul_1__276:0] to [128, 1, 8192, -1]
2026-01-30 19:51:12,452 - tf2onnx.graph - DEBUG - Made node: point_net_1/seg_l4_128_convolution_layer_1/batch_normalization_41_1/batchnorm/mul_1__276
OP=Transpose
Name=point_net_1/seg_l4_128_convolution_layer_1/batch_normalization_41_1/batchnorm/mul_1__276
Inputs:
	point_net_1/seg_l3_128_convolution_layer_1/Relu:0=Relu, [-1, 8192, 1, 128], 1
Outpus:
	point_net_1/seg_l4_128_convolution_layer_1/batch_normalization_41_1/batchnorm/mul_1__276:0=[128, 1, 8192, -1], 1
2026-01-30 19:51:12,453 - tf2onnx.graph - DEBUG - Making node: Name=point_net_1/seg_l4_128_convolution_layer_1/batch_normalization_41_1/batchnorm/mul_1__278, OP=Transpose
2026-01-30 19:51:12,453 - tf2onnx.graph - DEBUG - Infer shape and dtype for [point_net_1/seg_l4_128_convolution_layer_1/batch_normalization_41_1/batchnorm/mul_1__278]
2026-01-30 19:51:12,453 - tf2onnx.graph - DEBUG - Set dtype of [point_net_1/seg_l4_128_convolution_layer_1/batch_normalization_41_1/batchnorm/mul_1__278:0] to 1
2026-01-30 19:51:12,454 - tf2onnx.graph - DEBUG - Set shape of [point_net_1/seg_l4_128_convolution_layer_1/batch_normalization_41_1/batchnorm/mul_1__278:0] to [128, 1, 8192, -1]
2026-01-30 19:51:12,454 - tf2onnx.graph - DEBUG - Made node: point_net_1/seg_l4_128_convolution_layer_1/batch_normalization_41_1/batchnorm/mul_1__278
OP=Transpose
Name=point_net_1/seg_l4_128_convolution_layer_1/batch_normalization_41_1/batchnorm/mul_1__278
Inputs:
	point_net_1/seg_l4_128_convolution_layer_1/batch_normalization_41_1/batchnorm/mul_1:0=Conv, [-1, 8192, 1, 128], 1
Outpus:
	point_net_1/seg_l4_128_convolution_layer_1/batch_normalization_41_1/batchnorm/mul_1__278:0=[128, 1, 8192, -1], 1
2026-01-30 19:51:12,454 - tf2onnx.tfonnx - DEBUG - Process node: point_net_1/seg_l4_128_convolution_layer_1/batch_normalization_41_1/batchnorm/add_1
OP=AddV2
Name=point_net_1/seg_l4_128_convolution_layer_1/batch_normalization_41_1/batchnorm/add_1
Inputs:
	point_net_1/seg_l4_128_convolution_layer_1/batch_normalization_41_1/batchnorm/mul_1__278:0=Transpose, [-1, 8192, 1, 128], 1
	point_net_1/seg_l4_128_convolution_layer_1/batch_normalization_41_1/batchnorm/sub:0=Const, [128], 1
Outpus:
	point_net_1/seg_l4_128_convolution_layer_1/batch_normalization_41_1/batchnorm/add_1:0=[-1, 8192, 1, 128], 1
2026-01-30 19:51:12,455 - tf2onnx.tfonnx - DEBUG - Process node: point_net_1/seg_l4_128_convolution_layer_1/Relu
OP=Relu
Name=point_net_1/seg_l4_128_convolution_layer_1/Relu
Inputs:
	point_net_1/seg_l4_128_convolution_layer_1/batch_normalization_41_1/batchnorm/add_1:0=Add, [-1, 8192, 1, 128], 1
Outpus:
	point_net_1/seg_l4_128_convolution_layer_1/Relu:0=[-1, 8192, 1, 128], 1
2026-01-30 19:51:12,455 - tf2onnx.tfonnx - DEBUG - Process node: point_net_1/seg_l5_output_convolution_layer_1/seg_l5_output_convolution_layer_1/BiasAdd
OP=Conv2D
Name=point_net_1/seg_l5_output_convolution_layer_1/seg_l5_output_convolution_layer_1/BiasAdd
Inputs:
	point_net_1/seg_l4_128_convolution_layer_1/Relu:0=Relu, [-1, 8192, 1, 128], 1
	point_net_1/seg_l5_output_convolution_layer_1/seg_l5_output_convolution_layer_1/convolution/ReadVariableOp:0=Const, [1, 1, 128, 12], 1
	point_net_1/seg_l5_output_convolution_layer_1/seg_l5_output_convolution_layer_1/Squeeze:0=Const, [12], 1
Outpus:
	point_net_1/seg_l5_output_convolution_layer_1/seg_l5_output_convolution_layer_1/BiasAdd:0=[-1, 8192, 1, 12], 1
2026-01-30 19:51:12,455 - tf2onnx.graph - DEBUG - Making node: Name=point_net_1/seg_l5_output_convolution_layer_1/seg_l5_output_convolution_layer_1/BiasAdd__280, OP=Transpose
2026-01-30 19:51:12,455 - tf2onnx.graph - DEBUG - Infer shape and dtype for [point_net_1/seg_l5_output_convolution_layer_1/seg_l5_output_convolution_layer_1/BiasAdd__280]
2026-01-30 19:51:12,456 - tf2onnx.graph - DEBUG - Set dtype of [point_net_1/seg_l5_output_convolution_layer_1/seg_l5_output_convolution_layer_1/BiasAdd__280:0] to 1
2026-01-30 19:51:12,456 - tf2onnx.graph - DEBUG - Set shape of [point_net_1/seg_l5_output_convolution_layer_1/seg_l5_output_convolution_layer_1/BiasAdd__280:0] to [128, 1, 8192, -1]
2026-01-30 19:51:12,456 - tf2onnx.graph - DEBUG - Made node: point_net_1/seg_l5_output_convolution_layer_1/seg_l5_output_convolution_layer_1/BiasAdd__280
OP=Transpose
Name=point_net_1/seg_l5_output_convolution_layer_1/seg_l5_output_convolution_layer_1/BiasAdd__280
Inputs:
	point_net_1/seg_l4_128_convolution_layer_1/Relu:0=Relu, [-1, 8192, 1, 128], 1
Outpus:
	point_net_1/seg_l5_output_convolution_layer_1/seg_l5_output_convolution_layer_1/BiasAdd__280:0=[128, 1, 8192, -1], 1
2026-01-30 19:51:12,456 - tf2onnx.graph - DEBUG - Making node: Name=point_net_1/seg_l5_output_convolution_layer_1/seg_l5_output_convolution_layer_1/BiasAdd__282, OP=Transpose
2026-01-30 19:51:12,457 - tf2onnx.graph - DEBUG - Infer shape and dtype for [point_net_1/seg_l5_output_convolution_layer_1/seg_l5_output_convolution_layer_1/BiasAdd__282]
2026-01-30 19:51:12,457 - tf2onnx.graph - DEBUG - Set dtype of [point_net_1/seg_l5_output_convolution_layer_1/seg_l5_output_convolution_layer_1/BiasAdd__282:0] to 1
2026-01-30 19:51:12,457 - tf2onnx.graph - DEBUG - Set shape of [point_net_1/seg_l5_output_convolution_layer_1/seg_l5_output_convolution_layer_1/BiasAdd__282:0] to [12, 1, 8192, -1]
2026-01-30 19:51:12,457 - tf2onnx.graph - DEBUG - Made node: point_net_1/seg_l5_output_convolution_layer_1/seg_l5_output_convolution_layer_1/BiasAdd__282
OP=Transpose
Name=point_net_1/seg_l5_output_convolution_layer_1/seg_l5_output_convolution_layer_1/BiasAdd__282
Inputs:
	point_net_1/seg_l5_output_convolution_layer_1/seg_l5_output_convolution_layer_1/BiasAdd:0=Conv, [-1, 8192, 1, 12], 1
Outpus:
	point_net_1/seg_l5_output_convolution_layer_1/seg_l5_output_convolution_layer_1/BiasAdd__282:0=[12, 1, 8192, -1], 1
2026-01-30 19:51:12,458 - tf2onnx.tfonnx - DEBUG - Process node: point_net_1/seg_l5_output_convolution_layer_1/Softmax
OP=Softmax
Name=point_net_1/seg_l5_output_convolution_layer_1/Softmax
Inputs:
	point_net_1/seg_l5_output_convolution_layer_1/seg_l5_output_convolution_layer_1/BiasAdd__282:0=Transpose, [-1, 8192, 1, 12], 1
Outpus:
	point_net_1/seg_l5_output_convolution_layer_1/Softmax:0=[-1, 8192, 1, 12], 1
2026-01-30 19:51:12,458 - tf2onnx.tfonnx - DEBUG - Process node: point_net_1/Squeeze_2
OP=Squeeze
Name=point_net_1/Squeeze_2
Inputs:
	point_net_1/seg_l5_output_convolution_layer_1/Softmax:0=Softmax, [-1, 8192, 1, 12], 1
Outpus:
	point_net_1/Squeeze_2:0=[-1, 8192, 12], 1
2026-01-30 19:51:12,458 - tf2onnx.graph - DEBUG - Making node: Name=axes_const__284, OP=Const
2026-01-30 19:51:12,458 - tf2onnx.graph - DEBUG - Made node: axes_const__284
OP=Const
Name=axes_const__284
Outpus:
	axes_const__284=None, 7
2026-01-30 19:51:12,459 - tf2onnx.tfonnx - DEBUG - Process node: Identity_2
OP=Identity
Name=Identity_2
Inputs:
	point_net_1/Squeeze_2:0=Squeeze, [-1, 8192, 12], 1
Outpus:
	Identity_2_raw_output___177:0=[-1, 8192, 12], 1
2026-01-30 19:51:12,459 - tf2onnx.tfonnx - DEBUG - Process node: Identity_2_graph_outputs_Identity__178
OP=Identity
Name=Identity_2_graph_outputs_Identity__178
Inputs:
	Identity_2_raw_output___177:0=Identity, [-1, 8192, 12], 1
Outpus:
	segmentation_output=[-1, 8192, 12], 1
2026-01-30 19:51:12,459 - tf2onnx.tfonnx - DEBUG - explicitly skip node Identity_2_graph_outputs_Identity__178
2026-01-30 19:51:12,459 - tf2onnx.tfonnx - DEBUG - Process node: Identity_1
OP=Identity
Name=Identity_1
Inputs:
	point_net_1/input_transform_1/add:0=Add, [-1, 3, 3], 1
Outpus:
	Identity_1_raw_output___179:0=[-1, 3, 3], 1
2026-01-30 19:51:12,459 - tf2onnx.tfonnx - DEBUG - Process node: Identity_1_graph_outputs_Identity__180
OP=Identity
Name=Identity_1_graph_outputs_Identity__180
Inputs:
	Identity_1_raw_output___179:0=Identity, [-1, 3, 3], 1
Outpus:
	se3=[-1, 3, 3], 1
2026-01-30 19:51:12,460 - tf2onnx.tfonnx - DEBUG - explicitly skip node Identity_1_graph_outputs_Identity__180
2026-01-30 19:51:12,460 - tf2onnx.tfonnx - DEBUG - Process node: Identity
OP=Identity
Name=Identity
Inputs:
	point_net_1/output_dense_layer_1/Softmax:0=Softmax, [-1, 23], 1
Outpus:
	Identity_raw_output___175:0=[-1, 23], 1
2026-01-30 19:51:12,460 - tf2onnx.tfonnx - DEBUG - Process node: Identity_graph_outputs_Identity__176
OP=Identity
Name=Identity_graph_outputs_Identity__176
Inputs:
	Identity_raw_output___175:0=Identity, [-1, 23], 1
Outpus:
	classification_output=[-1, 23], 1
2026-01-30 19:51:12,460 - tf2onnx.tfonnx - DEBUG - explicitly skip node Identity_graph_outputs_Identity__176
2026-01-30 19:51:12,467 - tf2onnx.tfonnx - VERBOSE - Summay Stats:
	tensorflow ops: Counter({'Const': 76, 'AddV2': 23, 'Relu': 21, 'Conv2D': 16, 'ExpandDims': 9, 'Squeeze': 7, 'MatMul': 7, 'Mul': 6, 'Identity': 6, 'Max': 4, 'BatchMatMulV2': 4, 'Reshape': 2, 'BiasAdd': 2, 'Softmax': 2, 'Placeholder': 1, 'Mean': 1, 'Sub': 1, 'Square': 1, 'Sum': 1, 'Sqrt': 1, 'Maximum': 1, 'RealDiv': 1, 'Tile': 1, 'ConcatV2': 1})
	tensorflow attr: Counter({'dtype': 77, 'value': 76, 'data_format': 18, 'dilations': 16, 'padding': 16, 'strides': 16, 'explicit_paddings': 16, 'Tidx': 7, 'squeeze_dims': 7, 'grad_a': 7, 'grad_b': 7, 'transpose_a': 7, 'transpose_b': 7, 'keep_dims': 6, 'adj_x': 4, 'adj_y': 4, 'grad_x': 4, 'grad_y': 4, 'shape': 1, 'N': 1})
	onnx mapped: Counter({'Const': 76, 'AddV2': 23, 'Relu': 21, 'Conv2D': 16, 'ExpandDims': 9, 'Squeeze': 7, 'MatMul': 7, 'Mul': 6, 'Max': 4, 'BatchMatMulV2': 4, 'Identity': 3, 'Reshape': 2, 'Softmax': 2, 'Placeholder': 1, 'Mean': 1, 'Sub': 1, 'Square': 1, 'Sum': 1, 'Sqrt': 1, 'Maximum': 1, 'RealDiv': 1, 'BiasAdd': 1, 'Tile': 1, 'ConcatV2': 1})
	onnx unmapped: Counter()
2026-01-30 19:51:12,467 - tf2onnx.optimizer - INFO - Optimizing ONNX model
2026-01-30 19:51:12,468 - tf2onnx.optimizer - VERBOSE - Apply optimize_transpose
2026-01-30 19:51:12,476 - tf2onnx.graph - DEBUG - Making node: Name=Conv__285, OP=Conv
2026-01-30 19:51:12,477 - tf2onnx.graph - DEBUG - Infer shape and dtype for [Conv__285]
2026-01-30 19:51:12,477 - tf2onnx.graph - DEBUG - Set dtype of [Conv__285:0] to 1
2026-01-30 19:51:12,478 - tf2onnx.graph - DEBUG - Set shape of [Conv__285:0] to [-1, 64, 8192, 1]
2026-01-30 19:51:12,478 - tf2onnx.graph - DEBUG - Made node: Conv__285
OP=Conv
Name=Conv__285
Inputs:
	point_net_1/input_transform_1/input_transform_convolution_layer_1_convolution_layer_1/batch_normalization_21_1/batchnorm/mul_1__190:0=Transpose, [-1, 3, 8192, 1], 1
	point_net_1/input_transform_1/input_transform_convolution_layer_1_convolution_layer_1/input_transform_convolution_layer_1_convolution_layer_1/convolution/merged_input:0=Const, [64, 3, 1, 1], 1
	point_net_1/input_transform_1/input_transform_convolution_layer_1_convolution_layer_1/batch_normalization_21_1/batchnorm/sub:0=Const, [64], 1
Outpus:
	Conv__285:0=[-1, 64, 8192, 1], 1
2026-01-30 19:51:12,479 - tf2onnx.graph - DEBUG - Making node: Name=Conv__287, OP=Conv
2026-01-30 19:51:12,479 - tf2onnx.graph - DEBUG - Infer shape and dtype for [Conv__287]
2026-01-30 19:51:12,480 - tf2onnx.graph - DEBUG - Set dtype of [Conv__287:0] to 1
2026-01-30 19:51:12,480 - tf2onnx.graph - DEBUG - Set shape of [Conv__287:0] to [-1, 128, 8192, 1]
2026-01-30 19:51:12,481 - tf2onnx.graph - DEBUG - Made node: Conv__287
OP=Conv
Name=Conv__287
Inputs:
	point_net_1/input_transform_1/input_transform_convolution_layer_2_convolution_layer_1/batch_normalization_22_1/batchnorm/mul_1__194:0=Transpose, [-1, 64, 8192, 1], 1
	point_net_1/input_transform_1/input_transform_convolution_layer_2_convolution_layer_1/input_transform_convolution_layer_2_convolution_layer_1/convolution/merged_input:0=Const, [128, 64, 1, 1], 1
	point_net_1/input_transform_1/input_transform_convolution_layer_2_convolution_layer_1/batch_normalization_22_1/batchnorm/sub:0=Const, [128], 1
Outpus:
	Conv__287:0=[-1, 128, 8192, 1], 1
2026-01-30 19:51:12,481 - tf2onnx.graph - DEBUG - Making node: Name=Conv__289, OP=Conv
2026-01-30 19:51:12,482 - tf2onnx.graph - DEBUG - Infer shape and dtype for [Conv__289]
2026-01-30 19:51:12,483 - tf2onnx.graph - DEBUG - Set dtype of [Conv__289:0] to 1
2026-01-30 19:51:12,483 - tf2onnx.graph - DEBUG - Set shape of [Conv__289:0] to [-1, 1024, 8192, 1]
2026-01-30 19:51:12,484 - tf2onnx.graph - DEBUG - Made node: Conv__289
OP=Conv
Name=Conv__289
Inputs:
	point_net_1/input_transform_1/input_transform_convolution_layer_3_convolution_layer_1/batch_normalization_23_1/batchnorm/mul_1__198:0=Transpose, [-1, 128, 8192, 1], 1
	point_net_1/input_transform_1/input_transform_convolution_layer_3_convolution_layer_1/input_transform_convolution_layer_3_convolution_layer_1/convolution/merged_input:0=Const, [1024, 128, 1, 1], 1
	point_net_1/input_transform_1/input_transform_convolution_layer_3_convolution_layer_1/batch_normalization_23_1/batchnorm/sub:0=Const, [1024], 1
Outpus:
	Conv__289:0=[-1, 1024, 8192, 1], 1
2026-01-30 19:51:12,484 - tf2onnx.graph - DEBUG - Making node: Name=axes_const__202__291, OP=Const
2026-01-30 19:51:12,485 - tf2onnx.graph - DEBUG - Made node: axes_const__202__291
OP=Const
Name=axes_const__202__291
Outpus:
	axes_const__202__291=None, 7
2026-01-30 19:51:12,486 - tf2onnx.graph - DEBUG - Making node: Name=Conv__292, OP=Conv
2026-01-30 19:51:12,487 - tf2onnx.graph - DEBUG - Infer shape and dtype for [Conv__292]
2026-01-30 19:51:12,487 - tf2onnx.graph - DEBUG - Set dtype of [Conv__292:0] to 1
2026-01-30 19:51:12,488 - tf2onnx.graph - DEBUG - Set shape of [Conv__292:0] to [-1, 64, 8192, 1]
2026-01-30 19:51:12,488 - tf2onnx.graph - DEBUG - Made node: Conv__292
OP=Conv
Name=Conv__292
Inputs:
	point_net_1/s1_l1_64_convolution_layer_1/batch_normalization_26_1/batchnorm/mul_1__211:0=Transpose, [-1, 3, 8192, 1], 1
	point_net_1/s1_l1_64_convolution_layer_1/s1_l1_64_convolution_layer_1/convolution/merged_input:0=Const, [64, 3, 1, 1], 1
	point_net_1/s1_l1_64_convolution_layer_1/batch_normalization_26_1/batchnorm/sub:0=Const, [64], 1
Outpus:
	Conv__292:0=[-1, 64, 8192, 1], 1
2026-01-30 19:51:12,489 - tf2onnx.graph - DEBUG - Making node: Name=Conv__294, OP=Conv
2026-01-30 19:51:12,490 - tf2onnx.graph - DEBUG - Infer shape and dtype for [Conv__294]
2026-01-30 19:51:12,490 - tf2onnx.graph - DEBUG - Set dtype of [Conv__294:0] to 1
2026-01-30 19:51:12,491 - tf2onnx.graph - DEBUG - Set shape of [Conv__294:0] to [-1, 64, 8192, 1]
2026-01-30 19:51:12,491 - tf2onnx.graph - DEBUG - Made node: Conv__294
OP=Conv
Name=Conv__294
Inputs:
	point_net_1/s1_l2_64_convolution_layer_1/batch_normalization_27_1/batchnorm/mul_1__215:0=Transpose, [-1, 64, 8192, 1], 1
	point_net_1/s1_l2_64_convolution_layer_1/s1_l2_64_convolution_layer_1/convolution/merged_input:0=Const, [64, 64, 1, 1], 1
	point_net_1/s1_l2_64_convolution_layer_1/batch_normalization_27_1/batchnorm/sub:0=Const, [64], 1
Outpus:
	Conv__294:0=[-1, 64, 8192, 1], 1
2026-01-30 19:51:12,492 - tf2onnx.graph - DEBUG - Making node: Name=axes_const__219__296, OP=Const
2026-01-30 19:51:12,492 - tf2onnx.graph - DEBUG - Made node: axes_const__219__296
OP=Const
Name=axes_const__219__296
Outpus:
	axes_const__219__296=None, 7
2026-01-30 19:51:12,493 - tf2onnx.graph - DEBUG - Making node: Name=Conv__297, OP=Conv
2026-01-30 19:51:12,493 - tf2onnx.graph - DEBUG - Infer shape and dtype for [Conv__297]
2026-01-30 19:51:12,494 - tf2onnx.graph - DEBUG - Set dtype of [Conv__297:0] to 1
2026-01-30 19:51:12,494 - tf2onnx.graph - DEBUG - Set shape of [Conv__297:0] to [-1, 64, 8192, 1]
2026-01-30 19:51:12,494 - tf2onnx.graph - DEBUG - Made node: Conv__297
OP=Conv
Name=Conv__297
Inputs:
	point_net_1/feature_transform_1/feature_transform_convolution_layer_1_convolution_layer_1/batch_normalization_28_1/batchnorm/mul_1__223:0=Transpose, [-1, 64, 8192, 1], 1
	point_net_1/feature_transform_1/feature_transform_convolution_layer_1_convolution_layer_1/feature_transform_convolution_layer_1_convolution_layer_1/convolution/merged_input:0=Const, [64, 64, 1, 1], 1
	point_net_1/feature_transform_1/feature_transform_convolution_layer_1_convolution_layer_1/batch_normalization_28_1/batchnorm/sub:0=Const, [64], 1
Outpus:
	Conv__297:0=[-1, 64, 8192, 1], 1
2026-01-30 19:51:12,495 - tf2onnx.graph - DEBUG - Making node: Name=Conv__299, OP=Conv
2026-01-30 19:51:12,496 - tf2onnx.graph - DEBUG - Infer shape and dtype for [Conv__299]
2026-01-30 19:51:12,496 - tf2onnx.graph - DEBUG - Set dtype of [Conv__299:0] to 1
2026-01-30 19:51:12,497 - tf2onnx.graph - DEBUG - Set shape of [Conv__299:0] to [-1, 128, 8192, 1]
2026-01-30 19:51:12,497 - tf2onnx.graph - DEBUG - Made node: Conv__299
OP=Conv
Name=Conv__299
Inputs:
	point_net_1/feature_transform_1/feature_transform_convolution_layer_2_convolution_layer_1/batch_normalization_29_1/batchnorm/mul_1__227:0=Transpose, [-1, 64, 8192, 1], 1
	point_net_1/feature_transform_1/feature_transform_convolution_layer_2_convolution_layer_1/feature_transform_convolution_layer_2_convolution_layer_1/convolution/merged_input:0=Const, [128, 64, 1, 1], 1
	point_net_1/feature_transform_1/feature_transform_convolution_layer_2_convolution_layer_1/batch_normalization_29_1/batchnorm/sub:0=Const, [128], 1
Outpus:
	Conv__299:0=[-1, 128, 8192, 1], 1
2026-01-30 19:51:12,498 - tf2onnx.graph - DEBUG - Making node: Name=Conv__301, OP=Conv
2026-01-30 19:51:12,498 - tf2onnx.graph - DEBUG - Infer shape and dtype for [Conv__301]
2026-01-30 19:51:12,499 - tf2onnx.graph - DEBUG - Set dtype of [Conv__301:0] to 1
2026-01-30 19:51:12,499 - tf2onnx.graph - DEBUG - Set shape of [Conv__301:0] to [-1, 1024, 8192, 1]
2026-01-30 19:51:12,500 - tf2onnx.graph - DEBUG - Made node: Conv__301
OP=Conv
Name=Conv__301
Inputs:
	point_net_1/feature_transform_1/feature_transform_convolution_layer_3_convolution_layer_1/batch_normalization_30_1/batchnorm/mul_1__231:0=Transpose, [-1, 128, 8192, 1], 1
	point_net_1/feature_transform_1/feature_transform_convolution_layer_3_convolution_layer_1/feature_transform_convolution_layer_3_convolution_layer_1/convolution/merged_input:0=Const, [1024, 128, 1, 1], 1
	point_net_1/feature_transform_1/feature_transform_convolution_layer_3_convolution_layer_1/batch_normalization_30_1/batchnorm/sub:0=Const, [1024], 1
Outpus:
	Conv__301:0=[-1, 1024, 8192, 1], 1
2026-01-30 19:51:12,500 - tf2onnx.graph - DEBUG - Making node: Name=axes_const__235__303, OP=Const
2026-01-30 19:51:12,501 - tf2onnx.graph - DEBUG - Made node: axes_const__235__303
OP=Const
Name=axes_const__235__303
Outpus:
	axes_const__235__303=None, 7
2026-01-30 19:51:12,503 - tf2onnx.graph - DEBUG - Making node: Name=Conv__304, OP=Conv
2026-01-30 19:51:12,503 - tf2onnx.graph - DEBUG - Infer shape and dtype for [Conv__304]
2026-01-30 19:51:12,504 - tf2onnx.graph - DEBUG - Set dtype of [Conv__304:0] to 1
2026-01-30 19:51:12,504 - tf2onnx.graph - DEBUG - Set shape of [Conv__304:0] to [-1, 64, 8192, 1]
2026-01-30 19:51:12,504 - tf2onnx.graph - DEBUG - Made node: Conv__304
OP=Conv
Name=Conv__304
Inputs:
	point_net_1/s2_l1_64_convolution_layer_1/batch_normalization_33_1/batchnorm/mul_1__244:0=Transpose, [-1, 64, 8192, 1], 1
	point_net_1/s2_l1_64_convolution_layer_1/s2_l1_64_convolution_layer_1/convolution/merged_input:0=Const, [64, 64, 1, 1], 1
	point_net_1/s2_l1_64_convolution_layer_1/batch_normalization_33_1/batchnorm/sub:0=Const, [64], 1
Outpus:
	Conv__304:0=[-1, 64, 8192, 1], 1
2026-01-30 19:51:12,505 - tf2onnx.graph - DEBUG - Making node: Name=Conv__306, OP=Conv
2026-01-30 19:51:12,506 - tf2onnx.graph - DEBUG - Infer shape and dtype for [Conv__306]
2026-01-30 19:51:12,506 - tf2onnx.graph - DEBUG - Set dtype of [Conv__306:0] to 1
2026-01-30 19:51:12,507 - tf2onnx.graph - DEBUG - Set shape of [Conv__306:0] to [-1, 128, 8192, 1]
2026-01-30 19:51:12,507 - tf2onnx.graph - DEBUG - Made node: Conv__306
OP=Conv
Name=Conv__306
Inputs:
	point_net_1/s2_l2_128_convolution_layer_1/batch_normalization_34_1/batchnorm/mul_1__248:0=Transpose, [-1, 64, 8192, 1], 1
	point_net_1/s2_l2_128_convolution_layer_1/s2_l2_128_convolution_layer_1/convolution/merged_input:0=Const, [128, 64, 1, 1], 1
	point_net_1/s2_l2_128_convolution_layer_1/batch_normalization_34_1/batchnorm/sub:0=Const, [128], 1
Outpus:
	Conv__306:0=[-1, 128, 8192, 1], 1
2026-01-30 19:51:12,508 - tf2onnx.graph - DEBUG - Making node: Name=Conv__308, OP=Conv
2026-01-30 19:51:12,508 - tf2onnx.graph - DEBUG - Infer shape and dtype for [Conv__308]
2026-01-30 19:51:12,509 - tf2onnx.graph - DEBUG - Set dtype of [Conv__308:0] to 1
2026-01-30 19:51:12,509 - tf2onnx.graph - DEBUG - Set shape of [Conv__308:0] to [-1, 1024, 8192, 1]
2026-01-30 19:51:12,510 - tf2onnx.graph - DEBUG - Made node: Conv__308
OP=Conv
Name=Conv__308
Inputs:
	point_net_1/s2_l3_1024_convolution_layer_1/batch_normalization_35_1/batchnorm/mul_1__252:0=Transpose, [-1, 128, 8192, 1], 1
	point_net_1/s2_l3_1024_convolution_layer_1/s2_l3_1024_convolution_layer_1/convolution/merged_input:0=Const, [1024, 128, 1, 1], 1
	point_net_1/s2_l3_1024_convolution_layer_1/batch_normalization_35_1/batchnorm/sub:0=Const, [1024], 1
Outpus:
	Conv__308:0=[-1, 1024, 8192, 1], 1
2026-01-30 19:51:12,511 - tf2onnx.graph - DEBUG - Making node: Name=axes_const__256__310, OP=Const
2026-01-30 19:51:12,512 - tf2onnx.graph - DEBUG - Made node: axes_const__256__310
OP=Const
Name=axes_const__256__310
Outpus:
	axes_const__256__310=None, 7
2026-01-30 19:51:12,513 - tf2onnx.graph - DEBUG - Making node: Name=Conv__311, OP=Conv
2026-01-30 19:51:12,513 - tf2onnx.graph - DEBUG - Infer shape and dtype for [Conv__311]
2026-01-30 19:51:12,515 - tf2onnx.graph - DEBUG - Set dtype of [Conv__311:0] to 1
2026-01-30 19:51:12,516 - tf2onnx.graph - DEBUG - Set shape of [Conv__311:0] to [-1, 512, 8192, 1]
2026-01-30 19:51:12,516 - tf2onnx.graph - DEBUG - Made node: Conv__311
OP=Conv
Name=Conv__311
Inputs:
	point_net_1/seg_l1_512_convolution_layer_1/batch_normalization_38_1/batchnorm/mul_1__264:0=Transpose, [-1, 1088, 8192, 1], 1
	point_net_1/seg_l1_512_convolution_layer_1/seg_l1_512_convolution_layer_1/convolution/merged_input:0=Const, [512, 1088, 1, 1], 1
	point_net_1/seg_l1_512_convolution_layer_1/batch_normalization_38_1/batchnorm/sub:0=Const, [512], 1
Outpus:
	Conv__311:0=[-1, 512, 8192, 1], 1
2026-01-30 19:51:12,517 - tf2onnx.graph - DEBUG - Making node: Name=Conv__313, OP=Conv
2026-01-30 19:51:12,517 - tf2onnx.graph - DEBUG - Infer shape and dtype for [Conv__313]
2026-01-30 19:51:12,518 - tf2onnx.graph - DEBUG - Set dtype of [Conv__313:0] to 1
2026-01-30 19:51:12,519 - tf2onnx.graph - DEBUG - Set shape of [Conv__313:0] to [-1, 256, 8192, 1]
2026-01-30 19:51:12,519 - tf2onnx.graph - DEBUG - Made node: Conv__313
OP=Conv
Name=Conv__313
Inputs:
	point_net_1/seg_l2_256_convolution_layer_1/batch_normalization_39_1/batchnorm/mul_1__268:0=Transpose, [-1, 512, 8192, 1], 1
	point_net_1/seg_l2_256_convolution_layer_1/seg_l2_256_convolution_layer_1/convolution/merged_input:0=Const, [256, 512, 1, 1], 1
	point_net_1/seg_l2_256_convolution_layer_1/batch_normalization_39_1/batchnorm/sub:0=Const, [256], 1
Outpus:
	Conv__313:0=[-1, 256, 8192, 1], 1
2026-01-30 19:51:12,520 - tf2onnx.graph - DEBUG - Making node: Name=Conv__315, OP=Conv
2026-01-30 19:51:12,520 - tf2onnx.graph - DEBUG - Infer shape and dtype for [Conv__315]
2026-01-30 19:51:12,521 - tf2onnx.graph - DEBUG - Set dtype of [Conv__315:0] to 1
2026-01-30 19:51:12,521 - tf2onnx.graph - DEBUG - Set shape of [Conv__315:0] to [-1, 128, 8192, 1]
2026-01-30 19:51:12,522 - tf2onnx.graph - DEBUG - Made node: Conv__315
OP=Conv
Name=Conv__315
Inputs:
	point_net_1/seg_l3_128_convolution_layer_1/batch_normalization_40_1/batchnorm/mul_1__272:0=Transpose, [-1, 256, 8192, 1], 1
	point_net_1/seg_l3_128_convolution_layer_1/seg_l3_128_convolution_layer_1/convolution/merged_input:0=Const, [128, 256, 1, 1], 1
	point_net_1/seg_l3_128_convolution_layer_1/batch_normalization_40_1/batchnorm/sub:0=Const, [128], 1
Outpus:
	Conv__315:0=[-1, 128, 8192, 1], 1
2026-01-30 19:51:12,522 - tf2onnx.graph - DEBUG - Making node: Name=Conv__317, OP=Conv
2026-01-30 19:51:12,523 - tf2onnx.graph - DEBUG - Infer shape and dtype for [Conv__317]
2026-01-30 19:51:12,523 - tf2onnx.graph - DEBUG - Set dtype of [Conv__317:0] to 1
2026-01-30 19:51:12,524 - tf2onnx.graph - DEBUG - Set shape of [Conv__317:0] to [-1, 128, 8192, 1]
2026-01-30 19:51:12,524 - tf2onnx.graph - DEBUG - Made node: Conv__317
OP=Conv
Name=Conv__317
Inputs:
	point_net_1/seg_l4_128_convolution_layer_1/batch_normalization_41_1/batchnorm/mul_1__276:0=Transpose, [-1, 128, 8192, 1], 1
	point_net_1/seg_l4_128_convolution_layer_1/seg_l4_128_convolution_layer_1/convolution/merged_input:0=Const, [128, 128, 1, 1], 1
	point_net_1/seg_l4_128_convolution_layer_1/batch_normalization_41_1/batchnorm/sub:0=Const, [128], 1
Outpus:
	Conv__317:0=[-1, 128, 8192, 1], 1
2026-01-30 19:51:12,525 - tf2onnx.graph - DEBUG - Making node: Name=axes_const__284__319, OP=Const
2026-01-30 19:51:12,526 - tf2onnx.graph - DEBUG - Made node: axes_const__284__319
OP=Const
Name=axes_const__284__319
Outpus:
	axes_const__284__319=None, 7
2026-01-30 19:51:12,527 - tf2onnx.optimizer.TransposeOptimizer - DEBUG - cannot move transpose down since it met output node Identity_2_graph_outputs_Identity__178
2026-01-30 19:51:12,527 - tf2onnx.optimizer.TransposeOptimizer - DEBUG - finish after 43 iteration(s)
2026-01-30 19:51:12,535 - tf2onnx.optimizer.TransposeOptimizer - VERBOSE - Add -15 (24->9), Const -6 (93->87), Identity -1 (6->5), Transpose -3 (32->29)
2026-01-30 19:51:12,535 - tf2onnx.optimizer - VERBOSE - Apply remove_redundant_upsample
2026-01-30 19:51:12,548 - tf2onnx.optimizer.UpsampleOptimizer - VERBOSE - no change
2026-01-30 19:51:12,548 - tf2onnx.optimizer - VERBOSE - Apply fold_constants
2026-01-30 19:51:12,565 - tf2onnx.graph - DEBUG - Making node: Name=const_fold_opt__320, OP=Const
2026-01-30 19:51:12,566 - tf2onnx.graph - DEBUG - Made node: const_fold_opt__320
OP=Const
Name=const_fold_opt__320
Outpus:
	const_fold_opt__320=None, 7
2026-01-30 19:51:12,566 - tf2onnx.graph - DEBUG - Making node: Name=const_fold_opt__321, OP=Const
2026-01-30 19:51:12,567 - tf2onnx.graph - DEBUG - Made node: const_fold_opt__321
OP=Const
Name=const_fold_opt__321
Outpus:
	const_fold_opt__321=None, 7
2026-01-30 19:51:12,567 - tf2onnx.graph - DEBUG - Making node: Name=const_fold_opt__322, OP=Const
2026-01-30 19:51:12,568 - tf2onnx.graph - DEBUG - Made node: const_fold_opt__322
OP=Const
Name=const_fold_opt__322
Outpus:
	const_fold_opt__322=None, 7
2026-01-30 19:51:12,568 - tf2onnx.graph - DEBUG - Making node: Name=const_fold_opt__323, OP=Const
2026-01-30 19:51:12,569 - tf2onnx.graph - DEBUG - Made node: const_fold_opt__323
OP=Const
Name=const_fold_opt__323
Outpus:
	const_fold_opt__323=None, 7
2026-01-30 19:51:12,569 - tf2onnx.graph - DEBUG - Making node: Name=const_fold_opt__324, OP=Const
2026-01-30 19:51:12,570 - tf2onnx.graph - DEBUG - Made node: const_fold_opt__324
OP=Const
Name=const_fold_opt__324
Outpus:
	const_fold_opt__324=None, 7
2026-01-30 19:51:12,570 - tf2onnx.graph - DEBUG - Making node: Name=const_fold_opt__325, OP=Const
2026-01-30 19:51:12,570 - tf2onnx.graph - DEBUG - Made node: const_fold_opt__325
OP=Const
Name=const_fold_opt__325
Outpus:
	const_fold_opt__325=None, 7
2026-01-30 19:51:12,571 - tf2onnx.graph - DEBUG - Making node: Name=const_fold_opt__326, OP=Const
2026-01-30 19:51:12,571 - tf2onnx.graph - DEBUG - Made node: const_fold_opt__326
OP=Const
Name=const_fold_opt__326
Outpus:
	const_fold_opt__326=None, 7
2026-01-30 19:51:12,571 - tf2onnx.graph - DEBUG - Making node: Name=const_fold_opt__327, OP=Const
2026-01-30 19:51:12,572 - tf2onnx.graph - DEBUG - Made node: const_fold_opt__327
OP=Const
Name=const_fold_opt__327
Outpus:
	const_fold_opt__327=None, 7
2026-01-30 19:51:12,572 - tf2onnx.graph - DEBUG - Making node: Name=const_fold_opt__328, OP=Const
2026-01-30 19:51:12,573 - tf2onnx.graph - DEBUG - Made node: const_fold_opt__328
OP=Const
Name=const_fold_opt__328
Outpus:
	const_fold_opt__328=None, 7
2026-01-30 19:51:12,573 - tf2onnx.graph - DEBUG - Making node: Name=const_fold_opt__329, OP=Const
2026-01-30 19:51:12,573 - tf2onnx.graph - DEBUG - Made node: const_fold_opt__329
OP=Const
Name=const_fold_opt__329
Outpus:
	const_fold_opt__329=None, 7
2026-01-30 19:51:12,574 - tf2onnx.graph - DEBUG - Making node: Name=const_fold_opt__330, OP=Const
2026-01-30 19:51:12,574 - tf2onnx.graph - DEBUG - Made node: const_fold_opt__330
OP=Const
Name=const_fold_opt__330
Outpus:
	const_fold_opt__330=None, 7
2026-01-30 19:51:12,574 - tf2onnx.graph - DEBUG - Making node: Name=const_fold_opt__331, OP=Const
2026-01-30 19:51:12,575 - tf2onnx.graph - DEBUG - Made node: const_fold_opt__331
OP=Const
Name=const_fold_opt__331
Outpus:
	const_fold_opt__331=None, 7
2026-01-30 19:51:12,575 - tf2onnx.graph - DEBUG - Making node: Name=const_fold_opt__332, OP=Const
2026-01-30 19:51:12,575 - tf2onnx.graph - DEBUG - Made node: const_fold_opt__332
OP=Const
Name=const_fold_opt__332
Outpus:
	const_fold_opt__332=None, 7
2026-01-30 19:51:12,576 - tf2onnx.graph - DEBUG - Making node: Name=const_fold_opt__333, OP=Const
2026-01-30 19:51:12,576 - tf2onnx.graph - DEBUG - Made node: const_fold_opt__333
OP=Const
Name=const_fold_opt__333
Outpus:
	const_fold_opt__333=None, 7
2026-01-30 19:51:12,576 - tf2onnx.graph - DEBUG - Making node: Name=const_fold_opt__334, OP=Const
2026-01-30 19:51:12,576 - tf2onnx.graph - DEBUG - Made node: const_fold_opt__334
OP=Const
Name=const_fold_opt__334
Outpus:
	const_fold_opt__334=None, 7
2026-01-30 19:51:12,577 - tf2onnx.graph - DEBUG - Making node: Name=const_fold_opt__335, OP=Const
2026-01-30 19:51:12,577 - tf2onnx.graph - DEBUG - Made node: const_fold_opt__335
OP=Const
Name=const_fold_opt__335
Outpus:
	const_fold_opt__335=None, 7
2026-01-30 19:51:12,577 - tf2onnx.graph - DEBUG - Making node: Name=const_fold_opt__336, OP=Const
2026-01-30 19:51:12,578 - tf2onnx.graph - DEBUG - Made node: const_fold_opt__336
OP=Const
Name=const_fold_opt__336
Outpus:
	const_fold_opt__336=None, 7
2026-01-30 19:51:12,578 - tf2onnx.graph - DEBUG - Making node: Name=const_fold_opt__337, OP=Const
2026-01-30 19:51:12,578 - tf2onnx.graph - DEBUG - Made node: const_fold_opt__337
OP=Const
Name=const_fold_opt__337
Outpus:
	const_fold_opt__337=None, 7
2026-01-30 19:51:12,578 - tf2onnx.graph - DEBUG - Making node: Name=const_fold_opt__338, OP=Const
2026-01-30 19:51:12,579 - tf2onnx.graph - DEBUG - Made node: const_fold_opt__338
OP=Const
Name=const_fold_opt__338
Outpus:
	const_fold_opt__338=None, 7
2026-01-30 19:51:12,579 - tf2onnx.graph - DEBUG - Making node: Name=const_fold_opt__339, OP=Const
2026-01-30 19:51:12,579 - tf2onnx.graph - DEBUG - Made node: const_fold_opt__339
OP=Const
Name=const_fold_opt__339
Outpus:
	const_fold_opt__339=None, 7
2026-01-30 19:51:12,579 - tf2onnx.graph - DEBUG - Making node: Name=const_fold_opt__340, OP=Const
2026-01-30 19:51:12,580 - tf2onnx.graph - DEBUG - Made node: const_fold_opt__340
OP=Const
Name=const_fold_opt__340
Outpus:
	const_fold_opt__340=None, 7
2026-01-30 19:51:12,580 - tf2onnx.graph - DEBUG - Making node: Name=const_fold_opt__341, OP=Const
2026-01-30 19:51:12,580 - tf2onnx.graph - DEBUG - Made node: const_fold_opt__341
OP=Const
Name=const_fold_opt__341
Outpus:
	const_fold_opt__341=None, 7
2026-01-30 19:51:12,581 - tf2onnx.graph - DEBUG - Making node: Name=const_fold_opt__342, OP=Const
2026-01-30 19:51:12,581 - tf2onnx.graph - DEBUG - Made node: const_fold_opt__342
OP=Const
Name=const_fold_opt__342
Outpus:
	const_fold_opt__342=None, 7
2026-01-30 19:51:12,588 - tf2onnx.optimizer.ConstFoldOptimizer - VERBOSE - Cast -13 (13->0), Const -10 (87->77), Reshape -10 (12->2)
2026-01-30 19:51:12,588 - tf2onnx.optimizer - VERBOSE - Apply const_dequantize_optimizer
2026-01-30 19:51:12,870 - tf2onnx.optimizer.ConstDequantizeOptimizer - VERBOSE - no change
2026-01-30 19:51:12,870 - tf2onnx.optimizer - VERBOSE - Apply loop_optimizer
2026-01-30 19:51:12,884 - tf2onnx.optimizer.LoopOptimizer - VERBOSE - no change
2026-01-30 19:51:12,886 - tf2onnx.optimizer - VERBOSE - Apply merge_duplication
2026-01-30 19:51:12,915 - tf2onnx.optimizer.MergeDuplicatedNodesOptimizer - VERBOSE - Const -13 (77->64)
2026-01-30 19:51:12,916 - tf2onnx.optimizer - VERBOSE - Apply reshape_optimizer
2026-01-30 19:51:12,930 - tf2onnx.optimizer.ReshapeOptimizer - VERBOSE - no change
2026-01-30 19:51:12,930 - tf2onnx.optimizer - VERBOSE - Apply global_pool_optimizer
2026-01-30 19:51:12,938 - tf2onnx.graph - DEBUG - Making node: Name=const_axes__343, OP=Const
2026-01-30 19:51:12,938 - tf2onnx.graph - DEBUG - Made node: const_axes__343
OP=Const
Name=const_axes__343
Outpus:
	const_axes__343=None, 7
2026-01-30 19:51:12,939 - tf2onnx.graph - DEBUG - Making node: Name=point_net_1/Max_Squeeze__344, OP=Squeeze
2026-01-30 19:51:12,939 - tf2onnx.graph - DEBUG - Made node: point_net_1/Max_Squeeze__344
OP=Squeeze
Name=point_net_1/Max_Squeeze__344
Inputs:
	point_net_1/Max:0=GlobalMaxPool, [-1, 1024, 1], 1
	const_axes__343=Const, [1], 7
Outpus:
	point_net_1/Max_Squeeze__344:0=[-1, 1024], 1
2026-01-30 19:51:12,940 - tf2onnx.graph - DEBUG - Making node: Name=const_axes__345, OP=Const
2026-01-30 19:51:12,940 - tf2onnx.graph - DEBUG - Made node: const_axes__345
OP=Const
Name=const_axes__345
Outpus:
	const_axes__345=None, 7
2026-01-30 19:51:12,941 - tf2onnx.graph - DEBUG - Making node: Name=point_net_1/input_transform_1/Max_Squeeze__346, OP=Squeeze
2026-01-30 19:51:12,941 - tf2onnx.graph - DEBUG - Made node: point_net_1/input_transform_1/Max_Squeeze__346
OP=Squeeze
Name=point_net_1/input_transform_1/Max_Squeeze__346
Inputs:
	point_net_1/input_transform_1/Max:0=GlobalMaxPool, [-1, 1024, 1], 1
	const_axes__345=Const, [1], 7
Outpus:
	point_net_1/input_transform_1/Max_Squeeze__346:0=[-1, 1024], 1
2026-01-30 19:51:12,941 - tf2onnx.graph - DEBUG - Making node: Name=const_axes__347, OP=Const
2026-01-30 19:51:12,942 - tf2onnx.graph - DEBUG - Made node: const_axes__347
OP=Const
Name=const_axes__347
Outpus:
	const_axes__347=None, 7
2026-01-30 19:51:12,942 - tf2onnx.graph - DEBUG - Making node: Name=point_net_1/feature_transform_1/Max_Squeeze__348, OP=Squeeze
2026-01-30 19:51:12,942 - tf2onnx.graph - DEBUG - Made node: point_net_1/feature_transform_1/Max_Squeeze__348
OP=Squeeze
Name=point_net_1/feature_transform_1/Max_Squeeze__348
Inputs:
	point_net_1/feature_transform_1/Max:0=GlobalMaxPool, [-1, 1024, 1], 1
	const_axes__347=Const, [1], 7
Outpus:
	point_net_1/feature_transform_1/Max_Squeeze__348:0=[-1, 1024], 1
2026-01-30 19:51:12,953 - tf2onnx.optimizer.GlobalPoolOptimizer - VERBOSE - Const +3 (64->67), GlobalMaxPool +3 (0->3), ReduceMax -3 (4->1), Squeeze +3 (7->10)
2026-01-30 19:51:12,953 - tf2onnx.optimizer - VERBOSE - Apply q_dq_optimizer
2026-01-30 19:51:12,979 - tf2onnx.optimizer.QDQOptimizer - VERBOSE - no change
2026-01-30 19:51:12,980 - tf2onnx.optimizer - VERBOSE - Apply remove_identity
2026-01-30 19:51:13,002 - tf2onnx.optimizer.IdentityOptimizer - VERBOSE - Identity -5 (5->0)
2026-01-30 19:51:13,003 - tf2onnx.optimizer - VERBOSE - Apply remove_back_to_back
2026-01-30 19:51:13,022 - tf2onnx.optimizer.BackToBackOptimizer - VERBOSE - Transpose -22 (29->7)
2026-01-30 19:51:13,022 - tf2onnx.optimizer - VERBOSE - Apply einsum_optimizer
2026-01-30 19:51:13,049 - tf2onnx.optimizer.EinsumOptimizer - VERBOSE - no change
2026-01-30 19:51:13,050 - tf2onnx.optimizer - VERBOSE - Apply optimize_transpose
2026-01-30 19:51:13,064 - tf2onnx.optimizer.TransposeOptimizer - DEBUG - segmentation_output connects to graph outputs, skip
2026-01-30 19:51:13,065 - tf2onnx.optimizer.TransposeOptimizer - DEBUG - finish after 0 iteration(s)
2026-01-30 19:51:13,078 - tf2onnx.optimizer.TransposeOptimizer - VERBOSE - no change
2026-01-30 19:51:13,079 - tf2onnx.optimizer - VERBOSE - Apply remove_redundant_upsample
2026-01-30 19:51:13,099 - tf2onnx.optimizer.UpsampleOptimizer - VERBOSE - no change
2026-01-30 19:51:13,100 - tf2onnx.optimizer - VERBOSE - Apply fold_constants
2026-01-30 19:51:13,111 - tf2onnx.optimizer.ConstFoldOptimizer - VERBOSE - no change
2026-01-30 19:51:13,111 - tf2onnx.optimizer - VERBOSE - Apply const_dequantize_optimizer
2026-01-30 19:51:13,129 - tf2onnx.optimizer.ConstDequantizeOptimizer - VERBOSE - no change
2026-01-30 19:51:13,130 - tf2onnx.optimizer - VERBOSE - Apply loop_optimizer
2026-01-30 19:51:13,156 - tf2onnx.optimizer.LoopOptimizer - VERBOSE - no change
2026-01-30 19:51:13,156 - tf2onnx.optimizer - VERBOSE - Apply merge_duplication
2026-01-30 19:51:13,191 - tf2onnx.optimizer.MergeDuplicatedNodesOptimizer - VERBOSE - Const -3 (67->64)
2026-01-30 19:51:13,192 - tf2onnx.optimizer - VERBOSE - Apply reshape_optimizer
2026-01-30 19:51:13,204 - tf2onnx.optimizer.ReshapeOptimizer - VERBOSE - no change
2026-01-30 19:51:13,204 - tf2onnx.optimizer - VERBOSE - Apply global_pool_optimizer
2026-01-30 19:51:13,222 - tf2onnx.optimizer.GlobalPoolOptimizer - VERBOSE - no change
2026-01-30 19:51:13,222 - tf2onnx.optimizer - VERBOSE - Apply q_dq_optimizer
2026-01-30 19:51:13,246 - tf2onnx.optimizer.QDQOptimizer - VERBOSE - no change
2026-01-30 19:51:13,247 - tf2onnx.optimizer - VERBOSE - Apply remove_identity
2026-01-30 19:51:13,269 - tf2onnx.optimizer.IdentityOptimizer - VERBOSE - no change
2026-01-30 19:51:13,270 - tf2onnx.optimizer - VERBOSE - Apply remove_back_to_back
2026-01-30 19:51:13,282 - tf2onnx.optimizer.BackToBackOptimizer - VERBOSE - no change
2026-01-30 19:51:13,283 - tf2onnx.optimizer - VERBOSE - Apply einsum_optimizer
2026-01-30 19:51:13,301 - tf2onnx.optimizer.EinsumOptimizer - VERBOSE - no change
2026-01-30 19:51:13,301 - tf2onnx.optimizer - VERBOSE - Apply optimize_transpose
2026-01-30 19:51:13,317 - tf2onnx.optimizer.TransposeOptimizer - DEBUG - segmentation_output connects to graph outputs, skip
2026-01-30 19:51:13,317 - tf2onnx.optimizer.TransposeOptimizer - DEBUG - finish after 0 iteration(s)
2026-01-30 19:51:13,330 - tf2onnx.optimizer.TransposeOptimizer - VERBOSE - no change
2026-01-30 19:51:13,330 - tf2onnx.optimizer - VERBOSE - Apply remove_redundant_upsample
2026-01-30 19:51:13,353 - tf2onnx.optimizer.UpsampleOptimizer - VERBOSE - no change
2026-01-30 19:51:13,353 - tf2onnx.optimizer - VERBOSE - Apply fold_constants
2026-01-30 19:51:13,364 - tf2onnx.optimizer.ConstFoldOptimizer - VERBOSE - no change
2026-01-30 19:51:13,364 - tf2onnx.optimizer - VERBOSE - Apply const_dequantize_optimizer
2026-01-30 19:51:13,382 - tf2onnx.optimizer.ConstDequantizeOptimizer - VERBOSE - no change
2026-01-30 19:51:13,383 - tf2onnx.optimizer - VERBOSE - Apply loop_optimizer
2026-01-30 19:51:13,409 - tf2onnx.optimizer.LoopOptimizer - VERBOSE - no change
2026-01-30 19:51:13,409 - tf2onnx.optimizer - VERBOSE - Apply merge_duplication
2026-01-30 19:51:13,436 - tf2onnx.optimizer.MergeDuplicatedNodesOptimizer - VERBOSE - no change
2026-01-30 19:51:13,437 - tf2onnx.optimizer - VERBOSE - Apply reshape_optimizer
2026-01-30 19:51:13,448 - tf2onnx.optimizer.ReshapeOptimizer - VERBOSE - no change
2026-01-30 19:51:13,449 - tf2onnx.optimizer - VERBOSE - Apply global_pool_optimizer
2026-01-30 19:51:13,466 - tf2onnx.optimizer.GlobalPoolOptimizer - VERBOSE - no change
2026-01-30 19:51:13,466 - tf2onnx.optimizer - VERBOSE - Apply q_dq_optimizer
2026-01-30 19:51:13,493 - tf2onnx.optimizer.QDQOptimizer - VERBOSE - no change
2026-01-30 19:51:13,494 - tf2onnx.optimizer - VERBOSE - Apply remove_identity
2026-01-30 19:51:13,516 - tf2onnx.optimizer.IdentityOptimizer - VERBOSE - no change
2026-01-30 19:51:13,517 - tf2onnx.optimizer - VERBOSE - Apply remove_back_to_back
2026-01-30 19:51:13,528 - tf2onnx.optimizer.BackToBackOptimizer - VERBOSE - no change
2026-01-30 19:51:13,529 - tf2onnx.optimizer - VERBOSE - Apply einsum_optimizer
2026-01-30 19:51:13,549 - tf2onnx.optimizer.EinsumOptimizer - VERBOSE - no change
2026-01-30 19:51:13,550 - tf2onnx.optimizer - INFO - After optimization: Add -15 (24->9), Cast -13 (13->0), Const -29 (93->64), GlobalMaxPool +3 (0->3), Identity -6 (6->0), ReduceMax -3 (4->1), Reshape -10 (12->2), Squeeze +3 (7->10), Transpose -25 (32->7)
