2026-02-01 10:22:45,819 - root - INFO - The following datasets were found in data/kc46_lidar_vanilla_lr01_94_2_classification_pretrain:
2026-02-01 10:22:45,820 - root - INFO - 	-> pc_set.joblib	
2026-02-01 10:22:45,820 - root - INFO - Adding data set 1 of 4
2026-02-01 10:22:46,211 - root - INFO - Parsing frames in /mnt/d/pieschl_data_collects/sim_kc46_lidar/collect_2026.Jan.22_23.51.26.8719556.UTC...
2026-02-01 10:23:36,846 - root - INFO - Failed to add file /mnt/d/pieschl_data_collects/sim_kc46_lidar/collect_2026.Jan.22_23.51.26.8719556.UTC/Lidar/frame_5000.txt:
	FileNotFoundError : [Errno 2] No such file or directory: '/mnt/d/pieschl_data_collects/sim_kc46_lidar/collect_2026.Jan.22_23.51.26.8719556.UTC/Lidar/frame_5000.txt'
2026-02-01 10:23:36,858 - root - INFO - Failed to add file /mnt/d/pieschl_data_collects/sim_kc46_lidar/collect_2026.Jan.22_23.51.26.8719556.UTC/Lidar/frame_5001.txt:
	FileNotFoundError : [Errno 2] No such file or directory: '/mnt/d/pieschl_data_collects/sim_kc46_lidar/collect_2026.Jan.22_23.51.26.8719556.UTC/Lidar/frame_5001.txt'
2026-02-01 10:23:46,480 - root - INFO - Adding data set 2 of 4
2026-02-01 10:23:46,756 - root - INFO - Parsing frames in /mnt/d/pieschl_data_collects/sim_kc46_lidar/collect_2026.Jan.22_23.53.34.5658074.UTC...
2026-02-01 10:24:13,525 - root - INFO - Failed to add file /mnt/d/pieschl_data_collects/sim_kc46_lidar/collect_2026.Jan.22_23.53.34.5658074.UTC/Lidar/frame_5000.txt:
	FileNotFoundError : [Errno 2] No such file or directory: '/mnt/d/pieschl_data_collects/sim_kc46_lidar/collect_2026.Jan.22_23.53.34.5658074.UTC/Lidar/frame_5000.txt'
2026-02-01 10:24:13,527 - root - INFO - Failed to add file /mnt/d/pieschl_data_collects/sim_kc46_lidar/collect_2026.Jan.22_23.53.34.5658074.UTC/Lidar/frame_5001.txt:
	FileNotFoundError : [Errno 2] No such file or directory: '/mnt/d/pieschl_data_collects/sim_kc46_lidar/collect_2026.Jan.22_23.53.34.5658074.UTC/Lidar/frame_5001.txt'
2026-02-01 10:24:22,310 - root - INFO - Adding data set 3 of 4
2026-02-01 10:24:22,597 - root - INFO - Parsing frames in /mnt/d/pieschl_data_collects/sim_kc46_lidar/collect_2026.Jan.23_00.00.26.2538193.UTC...
2026-02-01 10:24:45,507 - root - INFO - Failed to add file /mnt/d/pieschl_data_collects/sim_kc46_lidar/collect_2026.Jan.23_00.00.26.2538193.UTC/Lidar/frame_5000.txt:
	FileNotFoundError : [Errno 2] No such file or directory: '/mnt/d/pieschl_data_collects/sim_kc46_lidar/collect_2026.Jan.23_00.00.26.2538193.UTC/Lidar/frame_5000.txt'
2026-02-01 10:24:45,508 - root - INFO - Failed to add file /mnt/d/pieschl_data_collects/sim_kc46_lidar/collect_2026.Jan.23_00.00.26.2538193.UTC/Lidar/frame_5001.txt:
	FileNotFoundError : [Errno 2] No such file or directory: '/mnt/d/pieschl_data_collects/sim_kc46_lidar/collect_2026.Jan.23_00.00.26.2538193.UTC/Lidar/frame_5001.txt'
2026-02-01 10:24:54,875 - root - INFO - Adding data set 4 of 4
2026-02-01 10:24:55,139 - root - INFO - Parsing frames in /mnt/d/pieschl_data_collects/sim_kc46_lidar/collect_2026.Jan.23_00.04.35.9506687.UTC...
2026-02-01 10:25:46,840 - root - INFO - Failed to add file /mnt/d/pieschl_data_collects/sim_kc46_lidar/collect_2026.Jan.23_00.04.35.9506687.UTC/Lidar/frame_5000.txt:
	FileNotFoundError : [Errno 2] No such file or directory: '/mnt/d/pieschl_data_collects/sim_kc46_lidar/collect_2026.Jan.23_00.04.35.9506687.UTC/Lidar/frame_5000.txt'
2026-02-01 10:25:46,842 - root - INFO - Failed to add file /mnt/d/pieschl_data_collects/sim_kc46_lidar/collect_2026.Jan.23_00.04.35.9506687.UTC/Lidar/frame_5001.txt:
	FileNotFoundError : [Errno 2] No such file or directory: '/mnt/d/pieschl_data_collects/sim_kc46_lidar/collect_2026.Jan.23_00.04.35.9506687.UTC/Lidar/frame_5001.txt'
2026-02-01 10:25:56,525 - root - INFO - 
Datasets added successfully:

2026-02-01 10:25:56,531 - root - INFO - classification_pretrain
Random seed: 42
Class labels: dict_keys(['f-15_model', 'a-10', 'b-1b', 'b-2', 'c-5', 'c-12', 'c-17a', 'c-32', 'c-130j', 'e-3', 'f-15e', 'f-16', 'f-18e', 'f-22', 'g-iii', 'kc-46', 'kc-135', 'lj-25', 'mig-29', 'mq-20', 'su-27', 'vc-25a', 'x-47b'])
Part labels: dict_keys(['wing', 'fuselage', 'engine', 'hstab', 'vstab', 'landing_gear', 'armament', 'boom_wing', 'boom_hull', 'boom_hose', 'dish', 'probe'])

--- Train Set ---
Specified proportion:  0.75
Actual proportion: 0.7499100765633832
Total count: 14594
Class count:
	kc-46: 14594
Part count:
	wing: 36813342
	fuselage: 52004650
	engine: 8671630
	hstab: 10836634
	vstab: 8521564
	landing_gear: 0
	armament: 0
	boom_wing: 1026174
	boom_hull: 1548127
	boom_hose: 131927
	dish: 0
	probe: 0

--- Validation Set ---
Specified proportion:  0.15
Actual proportion: 0.15004367709778532
Total count: 2920
Class count:
	kc-46: 2920
Part count:
	wing: 7346302
	fuselage: 10379041
	engine: 1711419
	hstab: 2158300
	vstab: 1784923
	landing_gear: 0
	armament: 0
	boom_wing: 204952
	boom_hull: 306831
	boom_hose: 28872
	dish: 0
	probe: 0

--- Test Set ---
Specified proportion:  0.1
Actual proportion: 0.10004624633883151
Total count: 1947
Class count:
	kc-46: 1947
Part count:
	wing: 4904595
	fuselage: 6981336
	engine: 1106069
	hstab: 1414780
	vstab: 1189543
	landing_gear: 0
	armament: 0
	boom_wing: 135683
	boom_hull: 201336
	boom_hose: 16482
	dish: 0
	probe: 0

2026-02-01 10:25:56,546 - root - INFO - The following datasets were found in data/kc46_lidar_vanilla_lr01_94_2_final:
2026-02-01 10:25:56,547 - root - INFO - 	-> pc_set.joblib	
2026-02-01 10:25:56,547 - root - INFO - Adding data set 1 of 4
2026-02-01 10:25:56,835 - root - INFO - Parsing frames in /mnt/d/pieschl_data_collects/sim_kc46_lidar/collect_2026.Jan.22_23.51.26.8719556.UTC...
2026-02-01 10:26:49,577 - root - INFO - Failed to add file /mnt/d/pieschl_data_collects/sim_kc46_lidar/collect_2026.Jan.22_23.51.26.8719556.UTC/Lidar/frame_5000.txt:
	FileNotFoundError : [Errno 2] No such file or directory: '/mnt/d/pieschl_data_collects/sim_kc46_lidar/collect_2026.Jan.22_23.51.26.8719556.UTC/Lidar/frame_5000.txt'
2026-02-01 10:26:49,579 - root - INFO - Failed to add file /mnt/d/pieschl_data_collects/sim_kc46_lidar/collect_2026.Jan.22_23.51.26.8719556.UTC/Lidar/frame_5001.txt:
	FileNotFoundError : [Errno 2] No such file or directory: '/mnt/d/pieschl_data_collects/sim_kc46_lidar/collect_2026.Jan.22_23.51.26.8719556.UTC/Lidar/frame_5001.txt'
2026-02-01 10:26:59,573 - root - INFO - Adding data set 2 of 4
2026-02-01 10:26:59,842 - root - INFO - Parsing frames in /mnt/d/pieschl_data_collects/sim_kc46_lidar/collect_2026.Jan.22_23.53.34.5658074.UTC...
2026-02-01 10:27:30,509 - root - INFO - Failed to add file /mnt/d/pieschl_data_collects/sim_kc46_lidar/collect_2026.Jan.22_23.53.34.5658074.UTC/Lidar/frame_5000.txt:
	FileNotFoundError : [Errno 2] No such file or directory: '/mnt/d/pieschl_data_collects/sim_kc46_lidar/collect_2026.Jan.22_23.53.34.5658074.UTC/Lidar/frame_5000.txt'
2026-02-01 10:27:30,510 - root - INFO - Failed to add file /mnt/d/pieschl_data_collects/sim_kc46_lidar/collect_2026.Jan.22_23.53.34.5658074.UTC/Lidar/frame_5001.txt:
	FileNotFoundError : [Errno 2] No such file or directory: '/mnt/d/pieschl_data_collects/sim_kc46_lidar/collect_2026.Jan.22_23.53.34.5658074.UTC/Lidar/frame_5001.txt'
2026-02-01 10:27:39,353 - root - INFO - Adding data set 3 of 4
2026-02-01 10:27:39,892 - root - INFO - Parsing frames in /mnt/d/pieschl_data_collects/sim_kc46_lidar/collect_2026.Jan.23_00.00.26.2538193.UTC...
2026-02-01 10:28:07,739 - root - INFO - Failed to add file /mnt/d/pieschl_data_collects/sim_kc46_lidar/collect_2026.Jan.23_00.00.26.2538193.UTC/Lidar/frame_5000.txt:
	FileNotFoundError : [Errno 2] No such file or directory: '/mnt/d/pieschl_data_collects/sim_kc46_lidar/collect_2026.Jan.23_00.00.26.2538193.UTC/Lidar/frame_5000.txt'
2026-02-01 10:28:07,740 - root - INFO - Failed to add file /mnt/d/pieschl_data_collects/sim_kc46_lidar/collect_2026.Jan.23_00.00.26.2538193.UTC/Lidar/frame_5001.txt:
	FileNotFoundError : [Errno 2] No such file or directory: '/mnt/d/pieschl_data_collects/sim_kc46_lidar/collect_2026.Jan.23_00.00.26.2538193.UTC/Lidar/frame_5001.txt'
2026-02-01 10:28:17,380 - root - INFO - Adding data set 4 of 4
2026-02-01 10:28:17,737 - root - INFO - Parsing frames in /mnt/d/pieschl_data_collects/sim_kc46_lidar/collect_2026.Jan.23_00.04.35.9506687.UTC...
2026-02-01 10:29:08,762 - root - INFO - Failed to add file /mnt/d/pieschl_data_collects/sim_kc46_lidar/collect_2026.Jan.23_00.04.35.9506687.UTC/Lidar/frame_5000.txt:
	FileNotFoundError : [Errno 2] No such file or directory: '/mnt/d/pieschl_data_collects/sim_kc46_lidar/collect_2026.Jan.23_00.04.35.9506687.UTC/Lidar/frame_5000.txt'
2026-02-01 10:29:08,763 - root - INFO - Failed to add file /mnt/d/pieschl_data_collects/sim_kc46_lidar/collect_2026.Jan.23_00.04.35.9506687.UTC/Lidar/frame_5001.txt:
	FileNotFoundError : [Errno 2] No such file or directory: '/mnt/d/pieschl_data_collects/sim_kc46_lidar/collect_2026.Jan.23_00.04.35.9506687.UTC/Lidar/frame_5001.txt'
2026-02-01 10:29:18,889 - root - INFO - 
Datasets added successfully:

2026-02-01 10:29:18,892 - root - INFO - final
Random seed: 42
Class labels: dict_keys(['f-15_model', 'a-10', 'b-1b', 'b-2', 'c-5', 'c-12', 'c-17a', 'c-32', 'c-130j', 'e-3', 'f-15e', 'f-16', 'f-18e', 'f-22', 'g-iii', 'kc-46', 'kc-135', 'lj-25', 'mig-29', 'mq-20', 'su-27', 'vc-25a', 'x-47b'])
Part labels: dict_keys(['wing', 'fuselage', 'engine', 'hstab', 'vstab', 'landing_gear', 'armament', 'boom_wing', 'boom_hull', 'boom_hose', 'dish', 'probe'])

--- Train Set ---
Specified proportion:  0.75
Actual proportion: 0.7499100765633832
Total count: 14594
Class count:
	kc-46: 14594
Part count:
	wing: 36706400
	fuselage: 52088920
	engine: 8609108
	hstab: 10794594
	vstab: 8653820
	landing_gear: 0
	armament: 0
	boom_wing: 1025530
	boom_hull: 1542398
	boom_hose: 133278
	dish: 0
	probe: 0

--- Validation Set ---
Specified proportion:  0.15
Actual proportion: 0.15004367709778532
Total count: 2920
Class count:
	kc-46: 2920
Part count:
	wing: 7393523
	fuselage: 10362123
	engine: 1754268
	hstab: 2181467
	vstab: 1689756
	landing_gear: 0
	armament: 0
	boom_wing: 205918
	boom_hull: 305685
	boom_hose: 27900
	dish: 0
	probe: 0

--- Test Set ---
Specified proportion:  0.1
Actual proportion: 0.10004624633883151
Total count: 1947
Class count:
	kc-46: 1947
Part count:
	wing: 4968574
	fuselage: 6921584
	engine: 1123385
	hstab: 1429516
	vstab: 1148963
	landing_gear: 0
	armament: 0
	boom_wing: 135497
	boom_hull: 206497
	boom_hose: 15808
	dish: 0
	probe: 0

2026-02-01 10:29:19,608 - root - INFO - PointNet Build
2026-02-01 10:29:19,608 - root - INFO - 	Trainable Layers
2026-02-01 10:29:19,609 - root - INFO - 		-> input_normalization: False
2026-02-01 10:29:19,609 - root - INFO - 		-> s1_l1_64_convolution_layer: True
2026-02-01 10:29:19,609 - root - INFO - 		-> s1_l2_64_convolution_layer: True
2026-02-01 10:29:19,610 - root - INFO - 		-> s2_l1_64_convolution_layer: True
2026-02-01 10:29:19,611 - root - INFO - 		-> s2_l2_128_convolution_layer: True
2026-02-01 10:29:19,612 - root - INFO - 		-> s2_l3_1024_convolution_layer: True
2026-02-01 10:29:19,612 - root - INFO - 		-> s3_l1_512_dense_layer: True
2026-02-01 10:29:19,612 - root - INFO - 		-> s3_l2_256_dense_layer: True
2026-02-01 10:29:19,612 - root - INFO - 		-> output_dense_layer: True
2026-02-01 10:29:19,613 - root - INFO - 		-> seg_l1_512_convolution_layer: False
2026-02-01 10:29:19,613 - root - INFO - 		-> seg_l2_256_convolution_layer: False
2026-02-01 10:29:19,613 - root - INFO - 		-> seg_l3_128_convolution_layer: False
2026-02-01 10:29:19,613 - root - INFO - 		-> seg_l4_128_convolution_layer: False
2026-02-01 10:29:19,613 - root - INFO - 		-> seg_l5_output_convolution_layer: False
2026-02-01 10:30:47,601 - h5py._conv - DEBUG - Creating converter from 5 to 3
2026-02-01 11:14:47,357 - tf2onnx.tfonnx - INFO - Using tensorflow=2.20.0, onnx=1.17.0, tf2onnx=1.16.1/15c810
2026-02-01 11:14:47,358 - tf2onnx.tfonnx - INFO - Using opset <onnx, 13>
2026-02-01 11:14:47,402 - tf2onnx.tf_utils - INFO - Computed 0 values for constant folding
2026-02-01 11:14:47,423 - tf2onnx.graph - DEBUG - Making node: Name=Identity, OP=Identity
2026-02-01 11:14:47,424 - tf2onnx.graph - DEBUG - Made node: Identity
OP=Identity
Name=Identity
Inputs:
	point_net_1/output_dense_layer_1/Softmax:0=Softmax, [-1, 23], 1
Outpus:
	Identity_raw_output___4:0=[-1, 23], 1
2026-02-01 11:14:47,424 - tf2onnx.graph - DEBUG - Making node: Name=Identity_graph_outputs_Identity__5, OP=Identity
2026-02-01 11:14:47,425 - tf2onnx.graph - DEBUG - Made node: Identity_graph_outputs_Identity__5
OP=Identity
Name=Identity_graph_outputs_Identity__5
Inputs:
	Identity_raw_output___4:0=Identity, [-1, 23], 1
Outpus:
	Identity:0=[-1, 23], 1
2026-02-01 11:14:47,425 - tf2onnx.graph - DEBUG - Making node: Name=Identity_2, OP=Identity
2026-02-01 11:14:47,425 - tf2onnx.graph - DEBUG - Made node: Identity_2
OP=Identity
Name=Identity_2
Inputs:
	point_net_1/Squeeze_2:0=Squeeze, [-1, 8192, 12], 1
Outpus:
	Identity_2_raw_output___6:0=[-1, 8192, 12], 1
2026-02-01 11:14:47,425 - tf2onnx.graph - DEBUG - Making node: Name=Identity_2_graph_outputs_Identity__7, OP=Identity
2026-02-01 11:14:47,426 - tf2onnx.graph - DEBUG - Made node: Identity_2_graph_outputs_Identity__7
OP=Identity
Name=Identity_2_graph_outputs_Identity__7
Inputs:
	Identity_2_raw_output___6:0=Identity, [-1, 8192, 12], 1
Outpus:
	Identity_2:0=[-1, 8192, 12], 1
2026-02-01 11:14:47,426 - tf2onnx.graph - DEBUG - Making node: Name=Identity_1, OP=Identity
2026-02-01 11:14:47,426 - tf2onnx.graph - DEBUG - Made node: Identity_1
OP=Identity
Name=Identity_1
Inputs:
	point_net_1/eye/diag:0=MatrixDiagV3, [-1, 3, 3], 1
Outpus:
	Identity_1_raw_output___8:0=[-1, 3, 3], 1
2026-02-01 11:14:47,427 - tf2onnx.graph - DEBUG - Making node: Name=Identity_1_graph_outputs_Identity__9, OP=Identity
2026-02-01 11:14:47,427 - tf2onnx.graph - DEBUG - Made node: Identity_1_graph_outputs_Identity__9
OP=Identity
Name=Identity_1_graph_outputs_Identity__9
Inputs:
	Identity_1_raw_output___8:0=Identity, [-1, 3, 3], 1
Outpus:
	Identity_1:0=[-1, 3, 3], 1
2026-02-01 11:14:47,428 - tf2onnx.tfonnx - ERROR - rewriter <function rewrite_constant_fold at 0x76616ec556c0>: exception `np.cast` was removed in the NumPy 2.0 release. Use `np.asarray(arr, dtype=dtype)` instead.
2026-02-01 11:14:47,436 - tf2onnx.tfonnx - INFO - ['Traceback (most recent call last):\n', '  File "/mnt/c/repos/PointCloudProcessing/point_cloud_analysis/.venv/lib/python3.10/site-packages/tf2onnx/tfonnx.py", line 375, in run_rewriters\n    ops = func(g, g.get_nodes())\n', '  File "/mnt/c/repos/PointCloudProcessing/point_cloud_analysis/.venv/lib/python3.10/site-packages/tf2onnx/tfonnx.py", line 77, in rewrite_constant_fold\n    "Cast": np.cast,\n', '  File "/mnt/c/repos/PointCloudProcessing/point_cloud_analysis/.venv/lib/python3.10/site-packages/numpy/__init__.py", line 400, in __getattr__\n    raise AttributeError(\n', 'AttributeError: `np.cast` was removed in the NumPy 2.0 release. Use `np.asarray(arr, dtype=dtype)` instead.\n']
2026-02-01 11:14:47,442 - tf2onnx.rewriter.lstm_rewriter - DEBUG - enter lstm rewriter
2026-02-01 11:14:47,444 - tf2onnx.rewriter.gru_rewriter - DEBUG - enter gru rewriter
2026-02-01 11:14:47,445 - tf2onnx.rewriter.custom_rnn_rewriter - DEBUG - enter custom rnn rewriter
2026-02-01 11:14:47,446 - tf2onnx.rewriter.loop_rewriter - DEBUG - enter loop rewriter
2026-02-01 11:14:47,447 - tf2onnx.rewriter.cond_rewriter - DEBUG - enter cond pre rewrite
2026-02-01 11:14:47,454 - tf2onnx.tfonnx - VERBOSE - Mapping TF node to ONNX node(s)
2026-02-01 11:14:47,454 - tf2onnx.tfonnx - DEBUG - Process node: point_net_1/strided_slice/stack_2
OP=Const
Name=point_net_1/strided_slice/stack_2
Outpus:
	point_net_1/strided_slice/stack_2:0=[1], 6
2026-02-01 11:14:47,455 - tf2onnx.tfonnx - DEBUG - Process node: point_net_1/strided_slice/stack_1
OP=Const
Name=point_net_1/strided_slice/stack_1
Outpus:
	point_net_1/strided_slice/stack_1:0=[1], 6
2026-02-01 11:14:47,455 - tf2onnx.tfonnx - DEBUG - Process node: point_net_1/strided_slice/stack
OP=Const
Name=point_net_1/strided_slice/stack
Outpus:
	point_net_1/strided_slice/stack:0=[1], 6
2026-02-01 11:14:47,455 - tf2onnx.tfonnx - DEBUG - Process node: point_net_1/seg_l5_output_convolution_layer_1/seg_l5_output_convolution_layer_1/convolution/ReadVariableOp
OP=Const
Name=point_net_1/seg_l5_output_convolution_layer_1/seg_l5_output_convolution_layer_1/convolution/ReadVariableOp
Outpus:
	point_net_1/seg_l5_output_convolution_layer_1/seg_l5_output_convolution_layer_1/convolution/ReadVariableOp:0=[1, 1, 128, 12], 1
2026-02-01 11:14:47,455 - tf2onnx.tfonnx - DEBUG - Process node: point_net_1/seg_l4_128_convolution_layer_1/seg_l4_128_convolution_layer_1/convolution/merged_input
OP=Const
Name=point_net_1/seg_l4_128_convolution_layer_1/seg_l4_128_convolution_layer_1/convolution/merged_input
Outpus:
	point_net_1/seg_l4_128_convolution_layer_1/seg_l4_128_convolution_layer_1/convolution/merged_input:0=[1, 1, 128, 128], 1
2026-02-01 11:14:47,456 - tf2onnx.tfonnx - DEBUG - Process node: point_net_1/seg_l3_128_convolution_layer_1/seg_l3_128_convolution_layer_1/convolution/merged_input
OP=Const
Name=point_net_1/seg_l3_128_convolution_layer_1/seg_l3_128_convolution_layer_1/convolution/merged_input
Outpus:
	point_net_1/seg_l3_128_convolution_layer_1/seg_l3_128_convolution_layer_1/convolution/merged_input:0=[1, 1, 256, 128], 1
2026-02-01 11:14:47,456 - tf2onnx.tfonnx - DEBUG - Process node: point_net_1/seg_l2_256_convolution_layer_1/seg_l2_256_convolution_layer_1/convolution/merged_input
OP=Const
Name=point_net_1/seg_l2_256_convolution_layer_1/seg_l2_256_convolution_layer_1/convolution/merged_input
Outpus:
	point_net_1/seg_l2_256_convolution_layer_1/seg_l2_256_convolution_layer_1/convolution/merged_input:0=[1, 1, 512, 256], 1
2026-02-01 11:14:47,456 - tf2onnx.tfonnx - DEBUG - Process node: point_net_1/seg_l1_512_convolution_layer_1/seg_l1_512_convolution_layer_1/convolution/merged_input
OP=Const
Name=point_net_1/seg_l1_512_convolution_layer_1/seg_l1_512_convolution_layer_1/convolution/merged_input
Outpus:
	point_net_1/seg_l1_512_convolution_layer_1/seg_l1_512_convolution_layer_1/convolution/merged_input:0=[1, 1, 1088, 512], 1
2026-02-01 11:14:47,456 - tf2onnx.tfonnx - DEBUG - Process node: point_net_1/s3_l2_256_dense_layer_1/s3_l2_256_dense_layer_1/Cast/ReadVariableOp
OP=Const
Name=point_net_1/s3_l2_256_dense_layer_1/s3_l2_256_dense_layer_1/Cast/ReadVariableOp
Outpus:
	point_net_1/s3_l2_256_dense_layer_1/s3_l2_256_dense_layer_1/Cast/ReadVariableOp:0=[512, 256], 1
2026-02-01 11:14:47,457 - tf2onnx.tfonnx - DEBUG - Process node: point_net_1/s3_l2_256_dense_layer_1/batch_normalization_6_1/batchnorm/sub
OP=Const
Name=point_net_1/s3_l2_256_dense_layer_1/batch_normalization_6_1/batchnorm/sub
Outpus:
	point_net_1/s3_l2_256_dense_layer_1/batch_normalization_6_1/batchnorm/sub:0=[256], 1
2026-02-01 11:14:47,457 - tf2onnx.tfonnx - DEBUG - Process node: point_net_1/s3_l2_256_dense_layer_1/batch_normalization_6_1/batchnorm/mul
OP=Const
Name=point_net_1/s3_l2_256_dense_layer_1/batch_normalization_6_1/batchnorm/mul
Outpus:
	point_net_1/s3_l2_256_dense_layer_1/batch_normalization_6_1/batchnorm/mul:0=[256], 1
2026-02-01 11:14:47,457 - tf2onnx.tfonnx - DEBUG - Process node: point_net_1/s3_l1_512_dense_layer_1/s3_l1_512_dense_layer_1/Cast/ReadVariableOp
OP=Const
Name=point_net_1/s3_l1_512_dense_layer_1/s3_l1_512_dense_layer_1/Cast/ReadVariableOp
Outpus:
	point_net_1/s3_l1_512_dense_layer_1/s3_l1_512_dense_layer_1/Cast/ReadVariableOp:0=[1024, 512], 1
2026-02-01 11:14:47,458 - tf2onnx.tfonnx - DEBUG - Process node: point_net_1/s3_l1_512_dense_layer_1/batch_normalization_5_1/batchnorm/sub
OP=Const
Name=point_net_1/s3_l1_512_dense_layer_1/batch_normalization_5_1/batchnorm/sub
Outpus:
	point_net_1/s3_l1_512_dense_layer_1/batch_normalization_5_1/batchnorm/sub:0=[512], 1
2026-02-01 11:14:47,458 - tf2onnx.tfonnx - DEBUG - Process node: point_net_1/s3_l1_512_dense_layer_1/batch_normalization_5_1/batchnorm/mul
OP=Const
Name=point_net_1/s3_l1_512_dense_layer_1/batch_normalization_5_1/batchnorm/mul
Outpus:
	point_net_1/s3_l1_512_dense_layer_1/batch_normalization_5_1/batchnorm/mul:0=[512], 1
2026-02-01 11:14:47,458 - tf2onnx.tfonnx - DEBUG - Process node: point_net_1/s2_l3_1024_convolution_layer_1/s2_l3_1024_convolution_layer_1/convolution/merged_input
OP=Const
Name=point_net_1/s2_l3_1024_convolution_layer_1/s2_l3_1024_convolution_layer_1/convolution/merged_input
Outpus:
	point_net_1/s2_l3_1024_convolution_layer_1/s2_l3_1024_convolution_layer_1/convolution/merged_input:0=[1, 1, 128, 1024], 1
2026-02-01 11:14:47,458 - tf2onnx.tfonnx - DEBUG - Process node: point_net_1/s2_l3_1024_convolution_layer_1/batch_normalization_4_1/batchnorm/sub
OP=Const
Name=point_net_1/s2_l3_1024_convolution_layer_1/batch_normalization_4_1/batchnorm/sub
Outpus:
	point_net_1/s2_l3_1024_convolution_layer_1/batch_normalization_4_1/batchnorm/sub:0=[1024], 1
2026-02-01 11:14:47,459 - tf2onnx.tfonnx - DEBUG - Process node: point_net_1/s2_l2_128_convolution_layer_1/s2_l2_128_convolution_layer_1/convolution/merged_input
OP=Const
Name=point_net_1/s2_l2_128_convolution_layer_1/s2_l2_128_convolution_layer_1/convolution/merged_input
Outpus:
	point_net_1/s2_l2_128_convolution_layer_1/s2_l2_128_convolution_layer_1/convolution/merged_input:0=[1, 1, 64, 128], 1
2026-02-01 11:14:47,459 - tf2onnx.tfonnx - DEBUG - Process node: point_net_1/s2_l2_128_convolution_layer_1/batch_normalization_3_1/batchnorm/sub
OP=Const
Name=point_net_1/s2_l2_128_convolution_layer_1/batch_normalization_3_1/batchnorm/sub
Outpus:
	point_net_1/s2_l2_128_convolution_layer_1/batch_normalization_3_1/batchnorm/sub:0=[128], 1
2026-02-01 11:14:47,460 - tf2onnx.tfonnx - DEBUG - Process node: point_net_1/s2_l1_64_convolution_layer_1/s2_l1_64_convolution_layer_1/convolution/merged_input
OP=Const
Name=point_net_1/s2_l1_64_convolution_layer_1/s2_l1_64_convolution_layer_1/convolution/merged_input
Outpus:
	point_net_1/s2_l1_64_convolution_layer_1/s2_l1_64_convolution_layer_1/convolution/merged_input:0=[1, 1, 64, 64], 1
2026-02-01 11:14:47,460 - tf2onnx.tfonnx - DEBUG - Process node: point_net_1/s2_l1_64_convolution_layer_1/batch_normalization_2_1/batchnorm/sub
OP=Const
Name=point_net_1/s2_l1_64_convolution_layer_1/batch_normalization_2_1/batchnorm/sub
Outpus:
	point_net_1/s2_l1_64_convolution_layer_1/batch_normalization_2_1/batchnorm/sub:0=[64], 1
2026-02-01 11:14:47,460 - tf2onnx.tfonnx - DEBUG - Process node: point_net_1/s1_l2_64_convolution_layer_1/s1_l2_64_convolution_layer_1/convolution/merged_input
OP=Const
Name=point_net_1/s1_l2_64_convolution_layer_1/s1_l2_64_convolution_layer_1/convolution/merged_input
Outpus:
	point_net_1/s1_l2_64_convolution_layer_1/s1_l2_64_convolution_layer_1/convolution/merged_input:0=[1, 1, 64, 64], 1
2026-02-01 11:14:47,460 - tf2onnx.tfonnx - DEBUG - Process node: point_net_1/s1_l2_64_convolution_layer_1/batch_normalization_1_1/batchnorm/sub
OP=Const
Name=point_net_1/s1_l2_64_convolution_layer_1/batch_normalization_1_1/batchnorm/sub
Outpus:
	point_net_1/s1_l2_64_convolution_layer_1/batch_normalization_1_1/batchnorm/sub:0=[64], 1
2026-02-01 11:14:47,461 - tf2onnx.tfonnx - DEBUG - Process node: point_net_1/s1_l1_64_convolution_layer_1/s1_l1_64_convolution_layer_1/convolution/merged_input
OP=Const
Name=point_net_1/s1_l1_64_convolution_layer_1/s1_l1_64_convolution_layer_1/convolution/merged_input
Outpus:
	point_net_1/s1_l1_64_convolution_layer_1/s1_l1_64_convolution_layer_1/convolution/merged_input:0=[1, 1, 3, 64], 1
2026-02-01 11:14:47,461 - tf2onnx.tfonnx - DEBUG - Process node: point_net_1/s1_l1_64_convolution_layer_1/batch_normalization_1/batchnorm/sub
OP=Const
Name=point_net_1/s1_l1_64_convolution_layer_1/batch_normalization_1/batchnorm/sub
Outpus:
	point_net_1/s1_l1_64_convolution_layer_1/batch_normalization_1/batchnorm/sub:0=[64], 1
2026-02-01 11:14:47,461 - tf2onnx.tfonnx - DEBUG - Process node: point_net_1/output_dense_layer_1/output_dense_layer_1/Cast/ReadVariableOp
OP=Const
Name=point_net_1/output_dense_layer_1/output_dense_layer_1/Cast/ReadVariableOp
Outpus:
	point_net_1/output_dense_layer_1/output_dense_layer_1/Cast/ReadVariableOp:0=[256, 23], 1
2026-02-01 11:14:47,462 - tf2onnx.tfonnx - DEBUG - Process node: point_net_1/output_dense_layer_1/output_dense_layer_1/BiasAdd/ReadVariableOp
OP=Const
Name=point_net_1/output_dense_layer_1/output_dense_layer_1/BiasAdd/ReadVariableOp
Outpus:
	point_net_1/output_dense_layer_1/output_dense_layer_1/BiasAdd/ReadVariableOp:0=[23], 1
2026-02-01 11:14:47,462 - tf2onnx.tfonnx - DEBUG - Process node: point_net_1/input_normalization_1/Sum/reduction_indices
OP=Const
Name=point_net_1/input_normalization_1/Sum/reduction_indices
Outpus:
	point_net_1/input_normalization_1/Sum/reduction_indices:0=[], 6
2026-02-01 11:14:47,462 - tf2onnx.tfonnx - DEBUG - Process node: point_net_1/input_normalization_1/Mean/reduction_indices
OP=Const
Name=point_net_1/input_normalization_1/Mean/reduction_indices
Outpus:
	point_net_1/input_normalization_1/Mean/reduction_indices:0=[], 6
2026-02-01 11:14:47,462 - tf2onnx.tfonnx - DEBUG - Process node: point_net_1/input_normalization_1/Maximum/y
OP=Const
Name=point_net_1/input_normalization_1/Maximum/y
Outpus:
	point_net_1/input_normalization_1/Maximum/y:0=[], 1
2026-02-01 11:14:47,462 - tf2onnx.tfonnx - DEBUG - Process node: point_net_1/input_normalization_1/Max/reduction_indices
OP=Const
Name=point_net_1/input_normalization_1/Max/reduction_indices
Outpus:
	point_net_1/input_normalization_1/Max/reduction_indices:0=[], 6
2026-02-01 11:14:47,463 - tf2onnx.tfonnx - DEBUG - Process node: point_net_1/input_normalization_1/ExpandDims/dim
OP=Const
Name=point_net_1/input_normalization_1/ExpandDims/dim
Outpus:
	point_net_1/input_normalization_1/ExpandDims/dim:0=[], 6
2026-02-01 11:14:47,463 - tf2onnx.tfonnx - DEBUG - Process node: point_net_1/eye/ones/packed/1
OP=Const
Name=point_net_1/eye/ones/packed/1
Outpus:
	point_net_1/eye/ones/packed/1:0=[], 6
2026-02-01 11:14:47,463 - tf2onnx.tfonnx - DEBUG - Process node: point_net_1/eye/ones/Const
OP=Const
Name=point_net_1/eye/ones/Const
Outpus:
	point_net_1/eye/ones/Const:0=[], 1
2026-02-01 11:14:47,464 - tf2onnx.tfonnx - DEBUG - Process node: point_net_1/eye/diag/padding_value
OP=Const
Name=point_net_1/eye/diag/padding_value
Outpus:
	point_net_1/eye/diag/padding_value:0=[], 1
2026-02-01 11:14:47,464 - tf2onnx.tfonnx - DEBUG - Process node: point_net_1/eye/diag/num_rows
OP=Const
Name=point_net_1/eye/diag/num_rows
Outpus:
	point_net_1/eye/diag/num_rows:0=[], 6
2026-02-01 11:14:47,465 - tf2onnx.tfonnx - DEBUG - Process node: point_net_1/eye/diag/num_cols
OP=Const
Name=point_net_1/eye/diag/num_cols
Outpus:
	point_net_1/eye/diag/num_cols:0=[], 6
2026-02-01 11:14:47,466 - tf2onnx.tfonnx - DEBUG - Process node: point_net_1/eye/diag/k
OP=Const
Name=point_net_1/eye/diag/k
Outpus:
	point_net_1/eye/diag/k:0=[], 6
2026-02-01 11:14:47,467 - tf2onnx.tfonnx - DEBUG - Process node: point_net_1/concat/axis
OP=Const
Name=point_net_1/concat/axis
Outpus:
	point_net_1/concat/axis:0=[], 6
2026-02-01 11:14:47,468 - tf2onnx.tfonnx - DEBUG - Process node: point_net_1/Tile/multiples
OP=Const
Name=point_net_1/Tile/multiples
Outpus:
	point_net_1/Tile/multiples:0=[3], 6
2026-02-01 11:14:47,468 - tf2onnx.tfonnx - DEBUG - Process node: point_net_1/Max/reduction_indices
OP=Const
Name=point_net_1/Max/reduction_indices
Outpus:
	point_net_1/Max/reduction_indices:0=[], 6
2026-02-01 11:14:47,469 - tf2onnx.tfonnx - DEBUG - Process node: point_net_1/ExpandDims_3/dim
OP=Const
Name=point_net_1/ExpandDims_3/dim
Outpus:
	point_net_1/ExpandDims_3/dim:0=[], 6
2026-02-01 11:14:47,469 - tf2onnx.tfonnx - DEBUG - Process node: point_net_1/ExpandDims_2/dim
OP=Const
Name=point_net_1/ExpandDims_2/dim
Outpus:
	point_net_1/ExpandDims_2/dim:0=[], 6
2026-02-01 11:14:47,469 - tf2onnx.tfonnx - DEBUG - Process node: point_net_1/ExpandDims_1/dim
OP=Const
Name=point_net_1/ExpandDims_1/dim
Outpus:
	point_net_1/ExpandDims_1/dim:0=[], 6
2026-02-01 11:14:47,469 - tf2onnx.tfonnx - DEBUG - Process node: point_net_1/ExpandDims/dim
OP=Const
Name=point_net_1/ExpandDims/dim
Outpus:
	point_net_1/ExpandDims/dim:0=[], 6
2026-02-01 11:14:47,470 - tf2onnx.tfonnx - DEBUG - Process node: args_0
OP=Placeholder
Name=args_0
Outpus:
	args_0=[-1, 8192, 3], 1
2026-02-01 11:14:47,470 - tf2onnx.tfonnx - DEBUG - Process node: point_net_1/input_normalization_1/Mean
OP=Mean
Name=point_net_1/input_normalization_1/Mean
Inputs:
	args_0=Placeholder, [-1, 8192, 3], 1
	point_net_1/input_normalization_1/Mean/reduction_indices:0=Const, [], 6
Outpus:
	point_net_1/input_normalization_1/Mean:0=[-1, 1, 3], 1
2026-02-01 11:14:47,471 - tf2onnx.tfonnx - DEBUG - Process node: point_net_1/input_normalization_1/sub
OP=Sub
Name=point_net_1/input_normalization_1/sub
Inputs:
	args_0=Placeholder, [-1, 8192, 3], 1
	point_net_1/input_normalization_1/Mean:0=ReduceMean, [-1, 1, 3], 1
Outpus:
	point_net_1/input_normalization_1/sub:0=[-1, 8192, 3], 1
2026-02-01 11:14:47,472 - tf2onnx.tfonnx - DEBUG - Process node: point_net_1/input_normalization_1/Square
OP=Square
Name=point_net_1/input_normalization_1/Square
Inputs:
	point_net_1/input_normalization_1/sub:0=Sub, [-1, 8192, 3], 1
Outpus:
	point_net_1/input_normalization_1/Square:0=[-1, 8192, 3], 1
2026-02-01 11:14:47,472 - tf2onnx.tfonnx - DEBUG - Process node: point_net_1/input_normalization_1/Sum
OP=Sum
Name=point_net_1/input_normalization_1/Sum
Inputs:
	point_net_1/input_normalization_1/Square:0=Mul, [-1, 8192, 3], 1
	point_net_1/input_normalization_1/Sum/reduction_indices:0=Const, [], 6
Outpus:
	point_net_1/input_normalization_1/Sum:0=[-1, 8192], 1
2026-02-01 11:14:47,472 - tf2onnx.graph - DEBUG - Making node: Name=point_net_1/input_normalization_1/Sum__10, OP=Cast
2026-02-01 11:14:47,472 - tf2onnx.graph - DEBUG - Infer shape and dtype for [point_net_1/input_normalization_1/Sum__10]
2026-02-01 11:14:47,473 - tf2onnx.graph - DEBUG - Set dtype of [point_net_1/input_normalization_1/Sum__10:0] to 7
2026-02-01 11:14:47,473 - tf2onnx.graph - DEBUG - Set shape of [point_net_1/input_normalization_1/Sum__10:0] to []
2026-02-01 11:14:47,473 - tf2onnx.graph - DEBUG - Made node: point_net_1/input_normalization_1/Sum__10
OP=Cast
Name=point_net_1/input_normalization_1/Sum__10
Inputs:
	point_net_1/input_normalization_1/Sum/reduction_indices:0=Const, [], 6
Outpus:
	point_net_1/input_normalization_1/Sum__10:0=[], 7
2026-02-01 11:14:47,474 - tf2onnx.graph - DEBUG - Making node: Name=reshape_const__11, OP=Const
2026-02-01 11:14:47,474 - tf2onnx.graph - DEBUG - Made node: reshape_const__11
OP=Const
Name=reshape_const__11
Outpus:
	reshape_const__11=None, 7
2026-02-01 11:14:47,474 - tf2onnx.graph - DEBUG - Making node: Name=point_net_1/input_normalization_1/Sum__12, OP=Reshape
2026-02-01 11:14:47,474 - tf2onnx.graph - DEBUG - Infer shape and dtype for [point_net_1/input_normalization_1/Sum__12]
2026-02-01 11:14:47,475 - tf2onnx.graph - DEBUG - Set dtype of [point_net_1/input_normalization_1/Sum__12:0] to 7
2026-02-01 11:14:47,475 - tf2onnx.graph - DEBUG - Set shape of [point_net_1/input_normalization_1/Sum__12:0] to [1]
2026-02-01 11:14:47,476 - tf2onnx.graph - DEBUG - Made node: point_net_1/input_normalization_1/Sum__12
OP=Reshape
Name=point_net_1/input_normalization_1/Sum__12
Inputs:
	point_net_1/input_normalization_1/Sum__10:0=Cast, [], 7
	reshape_const__11=Const, [1], 7
Outpus:
	point_net_1/input_normalization_1/Sum__12:0=[1], 7
2026-02-01 11:14:47,476 - tf2onnx.tfonnx - DEBUG - Process node: point_net_1/input_normalization_1/Sqrt
OP=Sqrt
Name=point_net_1/input_normalization_1/Sqrt
Inputs:
	point_net_1/input_normalization_1/Sum:0=ReduceSum, [-1, 8192], 1
Outpus:
	point_net_1/input_normalization_1/Sqrt:0=[-1, 8192], 1
2026-02-01 11:14:47,476 - tf2onnx.tfonnx - DEBUG - Process node: point_net_1/input_normalization_1/Max
OP=Max
Name=point_net_1/input_normalization_1/Max
Inputs:
	point_net_1/input_normalization_1/Sqrt:0=Sqrt, [-1, 8192], 1
	point_net_1/input_normalization_1/Max/reduction_indices:0=Const, [], 6
Outpus:
	point_net_1/input_normalization_1/Max:0=[-1, 1], 1
2026-02-01 11:14:47,477 - tf2onnx.tfonnx - DEBUG - Process node: point_net_1/input_normalization_1/ExpandDims
OP=ExpandDims
Name=point_net_1/input_normalization_1/ExpandDims
Inputs:
	point_net_1/input_normalization_1/Max:0=ReduceMax, [-1, 1], 1
	point_net_1/input_normalization_1/ExpandDims/dim:0=Const, [], 6
Outpus:
	point_net_1/input_normalization_1/ExpandDims:0=[-1, 1, 1], 1
2026-02-01 11:14:47,477 - tf2onnx.graph - DEBUG - Making node: Name=point_net_1/input_normalization_1/ExpandDims__13, OP=Cast
2026-02-01 11:14:47,477 - tf2onnx.graph - DEBUG - Infer shape and dtype for [point_net_1/input_normalization_1/ExpandDims__13]
2026-02-01 11:14:47,478 - tf2onnx.graph - DEBUG - Set dtype of [point_net_1/input_normalization_1/ExpandDims__13:0] to 7
2026-02-01 11:14:47,478 - tf2onnx.graph - DEBUG - Set shape of [point_net_1/input_normalization_1/ExpandDims__13:0] to []
2026-02-01 11:14:47,479 - tf2onnx.graph - DEBUG - Made node: point_net_1/input_normalization_1/ExpandDims__13
OP=Cast
Name=point_net_1/input_normalization_1/ExpandDims__13
Inputs:
	point_net_1/input_normalization_1/ExpandDims/dim:0=Const, [], 6
Outpus:
	point_net_1/input_normalization_1/ExpandDims__13:0=[], 7
2026-02-01 11:14:47,479 - tf2onnx.graph - DEBUG - Making node: Name=reshape_const__14, OP=Const
2026-02-01 11:14:47,479 - tf2onnx.graph - DEBUG - Made node: reshape_const__14
OP=Const
Name=reshape_const__14
Outpus:
	reshape_const__14=None, 7
2026-02-01 11:14:47,480 - tf2onnx.graph - DEBUG - Making node: Name=Reshape__15, OP=Reshape
2026-02-01 11:14:47,480 - tf2onnx.graph - DEBUG - Infer shape and dtype for [Reshape__15]
2026-02-01 11:14:47,480 - tf2onnx.graph - DEBUG - Set dtype of [Reshape__15:0] to 7
2026-02-01 11:14:47,481 - tf2onnx.graph - DEBUG - Set shape of [Reshape__15:0] to [1]
2026-02-01 11:14:47,482 - tf2onnx.graph - DEBUG - Made node: Reshape__15
OP=Reshape
Name=Reshape__15
Inputs:
	point_net_1/input_normalization_1/ExpandDims__13:0=Cast, [], 7
	reshape_const__14=Const, [1], 7
Outpus:
	Reshape__15:0=[1], 7
2026-02-01 11:14:47,482 - tf2onnx.tfonnx - DEBUG - Process node: point_net_1/input_normalization_1/Maximum
OP=Maximum
Name=point_net_1/input_normalization_1/Maximum
Inputs:
	point_net_1/input_normalization_1/ExpandDims:0=Unsqueeze, [-1, 1, 1], 1
	point_net_1/input_normalization_1/Maximum/y:0=Const, [], 1
Outpus:
	point_net_1/input_normalization_1/Maximum:0=[-1, 1, 1], 1
2026-02-01 11:14:47,483 - tf2onnx.tfonnx - DEBUG - Process node: point_net_1/input_normalization_1/truediv
OP=RealDiv
Name=point_net_1/input_normalization_1/truediv
Inputs:
	point_net_1/input_normalization_1/sub:0=Sub, [-1, 8192, 3], 1
	point_net_1/input_normalization_1/Maximum:0=Max, [-1, 1, 1], 1
Outpus:
	point_net_1/input_normalization_1/truediv:0=[-1, 8192, 3], 1
2026-02-01 11:14:47,484 - tf2onnx.tfonnx - DEBUG - Process node: point_net_1/Shape
OP=Shape
Name=point_net_1/Shape
Inputs:
	point_net_1/input_normalization_1/truediv:0=Div, [-1, 8192, 3], 1
Outpus:
	point_net_1/Shape:0=[3], 6
2026-02-01 11:14:47,484 - tf2onnx.graph - DEBUG - Making node: Name=point_net_1/Shape__16, OP=Cast
2026-02-01 11:14:47,484 - tf2onnx.graph - DEBUG - Infer shape and dtype for [point_net_1/Shape__16]
2026-02-01 11:14:47,485 - tf2onnx.graph - DEBUG - Set dtype of [point_net_1/Shape__16:0] to 6
2026-02-01 11:14:47,485 - tf2onnx.graph - DEBUG - Set shape of [point_net_1/Shape__16:0] to [3]
2026-02-01 11:14:47,485 - tf2onnx.graph - DEBUG - Made node: point_net_1/Shape__16
OP=Cast
Name=point_net_1/Shape__16
Inputs:
	point_net_1/Shape:0=Shape, [3], 6
Outpus:
	point_net_1/Shape__16:0=[3], 6
2026-02-01 11:14:47,485 - tf2onnx.tfonnx - DEBUG - Process node: point_net_1/strided_slice
OP=StridedSlice
Name=point_net_1/strided_slice
Inputs:
	point_net_1/Shape__16:0=Cast, [3], 6
	point_net_1/strided_slice/stack:0=Const, [1], 6
	point_net_1/strided_slice/stack_1:0=Const, [1], 6
	point_net_1/strided_slice/stack_2:0=Const, [1], 6
Outpus:
	point_net_1/strided_slice:0=[], 6
2026-02-01 11:14:47,486 - tf2onnx.graph - DEBUG - Making node: Name=const_starts__17, OP=Const
2026-02-01 11:14:47,486 - tf2onnx.graph - DEBUG - Made node: const_starts__17
OP=Const
Name=const_starts__17
Outpus:
	const_starts__17=None, 7
2026-02-01 11:14:47,486 - tf2onnx.graph - DEBUG - Making node: Name=const_ends__18, OP=Const
2026-02-01 11:14:47,487 - tf2onnx.graph - DEBUG - Made node: const_ends__18
OP=Const
Name=const_ends__18
Outpus:
	const_ends__18=None, 7
2026-02-01 11:14:47,487 - tf2onnx.graph - DEBUG - Making node: Name=const_axes__19, OP=Const
2026-02-01 11:14:47,487 - tf2onnx.graph - DEBUG - Made node: const_axes__19
OP=Const
Name=const_axes__19
Outpus:
	const_axes__19=None, 7
2026-02-01 11:14:47,487 - tf2onnx.graph - DEBUG - Making node: Name=point_net_1/strided_slice, OP=Slice
2026-02-01 11:14:47,488 - tf2onnx.graph - DEBUG - Made node: point_net_1/strided_slice
OP=Slice
Name=point_net_1/strided_slice
Inputs:
	point_net_1/Shape__16:0=Cast, [3], 6
	const_starts__17=Const, [1], 7
	const_ends__18=Const, [1], 7
	const_axes__19=Const, [1], 7
Outpus:
	point_net_1/strided_slice:0=[], 6
2026-02-01 11:14:47,488 - tf2onnx.graph - DEBUG - Making node: Name=const_axes__21, OP=Const
2026-02-01 11:14:47,488 - tf2onnx.graph - DEBUG - Made node: const_axes__21
OP=Const
Name=const_axes__21
Outpus:
	const_axes__21=None, 7
2026-02-01 11:14:47,489 - tf2onnx.graph - DEBUG - Making node: Name=point_net_1/strided_slice__20, OP=Squeeze
2026-02-01 11:14:47,489 - tf2onnx.graph - DEBUG - Made node: point_net_1/strided_slice__20
OP=Squeeze
Name=point_net_1/strided_slice__20
Inputs:
	point_net_1/strided_slice:0=Slice, [], 6
	const_axes__21=Const, [1], 7
Outpus:
	point_net_1/strided_slice__20:0=[], 6
2026-02-01 11:14:47,489 - tf2onnx.graph - DEBUG - Infer shape and dtype for [point_net_1/strided_slice]
2026-02-01 11:14:47,490 - tf2onnx.graph - DEBUG - Set dtype of [point_net_1/strided_slice:0] to 6
2026-02-01 11:14:47,490 - tf2onnx.graph - DEBUG - Set shape of [point_net_1/strided_slice:0] to [1]
2026-02-01 11:14:47,490 - tf2onnx.tfonnx - DEBUG - Process node: point_net_1/eye/ones/packed
OP=Pack
Name=point_net_1/eye/ones/packed
Inputs:
	point_net_1/strided_slice__20:0=Squeeze, [], 6
	point_net_1/eye/ones/packed/1:0=Const, [], 6
Outpus:
	point_net_1/eye/ones/packed:0=[2], 6
2026-02-01 11:14:47,491 - tf2onnx.graph - DEBUG - Making node: Name=const_axes__22, OP=Const
2026-02-01 11:14:47,491 - tf2onnx.graph - DEBUG - Made node: const_axes__22
OP=Const
Name=const_axes__22
Outpus:
	const_axes__22=None, 7
2026-02-01 11:14:47,491 - tf2onnx.graph - DEBUG - Making node: Name=point_net_1/eye/ones/packed_Unsqueeze__23, OP=Unsqueeze
2026-02-01 11:14:47,492 - tf2onnx.graph - DEBUG - Made node: point_net_1/eye/ones/packed_Unsqueeze__23
OP=Unsqueeze
Name=point_net_1/eye/ones/packed_Unsqueeze__23
Inputs:
	point_net_1/strided_slice__20:0=Squeeze, [], 6
	const_axes__22=Const, [1], 7
Outpus:
	point_net_1/eye/ones/packed_Unsqueeze__23:0=[1], 6
2026-02-01 11:14:47,492 - tf2onnx.graph - DEBUG - Making node: Name=const_axes__24, OP=Const
2026-02-01 11:14:47,492 - tf2onnx.graph - DEBUG - Made node: const_axes__24
OP=Const
Name=const_axes__24
Outpus:
	const_axes__24=None, 7
2026-02-01 11:14:47,492 - tf2onnx.graph - DEBUG - Making node: Name=point_net_1/eye/ones/packed_Unsqueeze__25, OP=Unsqueeze
2026-02-01 11:14:47,493 - tf2onnx.graph - DEBUG - Made node: point_net_1/eye/ones/packed_Unsqueeze__25
OP=Unsqueeze
Name=point_net_1/eye/ones/packed_Unsqueeze__25
Inputs:
	point_net_1/eye/ones/packed/1:0=Const, [], 6
	const_axes__24=Const, [1], 7
Outpus:
	point_net_1/eye/ones/packed_Unsqueeze__25:0=[1], 6
2026-02-01 11:14:47,493 - tf2onnx.graph - DEBUG - Making node: Name=point_net_1/eye/ones/packed_Concat__26, OP=Concat
2026-02-01 11:14:47,493 - tf2onnx.graph - DEBUG - Made node: point_net_1/eye/ones/packed_Concat__26
OP=Concat
Name=point_net_1/eye/ones/packed_Concat__26
Inputs:
	point_net_1/eye/ones/packed_Unsqueeze__23:0=Unsqueeze, [1], 6
	point_net_1/eye/ones/packed_Unsqueeze__25:0=Unsqueeze, [1], 6
Outpus:
	point_net_1/eye/ones/packed_Concat__26:0=[2], 6
2026-02-01 11:14:47,493 - tf2onnx.tfonnx - DEBUG - Process node: point_net_1/eye/ones
OP=Fill
Name=point_net_1/eye/ones
Inputs:
	point_net_1/eye/ones/packed_Concat__26:0=Concat, [2], 6
	point_net_1/eye/ones/Const:0=Const, [], 1
Outpus:
	point_net_1/eye/ones:0=[-1, 3], 1
2026-02-01 11:14:47,494 - tf2onnx.graph - DEBUG - Making node: Name=point_net_1/eye/ones__27, OP=Cast
2026-02-01 11:14:47,494 - tf2onnx.graph - DEBUG - Infer shape and dtype for [point_net_1/eye/ones__27]
2026-02-01 11:14:47,494 - tf2onnx.graph - DEBUG - Set dtype of [point_net_1/eye/ones__27:0] to 7
2026-02-01 11:14:47,494 - tf2onnx.graph - DEBUG - Set shape of [point_net_1/eye/ones__27:0] to [2]
2026-02-01 11:14:47,495 - tf2onnx.graph - DEBUG - Made node: point_net_1/eye/ones__27
OP=Cast
Name=point_net_1/eye/ones__27
Inputs:
	point_net_1/eye/ones/packed_Concat__26:0=Concat, [2], 6
Outpus:
	point_net_1/eye/ones__27:0=[2], 7
2026-02-01 11:14:47,495 - tf2onnx.tfonnx - DEBUG - Process node: point_net_1/eye/diag
OP=MatrixDiagV3
Name=point_net_1/eye/diag
Inputs:
	point_net_1/eye/ones:0=Expand, [-1, 3], 1
	point_net_1/eye/diag/k:0=Const, [], 6
	point_net_1/eye/diag/num_rows:0=Const, [], 6
	point_net_1/eye/diag/num_cols:0=Const, [], 6
	point_net_1/eye/diag/padding_value:0=Const, [], 1
Outpus:
	point_net_1/eye/diag:0=[-1, 3, 3], 1
2026-02-01 11:14:47,495 - tf2onnx.graph - DEBUG - Making node: Name=const_axes__28, OP=Const
2026-02-01 11:14:47,496 - tf2onnx.graph - DEBUG - Made node: const_axes__28
OP=Const
Name=const_axes__28
Outpus:
	const_axes__28=None, 7
2026-02-01 11:14:47,496 - tf2onnx.graph - DEBUG - Making node: Name=const_axes__29, OP=Const
2026-02-01 11:14:47,496 - tf2onnx.graph - DEBUG - Made node: const_axes__29
OP=Const
Name=const_axes__29
Outpus:
	const_axes__29=None, 7
2026-02-01 11:14:47,497 - tf2onnx.graph - DEBUG - Making node: Name=const_axes__30, OP=Const
2026-02-01 11:14:47,497 - tf2onnx.graph - DEBUG - Made node: const_axes__30
OP=Const
Name=const_axes__30
Outpus:
	const_axes__30=None, 7
2026-02-01 11:14:47,497 - tf2onnx.graph - DEBUG - Making node: Name=const__31, OP=Const
2026-02-01 11:14:47,498 - tf2onnx.graph - DEBUG - Made node: const__31
OP=Const
Name=const__31
Outpus:
	const__31=None, 7
2026-02-01 11:14:47,499 - tf2onnx.graph - DEBUG - Making node: Name=const__32, OP=Const
2026-02-01 11:14:47,499 - tf2onnx.graph - DEBUG - Made node: const__32
OP=Const
Name=const__32
Outpus:
	const__32=None, 7
2026-02-01 11:14:47,500 - tf2onnx.graph - DEBUG - Making node: Name=const__33, OP=Const
2026-02-01 11:14:47,500 - tf2onnx.graph - DEBUG - Made node: const__33
OP=Const
Name=const__33
Outpus:
	const__33=None, 7
2026-02-01 11:14:47,500 - tf2onnx.graph - DEBUG - Making node: Name=const__34, OP=Const
2026-02-01 11:14:47,500 - tf2onnx.graph - DEBUG - Made node: const__34
OP=Const
Name=const__34
Outpus:
	const__34=None, 7
2026-02-01 11:14:47,501 - tf2onnx.graph - DEBUG - Making node: Name=const__35, OP=Const
2026-02-01 11:14:47,501 - tf2onnx.graph - DEBUG - Made node: const__35
OP=Const
Name=const__35
Outpus:
	const__35=None, 7
2026-02-01 11:14:47,501 - tf2onnx.graph - DEBUG - Making node: Name=Shape__36, OP=Shape
2026-02-01 11:14:47,502 - tf2onnx.graph - DEBUG - Infer shape and dtype for [Shape__36]
2026-02-01 11:14:47,502 - tf2onnx.graph - DEBUG - Set dtype of [Shape__36:0] to 7
2026-02-01 11:14:47,502 - tf2onnx.graph - DEBUG - Set shape of [Shape__36:0] to [2]
2026-02-01 11:14:47,502 - tf2onnx.graph - DEBUG - Made node: Shape__36
OP=Shape
Name=Shape__36
Inputs:
	point_net_1/eye/ones:0=Expand, [-1, 3], 1
Outpus:
	Shape__36:0=[2], 7
2026-02-01 11:14:47,503 - tf2onnx.graph - DEBUG - Making node: Name=Slice__38, OP=Slice
2026-02-01 11:14:47,503 - tf2onnx.graph - DEBUG - Infer shape and dtype for [Slice__38]
2026-02-01 11:14:47,503 - tf2onnx.graph - DEBUG - Set dtype of [Slice__38:0] to 7
2026-02-01 11:14:47,503 - tf2onnx.graph - DEBUG - Set shape of [Slice__38:0] to [1]
2026-02-01 11:14:47,504 - tf2onnx.graph - DEBUG - Made node: Slice__38
OP=Slice
Name=Slice__38
Inputs:
	Shape__36:0=Shape, [2], 7
	const__31=Const, [1], 7
	const__32=Const, [1], 7
Outpus:
	Slice__38:0=[1], 7
2026-02-01 11:14:47,504 - tf2onnx.graph - DEBUG - Making node: Name=Cast__39, OP=Cast
2026-02-01 11:14:47,504 - tf2onnx.graph - DEBUG - Infer shape and dtype for [Cast__39]
2026-02-01 11:14:47,504 - tf2onnx.graph - DEBUG - Set dtype of [Cast__39:0] to 7
2026-02-01 11:14:47,504 - tf2onnx.graph - DEBUG - Set shape of [Cast__39:0] to []
2026-02-01 11:14:47,505 - tf2onnx.graph - DEBUG - Made node: Cast__39
OP=Cast
Name=Cast__39
Inputs:
	point_net_1/eye/diag/k:0=Const, [], 6
Outpus:
	Cast__39:0=[], 7
2026-02-01 11:14:47,505 - tf2onnx.graph - DEBUG - Making node: Name=Reshape__40, OP=Reshape
2026-02-01 11:14:47,505 - tf2onnx.graph - DEBUG - Infer shape and dtype for [Reshape__40]
2026-02-01 11:14:47,505 - tf2onnx.graph - DEBUG - Set dtype of [Reshape__40:0] to 7
2026-02-01 11:14:47,506 - tf2onnx.graph - DEBUG - Set shape of [Reshape__40:0] to [1]
2026-02-01 11:14:47,506 - tf2onnx.graph - DEBUG - Made node: Reshape__40
OP=Reshape
Name=Reshape__40
Inputs:
	Cast__39:0=Cast, [], 7
	const__32=Const, [1], 7
Outpus:
	Reshape__40:0=[1], 7
2026-02-01 11:14:47,506 - tf2onnx.graph - DEBUG - Making node: Name=ReduceMin__41, OP=ReduceMin
2026-02-01 11:14:47,506 - tf2onnx.graph - DEBUG - Infer shape and dtype for [ReduceMin__41]
2026-02-01 11:14:47,507 - tf2onnx.graph - DEBUG - Set dtype of [ReduceMin__41:0] to 7
2026-02-01 11:14:47,507 - tf2onnx.graph - DEBUG - Set shape of [ReduceMin__41:0] to [1]
2026-02-01 11:14:47,507 - tf2onnx.graph - DEBUG - Made node: ReduceMin__41
OP=ReduceMin
Name=ReduceMin__41
Inputs:
	Reshape__40:0=Reshape, [1], 7
Outpus:
	ReduceMin__41:0=[1], 7
2026-02-01 11:14:47,508 - tf2onnx.graph - DEBUG - Making node: Name=ReduceMax__42, OP=ReduceMax
2026-02-01 11:14:47,508 - tf2onnx.graph - DEBUG - Infer shape and dtype for [ReduceMax__42]
2026-02-01 11:14:47,508 - tf2onnx.graph - DEBUG - Set dtype of [ReduceMax__42:0] to 7
2026-02-01 11:14:47,509 - tf2onnx.graph - DEBUG - Set shape of [ReduceMax__42:0] to [1]
2026-02-01 11:14:47,509 - tf2onnx.graph - DEBUG - Made node: ReduceMax__42
OP=ReduceMax
Name=ReduceMax__42
Inputs:
	Reshape__40:0=Reshape, [1], 7
Outpus:
	ReduceMax__42:0=[1], 7
2026-02-01 11:14:47,509 - tf2onnx.graph - DEBUG - Making node: Name=Add__43, OP=Add
2026-02-01 11:14:47,509 - tf2onnx.graph - DEBUG - Infer shape and dtype for [Add__43]
2026-02-01 11:14:47,510 - tf2onnx.graph - DEBUG - Set dtype of [Add__43:0] to 7
2026-02-01 11:14:47,510 - tf2onnx.graph - DEBUG - Set shape of [Add__43:0] to [1]
2026-02-01 11:14:47,510 - tf2onnx.graph - DEBUG - Made node: Add__43
OP=Add
Name=Add__43
Inputs:
	ReduceMax__42:0=ReduceMax, [1], 7
	const__34=Const, [1], 7
Outpus:
	Add__43:0=[1], 7
2026-02-01 11:14:47,511 - tf2onnx.graph - DEBUG - Making node: Name=Sub__44, OP=Sub
2026-02-01 11:14:47,511 - tf2onnx.graph - DEBUG - Infer shape and dtype for [Sub__44]
2026-02-01 11:14:47,511 - tf2onnx.graph - DEBUG - Set dtype of [Sub__44:0] to 7
2026-02-01 11:14:47,511 - tf2onnx.graph - DEBUG - Set shape of [Sub__44:0] to [1]
2026-02-01 11:14:47,512 - tf2onnx.graph - DEBUG - Made node: Sub__44
OP=Sub
Name=Sub__44
Inputs:
	Add__43:0=Add, [1], 7
	ReduceMin__41:0=ReduceMin, [1], 7
Outpus:
	Sub__44:0=[1], 7
2026-02-01 11:14:47,512 - tf2onnx.graph - DEBUG - Making node: Name=Equal__45, OP=Equal
2026-02-01 11:14:47,512 - tf2onnx.graph - DEBUG - Infer shape and dtype for [Equal__45]
2026-02-01 11:14:47,512 - tf2onnx.graph - DEBUG - Set dtype of [Equal__45:0] to 9
2026-02-01 11:14:47,513 - tf2onnx.graph - DEBUG - Set shape of [Equal__45:0] to [1]
2026-02-01 11:14:47,513 - tf2onnx.graph - DEBUG - Made node: Equal__45
OP=Equal
Name=Equal__45
Inputs:
	Sub__44:0=Sub, [1], 7
	Slice__38:0=Slice, [1], 7
Outpus:
	Equal__45:0=[1], 9
2026-02-01 11:14:47,513 - tf2onnx.graph - DEBUG - Making node: Name=Identity__47, OP=Identity
2026-02-01 11:14:47,513 - tf2onnx.graph - DEBUG - Infer shape and dtype for [Identity__47]
2026-02-01 11:14:47,514 - tf2onnx.graph - DEBUG - Set dtype of [Identity__47:0] to 1
2026-02-01 11:14:47,514 - tf2onnx.graph - DEBUG - Set shape of [Identity__47:0] to [-1, 3]
2026-02-01 11:14:47,514 - tf2onnx.graph - DEBUG - Made node: Identity__47
OP=Identity
Name=Identity__47
Inputs:
	point_net_1/eye/ones:0=Expand, [-1, 3], 1
Outpus:
	Identity__47:0=[-1, 3], 1
2026-02-01 11:14:47,514 - tf2onnx.graph - DEBUG - Making node: Name=Unsqueeze__50, OP=Unsqueeze
2026-02-01 11:14:47,515 - tf2onnx.graph - DEBUG - Infer shape and dtype for [Unsqueeze__50]
2026-02-01 11:14:47,515 - tf2onnx.graph - DEBUG - Set dtype of [Unsqueeze__50:0] to 1
2026-02-01 11:14:47,516 - tf2onnx.graph - DEBUG - Set shape of [Unsqueeze__50:0] to [-1, 1, 3]
2026-02-01 11:14:47,516 - tf2onnx.graph - DEBUG - Made node: Unsqueeze__50
OP=Unsqueeze
Name=Unsqueeze__50
Inputs:
	point_net_1/eye/ones:0=Expand, [-1, 3], 1
	const_axes__30=Const, [1], 7
Outpus:
	Unsqueeze__50:0=[-1, 1, 3], 1
2026-02-01 11:14:47,516 - tf2onnx.graph - DEBUG - Making node: Name=If__52, OP=If
2026-02-01 11:14:47,517 - tf2onnx.graph - DEBUG - Infer shape and dtype for [If__52]
2026-02-01 11:14:47,528 - tf2onnx.graph - DEBUG - Set dtype of [If__52:0] to 1
2026-02-01 11:14:47,529 - tf2onnx.graph - DEBUG - Inferred shape for [If__52, type: If] is None, SKIP
2026-02-01 11:14:47,529 - tf2onnx.graph - DEBUG - Made node: If__52
OP=If
Name=If__52
Inputs:
	Equal__45:0=Equal, [1], 9
Outpus:
	If__52:0=None, 1
2026-02-01 11:14:47,529 - tf2onnx.graph - DEBUG - Making node: Name=Cast__57, OP=Cast
2026-02-01 11:14:47,530 - tf2onnx.graph - DEBUG - Infer shape and dtype for [Cast__57]
2026-02-01 11:14:47,530 - tf2onnx.graph - DEBUG - Set dtype of [Cast__57:0] to 7
2026-02-01 11:14:47,530 - tf2onnx.graph - DEBUG - Set shape of [Cast__57:0] to []
2026-02-01 11:14:47,531 - tf2onnx.graph - DEBUG - Made node: Cast__57
OP=Cast
Name=Cast__57
Inputs:
	point_net_1/eye/diag/num_rows:0=Const, [], 6
Outpus:
	Cast__57:0=[], 7
2026-02-01 11:14:47,531 - tf2onnx.graph - DEBUG - Making node: Name=Reshape__58, OP=Reshape
2026-02-01 11:14:47,531 - tf2onnx.graph - DEBUG - Infer shape and dtype for [Reshape__58]
2026-02-01 11:14:47,532 - tf2onnx.graph - DEBUG - Set dtype of [Reshape__58:0] to 7
2026-02-01 11:14:47,533 - tf2onnx.graph - DEBUG - Set shape of [Reshape__58:0] to [1]
2026-02-01 11:14:47,533 - tf2onnx.graph - DEBUG - Made node: Reshape__58
OP=Reshape
Name=Reshape__58
Inputs:
	Cast__57:0=Cast, [], 7
	const__32=Const, [1], 7
Outpus:
	Reshape__58:0=[1], 7
2026-02-01 11:14:47,534 - tf2onnx.graph - DEBUG - Making node: Name=Cast__59, OP=Cast
2026-02-01 11:14:47,534 - tf2onnx.graph - DEBUG - Infer shape and dtype for [Cast__59]
2026-02-01 11:14:47,534 - tf2onnx.graph - DEBUG - Set dtype of [Cast__59:0] to 7
2026-02-01 11:14:47,535 - tf2onnx.graph - DEBUG - Set shape of [Cast__59:0] to []
2026-02-01 11:14:47,535 - tf2onnx.graph - DEBUG - Made node: Cast__59
OP=Cast
Name=Cast__59
Inputs:
	point_net_1/eye/diag/num_cols:0=Const, [], 6
Outpus:
	Cast__59:0=[], 7
2026-02-01 11:14:47,535 - tf2onnx.graph - DEBUG - Making node: Name=Reshape__60, OP=Reshape
2026-02-01 11:14:47,535 - tf2onnx.graph - DEBUG - Infer shape and dtype for [Reshape__60]
2026-02-01 11:14:47,536 - tf2onnx.graph - DEBUG - Set dtype of [Reshape__60:0] to 7
2026-02-01 11:14:47,536 - tf2onnx.graph - DEBUG - Set shape of [Reshape__60:0] to [1]
2026-02-01 11:14:47,536 - tf2onnx.graph - DEBUG - Made node: Reshape__60
OP=Reshape
Name=Reshape__60
Inputs:
	Cast__59:0=Cast, [], 7
	const__32=Const, [1], 7
Outpus:
	Reshape__60:0=[1], 7
2026-02-01 11:14:47,536 - tf2onnx.graph - DEBUG - Making node: Name=Shape__61, OP=Shape
2026-02-01 11:14:47,537 - tf2onnx.graph - DEBUG - Infer shape and dtype for [Shape__61]
2026-02-01 11:14:47,537 - tf2onnx.graph - DEBUG - Set dtype of [Shape__61:0] to 7
2026-02-01 11:14:47,537 - tf2onnx.graph - DEBUG - Set shape of [Shape__61:0] to [-1]
2026-02-01 11:14:47,538 - tf2onnx.graph - DEBUG - Made node: Shape__61
OP=Shape
Name=Shape__61
Inputs:
	If__52:0=If, None, 1
Outpus:
	Shape__61:0=[-1], 7
2026-02-01 11:14:47,538 - tf2onnx.graph - DEBUG - Making node: Name=Shape__62, OP=Shape
2026-02-01 11:14:47,538 - tf2onnx.graph - DEBUG - Infer shape and dtype for [Shape__62]
2026-02-01 11:14:47,538 - tf2onnx.graph - DEBUG - Set dtype of [Shape__62:0] to 7
2026-02-01 11:14:47,538 - tf2onnx.graph - DEBUG - Set shape of [Shape__62:0] to [1]
2026-02-01 11:14:47,539 - tf2onnx.graph - DEBUG - Made node: Shape__62
OP=Shape
Name=Shape__62
Inputs:
	Shape__61:0=Shape, [-1], 7
Outpus:
	Shape__62:0=[1], 7
2026-02-01 11:14:47,539 - tf2onnx.graph - DEBUG - Making node: Name=Slice__64, OP=Slice
2026-02-01 11:14:47,539 - tf2onnx.graph - DEBUG - Infer shape and dtype for [Slice__64]
2026-02-01 11:14:47,540 - tf2onnx.graph - DEBUG - Set dtype of [Slice__64:0] to 7
2026-02-01 11:14:47,540 - tf2onnx.graph - DEBUG - Set shape of [Slice__64:0] to [-1]
2026-02-01 11:14:47,540 - tf2onnx.graph - DEBUG - Made node: Slice__64
OP=Slice
Name=Slice__64
Inputs:
	Shape__61:0=Shape, [-1], 7
	const__33=Const, [1], 7
	const__31=Const, [1], 7
Outpus:
	Slice__64:0=[-1], 7
2026-02-01 11:14:47,541 - tf2onnx.graph - DEBUG - Making node: Name=Slice__66, OP=Slice
2026-02-01 11:14:47,541 - tf2onnx.graph - DEBUG - Infer shape and dtype for [Slice__66]
2026-02-01 11:14:47,541 - tf2onnx.graph - DEBUG - Set dtype of [Slice__66:0] to 7
2026-02-01 11:14:47,541 - tf2onnx.graph - DEBUG - Set shape of [Slice__66:0] to [-1]
2026-02-01 11:14:47,542 - tf2onnx.graph - DEBUG - Made node: Slice__66
OP=Slice
Name=Slice__66
Inputs:
	Shape__61:0=Shape, [-1], 7
	const__31=Const, [1], 7
	Shape__62:0=Shape, [1], 7
Outpus:
	Slice__66:0=[-1], 7
2026-02-01 11:14:47,542 - tf2onnx.graph - DEBUG - Making node: Name=Slice__68, OP=Slice
2026-02-01 11:14:47,542 - tf2onnx.graph - DEBUG - Infer shape and dtype for [Slice__68]
2026-02-01 11:14:47,543 - tf2onnx.graph - DEBUG - Set dtype of [Slice__68:0] to 7
2026-02-01 11:14:47,543 - tf2onnx.graph - DEBUG - Set shape of [Slice__68:0] to [-1]
2026-02-01 11:14:47,543 - tf2onnx.graph - DEBUG - Made node: Slice__68
OP=Slice
Name=Slice__68
Inputs:
	Shape__61:0=Shape, [-1], 7
	const__32=Const, [1], 7
	Shape__62:0=Shape, [1], 7
Outpus:
	Slice__68:0=[-1], 7
2026-02-01 11:14:47,543 - tf2onnx.graph - DEBUG - Making node: Name=Slice__70, OP=Slice
2026-02-01 11:14:47,544 - tf2onnx.graph - DEBUG - Infer shape and dtype for [Slice__70]
2026-02-01 11:14:47,544 - tf2onnx.graph - DEBUG - Set dtype of [Slice__70:0] to 7
2026-02-01 11:14:47,544 - tf2onnx.graph - DEBUG - Set shape of [Slice__70:0] to [-1]
2026-02-01 11:14:47,545 - tf2onnx.graph - DEBUG - Made node: Slice__70
OP=Slice
Name=Slice__70
Inputs:
	Shape__61:0=Shape, [-1], 7
	const__31=Const, [1], 7
	const__32=Const, [1], 7
Outpus:
	Slice__70:0=[-1], 7
2026-02-01 11:14:47,545 - tf2onnx.graph - DEBUG - Making node: Name=Squeeze__72, OP=Squeeze
2026-02-01 11:14:47,545 - tf2onnx.graph - DEBUG - Infer shape and dtype for [Squeeze__72]
2026-02-01 11:14:47,545 - tf2onnx.graph - DEBUG - Set dtype of [Squeeze__72:0] to 7
2026-02-01 11:14:47,546 - tf2onnx.graph - DEBUG - Set shape of [Squeeze__72:0] to []
2026-02-01 11:14:47,546 - tf2onnx.graph - DEBUG - Made node: Squeeze__72
OP=Squeeze
Name=Squeeze__72
Inputs:
	ReduceMin__41:0=ReduceMin, [1], 7
	const_axes__29=Const, [1], 7
Outpus:
	Squeeze__72:0=[], 7
2026-02-01 11:14:47,546 - tf2onnx.graph - DEBUG - Making node: Name=Squeeze__73, OP=Squeeze
2026-02-01 11:14:47,546 - tf2onnx.graph - DEBUG - Infer shape and dtype for [Squeeze__73]
2026-02-01 11:14:47,547 - tf2onnx.graph - DEBUG - Set dtype of [Squeeze__73:0] to 7
2026-02-01 11:14:47,547 - tf2onnx.graph - DEBUG - Set shape of [Squeeze__73:0] to []
2026-02-01 11:14:47,547 - tf2onnx.graph - DEBUG - Made node: Squeeze__73
OP=Squeeze
Name=Squeeze__73
Inputs:
	Add__43:0=Add, [1], 7
	const_axes__29=Const, [1], 7
Outpus:
	Squeeze__73:0=[], 7
2026-02-01 11:14:47,547 - tf2onnx.graph - DEBUG - Making node: Name=Squeeze__74, OP=Squeeze
2026-02-01 11:14:47,547 - tf2onnx.graph - DEBUG - Infer shape and dtype for [Squeeze__74]
2026-02-01 11:14:47,548 - tf2onnx.graph - DEBUG - Set dtype of [Squeeze__74:0] to 7
2026-02-01 11:14:47,548 - tf2onnx.graph - DEBUG - Set shape of [Squeeze__74:0] to []
2026-02-01 11:14:47,548 - tf2onnx.graph - DEBUG - Made node: Squeeze__74
OP=Squeeze
Name=Squeeze__74
Inputs:
	const__34=Const, [1], 7
	const_axes__29=Const, [1], 7
Outpus:
	Squeeze__74:0=[], 7
2026-02-01 11:14:47,549 - tf2onnx.graph - DEBUG - Making node: Name=Range__75, OP=Range
2026-02-01 11:14:47,549 - tf2onnx.graph - DEBUG - Infer shape and dtype for [Range__75]
2026-02-01 11:14:47,549 - tf2onnx.graph - DEBUG - Set dtype of [Range__75:0] to 7
2026-02-01 11:14:47,550 - tf2onnx.graph - DEBUG - Set shape of [Range__75:0] to [-1]
2026-02-01 11:14:47,550 - tf2onnx.graph - DEBUG - Made node: Range__75
OP=Range
Name=Range__75
Inputs:
	Squeeze__72:0=Squeeze, [], 7
	Squeeze__73:0=Squeeze, [], 7
	Squeeze__74:0=Squeeze, [], 7
Outpus:
	Range__75:0=[-1], 7
2026-02-01 11:14:47,550 - tf2onnx.graph - DEBUG - Making node: Name=Abs__76, OP=Abs
2026-02-01 11:14:47,550 - tf2onnx.graph - DEBUG - Infer shape and dtype for [Abs__76]
2026-02-01 11:14:47,551 - tf2onnx.graph - DEBUG - Set dtype of [Abs__76:0] to 7
2026-02-01 11:14:47,551 - tf2onnx.graph - DEBUG - Set shape of [Abs__76:0] to [-1]
2026-02-01 11:14:47,551 - tf2onnx.graph - DEBUG - Made node: Abs__76
OP=Abs
Name=Abs__76
Inputs:
	Range__75:0=Range, [-1], 7
Outpus:
	Abs__76:0=[-1], 7
2026-02-01 11:14:47,552 - tf2onnx.graph - DEBUG - Making node: Name=ReduceMin__78, OP=ReduceMin
2026-02-01 11:14:47,552 - tf2onnx.graph - DEBUG - Infer shape and dtype for [ReduceMin__78]
2026-02-01 11:14:47,552 - tf2onnx.graph - DEBUG - Set dtype of [ReduceMin__78:0] to 7
2026-02-01 11:14:47,552 - tf2onnx.graph - DEBUG - Set shape of [ReduceMin__78:0] to [1]
2026-02-01 11:14:47,553 - tf2onnx.graph - DEBUG - Made node: ReduceMin__78
OP=ReduceMin
Name=ReduceMin__78
Inputs:
	Abs__76:0=Abs, [-1], 7
Outpus:
	ReduceMin__78:0=[1], 7
2026-02-01 11:14:47,553 - tf2onnx.graph - DEBUG - Making node: Name=Add__80, OP=Add
2026-02-01 11:14:47,553 - tf2onnx.graph - DEBUG - Infer shape and dtype for [Add__80]
2026-02-01 11:14:47,553 - tf2onnx.graph - DEBUG - Set dtype of [Add__80:0] to 7
2026-02-01 11:14:47,554 - tf2onnx.graph - DEBUG - Set shape of [Add__80:0] to [-1]
2026-02-01 11:14:47,554 - tf2onnx.graph - DEBUG - Made node: Add__80
OP=Add
Name=Add__80
Inputs:
	ReduceMin__78:0=ReduceMin, [1], 7
	Slice__68:0=Slice, [-1], 7
Outpus:
	Add__80:0=[-1], 7
2026-02-01 11:14:47,554 - tf2onnx.graph - DEBUG - Making node: Name=Greater__82, OP=Greater
2026-02-01 11:14:47,554 - tf2onnx.graph - DEBUG - Infer shape and dtype for [Greater__82]
2026-02-01 11:14:47,555 - tf2onnx.graph - DEBUG - Set dtype of [Greater__82:0] to 9
2026-02-01 11:14:47,555 - tf2onnx.graph - DEBUG - Set shape of [Greater__82:0] to [1]
2026-02-01 11:14:47,555 - tf2onnx.graph - DEBUG - Made node: Greater__82
OP=Greater
Name=Greater__82
Inputs:
	Reshape__58:0=Reshape, [1], 7
	const__33=Const, [1], 7
Outpus:
	Greater__82:0=[1], 9
2026-02-01 11:14:47,555 - tf2onnx.graph - DEBUG - Making node: Name=Greater__83, OP=Greater
2026-02-01 11:14:47,556 - tf2onnx.graph - DEBUG - Infer shape and dtype for [Greater__83]
2026-02-01 11:14:47,556 - tf2onnx.graph - DEBUG - Set dtype of [Greater__83:0] to 9
2026-02-01 11:14:47,556 - tf2onnx.graph - DEBUG - Set shape of [Greater__83:0] to [1]
2026-02-01 11:14:47,556 - tf2onnx.graph - DEBUG - Made node: Greater__83
OP=Greater
Name=Greater__83
Inputs:
	Reshape__60:0=Reshape, [1], 7
	const__33=Const, [1], 7
Outpus:
	Greater__83:0=[1], 9
2026-02-01 11:14:47,557 - tf2onnx.graph - DEBUG - Making node: Name=Identity__86, OP=Identity
2026-02-01 11:14:47,557 - tf2onnx.graph - DEBUG - Infer shape and dtype for [Identity__86]
2026-02-01 11:14:47,557 - tf2onnx.graph - DEBUG - Set dtype of [Identity__86:0] to 7
2026-02-01 11:14:47,557 - tf2onnx.graph - DEBUG - Set shape of [Identity__86:0] to [1]
2026-02-01 11:14:47,558 - tf2onnx.graph - DEBUG - Made node: Identity__86
OP=Identity
Name=Identity__86
Inputs:
	Reshape__58:0=Reshape, [1], 7
Outpus:
	Identity__86:0=[1], 7
2026-02-01 11:14:47,558 - tf2onnx.graph - DEBUG - Making node: Name=Identity__87, OP=Identity
2026-02-01 11:14:47,558 - tf2onnx.graph - DEBUG - Infer shape and dtype for [Identity__87]
2026-02-01 11:14:47,558 - tf2onnx.graph - DEBUG - Set dtype of [Identity__87:0] to 7
2026-02-01 11:14:47,559 - tf2onnx.graph - DEBUG - Set shape of [Identity__87:0] to [1]
2026-02-01 11:14:47,559 - tf2onnx.graph - DEBUG - Made node: Identity__87
OP=Identity
Name=Identity__87
Inputs:
	Reshape__60:0=Reshape, [1], 7
Outpus:
	Identity__87:0=[1], 7
2026-02-01 11:14:47,559 - tf2onnx.graph - DEBUG - Making node: Name=Concat__88, OP=Concat
2026-02-01 11:14:47,560 - tf2onnx.graph - DEBUG - Infer shape and dtype for [Concat__88]
2026-02-01 11:14:47,560 - tf2onnx.graph - DEBUG - Set dtype of [Concat__88:0] to 7
2026-02-01 11:14:47,561 - tf2onnx.graph - DEBUG - Set shape of [Concat__88:0] to [2]
2026-02-01 11:14:47,561 - tf2onnx.graph - DEBUG - Made node: Concat__88
OP=Concat
Name=Concat__88
Inputs:
	Identity__86:0=Identity, [1], 7
	Identity__87:0=Identity, [1], 7
Outpus:
	Concat__88:0=[2], 7
2026-02-01 11:14:47,561 - tf2onnx.graph - DEBUG - Making node: Name=Identity__90, OP=Identity
2026-02-01 11:14:47,561 - tf2onnx.graph - DEBUG - Infer shape and dtype for [Identity__90]
2026-02-01 11:14:47,562 - tf2onnx.graph - DEBUG - Set dtype of [Identity__90:0] to 7
2026-02-01 11:14:47,562 - tf2onnx.graph - DEBUG - Set shape of [Identity__90:0] to [1]
2026-02-01 11:14:47,562 - tf2onnx.graph - DEBUG - Made node: Identity__90
OP=Identity
Name=Identity__90
Inputs:
	Reshape__58:0=Reshape, [1], 7
Outpus:
	Identity__90:0=[1], 7
2026-02-01 11:14:47,562 - tf2onnx.graph - DEBUG - Making node: Name=Identity__91, OP=Identity
2026-02-01 11:14:47,563 - tf2onnx.graph - DEBUG - Infer shape and dtype for [Identity__91]
2026-02-01 11:14:47,563 - tf2onnx.graph - DEBUG - Set dtype of [Identity__91:0] to 7
2026-02-01 11:14:47,563 - tf2onnx.graph - DEBUG - Set shape of [Identity__91:0] to [-1]
2026-02-01 11:14:47,564 - tf2onnx.graph - DEBUG - Made node: Identity__91
OP=Identity
Name=Identity__91
Inputs:
	Slice__68:0=Slice, [-1], 7
Outpus:
	Identity__91:0=[-1], 7
2026-02-01 11:14:47,564 - tf2onnx.graph - DEBUG - Making node: Name=Concat__93, OP=Concat
2026-02-01 11:14:47,564 - tf2onnx.graph - DEBUG - Infer shape and dtype for [Concat__93]
2026-02-01 11:14:47,565 - tf2onnx.graph - DEBUG - Set dtype of [Concat__93:0] to 7
2026-02-01 11:14:47,565 - tf2onnx.graph - DEBUG - Set shape of [Concat__93:0] to [-1]
2026-02-01 11:14:47,566 - tf2onnx.graph - DEBUG - Made node: Concat__93
OP=Concat
Name=Concat__93
Inputs:
	Identity__90:0=Identity, [1], 7
	Identity__91:0=Identity, [-1], 7
Outpus:
	Concat__93:0=[-1], 7
2026-02-01 11:14:47,566 - tf2onnx.graph - DEBUG - Making node: Name=If__95, OP=If
2026-02-01 11:14:47,566 - tf2onnx.graph - DEBUG - Infer shape and dtype for [If__95]
2026-02-01 11:14:47,585 - tf2onnx.graph - DEBUG - Set dtype of [If__95:0] to 7
2026-02-01 11:14:47,585 - tf2onnx.graph - DEBUG - Set shape of [If__95:0] to [-1]
2026-02-01 11:14:47,586 - tf2onnx.graph - DEBUG - Made node: If__95
OP=If
Name=If__95
Inputs:
	Greater__83:0=Greater, [1], 9
Outpus:
	If__95:0=[-1], 7
2026-02-01 11:14:47,586 - tf2onnx.graph - DEBUG - Making node: Name=Identity__100, OP=Identity
2026-02-01 11:14:47,586 - tf2onnx.graph - DEBUG - Infer shape and dtype for [Identity__100]
2026-02-01 11:14:47,587 - tf2onnx.graph - DEBUG - Set dtype of [Identity__100:0] to 7
2026-02-01 11:14:47,587 - tf2onnx.graph - DEBUG - Set shape of [Identity__100:0] to [-1]
2026-02-01 11:14:47,587 - tf2onnx.graph - DEBUG - Made node: Identity__100
OP=Identity
Name=Identity__100
Inputs:
	Slice__68:0=Slice, [-1], 7
Outpus:
	Identity__100:0=[-1], 7
2026-02-01 11:14:47,588 - tf2onnx.graph - DEBUG - Making node: Name=Identity__102, OP=Identity
2026-02-01 11:14:47,588 - tf2onnx.graph - DEBUG - Infer shape and dtype for [Identity__102]
2026-02-01 11:14:47,588 - tf2onnx.graph - DEBUG - Set dtype of [Identity__102:0] to 7
2026-02-01 11:14:47,589 - tf2onnx.graph - DEBUG - Set shape of [Identity__102:0] to [1]
2026-02-01 11:14:47,589 - tf2onnx.graph - DEBUG - Made node: Identity__102
OP=Identity
Name=Identity__102
Inputs:
	Reshape__60:0=Reshape, [1], 7
Outpus:
	Identity__102:0=[1], 7
2026-02-01 11:14:47,589 - tf2onnx.graph - DEBUG - Making node: Name=Concat__103, OP=Concat
2026-02-01 11:14:47,590 - tf2onnx.graph - DEBUG - Infer shape and dtype for [Concat__103]
2026-02-01 11:14:47,590 - tf2onnx.graph - DEBUG - Set dtype of [Concat__103:0] to 7
2026-02-01 11:14:47,590 - tf2onnx.graph - DEBUG - Set shape of [Concat__103:0] to [-1]
2026-02-01 11:14:47,591 - tf2onnx.graph - DEBUG - Made node: Concat__103
OP=Concat
Name=Concat__103
Inputs:
	Identity__100:0=Identity, [-1], 7
	Identity__102:0=Identity, [1], 7
Outpus:
	Concat__103:0=[-1], 7
2026-02-01 11:14:47,591 - tf2onnx.graph - DEBUG - Making node: Name=Identity__106, OP=Identity
2026-02-01 11:14:47,591 - tf2onnx.graph - DEBUG - Infer shape and dtype for [Identity__106]
2026-02-01 11:14:47,592 - tf2onnx.graph - DEBUG - Set dtype of [Identity__106:0] to 7
2026-02-01 11:14:47,592 - tf2onnx.graph - DEBUG - Set shape of [Identity__106:0] to [-1]
2026-02-01 11:14:47,592 - tf2onnx.graph - DEBUG - Made node: Identity__106
OP=Identity
Name=Identity__106
Inputs:
	Add__80:0=Add, [-1], 7
Outpus:
	Identity__106:0=[-1], 7
2026-02-01 11:14:47,593 - tf2onnx.graph - DEBUG - Making node: Name=Concat__108, OP=Concat
2026-02-01 11:14:47,593 - tf2onnx.graph - DEBUG - Infer shape and dtype for [Concat__108]
2026-02-01 11:14:47,593 - tf2onnx.graph - DEBUG - Set dtype of [Concat__108:0] to 7
2026-02-01 11:14:47,594 - tf2onnx.graph - DEBUG - Set shape of [Concat__108:0] to [-1]
2026-02-01 11:14:47,594 - tf2onnx.graph - DEBUG - Made node: Concat__108
OP=Concat
Name=Concat__108
Inputs:
	Identity__106:0=Identity, [-1], 7
	Identity__106:0=Identity, [-1], 7
Outpus:
	Concat__108:0=[-1], 7
2026-02-01 11:14:47,594 - tf2onnx.graph - DEBUG - Making node: Name=If__111, OP=If
2026-02-01 11:14:47,594 - tf2onnx.graph - DEBUG - Infer shape and dtype for [If__111]
2026-02-01 11:14:47,614 - tf2onnx.graph - DEBUG - Set dtype of [If__111:0] to 7
2026-02-01 11:14:47,614 - tf2onnx.graph - DEBUG - Set shape of [If__111:0] to [-1]
2026-02-01 11:14:47,615 - tf2onnx.graph - DEBUG - Made node: If__111
OP=If
Name=If__111
Inputs:
	Greater__83:0=Greater, [1], 9
Outpus:
	If__111:0=[-1], 7
2026-02-01 11:14:47,615 - tf2onnx.graph - DEBUG - Making node: Name=If__114, OP=If
2026-02-01 11:14:47,616 - tf2onnx.graph - DEBUG - Infer shape and dtype for [If__114]
2026-02-01 11:14:47,627 - tf2onnx.graph - DEBUG - Set dtype of [If__114:0] to 7
2026-02-01 11:14:47,627 - tf2onnx.graph - DEBUG - Set shape of [If__114:0] to [-1]
2026-02-01 11:14:47,628 - tf2onnx.graph - DEBUG - Made node: If__114
OP=If
Name=If__114
Inputs:
	Greater__82:0=Greater, [1], 9
Outpus:
	If__114:0=[-1], 7
2026-02-01 11:14:47,628 - tf2onnx.graph - DEBUG - Making node: Name=Slice__121, OP=Slice
2026-02-01 11:14:47,629 - tf2onnx.graph - DEBUG - Infer shape and dtype for [Slice__121]
2026-02-01 11:14:47,629 - tf2onnx.graph - DEBUG - Set dtype of [Slice__121:0] to 7
2026-02-01 11:14:47,630 - tf2onnx.graph - DEBUG - Set shape of [Slice__121:0] to [-1]
2026-02-01 11:14:47,632 - tf2onnx.graph - DEBUG - Made node: Slice__121
OP=Slice
Name=Slice__121
Inputs:
	If__114:0=If, [-1], 7
	const__33=Const, [1], 7
	const__34=Const, [1], 7
Outpus:
	Slice__121:0=[-1], 7
2026-02-01 11:14:47,632 - tf2onnx.graph - DEBUG - Making node: Name=Slice__123, OP=Slice
2026-02-01 11:14:47,633 - tf2onnx.graph - DEBUG - Infer shape and dtype for [Slice__123]
2026-02-01 11:14:47,633 - tf2onnx.graph - DEBUG - Set dtype of [Slice__123:0] to 7
2026-02-01 11:14:47,633 - tf2onnx.graph - DEBUG - Set shape of [Slice__123:0] to [-1]
2026-02-01 11:14:47,634 - tf2onnx.graph - DEBUG - Made node: Slice__123
OP=Slice
Name=Slice__123
Inputs:
	If__114:0=If, [-1], 7
	const__34=Const, [1], 7
	const__35=Const, [1], 7
Outpus:
	Slice__123:0=[-1], 7
2026-02-01 11:14:47,634 - tf2onnx.graph - DEBUG - Making node: Name=Sub__125, OP=Sub
2026-02-01 11:14:47,635 - tf2onnx.graph - DEBUG - Infer shape and dtype for [Sub__125]
2026-02-01 11:14:47,635 - tf2onnx.graph - DEBUG - Set dtype of [Sub__125:0] to 7
2026-02-01 11:14:47,635 - tf2onnx.graph - DEBUG - Set shape of [Sub__125:0] to [-1]
2026-02-01 11:14:47,636 - tf2onnx.graph - DEBUG - Made node: Sub__125
OP=Sub
Name=Sub__125
Inputs:
	const__34=Const, [1], 7
	Slice__121:0=Slice, [-1], 7
Outpus:
	Sub__125:0=[-1], 7
2026-02-01 11:14:47,636 - tf2onnx.graph - DEBUG - Making node: Name=Min__127, OP=Min
2026-02-01 11:14:47,636 - tf2onnx.graph - DEBUG - Infer shape and dtype for [Min__127]
2026-02-01 11:14:47,637 - tf2onnx.graph - DEBUG - Set dtype of [Min__127:0] to 7
2026-02-01 11:14:47,637 - tf2onnx.graph - DEBUG - Set shape of [Min__127:0] to [-1]
2026-02-01 11:14:47,637 - tf2onnx.graph - DEBUG - Made node: Min__127
OP=Min
Name=Min__127
Inputs:
	Slice__121:0=Slice, [-1], 7
	Slice__123:0=Slice, [-1], 7
Outpus:
	Min__127:0=[-1], 7
2026-02-01 11:14:47,637 - tf2onnx.graph - DEBUG - Making node: Name=Sub__130, OP=Sub
2026-02-01 11:14:47,638 - tf2onnx.graph - DEBUG - Infer shape and dtype for [Sub__130]
2026-02-01 11:14:47,638 - tf2onnx.graph - DEBUG - Set dtype of [Sub__130:0] to 7
2026-02-01 11:14:47,638 - tf2onnx.graph - DEBUG - Set shape of [Sub__130:0] to [-1]
2026-02-01 11:14:47,639 - tf2onnx.graph - DEBUG - Made node: Sub__130
OP=Sub
Name=Sub__130
Inputs:
	Slice__121:0=Slice, [-1], 7
	Slice__123:0=Slice, [-1], 7
Outpus:
	Sub__130:0=[-1], 7
2026-02-01 11:14:47,639 - tf2onnx.graph - DEBUG - Making node: Name=Abs__133, OP=Abs
2026-02-01 11:14:47,639 - tf2onnx.graph - DEBUG - Infer shape and dtype for [Abs__133]
2026-02-01 11:14:47,640 - tf2onnx.graph - DEBUG - Set dtype of [Abs__133:0] to 7
2026-02-01 11:14:47,640 - tf2onnx.graph - DEBUG - Set shape of [Abs__133:0] to [-1]
2026-02-01 11:14:47,640 - tf2onnx.graph - DEBUG - Made node: Abs__133
OP=Abs
Name=Abs__133
Inputs:
	Sub__130:0=Sub, [-1], 7
Outpus:
	Abs__133:0=[-1], 7
2026-02-01 11:14:47,641 - tf2onnx.graph - DEBUG - Making node: Name=Squeeze__135, OP=Squeeze
2026-02-01 11:14:47,641 - tf2onnx.graph - DEBUG - Infer shape and dtype for [Squeeze__135]
2026-02-01 11:14:47,641 - tf2onnx.graph - DEBUG - Set dtype of [Squeeze__135:0] to 7
2026-02-01 11:14:47,641 - tf2onnx.graph - DEBUG - Set shape of [Squeeze__135:0] to []
2026-02-01 11:14:47,642 - tf2onnx.graph - DEBUG - Made node: Squeeze__135
OP=Squeeze
Name=Squeeze__135
Inputs:
	const__34=Const, [1], 7
	const_axes__29=Const, [1], 7
Outpus:
	Squeeze__135:0=[], 7
2026-02-01 11:14:47,642 - tf2onnx.graph - DEBUG - Making node: Name=Squeeze__136, OP=Squeeze
2026-02-01 11:14:47,642 - tf2onnx.graph - DEBUG - Infer shape and dtype for [Squeeze__136]
2026-02-01 11:14:47,643 - tf2onnx.graph - DEBUG - Set dtype of [Squeeze__136:0] to 7
2026-02-01 11:14:47,643 - tf2onnx.graph - DEBUG - Set shape of [Squeeze__136:0] to []
2026-02-01 11:14:47,643 - tf2onnx.graph - DEBUG - Made node: Squeeze__136
OP=Squeeze
Name=Squeeze__136
Inputs:
	Min__127:0=Min, [-1], 7
	const_axes__29=Const, [1], 7
Outpus:
	Squeeze__136:0=[], 7
2026-02-01 11:14:47,643 - tf2onnx.graph - DEBUG - Making node: Name=Squeeze__138, OP=Squeeze
2026-02-01 11:14:47,643 - tf2onnx.graph - DEBUG - Infer shape and dtype for [Squeeze__138]
2026-02-01 11:14:47,644 - tf2onnx.graph - DEBUG - Set dtype of [Squeeze__138:0] to 7
2026-02-01 11:14:47,644 - tf2onnx.graph - DEBUG - Set shape of [Squeeze__138:0] to []
2026-02-01 11:14:47,644 - tf2onnx.graph - DEBUG - Made node: Squeeze__138
OP=Squeeze
Name=Squeeze__138
Inputs:
	const__34=Const, [1], 7
	const_axes__29=Const, [1], 7
Outpus:
	Squeeze__138:0=[], 7
2026-02-01 11:14:47,645 - tf2onnx.graph - DEBUG - Making node: Name=Range__139, OP=Range
2026-02-01 11:14:47,645 - tf2onnx.graph - DEBUG - Infer shape and dtype for [Range__139]
2026-02-01 11:14:47,645 - tf2onnx.graph - DEBUG - Set dtype of [Range__139:0] to 7
2026-02-01 11:14:47,645 - tf2onnx.graph - DEBUG - Set shape of [Range__139:0] to [-1]
2026-02-01 11:14:47,646 - tf2onnx.graph - DEBUG - Made node: Range__139
OP=Range
Name=Range__139
Inputs:
	Squeeze__135:0=Squeeze, [], 7
	Squeeze__136:0=Squeeze, [], 7
	Squeeze__138:0=Squeeze, [], 7
Outpus:
	Range__139:0=[-1], 7
2026-02-01 11:14:47,646 - tf2onnx.graph - DEBUG - Making node: Name=Sub__140, OP=Sub
2026-02-01 11:14:47,646 - tf2onnx.graph - DEBUG - Infer shape and dtype for [Sub__140]
2026-02-01 11:14:47,646 - tf2onnx.graph - DEBUG - Set dtype of [Sub__140:0] to 7
2026-02-01 11:14:47,647 - tf2onnx.graph - DEBUG - Set shape of [Sub__140:0] to [-1]
2026-02-01 11:14:47,647 - tf2onnx.graph - DEBUG - Made node: Sub__140
OP=Sub
Name=Sub__140
Inputs:
	Range__139:0=Range, [-1], 7
	Min__127:0=Min, [-1], 7
Outpus:
	Sub__140:0=[-1], 7
2026-02-01 11:14:47,647 - tf2onnx.graph - DEBUG - Making node: Name=Abs__143, OP=Abs
2026-02-01 11:14:47,647 - tf2onnx.graph - DEBUG - Infer shape and dtype for [Abs__143]
2026-02-01 11:14:47,648 - tf2onnx.graph - DEBUG - Set dtype of [Abs__143:0] to 7
2026-02-01 11:14:47,649 - tf2onnx.graph - DEBUG - Set shape of [Abs__143:0] to [-1]
2026-02-01 11:14:47,649 - tf2onnx.graph - DEBUG - Made node: Abs__143
OP=Abs
Name=Abs__143
Inputs:
	Sub__140:0=Sub, [-1], 7
Outpus:
	Abs__143:0=[-1], 7
2026-02-01 11:14:47,649 - tf2onnx.graph - DEBUG - Making node: Name=Add__145, OP=Add
2026-02-01 11:14:47,650 - tf2onnx.graph - DEBUG - Infer shape and dtype for [Add__145]
2026-02-01 11:14:47,650 - tf2onnx.graph - DEBUG - Set dtype of [Add__145:0] to 7
2026-02-01 11:14:47,650 - tf2onnx.graph - DEBUG - Set shape of [Add__145:0] to [-1]
2026-02-01 11:14:47,651 - tf2onnx.graph - DEBUG - Made node: Add__145
OP=Add
Name=Add__145
Inputs:
	Abs__133:0=Abs, [-1], 7
	const__34=Const, [1], 7
Outpus:
	Add__145:0=[-1], 7
2026-02-01 11:14:47,651 - tf2onnx.graph - DEBUG - Making node: Name=Expand__147, OP=Expand
2026-02-01 11:14:47,653 - tf2onnx.graph - DEBUG - Infer shape and dtype for [Expand__147]
2026-02-01 11:14:47,653 - tf2onnx.graph - DEBUG - Set dtype of [Expand__147:0] to 7
2026-02-01 11:14:47,654 - tf2onnx.graph - DEBUG - Inferred shape for [Expand__147, type: Expand] is None, SKIP
2026-02-01 11:14:47,654 - tf2onnx.graph - DEBUG - Made node: Expand__147
OP=Expand
Name=Expand__147
Inputs:
	Min__127:0=Min, [-1], 7
	Add__145:0=Add, [-1], 7
Outpus:
	Expand__147:0=None, 7
2026-02-01 11:14:47,654 - tf2onnx.graph - DEBUG - Making node: Name=Concat__150, OP=Concat
2026-02-01 11:14:47,654 - tf2onnx.graph - DEBUG - Infer shape and dtype for [Concat__150]
2026-02-01 11:14:47,655 - tf2onnx.graph - DEBUG - Set dtype of [Concat__150:0] to 7
2026-02-01 11:14:47,655 - tf2onnx.graph - DEBUG - Inferred shape for [Concat__150, type: Concat] is None, SKIP
2026-02-01 11:14:47,655 - tf2onnx.graph - DEBUG - Made node: Concat__150
OP=Concat
Name=Concat__150
Inputs:
	Range__139:0=Range, [-1], 7
	Expand__147:0=Expand, None, 7
	Abs__143:0=Abs, [-1], 7
Outpus:
	Concat__150:0=None, 7
2026-02-01 11:14:47,655 - tf2onnx.graph - DEBUG - Making node: Name=Max__153, OP=Max
2026-02-01 11:14:47,656 - tf2onnx.graph - DEBUG - Infer shape and dtype for [Max__153]
2026-02-01 11:14:47,656 - tf2onnx.graph - DEBUG - Set dtype of [Max__153:0] to 7
2026-02-01 11:14:47,656 - tf2onnx.graph - DEBUG - Set shape of [Max__153:0] to [1]
2026-02-01 11:14:47,656 - tf2onnx.graph - DEBUG - Made node: Max__153
OP=Max
Name=Max__153
Inputs:
	const__33=Const, [1], 7
	ReduceMin__41:0=ReduceMin, [1], 7
Outpus:
	Max__153:0=[1], 7
2026-02-01 11:14:47,657 - tf2onnx.graph - DEBUG - Making node: Name=Sub__154, OP=Sub
2026-02-01 11:14:47,657 - tf2onnx.graph - DEBUG - Infer shape and dtype for [Sub__154]
2026-02-01 11:14:47,657 - tf2onnx.graph - DEBUG - Set dtype of [Sub__154:0] to 7
2026-02-01 11:14:47,658 - tf2onnx.graph - DEBUG - Set shape of [Sub__154:0] to [-1]
2026-02-01 11:14:47,658 - tf2onnx.graph - DEBUG - Made node: Sub__154
OP=Sub
Name=Sub__154
Inputs:
	Max__153:0=Max, [1], 7
	Sub__125:0=Sub, [-1], 7
Outpus:
	Sub__154:0=[-1], 7
2026-02-01 11:14:47,658 - tf2onnx.graph - DEBUG - Making node: Name=Sub__156, OP=Sub
2026-02-01 11:14:47,658 - tf2onnx.graph - DEBUG - Infer shape and dtype for [Sub__156]
2026-02-01 11:14:47,659 - tf2onnx.graph - DEBUG - Set dtype of [Sub__156:0] to 7
2026-02-01 11:14:47,659 - tf2onnx.graph - DEBUG - Set shape of [Sub__156:0] to [-1]
2026-02-01 11:14:47,659 - tf2onnx.graph - DEBUG - Made node: Sub__156
OP=Sub
Name=Sub__156
Inputs:
	Add__43:0=Add, [1], 7
	Sub__125:0=Sub, [-1], 7
Outpus:
	Sub__156:0=[-1], 7
2026-02-01 11:14:47,659 - tf2onnx.graph - DEBUG - Making node: Name=Sub__158, OP=Sub
2026-02-01 11:14:47,660 - tf2onnx.graph - DEBUG - Infer shape and dtype for [Sub__158]
2026-02-01 11:14:47,660 - tf2onnx.graph - DEBUG - Set dtype of [Sub__158:0] to 7
2026-02-01 11:14:47,660 - tf2onnx.graph - DEBUG - Set shape of [Sub__158:0] to [-1]
2026-02-01 11:14:47,660 - tf2onnx.graph - DEBUG - Made node: Sub__158
OP=Sub
Name=Sub__158
Inputs:
	Sub__156:0=Sub, [-1], 7
	Sub__154:0=Sub, [-1], 7
Outpus:
	Sub__158:0=[-1], 7
2026-02-01 11:14:47,660 - tf2onnx.graph - DEBUG - Making node: Name=Max__161, OP=Max
2026-02-01 11:14:47,661 - tf2onnx.graph - DEBUG - Infer shape and dtype for [Max__161]
2026-02-01 11:14:47,661 - tf2onnx.graph - DEBUG - Set dtype of [Max__161:0] to 7
2026-02-01 11:14:47,661 - tf2onnx.graph - DEBUG - Set shape of [Max__161:0] to [-1]
2026-02-01 11:14:47,661 - tf2onnx.graph - DEBUG - Made node: Max__161
OP=Max
Name=Max__161
Inputs:
	const__33=Const, [1], 7
	Sub__158:0=Sub, [-1], 7
Outpus:
	Max__161:0=[-1], 7
2026-02-01 11:14:47,662 - tf2onnx.graph - DEBUG - Making node: Name=Sub__163, OP=Sub
2026-02-01 11:14:47,662 - tf2onnx.graph - DEBUG - Infer shape and dtype for [Sub__163]
2026-02-01 11:14:47,662 - tf2onnx.graph - DEBUG - Set dtype of [Sub__163:0] to 7
2026-02-01 11:14:47,662 - tf2onnx.graph - DEBUG - Set shape of [Sub__163:0] to [-1]
2026-02-01 11:14:47,662 - tf2onnx.graph - DEBUG - Made node: Sub__163
OP=Sub
Name=Sub__163
Inputs:
	ReduceMin__41:0=ReduceMin, [1], 7
	Sub__125:0=Sub, [-1], 7
Outpus:
	Sub__163:0=[-1], 7
2026-02-01 11:14:47,663 - tf2onnx.graph - DEBUG - Making node: Name=Min__165, OP=Min
2026-02-01 11:14:47,663 - tf2onnx.graph - DEBUG - Infer shape and dtype for [Min__165]
2026-02-01 11:14:47,663 - tf2onnx.graph - DEBUG - Set dtype of [Min__165:0] to 7
2026-02-01 11:14:47,663 - tf2onnx.graph - DEBUG - Set shape of [Min__165:0] to [1]
2026-02-01 11:14:47,664 - tf2onnx.graph - DEBUG - Made node: Min__165
OP=Min
Name=Min__165
Inputs:
	const__33=Const, [1], 7
	Add__43:0=Add, [1], 7
Outpus:
	Min__165:0=[1], 7
2026-02-01 11:14:47,664 - tf2onnx.graph - DEBUG - Making node: Name=Sub__166, OP=Sub
2026-02-01 11:14:47,664 - tf2onnx.graph - DEBUG - Infer shape and dtype for [Sub__166]
2026-02-01 11:14:47,664 - tf2onnx.graph - DEBUG - Set dtype of [Sub__166:0] to 7
2026-02-01 11:14:47,665 - tf2onnx.graph - DEBUG - Set shape of [Sub__166:0] to [-1]
2026-02-01 11:14:47,666 - tf2onnx.graph - DEBUG - Made node: Sub__166
OP=Sub
Name=Sub__166
Inputs:
	Min__165:0=Min, [1], 7
	Sub__125:0=Sub, [-1], 7
Outpus:
	Sub__166:0=[-1], 7
2026-02-01 11:14:47,666 - tf2onnx.graph - DEBUG - Making node: Name=Sub__168, OP=Sub
2026-02-01 11:14:47,667 - tf2onnx.graph - DEBUG - Infer shape and dtype for [Sub__168]
2026-02-01 11:14:47,667 - tf2onnx.graph - DEBUG - Set dtype of [Sub__168:0] to 7
2026-02-01 11:14:47,667 - tf2onnx.graph - DEBUG - Set shape of [Sub__168:0] to [-1]
2026-02-01 11:14:47,668 - tf2onnx.graph - DEBUG - Made node: Sub__168
OP=Sub
Name=Sub__168
Inputs:
	Sub__166:0=Sub, [-1], 7
	Sub__163:0=Sub, [-1], 7
Outpus:
	Sub__168:0=[-1], 7
2026-02-01 11:14:47,668 - tf2onnx.graph - DEBUG - Making node: Name=Max__171, OP=Max
2026-02-01 11:14:47,668 - tf2onnx.graph - DEBUG - Infer shape and dtype for [Max__171]
2026-02-01 11:14:47,669 - tf2onnx.graph - DEBUG - Set dtype of [Max__171:0] to 7
2026-02-01 11:14:47,669 - tf2onnx.graph - DEBUG - Set shape of [Max__171:0] to [-1]
2026-02-01 11:14:47,669 - tf2onnx.graph - DEBUG - Made node: Max__171
OP=Max
Name=Max__171
Inputs:
	const__33=Const, [1], 7
	Sub__168:0=Sub, [-1], 7
Outpus:
	Max__171:0=[-1], 7
2026-02-01 11:14:47,670 - tf2onnx.graph - DEBUG - Making node: Name=Slice__173, OP=Slice
2026-02-01 11:14:47,670 - tf2onnx.graph - DEBUG - Infer shape and dtype for [Slice__173]
2026-02-01 11:14:47,671 - tf2onnx.graph - DEBUG - Set dtype of [Slice__173:0] to 7
2026-02-01 11:14:47,671 - tf2onnx.graph - DEBUG - Inferred shape for [Slice__173, type: Slice] is None, SKIP
2026-02-01 11:14:47,671 - tf2onnx.graph - DEBUG - Made node: Slice__173
OP=Slice
Name=Slice__173
Inputs:
	Concat__150:0=Concat, None, 7
	Sub__154:0=Sub, [-1], 7
	Sub__156:0=Sub, [-1], 7
Outpus:
	Slice__173:0=None, 7
2026-02-01 11:14:47,671 - tf2onnx.graph - DEBUG - Making node: Name=Slice__176, OP=Slice
2026-02-01 11:14:47,671 - tf2onnx.graph - DEBUG - Infer shape and dtype for [Slice__176]
2026-02-01 11:14:47,672 - tf2onnx.graph - DEBUG - Set dtype of [Slice__176:0] to 7
2026-02-01 11:14:47,672 - tf2onnx.graph - DEBUG - Inferred shape for [Slice__176, type: Slice] is None, SKIP
2026-02-01 11:14:47,672 - tf2onnx.graph - DEBUG - Made node: Slice__176
OP=Slice
Name=Slice__176
Inputs:
	Concat__150:0=Concat, None, 7
	Sub__163:0=Sub, [-1], 7
	Sub__166:0=Sub, [-1], 7
Outpus:
	Slice__176:0=None, 7
2026-02-01 11:14:47,673 - tf2onnx.graph - DEBUG - Making node: Name=Concat__179, OP=Concat
2026-02-01 11:14:47,673 - tf2onnx.graph - DEBUG - Infer shape and dtype for [Concat__179]
2026-02-01 11:14:47,673 - tf2onnx.graph - DEBUG - Set dtype of [Concat__179:0] to 7
2026-02-01 11:14:47,673 - tf2onnx.graph - DEBUG - Inferred shape for [Concat__179, type: Concat] is None, SKIP
2026-02-01 11:14:47,674 - tf2onnx.graph - DEBUG - Made node: Concat__179
OP=Concat
Name=Concat__179
Inputs:
	Slice__176:0=Slice, None, 7
	Slice__173:0=Slice, None, 7
Outpus:
	Concat__179:0=None, 7
2026-02-01 11:14:47,674 - tf2onnx.graph - DEBUG - Making node: Name=ReduceMax__180, OP=ReduceMax
2026-02-01 11:14:47,674 - tf2onnx.graph - DEBUG - Infer shape and dtype for [ReduceMax__180]
2026-02-01 11:14:47,675 - tf2onnx.graph - DEBUG - Set dtype of [ReduceMax__180:0] to 7
2026-02-01 11:14:47,675 - tf2onnx.graph - DEBUG - Inferred shape for [ReduceMax__180, type: ReduceMax] is None, SKIP
2026-02-01 11:14:47,675 - tf2onnx.graph - DEBUG - Made node: ReduceMax__180
OP=ReduceMax
Name=ReduceMax__180
Inputs:
	Concat__179:0=Concat, None, 7
Outpus:
	ReduceMax__180:0=None, 7
2026-02-01 11:14:47,675 - tf2onnx.graph - DEBUG - Making node: Name=Slice__181, OP=Slice
2026-02-01 11:14:47,676 - tf2onnx.graph - DEBUG - Infer shape and dtype for [Slice__181]
2026-02-01 11:14:47,676 - tf2onnx.graph - DEBUG - Set dtype of [Slice__181:0] to 7
2026-02-01 11:14:47,676 - tf2onnx.graph - DEBUG - Inferred shape for [Slice__181, type: Slice] is None, SKIP
2026-02-01 11:14:47,676 - tf2onnx.graph - DEBUG - Made node: Slice__181
OP=Slice
Name=Slice__181
Inputs:
	Concat__179:0=Concat, None, 7
	const__32=Const, [1], 7
	Slice__70:0=Slice, [-1], 7
Outpus:
	Slice__181:0=None, 7
2026-02-01 11:14:47,677 - tf2onnx.graph - DEBUG - Making node: Name=Slice__183, OP=Slice
2026-02-01 11:14:47,677 - tf2onnx.graph - DEBUG - Infer shape and dtype for [Slice__183]
2026-02-01 11:14:47,677 - tf2onnx.graph - DEBUG - Set dtype of [Slice__183:0] to 7
2026-02-01 11:14:47,677 - tf2onnx.graph - DEBUG - Inferred shape for [Slice__183, type: Slice] is None, SKIP
2026-02-01 11:14:47,678 - tf2onnx.graph - DEBUG - Made node: Slice__183
OP=Slice
Name=Slice__183
Inputs:
	Concat__179:0=Concat, None, 7
	const__33=Const, [1], 7
	const__34=Const, [1], 7
Outpus:
	Slice__183:0=None, 7
2026-02-01 11:14:47,678 - tf2onnx.graph - DEBUG - Making node: Name=Concat__184, OP=Concat
2026-02-01 11:14:47,678 - tf2onnx.graph - DEBUG - Infer shape and dtype for [Concat__184]
2026-02-01 11:14:47,678 - tf2onnx.graph - DEBUG - Set dtype of [Concat__184:0] to 7
2026-02-01 11:14:47,679 - tf2onnx.graph - DEBUG - Set shape of [Concat__184:0] to [-1]
2026-02-01 11:14:47,679 - tf2onnx.graph - DEBUG - Made node: Concat__184
OP=Concat
Name=Concat__184
Inputs:
	const__32=Const, [1], 7
	Slice__68:0=Slice, [-1], 7
Outpus:
	Concat__184:0=[-1], 7
2026-02-01 11:14:47,679 - tf2onnx.graph - DEBUG - Making node: Name=Reshape__186, OP=Reshape
2026-02-01 11:14:47,679 - tf2onnx.graph - DEBUG - Infer shape and dtype for [Reshape__186]
2026-02-01 11:14:47,680 - tf2onnx.graph - DEBUG - Set dtype of [Reshape__186:0] to 1
2026-02-01 11:14:47,680 - tf2onnx.graph - DEBUG - Inferred shape for [Reshape__186, type: Reshape] is None, SKIP
2026-02-01 11:14:47,680 - tf2onnx.graph - DEBUG - Made node: Reshape__186
OP=Reshape
Name=Reshape__186
Inputs:
	If__52:0=If, None, 1
	Concat__184:0=Concat, [-1], 7
Outpus:
	Reshape__186:0=None, 1
2026-02-01 11:14:47,681 - tf2onnx.graph - DEBUG - Making node: Name=Slice__188, OP=Slice
2026-02-01 11:14:47,681 - tf2onnx.graph - DEBUG - Infer shape and dtype for [Slice__188]
2026-02-01 11:14:47,681 - tf2onnx.graph - DEBUG - Set dtype of [Slice__188:0] to 7
2026-02-01 11:14:47,681 - tf2onnx.graph - DEBUG - Set shape of [Slice__188:0] to [-1]
2026-02-01 11:14:47,682 - tf2onnx.graph - DEBUG - Made node: Slice__188
OP=Slice
Name=Slice__188
Inputs:
	Shape__61:0=Shape, [-1], 7
	const__33=Const, [1], 7
	const__32=Const, [1], 7
Outpus:
	Slice__188:0=[-1], 7
2026-02-01 11:14:47,682 - tf2onnx.graph - DEBUG - Making node: Name=Expand__190, OP=Expand
2026-02-01 11:14:47,683 - tf2onnx.graph - DEBUG - Infer shape and dtype for [Expand__190]
2026-02-01 11:14:47,683 - tf2onnx.graph - DEBUG - Set dtype of [Expand__190:0] to 7
2026-02-01 11:14:47,683 - tf2onnx.graph - DEBUG - Inferred shape for [Expand__190, type: Expand] is None, SKIP
2026-02-01 11:14:47,683 - tf2onnx.graph - DEBUG - Made node: Expand__190
OP=Expand
Name=Expand__190
Inputs:
	Slice__68:0=Slice, [-1], 7
	Max__161:0=Max, [-1], 7
Outpus:
	Expand__190:0=None, 7
2026-02-01 11:14:47,684 - tf2onnx.graph - DEBUG - Making node: Name=Concat__193, OP=Concat
2026-02-01 11:14:47,684 - tf2onnx.graph - DEBUG - Infer shape and dtype for [Concat__193]
2026-02-01 11:14:47,684 - tf2onnx.graph - DEBUG - Set dtype of [Concat__193:0] to 7
2026-02-01 11:14:47,685 - tf2onnx.graph - DEBUG - Inferred shape for [Concat__193, type: Concat] is None, SKIP
2026-02-01 11:14:47,685 - tf2onnx.graph - DEBUG - Made node: Concat__193
OP=Concat
Name=Concat__193
Inputs:
	Slice__176:0=Slice, None, 7
	Expand__190:0=Expand, None, 7
Outpus:
	Concat__193:0=None, 7
2026-02-01 11:14:47,685 - tf2onnx.graph - DEBUG - Making node: Name=Shape__194, OP=Shape
2026-02-01 11:14:47,685 - tf2onnx.graph - DEBUG - Infer shape and dtype for [Shape__194]
2026-02-01 11:14:47,686 - tf2onnx.graph - DEBUG - Set dtype of [Shape__194:0] to 7
2026-02-01 11:14:47,686 - tf2onnx.graph - DEBUG - Set shape of [Shape__194:0] to [-1]
2026-02-01 11:14:47,686 - tf2onnx.graph - DEBUG - Made node: Shape__194
OP=Shape
Name=Shape__194
Inputs:
	Concat__193:0=Concat, None, 7
Outpus:
	Shape__194:0=[-1], 7
2026-02-01 11:14:47,686 - tf2onnx.graph - DEBUG - Making node: Name=Concat__195, OP=Concat
2026-02-01 11:14:47,687 - tf2onnx.graph - DEBUG - Infer shape and dtype for [Concat__195]
2026-02-01 11:14:47,687 - tf2onnx.graph - DEBUG - Set dtype of [Concat__195:0] to 7
2026-02-01 11:14:47,688 - tf2onnx.graph - DEBUG - Set shape of [Concat__195:0] to [-1]
2026-02-01 11:14:47,688 - tf2onnx.graph - DEBUG - Made node: Concat__195
OP=Concat
Name=Concat__195
Inputs:
	const__32=Const, [1], 7
	Shape__194:0=Shape, [-1], 7
Outpus:
	Concat__195:0=[-1], 7
2026-02-01 11:14:47,688 - tf2onnx.graph - DEBUG - Making node: Name=Reshape__197, OP=Reshape
2026-02-01 11:14:47,688 - tf2onnx.graph - DEBUG - Infer shape and dtype for [Reshape__197]
2026-02-01 11:14:47,689 - tf2onnx.graph - DEBUG - Set dtype of [Reshape__197:0] to 7
2026-02-01 11:14:47,689 - tf2onnx.graph - DEBUG - Inferred shape for [Reshape__197, type: Reshape] is None, SKIP
2026-02-01 11:14:47,689 - tf2onnx.graph - DEBUG - Made node: Reshape__197
OP=Reshape
Name=Reshape__197
Inputs:
	Concat__193:0=Concat, None, 7
	Concat__195:0=Concat, [-1], 7
Outpus:
	Reshape__197:0=None, 7
2026-02-01 11:14:47,689 - tf2onnx.graph - DEBUG - Making node: Name=ReverseSequence__199, OP=ReverseSequence
2026-02-01 11:14:47,690 - tf2onnx.graph - DEBUG - Infer shape and dtype for [ReverseSequence__199]
2026-02-01 11:14:47,690 - tf2onnx.graph - DEBUG - Set dtype of [ReverseSequence__199:0] to 7
2026-02-01 11:14:47,691 - tf2onnx.graph - DEBUG - Inferred shape for [ReverseSequence__199, type: ReverseSequence] is None, SKIP
2026-02-01 11:14:47,691 - tf2onnx.graph - DEBUG - Made node: ReverseSequence__199
OP=ReverseSequence
Name=ReverseSequence__199
Inputs:
	Reshape__197:0=Reshape, None, 7
	Shape__194:0=Shape, [-1], 7
Outpus:
	ReverseSequence__199:0=None, 7
2026-02-01 11:14:47,691 - tf2onnx.graph - DEBUG - Making node: Name=Reshape__201, OP=Reshape
2026-02-01 11:14:47,691 - tf2onnx.graph - DEBUG - Infer shape and dtype for [Reshape__201]
2026-02-01 11:14:47,692 - tf2onnx.graph - DEBUG - Set dtype of [Reshape__201:0] to 7
2026-02-01 11:14:47,692 - tf2onnx.graph - DEBUG - Inferred shape for [Reshape__201, type: Reshape] is None, SKIP
2026-02-01 11:14:47,692 - tf2onnx.graph - DEBUG - Made node: Reshape__201
OP=Reshape
Name=Reshape__201
Inputs:
	ReverseSequence__199:0=ReverseSequence, None, 7
	Shape__194:0=Shape, [-1], 7
Outpus:
	Reshape__201:0=None, 7
2026-02-01 11:14:47,693 - tf2onnx.graph - DEBUG - Making node: Name=Expand__203, OP=Expand
2026-02-01 11:14:47,693 - tf2onnx.graph - DEBUG - Infer shape and dtype for [Expand__203]
2026-02-01 11:14:47,693 - tf2onnx.graph - DEBUG - Set dtype of [Expand__203:0] to 7
2026-02-01 11:14:47,693 - tf2onnx.graph - DEBUG - Inferred shape for [Expand__203, type: Expand] is None, SKIP
2026-02-01 11:14:47,694 - tf2onnx.graph - DEBUG - Made node: Expand__203
OP=Expand
Name=Expand__203
Inputs:
	Reshape__201:0=Reshape, None, 7
	Slice__188:0=Slice, [-1], 7
Outpus:
	Expand__203:0=None, 7
2026-02-01 11:14:47,694 - tf2onnx.graph - DEBUG - Making node: Name=Expand__205, OP=Expand
2026-02-01 11:14:47,694 - tf2onnx.graph - DEBUG - Infer shape and dtype for [Expand__205]
2026-02-01 11:14:47,695 - tf2onnx.graph - DEBUG - Set dtype of [Expand__205:0] to 7
2026-02-01 11:14:47,695 - tf2onnx.graph - DEBUG - Inferred shape for [Expand__205, type: Expand] is None, SKIP
2026-02-01 11:14:47,696 - tf2onnx.graph - DEBUG - Made node: Expand__205
OP=Expand
Name=Expand__205
Inputs:
	Slice__68:0=Slice, [-1], 7
	Max__171:0=Max, [-1], 7
Outpus:
	Expand__205:0=None, 7
2026-02-01 11:14:47,696 - tf2onnx.graph - DEBUG - Making node: Name=Concat__208, OP=Concat
2026-02-01 11:14:47,696 - tf2onnx.graph - DEBUG - Infer shape and dtype for [Concat__208]
2026-02-01 11:14:47,697 - tf2onnx.graph - DEBUG - Set dtype of [Concat__208:0] to 7
2026-02-01 11:14:47,697 - tf2onnx.graph - DEBUG - Inferred shape for [Concat__208, type: Concat] is None, SKIP
2026-02-01 11:14:47,697 - tf2onnx.graph - DEBUG - Made node: Concat__208
OP=Concat
Name=Concat__208
Inputs:
	Expand__205:0=Expand, None, 7
	Slice__173:0=Slice, None, 7
Outpus:
	Concat__208:0=None, 7
2026-02-01 11:14:47,697 - tf2onnx.graph - DEBUG - Making node: Name=Shape__209, OP=Shape
2026-02-01 11:14:47,698 - tf2onnx.graph - DEBUG - Infer shape and dtype for [Shape__209]
2026-02-01 11:14:47,698 - tf2onnx.graph - DEBUG - Set dtype of [Shape__209:0] to 7
2026-02-01 11:14:47,699 - tf2onnx.graph - DEBUG - Set shape of [Shape__209:0] to [-1]
2026-02-01 11:14:47,699 - tf2onnx.graph - DEBUG - Made node: Shape__209
OP=Shape
Name=Shape__209
Inputs:
	Concat__208:0=Concat, None, 7
Outpus:
	Shape__209:0=[-1], 7
2026-02-01 11:14:47,699 - tf2onnx.graph - DEBUG - Making node: Name=Concat__210, OP=Concat
2026-02-01 11:14:47,699 - tf2onnx.graph - DEBUG - Infer shape and dtype for [Concat__210]
2026-02-01 11:14:47,700 - tf2onnx.graph - DEBUG - Set dtype of [Concat__210:0] to 7
2026-02-01 11:14:47,700 - tf2onnx.graph - DEBUG - Set shape of [Concat__210:0] to [-1]
2026-02-01 11:14:47,700 - tf2onnx.graph - DEBUG - Made node: Concat__210
OP=Concat
Name=Concat__210
Inputs:
	const__32=Const, [1], 7
	Shape__209:0=Shape, [-1], 7
Outpus:
	Concat__210:0=[-1], 7
2026-02-01 11:14:47,701 - tf2onnx.graph - DEBUG - Making node: Name=Reshape__212, OP=Reshape
2026-02-01 11:14:47,701 - tf2onnx.graph - DEBUG - Infer shape and dtype for [Reshape__212]
2026-02-01 11:14:47,701 - tf2onnx.graph - DEBUG - Set dtype of [Reshape__212:0] to 7
2026-02-01 11:14:47,702 - tf2onnx.graph - DEBUG - Inferred shape for [Reshape__212, type: Reshape] is None, SKIP
2026-02-01 11:14:47,702 - tf2onnx.graph - DEBUG - Made node: Reshape__212
OP=Reshape
Name=Reshape__212
Inputs:
	Concat__208:0=Concat, None, 7
	Concat__210:0=Concat, [-1], 7
Outpus:
	Reshape__212:0=None, 7
2026-02-01 11:14:47,703 - tf2onnx.graph - DEBUG - Making node: Name=ReverseSequence__214, OP=ReverseSequence
2026-02-01 11:14:47,703 - tf2onnx.graph - DEBUG - Infer shape and dtype for [ReverseSequence__214]
2026-02-01 11:14:47,703 - tf2onnx.graph - DEBUG - Set dtype of [ReverseSequence__214:0] to 7
2026-02-01 11:14:47,704 - tf2onnx.graph - DEBUG - Inferred shape for [ReverseSequence__214, type: ReverseSequence] is None, SKIP
2026-02-01 11:14:47,704 - tf2onnx.graph - DEBUG - Made node: ReverseSequence__214
OP=ReverseSequence
Name=ReverseSequence__214
Inputs:
	Reshape__212:0=Reshape, None, 7
	Shape__209:0=Shape, [-1], 7
Outpus:
	ReverseSequence__214:0=None, 7
2026-02-01 11:14:47,704 - tf2onnx.graph - DEBUG - Making node: Name=Reshape__216, OP=Reshape
2026-02-01 11:14:47,704 - tf2onnx.graph - DEBUG - Infer shape and dtype for [Reshape__216]
2026-02-01 11:14:47,705 - tf2onnx.graph - DEBUG - Set dtype of [Reshape__216:0] to 7
2026-02-01 11:14:47,705 - tf2onnx.graph - DEBUG - Inferred shape for [Reshape__216, type: Reshape] is None, SKIP
2026-02-01 11:14:47,705 - tf2onnx.graph - DEBUG - Made node: Reshape__216
OP=Reshape
Name=Reshape__216
Inputs:
	ReverseSequence__214:0=ReverseSequence, None, 7
	Shape__209:0=Shape, [-1], 7
Outpus:
	Reshape__216:0=None, 7
2026-02-01 11:14:47,706 - tf2onnx.graph - DEBUG - Making node: Name=Expand__218, OP=Expand
2026-02-01 11:14:47,706 - tf2onnx.graph - DEBUG - Infer shape and dtype for [Expand__218]
2026-02-01 11:14:47,706 - tf2onnx.graph - DEBUG - Set dtype of [Expand__218:0] to 7
2026-02-01 11:14:47,706 - tf2onnx.graph - DEBUG - Inferred shape for [Expand__218, type: Expand] is None, SKIP
2026-02-01 11:14:47,707 - tf2onnx.graph - DEBUG - Made node: Expand__218
OP=Expand
Name=Expand__218
Inputs:
	Reshape__216:0=Reshape, None, 7
	Slice__188:0=Slice, [-1], 7
Outpus:
	Expand__218:0=None, 7
2026-02-01 11:14:47,707 - tf2onnx.graph - DEBUG - Making node: Name=Reshape__220, OP=Reshape
2026-02-01 11:14:47,707 - tf2onnx.graph - DEBUG - Infer shape and dtype for [Reshape__220]
2026-02-01 11:14:47,708 - tf2onnx.graph - DEBUG - Set dtype of [Reshape__220:0] to 7
2026-02-01 11:14:47,708 - tf2onnx.graph - DEBUG - Set shape of [Reshape__220:0] to [-1]
2026-02-01 11:14:47,708 - tf2onnx.graph - DEBUG - Made node: Reshape__220
OP=Reshape
Name=Reshape__220
Inputs:
	Expand__203:0=Expand, None, 7
	const__32=Const, [1], 7
Outpus:
	Reshape__220:0=[-1], 7
2026-02-01 11:14:47,708 - tf2onnx.graph - DEBUG - Making node: Name=ReverseSequence__221, OP=ReverseSequence
2026-02-01 11:14:47,709 - tf2onnx.graph - DEBUG - Infer shape and dtype for [ReverseSequence__221]
2026-02-01 11:14:47,709 - tf2onnx.graph - DEBUG - Set dtype of [ReverseSequence__221:0] to 1
2026-02-01 11:14:47,709 - tf2onnx.graph - DEBUG - Inferred shape for [ReverseSequence__221, type: ReverseSequence] is None, SKIP
2026-02-01 11:14:47,710 - tf2onnx.graph - DEBUG - Made node: ReverseSequence__221
OP=ReverseSequence
Name=ReverseSequence__221
Inputs:
	Reshape__186:0=Reshape, None, 1
	Reshape__220:0=Reshape, [-1], 7
Outpus:
	ReverseSequence__221:0=None, 1
2026-02-01 11:14:47,710 - tf2onnx.graph - DEBUG - Making node: Name=Reshape__223, OP=Reshape
2026-02-01 11:14:47,710 - tf2onnx.graph - DEBUG - Infer shape and dtype for [Reshape__223]
2026-02-01 11:14:47,710 - tf2onnx.graph - DEBUG - Set dtype of [Reshape__223:0] to 7
2026-02-01 11:14:47,711 - tf2onnx.graph - DEBUG - Set shape of [Reshape__223:0] to [-1]
2026-02-01 11:14:47,711 - tf2onnx.graph - DEBUG - Made node: Reshape__223
OP=Reshape
Name=Reshape__223
Inputs:
	Expand__218:0=Expand, None, 7
	const__32=Const, [1], 7
Outpus:
	Reshape__223:0=[-1], 7
2026-02-01 11:14:47,711 - tf2onnx.graph - DEBUG - Making node: Name=ReverseSequence__224, OP=ReverseSequence
2026-02-01 11:14:47,712 - tf2onnx.graph - DEBUG - Infer shape and dtype for [ReverseSequence__224]
2026-02-01 11:14:47,712 - tf2onnx.graph - DEBUG - Set dtype of [ReverseSequence__224:0] to 1
2026-02-01 11:14:47,712 - tf2onnx.graph - DEBUG - Inferred shape for [ReverseSequence__224, type: ReverseSequence] is None, SKIP
2026-02-01 11:14:47,712 - tf2onnx.graph - DEBUG - Made node: ReverseSequence__224
OP=ReverseSequence
Name=ReverseSequence__224
Inputs:
	ReverseSequence__221:0=ReverseSequence, None, 1
	Reshape__223:0=Reshape, [-1], 7
Outpus:
	ReverseSequence__224:0=None, 1
2026-02-01 11:14:47,713 - tf2onnx.graph - DEBUG - Making node: Name=Reshape__226, OP=Reshape
2026-02-01 11:14:47,713 - tf2onnx.graph - DEBUG - Infer shape and dtype for [Reshape__226]
2026-02-01 11:14:47,713 - tf2onnx.graph - DEBUG - Set dtype of [Reshape__226:0] to 1
2026-02-01 11:14:47,713 - tf2onnx.graph - DEBUG - Inferred shape for [Reshape__226, type: Reshape] is None, SKIP
2026-02-01 11:14:47,714 - tf2onnx.graph - DEBUG - Made node: Reshape__226
OP=Reshape
Name=Reshape__226
Inputs:
	ReverseSequence__224:0=ReverseSequence, None, 1
	Shape__61:0=Shape, [-1], 7
Outpus:
	Reshape__226:0=None, 1
2026-02-01 11:14:47,714 - tf2onnx.graph - DEBUG - Making node: Name=Sub__228, OP=Sub
2026-02-01 11:14:47,715 - tf2onnx.graph - DEBUG - Infer shape and dtype for [Sub__228]
2026-02-01 11:14:47,715 - tf2onnx.graph - DEBUG - Set dtype of [Sub__228:0] to 7
2026-02-01 11:14:47,715 - tf2onnx.graph - DEBUG - Inferred shape for [Sub__228, type: Sub] is None, SKIP
2026-02-01 11:14:47,716 - tf2onnx.graph - DEBUG - Made node: Sub__228
OP=Sub
Name=Sub__228
Inputs:
	ReduceMax__180:0=ReduceMax, None, 7
	Slice__181:0=Slice, None, 7
Outpus:
	Sub__228:0=None, 7
2026-02-01 11:14:47,716 - tf2onnx.graph - DEBUG - Making node: Name=Sub__229, OP=Sub
2026-02-01 11:14:47,717 - tf2onnx.graph - DEBUG - Infer shape and dtype for [Sub__229]
2026-02-01 11:14:47,717 - tf2onnx.graph - DEBUG - Set dtype of [Sub__229:0] to 7
2026-02-01 11:14:47,717 - tf2onnx.graph - DEBUG - Inferred shape for [Sub__229, type: Sub] is None, SKIP
2026-02-01 11:14:47,717 - tf2onnx.graph - DEBUG - Made node: Sub__229
OP=Sub
Name=Sub__229
Inputs:
	ReduceMax__180:0=ReduceMax, None, 7
	Slice__183:0=Slice, None, 7
Outpus:
	Sub__229:0=None, 7
2026-02-01 11:14:47,718 - tf2onnx.graph - DEBUG - Making node: Name=Concat__230, OP=Concat
2026-02-01 11:14:47,718 - tf2onnx.graph - DEBUG - Infer shape and dtype for [Concat__230]
2026-02-01 11:14:47,718 - tf2onnx.graph - DEBUG - Set dtype of [Concat__230:0] to 7
2026-02-01 11:14:47,719 - tf2onnx.graph - DEBUG - Set shape of [Concat__230:0] to [-1]
2026-02-01 11:14:47,719 - tf2onnx.graph - DEBUG - Made node: Concat__230
OP=Concat
Name=Concat__230
Inputs:
	const__32=Const, [1], 7
	Slice__66:0=Slice, [-1], 7
Outpus:
	Concat__230:0=[-1], 7
2026-02-01 11:14:47,719 - tf2onnx.graph - DEBUG - Making node: Name=Reshape__232, OP=Reshape
2026-02-01 11:14:47,719 - tf2onnx.graph - DEBUG - Infer shape and dtype for [Reshape__232]
2026-02-01 11:14:47,720 - tf2onnx.graph - DEBUG - Set dtype of [Reshape__232:0] to 1
2026-02-01 11:14:47,720 - tf2onnx.graph - DEBUG - Inferred shape for [Reshape__232, type: Reshape] is None, SKIP
2026-02-01 11:14:47,720 - tf2onnx.graph - DEBUG - Made node: Reshape__232
OP=Reshape
Name=Reshape__232
Inputs:
	Reshape__226:0=Reshape, None, 1
	Concat__230:0=Concat, [-1], 7
Outpus:
	Reshape__232:0=None, 1
2026-02-01 11:14:47,721 - tf2onnx.graph - DEBUG - Making node: Name=Transpose__234, OP=Transpose
2026-02-01 11:14:47,721 - tf2onnx.graph - DEBUG - Infer shape and dtype for [Transpose__234]
2026-02-01 11:14:47,721 - tf2onnx.graph - DEBUG - Set dtype of [Transpose__234:0] to 1
2026-02-01 11:14:47,721 - tf2onnx.graph - DEBUG - Inferred shape for [Transpose__234, type: Transpose] is None, SKIP
2026-02-01 11:14:47,722 - tf2onnx.graph - DEBUG - Made node: Transpose__234
OP=Transpose
Name=Transpose__234
Inputs:
	Reshape__232:0=Reshape, None, 1
Outpus:
	Transpose__234:0=None, 1
2026-02-01 11:14:47,722 - tf2onnx.graph - DEBUG - Making node: Name=Shape__235, OP=Shape
2026-02-01 11:14:47,722 - tf2onnx.graph - DEBUG - Infer shape and dtype for [Shape__235]
2026-02-01 11:14:47,722 - tf2onnx.graph - DEBUG - Set dtype of [Shape__235:0] to 7
2026-02-01 11:14:47,723 - tf2onnx.graph - DEBUG - Set shape of [Shape__235:0] to [1]
2026-02-01 11:14:47,723 - tf2onnx.graph - DEBUG - Made node: Shape__235
OP=Shape
Name=Shape__235
Inputs:
	Slice__66:0=Slice, [-1], 7
Outpus:
	Shape__235:0=[1], 7
2026-02-01 11:14:47,723 - tf2onnx.graph - DEBUG - Making node: Name=Concat__237, OP=Concat
2026-02-01 11:14:47,723 - tf2onnx.graph - DEBUG - Infer shape and dtype for [Concat__237]
2026-02-01 11:14:47,724 - tf2onnx.graph - DEBUG - Set dtype of [Concat__237:0] to 7
2026-02-01 11:14:47,724 - tf2onnx.graph - DEBUG - Set shape of [Concat__237:0] to [2]
2026-02-01 11:14:47,725 - tf2onnx.graph - DEBUG - Made node: Concat__237
OP=Concat
Name=Concat__237
Inputs:
	const__32=Const, [1], 7
	Shape__235:0=Shape, [1], 7
Outpus:
	Concat__237:0=[2], 7
2026-02-01 11:14:47,725 - tf2onnx.graph - DEBUG - Making node: Name=Reshape__238, OP=Reshape
2026-02-01 11:14:47,725 - tf2onnx.graph - DEBUG - Infer shape and dtype for [Reshape__238]
2026-02-01 11:14:47,725 - tf2onnx.graph - DEBUG - Set dtype of [Reshape__238:0] to 7
2026-02-01 11:14:47,726 - tf2onnx.graph - DEBUG - Inferred shape for [Reshape__238, type: Reshape] is None, SKIP
2026-02-01 11:14:47,726 - tf2onnx.graph - DEBUG - Made node: Reshape__238
OP=Reshape
Name=Reshape__238
Inputs:
	Slice__66:0=Slice, [-1], 7
	Concat__237:0=Concat, [2], 7
Outpus:
	Reshape__238:0=None, 7
2026-02-01 11:14:47,726 - tf2onnx.graph - DEBUG - Making node: Name=ReverseSequence__240, OP=ReverseSequence
2026-02-01 11:14:47,726 - tf2onnx.graph - DEBUG - Infer shape and dtype for [ReverseSequence__240]
2026-02-01 11:14:47,727 - tf2onnx.graph - DEBUG - Set dtype of [ReverseSequence__240:0] to 7
2026-02-01 11:14:47,727 - tf2onnx.graph - DEBUG - Inferred shape for [ReverseSequence__240, type: ReverseSequence] is None, SKIP
2026-02-01 11:14:47,727 - tf2onnx.graph - DEBUG - Made node: ReverseSequence__240
OP=ReverseSequence
Name=ReverseSequence__240
Inputs:
	Reshape__238:0=Reshape, None, 7
	Shape__235:0=Shape, [1], 7
Outpus:
	ReverseSequence__240:0=None, 7
2026-02-01 11:14:47,727 - tf2onnx.graph - DEBUG - Making node: Name=Reshape__241, OP=Reshape
2026-02-01 11:14:47,728 - tf2onnx.graph - DEBUG - Infer shape and dtype for [Reshape__241]
2026-02-01 11:14:47,728 - tf2onnx.graph - DEBUG - Set dtype of [Reshape__241:0] to 7
2026-02-01 11:14:47,728 - tf2onnx.graph - DEBUG - Inferred shape for [Reshape__241, type: Reshape] is None, SKIP
2026-02-01 11:14:47,728 - tf2onnx.graph - DEBUG - Made node: Reshape__241
OP=Reshape
Name=Reshape__241
Inputs:
	ReverseSequence__240:0=ReverseSequence, None, 7
	Shape__235:0=Shape, [1], 7
Outpus:
	Reshape__241:0=None, 7
2026-02-01 11:14:47,729 - tf2onnx.graph - DEBUG - Making node: Name=Concat__242, OP=Concat
2026-02-01 11:14:47,729 - tf2onnx.graph - DEBUG - Infer shape and dtype for [Concat__242]
2026-02-01 11:14:47,729 - tf2onnx.graph - DEBUG - Set dtype of [Concat__242:0] to 7
2026-02-01 11:14:47,730 - tf2onnx.graph - DEBUG - Inferred shape for [Concat__242, type: Concat] is None, SKIP
2026-02-01 11:14:47,730 - tf2onnx.graph - DEBUG - Made node: Concat__242
OP=Concat
Name=Concat__242
Inputs:
	Slice__64:0=Slice, [-1], 7
	Reshape__241:0=Reshape, None, 7
Outpus:
	Concat__242:0=None, 7
2026-02-01 11:14:47,731 - tf2onnx.graph - DEBUG - Making node: Name=Reshape__244, OP=Reshape
2026-02-01 11:14:47,731 - tf2onnx.graph - DEBUG - Infer shape and dtype for [Reshape__244]
2026-02-01 11:14:47,732 - tf2onnx.graph - DEBUG - Set dtype of [Reshape__244:0] to 1
2026-02-01 11:14:47,733 - tf2onnx.graph - DEBUG - Inferred shape for [Reshape__244, type: Reshape] is None, SKIP
2026-02-01 11:14:47,734 - tf2onnx.graph - DEBUG - Made node: Reshape__244
OP=Reshape
Name=Reshape__244
Inputs:
	Transpose__234:0=Transpose, None, 1
	Concat__242:0=Concat, None, 7
Outpus:
	Reshape__244:0=None, 1
2026-02-01 11:14:47,734 - tf2onnx.graph - DEBUG - Making node: Name=Shape__245, OP=Shape
2026-02-01 11:14:47,735 - tf2onnx.graph - DEBUG - Infer shape and dtype for [Shape__245]
2026-02-01 11:14:47,736 - tf2onnx.graph - DEBUG - Set dtype of [Shape__245:0] to 7
2026-02-01 11:14:47,736 - tf2onnx.graph - DEBUG - Set shape of [Shape__245:0] to [-1]
2026-02-01 11:14:47,737 - tf2onnx.graph - DEBUG - Made node: Shape__245
OP=Shape
Name=Shape__245
Inputs:
	Reshape__244:0=Reshape, None, 1
Outpus:
	Shape__245:0=[-1], 7
2026-02-01 11:14:47,737 - tf2onnx.graph - DEBUG - Making node: Name=Shape__246, OP=Shape
2026-02-01 11:14:47,737 - tf2onnx.graph - DEBUG - Infer shape and dtype for [Shape__246]
2026-02-01 11:14:47,738 - tf2onnx.graph - DEBUG - Set dtype of [Shape__246:0] to 7
2026-02-01 11:14:47,738 - tf2onnx.graph - DEBUG - Set shape of [Shape__246:0] to [1]
2026-02-01 11:14:47,738 - tf2onnx.graph - DEBUG - Made node: Shape__246
OP=Shape
Name=Shape__246
Inputs:
	Shape__245:0=Shape, [-1], 7
Outpus:
	Shape__246:0=[1], 7
2026-02-01 11:14:47,739 - tf2onnx.graph - DEBUG - Making node: Name=Slice__248, OP=Slice
2026-02-01 11:14:47,739 - tf2onnx.graph - DEBUG - Infer shape and dtype for [Slice__248]
2026-02-01 11:14:47,739 - tf2onnx.graph - DEBUG - Set dtype of [Slice__248:0] to 7
2026-02-01 11:14:47,740 - tf2onnx.graph - DEBUG - Set shape of [Slice__248:0] to [-1]
2026-02-01 11:14:47,740 - tf2onnx.graph - DEBUG - Made node: Slice__248
OP=Slice
Name=Slice__248
Inputs:
	Shape__245:0=Shape, [-1], 7
	const__32=Const, [1], 7
	Shape__246:0=Shape, [1], 7
Outpus:
	Slice__248:0=[-1], 7
2026-02-01 11:14:47,740 - tf2onnx.graph - DEBUG - Making node: Name=Concat__250, OP=Concat
2026-02-01 11:14:47,741 - tf2onnx.graph - DEBUG - Infer shape and dtype for [Concat__250]
2026-02-01 11:14:47,741 - tf2onnx.graph - DEBUG - Set dtype of [Concat__250:0] to 7
2026-02-01 11:14:47,741 - tf2onnx.graph - DEBUG - Set shape of [Concat__250:0] to [-1]
2026-02-01 11:14:47,741 - tf2onnx.graph - DEBUG - Made node: Concat__250
OP=Concat
Name=Concat__250
Inputs:
	const__32=Const, [1], 7
	Slice__248:0=Slice, [-1], 7
Outpus:
	Concat__250:0=[-1], 7
2026-02-01 11:14:47,742 - tf2onnx.graph - DEBUG - Making node: Name=Reshape__252, OP=Reshape
2026-02-01 11:14:47,742 - tf2onnx.graph - DEBUG - Infer shape and dtype for [Reshape__252]
2026-02-01 11:14:47,742 - tf2onnx.graph - DEBUG - Set dtype of [Reshape__252:0] to 1
2026-02-01 11:14:47,742 - tf2onnx.graph - DEBUG - Inferred shape for [Reshape__252, type: Reshape] is None, SKIP
2026-02-01 11:14:47,743 - tf2onnx.graph - DEBUG - Made node: Reshape__252
OP=Reshape
Name=Reshape__252
Inputs:
	Reshape__244:0=Reshape, None, 1
	Concat__250:0=Concat, [-1], 7
Outpus:
	Reshape__252:0=None, 1
2026-02-01 11:14:47,743 - tf2onnx.graph - DEBUG - Making node: Name=Add__254, OP=Add
2026-02-01 11:14:47,743 - tf2onnx.graph - DEBUG - Infer shape and dtype for [Add__254]
2026-02-01 11:14:47,743 - tf2onnx.graph - DEBUG - Set dtype of [Add__254:0] to 7
2026-02-01 11:14:47,744 - tf2onnx.graph - DEBUG - Inferred shape for [Add__254, type: Add] is None, SKIP
2026-02-01 11:14:47,744 - tf2onnx.graph - DEBUG - Made node: Add__254
OP=Add
Name=Add__254
Inputs:
	Sub__229:0=Sub, None, 7
	Slice__68:0=Slice, [-1], 7
Outpus:
	Add__254:0=None, 7
2026-02-01 11:14:47,744 - tf2onnx.graph - DEBUG - Making node: Name=Concat__256, OP=Concat
2026-02-01 11:14:47,744 - tf2onnx.graph - DEBUG - Infer shape and dtype for [Concat__256]
2026-02-01 11:14:47,745 - tf2onnx.graph - DEBUG - Set dtype of [Concat__256:0] to 7
2026-02-01 11:14:47,745 - tf2onnx.graph - DEBUG - Inferred shape for [Concat__256, type: Concat] is None, SKIP
2026-02-01 11:14:47,745 - tf2onnx.graph - DEBUG - Made node: Concat__256
OP=Concat
Name=Concat__256
Inputs:
	const__33=Const, [1], 7
	Sub__228:0=Sub, None, 7
	const__33=Const, [1], 7
	Add__254:0=Add, None, 7
Outpus:
	Concat__256:0=None, 7
2026-02-01 11:14:47,745 - tf2onnx.graph - DEBUG - Making node: Name=Pad__257, OP=Pad
2026-02-01 11:14:47,746 - tf2onnx.graph - DEBUG - Infer shape and dtype for [Pad__257]
2026-02-01 11:14:47,746 - tf2onnx.graph - DEBUG - Set dtype of [Pad__257:0] to 1
2026-02-01 11:14:47,746 - tf2onnx.graph - DEBUG - Inferred shape for [Pad__257, type: Pad] is None, SKIP
2026-02-01 11:14:47,746 - tf2onnx.graph - DEBUG - Made node: Pad__257
OP=Pad
Name=Pad__257
Inputs:
	Reshape__252:0=Reshape, None, 1
	Concat__256:0=Concat, None, 7
	point_net_1/eye/diag/padding_value:0=Const, [], 1
Outpus:
	Pad__257:0=None, 1
2026-02-01 11:14:47,747 - tf2onnx.graph - DEBUG - Making node: Name=Shape__258, OP=Shape
2026-02-01 11:14:47,747 - tf2onnx.graph - DEBUG - Infer shape and dtype for [Shape__258]
2026-02-01 11:14:47,747 - tf2onnx.graph - DEBUG - Set dtype of [Shape__258:0] to 7
2026-02-01 11:14:47,747 - tf2onnx.graph - DEBUG - Set shape of [Shape__258:0] to [-1]
2026-02-01 11:14:47,747 - tf2onnx.graph - DEBUG - Made node: Shape__258
OP=Shape
Name=Shape__258
Inputs:
	Pad__257:0=Pad, None, 1
Outpus:
	Shape__258:0=[-1], 7
2026-02-01 11:14:47,748 - tf2onnx.graph - DEBUG - Making node: Name=Slice__259, OP=Slice
2026-02-01 11:14:47,748 - tf2onnx.graph - DEBUG - Infer shape and dtype for [Slice__259]
2026-02-01 11:14:47,748 - tf2onnx.graph - DEBUG - Set dtype of [Slice__259:0] to 7
2026-02-01 11:14:47,749 - tf2onnx.graph - DEBUG - Set shape of [Slice__259:0] to [-1]
2026-02-01 11:14:47,749 - tf2onnx.graph - DEBUG - Made node: Slice__259
OP=Slice
Name=Slice__259
Inputs:
	Shape__258:0=Shape, [-1], 7
	const__34=Const, [1], 7
	const__35=Const, [1], 7
Outpus:
	Slice__259:0=[-1], 7
2026-02-01 11:14:47,749 - tf2onnx.graph - DEBUG - Making node: Name=Concat__261, OP=Concat
2026-02-01 11:14:47,749 - tf2onnx.graph - DEBUG - Infer shape and dtype for [Concat__261]
2026-02-01 11:14:47,750 - tf2onnx.graph - DEBUG - Set dtype of [Concat__261:0] to 7
2026-02-01 11:14:47,750 - tf2onnx.graph - DEBUG - Set shape of [Concat__261:0] to [-1]
2026-02-01 11:14:47,750 - tf2onnx.graph - DEBUG - Made node: Concat__261
OP=Concat
Name=Concat__261
Inputs:
	Slice__64:0=Slice, [-1], 7
	Slice__68:0=Slice, [-1], 7
Outpus:
	Concat__261:0=[-1], 7
2026-02-01 11:14:47,750 - tf2onnx.graph - DEBUG - Making node: Name=Add__264, OP=Add
2026-02-01 11:14:47,751 - tf2onnx.graph - DEBUG - Infer shape and dtype for [Add__264]
2026-02-01 11:14:47,751 - tf2onnx.graph - DEBUG - Set dtype of [Add__264:0] to 7
2026-02-01 11:14:47,751 - tf2onnx.graph - DEBUG - Inferred shape for [Add__264, type: Add] is None, SKIP
2026-02-01 11:14:47,752 - tf2onnx.graph - DEBUG - Made node: Add__264
OP=Add
Name=Add__264
Inputs:
	Sub__228:0=Sub, None, 7
	Sub__228:0=Sub, None, 7
Outpus:
	Add__264:0=None, 7
2026-02-01 11:14:47,752 - tf2onnx.graph - DEBUG - Making node: Name=Sub__265, OP=Sub
2026-02-01 11:14:47,752 - tf2onnx.graph - DEBUG - Infer shape and dtype for [Sub__265]
2026-02-01 11:14:47,752 - tf2onnx.graph - DEBUG - Set dtype of [Sub__265:0] to 7
2026-02-01 11:14:47,753 - tf2onnx.graph - DEBUG - Inferred shape for [Sub__265, type: Sub] is None, SKIP
2026-02-01 11:14:47,753 - tf2onnx.graph - DEBUG - Made node: Sub__265
OP=Sub
Name=Sub__265
Inputs:
	Add__264:0=Add, None, 7
	Slice__68:0=Slice, [-1], 7
Outpus:
	Sub__265:0=None, 7
2026-02-01 11:14:47,753 - tf2onnx.graph - DEBUG - Making node: Name=Squeeze__267, OP=Squeeze
2026-02-01 11:14:47,753 - tf2onnx.graph - DEBUG - Infer shape and dtype for [Squeeze__267]
2026-02-01 11:14:47,754 - tf2onnx.graph - DEBUG - Set dtype of [Squeeze__267:0] to 7
2026-02-01 11:14:47,754 - tf2onnx.graph - DEBUG - Inferred shape for [Squeeze__267, type: Squeeze] is None, SKIP
2026-02-01 11:14:47,754 - tf2onnx.graph - DEBUG - Made node: Squeeze__267
OP=Squeeze
Name=Squeeze__267
Inputs:
	Add__264:0=Add, None, 7
	const_axes__29=Const, [1], 7
Outpus:
	Squeeze__267:0=None, 7
2026-02-01 11:14:47,755 - tf2onnx.graph - DEBUG - Making node: Name=Squeeze__268, OP=Squeeze
2026-02-01 11:14:47,755 - tf2onnx.graph - DEBUG - Infer shape and dtype for [Squeeze__268]
2026-02-01 11:14:47,755 - tf2onnx.graph - DEBUG - Set dtype of [Squeeze__268:0] to 7
2026-02-01 11:14:47,755 - tf2onnx.graph - DEBUG - Inferred shape for [Squeeze__268, type: Squeeze] is None, SKIP
2026-02-01 11:14:47,756 - tf2onnx.graph - DEBUG - Made node: Squeeze__268
OP=Squeeze
Name=Squeeze__268
Inputs:
	Sub__265:0=Sub, None, 7
	const_axes__29=Const, [1], 7
Outpus:
	Squeeze__268:0=None, 7
2026-02-01 11:14:47,756 - tf2onnx.graph - DEBUG - Making node: Name=Squeeze__269, OP=Squeeze
2026-02-01 11:14:47,756 - tf2onnx.graph - DEBUG - Infer shape and dtype for [Squeeze__269]
2026-02-01 11:14:47,756 - tf2onnx.graph - DEBUG - Set dtype of [Squeeze__269:0] to 7
2026-02-01 11:14:47,757 - tf2onnx.graph - DEBUG - Set shape of [Squeeze__269:0] to []
2026-02-01 11:14:47,757 - tf2onnx.graph - DEBUG - Made node: Squeeze__269
OP=Squeeze
Name=Squeeze__269
Inputs:
	const__32=Const, [1], 7
	const_axes__29=Const, [1], 7
Outpus:
	Squeeze__269:0=[], 7
2026-02-01 11:14:47,757 - tf2onnx.graph - DEBUG - Making node: Name=Range__270, OP=Range
2026-02-01 11:14:47,757 - tf2onnx.graph - DEBUG - Infer shape and dtype for [Range__270]
2026-02-01 11:14:47,758 - tf2onnx.graph - DEBUG - Set dtype of [Range__270:0] to 7
2026-02-01 11:14:47,758 - tf2onnx.graph - DEBUG - Set shape of [Range__270:0] to [-1]
2026-02-01 11:14:47,758 - tf2onnx.graph - DEBUG - Made node: Range__270
OP=Range
Name=Range__270
Inputs:
	Squeeze__267:0=Squeeze, None, 7
	Squeeze__268:0=Squeeze, None, 7
	Squeeze__269:0=Squeeze, [], 7
Outpus:
	Range__270:0=[-1], 7
2026-02-01 11:14:47,758 - tf2onnx.graph - DEBUG - Making node: Name=Sub__271, OP=Sub
2026-02-01 11:14:47,758 - tf2onnx.graph - DEBUG - Infer shape and dtype for [Sub__271]
2026-02-01 11:14:47,759 - tf2onnx.graph - DEBUG - Set dtype of [Sub__271:0] to 7
2026-02-01 11:14:47,759 - tf2onnx.graph - DEBUG - Set shape of [Sub__271:0] to [-1]
2026-02-01 11:14:47,759 - tf2onnx.graph - DEBUG - Made node: Sub__271
OP=Sub
Name=Sub__271
Inputs:
	Range__270:0=Range, [-1], 7
	const__34=Const, [1], 7
Outpus:
	Sub__271:0=[-1], 7
2026-02-01 11:14:47,760 - tf2onnx.graph - DEBUG - Making node: Name=Cast__273, OP=Cast
2026-02-01 11:14:47,760 - tf2onnx.graph - DEBUG - Infer shape and dtype for [Cast__273]
2026-02-01 11:14:47,760 - tf2onnx.graph - DEBUG - Set dtype of [Cast__273:0] to 1
2026-02-01 11:14:47,760 - tf2onnx.graph - DEBUG - Set shape of [Cast__273:0] to [-1]
2026-02-01 11:14:47,761 - tf2onnx.graph - DEBUG - Made node: Cast__273
OP=Cast
Name=Cast__273
Inputs:
	Sub__271:0=Sub, [-1], 7
Outpus:
	Cast__273:0=[-1], 1
2026-02-01 11:14:47,761 - tf2onnx.graph - DEBUG - Making node: Name=Relu__275, OP=Relu
2026-02-01 11:14:47,761 - tf2onnx.graph - DEBUG - Infer shape and dtype for [Relu__275]
2026-02-01 11:14:47,761 - tf2onnx.graph - DEBUG - Set dtype of [Relu__275:0] to 1
2026-02-01 11:14:47,762 - tf2onnx.graph - DEBUG - Set shape of [Relu__275:0] to [-1]
2026-02-01 11:14:47,762 - tf2onnx.graph - DEBUG - Made node: Relu__275
OP=Relu
Name=Relu__275
Inputs:
	Cast__273:0=Cast, [-1], 1
Outpus:
	Relu__275:0=[-1], 1
2026-02-01 11:14:47,762 - tf2onnx.graph - DEBUG - Making node: Name=Cast__277, OP=Cast
2026-02-01 11:14:47,762 - tf2onnx.graph - DEBUG - Infer shape and dtype for [Cast__277]
2026-02-01 11:14:47,763 - tf2onnx.graph - DEBUG - Set dtype of [Cast__277:0] to 7
2026-02-01 11:14:47,763 - tf2onnx.graph - DEBUG - Set shape of [Cast__277:0] to [-1]
2026-02-01 11:14:47,763 - tf2onnx.graph - DEBUG - Made node: Cast__277
OP=Cast
Name=Cast__277
Inputs:
	Relu__275:0=Relu, [-1], 1
Outpus:
	Cast__277:0=[-1], 7
2026-02-01 11:14:47,764 - tf2onnx.graph - DEBUG - Making node: Name=Add__279, OP=Add
2026-02-01 11:14:47,764 - tf2onnx.graph - DEBUG - Infer shape and dtype for [Add__279]
2026-02-01 11:14:47,764 - tf2onnx.graph - DEBUG - Set dtype of [Add__279:0] to 7
2026-02-01 11:14:47,765 - tf2onnx.graph - DEBUG - Set shape of [Add__279:0] to [-1]
2026-02-01 11:14:47,765 - tf2onnx.graph - DEBUG - Made node: Add__279
OP=Add
Name=Add__279
Inputs:
	Cast__277:0=Cast, [-1], 7
	const__34=Const, [1], 7
Outpus:
	Add__279:0=[-1], 7
2026-02-01 11:14:47,765 - tf2onnx.graph - DEBUG - Making node: Name=Shape__281, OP=Shape
2026-02-01 11:14:47,766 - tf2onnx.graph - DEBUG - Infer shape and dtype for [Shape__281]
2026-02-01 11:14:47,766 - tf2onnx.graph - DEBUG - Set dtype of [Shape__281:0] to 7
2026-02-01 11:14:47,766 - tf2onnx.graph - DEBUG - Set shape of [Shape__281:0] to [1]
2026-02-01 11:14:47,767 - tf2onnx.graph - DEBUG - Made node: Shape__281
OP=Shape
Name=Shape__281
Inputs:
	Add__279:0=Add, [-1], 7
Outpus:
	Shape__281:0=[1], 7
2026-02-01 11:14:47,767 - tf2onnx.graph - DEBUG - Making node: Name=Concat__283, OP=Concat
2026-02-01 11:14:47,767 - tf2onnx.graph - DEBUG - Infer shape and dtype for [Concat__283]
2026-02-01 11:14:47,768 - tf2onnx.graph - DEBUG - Set dtype of [Concat__283:0] to 7
2026-02-01 11:14:47,768 - tf2onnx.graph - DEBUG - Set shape of [Concat__283:0] to [2]
2026-02-01 11:14:47,768 - tf2onnx.graph - DEBUG - Made node: Concat__283
OP=Concat
Name=Concat__283
Inputs:
	const__32=Const, [1], 7
	Shape__281:0=Shape, [1], 7
Outpus:
	Concat__283:0=[2], 7
2026-02-01 11:14:47,769 - tf2onnx.graph - DEBUG - Making node: Name=Reshape__284, OP=Reshape
2026-02-01 11:14:47,769 - tf2onnx.graph - DEBUG - Infer shape and dtype for [Reshape__284]
2026-02-01 11:14:47,769 - tf2onnx.graph - DEBUG - Set dtype of [Reshape__284:0] to 7
2026-02-01 11:14:47,770 - tf2onnx.graph - DEBUG - Inferred shape for [Reshape__284, type: Reshape] is None, SKIP
2026-02-01 11:14:47,770 - tf2onnx.graph - DEBUG - Made node: Reshape__284
OP=Reshape
Name=Reshape__284
Inputs:
	Add__279:0=Add, [-1], 7
	Concat__283:0=Concat, [2], 7
Outpus:
	Reshape__284:0=None, 7
2026-02-01 11:14:47,770 - tf2onnx.graph - DEBUG - Making node: Name=ReverseSequence__286, OP=ReverseSequence
2026-02-01 11:14:47,770 - tf2onnx.graph - DEBUG - Infer shape and dtype for [ReverseSequence__286]
2026-02-01 11:14:47,771 - tf2onnx.graph - DEBUG - Set dtype of [ReverseSequence__286:0] to 7
2026-02-01 11:14:47,771 - tf2onnx.graph - DEBUG - Inferred shape for [ReverseSequence__286, type: ReverseSequence] is None, SKIP
2026-02-01 11:14:47,771 - tf2onnx.graph - DEBUG - Made node: ReverseSequence__286
OP=ReverseSequence
Name=ReverseSequence__286
Inputs:
	Reshape__284:0=Reshape, None, 7
	Shape__281:0=Shape, [1], 7
Outpus:
	ReverseSequence__286:0=None, 7
2026-02-01 11:14:47,771 - tf2onnx.graph - DEBUG - Making node: Name=Reshape__287, OP=Reshape
2026-02-01 11:14:47,772 - tf2onnx.graph - DEBUG - Infer shape and dtype for [Reshape__287]
2026-02-01 11:14:47,772 - tf2onnx.graph - DEBUG - Set dtype of [Reshape__287:0] to 7
2026-02-01 11:14:47,772 - tf2onnx.graph - DEBUG - Inferred shape for [Reshape__287, type: Reshape] is None, SKIP
2026-02-01 11:14:47,772 - tf2onnx.graph - DEBUG - Made node: Reshape__287
OP=Reshape
Name=Reshape__287
Inputs:
	ReverseSequence__286:0=ReverseSequence, None, 7
	Shape__281:0=Shape, [1], 7
Outpus:
	Reshape__287:0=None, 7
2026-02-01 11:14:47,773 - tf2onnx.graph - DEBUG - Making node: Name=Expand__288, OP=Expand
2026-02-01 11:14:47,773 - tf2onnx.graph - DEBUG - Infer shape and dtype for [Expand__288]
2026-02-01 11:14:47,773 - tf2onnx.graph - DEBUG - Set dtype of [Expand__288:0] to 7
2026-02-01 11:14:47,774 - tf2onnx.graph - DEBUG - Inferred shape for [Expand__288, type: Expand] is None, SKIP
2026-02-01 11:14:47,774 - tf2onnx.graph - DEBUG - Made node: Expand__288
OP=Expand
Name=Expand__288
Inputs:
	Reshape__287:0=Reshape, None, 7
	Concat__261:0=Concat, [-1], 7
Outpus:
	Expand__288:0=None, 7
2026-02-01 11:14:47,774 - tf2onnx.graph - DEBUG - Making node: Name=Reshape__290, OP=Reshape
2026-02-01 11:14:47,774 - tf2onnx.graph - DEBUG - Infer shape and dtype for [Reshape__290]
2026-02-01 11:14:47,775 - tf2onnx.graph - DEBUG - Set dtype of [Reshape__290:0] to 7
2026-02-01 11:14:47,775 - tf2onnx.graph - DEBUG - Set shape of [Reshape__290:0] to [-1]
2026-02-01 11:14:47,775 - tf2onnx.graph - DEBUG - Made node: Reshape__290
OP=Reshape
Name=Reshape__290
Inputs:
	Expand__288:0=Expand, None, 7
	const__32=Const, [1], 7
Outpus:
	Reshape__290:0=[-1], 7
2026-02-01 11:14:47,775 - tf2onnx.graph - DEBUG - Making node: Name=ReverseSequence__291, OP=ReverseSequence
2026-02-01 11:14:47,776 - tf2onnx.graph - DEBUG - Infer shape and dtype for [ReverseSequence__291]
2026-02-01 11:14:47,776 - tf2onnx.graph - DEBUG - Set dtype of [ReverseSequence__291:0] to 1
2026-02-01 11:14:47,776 - tf2onnx.graph - DEBUG - Inferred shape for [ReverseSequence__291, type: ReverseSequence] is None, SKIP
2026-02-01 11:14:47,776 - tf2onnx.graph - DEBUG - Made node: ReverseSequence__291
OP=ReverseSequence
Name=ReverseSequence__291
Inputs:
	Pad__257:0=Pad, None, 1
	Reshape__290:0=Reshape, [-1], 7
Outpus:
	ReverseSequence__291:0=None, 1
2026-02-01 11:14:47,777 - tf2onnx.graph - DEBUG - Making node: Name=Slice__293, OP=Slice
2026-02-01 11:14:47,777 - tf2onnx.graph - DEBUG - Infer shape and dtype for [Slice__293]
2026-02-01 11:14:47,777 - tf2onnx.graph - DEBUG - Set dtype of [Slice__293:0] to 1
2026-02-01 11:14:47,777 - tf2onnx.graph - DEBUG - Inferred shape for [Slice__293, type: Slice] is None, SKIP
2026-02-01 11:14:47,778 - tf2onnx.graph - DEBUG - Made node: Slice__293
OP=Slice
Name=Slice__293
Inputs:
	ReverseSequence__291:0=ReverseSequence, None, 1
	Sub__228:0=Sub, None, 7
	Slice__259:0=Slice, [-1], 7
	const__34=Const, [1], 7
Outpus:
	Slice__293:0=None, 1
2026-02-01 11:14:47,778 - tf2onnx.graph - DEBUG - Making node: Name=Shape__295, OP=Shape
2026-02-01 11:14:47,778 - tf2onnx.graph - DEBUG - Infer shape and dtype for [Shape__295]
2026-02-01 11:14:47,778 - tf2onnx.graph - DEBUG - Set dtype of [Shape__295:0] to 7
2026-02-01 11:14:47,779 - tf2onnx.graph - DEBUG - Set shape of [Shape__295:0] to [-1]
2026-02-01 11:14:47,779 - tf2onnx.graph - DEBUG - Made node: Shape__295
OP=Shape
Name=Shape__295
Inputs:
	Slice__293:0=Slice, None, 1
Outpus:
	Shape__295:0=[-1], 7
2026-02-01 11:14:47,779 - tf2onnx.graph - DEBUG - Making node: Name=Slice__296, OP=Slice
2026-02-01 11:14:47,779 - tf2onnx.graph - DEBUG - Infer shape and dtype for [Slice__296]
2026-02-01 11:14:47,780 - tf2onnx.graph - DEBUG - Set dtype of [Slice__296:0] to 7
2026-02-01 11:14:47,780 - tf2onnx.graph - DEBUG - Set shape of [Slice__296:0] to [-1]
2026-02-01 11:14:47,780 - tf2onnx.graph - DEBUG - Made node: Slice__296
OP=Slice
Name=Slice__296
Inputs:
	Shape__295:0=Shape, [-1], 7
	const__33=Const, [1], 7
	const__34=Const, [1], 7
Outpus:
	Slice__296:0=[-1], 7
2026-02-01 11:14:47,781 - tf2onnx.graph - DEBUG - Making node: Name=Slice__298, OP=Slice
2026-02-01 11:14:47,781 - tf2onnx.graph - DEBUG - Infer shape and dtype for [Slice__298]
2026-02-01 11:14:47,781 - tf2onnx.graph - DEBUG - Set dtype of [Slice__298:0] to 7
2026-02-01 11:14:47,782 - tf2onnx.graph - DEBUG - Set shape of [Slice__298:0] to [-1]
2026-02-01 11:14:47,782 - tf2onnx.graph - DEBUG - Made node: Slice__298
OP=Slice
Name=Slice__298
Inputs:
	Shape__295:0=Shape, [-1], 7
	const__34=Const, [1], 7
	const__35=Const, [1], 7
Outpus:
	Slice__298:0=[-1], 7
2026-02-01 11:14:47,783 - tf2onnx.graph - DEBUG - Making node: Name=Expand__300, OP=Expand
2026-02-01 11:14:47,783 - tf2onnx.graph - DEBUG - Infer shape and dtype for [Expand__300]
2026-02-01 11:14:47,783 - tf2onnx.graph - DEBUG - Set dtype of [Expand__300:0] to 7
2026-02-01 11:14:47,783 - tf2onnx.graph - DEBUG - Inferred shape for [Expand__300, type: Expand] is None, SKIP
2026-02-01 11:14:47,784 - tf2onnx.graph - DEBUG - Made node: Expand__300
OP=Expand
Name=Expand__300
Inputs:
	Slice__298:0=Slice, [-1], 7
	Slice__296:0=Slice, [-1], 7
Outpus:
	Expand__300:0=None, 7
2026-02-01 11:14:47,784 - tf2onnx.graph - DEBUG - Making node: Name=ReverseSequence__303, OP=ReverseSequence
2026-02-01 11:14:47,784 - tf2onnx.graph - DEBUG - Infer shape and dtype for [ReverseSequence__303]
2026-02-01 11:14:47,784 - tf2onnx.graph - DEBUG - Set dtype of [ReverseSequence__303:0] to 1
2026-02-01 11:14:47,785 - tf2onnx.graph - DEBUG - Inferred shape for [ReverseSequence__303, type: ReverseSequence] is None, SKIP
2026-02-01 11:14:47,785 - tf2onnx.graph - DEBUG - Made node: ReverseSequence__303
OP=ReverseSequence
Name=ReverseSequence__303
Inputs:
	Slice__293:0=Slice, None, 1
	Expand__300:0=Expand, None, 7
Outpus:
	ReverseSequence__303:0=None, 1
2026-02-01 11:14:47,785 - tf2onnx.graph - DEBUG - Making node: Name=Add__304, OP=Add
2026-02-01 11:14:47,785 - tf2onnx.graph - DEBUG - Infer shape and dtype for [Add__304]
2026-02-01 11:14:47,786 - tf2onnx.graph - DEBUG - Set dtype of [Add__304:0] to 7
2026-02-01 11:14:47,786 - tf2onnx.graph - DEBUG - Inferred shape for [Add__304, type: Add] is None, SKIP
2026-02-01 11:14:47,786 - tf2onnx.graph - DEBUG - Made node: Add__304
OP=Add
Name=Add__304
Inputs:
	Add__254:0=Add, None, 7
	Sub__229:0=Sub, None, 7
Outpus:
	Add__304:0=None, 7
2026-02-01 11:14:47,786 - tf2onnx.graph - DEBUG - Making node: Name=Sub__305, OP=Sub
2026-02-01 11:14:47,787 - tf2onnx.graph - DEBUG - Infer shape and dtype for [Sub__305]
2026-02-01 11:14:47,787 - tf2onnx.graph - DEBUG - Set dtype of [Sub__305:0] to 7
2026-02-01 11:14:47,787 - tf2onnx.graph - DEBUG - Inferred shape for [Sub__305, type: Sub] is None, SKIP
2026-02-01 11:14:47,788 - tf2onnx.graph - DEBUG - Made node: Sub__305
OP=Sub
Name=Sub__305
Inputs:
	Add__304:0=Add, None, 7
	Slice__68:0=Slice, [-1], 7
Outpus:
	Sub__305:0=None, 7
2026-02-01 11:14:47,788 - tf2onnx.graph - DEBUG - Making node: Name=Squeeze__307, OP=Squeeze
2026-02-01 11:14:47,788 - tf2onnx.graph - DEBUG - Infer shape and dtype for [Squeeze__307]
2026-02-01 11:14:47,788 - tf2onnx.graph - DEBUG - Set dtype of [Squeeze__307:0] to 7
2026-02-01 11:14:47,789 - tf2onnx.graph - DEBUG - Inferred shape for [Squeeze__307, type: Squeeze] is None, SKIP
2026-02-01 11:14:47,789 - tf2onnx.graph - DEBUG - Made node: Squeeze__307
OP=Squeeze
Name=Squeeze__307
Inputs:
	Add__304:0=Add, None, 7
	const_axes__29=Const, [1], 7
Outpus:
	Squeeze__307:0=None, 7
2026-02-01 11:14:47,789 - tf2onnx.graph - DEBUG - Making node: Name=Squeeze__308, OP=Squeeze
2026-02-01 11:14:47,789 - tf2onnx.graph - DEBUG - Infer shape and dtype for [Squeeze__308]
2026-02-01 11:14:47,790 - tf2onnx.graph - DEBUG - Set dtype of [Squeeze__308:0] to 7
2026-02-01 11:14:47,790 - tf2onnx.graph - DEBUG - Inferred shape for [Squeeze__308, type: Squeeze] is None, SKIP
2026-02-01 11:14:47,790 - tf2onnx.graph - DEBUG - Made node: Squeeze__308
OP=Squeeze
Name=Squeeze__308
Inputs:
	Sub__305:0=Sub, None, 7
	const_axes__29=Const, [1], 7
Outpus:
	Squeeze__308:0=None, 7
2026-02-01 11:14:47,791 - tf2onnx.graph - DEBUG - Making node: Name=Squeeze__309, OP=Squeeze
2026-02-01 11:14:47,791 - tf2onnx.graph - DEBUG - Infer shape and dtype for [Squeeze__309]
2026-02-01 11:14:47,791 - tf2onnx.graph - DEBUG - Set dtype of [Squeeze__309:0] to 7
2026-02-01 11:14:47,791 - tf2onnx.graph - DEBUG - Set shape of [Squeeze__309:0] to []
2026-02-01 11:14:47,792 - tf2onnx.graph - DEBUG - Made node: Squeeze__309
OP=Squeeze
Name=Squeeze__309
Inputs:
	const__32=Const, [1], 7
	const_axes__29=Const, [1], 7
Outpus:
	Squeeze__309:0=[], 7
2026-02-01 11:14:47,792 - tf2onnx.graph - DEBUG - Making node: Name=Range__310, OP=Range
2026-02-01 11:14:47,792 - tf2onnx.graph - DEBUG - Infer shape and dtype for [Range__310]
2026-02-01 11:14:47,792 - tf2onnx.graph - DEBUG - Set dtype of [Range__310:0] to 7
2026-02-01 11:14:47,793 - tf2onnx.graph - DEBUG - Set shape of [Range__310:0] to [-1]
2026-02-01 11:14:47,793 - tf2onnx.graph - DEBUG - Made node: Range__310
OP=Range
Name=Range__310
Inputs:
	Squeeze__307:0=Squeeze, None, 7
	Squeeze__308:0=Squeeze, None, 7
	Squeeze__309:0=Squeeze, [], 7
Outpus:
	Range__310:0=[-1], 7
2026-02-01 11:14:47,793 - tf2onnx.graph - DEBUG - Making node: Name=Expand__311, OP=Expand
2026-02-01 11:14:47,793 - tf2onnx.graph - DEBUG - Infer shape and dtype for [Expand__311]
2026-02-01 11:14:47,794 - tf2onnx.graph - DEBUG - Set dtype of [Expand__311:0] to 7
2026-02-01 11:14:47,794 - tf2onnx.graph - DEBUG - Inferred shape for [Expand__311, type: Expand] is None, SKIP
2026-02-01 11:14:47,794 - tf2onnx.graph - DEBUG - Made node: Expand__311
OP=Expand
Name=Expand__311
Inputs:
	Range__310:0=Range, [-1], 7
	Concat__261:0=Concat, [-1], 7
Outpus:
	Expand__311:0=None, 7
2026-02-01 11:14:47,795 - tf2onnx.graph - DEBUG - Making node: Name=Reshape__314, OP=Reshape
2026-02-01 11:14:47,795 - tf2onnx.graph - DEBUG - Infer shape and dtype for [Reshape__314]
2026-02-01 11:14:47,795 - tf2onnx.graph - DEBUG - Set dtype of [Reshape__314:0] to 7
2026-02-01 11:14:47,795 - tf2onnx.graph - DEBUG - Set shape of [Reshape__314:0] to [-1]
2026-02-01 11:14:47,796 - tf2onnx.graph - DEBUG - Made node: Reshape__314
OP=Reshape
Name=Reshape__314
Inputs:
	Expand__311:0=Expand, None, 7
	const__32=Const, [1], 7
Outpus:
	Reshape__314:0=[-1], 7
2026-02-01 11:14:47,796 - tf2onnx.graph - DEBUG - Making node: Name=ReverseSequence__315, OP=ReverseSequence
2026-02-01 11:14:47,796 - tf2onnx.graph - DEBUG - Infer shape and dtype for [ReverseSequence__315]
2026-02-01 11:14:47,796 - tf2onnx.graph - DEBUG - Set dtype of [ReverseSequence__315:0] to 1
2026-02-01 11:14:47,797 - tf2onnx.graph - DEBUG - Inferred shape for [ReverseSequence__315, type: ReverseSequence] is None, SKIP
2026-02-01 11:14:47,797 - tf2onnx.graph - DEBUG - Made node: ReverseSequence__315
OP=ReverseSequence
Name=ReverseSequence__315
Inputs:
	ReverseSequence__303:0=ReverseSequence, None, 1
	Reshape__314:0=Reshape, [-1], 7
Outpus:
	ReverseSequence__315:0=None, 1
2026-02-01 11:14:47,797 - tf2onnx.graph - DEBUG - Making node: Name=Shape__317, OP=Shape
2026-02-01 11:14:47,797 - tf2onnx.graph - DEBUG - Infer shape and dtype for [Shape__317]
2026-02-01 11:14:47,798 - tf2onnx.graph - DEBUG - Set dtype of [Shape__317:0] to 7
2026-02-01 11:14:47,798 - tf2onnx.graph - DEBUG - Set shape of [Shape__317:0] to [-1]
2026-02-01 11:14:47,799 - tf2onnx.graph - DEBUG - Made node: Shape__317
OP=Shape
Name=Shape__317
Inputs:
	ReverseSequence__315:0=ReverseSequence, None, 1
Outpus:
	Shape__317:0=[-1], 7
2026-02-01 11:14:47,799 - tf2onnx.graph - DEBUG - Making node: Name=Slice__318, OP=Slice
2026-02-01 11:14:47,799 - tf2onnx.graph - DEBUG - Infer shape and dtype for [Slice__318]
2026-02-01 11:14:47,800 - tf2onnx.graph - DEBUG - Set dtype of [Slice__318:0] to 7
2026-02-01 11:14:47,800 - tf2onnx.graph - DEBUG - Set shape of [Slice__318:0] to [-1]
2026-02-01 11:14:47,800 - tf2onnx.graph - DEBUG - Made node: Slice__318
OP=Slice
Name=Slice__318
Inputs:
	Shape__317:0=Shape, [-1], 7
	const__34=Const, [1], 7
	const__35=Const, [1], 7
Outpus:
	Slice__318:0=[-1], 7
2026-02-01 11:14:47,801 - tf2onnx.graph - DEBUG - Making node: Name=Slice__320, OP=Slice
2026-02-01 11:14:47,801 - tf2onnx.graph - DEBUG - Infer shape and dtype for [Slice__320]
2026-02-01 11:14:47,802 - tf2onnx.graph - DEBUG - Set dtype of [Slice__320:0] to 1
2026-02-01 11:14:47,802 - tf2onnx.graph - DEBUG - Inferred shape for [Slice__320, type: Slice] is None, SKIP
2026-02-01 11:14:47,802 - tf2onnx.graph - DEBUG - Made node: Slice__320
OP=Slice
Name=Slice__320
Inputs:
	ReverseSequence__315:0=ReverseSequence, None, 1
	Sub__229:0=Sub, None, 7
	Slice__318:0=Slice, [-1], 7
	const__34=Const, [1], 7
Outpus:
	Slice__320:0=None, 1
2026-02-01 11:14:47,802 - tf2onnx.graph - DEBUG - Making node: Name=Sub__322, OP=Sub
2026-02-01 11:14:47,803 - tf2onnx.graph - DEBUG - Infer shape and dtype for [Sub__322]
2026-02-01 11:14:47,803 - tf2onnx.graph - DEBUG - Set dtype of [Sub__322:0] to 7
2026-02-01 11:14:47,803 - tf2onnx.graph - DEBUG - Inferred shape for [Sub__322, type: Sub] is None, SKIP
2026-02-01 11:14:47,804 - tf2onnx.graph - DEBUG - Made node: Sub__322
OP=Sub
Name=Sub__322
Inputs:
	Slice__318:0=Slice, [-1], 7
	Sub__229:0=Sub, None, 7
Outpus:
	Sub__322:0=None, 7
2026-02-01 11:14:47,804 - tf2onnx.graph - DEBUG - Making node: Name=Shape__324, OP=Shape
2026-02-01 11:14:47,804 - tf2onnx.graph - DEBUG - Infer shape and dtype for [Shape__324]
2026-02-01 11:14:47,804 - tf2onnx.graph - DEBUG - Set dtype of [Shape__324:0] to 7
2026-02-01 11:14:47,805 - tf2onnx.graph - DEBUG - Set shape of [Shape__324:0] to [1]
2026-02-01 11:14:47,805 - tf2onnx.graph - DEBUG - Made node: Shape__324
OP=Shape
Name=Shape__324
Inputs:
	Reshape__314:0=Reshape, [-1], 7
Outpus:
	Shape__324:0=[1], 7
2026-02-01 11:14:47,805 - tf2onnx.graph - DEBUG - Making node: Name=Expand__326, OP=Expand
2026-02-01 11:14:47,805 - tf2onnx.graph - DEBUG - Infer shape and dtype for [Expand__326]
2026-02-01 11:14:47,806 - tf2onnx.graph - DEBUG - Set dtype of [Expand__326:0] to 7
2026-02-01 11:14:47,806 - tf2onnx.graph - DEBUG - Inferred shape for [Expand__326, type: Expand] is None, SKIP
2026-02-01 11:14:47,806 - tf2onnx.graph - DEBUG - Made node: Expand__326
OP=Expand
Name=Expand__326
Inputs:
	Sub__322:0=Sub, None, 7
	Shape__324:0=Shape, [1], 7
Outpus:
	Expand__326:0=None, 7
2026-02-01 11:14:47,806 - tf2onnx.graph - DEBUG - Making node: Name=ReverseSequence__327, OP=ReverseSequence
2026-02-01 11:14:47,807 - tf2onnx.graph - DEBUG - Infer shape and dtype for [ReverseSequence__327]
2026-02-01 11:14:47,807 - tf2onnx.graph - DEBUG - Set dtype of [ReverseSequence__327:0] to 1
2026-02-01 11:14:47,807 - tf2onnx.graph - DEBUG - Inferred shape for [ReverseSequence__327, type: ReverseSequence] is None, SKIP
2026-02-01 11:14:47,808 - tf2onnx.graph - DEBUG - Made node: ReverseSequence__327
OP=ReverseSequence
Name=ReverseSequence__327
Inputs:
	Slice__320:0=Slice, None, 1
	Expand__326:0=Expand, None, 7
Outpus:
	ReverseSequence__327:0=None, 1
2026-02-01 11:14:47,808 - tf2onnx.graph - DEBUG - Making node: Name=Sub__328, OP=Sub
2026-02-01 11:14:47,808 - tf2onnx.graph - DEBUG - Infer shape and dtype for [Sub__328]
2026-02-01 11:14:47,808 - tf2onnx.graph - DEBUG - Set dtype of [Sub__328:0] to 7
2026-02-01 11:14:47,809 - tf2onnx.graph - DEBUG - Inferred shape for [Sub__328, type: Sub] is None, SKIP
2026-02-01 11:14:47,809 - tf2onnx.graph - DEBUG - Made node: Sub__328
OP=Sub
Name=Sub__328
Inputs:
	Slice__70:0=Slice, [-1], 7
	Sub__229:0=Sub, None, 7
Outpus:
	Sub__328:0=None, 7
2026-02-01 11:14:47,809 - tf2onnx.graph - DEBUG - Making node: Name=Add__330, OP=Add
2026-02-01 11:14:47,809 - tf2onnx.graph - DEBUG - Infer shape and dtype for [Add__330]
2026-02-01 11:14:47,810 - tf2onnx.graph - DEBUG - Set dtype of [Add__330:0] to 7
2026-02-01 11:14:47,810 - tf2onnx.graph - DEBUG - Inferred shape for [Add__330, type: Add] is None, SKIP
2026-02-01 11:14:47,810 - tf2onnx.graph - DEBUG - Made node: Add__330
OP=Add
Name=Add__330
Inputs:
	Sub__328:0=Sub, None, 7
	Slice__68:0=Slice, [-1], 7
Outpus:
	Add__330:0=None, 7
2026-02-01 11:14:47,810 - tf2onnx.graph - DEBUG - Making node: Name=Squeeze__332, OP=Squeeze
2026-02-01 11:14:47,811 - tf2onnx.graph - DEBUG - Infer shape and dtype for [Squeeze__332]
2026-02-01 11:14:47,811 - tf2onnx.graph - DEBUG - Set dtype of [Squeeze__332:0] to 7
2026-02-01 11:14:47,811 - tf2onnx.graph - DEBUG - Inferred shape for [Squeeze__332, type: Squeeze] is None, SKIP
2026-02-01 11:14:47,812 - tf2onnx.graph - DEBUG - Made node: Squeeze__332
OP=Squeeze
Name=Squeeze__332
Inputs:
	Sub__328:0=Sub, None, 7
	const_axes__29=Const, [1], 7
Outpus:
	Squeeze__332:0=None, 7
2026-02-01 11:14:47,812 - tf2onnx.graph - DEBUG - Making node: Name=Squeeze__333, OP=Squeeze
2026-02-01 11:14:47,812 - tf2onnx.graph - DEBUG - Infer shape and dtype for [Squeeze__333]
2026-02-01 11:14:47,812 - tf2onnx.graph - DEBUG - Set dtype of [Squeeze__333:0] to 7
2026-02-01 11:14:47,813 - tf2onnx.graph - DEBUG - Inferred shape for [Squeeze__333, type: Squeeze] is None, SKIP
2026-02-01 11:14:47,813 - tf2onnx.graph - DEBUG - Made node: Squeeze__333
OP=Squeeze
Name=Squeeze__333
Inputs:
	Add__330:0=Add, None, 7
	const_axes__29=Const, [1], 7
Outpus:
	Squeeze__333:0=None, 7
2026-02-01 11:14:47,813 - tf2onnx.graph - DEBUG - Making node: Name=Squeeze__334, OP=Squeeze
2026-02-01 11:14:47,813 - tf2onnx.graph - DEBUG - Infer shape and dtype for [Squeeze__334]
2026-02-01 11:14:47,814 - tf2onnx.graph - DEBUG - Set dtype of [Squeeze__334:0] to 7
2026-02-01 11:14:47,814 - tf2onnx.graph - DEBUG - Set shape of [Squeeze__334:0] to []
2026-02-01 11:14:47,814 - tf2onnx.graph - DEBUG - Made node: Squeeze__334
OP=Squeeze
Name=Squeeze__334
Inputs:
	const__34=Const, [1], 7
	const_axes__29=Const, [1], 7
Outpus:
	Squeeze__334:0=[], 7
2026-02-01 11:14:47,814 - tf2onnx.graph - DEBUG - Making node: Name=Range__335, OP=Range
2026-02-01 11:14:47,815 - tf2onnx.graph - DEBUG - Infer shape and dtype for [Range__335]
2026-02-01 11:14:47,816 - tf2onnx.graph - DEBUG - Set dtype of [Range__335:0] to 7
2026-02-01 11:14:47,816 - tf2onnx.graph - DEBUG - Set shape of [Range__335:0] to [-1]
2026-02-01 11:14:47,816 - tf2onnx.graph - DEBUG - Made node: Range__335
OP=Range
Name=Range__335
Inputs:
	Squeeze__332:0=Squeeze, None, 7
	Squeeze__333:0=Squeeze, None, 7
	Squeeze__334:0=Squeeze, [], 7
Outpus:
	Range__335:0=[-1], 7
2026-02-01 11:14:47,817 - tf2onnx.graph - DEBUG - Making node: Name=Expand__336, OP=Expand
2026-02-01 11:14:47,817 - tf2onnx.graph - DEBUG - Infer shape and dtype for [Expand__336]
2026-02-01 11:14:47,817 - tf2onnx.graph - DEBUG - Set dtype of [Expand__336:0] to 7
2026-02-01 11:14:47,818 - tf2onnx.graph - DEBUG - Inferred shape for [Expand__336, type: Expand] is None, SKIP
2026-02-01 11:14:47,818 - tf2onnx.graph - DEBUG - Made node: Expand__336
OP=Expand
Name=Expand__336
Inputs:
	Range__335:0=Range, [-1], 7
	Concat__261:0=Concat, [-1], 7
Outpus:
	Expand__336:0=None, 7
2026-02-01 11:14:47,818 - tf2onnx.graph - DEBUG - Making node: Name=Reshape__339, OP=Reshape
2026-02-01 11:14:47,818 - tf2onnx.graph - DEBUG - Infer shape and dtype for [Reshape__339]
2026-02-01 11:14:47,819 - tf2onnx.graph - DEBUG - Set dtype of [Reshape__339:0] to 7
2026-02-01 11:14:47,819 - tf2onnx.graph - DEBUG - Set shape of [Reshape__339:0] to [-1]
2026-02-01 11:14:47,819 - tf2onnx.graph - DEBUG - Made node: Reshape__339
OP=Reshape
Name=Reshape__339
Inputs:
	Expand__336:0=Expand, None, 7
	const__32=Const, [1], 7
Outpus:
	Reshape__339:0=[-1], 7
2026-02-01 11:14:47,820 - tf2onnx.graph - DEBUG - Making node: Name=ReverseSequence__340, OP=ReverseSequence
2026-02-01 11:14:47,820 - tf2onnx.graph - DEBUG - Infer shape and dtype for [ReverseSequence__340]
2026-02-01 11:14:47,821 - tf2onnx.graph - DEBUG - Set dtype of [ReverseSequence__340:0] to 1
2026-02-01 11:14:47,821 - tf2onnx.graph - DEBUG - Inferred shape for [ReverseSequence__340, type: ReverseSequence] is None, SKIP
2026-02-01 11:14:47,821 - tf2onnx.graph - DEBUG - Made node: ReverseSequence__340
OP=ReverseSequence
Name=ReverseSequence__340
Inputs:
	ReverseSequence__327:0=ReverseSequence, None, 1
	Reshape__339:0=Reshape, [-1], 7
Outpus:
	ReverseSequence__340:0=None, 1
2026-02-01 11:14:47,821 - tf2onnx.graph - DEBUG - Making node: Name=Sub__342, OP=Sub
2026-02-01 11:14:47,822 - tf2onnx.graph - DEBUG - Infer shape and dtype for [Sub__342]
2026-02-01 11:14:47,822 - tf2onnx.graph - DEBUG - Set dtype of [Sub__342:0] to 7
2026-02-01 11:14:47,822 - tf2onnx.graph - DEBUG - Set shape of [Sub__342:0] to [-1]
2026-02-01 11:14:47,822 - tf2onnx.graph - DEBUG - Made node: Sub__342
OP=Sub
Name=Sub__342
Inputs:
	ReduceMax__42:0=ReduceMax, [1], 7
	Sub__125:0=Sub, [-1], 7
Outpus:
	Sub__342:0=[-1], 7
2026-02-01 11:14:47,823 - tf2onnx.graph - DEBUG - Making node: Name=Add__344, OP=Add
2026-02-01 11:14:47,823 - tf2onnx.graph - DEBUG - Infer shape and dtype for [Add__344]
2026-02-01 11:14:47,823 - tf2onnx.graph - DEBUG - Set dtype of [Add__344:0] to 7
2026-02-01 11:14:47,823 - tf2onnx.graph - DEBUG - Set shape of [Add__344:0] to [-1]
2026-02-01 11:14:47,824 - tf2onnx.graph - DEBUG - Made node: Add__344
OP=Add
Name=Add__344
Inputs:
	Sub__342:0=Sub, [-1], 7
	const__34=Const, [1], 7
Outpus:
	Add__344:0=[-1], 7
2026-02-01 11:14:47,824 - tf2onnx.graph - DEBUG - Making node: Name=Slice__346, OP=Slice
2026-02-01 11:14:47,824 - tf2onnx.graph - DEBUG - Infer shape and dtype for [Slice__346]
2026-02-01 11:14:47,824 - tf2onnx.graph - DEBUG - Set dtype of [Slice__346:0] to 7
2026-02-01 11:14:47,825 - tf2onnx.graph - DEBUG - Inferred shape for [Slice__346, type: Slice] is None, SKIP
2026-02-01 11:14:47,825 - tf2onnx.graph - DEBUG - Made node: Slice__346
OP=Slice
Name=Slice__346
Inputs:
	Concat__150:0=Concat, None, 7
	Sub__342:0=Sub, [-1], 7
	Add__344:0=Add, [-1], 7
Outpus:
	Slice__346:0=None, 7
2026-02-01 11:14:47,825 - tf2onnx.graph - DEBUG - Making node: Name=Abs__349, OP=Abs
2026-02-01 11:14:47,826 - tf2onnx.graph - DEBUG - Infer shape and dtype for [Abs__349]
2026-02-01 11:14:47,826 - tf2onnx.graph - DEBUG - Set dtype of [Abs__349:0] to 7
2026-02-01 11:14:47,826 - tf2onnx.graph - DEBUG - Set shape of [Abs__349:0] to [1]
2026-02-01 11:14:47,827 - tf2onnx.graph - DEBUG - Made node: Abs__349
OP=Abs
Name=Abs__349
Inputs:
	ReduceMax__42:0=ReduceMax, [1], 7
Outpus:
	Abs__349:0=[1], 7
2026-02-01 11:14:47,827 - tf2onnx.graph - DEBUG - Making node: Name=Sub__350, OP=Sub
2026-02-01 11:14:47,827 - tf2onnx.graph - DEBUG - Infer shape and dtype for [Sub__350]
2026-02-01 11:14:47,827 - tf2onnx.graph - DEBUG - Set dtype of [Sub__350:0] to 7
2026-02-01 11:14:47,828 - tf2onnx.graph - DEBUG - Set shape of [Sub__350:0] to [1]
2026-02-01 11:14:47,828 - tf2onnx.graph - DEBUG - Made node: Sub__350
OP=Sub
Name=Sub__350
Inputs:
	Abs__349:0=Abs, [1], 7
	ReduceMin__78:0=ReduceMin, [1], 7
Outpus:
	Sub__350:0=[1], 7
2026-02-01 11:14:47,828 - tf2onnx.graph - DEBUG - Making node: Name=Add__351, OP=Add
2026-02-01 11:14:47,828 - tf2onnx.graph - DEBUG - Infer shape and dtype for [Add__351]
2026-02-01 11:14:47,829 - tf2onnx.graph - DEBUG - Set dtype of [Add__351:0] to 7
2026-02-01 11:14:47,829 - tf2onnx.graph - DEBUG - Inferred shape for [Add__351, type: Add] is None, SKIP
2026-02-01 11:14:47,829 - tf2onnx.graph - DEBUG - Made node: Add__351
OP=Add
Name=Add__351
Inputs:
	Slice__346:0=Slice, None, 7
	Sub__350:0=Sub, [1], 7
Outpus:
	Add__351:0=None, 7
2026-02-01 11:14:47,829 - tf2onnx.graph - DEBUG - Making node: Name=Slice__352, OP=Slice
2026-02-01 11:14:47,830 - tf2onnx.graph - DEBUG - Infer shape and dtype for [Slice__352]
2026-02-01 11:14:47,830 - tf2onnx.graph - DEBUG - Set dtype of [Slice__352:0] to 1
2026-02-01 11:14:47,831 - tf2onnx.graph - DEBUG - Inferred shape for [Slice__352, type: Slice] is None, SKIP
2026-02-01 11:14:47,831 - tf2onnx.graph - DEBUG - Made node: Slice__352
OP=Slice
Name=Slice__352
Inputs:
	ReverseSequence__340:0=ReverseSequence, None, 1
	const__33=Const, [1], 7
	Add__351:0=Add, None, 7
	const__34=Const, [1], 7
Outpus:
	Slice__352:0=None, 1
2026-02-01 11:14:47,832 - tf2onnx.graph - DEBUG - Making node: Name=Concat__353, OP=Concat
2026-02-01 11:14:47,833 - tf2onnx.graph - DEBUG - Infer shape and dtype for [Concat__353]
2026-02-01 11:14:47,833 - tf2onnx.graph - DEBUG - Set dtype of [Concat__353:0] to 7
2026-02-01 11:14:47,834 - tf2onnx.graph - DEBUG - Set shape of [Concat__353:0] to [-1]
2026-02-01 11:14:47,834 - tf2onnx.graph - DEBUG - Made node: Concat__353
OP=Concat
Name=Concat__353
Inputs:
	Slice__64:0=Slice, [-1], 7
	Slice__68:0=Slice, [-1], 7
	const__32=Const, [1], 7
Outpus:
	Concat__353:0=[-1], 7
2026-02-01 11:14:47,834 - tf2onnx.graph - DEBUG - Making node: Name=Reshape__356, OP=Reshape
2026-02-01 11:14:47,834 - tf2onnx.graph - DEBUG - Infer shape and dtype for [Reshape__356]
2026-02-01 11:14:47,835 - tf2onnx.graph - DEBUG - Set dtype of [Reshape__356:0] to 1
2026-02-01 11:14:47,835 - tf2onnx.graph - DEBUG - Inferred shape for [Reshape__356, type: Reshape] is None, SKIP
2026-02-01 11:14:47,836 - tf2onnx.graph - DEBUG - Made node: Reshape__356
OP=Reshape
Name=Reshape__356
Inputs:
	Slice__352:0=Slice, None, 1
	Concat__353:0=Concat, [-1], 7
Outpus:
	Reshape__356:0=None, 1
2026-02-01 11:14:47,836 - tf2onnx.graph - DEBUG - Making node: Name=Sub__358, OP=Sub
2026-02-01 11:14:47,836 - tf2onnx.graph - DEBUG - Infer shape and dtype for [Sub__358]
2026-02-01 11:14:47,837 - tf2onnx.graph - DEBUG - Set dtype of [Sub__358:0] to 7
2026-02-01 11:14:47,837 - tf2onnx.graph - DEBUG - Set shape of [Sub__358:0] to [-1]
2026-02-01 11:14:47,837 - tf2onnx.graph - DEBUG - Made node: Sub__358
OP=Sub
Name=Sub__358
Inputs:
	Slice__121:0=Slice, [-1], 7
	Slice__68:0=Slice, [-1], 7
Outpus:
	Sub__358:0=[-1], 7
2026-02-01 11:14:47,837 - tf2onnx.graph - DEBUG - Making node: Name=Sub__361, OP=Sub
2026-02-01 11:14:47,838 - tf2onnx.graph - DEBUG - Infer shape and dtype for [Sub__361]
2026-02-01 11:14:47,838 - tf2onnx.graph - DEBUG - Set dtype of [Sub__361:0] to 7
2026-02-01 11:14:47,838 - tf2onnx.graph - DEBUG - Inferred shape for [Sub__361, type: Sub] is None, SKIP
2026-02-01 11:14:47,839 - tf2onnx.graph - DEBUG - Made node: Sub__361
OP=Sub
Name=Sub__361
Inputs:
	Slice__123:0=Slice, [-1], 7
	Add__351:0=Add, None, 7
Outpus:
	Sub__361:0=None, 7
2026-02-01 11:14:47,839 - tf2onnx.graph - DEBUG - Making node: Name=Sub__363, OP=Sub
2026-02-01 11:14:47,839 - tf2onnx.graph - DEBUG - Infer shape and dtype for [Sub__363]
2026-02-01 11:14:47,839 - tf2onnx.graph - DEBUG - Set dtype of [Sub__363:0] to 7
2026-02-01 11:14:47,840 - tf2onnx.graph - DEBUG - Set shape of [Sub__363:0] to [1]
2026-02-01 11:14:47,840 - tf2onnx.graph - DEBUG - Made node: Sub__363
OP=Sub
Name=Sub__363
Inputs:
	const__33=Const, [1], 7
	ReduceMax__42:0=ReduceMax, [1], 7
Outpus:
	Sub__363:0=[1], 7
2026-02-01 11:14:47,840 - tf2onnx.graph - DEBUG - Making node: Name=Max__364, OP=Max
2026-02-01 11:14:47,841 - tf2onnx.graph - DEBUG - Infer shape and dtype for [Max__364]
2026-02-01 11:14:47,841 - tf2onnx.graph - DEBUG - Set dtype of [Max__364:0] to 7
2026-02-01 11:14:47,841 - tf2onnx.graph - DEBUG - Set shape of [Max__364:0] to [1]
2026-02-01 11:14:47,842 - tf2onnx.graph - DEBUG - Made node: Max__364
OP=Max
Name=Max__364
Inputs:
	const__33=Const, [1], 7
	Sub__363:0=Sub, [1], 7
Outpus:
	Max__364:0=[1], 7
2026-02-01 11:14:47,842 - tf2onnx.graph - DEBUG - Making node: Name=Sub__365, OP=Sub
2026-02-01 11:14:47,842 - tf2onnx.graph - DEBUG - Infer shape and dtype for [Sub__365]
2026-02-01 11:14:47,843 - tf2onnx.graph - DEBUG - Set dtype of [Sub__365:0] to 7
2026-02-01 11:14:47,843 - tf2onnx.graph - DEBUG - Set shape of [Sub__365:0] to [1]
2026-02-01 11:14:47,843 - tf2onnx.graph - DEBUG - Made node: Sub__365
OP=Sub
Name=Sub__365
Inputs:
	ReduceMin__41:0=ReduceMin, [1], 7
	const__33=Const, [1], 7
Outpus:
	Sub__365:0=[1], 7
2026-02-01 11:14:47,843 - tf2onnx.graph - DEBUG - Making node: Name=Max__366, OP=Max
2026-02-01 11:14:47,844 - tf2onnx.graph - DEBUG - Infer shape and dtype for [Max__366]
2026-02-01 11:14:47,844 - tf2onnx.graph - DEBUG - Set dtype of [Max__366:0] to 7
2026-02-01 11:14:47,844 - tf2onnx.graph - DEBUG - Set shape of [Max__366:0] to [1]
2026-02-01 11:14:47,845 - tf2onnx.graph - DEBUG - Made node: Max__366
OP=Max
Name=Max__366
Inputs:
	const__33=Const, [1], 7
	Sub__365:0=Sub, [1], 7
Outpus:
	Max__366:0=[1], 7
2026-02-01 11:14:47,845 - tf2onnx.graph - DEBUG - Making node: Name=Sub__367, OP=Sub
2026-02-01 11:14:47,846 - tf2onnx.graph - DEBUG - Infer shape and dtype for [Sub__367]
2026-02-01 11:14:47,846 - tf2onnx.graph - DEBUG - Set dtype of [Sub__367:0] to 7
2026-02-01 11:14:47,846 - tf2onnx.graph - DEBUG - Set shape of [Sub__367:0] to [-1]
2026-02-01 11:14:47,847 - tf2onnx.graph - DEBUG - Made node: Sub__367
OP=Sub
Name=Sub__367
Inputs:
	Sub__358:0=Sub, [-1], 7
	Max__364:0=Max, [1], 7
Outpus:
	Sub__367:0=[-1], 7
2026-02-01 11:14:47,847 - tf2onnx.graph - DEBUG - Making node: Name=Sub__369, OP=Sub
2026-02-01 11:14:47,847 - tf2onnx.graph - DEBUG - Infer shape and dtype for [Sub__369]
2026-02-01 11:14:47,848 - tf2onnx.graph - DEBUG - Set dtype of [Sub__369:0] to 7
2026-02-01 11:14:47,848 - tf2onnx.graph - DEBUG - Inferred shape for [Sub__369, type: Sub] is None, SKIP
2026-02-01 11:14:47,849 - tf2onnx.graph - DEBUG - Made node: Sub__369
OP=Sub
Name=Sub__369
Inputs:
	Sub__361:0=Sub, None, 7
	Max__366:0=Max, [1], 7
Outpus:
	Sub__369:0=None, 7
2026-02-01 11:14:47,849 - tf2onnx.graph - DEBUG - Making node: Name=Mul__370, OP=Mul
2026-02-01 11:14:47,849 - tf2onnx.graph - DEBUG - Infer shape and dtype for [Mul__370]
2026-02-01 11:14:47,850 - tf2onnx.graph - DEBUG - Set dtype of [Mul__370:0] to 7
2026-02-01 11:14:47,851 - tf2onnx.graph - DEBUG - Set shape of [Mul__370:0] to [-1]
2026-02-01 11:14:47,851 - tf2onnx.graph - DEBUG - Made node: Mul__370
OP=Mul
Name=Mul__370
Inputs:
	const__33=Const, [1], 7
	Slice__64:0=Slice, [-1], 7
Outpus:
	Mul__370:0=[-1], 7
2026-02-01 11:14:47,851 - tf2onnx.graph - DEBUG - Making node: Name=Concat__372, OP=Concat
2026-02-01 11:14:47,852 - tf2onnx.graph - DEBUG - Infer shape and dtype for [Concat__372]
2026-02-01 11:14:47,852 - tf2onnx.graph - DEBUG - Set dtype of [Concat__372:0] to 7
2026-02-01 11:14:47,853 - tf2onnx.graph - DEBUG - Inferred shape for [Concat__372, type: Concat] is None, SKIP
2026-02-01 11:14:47,853 - tf2onnx.graph - DEBUG - Made node: Concat__372
OP=Concat
Name=Concat__372
Inputs:
	Mul__370:0=Mul, [-1], 7
	Max__364:0=Max, [1], 7
	Max__366:0=Max, [1], 7
	Mul__370:0=Mul, [-1], 7
	Sub__367:0=Sub, [-1], 7
	Sub__369:0=Sub, None, 7
Outpus:
	Concat__372:0=None, 7
2026-02-01 11:14:47,853 - tf2onnx.graph - DEBUG - Making node: Name=Pad__376, OP=Pad
2026-02-01 11:14:47,854 - tf2onnx.graph - DEBUG - Infer shape and dtype for [Pad__376]
2026-02-01 11:14:47,854 - tf2onnx.graph - DEBUG - Set dtype of [Pad__376:0] to 1
2026-02-01 11:14:47,855 - tf2onnx.graph - DEBUG - Inferred shape for [Pad__376, type: Pad] is None, SKIP
2026-02-01 11:14:47,855 - tf2onnx.graph - DEBUG - Made node: Pad__376
OP=Pad
Name=Pad__376
Inputs:
	Reshape__356:0=Reshape, None, 1
	Concat__372:0=Concat, None, 7
	point_net_1/eye/diag/padding_value:0=Const, [], 1
Outpus:
	Pad__376:0=None, 1
2026-02-01 11:14:47,855 - tf2onnx.graph - DEBUG - Making node: Name=point_net_1/eye/diag, OP=Identity
2026-02-01 11:14:47,855 - tf2onnx.graph - DEBUG - Made node: point_net_1/eye/diag
OP=Identity
Name=point_net_1/eye/diag
Inputs:
	Pad__376:0=Pad, None, 1
Outpus:
	point_net_1/eye/diag:0=[-1, 3, 3], 1
2026-02-01 11:14:47,856 - tf2onnx.tfonnx - DEBUG - Process node: point_net_1/ExpandDims
OP=ExpandDims
Name=point_net_1/ExpandDims
Inputs:
	point_net_1/input_normalization_1/truediv:0=Div, [-1, 8192, 3], 1
	point_net_1/ExpandDims/dim:0=Const, [], 6
Outpus:
	point_net_1/ExpandDims:0=[-1, 8192, 1, 3], 1
2026-02-01 11:14:47,856 - tf2onnx.graph - DEBUG - Making node: Name=point_net_1/ExpandDims__377, OP=Cast
2026-02-01 11:14:47,856 - tf2onnx.graph - DEBUG - Infer shape and dtype for [point_net_1/ExpandDims__377]
2026-02-01 11:14:47,857 - tf2onnx.graph - DEBUG - Set dtype of [point_net_1/ExpandDims__377:0] to 7
2026-02-01 11:14:47,857 - tf2onnx.graph - DEBUG - Set shape of [point_net_1/ExpandDims__377:0] to []
2026-02-01 11:14:47,857 - tf2onnx.graph - DEBUG - Made node: point_net_1/ExpandDims__377
OP=Cast
Name=point_net_1/ExpandDims__377
Inputs:
	point_net_1/ExpandDims/dim:0=Const, [], 6
Outpus:
	point_net_1/ExpandDims__377:0=[], 7
2026-02-01 11:14:47,858 - tf2onnx.graph - DEBUG - Making node: Name=reshape_const__378, OP=Const
2026-02-01 11:14:47,858 - tf2onnx.graph - DEBUG - Made node: reshape_const__378
OP=Const
Name=reshape_const__378
Outpus:
	reshape_const__378=None, 7
2026-02-01 11:14:47,858 - tf2onnx.graph - DEBUG - Making node: Name=Reshape__379, OP=Reshape
2026-02-01 11:14:47,859 - tf2onnx.graph - DEBUG - Infer shape and dtype for [Reshape__379]
2026-02-01 11:14:47,859 - tf2onnx.graph - DEBUG - Set dtype of [Reshape__379:0] to 7
2026-02-01 11:14:47,859 - tf2onnx.graph - DEBUG - Set shape of [Reshape__379:0] to [1]
2026-02-01 11:14:47,860 - tf2onnx.graph - DEBUG - Made node: Reshape__379
OP=Reshape
Name=Reshape__379
Inputs:
	point_net_1/ExpandDims__377:0=Cast, [], 7
	reshape_const__378=Const, [1], 7
Outpus:
	Reshape__379:0=[1], 7
2026-02-01 11:14:47,860 - tf2onnx.tfonnx - DEBUG - Process node: point_net_1/s1_l1_64_convolution_layer_1/batch_normalization_1/batchnorm/mul_1
OP=Conv2D
Name=point_net_1/s1_l1_64_convolution_layer_1/batch_normalization_1/batchnorm/mul_1
Inputs:
	point_net_1/ExpandDims:0=Unsqueeze, [-1, 8192, 1, 3], 1
	point_net_1/s1_l1_64_convolution_layer_1/s1_l1_64_convolution_layer_1/convolution/merged_input:0=Const, [1, 1, 3, 64], 1
Outpus:
	point_net_1/s1_l1_64_convolution_layer_1/batch_normalization_1/batchnorm/mul_1:0=[-1, 8192, 1, 64], 1
2026-02-01 11:14:47,860 - tf2onnx.graph - DEBUG - Making node: Name=point_net_1/s1_l1_64_convolution_layer_1/batch_normalization_1/batchnorm/mul_1__380, OP=Transpose
2026-02-01 11:14:47,861 - tf2onnx.graph - DEBUG - Infer shape and dtype for [point_net_1/s1_l1_64_convolution_layer_1/batch_normalization_1/batchnorm/mul_1__380]
2026-02-01 11:14:47,863 - tf2onnx.graph - DEBUG - Set dtype of [point_net_1/s1_l1_64_convolution_layer_1/batch_normalization_1/batchnorm/mul_1__380:0] to 1
2026-02-01 11:14:47,864 - tf2onnx.graph - DEBUG - Set shape of [point_net_1/s1_l1_64_convolution_layer_1/batch_normalization_1/batchnorm/mul_1__380:0] to [3, 1, 8192, -1]
2026-02-01 11:14:47,864 - tf2onnx.graph - DEBUG - Made node: point_net_1/s1_l1_64_convolution_layer_1/batch_normalization_1/batchnorm/mul_1__380
OP=Transpose
Name=point_net_1/s1_l1_64_convolution_layer_1/batch_normalization_1/batchnorm/mul_1__380
Inputs:
	point_net_1/ExpandDims:0=Unsqueeze, [-1, 8192, 1, 3], 1
Outpus:
	point_net_1/s1_l1_64_convolution_layer_1/batch_normalization_1/batchnorm/mul_1__380:0=[3, 1, 8192, -1], 1
2026-02-01 11:14:47,864 - tf2onnx.graph - DEBUG - Making node: Name=point_net_1/s1_l1_64_convolution_layer_1/batch_normalization_1/batchnorm/mul_1__382, OP=Transpose
2026-02-01 11:14:47,865 - tf2onnx.graph - DEBUG - Infer shape and dtype for [point_net_1/s1_l1_64_convolution_layer_1/batch_normalization_1/batchnorm/mul_1__382]
2026-02-01 11:14:47,865 - tf2onnx.graph - DEBUG - Set dtype of [point_net_1/s1_l1_64_convolution_layer_1/batch_normalization_1/batchnorm/mul_1__382:0] to 1
2026-02-01 11:14:47,865 - tf2onnx.graph - DEBUG - Set shape of [point_net_1/s1_l1_64_convolution_layer_1/batch_normalization_1/batchnorm/mul_1__382:0] to [64, 1, 8192, -1]
2026-02-01 11:14:47,866 - tf2onnx.graph - DEBUG - Made node: point_net_1/s1_l1_64_convolution_layer_1/batch_normalization_1/batchnorm/mul_1__382
OP=Transpose
Name=point_net_1/s1_l1_64_convolution_layer_1/batch_normalization_1/batchnorm/mul_1__382
Inputs:
	point_net_1/s1_l1_64_convolution_layer_1/batch_normalization_1/batchnorm/mul_1:0=Conv, [-1, 8192, 1, 64], 1
Outpus:
	point_net_1/s1_l1_64_convolution_layer_1/batch_normalization_1/batchnorm/mul_1__382:0=[64, 1, 8192, -1], 1
2026-02-01 11:14:47,866 - tf2onnx.tfonnx - DEBUG - Process node: point_net_1/s1_l1_64_convolution_layer_1/batch_normalization_1/batchnorm/add_1
OP=AddV2
Name=point_net_1/s1_l1_64_convolution_layer_1/batch_normalization_1/batchnorm/add_1
Inputs:
	point_net_1/s1_l1_64_convolution_layer_1/batch_normalization_1/batchnorm/mul_1__382:0=Transpose, [-1, 8192, 1, 64], 1
	point_net_1/s1_l1_64_convolution_layer_1/batch_normalization_1/batchnorm/sub:0=Const, [64], 1
Outpus:
	point_net_1/s1_l1_64_convolution_layer_1/batch_normalization_1/batchnorm/add_1:0=[-1, 8192, 1, 64], 1
2026-02-01 11:14:47,867 - tf2onnx.tfonnx - DEBUG - Process node: point_net_1/s1_l1_64_convolution_layer_1/Relu
OP=Relu
Name=point_net_1/s1_l1_64_convolution_layer_1/Relu
Inputs:
	point_net_1/s1_l1_64_convolution_layer_1/batch_normalization_1/batchnorm/add_1:0=Add, [-1, 8192, 1, 64], 1
Outpus:
	point_net_1/s1_l1_64_convolution_layer_1/Relu:0=[-1, 8192, 1, 64], 1
2026-02-01 11:14:47,867 - tf2onnx.tfonnx - DEBUG - Process node: point_net_1/s1_l2_64_convolution_layer_1/batch_normalization_1_1/batchnorm/mul_1
OP=Conv2D
Name=point_net_1/s1_l2_64_convolution_layer_1/batch_normalization_1_1/batchnorm/mul_1
Inputs:
	point_net_1/s1_l1_64_convolution_layer_1/Relu:0=Relu, [-1, 8192, 1, 64], 1
	point_net_1/s1_l2_64_convolution_layer_1/s1_l2_64_convolution_layer_1/convolution/merged_input:0=Const, [1, 1, 64, 64], 1
Outpus:
	point_net_1/s1_l2_64_convolution_layer_1/batch_normalization_1_1/batchnorm/mul_1:0=[-1, 8192, 1, 64], 1
2026-02-01 11:14:47,867 - tf2onnx.graph - DEBUG - Making node: Name=point_net_1/s1_l2_64_convolution_layer_1/batch_normalization_1_1/batchnorm/mul_1__384, OP=Transpose
2026-02-01 11:14:47,868 - tf2onnx.graph - DEBUG - Infer shape and dtype for [point_net_1/s1_l2_64_convolution_layer_1/batch_normalization_1_1/batchnorm/mul_1__384]
2026-02-01 11:14:47,868 - tf2onnx.graph - DEBUG - Set dtype of [point_net_1/s1_l2_64_convolution_layer_1/batch_normalization_1_1/batchnorm/mul_1__384:0] to 1
2026-02-01 11:14:47,868 - tf2onnx.graph - DEBUG - Set shape of [point_net_1/s1_l2_64_convolution_layer_1/batch_normalization_1_1/batchnorm/mul_1__384:0] to [64, 1, 8192, -1]
2026-02-01 11:14:47,868 - tf2onnx.graph - DEBUG - Made node: point_net_1/s1_l2_64_convolution_layer_1/batch_normalization_1_1/batchnorm/mul_1__384
OP=Transpose
Name=point_net_1/s1_l2_64_convolution_layer_1/batch_normalization_1_1/batchnorm/mul_1__384
Inputs:
	point_net_1/s1_l1_64_convolution_layer_1/Relu:0=Relu, [-1, 8192, 1, 64], 1
Outpus:
	point_net_1/s1_l2_64_convolution_layer_1/batch_normalization_1_1/batchnorm/mul_1__384:0=[64, 1, 8192, -1], 1
2026-02-01 11:14:47,869 - tf2onnx.graph - DEBUG - Making node: Name=point_net_1/s1_l2_64_convolution_layer_1/batch_normalization_1_1/batchnorm/mul_1__386, OP=Transpose
2026-02-01 11:14:47,869 - tf2onnx.graph - DEBUG - Infer shape and dtype for [point_net_1/s1_l2_64_convolution_layer_1/batch_normalization_1_1/batchnorm/mul_1__386]
2026-02-01 11:14:47,870 - tf2onnx.graph - DEBUG - Set dtype of [point_net_1/s1_l2_64_convolution_layer_1/batch_normalization_1_1/batchnorm/mul_1__386:0] to 1
2026-02-01 11:14:47,870 - tf2onnx.graph - DEBUG - Set shape of [point_net_1/s1_l2_64_convolution_layer_1/batch_normalization_1_1/batchnorm/mul_1__386:0] to [64, 1, 8192, -1]
2026-02-01 11:14:47,870 - tf2onnx.graph - DEBUG - Made node: point_net_1/s1_l2_64_convolution_layer_1/batch_normalization_1_1/batchnorm/mul_1__386
OP=Transpose
Name=point_net_1/s1_l2_64_convolution_layer_1/batch_normalization_1_1/batchnorm/mul_1__386
Inputs:
	point_net_1/s1_l2_64_convolution_layer_1/batch_normalization_1_1/batchnorm/mul_1:0=Conv, [-1, 8192, 1, 64], 1
Outpus:
	point_net_1/s1_l2_64_convolution_layer_1/batch_normalization_1_1/batchnorm/mul_1__386:0=[64, 1, 8192, -1], 1
2026-02-01 11:14:47,870 - tf2onnx.tfonnx - DEBUG - Process node: point_net_1/s1_l2_64_convolution_layer_1/batch_normalization_1_1/batchnorm/add_1
OP=AddV2
Name=point_net_1/s1_l2_64_convolution_layer_1/batch_normalization_1_1/batchnorm/add_1
Inputs:
	point_net_1/s1_l2_64_convolution_layer_1/batch_normalization_1_1/batchnorm/mul_1__386:0=Transpose, [-1, 8192, 1, 64], 1
	point_net_1/s1_l2_64_convolution_layer_1/batch_normalization_1_1/batchnorm/sub:0=Const, [64], 1
Outpus:
	point_net_1/s1_l2_64_convolution_layer_1/batch_normalization_1_1/batchnorm/add_1:0=[-1, 8192, 1, 64], 1
2026-02-01 11:14:47,871 - tf2onnx.tfonnx - DEBUG - Process node: point_net_1/s1_l2_64_convolution_layer_1/Relu
OP=Relu
Name=point_net_1/s1_l2_64_convolution_layer_1/Relu
Inputs:
	point_net_1/s1_l2_64_convolution_layer_1/batch_normalization_1_1/batchnorm/add_1:0=Add, [-1, 8192, 1, 64], 1
Outpus:
	point_net_1/s1_l2_64_convolution_layer_1/Relu:0=[-1, 8192, 1, 64], 1
2026-02-01 11:14:47,871 - tf2onnx.tfonnx - DEBUG - Process node: point_net_1/Squeeze
OP=Squeeze
Name=point_net_1/Squeeze
Inputs:
	point_net_1/s1_l2_64_convolution_layer_1/Relu:0=Relu, [-1, 8192, 1, 64], 1
Outpus:
	point_net_1/Squeeze:0=[-1, 8192, 64], 1
2026-02-01 11:14:47,871 - tf2onnx.graph - DEBUG - Making node: Name=axes_const__388, OP=Const
2026-02-01 11:14:47,872 - tf2onnx.graph - DEBUG - Made node: axes_const__388
OP=Const
Name=axes_const__388
Outpus:
	axes_const__388=None, 7
2026-02-01 11:14:47,872 - tf2onnx.tfonnx - DEBUG - Process node: point_net_1/ExpandDims_1
OP=ExpandDims
Name=point_net_1/ExpandDims_1
Inputs:
	point_net_1/Squeeze:0=Squeeze, [-1, 8192, 64], 1
	point_net_1/ExpandDims_1/dim:0=Const, [], 6
Outpus:
	point_net_1/ExpandDims_1:0=[-1, 8192, 1, 64], 1
2026-02-01 11:14:47,872 - tf2onnx.graph - DEBUG - Making node: Name=point_net_1/ExpandDims_1__389, OP=Cast
2026-02-01 11:14:47,872 - tf2onnx.graph - DEBUG - Infer shape and dtype for [point_net_1/ExpandDims_1__389]
2026-02-01 11:14:47,873 - tf2onnx.graph - DEBUG - Set dtype of [point_net_1/ExpandDims_1__389:0] to 7
2026-02-01 11:14:47,873 - tf2onnx.graph - DEBUG - Set shape of [point_net_1/ExpandDims_1__389:0] to []
2026-02-01 11:14:47,873 - tf2onnx.graph - DEBUG - Made node: point_net_1/ExpandDims_1__389
OP=Cast
Name=point_net_1/ExpandDims_1__389
Inputs:
	point_net_1/ExpandDims_1/dim:0=Const, [], 6
Outpus:
	point_net_1/ExpandDims_1__389:0=[], 7
2026-02-01 11:14:47,874 - tf2onnx.graph - DEBUG - Making node: Name=reshape_const__390, OP=Const
2026-02-01 11:14:47,874 - tf2onnx.graph - DEBUG - Made node: reshape_const__390
OP=Const
Name=reshape_const__390
Outpus:
	reshape_const__390=None, 7
2026-02-01 11:14:47,874 - tf2onnx.graph - DEBUG - Making node: Name=Reshape__391, OP=Reshape
2026-02-01 11:14:47,874 - tf2onnx.graph - DEBUG - Infer shape and dtype for [Reshape__391]
2026-02-01 11:14:47,875 - tf2onnx.graph - DEBUG - Set dtype of [Reshape__391:0] to 7
2026-02-01 11:14:47,875 - tf2onnx.graph - DEBUG - Set shape of [Reshape__391:0] to [1]
2026-02-01 11:14:47,875 - tf2onnx.graph - DEBUG - Made node: Reshape__391
OP=Reshape
Name=Reshape__391
Inputs:
	point_net_1/ExpandDims_1__389:0=Cast, [], 7
	reshape_const__390=Const, [1], 7
Outpus:
	Reshape__391:0=[1], 7
2026-02-01 11:14:47,876 - tf2onnx.tfonnx - DEBUG - Process node: point_net_1/s2_l1_64_convolution_layer_1/batch_normalization_2_1/batchnorm/mul_1
OP=Conv2D
Name=point_net_1/s2_l1_64_convolution_layer_1/batch_normalization_2_1/batchnorm/mul_1
Inputs:
	point_net_1/ExpandDims_1:0=Unsqueeze, [-1, 8192, 1, 64], 1
	point_net_1/s2_l1_64_convolution_layer_1/s2_l1_64_convolution_layer_1/convolution/merged_input:0=Const, [1, 1, 64, 64], 1
Outpus:
	point_net_1/s2_l1_64_convolution_layer_1/batch_normalization_2_1/batchnorm/mul_1:0=[-1, 8192, 1, 64], 1
2026-02-01 11:14:47,876 - tf2onnx.graph - DEBUG - Making node: Name=point_net_1/s2_l1_64_convolution_layer_1/batch_normalization_2_1/batchnorm/mul_1__392, OP=Transpose
2026-02-01 11:14:47,876 - tf2onnx.graph - DEBUG - Infer shape and dtype for [point_net_1/s2_l1_64_convolution_layer_1/batch_normalization_2_1/batchnorm/mul_1__392]
2026-02-01 11:14:47,877 - tf2onnx.graph - DEBUG - Set dtype of [point_net_1/s2_l1_64_convolution_layer_1/batch_normalization_2_1/batchnorm/mul_1__392:0] to 1
2026-02-01 11:14:47,877 - tf2onnx.graph - DEBUG - Set shape of [point_net_1/s2_l1_64_convolution_layer_1/batch_normalization_2_1/batchnorm/mul_1__392:0] to [64, 1, 8192, -1]
2026-02-01 11:14:47,877 - tf2onnx.graph - DEBUG - Made node: point_net_1/s2_l1_64_convolution_layer_1/batch_normalization_2_1/batchnorm/mul_1__392
OP=Transpose
Name=point_net_1/s2_l1_64_convolution_layer_1/batch_normalization_2_1/batchnorm/mul_1__392
Inputs:
	point_net_1/ExpandDims_1:0=Unsqueeze, [-1, 8192, 1, 64], 1
Outpus:
	point_net_1/s2_l1_64_convolution_layer_1/batch_normalization_2_1/batchnorm/mul_1__392:0=[64, 1, 8192, -1], 1
2026-02-01 11:14:47,878 - tf2onnx.graph - DEBUG - Making node: Name=point_net_1/s2_l1_64_convolution_layer_1/batch_normalization_2_1/batchnorm/mul_1__394, OP=Transpose
2026-02-01 11:14:47,878 - tf2onnx.graph - DEBUG - Infer shape and dtype for [point_net_1/s2_l1_64_convolution_layer_1/batch_normalization_2_1/batchnorm/mul_1__394]
2026-02-01 11:14:47,878 - tf2onnx.graph - DEBUG - Set dtype of [point_net_1/s2_l1_64_convolution_layer_1/batch_normalization_2_1/batchnorm/mul_1__394:0] to 1
2026-02-01 11:14:47,879 - tf2onnx.graph - DEBUG - Set shape of [point_net_1/s2_l1_64_convolution_layer_1/batch_normalization_2_1/batchnorm/mul_1__394:0] to [64, 1, 8192, -1]
2026-02-01 11:14:47,879 - tf2onnx.graph - DEBUG - Made node: point_net_1/s2_l1_64_convolution_layer_1/batch_normalization_2_1/batchnorm/mul_1__394
OP=Transpose
Name=point_net_1/s2_l1_64_convolution_layer_1/batch_normalization_2_1/batchnorm/mul_1__394
Inputs:
	point_net_1/s2_l1_64_convolution_layer_1/batch_normalization_2_1/batchnorm/mul_1:0=Conv, [-1, 8192, 1, 64], 1
Outpus:
	point_net_1/s2_l1_64_convolution_layer_1/batch_normalization_2_1/batchnorm/mul_1__394:0=[64, 1, 8192, -1], 1
2026-02-01 11:14:47,879 - tf2onnx.tfonnx - DEBUG - Process node: point_net_1/s2_l1_64_convolution_layer_1/batch_normalization_2_1/batchnorm/add_1
OP=AddV2
Name=point_net_1/s2_l1_64_convolution_layer_1/batch_normalization_2_1/batchnorm/add_1
Inputs:
	point_net_1/s2_l1_64_convolution_layer_1/batch_normalization_2_1/batchnorm/mul_1__394:0=Transpose, [-1, 8192, 1, 64], 1
	point_net_1/s2_l1_64_convolution_layer_1/batch_normalization_2_1/batchnorm/sub:0=Const, [64], 1
Outpus:
	point_net_1/s2_l1_64_convolution_layer_1/batch_normalization_2_1/batchnorm/add_1:0=[-1, 8192, 1, 64], 1
2026-02-01 11:14:47,879 - tf2onnx.tfonnx - DEBUG - Process node: point_net_1/s2_l1_64_convolution_layer_1/Relu
OP=Relu
Name=point_net_1/s2_l1_64_convolution_layer_1/Relu
Inputs:
	point_net_1/s2_l1_64_convolution_layer_1/batch_normalization_2_1/batchnorm/add_1:0=Add, [-1, 8192, 1, 64], 1
Outpus:
	point_net_1/s2_l1_64_convolution_layer_1/Relu:0=[-1, 8192, 1, 64], 1
2026-02-01 11:14:47,880 - tf2onnx.tfonnx - DEBUG - Process node: point_net_1/s2_l2_128_convolution_layer_1/batch_normalization_3_1/batchnorm/mul_1
OP=Conv2D
Name=point_net_1/s2_l2_128_convolution_layer_1/batch_normalization_3_1/batchnorm/mul_1
Inputs:
	point_net_1/s2_l1_64_convolution_layer_1/Relu:0=Relu, [-1, 8192, 1, 64], 1
	point_net_1/s2_l2_128_convolution_layer_1/s2_l2_128_convolution_layer_1/convolution/merged_input:0=Const, [1, 1, 64, 128], 1
Outpus:
	point_net_1/s2_l2_128_convolution_layer_1/batch_normalization_3_1/batchnorm/mul_1:0=[-1, 8192, 1, 128], 1
2026-02-01 11:14:47,880 - tf2onnx.graph - DEBUG - Making node: Name=point_net_1/s2_l2_128_convolution_layer_1/batch_normalization_3_1/batchnorm/mul_1__396, OP=Transpose
2026-02-01 11:14:47,880 - tf2onnx.graph - DEBUG - Infer shape and dtype for [point_net_1/s2_l2_128_convolution_layer_1/batch_normalization_3_1/batchnorm/mul_1__396]
2026-02-01 11:14:47,881 - tf2onnx.graph - DEBUG - Set dtype of [point_net_1/s2_l2_128_convolution_layer_1/batch_normalization_3_1/batchnorm/mul_1__396:0] to 1
2026-02-01 11:14:47,881 - tf2onnx.graph - DEBUG - Set shape of [point_net_1/s2_l2_128_convolution_layer_1/batch_normalization_3_1/batchnorm/mul_1__396:0] to [64, 1, 8192, -1]
2026-02-01 11:14:47,881 - tf2onnx.graph - DEBUG - Made node: point_net_1/s2_l2_128_convolution_layer_1/batch_normalization_3_1/batchnorm/mul_1__396
OP=Transpose
Name=point_net_1/s2_l2_128_convolution_layer_1/batch_normalization_3_1/batchnorm/mul_1__396
Inputs:
	point_net_1/s2_l1_64_convolution_layer_1/Relu:0=Relu, [-1, 8192, 1, 64], 1
Outpus:
	point_net_1/s2_l2_128_convolution_layer_1/batch_normalization_3_1/batchnorm/mul_1__396:0=[64, 1, 8192, -1], 1
2026-02-01 11:14:47,882 - tf2onnx.graph - DEBUG - Making node: Name=point_net_1/s2_l2_128_convolution_layer_1/batch_normalization_3_1/batchnorm/mul_1__398, OP=Transpose
2026-02-01 11:14:47,882 - tf2onnx.graph - DEBUG - Infer shape and dtype for [point_net_1/s2_l2_128_convolution_layer_1/batch_normalization_3_1/batchnorm/mul_1__398]
2026-02-01 11:14:47,883 - tf2onnx.graph - DEBUG - Set dtype of [point_net_1/s2_l2_128_convolution_layer_1/batch_normalization_3_1/batchnorm/mul_1__398:0] to 1
2026-02-01 11:14:47,883 - tf2onnx.graph - DEBUG - Set shape of [point_net_1/s2_l2_128_convolution_layer_1/batch_normalization_3_1/batchnorm/mul_1__398:0] to [128, 1, 8192, -1]
2026-02-01 11:14:47,883 - tf2onnx.graph - DEBUG - Made node: point_net_1/s2_l2_128_convolution_layer_1/batch_normalization_3_1/batchnorm/mul_1__398
OP=Transpose
Name=point_net_1/s2_l2_128_convolution_layer_1/batch_normalization_3_1/batchnorm/mul_1__398
Inputs:
	point_net_1/s2_l2_128_convolution_layer_1/batch_normalization_3_1/batchnorm/mul_1:0=Conv, [-1, 8192, 1, 128], 1
Outpus:
	point_net_1/s2_l2_128_convolution_layer_1/batch_normalization_3_1/batchnorm/mul_1__398:0=[128, 1, 8192, -1], 1
2026-02-01 11:14:47,884 - tf2onnx.tfonnx - DEBUG - Process node: point_net_1/s2_l2_128_convolution_layer_1/batch_normalization_3_1/batchnorm/add_1
OP=AddV2
Name=point_net_1/s2_l2_128_convolution_layer_1/batch_normalization_3_1/batchnorm/add_1
Inputs:
	point_net_1/s2_l2_128_convolution_layer_1/batch_normalization_3_1/batchnorm/mul_1__398:0=Transpose, [-1, 8192, 1, 128], 1
	point_net_1/s2_l2_128_convolution_layer_1/batch_normalization_3_1/batchnorm/sub:0=Const, [128], 1
Outpus:
	point_net_1/s2_l2_128_convolution_layer_1/batch_normalization_3_1/batchnorm/add_1:0=[-1, 8192, 1, 128], 1
2026-02-01 11:14:47,884 - tf2onnx.tfonnx - DEBUG - Process node: point_net_1/s2_l2_128_convolution_layer_1/Relu
OP=Relu
Name=point_net_1/s2_l2_128_convolution_layer_1/Relu
Inputs:
	point_net_1/s2_l2_128_convolution_layer_1/batch_normalization_3_1/batchnorm/add_1:0=Add, [-1, 8192, 1, 128], 1
Outpus:
	point_net_1/s2_l2_128_convolution_layer_1/Relu:0=[-1, 8192, 1, 128], 1
2026-02-01 11:14:47,884 - tf2onnx.tfonnx - DEBUG - Process node: point_net_1/s2_l3_1024_convolution_layer_1/batch_normalization_4_1/batchnorm/mul_1
OP=Conv2D
Name=point_net_1/s2_l3_1024_convolution_layer_1/batch_normalization_4_1/batchnorm/mul_1
Inputs:
	point_net_1/s2_l2_128_convolution_layer_1/Relu:0=Relu, [-1, 8192, 1, 128], 1
	point_net_1/s2_l3_1024_convolution_layer_1/s2_l3_1024_convolution_layer_1/convolution/merged_input:0=Const, [1, 1, 128, 1024], 1
Outpus:
	point_net_1/s2_l3_1024_convolution_layer_1/batch_normalization_4_1/batchnorm/mul_1:0=[-1, 8192, 1, 1024], 1
2026-02-01 11:14:47,885 - tf2onnx.graph - DEBUG - Making node: Name=point_net_1/s2_l3_1024_convolution_layer_1/batch_normalization_4_1/batchnorm/mul_1__400, OP=Transpose
2026-02-01 11:14:47,885 - tf2onnx.graph - DEBUG - Infer shape and dtype for [point_net_1/s2_l3_1024_convolution_layer_1/batch_normalization_4_1/batchnorm/mul_1__400]
2026-02-01 11:14:47,885 - tf2onnx.graph - DEBUG - Set dtype of [point_net_1/s2_l3_1024_convolution_layer_1/batch_normalization_4_1/batchnorm/mul_1__400:0] to 1
2026-02-01 11:14:47,886 - tf2onnx.graph - DEBUG - Set shape of [point_net_1/s2_l3_1024_convolution_layer_1/batch_normalization_4_1/batchnorm/mul_1__400:0] to [128, 1, 8192, -1]
2026-02-01 11:14:47,886 - tf2onnx.graph - DEBUG - Made node: point_net_1/s2_l3_1024_convolution_layer_1/batch_normalization_4_1/batchnorm/mul_1__400
OP=Transpose
Name=point_net_1/s2_l3_1024_convolution_layer_1/batch_normalization_4_1/batchnorm/mul_1__400
Inputs:
	point_net_1/s2_l2_128_convolution_layer_1/Relu:0=Relu, [-1, 8192, 1, 128], 1
Outpus:
	point_net_1/s2_l3_1024_convolution_layer_1/batch_normalization_4_1/batchnorm/mul_1__400:0=[128, 1, 8192, -1], 1
2026-02-01 11:14:47,887 - tf2onnx.graph - DEBUG - Making node: Name=point_net_1/s2_l3_1024_convolution_layer_1/batch_normalization_4_1/batchnorm/mul_1__402, OP=Transpose
2026-02-01 11:14:47,888 - tf2onnx.graph - DEBUG - Infer shape and dtype for [point_net_1/s2_l3_1024_convolution_layer_1/batch_normalization_4_1/batchnorm/mul_1__402]
2026-02-01 11:14:47,888 - tf2onnx.graph - DEBUG - Set dtype of [point_net_1/s2_l3_1024_convolution_layer_1/batch_normalization_4_1/batchnorm/mul_1__402:0] to 1
2026-02-01 11:14:47,888 - tf2onnx.graph - DEBUG - Set shape of [point_net_1/s2_l3_1024_convolution_layer_1/batch_normalization_4_1/batchnorm/mul_1__402:0] to [1024, 1, 8192, -1]
2026-02-01 11:14:47,889 - tf2onnx.graph - DEBUG - Made node: point_net_1/s2_l3_1024_convolution_layer_1/batch_normalization_4_1/batchnorm/mul_1__402
OP=Transpose
Name=point_net_1/s2_l3_1024_convolution_layer_1/batch_normalization_4_1/batchnorm/mul_1__402
Inputs:
	point_net_1/s2_l3_1024_convolution_layer_1/batch_normalization_4_1/batchnorm/mul_1:0=Conv, [-1, 8192, 1, 1024], 1
Outpus:
	point_net_1/s2_l3_1024_convolution_layer_1/batch_normalization_4_1/batchnorm/mul_1__402:0=[1024, 1, 8192, -1], 1
2026-02-01 11:14:47,889 - tf2onnx.tfonnx - DEBUG - Process node: point_net_1/s2_l3_1024_convolution_layer_1/batch_normalization_4_1/batchnorm/add_1
OP=AddV2
Name=point_net_1/s2_l3_1024_convolution_layer_1/batch_normalization_4_1/batchnorm/add_1
Inputs:
	point_net_1/s2_l3_1024_convolution_layer_1/batch_normalization_4_1/batchnorm/mul_1__402:0=Transpose, [-1, 8192, 1, 1024], 1
	point_net_1/s2_l3_1024_convolution_layer_1/batch_normalization_4_1/batchnorm/sub:0=Const, [1024], 1
Outpus:
	point_net_1/s2_l3_1024_convolution_layer_1/batch_normalization_4_1/batchnorm/add_1:0=[-1, 8192, 1, 1024], 1
2026-02-01 11:14:47,889 - tf2onnx.tfonnx - DEBUG - Process node: point_net_1/s2_l3_1024_convolution_layer_1/Relu
OP=Relu
Name=point_net_1/s2_l3_1024_convolution_layer_1/Relu
Inputs:
	point_net_1/s2_l3_1024_convolution_layer_1/batch_normalization_4_1/batchnorm/add_1:0=Add, [-1, 8192, 1, 1024], 1
Outpus:
	point_net_1/s2_l3_1024_convolution_layer_1/Relu:0=[-1, 8192, 1, 1024], 1
2026-02-01 11:14:47,890 - tf2onnx.tfonnx - DEBUG - Process node: point_net_1/Squeeze_1
OP=Squeeze
Name=point_net_1/Squeeze_1
Inputs:
	point_net_1/s2_l3_1024_convolution_layer_1/Relu:0=Relu, [-1, 8192, 1, 1024], 1
Outpus:
	point_net_1/Squeeze_1:0=[-1, 8192, 1024], 1
2026-02-01 11:14:47,890 - tf2onnx.graph - DEBUG - Making node: Name=axes_const__404, OP=Const
2026-02-01 11:14:47,890 - tf2onnx.graph - DEBUG - Made node: axes_const__404
OP=Const
Name=axes_const__404
Outpus:
	axes_const__404=None, 7
2026-02-01 11:14:47,890 - tf2onnx.tfonnx - DEBUG - Process node: point_net_1/Max
OP=Max
Name=point_net_1/Max
Inputs:
	point_net_1/Squeeze_1:0=Squeeze, [-1, 8192, 1024], 1
	point_net_1/Max/reduction_indices:0=Const, [], 6
Outpus:
	point_net_1/Max:0=[-1, 1024], 1
2026-02-01 11:14:47,891 - tf2onnx.tfonnx - DEBUG - Process node: point_net_1/s3_l1_512_dense_layer_1/s3_l1_512_dense_layer_1/MatMul
OP=MatMul
Name=point_net_1/s3_l1_512_dense_layer_1/s3_l1_512_dense_layer_1/MatMul
Inputs:
	point_net_1/Max:0=ReduceMax, [-1, 1024], 1
	point_net_1/s3_l1_512_dense_layer_1/s3_l1_512_dense_layer_1/Cast/ReadVariableOp:0=Const, [1024, 512], 1
Outpus:
	point_net_1/s3_l1_512_dense_layer_1/s3_l1_512_dense_layer_1/MatMul:0=[-1, 512], 1
2026-02-01 11:14:47,891 - tf2onnx.tfonnx - DEBUG - Process node: point_net_1/s3_l1_512_dense_layer_1/batch_normalization_5_1/batchnorm/mul_1
OP=Mul
Name=point_net_1/s3_l1_512_dense_layer_1/batch_normalization_5_1/batchnorm/mul_1
Inputs:
	point_net_1/s3_l1_512_dense_layer_1/s3_l1_512_dense_layer_1/MatMul:0=MatMul, [-1, 512], 1
	point_net_1/s3_l1_512_dense_layer_1/batch_normalization_5_1/batchnorm/mul:0=Const, [512], 1
Outpus:
	point_net_1/s3_l1_512_dense_layer_1/batch_normalization_5_1/batchnorm/mul_1:0=[-1, 512], 1
2026-02-01 11:14:47,891 - tf2onnx.tfonnx - DEBUG - Process node: point_net_1/s3_l1_512_dense_layer_1/batch_normalization_5_1/batchnorm/add_1
OP=AddV2
Name=point_net_1/s3_l1_512_dense_layer_1/batch_normalization_5_1/batchnorm/add_1
Inputs:
	point_net_1/s3_l1_512_dense_layer_1/batch_normalization_5_1/batchnorm/mul_1:0=Mul, [-1, 512], 1
	point_net_1/s3_l1_512_dense_layer_1/batch_normalization_5_1/batchnorm/sub:0=Const, [512], 1
Outpus:
	point_net_1/s3_l1_512_dense_layer_1/batch_normalization_5_1/batchnorm/add_1:0=[-1, 512], 1
2026-02-01 11:14:47,892 - tf2onnx.tfonnx - DEBUG - Process node: point_net_1/s3_l1_512_dense_layer_1/Relu
OP=Relu
Name=point_net_1/s3_l1_512_dense_layer_1/Relu
Inputs:
	point_net_1/s3_l1_512_dense_layer_1/batch_normalization_5_1/batchnorm/add_1:0=Add, [-1, 512], 1
Outpus:
	point_net_1/s3_l1_512_dense_layer_1/Relu:0=[-1, 512], 1
2026-02-01 11:14:47,892 - tf2onnx.tfonnx - DEBUG - Process node: point_net_1/s3_l2_256_dense_layer_1/s3_l2_256_dense_layer_1/MatMul
OP=MatMul
Name=point_net_1/s3_l2_256_dense_layer_1/s3_l2_256_dense_layer_1/MatMul
Inputs:
	point_net_1/s3_l1_512_dense_layer_1/Relu:0=Relu, [-1, 512], 1
	point_net_1/s3_l2_256_dense_layer_1/s3_l2_256_dense_layer_1/Cast/ReadVariableOp:0=Const, [512, 256], 1
Outpus:
	point_net_1/s3_l2_256_dense_layer_1/s3_l2_256_dense_layer_1/MatMul:0=[-1, 256], 1
2026-02-01 11:14:47,892 - tf2onnx.tfonnx - DEBUG - Process node: point_net_1/s3_l2_256_dense_layer_1/batch_normalization_6_1/batchnorm/mul_1
OP=Mul
Name=point_net_1/s3_l2_256_dense_layer_1/batch_normalization_6_1/batchnorm/mul_1
Inputs:
	point_net_1/s3_l2_256_dense_layer_1/s3_l2_256_dense_layer_1/MatMul:0=MatMul, [-1, 256], 1
	point_net_1/s3_l2_256_dense_layer_1/batch_normalization_6_1/batchnorm/mul:0=Const, [256], 1
Outpus:
	point_net_1/s3_l2_256_dense_layer_1/batch_normalization_6_1/batchnorm/mul_1:0=[-1, 256], 1
2026-02-01 11:14:47,892 - tf2onnx.tfonnx - DEBUG - Process node: point_net_1/s3_l2_256_dense_layer_1/batch_normalization_6_1/batchnorm/add_1
OP=AddV2
Name=point_net_1/s3_l2_256_dense_layer_1/batch_normalization_6_1/batchnorm/add_1
Inputs:
	point_net_1/s3_l2_256_dense_layer_1/batch_normalization_6_1/batchnorm/mul_1:0=Mul, [-1, 256], 1
	point_net_1/s3_l2_256_dense_layer_1/batch_normalization_6_1/batchnorm/sub:0=Const, [256], 1
Outpus:
	point_net_1/s3_l2_256_dense_layer_1/batch_normalization_6_1/batchnorm/add_1:0=[-1, 256], 1
2026-02-01 11:14:47,893 - tf2onnx.tfonnx - DEBUG - Process node: point_net_1/s3_l2_256_dense_layer_1/Relu
OP=Relu
Name=point_net_1/s3_l2_256_dense_layer_1/Relu
Inputs:
	point_net_1/s3_l2_256_dense_layer_1/batch_normalization_6_1/batchnorm/add_1:0=Add, [-1, 256], 1
Outpus:
	point_net_1/s3_l2_256_dense_layer_1/Relu:0=[-1, 256], 1
2026-02-01 11:14:47,893 - tf2onnx.tfonnx - DEBUG - Process node: point_net_1/output_dense_layer_1/output_dense_layer_1/MatMul
OP=MatMul
Name=point_net_1/output_dense_layer_1/output_dense_layer_1/MatMul
Inputs:
	point_net_1/s3_l2_256_dense_layer_1/Relu:0=Relu, [-1, 256], 1
	point_net_1/output_dense_layer_1/output_dense_layer_1/Cast/ReadVariableOp:0=Const, [256, 23], 1
Outpus:
	point_net_1/output_dense_layer_1/output_dense_layer_1/MatMul:0=[-1, 23], 1
2026-02-01 11:14:47,893 - tf2onnx.tfonnx - DEBUG - Process node: point_net_1/output_dense_layer_1/output_dense_layer_1/BiasAdd
OP=BiasAdd
Name=point_net_1/output_dense_layer_1/output_dense_layer_1/BiasAdd
Inputs:
	point_net_1/output_dense_layer_1/output_dense_layer_1/MatMul:0=MatMul, [-1, 23], 1
	point_net_1/output_dense_layer_1/output_dense_layer_1/BiasAdd/ReadVariableOp:0=Const, [23], 1
Outpus:
	point_net_1/output_dense_layer_1/output_dense_layer_1/BiasAdd:0=[-1, 23], 1
2026-02-01 11:14:47,894 - tf2onnx.tfonnx - DEBUG - Process node: point_net_1/output_dense_layer_1/Softmax
OP=Softmax
Name=point_net_1/output_dense_layer_1/Softmax
Inputs:
	point_net_1/output_dense_layer_1/output_dense_layer_1/BiasAdd:0=Add, [-1, 23], 1
Outpus:
	point_net_1/output_dense_layer_1/Softmax:0=[-1, 23], 1
2026-02-01 11:14:47,894 - tf2onnx.tfonnx - DEBUG - Process node: point_net_1/ExpandDims_2
OP=ExpandDims
Name=point_net_1/ExpandDims_2
Inputs:
	point_net_1/Max:0=ReduceMax, [-1, 1024], 1
	point_net_1/ExpandDims_2/dim:0=Const, [], 6
Outpus:
	point_net_1/ExpandDims_2:0=[-1, 1, 1024], 1
2026-02-01 11:14:47,894 - tf2onnx.graph - DEBUG - Making node: Name=point_net_1/ExpandDims_2__405, OP=Cast
2026-02-01 11:14:47,894 - tf2onnx.graph - DEBUG - Infer shape and dtype for [point_net_1/ExpandDims_2__405]
2026-02-01 11:14:47,895 - tf2onnx.graph - DEBUG - Set dtype of [point_net_1/ExpandDims_2__405:0] to 7
2026-02-01 11:14:47,895 - tf2onnx.graph - DEBUG - Set shape of [point_net_1/ExpandDims_2__405:0] to []
2026-02-01 11:14:47,895 - tf2onnx.graph - DEBUG - Made node: point_net_1/ExpandDims_2__405
OP=Cast
Name=point_net_1/ExpandDims_2__405
Inputs:
	point_net_1/ExpandDims_2/dim:0=Const, [], 6
Outpus:
	point_net_1/ExpandDims_2__405:0=[], 7
2026-02-01 11:14:47,896 - tf2onnx.graph - DEBUG - Making node: Name=reshape_const__406, OP=Const
2026-02-01 11:14:47,896 - tf2onnx.graph - DEBUG - Made node: reshape_const__406
OP=Const
Name=reshape_const__406
Outpus:
	reshape_const__406=None, 7
2026-02-01 11:14:47,896 - tf2onnx.graph - DEBUG - Making node: Name=Reshape__407, OP=Reshape
2026-02-01 11:14:47,897 - tf2onnx.graph - DEBUG - Infer shape and dtype for [Reshape__407]
2026-02-01 11:14:47,897 - tf2onnx.graph - DEBUG - Set dtype of [Reshape__407:0] to 7
2026-02-01 11:14:47,897 - tf2onnx.graph - DEBUG - Set shape of [Reshape__407:0] to [1]
2026-02-01 11:14:47,898 - tf2onnx.graph - DEBUG - Made node: Reshape__407
OP=Reshape
Name=Reshape__407
Inputs:
	point_net_1/ExpandDims_2__405:0=Cast, [], 7
	reshape_const__406=Const, [1], 7
Outpus:
	Reshape__407:0=[1], 7
2026-02-01 11:14:47,899 - tf2onnx.tfonnx - DEBUG - Process node: point_net_1/Tile
OP=Tile
Name=point_net_1/Tile
Inputs:
	point_net_1/ExpandDims_2:0=Unsqueeze, [-1, 1, 1024], 1
	point_net_1/Tile/multiples:0=Const, [3], 6
Outpus:
	point_net_1/Tile:0=[-1, 8192, 1024], 1
2026-02-01 11:14:47,899 - tf2onnx.graph - DEBUG - Making node: Name=point_net_1/Tile__408, OP=Cast
2026-02-01 11:14:47,900 - tf2onnx.graph - DEBUG - Infer shape and dtype for [point_net_1/Tile__408]
2026-02-01 11:14:47,900 - tf2onnx.graph - DEBUG - Set dtype of [point_net_1/Tile__408:0] to 7
2026-02-01 11:14:47,900 - tf2onnx.graph - DEBUG - Set shape of [point_net_1/Tile__408:0] to [3]
2026-02-01 11:14:47,901 - tf2onnx.graph - DEBUG - Made node: point_net_1/Tile__408
OP=Cast
Name=point_net_1/Tile__408
Inputs:
	point_net_1/Tile/multiples:0=Const, [3], 6
Outpus:
	point_net_1/Tile__408:0=[3], 7
2026-02-01 11:14:47,901 - tf2onnx.tfonnx - DEBUG - Process node: point_net_1/concat
OP=ConcatV2
Name=point_net_1/concat
Inputs:
	point_net_1/Squeeze:0=Squeeze, [-1, 8192, 64], 1
	point_net_1/Tile:0=Tile, [-1, 8192, 1024], 1
	point_net_1/concat/axis:0=Const, [], 6
Outpus:
	point_net_1/concat:0=[-1, 8192, 1088], 1
2026-02-01 11:14:47,902 - tf2onnx.tfonnx - DEBUG - Process node: point_net_1/ExpandDims_3
OP=ExpandDims
Name=point_net_1/ExpandDims_3
Inputs:
	point_net_1/concat:0=Concat, [-1, 8192, 1088], 1
	point_net_1/ExpandDims_3/dim:0=Const, [], 6
Outpus:
	point_net_1/ExpandDims_3:0=[-1, 8192, 1, 1088], 1
2026-02-01 11:14:47,902 - tf2onnx.graph - DEBUG - Making node: Name=point_net_1/ExpandDims_3__409, OP=Cast
2026-02-01 11:14:47,902 - tf2onnx.graph - DEBUG - Infer shape and dtype for [point_net_1/ExpandDims_3__409]
2026-02-01 11:14:47,903 - tf2onnx.graph - DEBUG - Set dtype of [point_net_1/ExpandDims_3__409:0] to 7
2026-02-01 11:14:47,903 - tf2onnx.graph - DEBUG - Set shape of [point_net_1/ExpandDims_3__409:0] to []
2026-02-01 11:14:47,903 - tf2onnx.graph - DEBUG - Made node: point_net_1/ExpandDims_3__409
OP=Cast
Name=point_net_1/ExpandDims_3__409
Inputs:
	point_net_1/ExpandDims_3/dim:0=Const, [], 6
Outpus:
	point_net_1/ExpandDims_3__409:0=[], 7
2026-02-01 11:14:47,904 - tf2onnx.graph - DEBUG - Making node: Name=reshape_const__410, OP=Const
2026-02-01 11:14:47,904 - tf2onnx.graph - DEBUG - Made node: reshape_const__410
OP=Const
Name=reshape_const__410
Outpus:
	reshape_const__410=None, 7
2026-02-01 11:14:47,904 - tf2onnx.graph - DEBUG - Making node: Name=Reshape__411, OP=Reshape
2026-02-01 11:14:47,905 - tf2onnx.graph - DEBUG - Infer shape and dtype for [Reshape__411]
2026-02-01 11:14:47,905 - tf2onnx.graph - DEBUG - Set dtype of [Reshape__411:0] to 7
2026-02-01 11:14:47,905 - tf2onnx.graph - DEBUG - Set shape of [Reshape__411:0] to [1]
2026-02-01 11:14:47,906 - tf2onnx.graph - DEBUG - Made node: Reshape__411
OP=Reshape
Name=Reshape__411
Inputs:
	point_net_1/ExpandDims_3__409:0=Cast, [], 7
	reshape_const__410=Const, [1], 7
Outpus:
	Reshape__411:0=[1], 7
2026-02-01 11:14:47,906 - tf2onnx.tfonnx - DEBUG - Process node: point_net_1/seg_l1_512_convolution_layer_1/batch_normalization_7_1/batchnorm/mul_1
OP=Conv2D
Name=point_net_1/seg_l1_512_convolution_layer_1/batch_normalization_7_1/batchnorm/mul_1
Inputs:
	point_net_1/ExpandDims_3:0=Unsqueeze, [-1, 8192, 1, 1088], 1
	point_net_1/seg_l1_512_convolution_layer_1/seg_l1_512_convolution_layer_1/convolution/merged_input:0=Const, [1, 1, 1088, 512], 1
Outpus:
	point_net_1/seg_l1_512_convolution_layer_1/batch_normalization_7_1/batchnorm/mul_1:0=[-1, 8192, 1, 512], 1
2026-02-01 11:14:47,907 - tf2onnx.graph - DEBUG - Making node: Name=point_net_1/seg_l1_512_convolution_layer_1/batch_normalization_7_1/batchnorm/mul_1__412, OP=Transpose
2026-02-01 11:14:47,907 - tf2onnx.graph - DEBUG - Infer shape and dtype for [point_net_1/seg_l1_512_convolution_layer_1/batch_normalization_7_1/batchnorm/mul_1__412]
2026-02-01 11:14:47,907 - tf2onnx.graph - DEBUG - Set dtype of [point_net_1/seg_l1_512_convolution_layer_1/batch_normalization_7_1/batchnorm/mul_1__412:0] to 1
2026-02-01 11:14:47,908 - tf2onnx.graph - DEBUG - Set shape of [point_net_1/seg_l1_512_convolution_layer_1/batch_normalization_7_1/batchnorm/mul_1__412:0] to [1088, 1, 8192, -1]
2026-02-01 11:14:47,908 - tf2onnx.graph - DEBUG - Made node: point_net_1/seg_l1_512_convolution_layer_1/batch_normalization_7_1/batchnorm/mul_1__412
OP=Transpose
Name=point_net_1/seg_l1_512_convolution_layer_1/batch_normalization_7_1/batchnorm/mul_1__412
Inputs:
	point_net_1/ExpandDims_3:0=Unsqueeze, [-1, 8192, 1, 1088], 1
Outpus:
	point_net_1/seg_l1_512_convolution_layer_1/batch_normalization_7_1/batchnorm/mul_1__412:0=[1088, 1, 8192, -1], 1
2026-02-01 11:14:47,914 - tf2onnx.graph - DEBUG - Making node: Name=point_net_1/seg_l1_512_convolution_layer_1/batch_normalization_7_1/batchnorm/mul_1__414, OP=Transpose
2026-02-01 11:14:47,915 - tf2onnx.graph - DEBUG - Infer shape and dtype for [point_net_1/seg_l1_512_convolution_layer_1/batch_normalization_7_1/batchnorm/mul_1__414]
2026-02-01 11:14:47,915 - tf2onnx.graph - DEBUG - Set dtype of [point_net_1/seg_l1_512_convolution_layer_1/batch_normalization_7_1/batchnorm/mul_1__414:0] to 1
2026-02-01 11:14:47,915 - tf2onnx.graph - DEBUG - Set shape of [point_net_1/seg_l1_512_convolution_layer_1/batch_normalization_7_1/batchnorm/mul_1__414:0] to [512, 1, 8192, -1]
2026-02-01 11:14:47,916 - tf2onnx.graph - DEBUG - Made node: point_net_1/seg_l1_512_convolution_layer_1/batch_normalization_7_1/batchnorm/mul_1__414
OP=Transpose
Name=point_net_1/seg_l1_512_convolution_layer_1/batch_normalization_7_1/batchnorm/mul_1__414
Inputs:
	point_net_1/seg_l1_512_convolution_layer_1/batch_normalization_7_1/batchnorm/mul_1:0=Conv, [-1, 8192, 1, 512], 1
Outpus:
	point_net_1/seg_l1_512_convolution_layer_1/batch_normalization_7_1/batchnorm/mul_1__414:0=[512, 1, 8192, -1], 1
2026-02-01 11:14:47,916 - tf2onnx.tfonnx - DEBUG - Process node: point_net_1/seg_l1_512_convolution_layer_1/Relu
OP=Relu
Name=point_net_1/seg_l1_512_convolution_layer_1/Relu
Inputs:
	point_net_1/seg_l1_512_convolution_layer_1/batch_normalization_7_1/batchnorm/mul_1__414:0=Transpose, [-1, 8192, 1, 512], 1
Outpus:
	point_net_1/seg_l1_512_convolution_layer_1/Relu:0=[-1, 8192, 1, 512], 1
2026-02-01 11:14:47,916 - tf2onnx.tfonnx - DEBUG - Process node: point_net_1/seg_l2_256_convolution_layer_1/batch_normalization_8_1/batchnorm/mul_1
OP=Conv2D
Name=point_net_1/seg_l2_256_convolution_layer_1/batch_normalization_8_1/batchnorm/mul_1
Inputs:
	point_net_1/seg_l1_512_convolution_layer_1/Relu:0=Relu, [-1, 8192, 1, 512], 1
	point_net_1/seg_l2_256_convolution_layer_1/seg_l2_256_convolution_layer_1/convolution/merged_input:0=Const, [1, 1, 512, 256], 1
Outpus:
	point_net_1/seg_l2_256_convolution_layer_1/batch_normalization_8_1/batchnorm/mul_1:0=[-1, 8192, 1, 256], 1
2026-02-01 11:14:47,917 - tf2onnx.graph - DEBUG - Making node: Name=point_net_1/seg_l2_256_convolution_layer_1/batch_normalization_8_1/batchnorm/mul_1__416, OP=Transpose
2026-02-01 11:14:47,917 - tf2onnx.graph - DEBUG - Infer shape and dtype for [point_net_1/seg_l2_256_convolution_layer_1/batch_normalization_8_1/batchnorm/mul_1__416]
2026-02-01 11:14:47,917 - tf2onnx.graph - DEBUG - Set dtype of [point_net_1/seg_l2_256_convolution_layer_1/batch_normalization_8_1/batchnorm/mul_1__416:0] to 1
2026-02-01 11:14:47,917 - tf2onnx.graph - DEBUG - Set shape of [point_net_1/seg_l2_256_convolution_layer_1/batch_normalization_8_1/batchnorm/mul_1__416:0] to [512, 1, 8192, -1]
2026-02-01 11:14:47,918 - tf2onnx.graph - DEBUG - Made node: point_net_1/seg_l2_256_convolution_layer_1/batch_normalization_8_1/batchnorm/mul_1__416
OP=Transpose
Name=point_net_1/seg_l2_256_convolution_layer_1/batch_normalization_8_1/batchnorm/mul_1__416
Inputs:
	point_net_1/seg_l1_512_convolution_layer_1/Relu:0=Relu, [-1, 8192, 1, 512], 1
Outpus:
	point_net_1/seg_l2_256_convolution_layer_1/batch_normalization_8_1/batchnorm/mul_1__416:0=[512, 1, 8192, -1], 1
2026-02-01 11:14:47,918 - tf2onnx.graph - DEBUG - Making node: Name=point_net_1/seg_l2_256_convolution_layer_1/batch_normalization_8_1/batchnorm/mul_1__418, OP=Transpose
2026-02-01 11:14:47,919 - tf2onnx.graph - DEBUG - Infer shape and dtype for [point_net_1/seg_l2_256_convolution_layer_1/batch_normalization_8_1/batchnorm/mul_1__418]
2026-02-01 11:14:47,919 - tf2onnx.graph - DEBUG - Set dtype of [point_net_1/seg_l2_256_convolution_layer_1/batch_normalization_8_1/batchnorm/mul_1__418:0] to 1
2026-02-01 11:14:47,920 - tf2onnx.graph - DEBUG - Set shape of [point_net_1/seg_l2_256_convolution_layer_1/batch_normalization_8_1/batchnorm/mul_1__418:0] to [256, 1, 8192, -1]
2026-02-01 11:14:47,920 - tf2onnx.graph - DEBUG - Made node: point_net_1/seg_l2_256_convolution_layer_1/batch_normalization_8_1/batchnorm/mul_1__418
OP=Transpose
Name=point_net_1/seg_l2_256_convolution_layer_1/batch_normalization_8_1/batchnorm/mul_1__418
Inputs:
	point_net_1/seg_l2_256_convolution_layer_1/batch_normalization_8_1/batchnorm/mul_1:0=Conv, [-1, 8192, 1, 256], 1
Outpus:
	point_net_1/seg_l2_256_convolution_layer_1/batch_normalization_8_1/batchnorm/mul_1__418:0=[256, 1, 8192, -1], 1
2026-02-01 11:14:47,920 - tf2onnx.tfonnx - DEBUG - Process node: point_net_1/seg_l2_256_convolution_layer_1/Relu
OP=Relu
Name=point_net_1/seg_l2_256_convolution_layer_1/Relu
Inputs:
	point_net_1/seg_l2_256_convolution_layer_1/batch_normalization_8_1/batchnorm/mul_1__418:0=Transpose, [-1, 8192, 1, 256], 1
Outpus:
	point_net_1/seg_l2_256_convolution_layer_1/Relu:0=[-1, 8192, 1, 256], 1
2026-02-01 11:14:47,920 - tf2onnx.tfonnx - DEBUG - Process node: point_net_1/seg_l3_128_convolution_layer_1/batch_normalization_9_1/batchnorm/mul_1
OP=Conv2D
Name=point_net_1/seg_l3_128_convolution_layer_1/batch_normalization_9_1/batchnorm/mul_1
Inputs:
	point_net_1/seg_l2_256_convolution_layer_1/Relu:0=Relu, [-1, 8192, 1, 256], 1
	point_net_1/seg_l3_128_convolution_layer_1/seg_l3_128_convolution_layer_1/convolution/merged_input:0=Const, [1, 1, 256, 128], 1
Outpus:
	point_net_1/seg_l3_128_convolution_layer_1/batch_normalization_9_1/batchnorm/mul_1:0=[-1, 8192, 1, 128], 1
2026-02-01 11:14:47,921 - tf2onnx.graph - DEBUG - Making node: Name=point_net_1/seg_l3_128_convolution_layer_1/batch_normalization_9_1/batchnorm/mul_1__420, OP=Transpose
2026-02-01 11:14:47,921 - tf2onnx.graph - DEBUG - Infer shape and dtype for [point_net_1/seg_l3_128_convolution_layer_1/batch_normalization_9_1/batchnorm/mul_1__420]
2026-02-01 11:14:47,922 - tf2onnx.graph - DEBUG - Set dtype of [point_net_1/seg_l3_128_convolution_layer_1/batch_normalization_9_1/batchnorm/mul_1__420:0] to 1
2026-02-01 11:14:47,922 - tf2onnx.graph - DEBUG - Set shape of [point_net_1/seg_l3_128_convolution_layer_1/batch_normalization_9_1/batchnorm/mul_1__420:0] to [256, 1, 8192, -1]
2026-02-01 11:14:47,922 - tf2onnx.graph - DEBUG - Made node: point_net_1/seg_l3_128_convolution_layer_1/batch_normalization_9_1/batchnorm/mul_1__420
OP=Transpose
Name=point_net_1/seg_l3_128_convolution_layer_1/batch_normalization_9_1/batchnorm/mul_1__420
Inputs:
	point_net_1/seg_l2_256_convolution_layer_1/Relu:0=Relu, [-1, 8192, 1, 256], 1
Outpus:
	point_net_1/seg_l3_128_convolution_layer_1/batch_normalization_9_1/batchnorm/mul_1__420:0=[256, 1, 8192, -1], 1
2026-02-01 11:14:47,923 - tf2onnx.graph - DEBUG - Making node: Name=point_net_1/seg_l3_128_convolution_layer_1/batch_normalization_9_1/batchnorm/mul_1__422, OP=Transpose
2026-02-01 11:14:47,923 - tf2onnx.graph - DEBUG - Infer shape and dtype for [point_net_1/seg_l3_128_convolution_layer_1/batch_normalization_9_1/batchnorm/mul_1__422]
2026-02-01 11:14:47,924 - tf2onnx.graph - DEBUG - Set dtype of [point_net_1/seg_l3_128_convolution_layer_1/batch_normalization_9_1/batchnorm/mul_1__422:0] to 1
2026-02-01 11:14:47,924 - tf2onnx.graph - DEBUG - Set shape of [point_net_1/seg_l3_128_convolution_layer_1/batch_normalization_9_1/batchnorm/mul_1__422:0] to [128, 1, 8192, -1]
2026-02-01 11:14:47,924 - tf2onnx.graph - DEBUG - Made node: point_net_1/seg_l3_128_convolution_layer_1/batch_normalization_9_1/batchnorm/mul_1__422
OP=Transpose
Name=point_net_1/seg_l3_128_convolution_layer_1/batch_normalization_9_1/batchnorm/mul_1__422
Inputs:
	point_net_1/seg_l3_128_convolution_layer_1/batch_normalization_9_1/batchnorm/mul_1:0=Conv, [-1, 8192, 1, 128], 1
Outpus:
	point_net_1/seg_l3_128_convolution_layer_1/batch_normalization_9_1/batchnorm/mul_1__422:0=[128, 1, 8192, -1], 1
2026-02-01 11:14:47,924 - tf2onnx.tfonnx - DEBUG - Process node: point_net_1/seg_l3_128_convolution_layer_1/Relu
OP=Relu
Name=point_net_1/seg_l3_128_convolution_layer_1/Relu
Inputs:
	point_net_1/seg_l3_128_convolution_layer_1/batch_normalization_9_1/batchnorm/mul_1__422:0=Transpose, [-1, 8192, 1, 128], 1
Outpus:
	point_net_1/seg_l3_128_convolution_layer_1/Relu:0=[-1, 8192, 1, 128], 1
2026-02-01 11:14:47,925 - tf2onnx.tfonnx - DEBUG - Process node: point_net_1/seg_l4_128_convolution_layer_1/batch_normalization_10_1/batchnorm/mul_1
OP=Conv2D
Name=point_net_1/seg_l4_128_convolution_layer_1/batch_normalization_10_1/batchnorm/mul_1
Inputs:
	point_net_1/seg_l3_128_convolution_layer_1/Relu:0=Relu, [-1, 8192, 1, 128], 1
	point_net_1/seg_l4_128_convolution_layer_1/seg_l4_128_convolution_layer_1/convolution/merged_input:0=Const, [1, 1, 128, 128], 1
Outpus:
	point_net_1/seg_l4_128_convolution_layer_1/batch_normalization_10_1/batchnorm/mul_1:0=[-1, 8192, 1, 128], 1
2026-02-01 11:14:47,925 - tf2onnx.graph - DEBUG - Making node: Name=point_net_1/seg_l4_128_convolution_layer_1/batch_normalization_10_1/batchnorm/mul_1__424, OP=Transpose
2026-02-01 11:14:47,925 - tf2onnx.graph - DEBUG - Infer shape and dtype for [point_net_1/seg_l4_128_convolution_layer_1/batch_normalization_10_1/batchnorm/mul_1__424]
2026-02-01 11:14:47,926 - tf2onnx.graph - DEBUG - Set dtype of [point_net_1/seg_l4_128_convolution_layer_1/batch_normalization_10_1/batchnorm/mul_1__424:0] to 1
2026-02-01 11:14:47,926 - tf2onnx.graph - DEBUG - Set shape of [point_net_1/seg_l4_128_convolution_layer_1/batch_normalization_10_1/batchnorm/mul_1__424:0] to [128, 1, 8192, -1]
2026-02-01 11:14:47,926 - tf2onnx.graph - DEBUG - Made node: point_net_1/seg_l4_128_convolution_layer_1/batch_normalization_10_1/batchnorm/mul_1__424
OP=Transpose
Name=point_net_1/seg_l4_128_convolution_layer_1/batch_normalization_10_1/batchnorm/mul_1__424
Inputs:
	point_net_1/seg_l3_128_convolution_layer_1/Relu:0=Relu, [-1, 8192, 1, 128], 1
Outpus:
	point_net_1/seg_l4_128_convolution_layer_1/batch_normalization_10_1/batchnorm/mul_1__424:0=[128, 1, 8192, -1], 1
2026-02-01 11:14:47,927 - tf2onnx.graph - DEBUG - Making node: Name=point_net_1/seg_l4_128_convolution_layer_1/batch_normalization_10_1/batchnorm/mul_1__426, OP=Transpose
2026-02-01 11:14:47,927 - tf2onnx.graph - DEBUG - Infer shape and dtype for [point_net_1/seg_l4_128_convolution_layer_1/batch_normalization_10_1/batchnorm/mul_1__426]
2026-02-01 11:14:47,927 - tf2onnx.graph - DEBUG - Set dtype of [point_net_1/seg_l4_128_convolution_layer_1/batch_normalization_10_1/batchnorm/mul_1__426:0] to 1
2026-02-01 11:14:47,928 - tf2onnx.graph - DEBUG - Set shape of [point_net_1/seg_l4_128_convolution_layer_1/batch_normalization_10_1/batchnorm/mul_1__426:0] to [128, 1, 8192, -1]
2026-02-01 11:14:47,928 - tf2onnx.graph - DEBUG - Made node: point_net_1/seg_l4_128_convolution_layer_1/batch_normalization_10_1/batchnorm/mul_1__426
OP=Transpose
Name=point_net_1/seg_l4_128_convolution_layer_1/batch_normalization_10_1/batchnorm/mul_1__426
Inputs:
	point_net_1/seg_l4_128_convolution_layer_1/batch_normalization_10_1/batchnorm/mul_1:0=Conv, [-1, 8192, 1, 128], 1
Outpus:
	point_net_1/seg_l4_128_convolution_layer_1/batch_normalization_10_1/batchnorm/mul_1__426:0=[128, 1, 8192, -1], 1
2026-02-01 11:14:47,928 - tf2onnx.tfonnx - DEBUG - Process node: point_net_1/seg_l4_128_convolution_layer_1/Relu
OP=Relu
Name=point_net_1/seg_l4_128_convolution_layer_1/Relu
Inputs:
	point_net_1/seg_l4_128_convolution_layer_1/batch_normalization_10_1/batchnorm/mul_1__426:0=Transpose, [-1, 8192, 1, 128], 1
Outpus:
	point_net_1/seg_l4_128_convolution_layer_1/Relu:0=[-1, 8192, 1, 128], 1
2026-02-01 11:14:47,929 - tf2onnx.tfonnx - DEBUG - Process node: point_net_1/seg_l5_output_convolution_layer_1/seg_l5_output_convolution_layer_1/convolution
OP=Conv2D
Name=point_net_1/seg_l5_output_convolution_layer_1/seg_l5_output_convolution_layer_1/convolution
Inputs:
	point_net_1/seg_l4_128_convolution_layer_1/Relu:0=Relu, [-1, 8192, 1, 128], 1
	point_net_1/seg_l5_output_convolution_layer_1/seg_l5_output_convolution_layer_1/convolution/ReadVariableOp:0=Const, [1, 1, 128, 12], 1
Outpus:
	point_net_1/seg_l5_output_convolution_layer_1/seg_l5_output_convolution_layer_1/convolution:0=[-1, 8192, 1, 12], 1
2026-02-01 11:14:47,929 - tf2onnx.graph - DEBUG - Making node: Name=point_net_1/seg_l5_output_convolution_layer_1/seg_l5_output_convolution_layer_1/convolution__428, OP=Transpose
2026-02-01 11:14:47,929 - tf2onnx.graph - DEBUG - Infer shape and dtype for [point_net_1/seg_l5_output_convolution_layer_1/seg_l5_output_convolution_layer_1/convolution__428]
2026-02-01 11:14:47,930 - tf2onnx.graph - DEBUG - Set dtype of [point_net_1/seg_l5_output_convolution_layer_1/seg_l5_output_convolution_layer_1/convolution__428:0] to 1
2026-02-01 11:14:47,930 - tf2onnx.graph - DEBUG - Set shape of [point_net_1/seg_l5_output_convolution_layer_1/seg_l5_output_convolution_layer_1/convolution__428:0] to [128, 1, 8192, -1]
2026-02-01 11:14:47,930 - tf2onnx.graph - DEBUG - Made node: point_net_1/seg_l5_output_convolution_layer_1/seg_l5_output_convolution_layer_1/convolution__428
OP=Transpose
Name=point_net_1/seg_l5_output_convolution_layer_1/seg_l5_output_convolution_layer_1/convolution__428
Inputs:
	point_net_1/seg_l4_128_convolution_layer_1/Relu:0=Relu, [-1, 8192, 1, 128], 1
Outpus:
	point_net_1/seg_l5_output_convolution_layer_1/seg_l5_output_convolution_layer_1/convolution__428:0=[128, 1, 8192, -1], 1
2026-02-01 11:14:47,930 - tf2onnx.graph - DEBUG - Making node: Name=point_net_1/seg_l5_output_convolution_layer_1/seg_l5_output_convolution_layer_1/convolution__430, OP=Transpose
2026-02-01 11:14:47,931 - tf2onnx.graph - DEBUG - Infer shape and dtype for [point_net_1/seg_l5_output_convolution_layer_1/seg_l5_output_convolution_layer_1/convolution__430]
2026-02-01 11:14:47,931 - tf2onnx.graph - DEBUG - Set dtype of [point_net_1/seg_l5_output_convolution_layer_1/seg_l5_output_convolution_layer_1/convolution__430:0] to 1
2026-02-01 11:14:47,932 - tf2onnx.graph - DEBUG - Set shape of [point_net_1/seg_l5_output_convolution_layer_1/seg_l5_output_convolution_layer_1/convolution__430:0] to [12, 1, 8192, -1]
2026-02-01 11:14:47,932 - tf2onnx.graph - DEBUG - Made node: point_net_1/seg_l5_output_convolution_layer_1/seg_l5_output_convolution_layer_1/convolution__430
OP=Transpose
Name=point_net_1/seg_l5_output_convolution_layer_1/seg_l5_output_convolution_layer_1/convolution__430
Inputs:
	point_net_1/seg_l5_output_convolution_layer_1/seg_l5_output_convolution_layer_1/convolution:0=Conv, [-1, 8192, 1, 12], 1
Outpus:
	point_net_1/seg_l5_output_convolution_layer_1/seg_l5_output_convolution_layer_1/convolution__430:0=[12, 1, 8192, -1], 1
2026-02-01 11:14:47,933 - tf2onnx.tfonnx - DEBUG - Process node: point_net_1/seg_l5_output_convolution_layer_1/Softmax
OP=Softmax
Name=point_net_1/seg_l5_output_convolution_layer_1/Softmax
Inputs:
	point_net_1/seg_l5_output_convolution_layer_1/seg_l5_output_convolution_layer_1/convolution__430:0=Transpose, [-1, 8192, 1, 12], 1
Outpus:
	point_net_1/seg_l5_output_convolution_layer_1/Softmax:0=[-1, 8192, 1, 12], 1
2026-02-01 11:14:47,933 - tf2onnx.tfonnx - DEBUG - Process node: point_net_1/Squeeze_2
OP=Squeeze
Name=point_net_1/Squeeze_2
Inputs:
	point_net_1/seg_l5_output_convolution_layer_1/Softmax:0=Softmax, [-1, 8192, 1, 12], 1
Outpus:
	point_net_1/Squeeze_2:0=[-1, 8192, 12], 1
2026-02-01 11:14:47,933 - tf2onnx.graph - DEBUG - Making node: Name=axes_const__432, OP=Const
2026-02-01 11:14:47,934 - tf2onnx.graph - DEBUG - Made node: axes_const__432
OP=Const
Name=axes_const__432
Outpus:
	axes_const__432=None, 7
2026-02-01 11:14:47,934 - tf2onnx.tfonnx - DEBUG - Process node: Identity_2
OP=Identity
Name=Identity_2
Inputs:
	point_net_1/Squeeze_2:0=Squeeze, [-1, 8192, 12], 1
Outpus:
	Identity_2_raw_output___6:0=[-1, 8192, 12], 1
2026-02-01 11:14:47,934 - tf2onnx.tfonnx - DEBUG - Process node: Identity_2_graph_outputs_Identity__7
OP=Identity
Name=Identity_2_graph_outputs_Identity__7
Inputs:
	Identity_2_raw_output___6:0=Identity, [-1, 8192, 12], 1
Outpus:
	segmentation_output=[-1, 8192, 12], 1
2026-02-01 11:14:47,934 - tf2onnx.tfonnx - DEBUG - explicitly skip node Identity_2_graph_outputs_Identity__7
2026-02-01 11:14:47,935 - tf2onnx.tfonnx - DEBUG - Process node: Identity_1
OP=Identity
Name=Identity_1
Inputs:
	point_net_1/eye/diag:0=Identity, [-1, 3, 3], 1
Outpus:
	Identity_1_raw_output___8:0=[-1, 3, 3], 1
2026-02-01 11:14:47,935 - tf2onnx.tfonnx - DEBUG - Process node: Identity_1_graph_outputs_Identity__9
OP=Identity
Name=Identity_1_graph_outputs_Identity__9
Inputs:
	Identity_1_raw_output___8:0=Identity, [-1, 3, 3], 1
Outpus:
	se3=[-1, 3, 3], 1
2026-02-01 11:14:47,935 - tf2onnx.tfonnx - DEBUG - explicitly skip node Identity_1_graph_outputs_Identity__9
2026-02-01 11:14:47,935 - tf2onnx.tfonnx - DEBUG - Process node: Identity
OP=Identity
Name=Identity
Inputs:
	point_net_1/output_dense_layer_1/Softmax:0=Softmax, [-1, 23], 1
Outpus:
	Identity_raw_output___4:0=[-1, 23], 1
2026-02-01 11:14:47,936 - tf2onnx.tfonnx - DEBUG - Process node: Identity_graph_outputs_Identity__5
OP=Identity
Name=Identity_graph_outputs_Identity__5
Inputs:
	Identity_raw_output___4:0=Identity, [-1, 23], 1
Outpus:
	classification_output=[-1, 23], 1
2026-02-01 11:14:47,936 - tf2onnx.tfonnx - DEBUG - explicitly skip node Identity_graph_outputs_Identity__5
2026-02-01 11:14:47,947 - tf2onnx.tfonnx - VERBOSE - Summay Stats:
	tensorflow ops: Counter({'Const': 44, 'Relu': 11, 'Conv2D': 10, 'AddV2': 7, 'Identity': 6, 'ExpandDims': 5, 'Squeeze': 3, 'MatMul': 3, 'Max': 2, 'Mul': 2, 'Softmax': 2, 'Placeholder': 1, 'Mean': 1, 'Sub': 1, 'Square': 1, 'Sum': 1, 'Sqrt': 1, 'Maximum': 1, 'RealDiv': 1, 'Shape': 1, 'StridedSlice': 1, 'Pack': 1, 'Fill': 1, 'MatrixDiagV3': 1, 'Tile': 1, 'ConcatV2': 1, 'BiasAdd': 1})
	tensorflow attr: Counter({'dtype': 45, 'value': 44, 'data_format': 11, 'dilations': 10, 'padding': 10, 'strides': 10, 'explicit_paddings': 10, 'Tidx': 5, 'keep_dims': 4, 'squeeze_dims': 3, 'grad_a': 3, 'grad_b': 3, 'transpose_a': 3, 'transpose_b': 3, 'N': 2, 'shape': 1, 'out_type': 1, 'begin_mask': 1, 'ellipsis_mask': 1, 'end_mask': 1, 'new_axis_mask': 1, 'shrink_axis_mask': 1, 'axis': 1, 'align': 1})
	onnx mapped: Counter({'Const': 44, 'Relu': 11, 'Conv2D': 10, 'AddV2': 7, 'ExpandDims': 5, 'Squeeze': 3, 'MatMul': 3, 'Identity': 3, 'Max': 2, 'Mul': 2, 'Softmax': 2, 'Placeholder': 1, 'Mean': 1, 'Sub': 1, 'Square': 1, 'Sum': 1, 'Sqrt': 1, 'Maximum': 1, 'RealDiv': 1, 'Shape': 1, 'StridedSlice': 1, 'Pack': 1, 'Fill': 1, 'MatrixDiagV3': 1, 'BiasAdd': 1, 'Tile': 1, 'ConcatV2': 1})
	onnx unmapped: Counter()
2026-02-01 11:14:47,947 - tf2onnx.optimizer - INFO - Optimizing ONNX model
2026-02-01 11:14:47,948 - tf2onnx.optimizer - VERBOSE - Apply optimize_transpose
2026-02-01 11:14:47,962 - tf2onnx.graph - DEBUG - Making node: Name=Conv__443, OP=Conv
2026-02-01 11:14:47,962 - tf2onnx.graph - DEBUG - Infer shape and dtype for [Conv__443]
2026-02-01 11:14:47,963 - tf2onnx.graph - DEBUG - Set dtype of [Conv__443:0] to 1
2026-02-01 11:14:47,963 - tf2onnx.graph - DEBUG - Set shape of [Conv__443:0] to [-1, 64, 8192, 1]
2026-02-01 11:14:47,964 - tf2onnx.graph - DEBUG - Made node: Conv__443
OP=Conv
Name=Conv__443
Inputs:
	point_net_1/s1_l1_64_convolution_layer_1/batch_normalization_1/batchnorm/mul_1__380:0=Transpose, [-1, 3, 8192, 1], 1
	point_net_1/s1_l1_64_convolution_layer_1/s1_l1_64_convolution_layer_1/convolution/merged_input:0=Const, [64, 3, 1, 1], 1
	point_net_1/s1_l1_64_convolution_layer_1/batch_normalization_1/batchnorm/sub:0=Const, [64], 1
Outpus:
	Conv__443:0=[-1, 64, 8192, 1], 1
2026-02-01 11:14:47,964 - tf2onnx.graph - DEBUG - Making node: Name=Conv__445, OP=Conv
2026-02-01 11:14:47,965 - tf2onnx.graph - DEBUG - Infer shape and dtype for [Conv__445]
2026-02-01 11:14:47,965 - tf2onnx.graph - DEBUG - Set dtype of [Conv__445:0] to 1
2026-02-01 11:14:47,966 - tf2onnx.graph - DEBUG - Set shape of [Conv__445:0] to [-1, 64, 8192, 1]
2026-02-01 11:14:47,966 - tf2onnx.graph - DEBUG - Made node: Conv__445
OP=Conv
Name=Conv__445
Inputs:
	point_net_1/s1_l2_64_convolution_layer_1/batch_normalization_1_1/batchnorm/mul_1__384:0=Transpose, [-1, 64, 8192, 1], 1
	point_net_1/s1_l2_64_convolution_layer_1/s1_l2_64_convolution_layer_1/convolution/merged_input:0=Const, [64, 64, 1, 1], 1
	point_net_1/s1_l2_64_convolution_layer_1/batch_normalization_1_1/batchnorm/sub:0=Const, [64], 1
Outpus:
	Conv__445:0=[-1, 64, 8192, 1], 1
2026-02-01 11:14:47,967 - tf2onnx.graph - DEBUG - Making node: Name=axes_const__388__447, OP=Const
2026-02-01 11:14:47,967 - tf2onnx.graph - DEBUG - Made node: axes_const__388__447
OP=Const
Name=axes_const__388__447
Outpus:
	axes_const__388__447=None, 7
2026-02-01 11:14:47,968 - tf2onnx.graph - DEBUG - Making node: Name=Conv__448, OP=Conv
2026-02-01 11:14:47,969 - tf2onnx.graph - DEBUG - Infer shape and dtype for [Conv__448]
2026-02-01 11:14:47,969 - tf2onnx.graph - DEBUG - Set dtype of [Conv__448:0] to 1
2026-02-01 11:14:47,970 - tf2onnx.graph - DEBUG - Set shape of [Conv__448:0] to [-1, 64, 8192, 1]
2026-02-01 11:14:47,970 - tf2onnx.graph - DEBUG - Made node: Conv__448
OP=Conv
Name=Conv__448
Inputs:
	point_net_1/s2_l1_64_convolution_layer_1/batch_normalization_2_1/batchnorm/mul_1__392:0=Transpose, [-1, 64, 8192, 1], 1
	point_net_1/s2_l1_64_convolution_layer_1/s2_l1_64_convolution_layer_1/convolution/merged_input:0=Const, [64, 64, 1, 1], 1
	point_net_1/s2_l1_64_convolution_layer_1/batch_normalization_2_1/batchnorm/sub:0=Const, [64], 1
Outpus:
	Conv__448:0=[-1, 64, 8192, 1], 1
2026-02-01 11:14:47,971 - tf2onnx.graph - DEBUG - Making node: Name=Conv__450, OP=Conv
2026-02-01 11:14:47,971 - tf2onnx.graph - DEBUG - Infer shape and dtype for [Conv__450]
2026-02-01 11:14:47,972 - tf2onnx.graph - DEBUG - Set dtype of [Conv__450:0] to 1
2026-02-01 11:14:47,972 - tf2onnx.graph - DEBUG - Set shape of [Conv__450:0] to [-1, 128, 8192, 1]
2026-02-01 11:14:47,973 - tf2onnx.graph - DEBUG - Made node: Conv__450
OP=Conv
Name=Conv__450
Inputs:
	point_net_1/s2_l2_128_convolution_layer_1/batch_normalization_3_1/batchnorm/mul_1__396:0=Transpose, [-1, 64, 8192, 1], 1
	point_net_1/s2_l2_128_convolution_layer_1/s2_l2_128_convolution_layer_1/convolution/merged_input:0=Const, [128, 64, 1, 1], 1
	point_net_1/s2_l2_128_convolution_layer_1/batch_normalization_3_1/batchnorm/sub:0=Const, [128], 1
Outpus:
	Conv__450:0=[-1, 128, 8192, 1], 1
2026-02-01 11:14:47,974 - tf2onnx.graph - DEBUG - Making node: Name=Conv__452, OP=Conv
2026-02-01 11:14:47,974 - tf2onnx.graph - DEBUG - Infer shape and dtype for [Conv__452]
2026-02-01 11:14:47,975 - tf2onnx.graph - DEBUG - Set dtype of [Conv__452:0] to 1
2026-02-01 11:14:47,976 - tf2onnx.graph - DEBUG - Set shape of [Conv__452:0] to [-1, 1024, 8192, 1]
2026-02-01 11:14:47,976 - tf2onnx.graph - DEBUG - Made node: Conv__452
OP=Conv
Name=Conv__452
Inputs:
	point_net_1/s2_l3_1024_convolution_layer_1/batch_normalization_4_1/batchnorm/mul_1__400:0=Transpose, [-1, 128, 8192, 1], 1
	point_net_1/s2_l3_1024_convolution_layer_1/s2_l3_1024_convolution_layer_1/convolution/merged_input:0=Const, [1024, 128, 1, 1], 1
	point_net_1/s2_l3_1024_convolution_layer_1/batch_normalization_4_1/batchnorm/sub:0=Const, [1024], 1
Outpus:
	Conv__452:0=[-1, 1024, 8192, 1], 1
2026-02-01 11:14:47,977 - tf2onnx.graph - DEBUG - Making node: Name=axes_const__404__454, OP=Const
2026-02-01 11:14:47,977 - tf2onnx.graph - DEBUG - Made node: axes_const__404__454
OP=Const
Name=axes_const__404__454
Outpus:
	axes_const__404__454=None, 7
2026-02-01 11:14:47,980 - tf2onnx.graph - DEBUG - Making node: Name=axes_const__432__455, OP=Const
2026-02-01 11:14:47,980 - tf2onnx.graph - DEBUG - Made node: axes_const__432__455
OP=Const
Name=axes_const__432__455
Outpus:
	axes_const__432__455=None, 7
2026-02-01 11:14:47,982 - tf2onnx.optimizer.TransposeOptimizer - DEBUG - cannot move transpose down since it met output node Identity_2_graph_outputs_Identity__7
2026-02-01 11:14:47,982 - tf2onnx.optimizer.TransposeOptimizer - DEBUG - finish after 21 iteration(s)
2026-02-01 11:14:47,985 - tf2onnx.optimizer.TransposeOptimizer - DEBUG - finish after 0 iteration(s)
2026-02-01 11:14:47,986 - tf2onnx.optimizer.TransposeOptimizer - DEBUG - finish after 0 iteration(s)
2026-02-01 11:14:47,986 - tf2onnx.optimizer.TransposeOptimizer - DEBUG - finish after 0 iteration(s)
2026-02-01 11:14:47,987 - tf2onnx.optimizer.TransposeOptimizer - DEBUG - finish after 0 iteration(s)
2026-02-01 11:14:47,987 - tf2onnx.optimizer.TransposeOptimizer - DEBUG - finish after 0 iteration(s)
2026-02-01 11:14:47,987 - tf2onnx.optimizer.TransposeOptimizer - DEBUG - finish after 0 iteration(s)
2026-02-01 11:14:47,988 - tf2onnx.optimizer.TransposeOptimizer - DEBUG - finish after 0 iteration(s)
2026-02-01 11:14:47,988 - tf2onnx.optimizer.TransposeOptimizer - DEBUG - finish after 0 iteration(s)
2026-02-01 11:14:47,996 - tf2onnx.optimizer.TransposeOptimizer - VERBOSE - Add -5 (18->13), Const -8 (67->59), Identity -1 (15->14), Transpose -1 (21->20)
2026-02-01 11:14:47,996 - tf2onnx.optimizer - VERBOSE - Apply remove_redundant_upsample
2026-02-01 11:14:48,014 - tf2onnx.optimizer.UpsampleOptimizer - VERBOSE - no change
2026-02-01 11:14:48,015 - tf2onnx.optimizer - VERBOSE - Apply fold_constants
2026-02-01 11:14:48,027 - tf2onnx.graph - DEBUG - Making node: Name=const_fold_opt__476, OP=Const
2026-02-01 11:14:48,027 - tf2onnx.graph - DEBUG - Made node: const_fold_opt__476
OP=Const
Name=const_fold_opt__476
Outpus:
	const_fold_opt__476=None, 7
2026-02-01 11:14:48,028 - tf2onnx.graph - DEBUG - Making node: Name=const_fold_opt__477, OP=Const
2026-02-01 11:14:48,029 - tf2onnx.graph - DEBUG - Made node: const_fold_opt__477
OP=Const
Name=const_fold_opt__477
Outpus:
	const_fold_opt__477=None, 7
2026-02-01 11:14:48,029 - tf2onnx.graph - DEBUG - Making node: Name=const_fold_opt__478, OP=Const
2026-02-01 11:14:48,030 - tf2onnx.graph - DEBUG - Made node: const_fold_opt__478
OP=Const
Name=const_fold_opt__478
Outpus:
	const_fold_opt__478=None, 7
2026-02-01 11:14:48,030 - tf2onnx.graph - DEBUG - Making node: Name=const_fold_opt__479, OP=Const
2026-02-01 11:14:48,031 - tf2onnx.graph - DEBUG - Made node: const_fold_opt__479
OP=Const
Name=const_fold_opt__479
Outpus:
	const_fold_opt__479=None, 7
2026-02-01 11:14:48,031 - tf2onnx.graph - DEBUG - Making node: Name=const_fold_opt__480, OP=Const
2026-02-01 11:14:48,031 - tf2onnx.graph - DEBUG - Made node: const_fold_opt__480
OP=Const
Name=const_fold_opt__480
Outpus:
	const_fold_opt__480=None, 7
2026-02-01 11:14:48,032 - tf2onnx.graph - DEBUG - Making node: Name=const_fold_opt__481, OP=Const
2026-02-01 11:14:48,033 - tf2onnx.graph - DEBUG - Made node: const_fold_opt__481
OP=Const
Name=const_fold_opt__481
Outpus:
	const_fold_opt__481=None, 7
2026-02-01 11:14:48,033 - tf2onnx.graph - DEBUG - Making node: Name=const_fold_opt__482, OP=Const
2026-02-01 11:14:48,033 - tf2onnx.graph - DEBUG - Made node: const_fold_opt__482
OP=Const
Name=const_fold_opt__482
Outpus:
	const_fold_opt__482=None, 7
2026-02-01 11:14:48,034 - tf2onnx.graph - DEBUG - Making node: Name=const_fold_opt__483, OP=Const
2026-02-01 11:14:48,034 - tf2onnx.graph - DEBUG - Made node: const_fold_opt__483
OP=Const
Name=const_fold_opt__483
Outpus:
	const_fold_opt__483=None, 6
2026-02-01 11:14:48,035 - tf2onnx.optimizer.ConstFoldOptimizer - DEBUG - need to add function to fold op Squeeze__74 whose op_type is Squeeze
2026-02-01 11:14:48,035 - tf2onnx.optimizer.ConstFoldOptimizer - DEBUG - need to add function to fold op Squeeze__334 whose op_type is Squeeze
2026-02-01 11:14:48,035 - tf2onnx.optimizer.ConstFoldOptimizer - DEBUG - need to add function to fold op Squeeze__309 whose op_type is Squeeze
2026-02-01 11:14:48,036 - tf2onnx.optimizer.ConstFoldOptimizer - DEBUG - need to add function to fold op Squeeze__269 whose op_type is Squeeze
2026-02-01 11:14:48,036 - tf2onnx.optimizer.ConstFoldOptimizer - DEBUG - need to add function to fold op Squeeze__138 whose op_type is Squeeze
2026-02-01 11:14:48,036 - tf2onnx.optimizer.ConstFoldOptimizer - DEBUG - need to add function to fold op Squeeze__135 whose op_type is Squeeze
2026-02-01 11:14:48,037 - tf2onnx.graph - DEBUG - Making node: Name=const_fold_opt__484, OP=Const
2026-02-01 11:14:48,037 - tf2onnx.graph - DEBUG - Made node: const_fold_opt__484
OP=Const
Name=const_fold_opt__484
Outpus:
	const_fold_opt__484=None, 7
2026-02-01 11:14:48,037 - tf2onnx.graph - DEBUG - Making node: Name=const_fold_opt__485, OP=Const
2026-02-01 11:14:48,038 - tf2onnx.graph - DEBUG - Made node: const_fold_opt__485
OP=Const
Name=const_fold_opt__485
Outpus:
	const_fold_opt__485=None, 7
2026-02-01 11:14:48,038 - tf2onnx.graph - DEBUG - Making node: Name=const_fold_opt__486, OP=Const
2026-02-01 11:14:48,039 - tf2onnx.graph - DEBUG - Made node: const_fold_opt__486
OP=Const
Name=const_fold_opt__486
Outpus:
	const_fold_opt__486=None, 7
2026-02-01 11:14:48,039 - tf2onnx.graph - DEBUG - Making node: Name=const_fold_opt__487, OP=Const
2026-02-01 11:14:48,040 - tf2onnx.graph - DEBUG - Made node: const_fold_opt__487
OP=Const
Name=const_fold_opt__487
Outpus:
	const_fold_opt__487=None, 7
2026-02-01 11:14:48,040 - tf2onnx.graph - DEBUG - Making node: Name=const_fold_opt__488, OP=Const
2026-02-01 11:14:48,041 - tf2onnx.graph - DEBUG - Made node: const_fold_opt__488
OP=Const
Name=const_fold_opt__488
Outpus:
	const_fold_opt__488=None, 7
2026-02-01 11:14:48,042 - tf2onnx.graph - DEBUG - Making node: Name=const_fold_opt__489, OP=Const
2026-02-01 11:14:48,042 - tf2onnx.graph - DEBUG - Made node: const_fold_opt__489
OP=Const
Name=const_fold_opt__489
Outpus:
	const_fold_opt__489=None, 7
2026-02-01 11:14:48,043 - tf2onnx.graph - DEBUG - Making node: Name=const_fold_opt__490, OP=Const
2026-02-01 11:14:48,043 - tf2onnx.graph - DEBUG - Made node: const_fold_opt__490
OP=Const
Name=const_fold_opt__490
Outpus:
	const_fold_opt__490=None, 7
2026-02-01 11:14:48,044 - tf2onnx.optimizer.ConstFoldOptimizer - DEBUG - need to add function to fold op Squeeze__74 whose op_type is Squeeze
2026-02-01 11:14:48,044 - tf2onnx.optimizer.ConstFoldOptimizer - DEBUG - need to add function to fold op Squeeze__334 whose op_type is Squeeze
2026-02-01 11:14:48,044 - tf2onnx.optimizer.ConstFoldOptimizer - DEBUG - need to add function to fold op Squeeze__309 whose op_type is Squeeze
2026-02-01 11:14:48,045 - tf2onnx.optimizer.ConstFoldOptimizer - DEBUG - need to add function to fold op Squeeze__269 whose op_type is Squeeze
2026-02-01 11:14:48,045 - tf2onnx.optimizer.ConstFoldOptimizer - DEBUG - need to add function to fold op Squeeze__138 whose op_type is Squeeze
2026-02-01 11:14:48,046 - tf2onnx.optimizer.ConstFoldOptimizer - DEBUG - need to add function to fold op Squeeze__135 whose op_type is Squeeze
2026-02-01 11:14:48,046 - tf2onnx.graph - DEBUG - Making node: Name=const_fold_opt__491, OP=Const
2026-02-01 11:14:48,047 - tf2onnx.graph - DEBUG - Made node: const_fold_opt__491
OP=Const
Name=const_fold_opt__491
Outpus:
	const_fold_opt__491=None, 7
2026-02-01 11:14:48,047 - tf2onnx.graph - DEBUG - Making node: Name=const_fold_opt__492, OP=Const
2026-02-01 11:14:48,048 - tf2onnx.graph - DEBUG - Made node: const_fold_opt__492
OP=Const
Name=const_fold_opt__492
Outpus:
	const_fold_opt__492=None, 7
2026-02-01 11:14:48,048 - tf2onnx.optimizer.ConstFoldOptimizer - DEBUG - need to add function to fold op Greater__82 whose op_type is Greater
2026-02-01 11:14:48,049 - tf2onnx.graph - DEBUG - Making node: Name=const_fold_opt__493, OP=Const
2026-02-01 11:14:48,050 - tf2onnx.graph - DEBUG - Made node: const_fold_opt__493
OP=Const
Name=const_fold_opt__493
Outpus:
	const_fold_opt__493=None, 7
2026-02-01 11:14:48,051 - tf2onnx.graph - DEBUG - Making node: Name=const_fold_opt__494, OP=Const
2026-02-01 11:14:48,051 - tf2onnx.graph - DEBUG - Made node: const_fold_opt__494
OP=Const
Name=const_fold_opt__494
Outpus:
	const_fold_opt__494=None, 7
2026-02-01 11:14:48,051 - tf2onnx.optimizer.ConstFoldOptimizer - DEBUG - need to add function to fold op ReduceMax__42 whose op_type is ReduceMax
2026-02-01 11:14:48,052 - tf2onnx.optimizer.ConstFoldOptimizer - DEBUG - need to add function to fold op Squeeze__74 whose op_type is Squeeze
2026-02-01 11:14:48,052 - tf2onnx.optimizer.ConstFoldOptimizer - DEBUG - need to add function to fold op Squeeze__334 whose op_type is Squeeze
2026-02-01 11:14:48,053 - tf2onnx.optimizer.ConstFoldOptimizer - DEBUG - need to add function to fold op Squeeze__309 whose op_type is Squeeze
2026-02-01 11:14:48,053 - tf2onnx.optimizer.ConstFoldOptimizer - DEBUG - need to add function to fold op Squeeze__269 whose op_type is Squeeze
2026-02-01 11:14:48,053 - tf2onnx.optimizer.ConstFoldOptimizer - DEBUG - need to add function to fold op Squeeze__138 whose op_type is Squeeze
2026-02-01 11:14:48,054 - tf2onnx.optimizer.ConstFoldOptimizer - DEBUG - need to add function to fold op Squeeze__135 whose op_type is Squeeze
2026-02-01 11:14:48,054 - tf2onnx.graph - DEBUG - Making node: Name=const_fold_opt__495, OP=Const
2026-02-01 11:14:48,054 - tf2onnx.graph - DEBUG - Made node: const_fold_opt__495
OP=Const
Name=const_fold_opt__495
Outpus:
	const_fold_opt__495=None, 7
2026-02-01 11:14:48,055 - tf2onnx.optimizer.ConstFoldOptimizer - DEBUG - need to add function to fold op Greater__83 whose op_type is Greater
2026-02-01 11:14:48,055 - tf2onnx.optimizer.ConstFoldOptimizer - DEBUG - need to add function to fold op Greater__82 whose op_type is Greater
2026-02-01 11:14:48,056 - tf2onnx.optimizer.ConstFoldOptimizer - DEBUG - need to add function to fold op ReduceMin__41 whose op_type is ReduceMin
2026-02-01 11:14:48,056 - tf2onnx.optimizer.ConstFoldOptimizer - DEBUG - need to add function to fold op ReduceMax__42 whose op_type is ReduceMax
2026-02-01 11:14:48,057 - tf2onnx.optimizer.ConstFoldOptimizer - DEBUG - need to add function to fold op Squeeze__74 whose op_type is Squeeze
2026-02-01 11:14:48,057 - tf2onnx.optimizer.ConstFoldOptimizer - DEBUG - need to add function to fold op Squeeze__334 whose op_type is Squeeze
2026-02-01 11:14:48,057 - tf2onnx.optimizer.ConstFoldOptimizer - DEBUG - need to add function to fold op Squeeze__309 whose op_type is Squeeze
2026-02-01 11:14:48,058 - tf2onnx.optimizer.ConstFoldOptimizer - DEBUG - need to add function to fold op Squeeze__269 whose op_type is Squeeze
2026-02-01 11:14:48,058 - tf2onnx.optimizer.ConstFoldOptimizer - DEBUG - need to add function to fold op Squeeze__138 whose op_type is Squeeze
2026-02-01 11:14:48,058 - tf2onnx.optimizer.ConstFoldOptimizer - DEBUG - need to add function to fold op Squeeze__135 whose op_type is Squeeze
2026-02-01 11:14:48,059 - tf2onnx.optimizer.ConstFoldOptimizer - DEBUG - need to add function to fold op Greater__83 whose op_type is Greater
2026-02-01 11:14:48,059 - tf2onnx.optimizer.ConstFoldOptimizer - DEBUG - need to add function to fold op Greater__82 whose op_type is Greater
2026-02-01 11:14:48,070 - tf2onnx.optimizer.ConstFoldOptimizer - VERBOSE - Cast -10 (14->4), Const -7 (59->52), Reshape -9 (28->19), Unsqueeze -1 (8->7)
2026-02-01 11:14:48,071 - tf2onnx.optimizer - VERBOSE - Apply const_dequantize_optimizer
2026-02-01 11:14:48,098 - tf2onnx.optimizer.ConstDequantizeOptimizer - VERBOSE - no change
2026-02-01 11:14:48,099 - tf2onnx.optimizer - VERBOSE - Apply loop_optimizer
2026-02-01 11:14:48,122 - tf2onnx.optimizer.LoopOptimizer - VERBOSE - no change
2026-02-01 11:14:48,122 - tf2onnx.optimizer - VERBOSE - Apply merge_duplication
2026-02-01 11:14:48,158 - tf2onnx.optimizer.MergeDuplicatedNodesOptimizer - VERBOSE - Const -18 (52->34), Greater -1 (2->1), Squeeze -4 (19->15)
2026-02-01 11:14:48,158 - tf2onnx.optimizer - VERBOSE - Apply reshape_optimizer
2026-02-01 11:14:48,180 - tf2onnx.optimizer.ReshapeOptimizer - VERBOSE - no change
2026-02-01 11:14:48,180 - tf2onnx.optimizer - VERBOSE - Apply global_pool_optimizer
2026-02-01 11:14:48,192 - tf2onnx.graph - DEBUG - Making node: Name=const_axes__546, OP=Const
2026-02-01 11:14:48,193 - tf2onnx.graph - DEBUG - Made node: const_axes__546
OP=Const
Name=const_axes__546
Outpus:
	const_axes__546=None, 7
2026-02-01 11:14:48,193 - tf2onnx.graph - DEBUG - Making node: Name=point_net_1/Max_Squeeze__547, OP=Squeeze
2026-02-01 11:14:48,194 - tf2onnx.graph - DEBUG - Made node: point_net_1/Max_Squeeze__547
OP=Squeeze
Name=point_net_1/Max_Squeeze__547
Inputs:
	point_net_1/Max:0=GlobalMaxPool, [-1, 1024, 1], 1
	const_axes__546=Const, [1], 7
Outpus:
	point_net_1/Max_Squeeze__547:0=[-1, 1024], 1
2026-02-01 11:14:48,202 - tf2onnx.optimizer.GlobalPoolOptimizer - VERBOSE - Const +1 (34->35), GlobalMaxPool +1 (0->1), ReduceMax -1 (4->3), Squeeze +1 (15->16)
2026-02-01 11:14:48,202 - tf2onnx.optimizer - VERBOSE - Apply q_dq_optimizer
2026-02-01 11:14:48,221 - tf2onnx.optimizer.QDQOptimizer - VERBOSE - no change
2026-02-01 11:14:48,222 - tf2onnx.optimizer - VERBOSE - Apply remove_identity
2026-02-01 11:14:48,379 - tf2onnx.optimizer.IdentityOptimizer - DEBUG - input node in parent graph, skip
2026-02-01 11:14:48,391 - tf2onnx.optimizer.IdentityOptimizer - VERBOSE - Identity -13 (14->1)
2026-02-01 11:14:48,391 - tf2onnx.optimizer - VERBOSE - Apply remove_back_to_back
2026-02-01 11:14:48,409 - tf2onnx.optimizer.BackToBackOptimizer - VERBOSE - Reshape -1 (19->18), Squeeze -1 (16->15), Transpose -14 (20->6), Unsqueeze -1 (7->6)
2026-02-01 11:14:48,410 - tf2onnx.optimizer - VERBOSE - Apply einsum_optimizer
2026-02-01 11:14:48,428 - tf2onnx.optimizer.EinsumOptimizer - VERBOSE - no change
2026-02-01 11:14:48,429 - tf2onnx.optimizer - VERBOSE - Apply optimize_transpose
2026-02-01 11:14:48,440 - tf2onnx.optimizer.TransposeOptimizer - DEBUG - segmentation_output connects to graph outputs, skip
2026-02-01 11:14:48,441 - tf2onnx.optimizer.TransposeOptimizer - DEBUG - finish after 0 iteration(s)
2026-02-01 11:14:48,443 - tf2onnx.optimizer.TransposeOptimizer - DEBUG - finish after 0 iteration(s)
2026-02-01 11:14:48,443 - tf2onnx.optimizer.TransposeOptimizer - DEBUG - finish after 0 iteration(s)
2026-02-01 11:14:48,444 - tf2onnx.optimizer.TransposeOptimizer - DEBUG - finish after 0 iteration(s)
2026-02-01 11:14:48,444 - tf2onnx.optimizer.TransposeOptimizer - DEBUG - finish after 0 iteration(s)
2026-02-01 11:14:48,445 - tf2onnx.optimizer.TransposeOptimizer - DEBUG - finish after 0 iteration(s)
2026-02-01 11:14:48,445 - tf2onnx.optimizer.TransposeOptimizer - DEBUG - finish after 0 iteration(s)
2026-02-01 11:14:48,446 - tf2onnx.optimizer.TransposeOptimizer - DEBUG - finish after 0 iteration(s)
2026-02-01 11:14:48,446 - tf2onnx.optimizer.TransposeOptimizer - DEBUG - finish after 0 iteration(s)
2026-02-01 11:14:48,454 - tf2onnx.optimizer.TransposeOptimizer - VERBOSE - no change
2026-02-01 11:14:48,454 - tf2onnx.optimizer - VERBOSE - Apply remove_redundant_upsample
2026-02-01 11:14:48,469 - tf2onnx.optimizer.UpsampleOptimizer - VERBOSE - no change
2026-02-01 11:14:48,470 - tf2onnx.optimizer - VERBOSE - Apply fold_constants
2026-02-01 11:14:48,478 - tf2onnx.optimizer.ConstFoldOptimizer - DEBUG - need to add function to fold op Squeeze__74 whose op_type is Squeeze
2026-02-01 11:14:48,479 - tf2onnx.optimizer.ConstFoldOptimizer - DEBUG - need to add function to fold op Greater__82 whose op_type is Greater
2026-02-01 11:14:48,480 - tf2onnx.optimizer.ConstFoldOptimizer - DEBUG - need to add function to fold op ReduceMax__42 whose op_type is ReduceMax
2026-02-01 11:14:48,481 - tf2onnx.optimizer.ConstFoldOptimizer - DEBUG - need to add function to fold op ReduceMin__41 whose op_type is ReduceMin
2026-02-01 11:14:48,481 - tf2onnx.optimizer.ConstFoldOptimizer - DEBUG - need to add function to fold op Squeeze__309 whose op_type is Squeeze
2026-02-01 11:14:48,490 - tf2onnx.optimizer.ConstFoldOptimizer - VERBOSE - no change
2026-02-01 11:14:48,490 - tf2onnx.optimizer - VERBOSE - Apply const_dequantize_optimizer
2026-02-01 11:14:48,506 - tf2onnx.optimizer.ConstDequantizeOptimizer - VERBOSE - no change
2026-02-01 11:14:48,506 - tf2onnx.optimizer - VERBOSE - Apply loop_optimizer
2026-02-01 11:14:48,522 - tf2onnx.optimizer.LoopOptimizer - VERBOSE - no change
2026-02-01 11:14:48,523 - tf2onnx.optimizer - VERBOSE - Apply merge_duplication
2026-02-01 11:14:48,548 - tf2onnx.optimizer.MergeDuplicatedNodesOptimizer - VERBOSE - Const -1 (35->34)
2026-02-01 11:14:48,549 - tf2onnx.optimizer - VERBOSE - Apply reshape_optimizer
2026-02-01 11:14:48,565 - tf2onnx.optimizer.ReshapeOptimizer - VERBOSE - no change
2026-02-01 11:14:48,565 - tf2onnx.optimizer - VERBOSE - Apply global_pool_optimizer
2026-02-01 11:14:48,582 - tf2onnx.optimizer.GlobalPoolOptimizer - VERBOSE - no change
2026-02-01 11:14:48,583 - tf2onnx.optimizer - VERBOSE - Apply q_dq_optimizer
2026-02-01 11:14:48,604 - tf2onnx.optimizer.QDQOptimizer - VERBOSE - no change
2026-02-01 11:14:48,605 - tf2onnx.optimizer - VERBOSE - Apply remove_identity
2026-02-01 11:14:48,614 - tf2onnx.optimizer.IdentityOptimizer - DEBUG - input node in parent graph, skip
2026-02-01 11:14:48,624 - tf2onnx.optimizer.IdentityOptimizer - VERBOSE - no change
2026-02-01 11:14:48,624 - tf2onnx.optimizer - VERBOSE - Apply remove_back_to_back
2026-02-01 11:14:48,644 - tf2onnx.optimizer.BackToBackOptimizer - VERBOSE - no change
2026-02-01 11:14:48,645 - tf2onnx.optimizer - VERBOSE - Apply einsum_optimizer
2026-02-01 11:14:48,661 - tf2onnx.optimizer.EinsumOptimizer - VERBOSE - no change
2026-02-01 11:14:48,662 - tf2onnx.optimizer - VERBOSE - Apply optimize_transpose
2026-02-01 11:14:48,669 - tf2onnx.optimizer.TransposeOptimizer - DEBUG - segmentation_output connects to graph outputs, skip
2026-02-01 11:14:48,670 - tf2onnx.optimizer.TransposeOptimizer - DEBUG - finish after 0 iteration(s)
2026-02-01 11:14:48,672 - tf2onnx.optimizer.TransposeOptimizer - DEBUG - finish after 0 iteration(s)
2026-02-01 11:14:48,673 - tf2onnx.optimizer.TransposeOptimizer - DEBUG - finish after 0 iteration(s)
2026-02-01 11:14:48,674 - tf2onnx.optimizer.TransposeOptimizer - DEBUG - finish after 0 iteration(s)
2026-02-01 11:14:48,674 - tf2onnx.optimizer.TransposeOptimizer - DEBUG - finish after 0 iteration(s)
2026-02-01 11:14:48,675 - tf2onnx.optimizer.TransposeOptimizer - DEBUG - finish after 0 iteration(s)
2026-02-01 11:14:48,675 - tf2onnx.optimizer.TransposeOptimizer - DEBUG - finish after 0 iteration(s)
2026-02-01 11:14:48,676 - tf2onnx.optimizer.TransposeOptimizer - DEBUG - finish after 0 iteration(s)
2026-02-01 11:14:48,677 - tf2onnx.optimizer.TransposeOptimizer - DEBUG - finish after 0 iteration(s)
2026-02-01 11:14:48,686 - tf2onnx.optimizer.TransposeOptimizer - VERBOSE - no change
2026-02-01 11:14:48,686 - tf2onnx.optimizer - VERBOSE - Apply remove_redundant_upsample
2026-02-01 11:14:48,704 - tf2onnx.optimizer.UpsampleOptimizer - VERBOSE - no change
2026-02-01 11:14:48,705 - tf2onnx.optimizer - VERBOSE - Apply fold_constants
2026-02-01 11:14:48,716 - tf2onnx.optimizer.ConstFoldOptimizer - DEBUG - need to add function to fold op Squeeze__309 whose op_type is Squeeze
2026-02-01 11:14:48,717 - tf2onnx.optimizer.ConstFoldOptimizer - DEBUG - need to add function to fold op ReduceMin__41 whose op_type is ReduceMin
2026-02-01 11:14:48,717 - tf2onnx.optimizer.ConstFoldOptimizer - DEBUG - need to add function to fold op ReduceMax__42 whose op_type is ReduceMax
2026-02-01 11:14:48,718 - tf2onnx.optimizer.ConstFoldOptimizer - DEBUG - need to add function to fold op Greater__82 whose op_type is Greater
2026-02-01 11:14:48,718 - tf2onnx.optimizer.ConstFoldOptimizer - DEBUG - need to add function to fold op Squeeze__74 whose op_type is Squeeze
2026-02-01 11:14:48,725 - tf2onnx.optimizer.ConstFoldOptimizer - VERBOSE - no change
2026-02-01 11:14:48,725 - tf2onnx.optimizer - VERBOSE - Apply const_dequantize_optimizer
2026-02-01 11:14:48,742 - tf2onnx.optimizer.ConstDequantizeOptimizer - VERBOSE - no change
2026-02-01 11:14:48,742 - tf2onnx.optimizer - VERBOSE - Apply loop_optimizer
2026-02-01 11:14:48,760 - tf2onnx.optimizer.LoopOptimizer - VERBOSE - no change
2026-02-01 11:14:48,761 - tf2onnx.optimizer - VERBOSE - Apply merge_duplication
2026-02-01 11:14:48,782 - tf2onnx.optimizer.MergeDuplicatedNodesOptimizer - VERBOSE - no change
2026-02-01 11:14:48,783 - tf2onnx.optimizer - VERBOSE - Apply reshape_optimizer
2026-02-01 11:14:48,800 - tf2onnx.optimizer.ReshapeOptimizer - VERBOSE - no change
2026-02-01 11:14:48,801 - tf2onnx.optimizer - VERBOSE - Apply global_pool_optimizer
2026-02-01 11:14:48,819 - tf2onnx.optimizer.GlobalPoolOptimizer - VERBOSE - no change
2026-02-01 11:14:48,820 - tf2onnx.optimizer - VERBOSE - Apply q_dq_optimizer
2026-02-01 11:14:48,835 - tf2onnx.optimizer.QDQOptimizer - VERBOSE - no change
2026-02-01 11:14:48,836 - tf2onnx.optimizer - VERBOSE - Apply remove_identity
2026-02-01 11:14:48,844 - tf2onnx.optimizer.IdentityOptimizer - DEBUG - input node in parent graph, skip
2026-02-01 11:14:48,853 - tf2onnx.optimizer.IdentityOptimizer - VERBOSE - no change
2026-02-01 11:14:48,854 - tf2onnx.optimizer - VERBOSE - Apply remove_back_to_back
2026-02-01 11:14:48,874 - tf2onnx.optimizer.BackToBackOptimizer - VERBOSE - no change
2026-02-01 11:14:48,875 - tf2onnx.optimizer - VERBOSE - Apply einsum_optimizer
2026-02-01 11:14:48,889 - tf2onnx.optimizer.EinsumOptimizer - VERBOSE - no change
2026-02-01 11:14:48,892 - tf2onnx.optimizer - INFO - After optimization: Add -5 (18->13), Cast -10 (14->4), Const -33 (67->34), GlobalMaxPool +1 (0->1), Greater -1 (2->1), Identity -14 (15->1), ReduceMax -1 (4->3), Reshape -10 (28->18), Squeeze -4 (19->15), Transpose -15 (21->6), Unsqueeze -2 (8->6)
2026-02-01 11:14:48,991 - root - INFO - Continuing training on model kc46_lidar_vanilla_lr01_94_2/classification_pretrain/kc46_lidar_vanilla_lr01_94_2_classification_pretrain.keras
2026-02-01 11:14:49,349 - root - INFO - PointNet Build
2026-02-01 11:14:49,350 - root - INFO - 	Trainable Layers
2026-02-01 11:14:49,350 - root - INFO - 		-> input_normalization: False
2026-02-01 11:14:49,351 - root - INFO - 		-> s1_l1_64_convolution_layer: True
2026-02-01 11:14:49,351 - root - INFO - 		-> s1_l2_64_convolution_layer: True
2026-02-01 11:14:49,351 - root - INFO - 		-> s2_l1_64_convolution_layer: True
2026-02-01 11:14:49,352 - root - INFO - 		-> s2_l2_128_convolution_layer: True
2026-02-01 11:14:49,352 - root - INFO - 		-> s2_l3_1024_convolution_layer: True
2026-02-01 11:14:49,352 - root - INFO - 		-> s3_l1_512_dense_layer: False
2026-02-01 11:14:49,353 - root - INFO - 		-> s3_l2_256_dense_layer: False
2026-02-01 11:14:49,353 - root - INFO - 		-> output_dense_layer: False
2026-02-01 11:14:49,353 - root - INFO - 		-> seg_l1_512_convolution_layer: True
2026-02-01 11:14:49,354 - root - INFO - 		-> seg_l2_256_convolution_layer: True
2026-02-01 11:14:49,354 - root - INFO - 		-> seg_l3_128_convolution_layer: True
2026-02-01 11:14:49,354 - root - INFO - 		-> seg_l4_128_convolution_layer: True
2026-02-01 11:14:49,355 - root - INFO - 		-> seg_l5_output_convolution_layer: True
2026-02-01 18:36:30,242 - tf2onnx.tfonnx - INFO - Using tensorflow=2.20.0, onnx=1.17.0, tf2onnx=1.16.1/15c810
2026-02-01 18:36:30,242 - tf2onnx.tfonnx - INFO - Using opset <onnx, 13>
2026-02-01 18:36:30,268 - tf2onnx.tf_utils - INFO - Computed 0 values for constant folding
2026-02-01 18:36:30,288 - tf2onnx.graph - DEBUG - Making node: Name=Identity, OP=Identity
2026-02-01 18:36:30,289 - tf2onnx.graph - DEBUG - Made node: Identity
OP=Identity
Name=Identity
Inputs:
	point_net_1/output_dense_layer_1/Softmax:0=Softmax, [-1, 23], 1
Outpus:
	Identity_raw_output___853:0=[-1, 23], 1
2026-02-01 18:36:30,289 - tf2onnx.graph - DEBUG - Making node: Name=Identity_graph_outputs_Identity__854, OP=Identity
2026-02-01 18:36:30,289 - tf2onnx.graph - DEBUG - Made node: Identity_graph_outputs_Identity__854
OP=Identity
Name=Identity_graph_outputs_Identity__854
Inputs:
	Identity_raw_output___853:0=Identity, [-1, 23], 1
Outpus:
	Identity:0=[-1, 23], 1
2026-02-01 18:36:30,289 - tf2onnx.graph - DEBUG - Making node: Name=Identity_2, OP=Identity
2026-02-01 18:36:30,290 - tf2onnx.graph - DEBUG - Made node: Identity_2
OP=Identity
Name=Identity_2
Inputs:
	point_net_1/Squeeze_2:0=Squeeze, [-1, 8192, 12], 1
Outpus:
	Identity_2_raw_output___855:0=[-1, 8192, 12], 1
2026-02-01 18:36:30,290 - tf2onnx.graph - DEBUG - Making node: Name=Identity_2_graph_outputs_Identity__856, OP=Identity
2026-02-01 18:36:30,290 - tf2onnx.graph - DEBUG - Made node: Identity_2_graph_outputs_Identity__856
OP=Identity
Name=Identity_2_graph_outputs_Identity__856
Inputs:
	Identity_2_raw_output___855:0=Identity, [-1, 8192, 12], 1
Outpus:
	Identity_2:0=[-1, 8192, 12], 1
2026-02-01 18:36:30,290 - tf2onnx.graph - DEBUG - Making node: Name=Identity_1, OP=Identity
2026-02-01 18:36:30,291 - tf2onnx.graph - DEBUG - Made node: Identity_1
OP=Identity
Name=Identity_1
Inputs:
	point_net_1/eye/diag:0=MatrixDiagV3, [-1, 3, 3], 1
Outpus:
	Identity_1_raw_output___857:0=[-1, 3, 3], 1
2026-02-01 18:36:30,291 - tf2onnx.graph - DEBUG - Making node: Name=Identity_1_graph_outputs_Identity__858, OP=Identity
2026-02-01 18:36:30,291 - tf2onnx.graph - DEBUG - Made node: Identity_1_graph_outputs_Identity__858
OP=Identity
Name=Identity_1_graph_outputs_Identity__858
Inputs:
	Identity_1_raw_output___857:0=Identity, [-1, 3, 3], 1
Outpus:
	Identity_1:0=[-1, 3, 3], 1
2026-02-01 18:36:30,292 - tf2onnx.tfonnx - ERROR - rewriter <function rewrite_constant_fold at 0x76616ec556c0>: exception `np.cast` was removed in the NumPy 2.0 release. Use `np.asarray(arr, dtype=dtype)` instead.
2026-02-01 18:36:30,294 - tf2onnx.tfonnx - INFO - ['Traceback (most recent call last):\n', '  File "/mnt/c/repos/PointCloudProcessing/point_cloud_analysis/.venv/lib/python3.10/site-packages/tf2onnx/tfonnx.py", line 375, in run_rewriters\n    ops = func(g, g.get_nodes())\n', '  File "/mnt/c/repos/PointCloudProcessing/point_cloud_analysis/.venv/lib/python3.10/site-packages/tf2onnx/tfonnx.py", line 77, in rewrite_constant_fold\n    "Cast": np.cast,\n', '  File "/mnt/c/repos/PointCloudProcessing/point_cloud_analysis/.venv/lib/python3.10/site-packages/numpy/__init__.py", line 400, in __getattr__\n    raise AttributeError(\n', 'AttributeError: `np.cast` was removed in the NumPy 2.0 release. Use `np.asarray(arr, dtype=dtype)` instead.\n']
2026-02-01 18:36:30,303 - tf2onnx.rewriter.lstm_rewriter - DEBUG - enter lstm rewriter
2026-02-01 18:36:30,304 - tf2onnx.rewriter.gru_rewriter - DEBUG - enter gru rewriter
2026-02-01 18:36:30,306 - tf2onnx.rewriter.custom_rnn_rewriter - DEBUG - enter custom rnn rewriter
2026-02-01 18:36:30,307 - tf2onnx.rewriter.loop_rewriter - DEBUG - enter loop rewriter
2026-02-01 18:36:30,308 - tf2onnx.rewriter.cond_rewriter - DEBUG - enter cond pre rewrite
2026-02-01 18:36:30,310 - tf2onnx.graph - DEBUG - Making node: Name=point_net_1/seg_l5_output_convolution_layer_1/seg_l5_output_convolution_layer_1/BiasAdd, OP=Conv2D
2026-02-01 18:36:30,311 - tf2onnx.graph - DEBUG - Made node: point_net_1/seg_l5_output_convolution_layer_1/seg_l5_output_convolution_layer_1/BiasAdd
OP=Conv2D
Name=point_net_1/seg_l5_output_convolution_layer_1/seg_l5_output_convolution_layer_1/BiasAdd
Inputs:
	point_net_1/seg_l4_128_convolution_layer_1/Relu:0=Relu, [-1, 8192, 1, 128], 1
	point_net_1/seg_l5_output_convolution_layer_1/seg_l5_output_convolution_layer_1/convolution/ReadVariableOp:0=Const, [1, 1, 128, 12], 1
	point_net_1/seg_l5_output_convolution_layer_1/seg_l5_output_convolution_layer_1/Squeeze:0=Const, [12], 1
Outpus:
	point_net_1/seg_l5_output_convolution_layer_1/seg_l5_output_convolution_layer_1/BiasAdd:0=[-1, 8192, 1, 12], 1
2026-02-01 18:36:30,314 - tf2onnx.tfonnx - VERBOSE - Mapping TF node to ONNX node(s)
2026-02-01 18:36:30,314 - tf2onnx.tfonnx - DEBUG - Process node: point_net_1/strided_slice/stack_2
OP=Const
Name=point_net_1/strided_slice/stack_2
Outpus:
	point_net_1/strided_slice/stack_2:0=[1], 6
2026-02-01 18:36:30,315 - tf2onnx.tfonnx - DEBUG - Process node: point_net_1/strided_slice/stack_1
OP=Const
Name=point_net_1/strided_slice/stack_1
Outpus:
	point_net_1/strided_slice/stack_1:0=[1], 6
2026-02-01 18:36:30,315 - tf2onnx.tfonnx - DEBUG - Process node: point_net_1/strided_slice/stack
OP=Const
Name=point_net_1/strided_slice/stack
Outpus:
	point_net_1/strided_slice/stack:0=[1], 6
2026-02-01 18:36:30,315 - tf2onnx.tfonnx - DEBUG - Process node: point_net_1/seg_l5_output_convolution_layer_1/seg_l5_output_convolution_layer_1/convolution/ReadVariableOp
OP=Const
Name=point_net_1/seg_l5_output_convolution_layer_1/seg_l5_output_convolution_layer_1/convolution/ReadVariableOp
Outpus:
	point_net_1/seg_l5_output_convolution_layer_1/seg_l5_output_convolution_layer_1/convolution/ReadVariableOp:0=[1, 1, 128, 12], 1
2026-02-01 18:36:30,316 - tf2onnx.tfonnx - DEBUG - Process node: point_net_1/seg_l5_output_convolution_layer_1/seg_l5_output_convolution_layer_1/Squeeze
OP=Const
Name=point_net_1/seg_l5_output_convolution_layer_1/seg_l5_output_convolution_layer_1/Squeeze
Outpus:
	point_net_1/seg_l5_output_convolution_layer_1/seg_l5_output_convolution_layer_1/Squeeze:0=[12], 1
2026-02-01 18:36:30,316 - tf2onnx.tfonnx - DEBUG - Process node: point_net_1/seg_l4_128_convolution_layer_1/seg_l4_128_convolution_layer_1/convolution/merged_input
OP=Const
Name=point_net_1/seg_l4_128_convolution_layer_1/seg_l4_128_convolution_layer_1/convolution/merged_input
Outpus:
	point_net_1/seg_l4_128_convolution_layer_1/seg_l4_128_convolution_layer_1/convolution/merged_input:0=[1, 1, 128, 128], 1
2026-02-01 18:36:30,316 - tf2onnx.tfonnx - DEBUG - Process node: point_net_1/seg_l4_128_convolution_layer_1/batch_normalization_21_1/batchnorm/sub
OP=Const
Name=point_net_1/seg_l4_128_convolution_layer_1/batch_normalization_21_1/batchnorm/sub
Outpus:
	point_net_1/seg_l4_128_convolution_layer_1/batch_normalization_21_1/batchnorm/sub:0=[128], 1
2026-02-01 18:36:30,317 - tf2onnx.tfonnx - DEBUG - Process node: point_net_1/seg_l3_128_convolution_layer_1/seg_l3_128_convolution_layer_1/convolution/merged_input
OP=Const
Name=point_net_1/seg_l3_128_convolution_layer_1/seg_l3_128_convolution_layer_1/convolution/merged_input
Outpus:
	point_net_1/seg_l3_128_convolution_layer_1/seg_l3_128_convolution_layer_1/convolution/merged_input:0=[1, 1, 256, 128], 1
2026-02-01 18:36:30,317 - tf2onnx.tfonnx - DEBUG - Process node: point_net_1/seg_l3_128_convolution_layer_1/batch_normalization_20_1/batchnorm/sub
OP=Const
Name=point_net_1/seg_l3_128_convolution_layer_1/batch_normalization_20_1/batchnorm/sub
Outpus:
	point_net_1/seg_l3_128_convolution_layer_1/batch_normalization_20_1/batchnorm/sub:0=[128], 1
2026-02-01 18:36:30,317 - tf2onnx.tfonnx - DEBUG - Process node: point_net_1/seg_l2_256_convolution_layer_1/seg_l2_256_convolution_layer_1/convolution/merged_input
OP=Const
Name=point_net_1/seg_l2_256_convolution_layer_1/seg_l2_256_convolution_layer_1/convolution/merged_input
Outpus:
	point_net_1/seg_l2_256_convolution_layer_1/seg_l2_256_convolution_layer_1/convolution/merged_input:0=[1, 1, 512, 256], 1
2026-02-01 18:36:30,317 - tf2onnx.tfonnx - DEBUG - Process node: point_net_1/seg_l2_256_convolution_layer_1/batch_normalization_19_1/batchnorm/sub
OP=Const
Name=point_net_1/seg_l2_256_convolution_layer_1/batch_normalization_19_1/batchnorm/sub
Outpus:
	point_net_1/seg_l2_256_convolution_layer_1/batch_normalization_19_1/batchnorm/sub:0=[256], 1
2026-02-01 18:36:30,318 - tf2onnx.tfonnx - DEBUG - Process node: point_net_1/seg_l1_512_convolution_layer_1/seg_l1_512_convolution_layer_1/convolution/merged_input
OP=Const
Name=point_net_1/seg_l1_512_convolution_layer_1/seg_l1_512_convolution_layer_1/convolution/merged_input
Outpus:
	point_net_1/seg_l1_512_convolution_layer_1/seg_l1_512_convolution_layer_1/convolution/merged_input:0=[1, 1, 1088, 512], 1
2026-02-01 18:36:30,318 - tf2onnx.tfonnx - DEBUG - Process node: point_net_1/seg_l1_512_convolution_layer_1/batch_normalization_18_1/batchnorm/sub
OP=Const
Name=point_net_1/seg_l1_512_convolution_layer_1/batch_normalization_18_1/batchnorm/sub
Outpus:
	point_net_1/seg_l1_512_convolution_layer_1/batch_normalization_18_1/batchnorm/sub:0=[512], 1
2026-02-01 18:36:30,318 - tf2onnx.tfonnx - DEBUG - Process node: point_net_1/s3_l2_256_dense_layer_1/s3_l2_256_dense_layer_1/Cast/ReadVariableOp
OP=Const
Name=point_net_1/s3_l2_256_dense_layer_1/s3_l2_256_dense_layer_1/Cast/ReadVariableOp
Outpus:
	point_net_1/s3_l2_256_dense_layer_1/s3_l2_256_dense_layer_1/Cast/ReadVariableOp:0=[512, 256], 1
2026-02-01 18:36:30,319 - tf2onnx.tfonnx - DEBUG - Process node: point_net_1/s3_l2_256_dense_layer_1/batch_normalization_17_1/batchnorm/sub
OP=Const
Name=point_net_1/s3_l2_256_dense_layer_1/batch_normalization_17_1/batchnorm/sub
Outpus:
	point_net_1/s3_l2_256_dense_layer_1/batch_normalization_17_1/batchnorm/sub:0=[256], 1
2026-02-01 18:36:30,319 - tf2onnx.tfonnx - DEBUG - Process node: point_net_1/s3_l2_256_dense_layer_1/batch_normalization_17_1/batchnorm/mul
OP=Const
Name=point_net_1/s3_l2_256_dense_layer_1/batch_normalization_17_1/batchnorm/mul
Outpus:
	point_net_1/s3_l2_256_dense_layer_1/batch_normalization_17_1/batchnorm/mul:0=[256], 1
2026-02-01 18:36:30,319 - tf2onnx.tfonnx - DEBUG - Process node: point_net_1/s3_l1_512_dense_layer_1/s3_l1_512_dense_layer_1/Cast/ReadVariableOp
OP=Const
Name=point_net_1/s3_l1_512_dense_layer_1/s3_l1_512_dense_layer_1/Cast/ReadVariableOp
Outpus:
	point_net_1/s3_l1_512_dense_layer_1/s3_l1_512_dense_layer_1/Cast/ReadVariableOp:0=[1024, 512], 1
2026-02-01 18:36:30,320 - tf2onnx.tfonnx - DEBUG - Process node: point_net_1/s3_l1_512_dense_layer_1/batch_normalization_16_1/batchnorm/sub
OP=Const
Name=point_net_1/s3_l1_512_dense_layer_1/batch_normalization_16_1/batchnorm/sub
Outpus:
	point_net_1/s3_l1_512_dense_layer_1/batch_normalization_16_1/batchnorm/sub:0=[512], 1
2026-02-01 18:36:30,320 - tf2onnx.tfonnx - DEBUG - Process node: point_net_1/s3_l1_512_dense_layer_1/batch_normalization_16_1/batchnorm/mul
OP=Const
Name=point_net_1/s3_l1_512_dense_layer_1/batch_normalization_16_1/batchnorm/mul
Outpus:
	point_net_1/s3_l1_512_dense_layer_1/batch_normalization_16_1/batchnorm/mul:0=[512], 1
2026-02-01 18:36:30,320 - tf2onnx.tfonnx - DEBUG - Process node: point_net_1/s2_l3_1024_convolution_layer_1/s2_l3_1024_convolution_layer_1/convolution/merged_input
OP=Const
Name=point_net_1/s2_l3_1024_convolution_layer_1/s2_l3_1024_convolution_layer_1/convolution/merged_input
Outpus:
	point_net_1/s2_l3_1024_convolution_layer_1/s2_l3_1024_convolution_layer_1/convolution/merged_input:0=[1, 1, 128, 1024], 1
2026-02-01 18:36:30,321 - tf2onnx.tfonnx - DEBUG - Process node: point_net_1/s2_l3_1024_convolution_layer_1/batch_normalization_15_1/batchnorm/sub
OP=Const
Name=point_net_1/s2_l3_1024_convolution_layer_1/batch_normalization_15_1/batchnorm/sub
Outpus:
	point_net_1/s2_l3_1024_convolution_layer_1/batch_normalization_15_1/batchnorm/sub:0=[1024], 1
2026-02-01 18:36:30,321 - tf2onnx.tfonnx - DEBUG - Process node: point_net_1/s2_l2_128_convolution_layer_1/s2_l2_128_convolution_layer_1/convolution/merged_input
OP=Const
Name=point_net_1/s2_l2_128_convolution_layer_1/s2_l2_128_convolution_layer_1/convolution/merged_input
Outpus:
	point_net_1/s2_l2_128_convolution_layer_1/s2_l2_128_convolution_layer_1/convolution/merged_input:0=[1, 1, 64, 128], 1
2026-02-01 18:36:30,321 - tf2onnx.tfonnx - DEBUG - Process node: point_net_1/s2_l2_128_convolution_layer_1/batch_normalization_14_1/batchnorm/sub
OP=Const
Name=point_net_1/s2_l2_128_convolution_layer_1/batch_normalization_14_1/batchnorm/sub
Outpus:
	point_net_1/s2_l2_128_convolution_layer_1/batch_normalization_14_1/batchnorm/sub:0=[128], 1
2026-02-01 18:36:30,322 - tf2onnx.tfonnx - DEBUG - Process node: point_net_1/s2_l1_64_convolution_layer_1/s2_l1_64_convolution_layer_1/convolution/merged_input
OP=Const
Name=point_net_1/s2_l1_64_convolution_layer_1/s2_l1_64_convolution_layer_1/convolution/merged_input
Outpus:
	point_net_1/s2_l1_64_convolution_layer_1/s2_l1_64_convolution_layer_1/convolution/merged_input:0=[1, 1, 64, 64], 1
2026-02-01 18:36:30,322 - tf2onnx.tfonnx - DEBUG - Process node: point_net_1/s2_l1_64_convolution_layer_1/batch_normalization_13_1/batchnorm/sub
OP=Const
Name=point_net_1/s2_l1_64_convolution_layer_1/batch_normalization_13_1/batchnorm/sub
Outpus:
	point_net_1/s2_l1_64_convolution_layer_1/batch_normalization_13_1/batchnorm/sub:0=[64], 1
2026-02-01 18:36:30,322 - tf2onnx.tfonnx - DEBUG - Process node: point_net_1/s1_l2_64_convolution_layer_1/s1_l2_64_convolution_layer_1/convolution/merged_input
OP=Const
Name=point_net_1/s1_l2_64_convolution_layer_1/s1_l2_64_convolution_layer_1/convolution/merged_input
Outpus:
	point_net_1/s1_l2_64_convolution_layer_1/s1_l2_64_convolution_layer_1/convolution/merged_input:0=[1, 1, 64, 64], 1
2026-02-01 18:36:30,323 - tf2onnx.tfonnx - DEBUG - Process node: point_net_1/s1_l2_64_convolution_layer_1/batch_normalization_12_1/batchnorm/sub
OP=Const
Name=point_net_1/s1_l2_64_convolution_layer_1/batch_normalization_12_1/batchnorm/sub
Outpus:
	point_net_1/s1_l2_64_convolution_layer_1/batch_normalization_12_1/batchnorm/sub:0=[64], 1
2026-02-01 18:36:30,323 - tf2onnx.tfonnx - DEBUG - Process node: point_net_1/s1_l1_64_convolution_layer_1/s1_l1_64_convolution_layer_1/convolution/merged_input
OP=Const
Name=point_net_1/s1_l1_64_convolution_layer_1/s1_l1_64_convolution_layer_1/convolution/merged_input
Outpus:
	point_net_1/s1_l1_64_convolution_layer_1/s1_l1_64_convolution_layer_1/convolution/merged_input:0=[1, 1, 3, 64], 1
2026-02-01 18:36:30,323 - tf2onnx.tfonnx - DEBUG - Process node: point_net_1/s1_l1_64_convolution_layer_1/batch_normalization_11_1/batchnorm/sub
OP=Const
Name=point_net_1/s1_l1_64_convolution_layer_1/batch_normalization_11_1/batchnorm/sub
Outpus:
	point_net_1/s1_l1_64_convolution_layer_1/batch_normalization_11_1/batchnorm/sub:0=[64], 1
2026-02-01 18:36:30,323 - tf2onnx.tfonnx - DEBUG - Process node: point_net_1/output_dense_layer_1/output_dense_layer_1/Cast/ReadVariableOp
OP=Const
Name=point_net_1/output_dense_layer_1/output_dense_layer_1/Cast/ReadVariableOp
Outpus:
	point_net_1/output_dense_layer_1/output_dense_layer_1/Cast/ReadVariableOp:0=[256, 23], 1
2026-02-01 18:36:30,324 - tf2onnx.tfonnx - DEBUG - Process node: point_net_1/output_dense_layer_1/output_dense_layer_1/BiasAdd/ReadVariableOp
OP=Const
Name=point_net_1/output_dense_layer_1/output_dense_layer_1/BiasAdd/ReadVariableOp
Outpus:
	point_net_1/output_dense_layer_1/output_dense_layer_1/BiasAdd/ReadVariableOp:0=[23], 1
2026-02-01 18:36:30,324 - tf2onnx.tfonnx - DEBUG - Process node: point_net_1/input_normalization_1/Sum/reduction_indices
OP=Const
Name=point_net_1/input_normalization_1/Sum/reduction_indices
Outpus:
	point_net_1/input_normalization_1/Sum/reduction_indices:0=[], 6
2026-02-01 18:36:30,324 - tf2onnx.tfonnx - DEBUG - Process node: point_net_1/input_normalization_1/Mean/reduction_indices
OP=Const
Name=point_net_1/input_normalization_1/Mean/reduction_indices
Outpus:
	point_net_1/input_normalization_1/Mean/reduction_indices:0=[], 6
2026-02-01 18:36:30,324 - tf2onnx.tfonnx - DEBUG - Process node: point_net_1/input_normalization_1/Maximum/y
OP=Const
Name=point_net_1/input_normalization_1/Maximum/y
Outpus:
	point_net_1/input_normalization_1/Maximum/y:0=[], 1
2026-02-01 18:36:30,325 - tf2onnx.tfonnx - DEBUG - Process node: point_net_1/input_normalization_1/Max/reduction_indices
OP=Const
Name=point_net_1/input_normalization_1/Max/reduction_indices
Outpus:
	point_net_1/input_normalization_1/Max/reduction_indices:0=[], 6
2026-02-01 18:36:30,325 - tf2onnx.tfonnx - DEBUG - Process node: point_net_1/input_normalization_1/ExpandDims/dim
OP=Const
Name=point_net_1/input_normalization_1/ExpandDims/dim
Outpus:
	point_net_1/input_normalization_1/ExpandDims/dim:0=[], 6
2026-02-01 18:36:30,325 - tf2onnx.tfonnx - DEBUG - Process node: point_net_1/eye/ones/packed/1
OP=Const
Name=point_net_1/eye/ones/packed/1
Outpus:
	point_net_1/eye/ones/packed/1:0=[], 6
2026-02-01 18:36:30,326 - tf2onnx.tfonnx - DEBUG - Process node: point_net_1/eye/ones/Const
OP=Const
Name=point_net_1/eye/ones/Const
Outpus:
	point_net_1/eye/ones/Const:0=[], 1
2026-02-01 18:36:30,326 - tf2onnx.tfonnx - DEBUG - Process node: point_net_1/eye/diag/padding_value
OP=Const
Name=point_net_1/eye/diag/padding_value
Outpus:
	point_net_1/eye/diag/padding_value:0=[], 1
2026-02-01 18:36:30,327 - tf2onnx.tfonnx - DEBUG - Process node: point_net_1/eye/diag/num_rows
OP=Const
Name=point_net_1/eye/diag/num_rows
Outpus:
	point_net_1/eye/diag/num_rows:0=[], 6
2026-02-01 18:36:30,327 - tf2onnx.tfonnx - DEBUG - Process node: point_net_1/eye/diag/num_cols
OP=Const
Name=point_net_1/eye/diag/num_cols
Outpus:
	point_net_1/eye/diag/num_cols:0=[], 6
2026-02-01 18:36:30,327 - tf2onnx.tfonnx - DEBUG - Process node: point_net_1/eye/diag/k
OP=Const
Name=point_net_1/eye/diag/k
Outpus:
	point_net_1/eye/diag/k:0=[], 6
2026-02-01 18:36:30,327 - tf2onnx.tfonnx - DEBUG - Process node: point_net_1/concat/axis
OP=Const
Name=point_net_1/concat/axis
Outpus:
	point_net_1/concat/axis:0=[], 6
2026-02-01 18:36:30,327 - tf2onnx.tfonnx - DEBUG - Process node: point_net_1/Tile/multiples
OP=Const
Name=point_net_1/Tile/multiples
Outpus:
	point_net_1/Tile/multiples:0=[3], 6
2026-02-01 18:36:30,328 - tf2onnx.tfonnx - DEBUG - Process node: point_net_1/Max/reduction_indices
OP=Const
Name=point_net_1/Max/reduction_indices
Outpus:
	point_net_1/Max/reduction_indices:0=[], 6
2026-02-01 18:36:30,328 - tf2onnx.tfonnx - DEBUG - Process node: point_net_1/ExpandDims_3/dim
OP=Const
Name=point_net_1/ExpandDims_3/dim
Outpus:
	point_net_1/ExpandDims_3/dim:0=[], 6
2026-02-01 18:36:30,328 - tf2onnx.tfonnx - DEBUG - Process node: point_net_1/ExpandDims_2/dim
OP=Const
Name=point_net_1/ExpandDims_2/dim
Outpus:
	point_net_1/ExpandDims_2/dim:0=[], 6
2026-02-01 18:36:30,328 - tf2onnx.tfonnx - DEBUG - Process node: point_net_1/ExpandDims_1/dim
OP=Const
Name=point_net_1/ExpandDims_1/dim
Outpus:
	point_net_1/ExpandDims_1/dim:0=[], 6
2026-02-01 18:36:30,329 - tf2onnx.tfonnx - DEBUG - Process node: point_net_1/ExpandDims/dim
OP=Const
Name=point_net_1/ExpandDims/dim
Outpus:
	point_net_1/ExpandDims/dim:0=[], 6
2026-02-01 18:36:30,329 - tf2onnx.tfonnx - DEBUG - Process node: args_0
OP=Placeholder
Name=args_0
Outpus:
	args_0=[-1, 8192, 3], 1
2026-02-01 18:36:30,329 - tf2onnx.tfonnx - DEBUG - Process node: point_net_1/input_normalization_1/Mean
OP=Mean
Name=point_net_1/input_normalization_1/Mean
Inputs:
	args_0=Placeholder, [-1, 8192, 3], 1
	point_net_1/input_normalization_1/Mean/reduction_indices:0=Const, [], 6
Outpus:
	point_net_1/input_normalization_1/Mean:0=[-1, 1, 3], 1
2026-02-01 18:36:30,329 - tf2onnx.tfonnx - DEBUG - Process node: point_net_1/input_normalization_1/sub
OP=Sub
Name=point_net_1/input_normalization_1/sub
Inputs:
	args_0=Placeholder, [-1, 8192, 3], 1
	point_net_1/input_normalization_1/Mean:0=ReduceMean, [-1, 1, 3], 1
Outpus:
	point_net_1/input_normalization_1/sub:0=[-1, 8192, 3], 1
2026-02-01 18:36:30,330 - tf2onnx.tfonnx - DEBUG - Process node: point_net_1/input_normalization_1/Square
OP=Square
Name=point_net_1/input_normalization_1/Square
Inputs:
	point_net_1/input_normalization_1/sub:0=Sub, [-1, 8192, 3], 1
Outpus:
	point_net_1/input_normalization_1/Square:0=[-1, 8192, 3], 1
2026-02-01 18:36:30,330 - tf2onnx.tfonnx - DEBUG - Process node: point_net_1/input_normalization_1/Sum
OP=Sum
Name=point_net_1/input_normalization_1/Sum
Inputs:
	point_net_1/input_normalization_1/Square:0=Mul, [-1, 8192, 3], 1
	point_net_1/input_normalization_1/Sum/reduction_indices:0=Const, [], 6
Outpus:
	point_net_1/input_normalization_1/Sum:0=[-1, 8192], 1
2026-02-01 18:36:30,330 - tf2onnx.graph - DEBUG - Making node: Name=point_net_1/input_normalization_1/Sum__859, OP=Cast
2026-02-01 18:36:30,331 - tf2onnx.graph - DEBUG - Infer shape and dtype for [point_net_1/input_normalization_1/Sum__859]
2026-02-01 18:36:30,331 - tf2onnx.graph - DEBUG - Set dtype of [point_net_1/input_normalization_1/Sum__859:0] to 7
2026-02-01 18:36:30,331 - tf2onnx.graph - DEBUG - Set shape of [point_net_1/input_normalization_1/Sum__859:0] to []
2026-02-01 18:36:30,332 - tf2onnx.graph - DEBUG - Made node: point_net_1/input_normalization_1/Sum__859
OP=Cast
Name=point_net_1/input_normalization_1/Sum__859
Inputs:
	point_net_1/input_normalization_1/Sum/reduction_indices:0=Const, [], 6
Outpus:
	point_net_1/input_normalization_1/Sum__859:0=[], 7
2026-02-01 18:36:30,332 - tf2onnx.graph - DEBUG - Making node: Name=reshape_const__860, OP=Const
2026-02-01 18:36:30,332 - tf2onnx.graph - DEBUG - Made node: reshape_const__860
OP=Const
Name=reshape_const__860
Outpus:
	reshape_const__860=None, 7
2026-02-01 18:36:30,332 - tf2onnx.graph - DEBUG - Making node: Name=point_net_1/input_normalization_1/Sum__861, OP=Reshape
2026-02-01 18:36:30,333 - tf2onnx.graph - DEBUG - Infer shape and dtype for [point_net_1/input_normalization_1/Sum__861]
2026-02-01 18:36:30,333 - tf2onnx.graph - DEBUG - Set dtype of [point_net_1/input_normalization_1/Sum__861:0] to 7
2026-02-01 18:36:30,333 - tf2onnx.graph - DEBUG - Set shape of [point_net_1/input_normalization_1/Sum__861:0] to [1]
2026-02-01 18:36:30,333 - tf2onnx.graph - DEBUG - Made node: point_net_1/input_normalization_1/Sum__861
OP=Reshape
Name=point_net_1/input_normalization_1/Sum__861
Inputs:
	point_net_1/input_normalization_1/Sum__859:0=Cast, [], 7
	reshape_const__860=Const, [1], 7
Outpus:
	point_net_1/input_normalization_1/Sum__861:0=[1], 7
2026-02-01 18:36:30,334 - tf2onnx.tfonnx - DEBUG - Process node: point_net_1/input_normalization_1/Sqrt
OP=Sqrt
Name=point_net_1/input_normalization_1/Sqrt
Inputs:
	point_net_1/input_normalization_1/Sum:0=ReduceSum, [-1, 8192], 1
Outpus:
	point_net_1/input_normalization_1/Sqrt:0=[-1, 8192], 1
2026-02-01 18:36:30,334 - tf2onnx.tfonnx - DEBUG - Process node: point_net_1/input_normalization_1/Max
OP=Max
Name=point_net_1/input_normalization_1/Max
Inputs:
	point_net_1/input_normalization_1/Sqrt:0=Sqrt, [-1, 8192], 1
	point_net_1/input_normalization_1/Max/reduction_indices:0=Const, [], 6
Outpus:
	point_net_1/input_normalization_1/Max:0=[-1, 1], 1
2026-02-01 18:36:30,334 - tf2onnx.tfonnx - DEBUG - Process node: point_net_1/input_normalization_1/ExpandDims
OP=ExpandDims
Name=point_net_1/input_normalization_1/ExpandDims
Inputs:
	point_net_1/input_normalization_1/Max:0=ReduceMax, [-1, 1], 1
	point_net_1/input_normalization_1/ExpandDims/dim:0=Const, [], 6
Outpus:
	point_net_1/input_normalization_1/ExpandDims:0=[-1, 1, 1], 1
2026-02-01 18:36:30,335 - tf2onnx.graph - DEBUG - Making node: Name=point_net_1/input_normalization_1/ExpandDims__862, OP=Cast
2026-02-01 18:36:30,335 - tf2onnx.graph - DEBUG - Infer shape and dtype for [point_net_1/input_normalization_1/ExpandDims__862]
2026-02-01 18:36:30,335 - tf2onnx.graph - DEBUG - Set dtype of [point_net_1/input_normalization_1/ExpandDims__862:0] to 7
2026-02-01 18:36:30,335 - tf2onnx.graph - DEBUG - Set shape of [point_net_1/input_normalization_1/ExpandDims__862:0] to []
2026-02-01 18:36:30,336 - tf2onnx.graph - DEBUG - Made node: point_net_1/input_normalization_1/ExpandDims__862
OP=Cast
Name=point_net_1/input_normalization_1/ExpandDims__862
Inputs:
	point_net_1/input_normalization_1/ExpandDims/dim:0=Const, [], 6
Outpus:
	point_net_1/input_normalization_1/ExpandDims__862:0=[], 7
2026-02-01 18:36:30,336 - tf2onnx.graph - DEBUG - Making node: Name=reshape_const__863, OP=Const
2026-02-01 18:36:30,336 - tf2onnx.graph - DEBUG - Made node: reshape_const__863
OP=Const
Name=reshape_const__863
Outpus:
	reshape_const__863=None, 7
2026-02-01 18:36:30,336 - tf2onnx.graph - DEBUG - Making node: Name=Reshape__864, OP=Reshape
2026-02-01 18:36:30,337 - tf2onnx.graph - DEBUG - Infer shape and dtype for [Reshape__864]
2026-02-01 18:36:30,337 - tf2onnx.graph - DEBUG - Set dtype of [Reshape__864:0] to 7
2026-02-01 18:36:30,337 - tf2onnx.graph - DEBUG - Set shape of [Reshape__864:0] to [1]
2026-02-01 18:36:30,338 - tf2onnx.graph - DEBUG - Made node: Reshape__864
OP=Reshape
Name=Reshape__864
Inputs:
	point_net_1/input_normalization_1/ExpandDims__862:0=Cast, [], 7
	reshape_const__863=Const, [1], 7
Outpus:
	Reshape__864:0=[1], 7
2026-02-01 18:36:30,338 - tf2onnx.tfonnx - DEBUG - Process node: point_net_1/input_normalization_1/Maximum
OP=Maximum
Name=point_net_1/input_normalization_1/Maximum
Inputs:
	point_net_1/input_normalization_1/ExpandDims:0=Unsqueeze, [-1, 1, 1], 1
	point_net_1/input_normalization_1/Maximum/y:0=Const, [], 1
Outpus:
	point_net_1/input_normalization_1/Maximum:0=[-1, 1, 1], 1
2026-02-01 18:36:30,338 - tf2onnx.tfonnx - DEBUG - Process node: point_net_1/input_normalization_1/truediv
OP=RealDiv
Name=point_net_1/input_normalization_1/truediv
Inputs:
	point_net_1/input_normalization_1/sub:0=Sub, [-1, 8192, 3], 1
	point_net_1/input_normalization_1/Maximum:0=Max, [-1, 1, 1], 1
Outpus:
	point_net_1/input_normalization_1/truediv:0=[-1, 8192, 3], 1
2026-02-01 18:36:30,338 - tf2onnx.tfonnx - DEBUG - Process node: point_net_1/Shape
OP=Shape
Name=point_net_1/Shape
Inputs:
	point_net_1/input_normalization_1/truediv:0=Div, [-1, 8192, 3], 1
Outpus:
	point_net_1/Shape:0=[3], 6
2026-02-01 18:36:30,338 - tf2onnx.graph - DEBUG - Making node: Name=point_net_1/Shape__865, OP=Cast
2026-02-01 18:36:30,339 - tf2onnx.graph - DEBUG - Infer shape and dtype for [point_net_1/Shape__865]
2026-02-01 18:36:30,339 - tf2onnx.graph - DEBUG - Set dtype of [point_net_1/Shape__865:0] to 6
2026-02-01 18:36:30,339 - tf2onnx.graph - DEBUG - Set shape of [point_net_1/Shape__865:0] to [3]
2026-02-01 18:36:30,339 - tf2onnx.graph - DEBUG - Made node: point_net_1/Shape__865
OP=Cast
Name=point_net_1/Shape__865
Inputs:
	point_net_1/Shape:0=Shape, [3], 6
Outpus:
	point_net_1/Shape__865:0=[3], 6
2026-02-01 18:36:30,340 - tf2onnx.tfonnx - DEBUG - Process node: point_net_1/strided_slice
OP=StridedSlice
Name=point_net_1/strided_slice
Inputs:
	point_net_1/Shape__865:0=Cast, [3], 6
	point_net_1/strided_slice/stack:0=Const, [1], 6
	point_net_1/strided_slice/stack_1:0=Const, [1], 6
	point_net_1/strided_slice/stack_2:0=Const, [1], 6
Outpus:
	point_net_1/strided_slice:0=[], 6
2026-02-01 18:36:30,340 - tf2onnx.graph - DEBUG - Making node: Name=const_starts__866, OP=Const
2026-02-01 18:36:30,340 - tf2onnx.graph - DEBUG - Made node: const_starts__866
OP=Const
Name=const_starts__866
Outpus:
	const_starts__866=None, 7
2026-02-01 18:36:30,341 - tf2onnx.graph - DEBUG - Making node: Name=const_ends__867, OP=Const
2026-02-01 18:36:30,341 - tf2onnx.graph - DEBUG - Made node: const_ends__867
OP=Const
Name=const_ends__867
Outpus:
	const_ends__867=None, 7
2026-02-01 18:36:30,341 - tf2onnx.graph - DEBUG - Making node: Name=const_axes__868, OP=Const
2026-02-01 18:36:30,342 - tf2onnx.graph - DEBUG - Made node: const_axes__868
OP=Const
Name=const_axes__868
Outpus:
	const_axes__868=None, 7
2026-02-01 18:36:30,342 - tf2onnx.graph - DEBUG - Making node: Name=point_net_1/strided_slice, OP=Slice
2026-02-01 18:36:30,343 - tf2onnx.graph - DEBUG - Made node: point_net_1/strided_slice
OP=Slice
Name=point_net_1/strided_slice
Inputs:
	point_net_1/Shape__865:0=Cast, [3], 6
	const_starts__866=Const, [1], 7
	const_ends__867=Const, [1], 7
	const_axes__868=Const, [1], 7
Outpus:
	point_net_1/strided_slice:0=[], 6
2026-02-01 18:36:30,343 - tf2onnx.graph - DEBUG - Making node: Name=const_axes__870, OP=Const
2026-02-01 18:36:30,343 - tf2onnx.graph - DEBUG - Made node: const_axes__870
OP=Const
Name=const_axes__870
Outpus:
	const_axes__870=None, 7
2026-02-01 18:36:30,344 - tf2onnx.graph - DEBUG - Making node: Name=point_net_1/strided_slice__869, OP=Squeeze
2026-02-01 18:36:30,344 - tf2onnx.graph - DEBUG - Made node: point_net_1/strided_slice__869
OP=Squeeze
Name=point_net_1/strided_slice__869
Inputs:
	point_net_1/strided_slice:0=Slice, [], 6
	const_axes__870=Const, [1], 7
Outpus:
	point_net_1/strided_slice__869:0=[], 6
2026-02-01 18:36:30,344 - tf2onnx.graph - DEBUG - Infer shape and dtype for [point_net_1/strided_slice]
2026-02-01 18:36:30,345 - tf2onnx.graph - DEBUG - Set dtype of [point_net_1/strided_slice:0] to 6
2026-02-01 18:36:30,345 - tf2onnx.graph - DEBUG - Set shape of [point_net_1/strided_slice:0] to [1]
2026-02-01 18:36:30,345 - tf2onnx.tfonnx - DEBUG - Process node: point_net_1/eye/ones/packed
OP=Pack
Name=point_net_1/eye/ones/packed
Inputs:
	point_net_1/strided_slice__869:0=Squeeze, [], 6
	point_net_1/eye/ones/packed/1:0=Const, [], 6
Outpus:
	point_net_1/eye/ones/packed:0=[2], 6
2026-02-01 18:36:30,346 - tf2onnx.graph - DEBUG - Making node: Name=const_axes__871, OP=Const
2026-02-01 18:36:30,346 - tf2onnx.graph - DEBUG - Made node: const_axes__871
OP=Const
Name=const_axes__871
Outpus:
	const_axes__871=None, 7
2026-02-01 18:36:30,346 - tf2onnx.graph - DEBUG - Making node: Name=point_net_1/eye/ones/packed_Unsqueeze__872, OP=Unsqueeze
2026-02-01 18:36:30,346 - tf2onnx.graph - DEBUG - Made node: point_net_1/eye/ones/packed_Unsqueeze__872
OP=Unsqueeze
Name=point_net_1/eye/ones/packed_Unsqueeze__872
Inputs:
	point_net_1/strided_slice__869:0=Squeeze, [], 6
	const_axes__871=Const, [1], 7
Outpus:
	point_net_1/eye/ones/packed_Unsqueeze__872:0=[1], 6
2026-02-01 18:36:30,347 - tf2onnx.graph - DEBUG - Making node: Name=const_axes__873, OP=Const
2026-02-01 18:36:30,347 - tf2onnx.graph - DEBUG - Made node: const_axes__873
OP=Const
Name=const_axes__873
Outpus:
	const_axes__873=None, 7
2026-02-01 18:36:30,347 - tf2onnx.graph - DEBUG - Making node: Name=point_net_1/eye/ones/packed_Unsqueeze__874, OP=Unsqueeze
2026-02-01 18:36:30,347 - tf2onnx.graph - DEBUG - Made node: point_net_1/eye/ones/packed_Unsqueeze__874
OP=Unsqueeze
Name=point_net_1/eye/ones/packed_Unsqueeze__874
Inputs:
	point_net_1/eye/ones/packed/1:0=Const, [], 6
	const_axes__873=Const, [1], 7
Outpus:
	point_net_1/eye/ones/packed_Unsqueeze__874:0=[1], 6
2026-02-01 18:36:30,348 - tf2onnx.graph - DEBUG - Making node: Name=point_net_1/eye/ones/packed_Concat__875, OP=Concat
2026-02-01 18:36:30,348 - tf2onnx.graph - DEBUG - Made node: point_net_1/eye/ones/packed_Concat__875
OP=Concat
Name=point_net_1/eye/ones/packed_Concat__875
Inputs:
	point_net_1/eye/ones/packed_Unsqueeze__872:0=Unsqueeze, [1], 6
	point_net_1/eye/ones/packed_Unsqueeze__874:0=Unsqueeze, [1], 6
Outpus:
	point_net_1/eye/ones/packed_Concat__875:0=[2], 6
2026-02-01 18:36:30,348 - tf2onnx.tfonnx - DEBUG - Process node: point_net_1/eye/ones
OP=Fill
Name=point_net_1/eye/ones
Inputs:
	point_net_1/eye/ones/packed_Concat__875:0=Concat, [2], 6
	point_net_1/eye/ones/Const:0=Const, [], 1
Outpus:
	point_net_1/eye/ones:0=[-1, 3], 1
2026-02-01 18:36:30,349 - tf2onnx.graph - DEBUG - Making node: Name=point_net_1/eye/ones__876, OP=Cast
2026-02-01 18:36:30,349 - tf2onnx.graph - DEBUG - Infer shape and dtype for [point_net_1/eye/ones__876]
2026-02-01 18:36:30,349 - tf2onnx.graph - DEBUG - Set dtype of [point_net_1/eye/ones__876:0] to 7
2026-02-01 18:36:30,349 - tf2onnx.graph - DEBUG - Set shape of [point_net_1/eye/ones__876:0] to [2]
2026-02-01 18:36:30,350 - tf2onnx.graph - DEBUG - Made node: point_net_1/eye/ones__876
OP=Cast
Name=point_net_1/eye/ones__876
Inputs:
	point_net_1/eye/ones/packed_Concat__875:0=Concat, [2], 6
Outpus:
	point_net_1/eye/ones__876:0=[2], 7
2026-02-01 18:36:30,350 - tf2onnx.tfonnx - DEBUG - Process node: point_net_1/eye/diag
OP=MatrixDiagV3
Name=point_net_1/eye/diag
Inputs:
	point_net_1/eye/ones:0=Expand, [-1, 3], 1
	point_net_1/eye/diag/k:0=Const, [], 6
	point_net_1/eye/diag/num_rows:0=Const, [], 6
	point_net_1/eye/diag/num_cols:0=Const, [], 6
	point_net_1/eye/diag/padding_value:0=Const, [], 1
Outpus:
	point_net_1/eye/diag:0=[-1, 3, 3], 1
2026-02-01 18:36:30,350 - tf2onnx.graph - DEBUG - Making node: Name=const_axes__877, OP=Const
2026-02-01 18:36:30,351 - tf2onnx.graph - DEBUG - Made node: const_axes__877
OP=Const
Name=const_axes__877
Outpus:
	const_axes__877=None, 7
2026-02-01 18:36:30,351 - tf2onnx.graph - DEBUG - Making node: Name=const_axes__878, OP=Const
2026-02-01 18:36:30,351 - tf2onnx.graph - DEBUG - Made node: const_axes__878
OP=Const
Name=const_axes__878
Outpus:
	const_axes__878=None, 7
2026-02-01 18:36:30,351 - tf2onnx.graph - DEBUG - Making node: Name=const_axes__879, OP=Const
2026-02-01 18:36:30,352 - tf2onnx.graph - DEBUG - Made node: const_axes__879
OP=Const
Name=const_axes__879
Outpus:
	const_axes__879=None, 7
2026-02-01 18:36:30,352 - tf2onnx.graph - DEBUG - Making node: Name=const__880, OP=Const
2026-02-01 18:36:30,352 - tf2onnx.graph - DEBUG - Made node: const__880
OP=Const
Name=const__880
Outpus:
	const__880=None, 7
2026-02-01 18:36:30,353 - tf2onnx.graph - DEBUG - Making node: Name=const__881, OP=Const
2026-02-01 18:36:30,353 - tf2onnx.graph - DEBUG - Made node: const__881
OP=Const
Name=const__881
Outpus:
	const__881=None, 7
2026-02-01 18:36:30,353 - tf2onnx.graph - DEBUG - Making node: Name=const__882, OP=Const
2026-02-01 18:36:30,353 - tf2onnx.graph - DEBUG - Made node: const__882
OP=Const
Name=const__882
Outpus:
	const__882=None, 7
2026-02-01 18:36:30,354 - tf2onnx.graph - DEBUG - Making node: Name=const__883, OP=Const
2026-02-01 18:36:30,354 - tf2onnx.graph - DEBUG - Made node: const__883
OP=Const
Name=const__883
Outpus:
	const__883=None, 7
2026-02-01 18:36:30,354 - tf2onnx.graph - DEBUG - Making node: Name=const__884, OP=Const
2026-02-01 18:36:30,354 - tf2onnx.graph - DEBUG - Made node: const__884
OP=Const
Name=const__884
Outpus:
	const__884=None, 7
2026-02-01 18:36:30,355 - tf2onnx.graph - DEBUG - Making node: Name=Shape__885, OP=Shape
2026-02-01 18:36:30,355 - tf2onnx.graph - DEBUG - Infer shape and dtype for [Shape__885]
2026-02-01 18:36:30,355 - tf2onnx.graph - DEBUG - Set dtype of [Shape__885:0] to 7
2026-02-01 18:36:30,356 - tf2onnx.graph - DEBUG - Set shape of [Shape__885:0] to [2]
2026-02-01 18:36:30,356 - tf2onnx.graph - DEBUG - Made node: Shape__885
OP=Shape
Name=Shape__885
Inputs:
	point_net_1/eye/ones:0=Expand, [-1, 3], 1
Outpus:
	Shape__885:0=[2], 7
2026-02-01 18:36:30,356 - tf2onnx.graph - DEBUG - Making node: Name=Slice__887, OP=Slice
2026-02-01 18:36:30,356 - tf2onnx.graph - DEBUG - Infer shape and dtype for [Slice__887]
2026-02-01 18:36:30,357 - tf2onnx.graph - DEBUG - Set dtype of [Slice__887:0] to 7
2026-02-01 18:36:30,357 - tf2onnx.graph - DEBUG - Set shape of [Slice__887:0] to [1]
2026-02-01 18:36:30,357 - tf2onnx.graph - DEBUG - Made node: Slice__887
OP=Slice
Name=Slice__887
Inputs:
	Shape__885:0=Shape, [2], 7
	const__880=Const, [1], 7
	const__881=Const, [1], 7
Outpus:
	Slice__887:0=[1], 7
2026-02-01 18:36:30,357 - tf2onnx.graph - DEBUG - Making node: Name=Cast__888, OP=Cast
2026-02-01 18:36:30,358 - tf2onnx.graph - DEBUG - Infer shape and dtype for [Cast__888]
2026-02-01 18:36:30,358 - tf2onnx.graph - DEBUG - Set dtype of [Cast__888:0] to 7
2026-02-01 18:36:30,358 - tf2onnx.graph - DEBUG - Set shape of [Cast__888:0] to []
2026-02-01 18:36:30,359 - tf2onnx.graph - DEBUG - Made node: Cast__888
OP=Cast
Name=Cast__888
Inputs:
	point_net_1/eye/diag/k:0=Const, [], 6
Outpus:
	Cast__888:0=[], 7
2026-02-01 18:36:30,359 - tf2onnx.graph - DEBUG - Making node: Name=Reshape__889, OP=Reshape
2026-02-01 18:36:30,359 - tf2onnx.graph - DEBUG - Infer shape and dtype for [Reshape__889]
2026-02-01 18:36:30,360 - tf2onnx.graph - DEBUG - Set dtype of [Reshape__889:0] to 7
2026-02-01 18:36:30,360 - tf2onnx.graph - DEBUG - Set shape of [Reshape__889:0] to [1]
2026-02-01 18:36:30,360 - tf2onnx.graph - DEBUG - Made node: Reshape__889
OP=Reshape
Name=Reshape__889
Inputs:
	Cast__888:0=Cast, [], 7
	const__881=Const, [1], 7
Outpus:
	Reshape__889:0=[1], 7
2026-02-01 18:36:30,360 - tf2onnx.graph - DEBUG - Making node: Name=ReduceMin__890, OP=ReduceMin
2026-02-01 18:36:30,361 - tf2onnx.graph - DEBUG - Infer shape and dtype for [ReduceMin__890]
2026-02-01 18:36:30,361 - tf2onnx.graph - DEBUG - Set dtype of [ReduceMin__890:0] to 7
2026-02-01 18:36:30,361 - tf2onnx.graph - DEBUG - Set shape of [ReduceMin__890:0] to [1]
2026-02-01 18:36:30,362 - tf2onnx.graph - DEBUG - Made node: ReduceMin__890
OP=ReduceMin
Name=ReduceMin__890
Inputs:
	Reshape__889:0=Reshape, [1], 7
Outpus:
	ReduceMin__890:0=[1], 7
2026-02-01 18:36:30,362 - tf2onnx.graph - DEBUG - Making node: Name=ReduceMax__891, OP=ReduceMax
2026-02-01 18:36:30,362 - tf2onnx.graph - DEBUG - Infer shape and dtype for [ReduceMax__891]
2026-02-01 18:36:30,362 - tf2onnx.graph - DEBUG - Set dtype of [ReduceMax__891:0] to 7
2026-02-01 18:36:30,363 - tf2onnx.graph - DEBUG - Set shape of [ReduceMax__891:0] to [1]
2026-02-01 18:36:30,363 - tf2onnx.graph - DEBUG - Made node: ReduceMax__891
OP=ReduceMax
Name=ReduceMax__891
Inputs:
	Reshape__889:0=Reshape, [1], 7
Outpus:
	ReduceMax__891:0=[1], 7
2026-02-01 18:36:30,363 - tf2onnx.graph - DEBUG - Making node: Name=Add__892, OP=Add
2026-02-01 18:36:30,363 - tf2onnx.graph - DEBUG - Infer shape and dtype for [Add__892]
2026-02-01 18:36:30,364 - tf2onnx.graph - DEBUG - Set dtype of [Add__892:0] to 7
2026-02-01 18:36:30,364 - tf2onnx.graph - DEBUG - Set shape of [Add__892:0] to [1]
2026-02-01 18:36:30,364 - tf2onnx.graph - DEBUG - Made node: Add__892
OP=Add
Name=Add__892
Inputs:
	ReduceMax__891:0=ReduceMax, [1], 7
	const__883=Const, [1], 7
Outpus:
	Add__892:0=[1], 7
2026-02-01 18:36:30,365 - tf2onnx.graph - DEBUG - Making node: Name=Sub__893, OP=Sub
2026-02-01 18:36:30,365 - tf2onnx.graph - DEBUG - Infer shape and dtype for [Sub__893]
2026-02-01 18:36:30,365 - tf2onnx.graph - DEBUG - Set dtype of [Sub__893:0] to 7
2026-02-01 18:36:30,365 - tf2onnx.graph - DEBUG - Set shape of [Sub__893:0] to [1]
2026-02-01 18:36:30,366 - tf2onnx.graph - DEBUG - Made node: Sub__893
OP=Sub
Name=Sub__893
Inputs:
	Add__892:0=Add, [1], 7
	ReduceMin__890:0=ReduceMin, [1], 7
Outpus:
	Sub__893:0=[1], 7
2026-02-01 18:36:30,366 - tf2onnx.graph - DEBUG - Making node: Name=Equal__894, OP=Equal
2026-02-01 18:36:30,366 - tf2onnx.graph - DEBUG - Infer shape and dtype for [Equal__894]
2026-02-01 18:36:30,366 - tf2onnx.graph - DEBUG - Set dtype of [Equal__894:0] to 9
2026-02-01 18:36:30,367 - tf2onnx.graph - DEBUG - Set shape of [Equal__894:0] to [1]
2026-02-01 18:36:30,367 - tf2onnx.graph - DEBUG - Made node: Equal__894
OP=Equal
Name=Equal__894
Inputs:
	Sub__893:0=Sub, [1], 7
	Slice__887:0=Slice, [1], 7
Outpus:
	Equal__894:0=[1], 9
2026-02-01 18:36:30,367 - tf2onnx.graph - DEBUG - Making node: Name=Identity__896, OP=Identity
2026-02-01 18:36:30,367 - tf2onnx.graph - DEBUG - Infer shape and dtype for [Identity__896]
2026-02-01 18:36:30,367 - tf2onnx.graph - DEBUG - Set dtype of [Identity__896:0] to 1
2026-02-01 18:36:30,368 - tf2onnx.graph - DEBUG - Set shape of [Identity__896:0] to [-1, 3]
2026-02-01 18:36:30,368 - tf2onnx.graph - DEBUG - Made node: Identity__896
OP=Identity
Name=Identity__896
Inputs:
	point_net_1/eye/ones:0=Expand, [-1, 3], 1
Outpus:
	Identity__896:0=[-1, 3], 1
2026-02-01 18:36:30,368 - tf2onnx.graph - DEBUG - Making node: Name=Unsqueeze__899, OP=Unsqueeze
2026-02-01 18:36:30,368 - tf2onnx.graph - DEBUG - Infer shape and dtype for [Unsqueeze__899]
2026-02-01 18:36:30,369 - tf2onnx.graph - DEBUG - Set dtype of [Unsqueeze__899:0] to 1
2026-02-01 18:36:30,369 - tf2onnx.graph - DEBUG - Set shape of [Unsqueeze__899:0] to [-1, 1, 3]
2026-02-01 18:36:30,369 - tf2onnx.graph - DEBUG - Made node: Unsqueeze__899
OP=Unsqueeze
Name=Unsqueeze__899
Inputs:
	point_net_1/eye/ones:0=Expand, [-1, 3], 1
	const_axes__879=Const, [1], 7
Outpus:
	Unsqueeze__899:0=[-1, 1, 3], 1
2026-02-01 18:36:30,369 - tf2onnx.graph - DEBUG - Making node: Name=If__901, OP=If
2026-02-01 18:36:30,370 - tf2onnx.graph - DEBUG - Infer shape and dtype for [If__901]
2026-02-01 18:36:30,378 - tf2onnx.graph - DEBUG - Set dtype of [If__901:0] to 1
2026-02-01 18:36:30,379 - tf2onnx.graph - DEBUG - Inferred shape for [If__901, type: If] is None, SKIP
2026-02-01 18:36:30,379 - tf2onnx.graph - DEBUG - Made node: If__901
OP=If
Name=If__901
Inputs:
	Equal__894:0=Equal, [1], 9
Outpus:
	If__901:0=None, 1
2026-02-01 18:36:30,379 - tf2onnx.graph - DEBUG - Making node: Name=Cast__906, OP=Cast
2026-02-01 18:36:30,379 - tf2onnx.graph - DEBUG - Infer shape and dtype for [Cast__906]
2026-02-01 18:36:30,380 - tf2onnx.graph - DEBUG - Set dtype of [Cast__906:0] to 7
2026-02-01 18:36:30,380 - tf2onnx.graph - DEBUG - Set shape of [Cast__906:0] to []
2026-02-01 18:36:30,380 - tf2onnx.graph - DEBUG - Made node: Cast__906
OP=Cast
Name=Cast__906
Inputs:
	point_net_1/eye/diag/num_rows:0=Const, [], 6
Outpus:
	Cast__906:0=[], 7
2026-02-01 18:36:30,380 - tf2onnx.graph - DEBUG - Making node: Name=Reshape__907, OP=Reshape
2026-02-01 18:36:30,381 - tf2onnx.graph - DEBUG - Infer shape and dtype for [Reshape__907]
2026-02-01 18:36:30,381 - tf2onnx.graph - DEBUG - Set dtype of [Reshape__907:0] to 7
2026-02-01 18:36:30,381 - tf2onnx.graph - DEBUG - Set shape of [Reshape__907:0] to [1]
2026-02-01 18:36:30,382 - tf2onnx.graph - DEBUG - Made node: Reshape__907
OP=Reshape
Name=Reshape__907
Inputs:
	Cast__906:0=Cast, [], 7
	const__881=Const, [1], 7
Outpus:
	Reshape__907:0=[1], 7
2026-02-01 18:36:30,382 - tf2onnx.graph - DEBUG - Making node: Name=Cast__908, OP=Cast
2026-02-01 18:36:30,382 - tf2onnx.graph - DEBUG - Infer shape and dtype for [Cast__908]
2026-02-01 18:36:30,392 - tf2onnx.graph - DEBUG - Set dtype of [Cast__908:0] to 7
2026-02-01 18:36:30,393 - tf2onnx.graph - DEBUG - Set shape of [Cast__908:0] to []
2026-02-01 18:36:30,393 - tf2onnx.graph - DEBUG - Made node: Cast__908
OP=Cast
Name=Cast__908
Inputs:
	point_net_1/eye/diag/num_cols:0=Const, [], 6
Outpus:
	Cast__908:0=[], 7
2026-02-01 18:36:30,393 - tf2onnx.graph - DEBUG - Making node: Name=Reshape__909, OP=Reshape
2026-02-01 18:36:30,394 - tf2onnx.graph - DEBUG - Infer shape and dtype for [Reshape__909]
2026-02-01 18:36:30,394 - tf2onnx.graph - DEBUG - Set dtype of [Reshape__909:0] to 7
2026-02-01 18:36:30,395 - tf2onnx.graph - DEBUG - Set shape of [Reshape__909:0] to [1]
2026-02-01 18:36:30,395 - tf2onnx.graph - DEBUG - Made node: Reshape__909
OP=Reshape
Name=Reshape__909
Inputs:
	Cast__908:0=Cast, [], 7
	const__881=Const, [1], 7
Outpus:
	Reshape__909:0=[1], 7
2026-02-01 18:36:30,395 - tf2onnx.graph - DEBUG - Making node: Name=Shape__910, OP=Shape
2026-02-01 18:36:30,396 - tf2onnx.graph - DEBUG - Infer shape and dtype for [Shape__910]
2026-02-01 18:36:30,396 - tf2onnx.graph - DEBUG - Set dtype of [Shape__910:0] to 7
2026-02-01 18:36:30,396 - tf2onnx.graph - DEBUG - Set shape of [Shape__910:0] to [-1]
2026-02-01 18:36:30,397 - tf2onnx.graph - DEBUG - Made node: Shape__910
OP=Shape
Name=Shape__910
Inputs:
	If__901:0=If, None, 1
Outpus:
	Shape__910:0=[-1], 7
2026-02-01 18:36:30,397 - tf2onnx.graph - DEBUG - Making node: Name=Shape__911, OP=Shape
2026-02-01 18:36:30,397 - tf2onnx.graph - DEBUG - Infer shape and dtype for [Shape__911]
2026-02-01 18:36:30,397 - tf2onnx.graph - DEBUG - Set dtype of [Shape__911:0] to 7
2026-02-01 18:36:30,398 - tf2onnx.graph - DEBUG - Set shape of [Shape__911:0] to [1]
2026-02-01 18:36:30,398 - tf2onnx.graph - DEBUG - Made node: Shape__911
OP=Shape
Name=Shape__911
Inputs:
	Shape__910:0=Shape, [-1], 7
Outpus:
	Shape__911:0=[1], 7
2026-02-01 18:36:30,398 - tf2onnx.graph - DEBUG - Making node: Name=Slice__913, OP=Slice
2026-02-01 18:36:30,399 - tf2onnx.graph - DEBUG - Infer shape and dtype for [Slice__913]
2026-02-01 18:36:30,399 - tf2onnx.graph - DEBUG - Set dtype of [Slice__913:0] to 7
2026-02-01 18:36:30,399 - tf2onnx.graph - DEBUG - Set shape of [Slice__913:0] to [-1]
2026-02-01 18:36:30,400 - tf2onnx.graph - DEBUG - Made node: Slice__913
OP=Slice
Name=Slice__913
Inputs:
	Shape__910:0=Shape, [-1], 7
	const__882=Const, [1], 7
	const__880=Const, [1], 7
Outpus:
	Slice__913:0=[-1], 7
2026-02-01 18:36:30,400 - tf2onnx.graph - DEBUG - Making node: Name=Slice__915, OP=Slice
2026-02-01 18:36:30,400 - tf2onnx.graph - DEBUG - Infer shape and dtype for [Slice__915]
2026-02-01 18:36:30,400 - tf2onnx.graph - DEBUG - Set dtype of [Slice__915:0] to 7
2026-02-01 18:36:30,401 - tf2onnx.graph - DEBUG - Set shape of [Slice__915:0] to [-1]
2026-02-01 18:36:30,401 - tf2onnx.graph - DEBUG - Made node: Slice__915
OP=Slice
Name=Slice__915
Inputs:
	Shape__910:0=Shape, [-1], 7
	const__880=Const, [1], 7
	Shape__911:0=Shape, [1], 7
Outpus:
	Slice__915:0=[-1], 7
2026-02-01 18:36:30,401 - tf2onnx.graph - DEBUG - Making node: Name=Slice__917, OP=Slice
2026-02-01 18:36:30,401 - tf2onnx.graph - DEBUG - Infer shape and dtype for [Slice__917]
2026-02-01 18:36:30,402 - tf2onnx.graph - DEBUG - Set dtype of [Slice__917:0] to 7
2026-02-01 18:36:30,402 - tf2onnx.graph - DEBUG - Set shape of [Slice__917:0] to [-1]
2026-02-01 18:36:30,402 - tf2onnx.graph - DEBUG - Made node: Slice__917
OP=Slice
Name=Slice__917
Inputs:
	Shape__910:0=Shape, [-1], 7
	const__881=Const, [1], 7
	Shape__911:0=Shape, [1], 7
Outpus:
	Slice__917:0=[-1], 7
2026-02-01 18:36:30,402 - tf2onnx.graph - DEBUG - Making node: Name=Slice__919, OP=Slice
2026-02-01 18:36:30,402 - tf2onnx.graph - DEBUG - Infer shape and dtype for [Slice__919]
2026-02-01 18:36:30,403 - tf2onnx.graph - DEBUG - Set dtype of [Slice__919:0] to 7
2026-02-01 18:36:30,403 - tf2onnx.graph - DEBUG - Set shape of [Slice__919:0] to [-1]
2026-02-01 18:36:30,404 - tf2onnx.graph - DEBUG - Made node: Slice__919
OP=Slice
Name=Slice__919
Inputs:
	Shape__910:0=Shape, [-1], 7
	const__880=Const, [1], 7
	const__881=Const, [1], 7
Outpus:
	Slice__919:0=[-1], 7
2026-02-01 18:36:30,404 - tf2onnx.graph - DEBUG - Making node: Name=Squeeze__921, OP=Squeeze
2026-02-01 18:36:30,404 - tf2onnx.graph - DEBUG - Infer shape and dtype for [Squeeze__921]
2026-02-01 18:36:30,405 - tf2onnx.graph - DEBUG - Set dtype of [Squeeze__921:0] to 7
2026-02-01 18:36:30,405 - tf2onnx.graph - DEBUG - Set shape of [Squeeze__921:0] to []
2026-02-01 18:36:30,405 - tf2onnx.graph - DEBUG - Made node: Squeeze__921
OP=Squeeze
Name=Squeeze__921
Inputs:
	ReduceMin__890:0=ReduceMin, [1], 7
	const_axes__878=Const, [1], 7
Outpus:
	Squeeze__921:0=[], 7
2026-02-01 18:36:30,405 - tf2onnx.graph - DEBUG - Making node: Name=Squeeze__922, OP=Squeeze
2026-02-01 18:36:30,405 - tf2onnx.graph - DEBUG - Infer shape and dtype for [Squeeze__922]
2026-02-01 18:36:30,406 - tf2onnx.graph - DEBUG - Set dtype of [Squeeze__922:0] to 7
2026-02-01 18:36:30,406 - tf2onnx.graph - DEBUG - Set shape of [Squeeze__922:0] to []
2026-02-01 18:36:30,407 - tf2onnx.graph - DEBUG - Made node: Squeeze__922
OP=Squeeze
Name=Squeeze__922
Inputs:
	Add__892:0=Add, [1], 7
	const_axes__878=Const, [1], 7
Outpus:
	Squeeze__922:0=[], 7
2026-02-01 18:36:30,407 - tf2onnx.graph - DEBUG - Making node: Name=Squeeze__923, OP=Squeeze
2026-02-01 18:36:30,407 - tf2onnx.graph - DEBUG - Infer shape and dtype for [Squeeze__923]
2026-02-01 18:36:30,407 - tf2onnx.graph - DEBUG - Set dtype of [Squeeze__923:0] to 7
2026-02-01 18:36:30,408 - tf2onnx.graph - DEBUG - Set shape of [Squeeze__923:0] to []
2026-02-01 18:36:30,408 - tf2onnx.graph - DEBUG - Made node: Squeeze__923
OP=Squeeze
Name=Squeeze__923
Inputs:
	const__883=Const, [1], 7
	const_axes__878=Const, [1], 7
Outpus:
	Squeeze__923:0=[], 7
2026-02-01 18:36:30,409 - tf2onnx.graph - DEBUG - Making node: Name=Range__924, OP=Range
2026-02-01 18:36:30,409 - tf2onnx.graph - DEBUG - Infer shape and dtype for [Range__924]
2026-02-01 18:36:30,410 - tf2onnx.graph - DEBUG - Set dtype of [Range__924:0] to 7
2026-02-01 18:36:30,410 - tf2onnx.graph - DEBUG - Set shape of [Range__924:0] to [-1]
2026-02-01 18:36:30,410 - tf2onnx.graph - DEBUG - Made node: Range__924
OP=Range
Name=Range__924
Inputs:
	Squeeze__921:0=Squeeze, [], 7
	Squeeze__922:0=Squeeze, [], 7
	Squeeze__923:0=Squeeze, [], 7
Outpus:
	Range__924:0=[-1], 7
2026-02-01 18:36:30,411 - tf2onnx.graph - DEBUG - Making node: Name=Abs__925, OP=Abs
2026-02-01 18:36:30,411 - tf2onnx.graph - DEBUG - Infer shape and dtype for [Abs__925]
2026-02-01 18:36:30,412 - tf2onnx.graph - DEBUG - Set dtype of [Abs__925:0] to 7
2026-02-01 18:36:30,412 - tf2onnx.graph - DEBUG - Set shape of [Abs__925:0] to [-1]
2026-02-01 18:36:30,412 - tf2onnx.graph - DEBUG - Made node: Abs__925
OP=Abs
Name=Abs__925
Inputs:
	Range__924:0=Range, [-1], 7
Outpus:
	Abs__925:0=[-1], 7
2026-02-01 18:36:30,413 - tf2onnx.graph - DEBUG - Making node: Name=ReduceMin__927, OP=ReduceMin
2026-02-01 18:36:30,413 - tf2onnx.graph - DEBUG - Infer shape and dtype for [ReduceMin__927]
2026-02-01 18:36:30,413 - tf2onnx.graph - DEBUG - Set dtype of [ReduceMin__927:0] to 7
2026-02-01 18:36:30,414 - tf2onnx.graph - DEBUG - Set shape of [ReduceMin__927:0] to [1]
2026-02-01 18:36:30,414 - tf2onnx.graph - DEBUG - Made node: ReduceMin__927
OP=ReduceMin
Name=ReduceMin__927
Inputs:
	Abs__925:0=Abs, [-1], 7
Outpus:
	ReduceMin__927:0=[1], 7
2026-02-01 18:36:30,414 - tf2onnx.graph - DEBUG - Making node: Name=Add__929, OP=Add
2026-02-01 18:36:30,415 - tf2onnx.graph - DEBUG - Infer shape and dtype for [Add__929]
2026-02-01 18:36:30,415 - tf2onnx.graph - DEBUG - Set dtype of [Add__929:0] to 7
2026-02-01 18:36:30,415 - tf2onnx.graph - DEBUG - Set shape of [Add__929:0] to [-1]
2026-02-01 18:36:30,415 - tf2onnx.graph - DEBUG - Made node: Add__929
OP=Add
Name=Add__929
Inputs:
	ReduceMin__927:0=ReduceMin, [1], 7
	Slice__917:0=Slice, [-1], 7
Outpus:
	Add__929:0=[-1], 7
2026-02-01 18:36:30,416 - tf2onnx.graph - DEBUG - Making node: Name=Greater__931, OP=Greater
2026-02-01 18:36:30,416 - tf2onnx.graph - DEBUG - Infer shape and dtype for [Greater__931]
2026-02-01 18:36:30,417 - tf2onnx.graph - DEBUG - Set dtype of [Greater__931:0] to 9
2026-02-01 18:36:30,417 - tf2onnx.graph - DEBUG - Set shape of [Greater__931:0] to [1]
2026-02-01 18:36:30,417 - tf2onnx.graph - DEBUG - Made node: Greater__931
OP=Greater
Name=Greater__931
Inputs:
	Reshape__907:0=Reshape, [1], 7
	const__882=Const, [1], 7
Outpus:
	Greater__931:0=[1], 9
2026-02-01 18:36:30,417 - tf2onnx.graph - DEBUG - Making node: Name=Greater__932, OP=Greater
2026-02-01 18:36:30,417 - tf2onnx.graph - DEBUG - Infer shape and dtype for [Greater__932]
2026-02-01 18:36:30,418 - tf2onnx.graph - DEBUG - Set dtype of [Greater__932:0] to 9
2026-02-01 18:36:30,418 - tf2onnx.graph - DEBUG - Set shape of [Greater__932:0] to [1]
2026-02-01 18:36:30,418 - tf2onnx.graph - DEBUG - Made node: Greater__932
OP=Greater
Name=Greater__932
Inputs:
	Reshape__909:0=Reshape, [1], 7
	const__882=Const, [1], 7
Outpus:
	Greater__932:0=[1], 9
2026-02-01 18:36:30,419 - tf2onnx.graph - DEBUG - Making node: Name=Identity__935, OP=Identity
2026-02-01 18:36:30,419 - tf2onnx.graph - DEBUG - Infer shape and dtype for [Identity__935]
2026-02-01 18:36:30,419 - tf2onnx.graph - DEBUG - Set dtype of [Identity__935:0] to 7
2026-02-01 18:36:30,419 - tf2onnx.graph - DEBUG - Set shape of [Identity__935:0] to [1]
2026-02-01 18:36:30,419 - tf2onnx.graph - DEBUG - Made node: Identity__935
OP=Identity
Name=Identity__935
Inputs:
	Reshape__907:0=Reshape, [1], 7
Outpus:
	Identity__935:0=[1], 7
2026-02-01 18:36:30,420 - tf2onnx.graph - DEBUG - Making node: Name=Identity__936, OP=Identity
2026-02-01 18:36:30,420 - tf2onnx.graph - DEBUG - Infer shape and dtype for [Identity__936]
2026-02-01 18:36:30,420 - tf2onnx.graph - DEBUG - Set dtype of [Identity__936:0] to 7
2026-02-01 18:36:30,420 - tf2onnx.graph - DEBUG - Set shape of [Identity__936:0] to [1]
2026-02-01 18:36:30,421 - tf2onnx.graph - DEBUG - Made node: Identity__936
OP=Identity
Name=Identity__936
Inputs:
	Reshape__909:0=Reshape, [1], 7
Outpus:
	Identity__936:0=[1], 7
2026-02-01 18:36:30,421 - tf2onnx.graph - DEBUG - Making node: Name=Concat__937, OP=Concat
2026-02-01 18:36:30,421 - tf2onnx.graph - DEBUG - Infer shape and dtype for [Concat__937]
2026-02-01 18:36:30,421 - tf2onnx.graph - DEBUG - Set dtype of [Concat__937:0] to 7
2026-02-01 18:36:30,422 - tf2onnx.graph - DEBUG - Set shape of [Concat__937:0] to [2]
2026-02-01 18:36:30,422 - tf2onnx.graph - DEBUG - Made node: Concat__937
OP=Concat
Name=Concat__937
Inputs:
	Identity__935:0=Identity, [1], 7
	Identity__936:0=Identity, [1], 7
Outpus:
	Concat__937:0=[2], 7
2026-02-01 18:36:30,422 - tf2onnx.graph - DEBUG - Making node: Name=Identity__939, OP=Identity
2026-02-01 18:36:30,422 - tf2onnx.graph - DEBUG - Infer shape and dtype for [Identity__939]
2026-02-01 18:36:30,423 - tf2onnx.graph - DEBUG - Set dtype of [Identity__939:0] to 7
2026-02-01 18:36:30,423 - tf2onnx.graph - DEBUG - Set shape of [Identity__939:0] to [1]
2026-02-01 18:36:30,423 - tf2onnx.graph - DEBUG - Made node: Identity__939
OP=Identity
Name=Identity__939
Inputs:
	Reshape__907:0=Reshape, [1], 7
Outpus:
	Identity__939:0=[1], 7
2026-02-01 18:36:30,423 - tf2onnx.graph - DEBUG - Making node: Name=Identity__940, OP=Identity
2026-02-01 18:36:30,423 - tf2onnx.graph - DEBUG - Infer shape and dtype for [Identity__940]
2026-02-01 18:36:30,424 - tf2onnx.graph - DEBUG - Set dtype of [Identity__940:0] to 7
2026-02-01 18:36:30,424 - tf2onnx.graph - DEBUG - Set shape of [Identity__940:0] to [-1]
2026-02-01 18:36:30,424 - tf2onnx.graph - DEBUG - Made node: Identity__940
OP=Identity
Name=Identity__940
Inputs:
	Slice__917:0=Slice, [-1], 7
Outpus:
	Identity__940:0=[-1], 7
2026-02-01 18:36:30,425 - tf2onnx.graph - DEBUG - Making node: Name=Concat__942, OP=Concat
2026-02-01 18:36:30,425 - tf2onnx.graph - DEBUG - Infer shape and dtype for [Concat__942]
2026-02-01 18:36:30,425 - tf2onnx.graph - DEBUG - Set dtype of [Concat__942:0] to 7
2026-02-01 18:36:30,425 - tf2onnx.graph - DEBUG - Set shape of [Concat__942:0] to [-1]
2026-02-01 18:36:30,426 - tf2onnx.graph - DEBUG - Made node: Concat__942
OP=Concat
Name=Concat__942
Inputs:
	Identity__939:0=Identity, [1], 7
	Identity__940:0=Identity, [-1], 7
Outpus:
	Concat__942:0=[-1], 7
2026-02-01 18:36:30,426 - tf2onnx.graph - DEBUG - Making node: Name=If__944, OP=If
2026-02-01 18:36:30,426 - tf2onnx.graph - DEBUG - Infer shape and dtype for [If__944]
2026-02-01 18:36:30,443 - tf2onnx.graph - DEBUG - Set dtype of [If__944:0] to 7
2026-02-01 18:36:30,443 - tf2onnx.graph - DEBUG - Set shape of [If__944:0] to [-1]
2026-02-01 18:36:30,444 - tf2onnx.graph - DEBUG - Made node: If__944
OP=If
Name=If__944
Inputs:
	Greater__932:0=Greater, [1], 9
Outpus:
	If__944:0=[-1], 7
2026-02-01 18:36:30,444 - tf2onnx.graph - DEBUG - Making node: Name=Identity__949, OP=Identity
2026-02-01 18:36:30,445 - tf2onnx.graph - DEBUG - Infer shape and dtype for [Identity__949]
2026-02-01 18:36:30,445 - tf2onnx.graph - DEBUG - Set dtype of [Identity__949:0] to 7
2026-02-01 18:36:30,446 - tf2onnx.graph - DEBUG - Set shape of [Identity__949:0] to [-1]
2026-02-01 18:36:30,446 - tf2onnx.graph - DEBUG - Made node: Identity__949
OP=Identity
Name=Identity__949
Inputs:
	Slice__917:0=Slice, [-1], 7
Outpus:
	Identity__949:0=[-1], 7
2026-02-01 18:36:30,446 - tf2onnx.graph - DEBUG - Making node: Name=Identity__951, OP=Identity
2026-02-01 18:36:30,447 - tf2onnx.graph - DEBUG - Infer shape and dtype for [Identity__951]
2026-02-01 18:36:30,447 - tf2onnx.graph - DEBUG - Set dtype of [Identity__951:0] to 7
2026-02-01 18:36:30,447 - tf2onnx.graph - DEBUG - Set shape of [Identity__951:0] to [1]
2026-02-01 18:36:30,448 - tf2onnx.graph - DEBUG - Made node: Identity__951
OP=Identity
Name=Identity__951
Inputs:
	Reshape__909:0=Reshape, [1], 7
Outpus:
	Identity__951:0=[1], 7
2026-02-01 18:36:30,448 - tf2onnx.graph - DEBUG - Making node: Name=Concat__952, OP=Concat
2026-02-01 18:36:30,448 - tf2onnx.graph - DEBUG - Infer shape and dtype for [Concat__952]
2026-02-01 18:36:30,449 - tf2onnx.graph - DEBUG - Set dtype of [Concat__952:0] to 7
2026-02-01 18:36:30,449 - tf2onnx.graph - DEBUG - Set shape of [Concat__952:0] to [-1]
2026-02-01 18:36:30,450 - tf2onnx.graph - DEBUG - Made node: Concat__952
OP=Concat
Name=Concat__952
Inputs:
	Identity__949:0=Identity, [-1], 7
	Identity__951:0=Identity, [1], 7
Outpus:
	Concat__952:0=[-1], 7
2026-02-01 18:36:30,450 - tf2onnx.graph - DEBUG - Making node: Name=Identity__955, OP=Identity
2026-02-01 18:36:30,450 - tf2onnx.graph - DEBUG - Infer shape and dtype for [Identity__955]
2026-02-01 18:36:30,451 - tf2onnx.graph - DEBUG - Set dtype of [Identity__955:0] to 7
2026-02-01 18:36:30,451 - tf2onnx.graph - DEBUG - Set shape of [Identity__955:0] to [-1]
2026-02-01 18:36:30,451 - tf2onnx.graph - DEBUG - Made node: Identity__955
OP=Identity
Name=Identity__955
Inputs:
	Add__929:0=Add, [-1], 7
Outpus:
	Identity__955:0=[-1], 7
2026-02-01 18:36:30,451 - tf2onnx.graph - DEBUG - Making node: Name=Concat__957, OP=Concat
2026-02-01 18:36:30,452 - tf2onnx.graph - DEBUG - Infer shape and dtype for [Concat__957]
2026-02-01 18:36:30,452 - tf2onnx.graph - DEBUG - Set dtype of [Concat__957:0] to 7
2026-02-01 18:36:30,452 - tf2onnx.graph - DEBUG - Set shape of [Concat__957:0] to [-1]
2026-02-01 18:36:30,453 - tf2onnx.graph - DEBUG - Made node: Concat__957
OP=Concat
Name=Concat__957
Inputs:
	Identity__955:0=Identity, [-1], 7
	Identity__955:0=Identity, [-1], 7
Outpus:
	Concat__957:0=[-1], 7
2026-02-01 18:36:30,453 - tf2onnx.graph - DEBUG - Making node: Name=If__960, OP=If
2026-02-01 18:36:30,453 - tf2onnx.graph - DEBUG - Infer shape and dtype for [If__960]
2026-02-01 18:36:30,471 - tf2onnx.graph - DEBUG - Set dtype of [If__960:0] to 7
2026-02-01 18:36:30,471 - tf2onnx.graph - DEBUG - Set shape of [If__960:0] to [-1]
2026-02-01 18:36:30,471 - tf2onnx.graph - DEBUG - Made node: If__960
OP=If
Name=If__960
Inputs:
	Greater__932:0=Greater, [1], 9
Outpus:
	If__960:0=[-1], 7
2026-02-01 18:36:30,472 - tf2onnx.graph - DEBUG - Making node: Name=If__963, OP=If
2026-02-01 18:36:30,472 - tf2onnx.graph - DEBUG - Infer shape and dtype for [If__963]
2026-02-01 18:36:30,486 - tf2onnx.graph - DEBUG - Set dtype of [If__963:0] to 7
2026-02-01 18:36:30,487 - tf2onnx.graph - DEBUG - Set shape of [If__963:0] to [-1]
2026-02-01 18:36:30,487 - tf2onnx.graph - DEBUG - Made node: If__963
OP=If
Name=If__963
Inputs:
	Greater__931:0=Greater, [1], 9
Outpus:
	If__963:0=[-1], 7
2026-02-01 18:36:30,487 - tf2onnx.graph - DEBUG - Making node: Name=Slice__970, OP=Slice
2026-02-01 18:36:30,488 - tf2onnx.graph - DEBUG - Infer shape and dtype for [Slice__970]
2026-02-01 18:36:30,488 - tf2onnx.graph - DEBUG - Set dtype of [Slice__970:0] to 7
2026-02-01 18:36:30,489 - tf2onnx.graph - DEBUG - Set shape of [Slice__970:0] to [-1]
2026-02-01 18:36:30,489 - tf2onnx.graph - DEBUG - Made node: Slice__970
OP=Slice
Name=Slice__970
Inputs:
	If__963:0=If, [-1], 7
	const__882=Const, [1], 7
	const__883=Const, [1], 7
Outpus:
	Slice__970:0=[-1], 7
2026-02-01 18:36:30,490 - tf2onnx.graph - DEBUG - Making node: Name=Slice__972, OP=Slice
2026-02-01 18:36:30,490 - tf2onnx.graph - DEBUG - Infer shape and dtype for [Slice__972]
2026-02-01 18:36:30,491 - tf2onnx.graph - DEBUG - Set dtype of [Slice__972:0] to 7
2026-02-01 18:36:30,491 - tf2onnx.graph - DEBUG - Set shape of [Slice__972:0] to [-1]
2026-02-01 18:36:30,492 - tf2onnx.graph - DEBUG - Made node: Slice__972
OP=Slice
Name=Slice__972
Inputs:
	If__963:0=If, [-1], 7
	const__883=Const, [1], 7
	const__884=Const, [1], 7
Outpus:
	Slice__972:0=[-1], 7
2026-02-01 18:36:30,492 - tf2onnx.graph - DEBUG - Making node: Name=Sub__974, OP=Sub
2026-02-01 18:36:30,493 - tf2onnx.graph - DEBUG - Infer shape and dtype for [Sub__974]
2026-02-01 18:36:30,494 - tf2onnx.graph - DEBUG - Set dtype of [Sub__974:0] to 7
2026-02-01 18:36:30,494 - tf2onnx.graph - DEBUG - Set shape of [Sub__974:0] to [-1]
2026-02-01 18:36:30,494 - tf2onnx.graph - DEBUG - Made node: Sub__974
OP=Sub
Name=Sub__974
Inputs:
	const__883=Const, [1], 7
	Slice__970:0=Slice, [-1], 7
Outpus:
	Sub__974:0=[-1], 7
2026-02-01 18:36:30,494 - tf2onnx.graph - DEBUG - Making node: Name=Min__976, OP=Min
2026-02-01 18:36:30,495 - tf2onnx.graph - DEBUG - Infer shape and dtype for [Min__976]
2026-02-01 18:36:30,495 - tf2onnx.graph - DEBUG - Set dtype of [Min__976:0] to 7
2026-02-01 18:36:30,495 - tf2onnx.graph - DEBUG - Set shape of [Min__976:0] to [-1]
2026-02-01 18:36:30,496 - tf2onnx.graph - DEBUG - Made node: Min__976
OP=Min
Name=Min__976
Inputs:
	Slice__970:0=Slice, [-1], 7
	Slice__972:0=Slice, [-1], 7
Outpus:
	Min__976:0=[-1], 7
2026-02-01 18:36:30,496 - tf2onnx.graph - DEBUG - Making node: Name=Sub__979, OP=Sub
2026-02-01 18:36:30,496 - tf2onnx.graph - DEBUG - Infer shape and dtype for [Sub__979]
2026-02-01 18:36:30,497 - tf2onnx.graph - DEBUG - Set dtype of [Sub__979:0] to 7
2026-02-01 18:36:30,497 - tf2onnx.graph - DEBUG - Set shape of [Sub__979:0] to [-1]
2026-02-01 18:36:30,497 - tf2onnx.graph - DEBUG - Made node: Sub__979
OP=Sub
Name=Sub__979
Inputs:
	Slice__970:0=Slice, [-1], 7
	Slice__972:0=Slice, [-1], 7
Outpus:
	Sub__979:0=[-1], 7
2026-02-01 18:36:30,498 - tf2onnx.graph - DEBUG - Making node: Name=Abs__982, OP=Abs
2026-02-01 18:36:30,498 - tf2onnx.graph - DEBUG - Infer shape and dtype for [Abs__982]
2026-02-01 18:36:30,498 - tf2onnx.graph - DEBUG - Set dtype of [Abs__982:0] to 7
2026-02-01 18:36:30,499 - tf2onnx.graph - DEBUG - Set shape of [Abs__982:0] to [-1]
2026-02-01 18:36:30,499 - tf2onnx.graph - DEBUG - Made node: Abs__982
OP=Abs
Name=Abs__982
Inputs:
	Sub__979:0=Sub, [-1], 7
Outpus:
	Abs__982:0=[-1], 7
2026-02-01 18:36:30,499 - tf2onnx.graph - DEBUG - Making node: Name=Squeeze__984, OP=Squeeze
2026-02-01 18:36:30,499 - tf2onnx.graph - DEBUG - Infer shape and dtype for [Squeeze__984]
2026-02-01 18:36:30,500 - tf2onnx.graph - DEBUG - Set dtype of [Squeeze__984:0] to 7
2026-02-01 18:36:30,500 - tf2onnx.graph - DEBUG - Set shape of [Squeeze__984:0] to []
2026-02-01 18:36:30,501 - tf2onnx.graph - DEBUG - Made node: Squeeze__984
OP=Squeeze
Name=Squeeze__984
Inputs:
	const__883=Const, [1], 7
	const_axes__878=Const, [1], 7
Outpus:
	Squeeze__984:0=[], 7
2026-02-01 18:36:30,501 - tf2onnx.graph - DEBUG - Making node: Name=Squeeze__985, OP=Squeeze
2026-02-01 18:36:30,501 - tf2onnx.graph - DEBUG - Infer shape and dtype for [Squeeze__985]
2026-02-01 18:36:30,502 - tf2onnx.graph - DEBUG - Set dtype of [Squeeze__985:0] to 7
2026-02-01 18:36:30,502 - tf2onnx.graph - DEBUG - Set shape of [Squeeze__985:0] to []
2026-02-01 18:36:30,502 - tf2onnx.graph - DEBUG - Made node: Squeeze__985
OP=Squeeze
Name=Squeeze__985
Inputs:
	Min__976:0=Min, [-1], 7
	const_axes__878=Const, [1], 7
Outpus:
	Squeeze__985:0=[], 7
2026-02-01 18:36:30,502 - tf2onnx.graph - DEBUG - Making node: Name=Squeeze__987, OP=Squeeze
2026-02-01 18:36:30,503 - tf2onnx.graph - DEBUG - Infer shape and dtype for [Squeeze__987]
2026-02-01 18:36:30,503 - tf2onnx.graph - DEBUG - Set dtype of [Squeeze__987:0] to 7
2026-02-01 18:36:30,503 - tf2onnx.graph - DEBUG - Set shape of [Squeeze__987:0] to []
2026-02-01 18:36:30,504 - tf2onnx.graph - DEBUG - Made node: Squeeze__987
OP=Squeeze
Name=Squeeze__987
Inputs:
	const__883=Const, [1], 7
	const_axes__878=Const, [1], 7
Outpus:
	Squeeze__987:0=[], 7
2026-02-01 18:36:30,504 - tf2onnx.graph - DEBUG - Making node: Name=Range__988, OP=Range
2026-02-01 18:36:30,504 - tf2onnx.graph - DEBUG - Infer shape and dtype for [Range__988]
2026-02-01 18:36:30,505 - tf2onnx.graph - DEBUG - Set dtype of [Range__988:0] to 7
2026-02-01 18:36:30,505 - tf2onnx.graph - DEBUG - Set shape of [Range__988:0] to [-1]
2026-02-01 18:36:30,506 - tf2onnx.graph - DEBUG - Made node: Range__988
OP=Range
Name=Range__988
Inputs:
	Squeeze__984:0=Squeeze, [], 7
	Squeeze__985:0=Squeeze, [], 7
	Squeeze__987:0=Squeeze, [], 7
Outpus:
	Range__988:0=[-1], 7
2026-02-01 18:36:30,506 - tf2onnx.graph - DEBUG - Making node: Name=Sub__989, OP=Sub
2026-02-01 18:36:30,506 - tf2onnx.graph - DEBUG - Infer shape and dtype for [Sub__989]
2026-02-01 18:36:30,507 - tf2onnx.graph - DEBUG - Set dtype of [Sub__989:0] to 7
2026-02-01 18:36:30,507 - tf2onnx.graph - DEBUG - Set shape of [Sub__989:0] to [-1]
2026-02-01 18:36:30,507 - tf2onnx.graph - DEBUG - Made node: Sub__989
OP=Sub
Name=Sub__989
Inputs:
	Range__988:0=Range, [-1], 7
	Min__976:0=Min, [-1], 7
Outpus:
	Sub__989:0=[-1], 7
2026-02-01 18:36:30,507 - tf2onnx.graph - DEBUG - Making node: Name=Abs__992, OP=Abs
2026-02-01 18:36:30,508 - tf2onnx.graph - DEBUG - Infer shape and dtype for [Abs__992]
2026-02-01 18:36:30,509 - tf2onnx.graph - DEBUG - Set dtype of [Abs__992:0] to 7
2026-02-01 18:36:30,509 - tf2onnx.graph - DEBUG - Set shape of [Abs__992:0] to [-1]
2026-02-01 18:36:30,510 - tf2onnx.graph - DEBUG - Made node: Abs__992
OP=Abs
Name=Abs__992
Inputs:
	Sub__989:0=Sub, [-1], 7
Outpus:
	Abs__992:0=[-1], 7
2026-02-01 18:36:30,510 - tf2onnx.graph - DEBUG - Making node: Name=Add__994, OP=Add
2026-02-01 18:36:30,510 - tf2onnx.graph - DEBUG - Infer shape and dtype for [Add__994]
2026-02-01 18:36:30,511 - tf2onnx.graph - DEBUG - Set dtype of [Add__994:0] to 7
2026-02-01 18:36:30,511 - tf2onnx.graph - DEBUG - Set shape of [Add__994:0] to [-1]
2026-02-01 18:36:30,511 - tf2onnx.graph - DEBUG - Made node: Add__994
OP=Add
Name=Add__994
Inputs:
	Abs__982:0=Abs, [-1], 7
	const__883=Const, [1], 7
Outpus:
	Add__994:0=[-1], 7
2026-02-01 18:36:30,511 - tf2onnx.graph - DEBUG - Making node: Name=Expand__996, OP=Expand
2026-02-01 18:36:30,511 - tf2onnx.graph - DEBUG - Infer shape and dtype for [Expand__996]
2026-02-01 18:36:30,512 - tf2onnx.graph - DEBUG - Set dtype of [Expand__996:0] to 7
2026-02-01 18:36:30,512 - tf2onnx.graph - DEBUG - Inferred shape for [Expand__996, type: Expand] is None, SKIP
2026-02-01 18:36:30,512 - tf2onnx.graph - DEBUG - Made node: Expand__996
OP=Expand
Name=Expand__996
Inputs:
	Min__976:0=Min, [-1], 7
	Add__994:0=Add, [-1], 7
Outpus:
	Expand__996:0=None, 7
2026-02-01 18:36:30,513 - tf2onnx.graph - DEBUG - Making node: Name=Concat__999, OP=Concat
2026-02-01 18:36:30,513 - tf2onnx.graph - DEBUG - Infer shape and dtype for [Concat__999]
2026-02-01 18:36:30,513 - tf2onnx.graph - DEBUG - Set dtype of [Concat__999:0] to 7
2026-02-01 18:36:30,513 - tf2onnx.graph - DEBUG - Inferred shape for [Concat__999, type: Concat] is None, SKIP
2026-02-01 18:36:30,514 - tf2onnx.graph - DEBUG - Made node: Concat__999
OP=Concat
Name=Concat__999
Inputs:
	Range__988:0=Range, [-1], 7
	Expand__996:0=Expand, None, 7
	Abs__992:0=Abs, [-1], 7
Outpus:
	Concat__999:0=None, 7
2026-02-01 18:36:30,514 - tf2onnx.graph - DEBUG - Making node: Name=Max__1002, OP=Max
2026-02-01 18:36:30,514 - tf2onnx.graph - DEBUG - Infer shape and dtype for [Max__1002]
2026-02-01 18:36:30,514 - tf2onnx.graph - DEBUG - Set dtype of [Max__1002:0] to 7
2026-02-01 18:36:30,515 - tf2onnx.graph - DEBUG - Set shape of [Max__1002:0] to [1]
2026-02-01 18:36:30,515 - tf2onnx.graph - DEBUG - Made node: Max__1002
OP=Max
Name=Max__1002
Inputs:
	const__882=Const, [1], 7
	ReduceMin__890:0=ReduceMin, [1], 7
Outpus:
	Max__1002:0=[1], 7
2026-02-01 18:36:30,515 - tf2onnx.graph - DEBUG - Making node: Name=Sub__1003, OP=Sub
2026-02-01 18:36:30,515 - tf2onnx.graph - DEBUG - Infer shape and dtype for [Sub__1003]
2026-02-01 18:36:30,516 - tf2onnx.graph - DEBUG - Set dtype of [Sub__1003:0] to 7
2026-02-01 18:36:30,516 - tf2onnx.graph - DEBUG - Set shape of [Sub__1003:0] to [-1]
2026-02-01 18:36:30,516 - tf2onnx.graph - DEBUG - Made node: Sub__1003
OP=Sub
Name=Sub__1003
Inputs:
	Max__1002:0=Max, [1], 7
	Sub__974:0=Sub, [-1], 7
Outpus:
	Sub__1003:0=[-1], 7
2026-02-01 18:36:30,516 - tf2onnx.graph - DEBUG - Making node: Name=Sub__1005, OP=Sub
2026-02-01 18:36:30,517 - tf2onnx.graph - DEBUG - Infer shape and dtype for [Sub__1005]
2026-02-01 18:36:30,517 - tf2onnx.graph - DEBUG - Set dtype of [Sub__1005:0] to 7
2026-02-01 18:36:30,517 - tf2onnx.graph - DEBUG - Set shape of [Sub__1005:0] to [-1]
2026-02-01 18:36:30,517 - tf2onnx.graph - DEBUG - Made node: Sub__1005
OP=Sub
Name=Sub__1005
Inputs:
	Add__892:0=Add, [1], 7
	Sub__974:0=Sub, [-1], 7
Outpus:
	Sub__1005:0=[-1], 7
2026-02-01 18:36:30,518 - tf2onnx.graph - DEBUG - Making node: Name=Sub__1007, OP=Sub
2026-02-01 18:36:30,518 - tf2onnx.graph - DEBUG - Infer shape and dtype for [Sub__1007]
2026-02-01 18:36:30,518 - tf2onnx.graph - DEBUG - Set dtype of [Sub__1007:0] to 7
2026-02-01 18:36:30,518 - tf2onnx.graph - DEBUG - Set shape of [Sub__1007:0] to [-1]
2026-02-01 18:36:30,519 - tf2onnx.graph - DEBUG - Made node: Sub__1007
OP=Sub
Name=Sub__1007
Inputs:
	Sub__1005:0=Sub, [-1], 7
	Sub__1003:0=Sub, [-1], 7
Outpus:
	Sub__1007:0=[-1], 7
2026-02-01 18:36:30,519 - tf2onnx.graph - DEBUG - Making node: Name=Max__1010, OP=Max
2026-02-01 18:36:30,519 - tf2onnx.graph - DEBUG - Infer shape and dtype for [Max__1010]
2026-02-01 18:36:30,520 - tf2onnx.graph - DEBUG - Set dtype of [Max__1010:0] to 7
2026-02-01 18:36:30,520 - tf2onnx.graph - DEBUG - Set shape of [Max__1010:0] to [-1]
2026-02-01 18:36:30,520 - tf2onnx.graph - DEBUG - Made node: Max__1010
OP=Max
Name=Max__1010
Inputs:
	const__882=Const, [1], 7
	Sub__1007:0=Sub, [-1], 7
Outpus:
	Max__1010:0=[-1], 7
2026-02-01 18:36:30,520 - tf2onnx.graph - DEBUG - Making node: Name=Sub__1012, OP=Sub
2026-02-01 18:36:30,521 - tf2onnx.graph - DEBUG - Infer shape and dtype for [Sub__1012]
2026-02-01 18:36:30,521 - tf2onnx.graph - DEBUG - Set dtype of [Sub__1012:0] to 7
2026-02-01 18:36:30,521 - tf2onnx.graph - DEBUG - Set shape of [Sub__1012:0] to [-1]
2026-02-01 18:36:30,522 - tf2onnx.graph - DEBUG - Made node: Sub__1012
OP=Sub
Name=Sub__1012
Inputs:
	ReduceMin__890:0=ReduceMin, [1], 7
	Sub__974:0=Sub, [-1], 7
Outpus:
	Sub__1012:0=[-1], 7
2026-02-01 18:36:30,522 - tf2onnx.graph - DEBUG - Making node: Name=Min__1014, OP=Min
2026-02-01 18:36:30,522 - tf2onnx.graph - DEBUG - Infer shape and dtype for [Min__1014]
2026-02-01 18:36:30,522 - tf2onnx.graph - DEBUG - Set dtype of [Min__1014:0] to 7
2026-02-01 18:36:30,523 - tf2onnx.graph - DEBUG - Set shape of [Min__1014:0] to [1]
2026-02-01 18:36:30,523 - tf2onnx.graph - DEBUG - Made node: Min__1014
OP=Min
Name=Min__1014
Inputs:
	const__882=Const, [1], 7
	Add__892:0=Add, [1], 7
Outpus:
	Min__1014:0=[1], 7
2026-02-01 18:36:30,523 - tf2onnx.graph - DEBUG - Making node: Name=Sub__1015, OP=Sub
2026-02-01 18:36:30,523 - tf2onnx.graph - DEBUG - Infer shape and dtype for [Sub__1015]
2026-02-01 18:36:30,524 - tf2onnx.graph - DEBUG - Set dtype of [Sub__1015:0] to 7
2026-02-01 18:36:30,524 - tf2onnx.graph - DEBUG - Set shape of [Sub__1015:0] to [-1]
2026-02-01 18:36:30,524 - tf2onnx.graph - DEBUG - Made node: Sub__1015
OP=Sub
Name=Sub__1015
Inputs:
	Min__1014:0=Min, [1], 7
	Sub__974:0=Sub, [-1], 7
Outpus:
	Sub__1015:0=[-1], 7
2026-02-01 18:36:30,524 - tf2onnx.graph - DEBUG - Making node: Name=Sub__1017, OP=Sub
2026-02-01 18:36:30,525 - tf2onnx.graph - DEBUG - Infer shape and dtype for [Sub__1017]
2026-02-01 18:36:30,525 - tf2onnx.graph - DEBUG - Set dtype of [Sub__1017:0] to 7
2026-02-01 18:36:30,525 - tf2onnx.graph - DEBUG - Set shape of [Sub__1017:0] to [-1]
2026-02-01 18:36:30,526 - tf2onnx.graph - DEBUG - Made node: Sub__1017
OP=Sub
Name=Sub__1017
Inputs:
	Sub__1015:0=Sub, [-1], 7
	Sub__1012:0=Sub, [-1], 7
Outpus:
	Sub__1017:0=[-1], 7
2026-02-01 18:36:30,526 - tf2onnx.graph - DEBUG - Making node: Name=Max__1020, OP=Max
2026-02-01 18:36:30,529 - tf2onnx.graph - DEBUG - Infer shape and dtype for [Max__1020]
2026-02-01 18:36:30,529 - tf2onnx.graph - DEBUG - Set dtype of [Max__1020:0] to 7
2026-02-01 18:36:30,530 - tf2onnx.graph - DEBUG - Set shape of [Max__1020:0] to [-1]
2026-02-01 18:36:30,530 - tf2onnx.graph - DEBUG - Made node: Max__1020
OP=Max
Name=Max__1020
Inputs:
	const__882=Const, [1], 7
	Sub__1017:0=Sub, [-1], 7
Outpus:
	Max__1020:0=[-1], 7
2026-02-01 18:36:30,530 - tf2onnx.graph - DEBUG - Making node: Name=Slice__1022, OP=Slice
2026-02-01 18:36:30,530 - tf2onnx.graph - DEBUG - Infer shape and dtype for [Slice__1022]
2026-02-01 18:36:30,531 - tf2onnx.graph - DEBUG - Set dtype of [Slice__1022:0] to 7
2026-02-01 18:36:30,531 - tf2onnx.graph - DEBUG - Inferred shape for [Slice__1022, type: Slice] is None, SKIP
2026-02-01 18:36:30,531 - tf2onnx.graph - DEBUG - Made node: Slice__1022
OP=Slice
Name=Slice__1022
Inputs:
	Concat__999:0=Concat, None, 7
	Sub__1003:0=Sub, [-1], 7
	Sub__1005:0=Sub, [-1], 7
Outpus:
	Slice__1022:0=None, 7
2026-02-01 18:36:30,531 - tf2onnx.graph - DEBUG - Making node: Name=Slice__1025, OP=Slice
2026-02-01 18:36:30,532 - tf2onnx.graph - DEBUG - Infer shape and dtype for [Slice__1025]
2026-02-01 18:36:30,532 - tf2onnx.graph - DEBUG - Set dtype of [Slice__1025:0] to 7
2026-02-01 18:36:30,532 - tf2onnx.graph - DEBUG - Inferred shape for [Slice__1025, type: Slice] is None, SKIP
2026-02-01 18:36:30,532 - tf2onnx.graph - DEBUG - Made node: Slice__1025
OP=Slice
Name=Slice__1025
Inputs:
	Concat__999:0=Concat, None, 7
	Sub__1012:0=Sub, [-1], 7
	Sub__1015:0=Sub, [-1], 7
Outpus:
	Slice__1025:0=None, 7
2026-02-01 18:36:30,533 - tf2onnx.graph - DEBUG - Making node: Name=Concat__1028, OP=Concat
2026-02-01 18:36:30,533 - tf2onnx.graph - DEBUG - Infer shape and dtype for [Concat__1028]
2026-02-01 18:36:30,533 - tf2onnx.graph - DEBUG - Set dtype of [Concat__1028:0] to 7
2026-02-01 18:36:30,533 - tf2onnx.graph - DEBUG - Inferred shape for [Concat__1028, type: Concat] is None, SKIP
2026-02-01 18:36:30,534 - tf2onnx.graph - DEBUG - Made node: Concat__1028
OP=Concat
Name=Concat__1028
Inputs:
	Slice__1025:0=Slice, None, 7
	Slice__1022:0=Slice, None, 7
Outpus:
	Concat__1028:0=None, 7
2026-02-01 18:36:30,534 - tf2onnx.graph - DEBUG - Making node: Name=ReduceMax__1029, OP=ReduceMax
2026-02-01 18:36:30,534 - tf2onnx.graph - DEBUG - Infer shape and dtype for [ReduceMax__1029]
2026-02-01 18:36:30,534 - tf2onnx.graph - DEBUG - Set dtype of [ReduceMax__1029:0] to 7
2026-02-01 18:36:30,535 - tf2onnx.graph - DEBUG - Inferred shape for [ReduceMax__1029, type: ReduceMax] is None, SKIP
2026-02-01 18:36:30,535 - tf2onnx.graph - DEBUG - Made node: ReduceMax__1029
OP=ReduceMax
Name=ReduceMax__1029
Inputs:
	Concat__1028:0=Concat, None, 7
Outpus:
	ReduceMax__1029:0=None, 7
2026-02-01 18:36:30,535 - tf2onnx.graph - DEBUG - Making node: Name=Slice__1030, OP=Slice
2026-02-01 18:36:30,536 - tf2onnx.graph - DEBUG - Infer shape and dtype for [Slice__1030]
2026-02-01 18:36:30,536 - tf2onnx.graph - DEBUG - Set dtype of [Slice__1030:0] to 7
2026-02-01 18:36:30,536 - tf2onnx.graph - DEBUG - Inferred shape for [Slice__1030, type: Slice] is None, SKIP
2026-02-01 18:36:30,536 - tf2onnx.graph - DEBUG - Made node: Slice__1030
OP=Slice
Name=Slice__1030
Inputs:
	Concat__1028:0=Concat, None, 7
	const__881=Const, [1], 7
	Slice__919:0=Slice, [-1], 7
Outpus:
	Slice__1030:0=None, 7
2026-02-01 18:36:30,537 - tf2onnx.graph - DEBUG - Making node: Name=Slice__1032, OP=Slice
2026-02-01 18:36:30,537 - tf2onnx.graph - DEBUG - Infer shape and dtype for [Slice__1032]
2026-02-01 18:36:30,537 - tf2onnx.graph - DEBUG - Set dtype of [Slice__1032:0] to 7
2026-02-01 18:36:30,537 - tf2onnx.graph - DEBUG - Inferred shape for [Slice__1032, type: Slice] is None, SKIP
2026-02-01 18:36:30,538 - tf2onnx.graph - DEBUG - Made node: Slice__1032
OP=Slice
Name=Slice__1032
Inputs:
	Concat__1028:0=Concat, None, 7
	const__882=Const, [1], 7
	const__883=Const, [1], 7
Outpus:
	Slice__1032:0=None, 7
2026-02-01 18:36:30,538 - tf2onnx.graph - DEBUG - Making node: Name=Concat__1033, OP=Concat
2026-02-01 18:36:30,538 - tf2onnx.graph - DEBUG - Infer shape and dtype for [Concat__1033]
2026-02-01 18:36:30,539 - tf2onnx.graph - DEBUG - Set dtype of [Concat__1033:0] to 7
2026-02-01 18:36:30,539 - tf2onnx.graph - DEBUG - Set shape of [Concat__1033:0] to [-1]
2026-02-01 18:36:30,539 - tf2onnx.graph - DEBUG - Made node: Concat__1033
OP=Concat
Name=Concat__1033
Inputs:
	const__881=Const, [1], 7
	Slice__917:0=Slice, [-1], 7
Outpus:
	Concat__1033:0=[-1], 7
2026-02-01 18:36:30,540 - tf2onnx.graph - DEBUG - Making node: Name=Reshape__1035, OP=Reshape
2026-02-01 18:36:30,540 - tf2onnx.graph - DEBUG - Infer shape and dtype for [Reshape__1035]
2026-02-01 18:36:30,540 - tf2onnx.graph - DEBUG - Set dtype of [Reshape__1035:0] to 1
2026-02-01 18:36:30,540 - tf2onnx.graph - DEBUG - Inferred shape for [Reshape__1035, type: Reshape] is None, SKIP
2026-02-01 18:36:30,541 - tf2onnx.graph - DEBUG - Made node: Reshape__1035
OP=Reshape
Name=Reshape__1035
Inputs:
	If__901:0=If, None, 1
	Concat__1033:0=Concat, [-1], 7
Outpus:
	Reshape__1035:0=None, 1
2026-02-01 18:36:30,541 - tf2onnx.graph - DEBUG - Making node: Name=Slice__1037, OP=Slice
2026-02-01 18:36:30,541 - tf2onnx.graph - DEBUG - Infer shape and dtype for [Slice__1037]
2026-02-01 18:36:30,542 - tf2onnx.graph - DEBUG - Set dtype of [Slice__1037:0] to 7
2026-02-01 18:36:30,542 - tf2onnx.graph - DEBUG - Set shape of [Slice__1037:0] to [-1]
2026-02-01 18:36:30,542 - tf2onnx.graph - DEBUG - Made node: Slice__1037
OP=Slice
Name=Slice__1037
Inputs:
	Shape__910:0=Shape, [-1], 7
	const__882=Const, [1], 7
	const__881=Const, [1], 7
Outpus:
	Slice__1037:0=[-1], 7
2026-02-01 18:36:30,543 - tf2onnx.graph - DEBUG - Making node: Name=Expand__1039, OP=Expand
2026-02-01 18:36:30,543 - tf2onnx.graph - DEBUG - Infer shape and dtype for [Expand__1039]
2026-02-01 18:36:30,543 - tf2onnx.graph - DEBUG - Set dtype of [Expand__1039:0] to 7
2026-02-01 18:36:30,544 - tf2onnx.graph - DEBUG - Inferred shape for [Expand__1039, type: Expand] is None, SKIP
2026-02-01 18:36:30,544 - tf2onnx.graph - DEBUG - Made node: Expand__1039
OP=Expand
Name=Expand__1039
Inputs:
	Slice__917:0=Slice, [-1], 7
	Max__1010:0=Max, [-1], 7
Outpus:
	Expand__1039:0=None, 7
2026-02-01 18:36:30,544 - tf2onnx.graph - DEBUG - Making node: Name=Concat__1042, OP=Concat
2026-02-01 18:36:30,544 - tf2onnx.graph - DEBUG - Infer shape and dtype for [Concat__1042]
2026-02-01 18:36:30,545 - tf2onnx.graph - DEBUG - Set dtype of [Concat__1042:0] to 7
2026-02-01 18:36:30,545 - tf2onnx.graph - DEBUG - Inferred shape for [Concat__1042, type: Concat] is None, SKIP
2026-02-01 18:36:30,545 - tf2onnx.graph - DEBUG - Made node: Concat__1042
OP=Concat
Name=Concat__1042
Inputs:
	Slice__1025:0=Slice, None, 7
	Expand__1039:0=Expand, None, 7
Outpus:
	Concat__1042:0=None, 7
2026-02-01 18:36:30,546 - tf2onnx.graph - DEBUG - Making node: Name=Shape__1043, OP=Shape
2026-02-01 18:36:30,546 - tf2onnx.graph - DEBUG - Infer shape and dtype for [Shape__1043]
2026-02-01 18:36:30,546 - tf2onnx.graph - DEBUG - Set dtype of [Shape__1043:0] to 7
2026-02-01 18:36:30,546 - tf2onnx.graph - DEBUG - Set shape of [Shape__1043:0] to [-1]
2026-02-01 18:36:30,546 - tf2onnx.graph - DEBUG - Made node: Shape__1043
OP=Shape
Name=Shape__1043
Inputs:
	Concat__1042:0=Concat, None, 7
Outpus:
	Shape__1043:0=[-1], 7
2026-02-01 18:36:30,547 - tf2onnx.graph - DEBUG - Making node: Name=Concat__1044, OP=Concat
2026-02-01 18:36:30,547 - tf2onnx.graph - DEBUG - Infer shape and dtype for [Concat__1044]
2026-02-01 18:36:30,547 - tf2onnx.graph - DEBUG - Set dtype of [Concat__1044:0] to 7
2026-02-01 18:36:30,548 - tf2onnx.graph - DEBUG - Set shape of [Concat__1044:0] to [-1]
2026-02-01 18:36:30,548 - tf2onnx.graph - DEBUG - Made node: Concat__1044
OP=Concat
Name=Concat__1044
Inputs:
	const__881=Const, [1], 7
	Shape__1043:0=Shape, [-1], 7
Outpus:
	Concat__1044:0=[-1], 7
2026-02-01 18:36:30,548 - tf2onnx.graph - DEBUG - Making node: Name=Reshape__1046, OP=Reshape
2026-02-01 18:36:30,548 - tf2onnx.graph - DEBUG - Infer shape and dtype for [Reshape__1046]
2026-02-01 18:36:30,548 - tf2onnx.graph - DEBUG - Set dtype of [Reshape__1046:0] to 7
2026-02-01 18:36:30,549 - tf2onnx.graph - DEBUG - Inferred shape for [Reshape__1046, type: Reshape] is None, SKIP
2026-02-01 18:36:30,549 - tf2onnx.graph - DEBUG - Made node: Reshape__1046
OP=Reshape
Name=Reshape__1046
Inputs:
	Concat__1042:0=Concat, None, 7
	Concat__1044:0=Concat, [-1], 7
Outpus:
	Reshape__1046:0=None, 7
2026-02-01 18:36:30,549 - tf2onnx.graph - DEBUG - Making node: Name=ReverseSequence__1048, OP=ReverseSequence
2026-02-01 18:36:30,549 - tf2onnx.graph - DEBUG - Infer shape and dtype for [ReverseSequence__1048]
2026-02-01 18:36:30,550 - tf2onnx.graph - DEBUG - Set dtype of [ReverseSequence__1048:0] to 7
2026-02-01 18:36:30,550 - tf2onnx.graph - DEBUG - Inferred shape for [ReverseSequence__1048, type: ReverseSequence] is None, SKIP
2026-02-01 18:36:30,550 - tf2onnx.graph - DEBUG - Made node: ReverseSequence__1048
OP=ReverseSequence
Name=ReverseSequence__1048
Inputs:
	Reshape__1046:0=Reshape, None, 7
	Shape__1043:0=Shape, [-1], 7
Outpus:
	ReverseSequence__1048:0=None, 7
2026-02-01 18:36:30,550 - tf2onnx.graph - DEBUG - Making node: Name=Reshape__1050, OP=Reshape
2026-02-01 18:36:30,551 - tf2onnx.graph - DEBUG - Infer shape and dtype for [Reshape__1050]
2026-02-01 18:36:30,551 - tf2onnx.graph - DEBUG - Set dtype of [Reshape__1050:0] to 7
2026-02-01 18:36:30,551 - tf2onnx.graph - DEBUG - Inferred shape for [Reshape__1050, type: Reshape] is None, SKIP
2026-02-01 18:36:30,552 - tf2onnx.graph - DEBUG - Made node: Reshape__1050
OP=Reshape
Name=Reshape__1050
Inputs:
	ReverseSequence__1048:0=ReverseSequence, None, 7
	Shape__1043:0=Shape, [-1], 7
Outpus:
	Reshape__1050:0=None, 7
2026-02-01 18:36:30,552 - tf2onnx.graph - DEBUG - Making node: Name=Expand__1052, OP=Expand
2026-02-01 18:36:30,552 - tf2onnx.graph - DEBUG - Infer shape and dtype for [Expand__1052]
2026-02-01 18:36:30,553 - tf2onnx.graph - DEBUG - Set dtype of [Expand__1052:0] to 7
2026-02-01 18:36:30,553 - tf2onnx.graph - DEBUG - Inferred shape for [Expand__1052, type: Expand] is None, SKIP
2026-02-01 18:36:30,554 - tf2onnx.graph - DEBUG - Made node: Expand__1052
OP=Expand
Name=Expand__1052
Inputs:
	Reshape__1050:0=Reshape, None, 7
	Slice__1037:0=Slice, [-1], 7
Outpus:
	Expand__1052:0=None, 7
2026-02-01 18:36:30,554 - tf2onnx.graph - DEBUG - Making node: Name=Expand__1054, OP=Expand
2026-02-01 18:36:30,554 - tf2onnx.graph - DEBUG - Infer shape and dtype for [Expand__1054]
2026-02-01 18:36:30,554 - tf2onnx.graph - DEBUG - Set dtype of [Expand__1054:0] to 7
2026-02-01 18:36:30,555 - tf2onnx.graph - DEBUG - Inferred shape for [Expand__1054, type: Expand] is None, SKIP
2026-02-01 18:36:30,555 - tf2onnx.graph - DEBUG - Made node: Expand__1054
OP=Expand
Name=Expand__1054
Inputs:
	Slice__917:0=Slice, [-1], 7
	Max__1020:0=Max, [-1], 7
Outpus:
	Expand__1054:0=None, 7
2026-02-01 18:36:30,555 - tf2onnx.graph - DEBUG - Making node: Name=Concat__1057, OP=Concat
2026-02-01 18:36:30,556 - tf2onnx.graph - DEBUG - Infer shape and dtype for [Concat__1057]
2026-02-01 18:36:30,556 - tf2onnx.graph - DEBUG - Set dtype of [Concat__1057:0] to 7
2026-02-01 18:36:30,556 - tf2onnx.graph - DEBUG - Inferred shape for [Concat__1057, type: Concat] is None, SKIP
2026-02-01 18:36:30,556 - tf2onnx.graph - DEBUG - Made node: Concat__1057
OP=Concat
Name=Concat__1057
Inputs:
	Expand__1054:0=Expand, None, 7
	Slice__1022:0=Slice, None, 7
Outpus:
	Concat__1057:0=None, 7
2026-02-01 18:36:30,557 - tf2onnx.graph - DEBUG - Making node: Name=Shape__1058, OP=Shape
2026-02-01 18:36:30,557 - tf2onnx.graph - DEBUG - Infer shape and dtype for [Shape__1058]
2026-02-01 18:36:30,557 - tf2onnx.graph - DEBUG - Set dtype of [Shape__1058:0] to 7
2026-02-01 18:36:30,558 - tf2onnx.graph - DEBUG - Set shape of [Shape__1058:0] to [-1]
2026-02-01 18:36:30,558 - tf2onnx.graph - DEBUG - Made node: Shape__1058
OP=Shape
Name=Shape__1058
Inputs:
	Concat__1057:0=Concat, None, 7
Outpus:
	Shape__1058:0=[-1], 7
2026-02-01 18:36:30,558 - tf2onnx.graph - DEBUG - Making node: Name=Concat__1059, OP=Concat
2026-02-01 18:36:30,558 - tf2onnx.graph - DEBUG - Infer shape and dtype for [Concat__1059]
2026-02-01 18:36:30,559 - tf2onnx.graph - DEBUG - Set dtype of [Concat__1059:0] to 7
2026-02-01 18:36:30,559 - tf2onnx.graph - DEBUG - Set shape of [Concat__1059:0] to [-1]
2026-02-01 18:36:30,559 - tf2onnx.graph - DEBUG - Made node: Concat__1059
OP=Concat
Name=Concat__1059
Inputs:
	const__881=Const, [1], 7
	Shape__1058:0=Shape, [-1], 7
Outpus:
	Concat__1059:0=[-1], 7
2026-02-01 18:36:30,560 - tf2onnx.graph - DEBUG - Making node: Name=Reshape__1061, OP=Reshape
2026-02-01 18:36:30,560 - tf2onnx.graph - DEBUG - Infer shape and dtype for [Reshape__1061]
2026-02-01 18:36:30,560 - tf2onnx.graph - DEBUG - Set dtype of [Reshape__1061:0] to 7
2026-02-01 18:36:30,561 - tf2onnx.graph - DEBUG - Inferred shape for [Reshape__1061, type: Reshape] is None, SKIP
2026-02-01 18:36:30,561 - tf2onnx.graph - DEBUG - Made node: Reshape__1061
OP=Reshape
Name=Reshape__1061
Inputs:
	Concat__1057:0=Concat, None, 7
	Concat__1059:0=Concat, [-1], 7
Outpus:
	Reshape__1061:0=None, 7
2026-02-01 18:36:30,561 - tf2onnx.graph - DEBUG - Making node: Name=ReverseSequence__1063, OP=ReverseSequence
2026-02-01 18:36:30,561 - tf2onnx.graph - DEBUG - Infer shape and dtype for [ReverseSequence__1063]
2026-02-01 18:36:30,562 - tf2onnx.graph - DEBUG - Set dtype of [ReverseSequence__1063:0] to 7
2026-02-01 18:36:30,562 - tf2onnx.graph - DEBUG - Inferred shape for [ReverseSequence__1063, type: ReverseSequence] is None, SKIP
2026-02-01 18:36:30,562 - tf2onnx.graph - DEBUG - Made node: ReverseSequence__1063
OP=ReverseSequence
Name=ReverseSequence__1063
Inputs:
	Reshape__1061:0=Reshape, None, 7
	Shape__1058:0=Shape, [-1], 7
Outpus:
	ReverseSequence__1063:0=None, 7
2026-02-01 18:36:30,562 - tf2onnx.graph - DEBUG - Making node: Name=Reshape__1065, OP=Reshape
2026-02-01 18:36:30,563 - tf2onnx.graph - DEBUG - Infer shape and dtype for [Reshape__1065]
2026-02-01 18:36:30,563 - tf2onnx.graph - DEBUG - Set dtype of [Reshape__1065:0] to 7
2026-02-01 18:36:30,563 - tf2onnx.graph - DEBUG - Inferred shape for [Reshape__1065, type: Reshape] is None, SKIP
2026-02-01 18:36:30,563 - tf2onnx.graph - DEBUG - Made node: Reshape__1065
OP=Reshape
Name=Reshape__1065
Inputs:
	ReverseSequence__1063:0=ReverseSequence, None, 7
	Shape__1058:0=Shape, [-1], 7
Outpus:
	Reshape__1065:0=None, 7
2026-02-01 18:36:30,564 - tf2onnx.graph - DEBUG - Making node: Name=Expand__1067, OP=Expand
2026-02-01 18:36:30,564 - tf2onnx.graph - DEBUG - Infer shape and dtype for [Expand__1067]
2026-02-01 18:36:30,564 - tf2onnx.graph - DEBUG - Set dtype of [Expand__1067:0] to 7
2026-02-01 18:36:30,564 - tf2onnx.graph - DEBUG - Inferred shape for [Expand__1067, type: Expand] is None, SKIP
2026-02-01 18:36:30,565 - tf2onnx.graph - DEBUG - Made node: Expand__1067
OP=Expand
Name=Expand__1067
Inputs:
	Reshape__1065:0=Reshape, None, 7
	Slice__1037:0=Slice, [-1], 7
Outpus:
	Expand__1067:0=None, 7
2026-02-01 18:36:30,565 - tf2onnx.graph - DEBUG - Making node: Name=Reshape__1069, OP=Reshape
2026-02-01 18:36:30,565 - tf2onnx.graph - DEBUG - Infer shape and dtype for [Reshape__1069]
2026-02-01 18:36:30,565 - tf2onnx.graph - DEBUG - Set dtype of [Reshape__1069:0] to 7
2026-02-01 18:36:30,566 - tf2onnx.graph - DEBUG - Set shape of [Reshape__1069:0] to [-1]
2026-02-01 18:36:30,567 - tf2onnx.graph - DEBUG - Made node: Reshape__1069
OP=Reshape
Name=Reshape__1069
Inputs:
	Expand__1052:0=Expand, None, 7
	const__881=Const, [1], 7
Outpus:
	Reshape__1069:0=[-1], 7
2026-02-01 18:36:30,567 - tf2onnx.graph - DEBUG - Making node: Name=ReverseSequence__1070, OP=ReverseSequence
2026-02-01 18:36:30,567 - tf2onnx.graph - DEBUG - Infer shape and dtype for [ReverseSequence__1070]
2026-02-01 18:36:30,567 - tf2onnx.graph - DEBUG - Set dtype of [ReverseSequence__1070:0] to 1
2026-02-01 18:36:30,568 - tf2onnx.graph - DEBUG - Inferred shape for [ReverseSequence__1070, type: ReverseSequence] is None, SKIP
2026-02-01 18:36:30,568 - tf2onnx.graph - DEBUG - Made node: ReverseSequence__1070
OP=ReverseSequence
Name=ReverseSequence__1070
Inputs:
	Reshape__1035:0=Reshape, None, 1
	Reshape__1069:0=Reshape, [-1], 7
Outpus:
	ReverseSequence__1070:0=None, 1
2026-02-01 18:36:30,568 - tf2onnx.graph - DEBUG - Making node: Name=Reshape__1072, OP=Reshape
2026-02-01 18:36:30,569 - tf2onnx.graph - DEBUG - Infer shape and dtype for [Reshape__1072]
2026-02-01 18:36:30,569 - tf2onnx.graph - DEBUG - Set dtype of [Reshape__1072:0] to 7
2026-02-01 18:36:30,569 - tf2onnx.graph - DEBUG - Set shape of [Reshape__1072:0] to [-1]
2026-02-01 18:36:30,569 - tf2onnx.graph - DEBUG - Made node: Reshape__1072
OP=Reshape
Name=Reshape__1072
Inputs:
	Expand__1067:0=Expand, None, 7
	const__881=Const, [1], 7
Outpus:
	Reshape__1072:0=[-1], 7
2026-02-01 18:36:30,570 - tf2onnx.graph - DEBUG - Making node: Name=ReverseSequence__1073, OP=ReverseSequence
2026-02-01 18:36:30,570 - tf2onnx.graph - DEBUG - Infer shape and dtype for [ReverseSequence__1073]
2026-02-01 18:36:30,570 - tf2onnx.graph - DEBUG - Set dtype of [ReverseSequence__1073:0] to 1
2026-02-01 18:36:30,570 - tf2onnx.graph - DEBUG - Inferred shape for [ReverseSequence__1073, type: ReverseSequence] is None, SKIP
2026-02-01 18:36:30,571 - tf2onnx.graph - DEBUG - Made node: ReverseSequence__1073
OP=ReverseSequence
Name=ReverseSequence__1073
Inputs:
	ReverseSequence__1070:0=ReverseSequence, None, 1
	Reshape__1072:0=Reshape, [-1], 7
Outpus:
	ReverseSequence__1073:0=None, 1
2026-02-01 18:36:30,571 - tf2onnx.graph - DEBUG - Making node: Name=Reshape__1075, OP=Reshape
2026-02-01 18:36:30,571 - tf2onnx.graph - DEBUG - Infer shape and dtype for [Reshape__1075]
2026-02-01 18:36:30,572 - tf2onnx.graph - DEBUG - Set dtype of [Reshape__1075:0] to 1
2026-02-01 18:36:30,572 - tf2onnx.graph - DEBUG - Inferred shape for [Reshape__1075, type: Reshape] is None, SKIP
2026-02-01 18:36:30,572 - tf2onnx.graph - DEBUG - Made node: Reshape__1075
OP=Reshape
Name=Reshape__1075
Inputs:
	ReverseSequence__1073:0=ReverseSequence, None, 1
	Shape__910:0=Shape, [-1], 7
Outpus:
	Reshape__1075:0=None, 1
2026-02-01 18:36:30,572 - tf2onnx.graph - DEBUG - Making node: Name=Sub__1077, OP=Sub
2026-02-01 18:36:30,572 - tf2onnx.graph - DEBUG - Infer shape and dtype for [Sub__1077]
2026-02-01 18:36:30,573 - tf2onnx.graph - DEBUG - Set dtype of [Sub__1077:0] to 7
2026-02-01 18:36:30,573 - tf2onnx.graph - DEBUG - Inferred shape for [Sub__1077, type: Sub] is None, SKIP
2026-02-01 18:36:30,573 - tf2onnx.graph - DEBUG - Made node: Sub__1077
OP=Sub
Name=Sub__1077
Inputs:
	ReduceMax__1029:0=ReduceMax, None, 7
	Slice__1030:0=Slice, None, 7
Outpus:
	Sub__1077:0=None, 7
2026-02-01 18:36:30,573 - tf2onnx.graph - DEBUG - Making node: Name=Sub__1078, OP=Sub
2026-02-01 18:36:30,574 - tf2onnx.graph - DEBUG - Infer shape and dtype for [Sub__1078]
2026-02-01 18:36:30,574 - tf2onnx.graph - DEBUG - Set dtype of [Sub__1078:0] to 7
2026-02-01 18:36:30,574 - tf2onnx.graph - DEBUG - Inferred shape for [Sub__1078, type: Sub] is None, SKIP
2026-02-01 18:36:30,575 - tf2onnx.graph - DEBUG - Made node: Sub__1078
OP=Sub
Name=Sub__1078
Inputs:
	ReduceMax__1029:0=ReduceMax, None, 7
	Slice__1032:0=Slice, None, 7
Outpus:
	Sub__1078:0=None, 7
2026-02-01 18:36:30,575 - tf2onnx.graph - DEBUG - Making node: Name=Concat__1079, OP=Concat
2026-02-01 18:36:30,576 - tf2onnx.graph - DEBUG - Infer shape and dtype for [Concat__1079]
2026-02-01 18:36:30,577 - tf2onnx.graph - DEBUG - Set dtype of [Concat__1079:0] to 7
2026-02-01 18:36:30,577 - tf2onnx.graph - DEBUG - Set shape of [Concat__1079:0] to [-1]
2026-02-01 18:36:30,577 - tf2onnx.graph - DEBUG - Made node: Concat__1079
OP=Concat
Name=Concat__1079
Inputs:
	const__881=Const, [1], 7
	Slice__915:0=Slice, [-1], 7
Outpus:
	Concat__1079:0=[-1], 7
2026-02-01 18:36:30,577 - tf2onnx.graph - DEBUG - Making node: Name=Reshape__1081, OP=Reshape
2026-02-01 18:36:30,578 - tf2onnx.graph - DEBUG - Infer shape and dtype for [Reshape__1081]
2026-02-01 18:36:30,578 - tf2onnx.graph - DEBUG - Set dtype of [Reshape__1081:0] to 1
2026-02-01 18:36:30,578 - tf2onnx.graph - DEBUG - Inferred shape for [Reshape__1081, type: Reshape] is None, SKIP
2026-02-01 18:36:30,578 - tf2onnx.graph - DEBUG - Made node: Reshape__1081
OP=Reshape
Name=Reshape__1081
Inputs:
	Reshape__1075:0=Reshape, None, 1
	Concat__1079:0=Concat, [-1], 7
Outpus:
	Reshape__1081:0=None, 1
2026-02-01 18:36:30,579 - tf2onnx.graph - DEBUG - Making node: Name=Transpose__1083, OP=Transpose
2026-02-01 18:36:30,579 - tf2onnx.graph - DEBUG - Infer shape and dtype for [Transpose__1083]
2026-02-01 18:36:30,579 - tf2onnx.graph - DEBUG - Set dtype of [Transpose__1083:0] to 1
2026-02-01 18:36:30,579 - tf2onnx.graph - DEBUG - Inferred shape for [Transpose__1083, type: Transpose] is None, SKIP
2026-02-01 18:36:30,580 - tf2onnx.graph - DEBUG - Made node: Transpose__1083
OP=Transpose
Name=Transpose__1083
Inputs:
	Reshape__1081:0=Reshape, None, 1
Outpus:
	Transpose__1083:0=None, 1
2026-02-01 18:36:30,580 - tf2onnx.graph - DEBUG - Making node: Name=Shape__1084, OP=Shape
2026-02-01 18:36:30,580 - tf2onnx.graph - DEBUG - Infer shape and dtype for [Shape__1084]
2026-02-01 18:36:30,580 - tf2onnx.graph - DEBUG - Set dtype of [Shape__1084:0] to 7
2026-02-01 18:36:30,581 - tf2onnx.graph - DEBUG - Set shape of [Shape__1084:0] to [1]
2026-02-01 18:36:30,581 - tf2onnx.graph - DEBUG - Made node: Shape__1084
OP=Shape
Name=Shape__1084
Inputs:
	Slice__915:0=Slice, [-1], 7
Outpus:
	Shape__1084:0=[1], 7
2026-02-01 18:36:30,581 - tf2onnx.graph - DEBUG - Making node: Name=Concat__1086, OP=Concat
2026-02-01 18:36:30,581 - tf2onnx.graph - DEBUG - Infer shape and dtype for [Concat__1086]
2026-02-01 18:36:30,582 - tf2onnx.graph - DEBUG - Set dtype of [Concat__1086:0] to 7
2026-02-01 18:36:30,582 - tf2onnx.graph - DEBUG - Set shape of [Concat__1086:0] to [2]
2026-02-01 18:36:30,582 - tf2onnx.graph - DEBUG - Made node: Concat__1086
OP=Concat
Name=Concat__1086
Inputs:
	const__881=Const, [1], 7
	Shape__1084:0=Shape, [1], 7
Outpus:
	Concat__1086:0=[2], 7
2026-02-01 18:36:30,582 - tf2onnx.graph - DEBUG - Making node: Name=Reshape__1087, OP=Reshape
2026-02-01 18:36:30,583 - tf2onnx.graph - DEBUG - Infer shape and dtype for [Reshape__1087]
2026-02-01 18:36:30,583 - tf2onnx.graph - DEBUG - Set dtype of [Reshape__1087:0] to 7
2026-02-01 18:36:30,583 - tf2onnx.graph - DEBUG - Inferred shape for [Reshape__1087, type: Reshape] is None, SKIP
2026-02-01 18:36:30,584 - tf2onnx.graph - DEBUG - Made node: Reshape__1087
OP=Reshape
Name=Reshape__1087
Inputs:
	Slice__915:0=Slice, [-1], 7
	Concat__1086:0=Concat, [2], 7
Outpus:
	Reshape__1087:0=None, 7
2026-02-01 18:36:30,584 - tf2onnx.graph - DEBUG - Making node: Name=ReverseSequence__1089, OP=ReverseSequence
2026-02-01 18:36:30,584 - tf2onnx.graph - DEBUG - Infer shape and dtype for [ReverseSequence__1089]
2026-02-01 18:36:30,585 - tf2onnx.graph - DEBUG - Set dtype of [ReverseSequence__1089:0] to 7
2026-02-01 18:36:30,585 - tf2onnx.graph - DEBUG - Inferred shape for [ReverseSequence__1089, type: ReverseSequence] is None, SKIP
2026-02-01 18:36:30,585 - tf2onnx.graph - DEBUG - Made node: ReverseSequence__1089
OP=ReverseSequence
Name=ReverseSequence__1089
Inputs:
	Reshape__1087:0=Reshape, None, 7
	Shape__1084:0=Shape, [1], 7
Outpus:
	ReverseSequence__1089:0=None, 7
2026-02-01 18:36:30,585 - tf2onnx.graph - DEBUG - Making node: Name=Reshape__1090, OP=Reshape
2026-02-01 18:36:30,585 - tf2onnx.graph - DEBUG - Infer shape and dtype for [Reshape__1090]
2026-02-01 18:36:30,586 - tf2onnx.graph - DEBUG - Set dtype of [Reshape__1090:0] to 7
2026-02-01 18:36:30,586 - tf2onnx.graph - DEBUG - Inferred shape for [Reshape__1090, type: Reshape] is None, SKIP
2026-02-01 18:36:30,586 - tf2onnx.graph - DEBUG - Made node: Reshape__1090
OP=Reshape
Name=Reshape__1090
Inputs:
	ReverseSequence__1089:0=ReverseSequence, None, 7
	Shape__1084:0=Shape, [1], 7
Outpus:
	Reshape__1090:0=None, 7
2026-02-01 18:36:30,587 - tf2onnx.graph - DEBUG - Making node: Name=Concat__1091, OP=Concat
2026-02-01 18:36:30,587 - tf2onnx.graph - DEBUG - Infer shape and dtype for [Concat__1091]
2026-02-01 18:36:30,587 - tf2onnx.graph - DEBUG - Set dtype of [Concat__1091:0] to 7
2026-02-01 18:36:30,587 - tf2onnx.graph - DEBUG - Inferred shape for [Concat__1091, type: Concat] is None, SKIP
2026-02-01 18:36:30,588 - tf2onnx.graph - DEBUG - Made node: Concat__1091
OP=Concat
Name=Concat__1091
Inputs:
	Slice__913:0=Slice, [-1], 7
	Reshape__1090:0=Reshape, None, 7
Outpus:
	Concat__1091:0=None, 7
2026-02-01 18:36:30,588 - tf2onnx.graph - DEBUG - Making node: Name=Reshape__1093, OP=Reshape
2026-02-01 18:36:30,588 - tf2onnx.graph - DEBUG - Infer shape and dtype for [Reshape__1093]
2026-02-01 18:36:30,588 - tf2onnx.graph - DEBUG - Set dtype of [Reshape__1093:0] to 1
2026-02-01 18:36:30,589 - tf2onnx.graph - DEBUG - Inferred shape for [Reshape__1093, type: Reshape] is None, SKIP
2026-02-01 18:36:30,589 - tf2onnx.graph - DEBUG - Made node: Reshape__1093
OP=Reshape
Name=Reshape__1093
Inputs:
	Transpose__1083:0=Transpose, None, 1
	Concat__1091:0=Concat, None, 7
Outpus:
	Reshape__1093:0=None, 1
2026-02-01 18:36:30,589 - tf2onnx.graph - DEBUG - Making node: Name=Shape__1094, OP=Shape
2026-02-01 18:36:30,589 - tf2onnx.graph - DEBUG - Infer shape and dtype for [Shape__1094]
2026-02-01 18:36:30,590 - tf2onnx.graph - DEBUG - Set dtype of [Shape__1094:0] to 7
2026-02-01 18:36:30,590 - tf2onnx.graph - DEBUG - Set shape of [Shape__1094:0] to [-1]
2026-02-01 18:36:30,590 - tf2onnx.graph - DEBUG - Made node: Shape__1094
OP=Shape
Name=Shape__1094
Inputs:
	Reshape__1093:0=Reshape, None, 1
Outpus:
	Shape__1094:0=[-1], 7
2026-02-01 18:36:30,590 - tf2onnx.graph - DEBUG - Making node: Name=Shape__1095, OP=Shape
2026-02-01 18:36:30,591 - tf2onnx.graph - DEBUG - Infer shape and dtype for [Shape__1095]
2026-02-01 18:36:30,591 - tf2onnx.graph - DEBUG - Set dtype of [Shape__1095:0] to 7
2026-02-01 18:36:30,592 - tf2onnx.graph - DEBUG - Set shape of [Shape__1095:0] to [1]
2026-02-01 18:36:30,592 - tf2onnx.graph - DEBUG - Made node: Shape__1095
OP=Shape
Name=Shape__1095
Inputs:
	Shape__1094:0=Shape, [-1], 7
Outpus:
	Shape__1095:0=[1], 7
2026-02-01 18:36:30,592 - tf2onnx.graph - DEBUG - Making node: Name=Slice__1097, OP=Slice
2026-02-01 18:36:30,594 - tf2onnx.graph - DEBUG - Infer shape and dtype for [Slice__1097]
2026-02-01 18:36:30,594 - tf2onnx.graph - DEBUG - Set dtype of [Slice__1097:0] to 7
2026-02-01 18:36:30,595 - tf2onnx.graph - DEBUG - Set shape of [Slice__1097:0] to [-1]
2026-02-01 18:36:30,595 - tf2onnx.graph - DEBUG - Made node: Slice__1097
OP=Slice
Name=Slice__1097
Inputs:
	Shape__1094:0=Shape, [-1], 7
	const__881=Const, [1], 7
	Shape__1095:0=Shape, [1], 7
Outpus:
	Slice__1097:0=[-1], 7
2026-02-01 18:36:30,596 - tf2onnx.graph - DEBUG - Making node: Name=Concat__1099, OP=Concat
2026-02-01 18:36:30,596 - tf2onnx.graph - DEBUG - Infer shape and dtype for [Concat__1099]
2026-02-01 18:36:30,596 - tf2onnx.graph - DEBUG - Set dtype of [Concat__1099:0] to 7
2026-02-01 18:36:30,598 - tf2onnx.graph - DEBUG - Set shape of [Concat__1099:0] to [-1]
2026-02-01 18:36:30,598 - tf2onnx.graph - DEBUG - Made node: Concat__1099
OP=Concat
Name=Concat__1099
Inputs:
	const__881=Const, [1], 7
	Slice__1097:0=Slice, [-1], 7
Outpus:
	Concat__1099:0=[-1], 7
2026-02-01 18:36:30,598 - tf2onnx.graph - DEBUG - Making node: Name=Reshape__1101, OP=Reshape
2026-02-01 18:36:30,598 - tf2onnx.graph - DEBUG - Infer shape and dtype for [Reshape__1101]
2026-02-01 18:36:30,599 - tf2onnx.graph - DEBUG - Set dtype of [Reshape__1101:0] to 1
2026-02-01 18:36:30,599 - tf2onnx.graph - DEBUG - Inferred shape for [Reshape__1101, type: Reshape] is None, SKIP
2026-02-01 18:36:30,600 - tf2onnx.graph - DEBUG - Made node: Reshape__1101
OP=Reshape
Name=Reshape__1101
Inputs:
	Reshape__1093:0=Reshape, None, 1
	Concat__1099:0=Concat, [-1], 7
Outpus:
	Reshape__1101:0=None, 1
2026-02-01 18:36:30,600 - tf2onnx.graph - DEBUG - Making node: Name=Add__1103, OP=Add
2026-02-01 18:36:30,600 - tf2onnx.graph - DEBUG - Infer shape and dtype for [Add__1103]
2026-02-01 18:36:30,601 - tf2onnx.graph - DEBUG - Set dtype of [Add__1103:0] to 7
2026-02-01 18:36:30,601 - tf2onnx.graph - DEBUG - Inferred shape for [Add__1103, type: Add] is None, SKIP
2026-02-01 18:36:30,601 - tf2onnx.graph - DEBUG - Made node: Add__1103
OP=Add
Name=Add__1103
Inputs:
	Sub__1078:0=Sub, None, 7
	Slice__917:0=Slice, [-1], 7
Outpus:
	Add__1103:0=None, 7
2026-02-01 18:36:30,602 - tf2onnx.graph - DEBUG - Making node: Name=Concat__1105, OP=Concat
2026-02-01 18:36:30,602 - tf2onnx.graph - DEBUG - Infer shape and dtype for [Concat__1105]
2026-02-01 18:36:30,602 - tf2onnx.graph - DEBUG - Set dtype of [Concat__1105:0] to 7
2026-02-01 18:36:30,603 - tf2onnx.graph - DEBUG - Inferred shape for [Concat__1105, type: Concat] is None, SKIP
2026-02-01 18:36:30,603 - tf2onnx.graph - DEBUG - Made node: Concat__1105
OP=Concat
Name=Concat__1105
Inputs:
	const__882=Const, [1], 7
	Sub__1077:0=Sub, None, 7
	const__882=Const, [1], 7
	Add__1103:0=Add, None, 7
Outpus:
	Concat__1105:0=None, 7
2026-02-01 18:36:30,603 - tf2onnx.graph - DEBUG - Making node: Name=Pad__1106, OP=Pad
2026-02-01 18:36:30,603 - tf2onnx.graph - DEBUG - Infer shape and dtype for [Pad__1106]
2026-02-01 18:36:30,604 - tf2onnx.graph - DEBUG - Set dtype of [Pad__1106:0] to 1
2026-02-01 18:36:30,604 - tf2onnx.graph - DEBUG - Inferred shape for [Pad__1106, type: Pad] is None, SKIP
2026-02-01 18:36:30,604 - tf2onnx.graph - DEBUG - Made node: Pad__1106
OP=Pad
Name=Pad__1106
Inputs:
	Reshape__1101:0=Reshape, None, 1
	Concat__1105:0=Concat, None, 7
	point_net_1/eye/diag/padding_value:0=Const, [], 1
Outpus:
	Pad__1106:0=None, 1
2026-02-01 18:36:30,604 - tf2onnx.graph - DEBUG - Making node: Name=Shape__1107, OP=Shape
2026-02-01 18:36:30,605 - tf2onnx.graph - DEBUG - Infer shape and dtype for [Shape__1107]
2026-02-01 18:36:30,605 - tf2onnx.graph - DEBUG - Set dtype of [Shape__1107:0] to 7
2026-02-01 18:36:30,605 - tf2onnx.graph - DEBUG - Set shape of [Shape__1107:0] to [-1]
2026-02-01 18:36:30,606 - tf2onnx.graph - DEBUG - Made node: Shape__1107
OP=Shape
Name=Shape__1107
Inputs:
	Pad__1106:0=Pad, None, 1
Outpus:
	Shape__1107:0=[-1], 7
2026-02-01 18:36:30,606 - tf2onnx.graph - DEBUG - Making node: Name=Slice__1108, OP=Slice
2026-02-01 18:36:30,606 - tf2onnx.graph - DEBUG - Infer shape and dtype for [Slice__1108]
2026-02-01 18:36:30,607 - tf2onnx.graph - DEBUG - Set dtype of [Slice__1108:0] to 7
2026-02-01 18:36:30,607 - tf2onnx.graph - DEBUG - Set shape of [Slice__1108:0] to [-1]
2026-02-01 18:36:30,607 - tf2onnx.graph - DEBUG - Made node: Slice__1108
OP=Slice
Name=Slice__1108
Inputs:
	Shape__1107:0=Shape, [-1], 7
	const__883=Const, [1], 7
	const__884=Const, [1], 7
Outpus:
	Slice__1108:0=[-1], 7
2026-02-01 18:36:30,607 - tf2onnx.graph - DEBUG - Making node: Name=Concat__1110, OP=Concat
2026-02-01 18:36:30,608 - tf2onnx.graph - DEBUG - Infer shape and dtype for [Concat__1110]
2026-02-01 18:36:30,608 - tf2onnx.graph - DEBUG - Set dtype of [Concat__1110:0] to 7
2026-02-01 18:36:30,608 - tf2onnx.graph - DEBUG - Set shape of [Concat__1110:0] to [-1]
2026-02-01 18:36:30,609 - tf2onnx.graph - DEBUG - Made node: Concat__1110
OP=Concat
Name=Concat__1110
Inputs:
	Slice__913:0=Slice, [-1], 7
	Slice__917:0=Slice, [-1], 7
Outpus:
	Concat__1110:0=[-1], 7
2026-02-01 18:36:30,609 - tf2onnx.graph - DEBUG - Making node: Name=Add__1113, OP=Add
2026-02-01 18:36:30,610 - tf2onnx.graph - DEBUG - Infer shape and dtype for [Add__1113]
2026-02-01 18:36:30,610 - tf2onnx.graph - DEBUG - Set dtype of [Add__1113:0] to 7
2026-02-01 18:36:30,610 - tf2onnx.graph - DEBUG - Inferred shape for [Add__1113, type: Add] is None, SKIP
2026-02-01 18:36:30,611 - tf2onnx.graph - DEBUG - Made node: Add__1113
OP=Add
Name=Add__1113
Inputs:
	Sub__1077:0=Sub, None, 7
	Sub__1077:0=Sub, None, 7
Outpus:
	Add__1113:0=None, 7
2026-02-01 18:36:30,611 - tf2onnx.graph - DEBUG - Making node: Name=Sub__1114, OP=Sub
2026-02-01 18:36:30,611 - tf2onnx.graph - DEBUG - Infer shape and dtype for [Sub__1114]
2026-02-01 18:36:30,611 - tf2onnx.graph - DEBUG - Set dtype of [Sub__1114:0] to 7
2026-02-01 18:36:30,612 - tf2onnx.graph - DEBUG - Inferred shape for [Sub__1114, type: Sub] is None, SKIP
2026-02-01 18:36:30,612 - tf2onnx.graph - DEBUG - Made node: Sub__1114
OP=Sub
Name=Sub__1114
Inputs:
	Add__1113:0=Add, None, 7
	Slice__917:0=Slice, [-1], 7
Outpus:
	Sub__1114:0=None, 7
2026-02-01 18:36:30,612 - tf2onnx.graph - DEBUG - Making node: Name=Squeeze__1116, OP=Squeeze
2026-02-01 18:36:30,612 - tf2onnx.graph - DEBUG - Infer shape and dtype for [Squeeze__1116]
2026-02-01 18:36:30,613 - tf2onnx.graph - DEBUG - Set dtype of [Squeeze__1116:0] to 7
2026-02-01 18:36:30,613 - tf2onnx.graph - DEBUG - Inferred shape for [Squeeze__1116, type: Squeeze] is None, SKIP
2026-02-01 18:36:30,613 - tf2onnx.graph - DEBUG - Made node: Squeeze__1116
OP=Squeeze
Name=Squeeze__1116
Inputs:
	Add__1113:0=Add, None, 7
	const_axes__878=Const, [1], 7
Outpus:
	Squeeze__1116:0=None, 7
2026-02-01 18:36:30,613 - tf2onnx.graph - DEBUG - Making node: Name=Squeeze__1117, OP=Squeeze
2026-02-01 18:36:30,614 - tf2onnx.graph - DEBUG - Infer shape and dtype for [Squeeze__1117]
2026-02-01 18:36:30,614 - tf2onnx.graph - DEBUG - Set dtype of [Squeeze__1117:0] to 7
2026-02-01 18:36:30,614 - tf2onnx.graph - DEBUG - Inferred shape for [Squeeze__1117, type: Squeeze] is None, SKIP
2026-02-01 18:36:30,615 - tf2onnx.graph - DEBUG - Made node: Squeeze__1117
OP=Squeeze
Name=Squeeze__1117
Inputs:
	Sub__1114:0=Sub, None, 7
	const_axes__878=Const, [1], 7
Outpus:
	Squeeze__1117:0=None, 7
2026-02-01 18:36:30,615 - tf2onnx.graph - DEBUG - Making node: Name=Squeeze__1118, OP=Squeeze
2026-02-01 18:36:30,615 - tf2onnx.graph - DEBUG - Infer shape and dtype for [Squeeze__1118]
2026-02-01 18:36:30,615 - tf2onnx.graph - DEBUG - Set dtype of [Squeeze__1118:0] to 7
2026-02-01 18:36:30,616 - tf2onnx.graph - DEBUG - Set shape of [Squeeze__1118:0] to []
2026-02-01 18:36:30,616 - tf2onnx.graph - DEBUG - Made node: Squeeze__1118
OP=Squeeze
Name=Squeeze__1118
Inputs:
	const__881=Const, [1], 7
	const_axes__878=Const, [1], 7
Outpus:
	Squeeze__1118:0=[], 7
2026-02-01 18:36:30,616 - tf2onnx.graph - DEBUG - Making node: Name=Range__1119, OP=Range
2026-02-01 18:36:30,617 - tf2onnx.graph - DEBUG - Infer shape and dtype for [Range__1119]
2026-02-01 18:36:30,617 - tf2onnx.graph - DEBUG - Set dtype of [Range__1119:0] to 7
2026-02-01 18:36:30,617 - tf2onnx.graph - DEBUG - Set shape of [Range__1119:0] to [-1]
2026-02-01 18:36:30,617 - tf2onnx.graph - DEBUG - Made node: Range__1119
OP=Range
Name=Range__1119
Inputs:
	Squeeze__1116:0=Squeeze, None, 7
	Squeeze__1117:0=Squeeze, None, 7
	Squeeze__1118:0=Squeeze, [], 7
Outpus:
	Range__1119:0=[-1], 7
2026-02-01 18:36:30,618 - tf2onnx.graph - DEBUG - Making node: Name=Sub__1120, OP=Sub
2026-02-01 18:36:30,618 - tf2onnx.graph - DEBUG - Infer shape and dtype for [Sub__1120]
2026-02-01 18:36:30,618 - tf2onnx.graph - DEBUG - Set dtype of [Sub__1120:0] to 7
2026-02-01 18:36:30,619 - tf2onnx.graph - DEBUG - Set shape of [Sub__1120:0] to [-1]
2026-02-01 18:36:30,619 - tf2onnx.graph - DEBUG - Made node: Sub__1120
OP=Sub
Name=Sub__1120
Inputs:
	Range__1119:0=Range, [-1], 7
	const__883=Const, [1], 7
Outpus:
	Sub__1120:0=[-1], 7
2026-02-01 18:36:30,619 - tf2onnx.graph - DEBUG - Making node: Name=Cast__1122, OP=Cast
2026-02-01 18:36:30,619 - tf2onnx.graph - DEBUG - Infer shape and dtype for [Cast__1122]
2026-02-01 18:36:30,620 - tf2onnx.graph - DEBUG - Set dtype of [Cast__1122:0] to 1
2026-02-01 18:36:30,620 - tf2onnx.graph - DEBUG - Set shape of [Cast__1122:0] to [-1]
2026-02-01 18:36:30,620 - tf2onnx.graph - DEBUG - Made node: Cast__1122
OP=Cast
Name=Cast__1122
Inputs:
	Sub__1120:0=Sub, [-1], 7
Outpus:
	Cast__1122:0=[-1], 1
2026-02-01 18:36:30,620 - tf2onnx.graph - DEBUG - Making node: Name=Relu__1124, OP=Relu
2026-02-01 18:36:30,621 - tf2onnx.graph - DEBUG - Infer shape and dtype for [Relu__1124]
2026-02-01 18:36:30,621 - tf2onnx.graph - DEBUG - Set dtype of [Relu__1124:0] to 1
2026-02-01 18:36:30,621 - tf2onnx.graph - DEBUG - Set shape of [Relu__1124:0] to [-1]
2026-02-01 18:36:30,622 - tf2onnx.graph - DEBUG - Made node: Relu__1124
OP=Relu
Name=Relu__1124
Inputs:
	Cast__1122:0=Cast, [-1], 1
Outpus:
	Relu__1124:0=[-1], 1
2026-02-01 18:36:30,622 - tf2onnx.graph - DEBUG - Making node: Name=Cast__1126, OP=Cast
2026-02-01 18:36:30,622 - tf2onnx.graph - DEBUG - Infer shape and dtype for [Cast__1126]
2026-02-01 18:36:30,622 - tf2onnx.graph - DEBUG - Set dtype of [Cast__1126:0] to 7
2026-02-01 18:36:30,623 - tf2onnx.graph - DEBUG - Set shape of [Cast__1126:0] to [-1]
2026-02-01 18:36:30,623 - tf2onnx.graph - DEBUG - Made node: Cast__1126
OP=Cast
Name=Cast__1126
Inputs:
	Relu__1124:0=Relu, [-1], 1
Outpus:
	Cast__1126:0=[-1], 7
2026-02-01 18:36:30,623 - tf2onnx.graph - DEBUG - Making node: Name=Add__1128, OP=Add
2026-02-01 18:36:30,623 - tf2onnx.graph - DEBUG - Infer shape and dtype for [Add__1128]
2026-02-01 18:36:30,624 - tf2onnx.graph - DEBUG - Set dtype of [Add__1128:0] to 7
2026-02-01 18:36:30,624 - tf2onnx.graph - DEBUG - Set shape of [Add__1128:0] to [-1]
2026-02-01 18:36:30,625 - tf2onnx.graph - DEBUG - Made node: Add__1128
OP=Add
Name=Add__1128
Inputs:
	Cast__1126:0=Cast, [-1], 7
	const__883=Const, [1], 7
Outpus:
	Add__1128:0=[-1], 7
2026-02-01 18:36:30,625 - tf2onnx.graph - DEBUG - Making node: Name=Shape__1130, OP=Shape
2026-02-01 18:36:30,626 - tf2onnx.graph - DEBUG - Infer shape and dtype for [Shape__1130]
2026-02-01 18:36:30,626 - tf2onnx.graph - DEBUG - Set dtype of [Shape__1130:0] to 7
2026-02-01 18:36:30,626 - tf2onnx.graph - DEBUG - Set shape of [Shape__1130:0] to [1]
2026-02-01 18:36:30,627 - tf2onnx.graph - DEBUG - Made node: Shape__1130
OP=Shape
Name=Shape__1130
Inputs:
	Add__1128:0=Add, [-1], 7
Outpus:
	Shape__1130:0=[1], 7
2026-02-01 18:36:30,627 - tf2onnx.graph - DEBUG - Making node: Name=Concat__1132, OP=Concat
2026-02-01 18:36:30,627 - tf2onnx.graph - DEBUG - Infer shape and dtype for [Concat__1132]
2026-02-01 18:36:30,628 - tf2onnx.graph - DEBUG - Set dtype of [Concat__1132:0] to 7
2026-02-01 18:36:30,628 - tf2onnx.graph - DEBUG - Set shape of [Concat__1132:0] to [2]
2026-02-01 18:36:30,628 - tf2onnx.graph - DEBUG - Made node: Concat__1132
OP=Concat
Name=Concat__1132
Inputs:
	const__881=Const, [1], 7
	Shape__1130:0=Shape, [1], 7
Outpus:
	Concat__1132:0=[2], 7
2026-02-01 18:36:30,628 - tf2onnx.graph - DEBUG - Making node: Name=Reshape__1133, OP=Reshape
2026-02-01 18:36:30,629 - tf2onnx.graph - DEBUG - Infer shape and dtype for [Reshape__1133]
2026-02-01 18:36:30,629 - tf2onnx.graph - DEBUG - Set dtype of [Reshape__1133:0] to 7
2026-02-01 18:36:30,629 - tf2onnx.graph - DEBUG - Inferred shape for [Reshape__1133, type: Reshape] is None, SKIP
2026-02-01 18:36:30,629 - tf2onnx.graph - DEBUG - Made node: Reshape__1133
OP=Reshape
Name=Reshape__1133
Inputs:
	Add__1128:0=Add, [-1], 7
	Concat__1132:0=Concat, [2], 7
Outpus:
	Reshape__1133:0=None, 7
2026-02-01 18:36:30,630 - tf2onnx.graph - DEBUG - Making node: Name=ReverseSequence__1135, OP=ReverseSequence
2026-02-01 18:36:30,630 - tf2onnx.graph - DEBUG - Infer shape and dtype for [ReverseSequence__1135]
2026-02-01 18:36:30,630 - tf2onnx.graph - DEBUG - Set dtype of [ReverseSequence__1135:0] to 7
2026-02-01 18:36:30,630 - tf2onnx.graph - DEBUG - Inferred shape for [ReverseSequence__1135, type: ReverseSequence] is None, SKIP
2026-02-01 18:36:30,631 - tf2onnx.graph - DEBUG - Made node: ReverseSequence__1135
OP=ReverseSequence
Name=ReverseSequence__1135
Inputs:
	Reshape__1133:0=Reshape, None, 7
	Shape__1130:0=Shape, [1], 7
Outpus:
	ReverseSequence__1135:0=None, 7
2026-02-01 18:36:30,631 - tf2onnx.graph - DEBUG - Making node: Name=Reshape__1136, OP=Reshape
2026-02-01 18:36:30,631 - tf2onnx.graph - DEBUG - Infer shape and dtype for [Reshape__1136]
2026-02-01 18:36:30,632 - tf2onnx.graph - DEBUG - Set dtype of [Reshape__1136:0] to 7
2026-02-01 18:36:30,632 - tf2onnx.graph - DEBUG - Inferred shape for [Reshape__1136, type: Reshape] is None, SKIP
2026-02-01 18:36:30,632 - tf2onnx.graph - DEBUG - Made node: Reshape__1136
OP=Reshape
Name=Reshape__1136
Inputs:
	ReverseSequence__1135:0=ReverseSequence, None, 7
	Shape__1130:0=Shape, [1], 7
Outpus:
	Reshape__1136:0=None, 7
2026-02-01 18:36:30,632 - tf2onnx.graph - DEBUG - Making node: Name=Expand__1137, OP=Expand
2026-02-01 18:36:30,632 - tf2onnx.graph - DEBUG - Infer shape and dtype for [Expand__1137]
2026-02-01 18:36:30,633 - tf2onnx.graph - DEBUG - Set dtype of [Expand__1137:0] to 7
2026-02-01 18:36:30,633 - tf2onnx.graph - DEBUG - Inferred shape for [Expand__1137, type: Expand] is None, SKIP
2026-02-01 18:36:30,633 - tf2onnx.graph - DEBUG - Made node: Expand__1137
OP=Expand
Name=Expand__1137
Inputs:
	Reshape__1136:0=Reshape, None, 7
	Concat__1110:0=Concat, [-1], 7
Outpus:
	Expand__1137:0=None, 7
2026-02-01 18:36:30,634 - tf2onnx.graph - DEBUG - Making node: Name=Reshape__1139, OP=Reshape
2026-02-01 18:36:30,634 - tf2onnx.graph - DEBUG - Infer shape and dtype for [Reshape__1139]
2026-02-01 18:36:30,634 - tf2onnx.graph - DEBUG - Set dtype of [Reshape__1139:0] to 7
2026-02-01 18:36:30,634 - tf2onnx.graph - DEBUG - Set shape of [Reshape__1139:0] to [-1]
2026-02-01 18:36:30,635 - tf2onnx.graph - DEBUG - Made node: Reshape__1139
OP=Reshape
Name=Reshape__1139
Inputs:
	Expand__1137:0=Expand, None, 7
	const__881=Const, [1], 7
Outpus:
	Reshape__1139:0=[-1], 7
2026-02-01 18:36:30,635 - tf2onnx.graph - DEBUG - Making node: Name=ReverseSequence__1140, OP=ReverseSequence
2026-02-01 18:36:30,635 - tf2onnx.graph - DEBUG - Infer shape and dtype for [ReverseSequence__1140]
2026-02-01 18:36:30,635 - tf2onnx.graph - DEBUG - Set dtype of [ReverseSequence__1140:0] to 1
2026-02-01 18:36:30,636 - tf2onnx.graph - DEBUG - Inferred shape for [ReverseSequence__1140, type: ReverseSequence] is None, SKIP
2026-02-01 18:36:30,636 - tf2onnx.graph - DEBUG - Made node: ReverseSequence__1140
OP=ReverseSequence
Name=ReverseSequence__1140
Inputs:
	Pad__1106:0=Pad, None, 1
	Reshape__1139:0=Reshape, [-1], 7
Outpus:
	ReverseSequence__1140:0=None, 1
2026-02-01 18:36:30,636 - tf2onnx.graph - DEBUG - Making node: Name=Slice__1142, OP=Slice
2026-02-01 18:36:30,637 - tf2onnx.graph - DEBUG - Infer shape and dtype for [Slice__1142]
2026-02-01 18:36:30,637 - tf2onnx.graph - DEBUG - Set dtype of [Slice__1142:0] to 1
2026-02-01 18:36:30,637 - tf2onnx.graph - DEBUG - Inferred shape for [Slice__1142, type: Slice] is None, SKIP
2026-02-01 18:36:30,637 - tf2onnx.graph - DEBUG - Made node: Slice__1142
OP=Slice
Name=Slice__1142
Inputs:
	ReverseSequence__1140:0=ReverseSequence, None, 1
	Sub__1077:0=Sub, None, 7
	Slice__1108:0=Slice, [-1], 7
	const__883=Const, [1], 7
Outpus:
	Slice__1142:0=None, 1
2026-02-01 18:36:30,638 - tf2onnx.graph - DEBUG - Making node: Name=Shape__1144, OP=Shape
2026-02-01 18:36:30,638 - tf2onnx.graph - DEBUG - Infer shape and dtype for [Shape__1144]
2026-02-01 18:36:30,638 - tf2onnx.graph - DEBUG - Set dtype of [Shape__1144:0] to 7
2026-02-01 18:36:30,639 - tf2onnx.graph - DEBUG - Set shape of [Shape__1144:0] to [-1]
2026-02-01 18:36:30,639 - tf2onnx.graph - DEBUG - Made node: Shape__1144
OP=Shape
Name=Shape__1144
Inputs:
	Slice__1142:0=Slice, None, 1
Outpus:
	Shape__1144:0=[-1], 7
2026-02-01 18:36:30,639 - tf2onnx.graph - DEBUG - Making node: Name=Slice__1145, OP=Slice
2026-02-01 18:36:30,639 - tf2onnx.graph - DEBUG - Infer shape and dtype for [Slice__1145]
2026-02-01 18:36:30,640 - tf2onnx.graph - DEBUG - Set dtype of [Slice__1145:0] to 7
2026-02-01 18:36:30,640 - tf2onnx.graph - DEBUG - Set shape of [Slice__1145:0] to [-1]
2026-02-01 18:36:30,640 - tf2onnx.graph - DEBUG - Made node: Slice__1145
OP=Slice
Name=Slice__1145
Inputs:
	Shape__1144:0=Shape, [-1], 7
	const__882=Const, [1], 7
	const__883=Const, [1], 7
Outpus:
	Slice__1145:0=[-1], 7
2026-02-01 18:36:30,641 - tf2onnx.graph - DEBUG - Making node: Name=Slice__1147, OP=Slice
2026-02-01 18:36:30,641 - tf2onnx.graph - DEBUG - Infer shape and dtype for [Slice__1147]
2026-02-01 18:36:30,641 - tf2onnx.graph - DEBUG - Set dtype of [Slice__1147:0] to 7
2026-02-01 18:36:30,642 - tf2onnx.graph - DEBUG - Set shape of [Slice__1147:0] to [-1]
2026-02-01 18:36:30,642 - tf2onnx.graph - DEBUG - Made node: Slice__1147
OP=Slice
Name=Slice__1147
Inputs:
	Shape__1144:0=Shape, [-1], 7
	const__883=Const, [1], 7
	const__884=Const, [1], 7
Outpus:
	Slice__1147:0=[-1], 7
2026-02-01 18:36:30,642 - tf2onnx.graph - DEBUG - Making node: Name=Expand__1149, OP=Expand
2026-02-01 18:36:30,642 - tf2onnx.graph - DEBUG - Infer shape and dtype for [Expand__1149]
2026-02-01 18:36:30,643 - tf2onnx.graph - DEBUG - Set dtype of [Expand__1149:0] to 7
2026-02-01 18:36:30,643 - tf2onnx.graph - DEBUG - Inferred shape for [Expand__1149, type: Expand] is None, SKIP
2026-02-01 18:36:30,644 - tf2onnx.graph - DEBUG - Made node: Expand__1149
OP=Expand
Name=Expand__1149
Inputs:
	Slice__1147:0=Slice, [-1], 7
	Slice__1145:0=Slice, [-1], 7
Outpus:
	Expand__1149:0=None, 7
2026-02-01 18:36:30,644 - tf2onnx.graph - DEBUG - Making node: Name=ReverseSequence__1152, OP=ReverseSequence
2026-02-01 18:36:30,644 - tf2onnx.graph - DEBUG - Infer shape and dtype for [ReverseSequence__1152]
2026-02-01 18:36:30,644 - tf2onnx.graph - DEBUG - Set dtype of [ReverseSequence__1152:0] to 1
2026-02-01 18:36:30,645 - tf2onnx.graph - DEBUG - Inferred shape for [ReverseSequence__1152, type: ReverseSequence] is None, SKIP
2026-02-01 18:36:30,645 - tf2onnx.graph - DEBUG - Made node: ReverseSequence__1152
OP=ReverseSequence
Name=ReverseSequence__1152
Inputs:
	Slice__1142:0=Slice, None, 1
	Expand__1149:0=Expand, None, 7
Outpus:
	ReverseSequence__1152:0=None, 1
2026-02-01 18:36:30,645 - tf2onnx.graph - DEBUG - Making node: Name=Add__1153, OP=Add
2026-02-01 18:36:30,646 - tf2onnx.graph - DEBUG - Infer shape and dtype for [Add__1153]
2026-02-01 18:36:30,646 - tf2onnx.graph - DEBUG - Set dtype of [Add__1153:0] to 7
2026-02-01 18:36:30,646 - tf2onnx.graph - DEBUG - Inferred shape for [Add__1153, type: Add] is None, SKIP
2026-02-01 18:36:30,646 - tf2onnx.graph - DEBUG - Made node: Add__1153
OP=Add
Name=Add__1153
Inputs:
	Add__1103:0=Add, None, 7
	Sub__1078:0=Sub, None, 7
Outpus:
	Add__1153:0=None, 7
2026-02-01 18:36:30,647 - tf2onnx.graph - DEBUG - Making node: Name=Sub__1154, OP=Sub
2026-02-01 18:36:30,647 - tf2onnx.graph - DEBUG - Infer shape and dtype for [Sub__1154]
2026-02-01 18:36:30,647 - tf2onnx.graph - DEBUG - Set dtype of [Sub__1154:0] to 7
2026-02-01 18:36:30,647 - tf2onnx.graph - DEBUG - Inferred shape for [Sub__1154, type: Sub] is None, SKIP
2026-02-01 18:36:30,648 - tf2onnx.graph - DEBUG - Made node: Sub__1154
OP=Sub
Name=Sub__1154
Inputs:
	Add__1153:0=Add, None, 7
	Slice__917:0=Slice, [-1], 7
Outpus:
	Sub__1154:0=None, 7
2026-02-01 18:36:30,648 - tf2onnx.graph - DEBUG - Making node: Name=Squeeze__1156, OP=Squeeze
2026-02-01 18:36:30,648 - tf2onnx.graph - DEBUG - Infer shape and dtype for [Squeeze__1156]
2026-02-01 18:36:30,648 - tf2onnx.graph - DEBUG - Set dtype of [Squeeze__1156:0] to 7
2026-02-01 18:36:30,649 - tf2onnx.graph - DEBUG - Inferred shape for [Squeeze__1156, type: Squeeze] is None, SKIP
2026-02-01 18:36:30,649 - tf2onnx.graph - DEBUG - Made node: Squeeze__1156
OP=Squeeze
Name=Squeeze__1156
Inputs:
	Add__1153:0=Add, None, 7
	const_axes__878=Const, [1], 7
Outpus:
	Squeeze__1156:0=None, 7
2026-02-01 18:36:30,649 - tf2onnx.graph - DEBUG - Making node: Name=Squeeze__1157, OP=Squeeze
2026-02-01 18:36:30,649 - tf2onnx.graph - DEBUG - Infer shape and dtype for [Squeeze__1157]
2026-02-01 18:36:30,650 - tf2onnx.graph - DEBUG - Set dtype of [Squeeze__1157:0] to 7
2026-02-01 18:36:30,650 - tf2onnx.graph - DEBUG - Inferred shape for [Squeeze__1157, type: Squeeze] is None, SKIP
2026-02-01 18:36:30,650 - tf2onnx.graph - DEBUG - Made node: Squeeze__1157
OP=Squeeze
Name=Squeeze__1157
Inputs:
	Sub__1154:0=Sub, None, 7
	const_axes__878=Const, [1], 7
Outpus:
	Squeeze__1157:0=None, 7
2026-02-01 18:36:30,650 - tf2onnx.graph - DEBUG - Making node: Name=Squeeze__1158, OP=Squeeze
2026-02-01 18:36:30,651 - tf2onnx.graph - DEBUG - Infer shape and dtype for [Squeeze__1158]
2026-02-01 18:36:30,651 - tf2onnx.graph - DEBUG - Set dtype of [Squeeze__1158:0] to 7
2026-02-01 18:36:30,651 - tf2onnx.graph - DEBUG - Set shape of [Squeeze__1158:0] to []
2026-02-01 18:36:30,652 - tf2onnx.graph - DEBUG - Made node: Squeeze__1158
OP=Squeeze
Name=Squeeze__1158
Inputs:
	const__881=Const, [1], 7
	const_axes__878=Const, [1], 7
Outpus:
	Squeeze__1158:0=[], 7
2026-02-01 18:36:30,652 - tf2onnx.graph - DEBUG - Making node: Name=Range__1159, OP=Range
2026-02-01 18:36:30,652 - tf2onnx.graph - DEBUG - Infer shape and dtype for [Range__1159]
2026-02-01 18:36:30,653 - tf2onnx.graph - DEBUG - Set dtype of [Range__1159:0] to 7
2026-02-01 18:36:30,653 - tf2onnx.graph - DEBUG - Set shape of [Range__1159:0] to [-1]
2026-02-01 18:36:30,654 - tf2onnx.graph - DEBUG - Made node: Range__1159
OP=Range
Name=Range__1159
Inputs:
	Squeeze__1156:0=Squeeze, None, 7
	Squeeze__1157:0=Squeeze, None, 7
	Squeeze__1158:0=Squeeze, [], 7
Outpus:
	Range__1159:0=[-1], 7
2026-02-01 18:36:30,654 - tf2onnx.graph - DEBUG - Making node: Name=Expand__1160, OP=Expand
2026-02-01 18:36:30,654 - tf2onnx.graph - DEBUG - Infer shape and dtype for [Expand__1160]
2026-02-01 18:36:30,654 - tf2onnx.graph - DEBUG - Set dtype of [Expand__1160:0] to 7
2026-02-01 18:36:30,655 - tf2onnx.graph - DEBUG - Inferred shape for [Expand__1160, type: Expand] is None, SKIP
2026-02-01 18:36:30,655 - tf2onnx.graph - DEBUG - Made node: Expand__1160
OP=Expand
Name=Expand__1160
Inputs:
	Range__1159:0=Range, [-1], 7
	Concat__1110:0=Concat, [-1], 7
Outpus:
	Expand__1160:0=None, 7
2026-02-01 18:36:30,655 - tf2onnx.graph - DEBUG - Making node: Name=Reshape__1163, OP=Reshape
2026-02-01 18:36:30,655 - tf2onnx.graph - DEBUG - Infer shape and dtype for [Reshape__1163]
2026-02-01 18:36:30,656 - tf2onnx.graph - DEBUG - Set dtype of [Reshape__1163:0] to 7
2026-02-01 18:36:30,656 - tf2onnx.graph - DEBUG - Set shape of [Reshape__1163:0] to [-1]
2026-02-01 18:36:30,656 - tf2onnx.graph - DEBUG - Made node: Reshape__1163
OP=Reshape
Name=Reshape__1163
Inputs:
	Expand__1160:0=Expand, None, 7
	const__881=Const, [1], 7
Outpus:
	Reshape__1163:0=[-1], 7
2026-02-01 18:36:30,656 - tf2onnx.graph - DEBUG - Making node: Name=ReverseSequence__1164, OP=ReverseSequence
2026-02-01 18:36:30,657 - tf2onnx.graph - DEBUG - Infer shape and dtype for [ReverseSequence__1164]
2026-02-01 18:36:30,657 - tf2onnx.graph - DEBUG - Set dtype of [ReverseSequence__1164:0] to 1
2026-02-01 18:36:30,657 - tf2onnx.graph - DEBUG - Inferred shape for [ReverseSequence__1164, type: ReverseSequence] is None, SKIP
2026-02-01 18:36:30,658 - tf2onnx.graph - DEBUG - Made node: ReverseSequence__1164
OP=ReverseSequence
Name=ReverseSequence__1164
Inputs:
	ReverseSequence__1152:0=ReverseSequence, None, 1
	Reshape__1163:0=Reshape, [-1], 7
Outpus:
	ReverseSequence__1164:0=None, 1
2026-02-01 18:36:30,658 - tf2onnx.graph - DEBUG - Making node: Name=Shape__1166, OP=Shape
2026-02-01 18:36:30,658 - tf2onnx.graph - DEBUG - Infer shape and dtype for [Shape__1166]
2026-02-01 18:36:30,658 - tf2onnx.graph - DEBUG - Set dtype of [Shape__1166:0] to 7
2026-02-01 18:36:30,659 - tf2onnx.graph - DEBUG - Set shape of [Shape__1166:0] to [-1]
2026-02-01 18:36:30,659 - tf2onnx.graph - DEBUG - Made node: Shape__1166
OP=Shape
Name=Shape__1166
Inputs:
	ReverseSequence__1164:0=ReverseSequence, None, 1
Outpus:
	Shape__1166:0=[-1], 7
2026-02-01 18:36:30,660 - tf2onnx.graph - DEBUG - Making node: Name=Slice__1167, OP=Slice
2026-02-01 18:36:30,660 - tf2onnx.graph - DEBUG - Infer shape and dtype for [Slice__1167]
2026-02-01 18:36:30,660 - tf2onnx.graph - DEBUG - Set dtype of [Slice__1167:0] to 7
2026-02-01 18:36:30,661 - tf2onnx.graph - DEBUG - Set shape of [Slice__1167:0] to [-1]
2026-02-01 18:36:30,661 - tf2onnx.graph - DEBUG - Made node: Slice__1167
OP=Slice
Name=Slice__1167
Inputs:
	Shape__1166:0=Shape, [-1], 7
	const__883=Const, [1], 7
	const__884=Const, [1], 7
Outpus:
	Slice__1167:0=[-1], 7
2026-02-01 18:36:30,661 - tf2onnx.graph - DEBUG - Making node: Name=Slice__1169, OP=Slice
2026-02-01 18:36:30,661 - tf2onnx.graph - DEBUG - Infer shape and dtype for [Slice__1169]
2026-02-01 18:36:30,662 - tf2onnx.graph - DEBUG - Set dtype of [Slice__1169:0] to 1
2026-02-01 18:36:30,662 - tf2onnx.graph - DEBUG - Inferred shape for [Slice__1169, type: Slice] is None, SKIP
2026-02-01 18:36:30,662 - tf2onnx.graph - DEBUG - Made node: Slice__1169
OP=Slice
Name=Slice__1169
Inputs:
	ReverseSequence__1164:0=ReverseSequence, None, 1
	Sub__1078:0=Sub, None, 7
	Slice__1167:0=Slice, [-1], 7
	const__883=Const, [1], 7
Outpus:
	Slice__1169:0=None, 1
2026-02-01 18:36:30,663 - tf2onnx.graph - DEBUG - Making node: Name=Sub__1171, OP=Sub
2026-02-01 18:36:30,663 - tf2onnx.graph - DEBUG - Infer shape and dtype for [Sub__1171]
2026-02-01 18:36:30,663 - tf2onnx.graph - DEBUG - Set dtype of [Sub__1171:0] to 7
2026-02-01 18:36:30,664 - tf2onnx.graph - DEBUG - Inferred shape for [Sub__1171, type: Sub] is None, SKIP
2026-02-01 18:36:30,664 - tf2onnx.graph - DEBUG - Made node: Sub__1171
OP=Sub
Name=Sub__1171
Inputs:
	Slice__1167:0=Slice, [-1], 7
	Sub__1078:0=Sub, None, 7
Outpus:
	Sub__1171:0=None, 7
2026-02-01 18:36:30,664 - tf2onnx.graph - DEBUG - Making node: Name=Shape__1173, OP=Shape
2026-02-01 18:36:30,664 - tf2onnx.graph - DEBUG - Infer shape and dtype for [Shape__1173]
2026-02-01 18:36:30,665 - tf2onnx.graph - DEBUG - Set dtype of [Shape__1173:0] to 7
2026-02-01 18:36:30,665 - tf2onnx.graph - DEBUG - Set shape of [Shape__1173:0] to [1]
2026-02-01 18:36:30,665 - tf2onnx.graph - DEBUG - Made node: Shape__1173
OP=Shape
Name=Shape__1173
Inputs:
	Reshape__1163:0=Reshape, [-1], 7
Outpus:
	Shape__1173:0=[1], 7
2026-02-01 18:36:30,665 - tf2onnx.graph - DEBUG - Making node: Name=Expand__1175, OP=Expand
2026-02-01 18:36:30,666 - tf2onnx.graph - DEBUG - Infer shape and dtype for [Expand__1175]
2026-02-01 18:36:30,666 - tf2onnx.graph - DEBUG - Set dtype of [Expand__1175:0] to 7
2026-02-01 18:36:30,666 - tf2onnx.graph - DEBUG - Inferred shape for [Expand__1175, type: Expand] is None, SKIP
2026-02-01 18:36:30,667 - tf2onnx.graph - DEBUG - Made node: Expand__1175
OP=Expand
Name=Expand__1175
Inputs:
	Sub__1171:0=Sub, None, 7
	Shape__1173:0=Shape, [1], 7
Outpus:
	Expand__1175:0=None, 7
2026-02-01 18:36:30,667 - tf2onnx.graph - DEBUG - Making node: Name=ReverseSequence__1176, OP=ReverseSequence
2026-02-01 18:36:30,667 - tf2onnx.graph - DEBUG - Infer shape and dtype for [ReverseSequence__1176]
2026-02-01 18:36:30,667 - tf2onnx.graph - DEBUG - Set dtype of [ReverseSequence__1176:0] to 1
2026-02-01 18:36:30,668 - tf2onnx.graph - DEBUG - Inferred shape for [ReverseSequence__1176, type: ReverseSequence] is None, SKIP
2026-02-01 18:36:30,668 - tf2onnx.graph - DEBUG - Made node: ReverseSequence__1176
OP=ReverseSequence
Name=ReverseSequence__1176
Inputs:
	Slice__1169:0=Slice, None, 1
	Expand__1175:0=Expand, None, 7
Outpus:
	ReverseSequence__1176:0=None, 1
2026-02-01 18:36:30,668 - tf2onnx.graph - DEBUG - Making node: Name=Sub__1177, OP=Sub
2026-02-01 18:36:30,668 - tf2onnx.graph - DEBUG - Infer shape and dtype for [Sub__1177]
2026-02-01 18:36:30,669 - tf2onnx.graph - DEBUG - Set dtype of [Sub__1177:0] to 7
2026-02-01 18:36:30,669 - tf2onnx.graph - DEBUG - Inferred shape for [Sub__1177, type: Sub] is None, SKIP
2026-02-01 18:36:30,669 - tf2onnx.graph - DEBUG - Made node: Sub__1177
OP=Sub
Name=Sub__1177
Inputs:
	Slice__919:0=Slice, [-1], 7
	Sub__1078:0=Sub, None, 7
Outpus:
	Sub__1177:0=None, 7
2026-02-01 18:36:30,669 - tf2onnx.graph - DEBUG - Making node: Name=Add__1179, OP=Add
2026-02-01 18:36:30,670 - tf2onnx.graph - DEBUG - Infer shape and dtype for [Add__1179]
2026-02-01 18:36:30,670 - tf2onnx.graph - DEBUG - Set dtype of [Add__1179:0] to 7
2026-02-01 18:36:30,670 - tf2onnx.graph - DEBUG - Inferred shape for [Add__1179, type: Add] is None, SKIP
2026-02-01 18:36:30,671 - tf2onnx.graph - DEBUG - Made node: Add__1179
OP=Add
Name=Add__1179
Inputs:
	Sub__1177:0=Sub, None, 7
	Slice__917:0=Slice, [-1], 7
Outpus:
	Add__1179:0=None, 7
2026-02-01 18:36:30,671 - tf2onnx.graph - DEBUG - Making node: Name=Squeeze__1181, OP=Squeeze
2026-02-01 18:36:30,671 - tf2onnx.graph - DEBUG - Infer shape and dtype for [Squeeze__1181]
2026-02-01 18:36:30,671 - tf2onnx.graph - DEBUG - Set dtype of [Squeeze__1181:0] to 7
2026-02-01 18:36:30,672 - tf2onnx.graph - DEBUG - Inferred shape for [Squeeze__1181, type: Squeeze] is None, SKIP
2026-02-01 18:36:30,672 - tf2onnx.graph - DEBUG - Made node: Squeeze__1181
OP=Squeeze
Name=Squeeze__1181
Inputs:
	Sub__1177:0=Sub, None, 7
	const_axes__878=Const, [1], 7
Outpus:
	Squeeze__1181:0=None, 7
2026-02-01 18:36:30,672 - tf2onnx.graph - DEBUG - Making node: Name=Squeeze__1182, OP=Squeeze
2026-02-01 18:36:30,672 - tf2onnx.graph - DEBUG - Infer shape and dtype for [Squeeze__1182]
2026-02-01 18:36:30,673 - tf2onnx.graph - DEBUG - Set dtype of [Squeeze__1182:0] to 7
2026-02-01 18:36:30,673 - tf2onnx.graph - DEBUG - Inferred shape for [Squeeze__1182, type: Squeeze] is None, SKIP
2026-02-01 18:36:30,673 - tf2onnx.graph - DEBUG - Made node: Squeeze__1182
OP=Squeeze
Name=Squeeze__1182
Inputs:
	Add__1179:0=Add, None, 7
	const_axes__878=Const, [1], 7
Outpus:
	Squeeze__1182:0=None, 7
2026-02-01 18:36:30,673 - tf2onnx.graph - DEBUG - Making node: Name=Squeeze__1183, OP=Squeeze
2026-02-01 18:36:30,674 - tf2onnx.graph - DEBUG - Infer shape and dtype for [Squeeze__1183]
2026-02-01 18:36:30,674 - tf2onnx.graph - DEBUG - Set dtype of [Squeeze__1183:0] to 7
2026-02-01 18:36:30,674 - tf2onnx.graph - DEBUG - Set shape of [Squeeze__1183:0] to []
2026-02-01 18:36:30,674 - tf2onnx.graph - DEBUG - Made node: Squeeze__1183
OP=Squeeze
Name=Squeeze__1183
Inputs:
	const__883=Const, [1], 7
	const_axes__878=Const, [1], 7
Outpus:
	Squeeze__1183:0=[], 7
2026-02-01 18:36:30,675 - tf2onnx.graph - DEBUG - Making node: Name=Range__1184, OP=Range
2026-02-01 18:36:30,675 - tf2onnx.graph - DEBUG - Infer shape and dtype for [Range__1184]
2026-02-01 18:36:30,675 - tf2onnx.graph - DEBUG - Set dtype of [Range__1184:0] to 7
2026-02-01 18:36:30,676 - tf2onnx.graph - DEBUG - Set shape of [Range__1184:0] to [-1]
2026-02-01 18:36:30,676 - tf2onnx.graph - DEBUG - Made node: Range__1184
OP=Range
Name=Range__1184
Inputs:
	Squeeze__1181:0=Squeeze, None, 7
	Squeeze__1182:0=Squeeze, None, 7
	Squeeze__1183:0=Squeeze, [], 7
Outpus:
	Range__1184:0=[-1], 7
2026-02-01 18:36:30,677 - tf2onnx.graph - DEBUG - Making node: Name=Expand__1185, OP=Expand
2026-02-01 18:36:30,677 - tf2onnx.graph - DEBUG - Infer shape and dtype for [Expand__1185]
2026-02-01 18:36:30,677 - tf2onnx.graph - DEBUG - Set dtype of [Expand__1185:0] to 7
2026-02-01 18:36:30,677 - tf2onnx.graph - DEBUG - Inferred shape for [Expand__1185, type: Expand] is None, SKIP
2026-02-01 18:36:30,678 - tf2onnx.graph - DEBUG - Made node: Expand__1185
OP=Expand
Name=Expand__1185
Inputs:
	Range__1184:0=Range, [-1], 7
	Concat__1110:0=Concat, [-1], 7
Outpus:
	Expand__1185:0=None, 7
2026-02-01 18:36:30,678 - tf2onnx.graph - DEBUG - Making node: Name=Reshape__1188, OP=Reshape
2026-02-01 18:36:30,678 - tf2onnx.graph - DEBUG - Infer shape and dtype for [Reshape__1188]
2026-02-01 18:36:30,678 - tf2onnx.graph - DEBUG - Set dtype of [Reshape__1188:0] to 7
2026-02-01 18:36:30,679 - tf2onnx.graph - DEBUG - Set shape of [Reshape__1188:0] to [-1]
2026-02-01 18:36:30,679 - tf2onnx.graph - DEBUG - Made node: Reshape__1188
OP=Reshape
Name=Reshape__1188
Inputs:
	Expand__1185:0=Expand, None, 7
	const__881=Const, [1], 7
Outpus:
	Reshape__1188:0=[-1], 7
2026-02-01 18:36:30,679 - tf2onnx.graph - DEBUG - Making node: Name=ReverseSequence__1189, OP=ReverseSequence
2026-02-01 18:36:30,679 - tf2onnx.graph - DEBUG - Infer shape and dtype for [ReverseSequence__1189]
2026-02-01 18:36:30,680 - tf2onnx.graph - DEBUG - Set dtype of [ReverseSequence__1189:0] to 1
2026-02-01 18:36:30,680 - tf2onnx.graph - DEBUG - Inferred shape for [ReverseSequence__1189, type: ReverseSequence] is None, SKIP
2026-02-01 18:36:30,680 - tf2onnx.graph - DEBUG - Made node: ReverseSequence__1189
OP=ReverseSequence
Name=ReverseSequence__1189
Inputs:
	ReverseSequence__1176:0=ReverseSequence, None, 1
	Reshape__1188:0=Reshape, [-1], 7
Outpus:
	ReverseSequence__1189:0=None, 1
2026-02-01 18:36:30,681 - tf2onnx.graph - DEBUG - Making node: Name=Sub__1191, OP=Sub
2026-02-01 18:36:30,681 - tf2onnx.graph - DEBUG - Infer shape and dtype for [Sub__1191]
2026-02-01 18:36:30,681 - tf2onnx.graph - DEBUG - Set dtype of [Sub__1191:0] to 7
2026-02-01 18:36:30,681 - tf2onnx.graph - DEBUG - Set shape of [Sub__1191:0] to [-1]
2026-02-01 18:36:30,682 - tf2onnx.graph - DEBUG - Made node: Sub__1191
OP=Sub
Name=Sub__1191
Inputs:
	ReduceMax__891:0=ReduceMax, [1], 7
	Sub__974:0=Sub, [-1], 7
Outpus:
	Sub__1191:0=[-1], 7
2026-02-01 18:36:30,682 - tf2onnx.graph - DEBUG - Making node: Name=Add__1193, OP=Add
2026-02-01 18:36:30,682 - tf2onnx.graph - DEBUG - Infer shape and dtype for [Add__1193]
2026-02-01 18:36:30,683 - tf2onnx.graph - DEBUG - Set dtype of [Add__1193:0] to 7
2026-02-01 18:36:30,683 - tf2onnx.graph - DEBUG - Set shape of [Add__1193:0] to [-1]
2026-02-01 18:36:30,683 - tf2onnx.graph - DEBUG - Made node: Add__1193
OP=Add
Name=Add__1193
Inputs:
	Sub__1191:0=Sub, [-1], 7
	const__883=Const, [1], 7
Outpus:
	Add__1193:0=[-1], 7
2026-02-01 18:36:30,683 - tf2onnx.graph - DEBUG - Making node: Name=Slice__1195, OP=Slice
2026-02-01 18:36:30,684 - tf2onnx.graph - DEBUG - Infer shape and dtype for [Slice__1195]
2026-02-01 18:36:30,684 - tf2onnx.graph - DEBUG - Set dtype of [Slice__1195:0] to 7
2026-02-01 18:36:30,684 - tf2onnx.graph - DEBUG - Inferred shape for [Slice__1195, type: Slice] is None, SKIP
2026-02-01 18:36:30,685 - tf2onnx.graph - DEBUG - Made node: Slice__1195
OP=Slice
Name=Slice__1195
Inputs:
	Concat__999:0=Concat, None, 7
	Sub__1191:0=Sub, [-1], 7
	Add__1193:0=Add, [-1], 7
Outpus:
	Slice__1195:0=None, 7
2026-02-01 18:36:30,685 - tf2onnx.graph - DEBUG - Making node: Name=Abs__1198, OP=Abs
2026-02-01 18:36:30,685 - tf2onnx.graph - DEBUG - Infer shape and dtype for [Abs__1198]
2026-02-01 18:36:30,685 - tf2onnx.graph - DEBUG - Set dtype of [Abs__1198:0] to 7
2026-02-01 18:36:30,686 - tf2onnx.graph - DEBUG - Set shape of [Abs__1198:0] to [1]
2026-02-01 18:36:30,686 - tf2onnx.graph - DEBUG - Made node: Abs__1198
OP=Abs
Name=Abs__1198
Inputs:
	ReduceMax__891:0=ReduceMax, [1], 7
Outpus:
	Abs__1198:0=[1], 7
2026-02-01 18:36:30,686 - tf2onnx.graph - DEBUG - Making node: Name=Sub__1199, OP=Sub
2026-02-01 18:36:30,686 - tf2onnx.graph - DEBUG - Infer shape and dtype for [Sub__1199]
2026-02-01 18:36:30,687 - tf2onnx.graph - DEBUG - Set dtype of [Sub__1199:0] to 7
2026-02-01 18:36:30,687 - tf2onnx.graph - DEBUG - Set shape of [Sub__1199:0] to [1]
2026-02-01 18:36:30,687 - tf2onnx.graph - DEBUG - Made node: Sub__1199
OP=Sub
Name=Sub__1199
Inputs:
	Abs__1198:0=Abs, [1], 7
	ReduceMin__927:0=ReduceMin, [1], 7
Outpus:
	Sub__1199:0=[1], 7
2026-02-01 18:36:30,687 - tf2onnx.graph - DEBUG - Making node: Name=Add__1200, OP=Add
2026-02-01 18:36:30,688 - tf2onnx.graph - DEBUG - Infer shape and dtype for [Add__1200]
2026-02-01 18:36:30,688 - tf2onnx.graph - DEBUG - Set dtype of [Add__1200:0] to 7
2026-02-01 18:36:30,688 - tf2onnx.graph - DEBUG - Inferred shape for [Add__1200, type: Add] is None, SKIP
2026-02-01 18:36:30,688 - tf2onnx.graph - DEBUG - Made node: Add__1200
OP=Add
Name=Add__1200
Inputs:
	Slice__1195:0=Slice, None, 7
	Sub__1199:0=Sub, [1], 7
Outpus:
	Add__1200:0=None, 7
2026-02-01 18:36:30,689 - tf2onnx.graph - DEBUG - Making node: Name=Slice__1201, OP=Slice
2026-02-01 18:36:30,689 - tf2onnx.graph - DEBUG - Infer shape and dtype for [Slice__1201]
2026-02-01 18:36:30,689 - tf2onnx.graph - DEBUG - Set dtype of [Slice__1201:0] to 1
2026-02-01 18:36:30,689 - tf2onnx.graph - DEBUG - Inferred shape for [Slice__1201, type: Slice] is None, SKIP
2026-02-01 18:36:30,690 - tf2onnx.graph - DEBUG - Made node: Slice__1201
OP=Slice
Name=Slice__1201
Inputs:
	ReverseSequence__1189:0=ReverseSequence, None, 1
	const__882=Const, [1], 7
	Add__1200:0=Add, None, 7
	const__883=Const, [1], 7
Outpus:
	Slice__1201:0=None, 1
2026-02-01 18:36:30,690 - tf2onnx.graph - DEBUG - Making node: Name=Concat__1202, OP=Concat
2026-02-01 18:36:30,690 - tf2onnx.graph - DEBUG - Infer shape and dtype for [Concat__1202]
2026-02-01 18:36:30,691 - tf2onnx.graph - DEBUG - Set dtype of [Concat__1202:0] to 7
2026-02-01 18:36:30,691 - tf2onnx.graph - DEBUG - Set shape of [Concat__1202:0] to [-1]
2026-02-01 18:36:30,691 - tf2onnx.graph - DEBUG - Made node: Concat__1202
OP=Concat
Name=Concat__1202
Inputs:
	Slice__913:0=Slice, [-1], 7
	Slice__917:0=Slice, [-1], 7
	const__881=Const, [1], 7
Outpus:
	Concat__1202:0=[-1], 7
2026-02-01 18:36:30,692 - tf2onnx.graph - DEBUG - Making node: Name=Reshape__1205, OP=Reshape
2026-02-01 18:36:30,692 - tf2onnx.graph - DEBUG - Infer shape and dtype for [Reshape__1205]
2026-02-01 18:36:30,693 - tf2onnx.graph - DEBUG - Set dtype of [Reshape__1205:0] to 1
2026-02-01 18:36:30,693 - tf2onnx.graph - DEBUG - Inferred shape for [Reshape__1205, type: Reshape] is None, SKIP
2026-02-01 18:36:30,693 - tf2onnx.graph - DEBUG - Made node: Reshape__1205
OP=Reshape
Name=Reshape__1205
Inputs:
	Slice__1201:0=Slice, None, 1
	Concat__1202:0=Concat, [-1], 7
Outpus:
	Reshape__1205:0=None, 1
2026-02-01 18:36:30,694 - tf2onnx.graph - DEBUG - Making node: Name=Sub__1207, OP=Sub
2026-02-01 18:36:30,694 - tf2onnx.graph - DEBUG - Infer shape and dtype for [Sub__1207]
2026-02-01 18:36:30,694 - tf2onnx.graph - DEBUG - Set dtype of [Sub__1207:0] to 7
2026-02-01 18:36:30,695 - tf2onnx.graph - DEBUG - Set shape of [Sub__1207:0] to [-1]
2026-02-01 18:36:30,695 - tf2onnx.graph - DEBUG - Made node: Sub__1207
OP=Sub
Name=Sub__1207
Inputs:
	Slice__970:0=Slice, [-1], 7
	Slice__917:0=Slice, [-1], 7
Outpus:
	Sub__1207:0=[-1], 7
2026-02-01 18:36:30,695 - tf2onnx.graph - DEBUG - Making node: Name=Sub__1210, OP=Sub
2026-02-01 18:36:30,695 - tf2onnx.graph - DEBUG - Infer shape and dtype for [Sub__1210]
2026-02-01 18:36:30,696 - tf2onnx.graph - DEBUG - Set dtype of [Sub__1210:0] to 7
2026-02-01 18:36:30,696 - tf2onnx.graph - DEBUG - Inferred shape for [Sub__1210, type: Sub] is None, SKIP
2026-02-01 18:36:30,696 - tf2onnx.graph - DEBUG - Made node: Sub__1210
OP=Sub
Name=Sub__1210
Inputs:
	Slice__972:0=Slice, [-1], 7
	Add__1200:0=Add, None, 7
Outpus:
	Sub__1210:0=None, 7
2026-02-01 18:36:30,696 - tf2onnx.graph - DEBUG - Making node: Name=Sub__1212, OP=Sub
2026-02-01 18:36:30,697 - tf2onnx.graph - DEBUG - Infer shape and dtype for [Sub__1212]
2026-02-01 18:36:30,697 - tf2onnx.graph - DEBUG - Set dtype of [Sub__1212:0] to 7
2026-02-01 18:36:30,697 - tf2onnx.graph - DEBUG - Set shape of [Sub__1212:0] to [1]
2026-02-01 18:36:30,698 - tf2onnx.graph - DEBUG - Made node: Sub__1212
OP=Sub
Name=Sub__1212
Inputs:
	const__882=Const, [1], 7
	ReduceMax__891:0=ReduceMax, [1], 7
Outpus:
	Sub__1212:0=[1], 7
2026-02-01 18:36:30,698 - tf2onnx.graph - DEBUG - Making node: Name=Max__1213, OP=Max
2026-02-01 18:36:30,698 - tf2onnx.graph - DEBUG - Infer shape and dtype for [Max__1213]
2026-02-01 18:36:30,699 - tf2onnx.graph - DEBUG - Set dtype of [Max__1213:0] to 7
2026-02-01 18:36:30,699 - tf2onnx.graph - DEBUG - Set shape of [Max__1213:0] to [1]
2026-02-01 18:36:30,699 - tf2onnx.graph - DEBUG - Made node: Max__1213
OP=Max
Name=Max__1213
Inputs:
	const__882=Const, [1], 7
	Sub__1212:0=Sub, [1], 7
Outpus:
	Max__1213:0=[1], 7
2026-02-01 18:36:30,699 - tf2onnx.graph - DEBUG - Making node: Name=Sub__1214, OP=Sub
2026-02-01 18:36:30,700 - tf2onnx.graph - DEBUG - Infer shape and dtype for [Sub__1214]
2026-02-01 18:36:30,700 - tf2onnx.graph - DEBUG - Set dtype of [Sub__1214:0] to 7
2026-02-01 18:36:30,700 - tf2onnx.graph - DEBUG - Set shape of [Sub__1214:0] to [1]
2026-02-01 18:36:30,700 - tf2onnx.graph - DEBUG - Made node: Sub__1214
OP=Sub
Name=Sub__1214
Inputs:
	ReduceMin__890:0=ReduceMin, [1], 7
	const__882=Const, [1], 7
Outpus:
	Sub__1214:0=[1], 7
2026-02-01 18:36:30,701 - tf2onnx.graph - DEBUG - Making node: Name=Max__1215, OP=Max
2026-02-01 18:36:30,701 - tf2onnx.graph - DEBUG - Infer shape and dtype for [Max__1215]
2026-02-01 18:36:30,701 - tf2onnx.graph - DEBUG - Set dtype of [Max__1215:0] to 7
2026-02-01 18:36:30,702 - tf2onnx.graph - DEBUG - Set shape of [Max__1215:0] to [1]
2026-02-01 18:36:30,702 - tf2onnx.graph - DEBUG - Made node: Max__1215
OP=Max
Name=Max__1215
Inputs:
	const__882=Const, [1], 7
	Sub__1214:0=Sub, [1], 7
Outpus:
	Max__1215:0=[1], 7
2026-02-01 18:36:30,702 - tf2onnx.graph - DEBUG - Making node: Name=Sub__1216, OP=Sub
2026-02-01 18:36:30,702 - tf2onnx.graph - DEBUG - Infer shape and dtype for [Sub__1216]
2026-02-01 18:36:30,703 - tf2onnx.graph - DEBUG - Set dtype of [Sub__1216:0] to 7
2026-02-01 18:36:30,703 - tf2onnx.graph - DEBUG - Set shape of [Sub__1216:0] to [-1]
2026-02-01 18:36:30,703 - tf2onnx.graph - DEBUG - Made node: Sub__1216
OP=Sub
Name=Sub__1216
Inputs:
	Sub__1207:0=Sub, [-1], 7
	Max__1213:0=Max, [1], 7
Outpus:
	Sub__1216:0=[-1], 7
2026-02-01 18:36:30,703 - tf2onnx.graph - DEBUG - Making node: Name=Sub__1218, OP=Sub
2026-02-01 18:36:30,704 - tf2onnx.graph - DEBUG - Infer shape and dtype for [Sub__1218]
2026-02-01 18:36:30,704 - tf2onnx.graph - DEBUG - Set dtype of [Sub__1218:0] to 7
2026-02-01 18:36:30,704 - tf2onnx.graph - DEBUG - Inferred shape for [Sub__1218, type: Sub] is None, SKIP
2026-02-01 18:36:30,704 - tf2onnx.graph - DEBUG - Made node: Sub__1218
OP=Sub
Name=Sub__1218
Inputs:
	Sub__1210:0=Sub, None, 7
	Max__1215:0=Max, [1], 7
Outpus:
	Sub__1218:0=None, 7
2026-02-01 18:36:30,705 - tf2onnx.graph - DEBUG - Making node: Name=Mul__1219, OP=Mul
2026-02-01 18:36:30,705 - tf2onnx.graph - DEBUG - Infer shape and dtype for [Mul__1219]
2026-02-01 18:36:30,705 - tf2onnx.graph - DEBUG - Set dtype of [Mul__1219:0] to 7
2026-02-01 18:36:30,706 - tf2onnx.graph - DEBUG - Set shape of [Mul__1219:0] to [-1]
2026-02-01 18:36:30,706 - tf2onnx.graph - DEBUG - Made node: Mul__1219
OP=Mul
Name=Mul__1219
Inputs:
	const__882=Const, [1], 7
	Slice__913:0=Slice, [-1], 7
Outpus:
	Mul__1219:0=[-1], 7
2026-02-01 18:36:30,706 - tf2onnx.graph - DEBUG - Making node: Name=Concat__1221, OP=Concat
2026-02-01 18:36:30,706 - tf2onnx.graph - DEBUG - Infer shape and dtype for [Concat__1221]
2026-02-01 18:36:30,707 - tf2onnx.graph - DEBUG - Set dtype of [Concat__1221:0] to 7
2026-02-01 18:36:30,707 - tf2onnx.graph - DEBUG - Inferred shape for [Concat__1221, type: Concat] is None, SKIP
2026-02-01 18:36:30,707 - tf2onnx.graph - DEBUG - Made node: Concat__1221
OP=Concat
Name=Concat__1221
Inputs:
	Mul__1219:0=Mul, [-1], 7
	Max__1213:0=Max, [1], 7
	Max__1215:0=Max, [1], 7
	Mul__1219:0=Mul, [-1], 7
	Sub__1216:0=Sub, [-1], 7
	Sub__1218:0=Sub, None, 7
Outpus:
	Concat__1221:0=None, 7
2026-02-01 18:36:30,708 - tf2onnx.graph - DEBUG - Making node: Name=Pad__1225, OP=Pad
2026-02-01 18:36:30,708 - tf2onnx.graph - DEBUG - Infer shape and dtype for [Pad__1225]
2026-02-01 18:36:30,708 - tf2onnx.graph - DEBUG - Set dtype of [Pad__1225:0] to 1
2026-02-01 18:36:30,709 - tf2onnx.graph - DEBUG - Inferred shape for [Pad__1225, type: Pad] is None, SKIP
2026-02-01 18:36:30,709 - tf2onnx.graph - DEBUG - Made node: Pad__1225
OP=Pad
Name=Pad__1225
Inputs:
	Reshape__1205:0=Reshape, None, 1
	Concat__1221:0=Concat, None, 7
	point_net_1/eye/diag/padding_value:0=Const, [], 1
Outpus:
	Pad__1225:0=None, 1
2026-02-01 18:36:30,710 - tf2onnx.graph - DEBUG - Making node: Name=point_net_1/eye/diag, OP=Identity
2026-02-01 18:36:30,710 - tf2onnx.graph - DEBUG - Made node: point_net_1/eye/diag
OP=Identity
Name=point_net_1/eye/diag
Inputs:
	Pad__1225:0=Pad, None, 1
Outpus:
	point_net_1/eye/diag:0=[-1, 3, 3], 1
2026-02-01 18:36:30,710 - tf2onnx.tfonnx - DEBUG - Process node: point_net_1/ExpandDims
OP=ExpandDims
Name=point_net_1/ExpandDims
Inputs:
	point_net_1/input_normalization_1/truediv:0=Div, [-1, 8192, 3], 1
	point_net_1/ExpandDims/dim:0=Const, [], 6
Outpus:
	point_net_1/ExpandDims:0=[-1, 8192, 1, 3], 1
2026-02-01 18:36:30,711 - tf2onnx.graph - DEBUG - Making node: Name=point_net_1/ExpandDims__1226, OP=Cast
2026-02-01 18:36:30,711 - tf2onnx.graph - DEBUG - Infer shape and dtype for [point_net_1/ExpandDims__1226]
2026-02-01 18:36:30,711 - tf2onnx.graph - DEBUG - Set dtype of [point_net_1/ExpandDims__1226:0] to 7
2026-02-01 18:36:30,712 - tf2onnx.graph - DEBUG - Set shape of [point_net_1/ExpandDims__1226:0] to []
2026-02-01 18:36:30,712 - tf2onnx.graph - DEBUG - Made node: point_net_1/ExpandDims__1226
OP=Cast
Name=point_net_1/ExpandDims__1226
Inputs:
	point_net_1/ExpandDims/dim:0=Const, [], 6
Outpus:
	point_net_1/ExpandDims__1226:0=[], 7
2026-02-01 18:36:30,712 - tf2onnx.graph - DEBUG - Making node: Name=reshape_const__1227, OP=Const
2026-02-01 18:36:30,713 - tf2onnx.graph - DEBUG - Made node: reshape_const__1227
OP=Const
Name=reshape_const__1227
Outpus:
	reshape_const__1227=None, 7
2026-02-01 18:36:30,713 - tf2onnx.graph - DEBUG - Making node: Name=Reshape__1228, OP=Reshape
2026-02-01 18:36:30,713 - tf2onnx.graph - DEBUG - Infer shape and dtype for [Reshape__1228]
2026-02-01 18:36:30,714 - tf2onnx.graph - DEBUG - Set dtype of [Reshape__1228:0] to 7
2026-02-01 18:36:30,714 - tf2onnx.graph - DEBUG - Set shape of [Reshape__1228:0] to [1]
2026-02-01 18:36:30,714 - tf2onnx.graph - DEBUG - Made node: Reshape__1228
OP=Reshape
Name=Reshape__1228
Inputs:
	point_net_1/ExpandDims__1226:0=Cast, [], 7
	reshape_const__1227=Const, [1], 7
Outpus:
	Reshape__1228:0=[1], 7
2026-02-01 18:36:30,715 - tf2onnx.tfonnx - DEBUG - Process node: point_net_1/s1_l1_64_convolution_layer_1/batch_normalization_11_1/batchnorm/mul_1
OP=Conv2D
Name=point_net_1/s1_l1_64_convolution_layer_1/batch_normalization_11_1/batchnorm/mul_1
Inputs:
	point_net_1/ExpandDims:0=Unsqueeze, [-1, 8192, 1, 3], 1
	point_net_1/s1_l1_64_convolution_layer_1/s1_l1_64_convolution_layer_1/convolution/merged_input:0=Const, [1, 1, 3, 64], 1
Outpus:
	point_net_1/s1_l1_64_convolution_layer_1/batch_normalization_11_1/batchnorm/mul_1:0=[-1, 8192, 1, 64], 1
2026-02-01 18:36:30,715 - tf2onnx.graph - DEBUG - Making node: Name=point_net_1/s1_l1_64_convolution_layer_1/batch_normalization_11_1/batchnorm/mul_1__1229, OP=Transpose
2026-02-01 18:36:30,715 - tf2onnx.graph - DEBUG - Infer shape and dtype for [point_net_1/s1_l1_64_convolution_layer_1/batch_normalization_11_1/batchnorm/mul_1__1229]
2026-02-01 18:36:30,716 - tf2onnx.graph - DEBUG - Set dtype of [point_net_1/s1_l1_64_convolution_layer_1/batch_normalization_11_1/batchnorm/mul_1__1229:0] to 1
2026-02-01 18:36:30,716 - tf2onnx.graph - DEBUG - Set shape of [point_net_1/s1_l1_64_convolution_layer_1/batch_normalization_11_1/batchnorm/mul_1__1229:0] to [3, 1, 8192, -1]
2026-02-01 18:36:30,716 - tf2onnx.graph - DEBUG - Made node: point_net_1/s1_l1_64_convolution_layer_1/batch_normalization_11_1/batchnorm/mul_1__1229
OP=Transpose
Name=point_net_1/s1_l1_64_convolution_layer_1/batch_normalization_11_1/batchnorm/mul_1__1229
Inputs:
	point_net_1/ExpandDims:0=Unsqueeze, [-1, 8192, 1, 3], 1
Outpus:
	point_net_1/s1_l1_64_convolution_layer_1/batch_normalization_11_1/batchnorm/mul_1__1229:0=[3, 1, 8192, -1], 1
2026-02-01 18:36:30,717 - tf2onnx.graph - DEBUG - Making node: Name=point_net_1/s1_l1_64_convolution_layer_1/batch_normalization_11_1/batchnorm/mul_1__1231, OP=Transpose
2026-02-01 18:36:30,717 - tf2onnx.graph - DEBUG - Infer shape and dtype for [point_net_1/s1_l1_64_convolution_layer_1/batch_normalization_11_1/batchnorm/mul_1__1231]
2026-02-01 18:36:30,717 - tf2onnx.graph - DEBUG - Set dtype of [point_net_1/s1_l1_64_convolution_layer_1/batch_normalization_11_1/batchnorm/mul_1__1231:0] to 1
2026-02-01 18:36:30,717 - tf2onnx.graph - DEBUG - Set shape of [point_net_1/s1_l1_64_convolution_layer_1/batch_normalization_11_1/batchnorm/mul_1__1231:0] to [64, 1, 8192, -1]
2026-02-01 18:36:30,718 - tf2onnx.graph - DEBUG - Made node: point_net_1/s1_l1_64_convolution_layer_1/batch_normalization_11_1/batchnorm/mul_1__1231
OP=Transpose
Name=point_net_1/s1_l1_64_convolution_layer_1/batch_normalization_11_1/batchnorm/mul_1__1231
Inputs:
	point_net_1/s1_l1_64_convolution_layer_1/batch_normalization_11_1/batchnorm/mul_1:0=Conv, [-1, 8192, 1, 64], 1
Outpus:
	point_net_1/s1_l1_64_convolution_layer_1/batch_normalization_11_1/batchnorm/mul_1__1231:0=[64, 1, 8192, -1], 1
2026-02-01 18:36:30,718 - tf2onnx.tfonnx - DEBUG - Process node: point_net_1/s1_l1_64_convolution_layer_1/batch_normalization_11_1/batchnorm/add_1
OP=AddV2
Name=point_net_1/s1_l1_64_convolution_layer_1/batch_normalization_11_1/batchnorm/add_1
Inputs:
	point_net_1/s1_l1_64_convolution_layer_1/batch_normalization_11_1/batchnorm/mul_1__1231:0=Transpose, [-1, 8192, 1, 64], 1
	point_net_1/s1_l1_64_convolution_layer_1/batch_normalization_11_1/batchnorm/sub:0=Const, [64], 1
Outpus:
	point_net_1/s1_l1_64_convolution_layer_1/batch_normalization_11_1/batchnorm/add_1:0=[-1, 8192, 1, 64], 1
2026-02-01 18:36:30,718 - tf2onnx.tfonnx - DEBUG - Process node: point_net_1/s1_l1_64_convolution_layer_1/Relu
OP=Relu
Name=point_net_1/s1_l1_64_convolution_layer_1/Relu
Inputs:
	point_net_1/s1_l1_64_convolution_layer_1/batch_normalization_11_1/batchnorm/add_1:0=Add, [-1, 8192, 1, 64], 1
Outpus:
	point_net_1/s1_l1_64_convolution_layer_1/Relu:0=[-1, 8192, 1, 64], 1
2026-02-01 18:36:30,718 - tf2onnx.tfonnx - DEBUG - Process node: point_net_1/s1_l2_64_convolution_layer_1/batch_normalization_12_1/batchnorm/mul_1
OP=Conv2D
Name=point_net_1/s1_l2_64_convolution_layer_1/batch_normalization_12_1/batchnorm/mul_1
Inputs:
	point_net_1/s1_l1_64_convolution_layer_1/Relu:0=Relu, [-1, 8192, 1, 64], 1
	point_net_1/s1_l2_64_convolution_layer_1/s1_l2_64_convolution_layer_1/convolution/merged_input:0=Const, [1, 1, 64, 64], 1
Outpus:
	point_net_1/s1_l2_64_convolution_layer_1/batch_normalization_12_1/batchnorm/mul_1:0=[-1, 8192, 1, 64], 1
2026-02-01 18:36:30,719 - tf2onnx.graph - DEBUG - Making node: Name=point_net_1/s1_l2_64_convolution_layer_1/batch_normalization_12_1/batchnorm/mul_1__1233, OP=Transpose
2026-02-01 18:36:30,719 - tf2onnx.graph - DEBUG - Infer shape and dtype for [point_net_1/s1_l2_64_convolution_layer_1/batch_normalization_12_1/batchnorm/mul_1__1233]
2026-02-01 18:36:30,719 - tf2onnx.graph - DEBUG - Set dtype of [point_net_1/s1_l2_64_convolution_layer_1/batch_normalization_12_1/batchnorm/mul_1__1233:0] to 1
2026-02-01 18:36:30,719 - tf2onnx.graph - DEBUG - Set shape of [point_net_1/s1_l2_64_convolution_layer_1/batch_normalization_12_1/batchnorm/mul_1__1233:0] to [64, 1, 8192, -1]
2026-02-01 18:36:30,720 - tf2onnx.graph - DEBUG - Made node: point_net_1/s1_l2_64_convolution_layer_1/batch_normalization_12_1/batchnorm/mul_1__1233
OP=Transpose
Name=point_net_1/s1_l2_64_convolution_layer_1/batch_normalization_12_1/batchnorm/mul_1__1233
Inputs:
	point_net_1/s1_l1_64_convolution_layer_1/Relu:0=Relu, [-1, 8192, 1, 64], 1
Outpus:
	point_net_1/s1_l2_64_convolution_layer_1/batch_normalization_12_1/batchnorm/mul_1__1233:0=[64, 1, 8192, -1], 1
2026-02-01 18:36:30,720 - tf2onnx.graph - DEBUG - Making node: Name=point_net_1/s1_l2_64_convolution_layer_1/batch_normalization_12_1/batchnorm/mul_1__1235, OP=Transpose
2026-02-01 18:36:30,721 - tf2onnx.graph - DEBUG - Infer shape and dtype for [point_net_1/s1_l2_64_convolution_layer_1/batch_normalization_12_1/batchnorm/mul_1__1235]
2026-02-01 18:36:30,721 - tf2onnx.graph - DEBUG - Set dtype of [point_net_1/s1_l2_64_convolution_layer_1/batch_normalization_12_1/batchnorm/mul_1__1235:0] to 1
2026-02-01 18:36:30,722 - tf2onnx.graph - DEBUG - Set shape of [point_net_1/s1_l2_64_convolution_layer_1/batch_normalization_12_1/batchnorm/mul_1__1235:0] to [64, 1, 8192, -1]
2026-02-01 18:36:30,722 - tf2onnx.graph - DEBUG - Made node: point_net_1/s1_l2_64_convolution_layer_1/batch_normalization_12_1/batchnorm/mul_1__1235
OP=Transpose
Name=point_net_1/s1_l2_64_convolution_layer_1/batch_normalization_12_1/batchnorm/mul_1__1235
Inputs:
	point_net_1/s1_l2_64_convolution_layer_1/batch_normalization_12_1/batchnorm/mul_1:0=Conv, [-1, 8192, 1, 64], 1
Outpus:
	point_net_1/s1_l2_64_convolution_layer_1/batch_normalization_12_1/batchnorm/mul_1__1235:0=[64, 1, 8192, -1], 1
2026-02-01 18:36:30,722 - tf2onnx.tfonnx - DEBUG - Process node: point_net_1/s1_l2_64_convolution_layer_1/batch_normalization_12_1/batchnorm/add_1
OP=AddV2
Name=point_net_1/s1_l2_64_convolution_layer_1/batch_normalization_12_1/batchnorm/add_1
Inputs:
	point_net_1/s1_l2_64_convolution_layer_1/batch_normalization_12_1/batchnorm/mul_1__1235:0=Transpose, [-1, 8192, 1, 64], 1
	point_net_1/s1_l2_64_convolution_layer_1/batch_normalization_12_1/batchnorm/sub:0=Const, [64], 1
Outpus:
	point_net_1/s1_l2_64_convolution_layer_1/batch_normalization_12_1/batchnorm/add_1:0=[-1, 8192, 1, 64], 1
2026-02-01 18:36:30,723 - tf2onnx.tfonnx - DEBUG - Process node: point_net_1/s1_l2_64_convolution_layer_1/Relu
OP=Relu
Name=point_net_1/s1_l2_64_convolution_layer_1/Relu
Inputs:
	point_net_1/s1_l2_64_convolution_layer_1/batch_normalization_12_1/batchnorm/add_1:0=Add, [-1, 8192, 1, 64], 1
Outpus:
	point_net_1/s1_l2_64_convolution_layer_1/Relu:0=[-1, 8192, 1, 64], 1
2026-02-01 18:36:30,723 - tf2onnx.tfonnx - DEBUG - Process node: point_net_1/Squeeze
OP=Squeeze
Name=point_net_1/Squeeze
Inputs:
	point_net_1/s1_l2_64_convolution_layer_1/Relu:0=Relu, [-1, 8192, 1, 64], 1
Outpus:
	point_net_1/Squeeze:0=[-1, 8192, 64], 1
2026-02-01 18:36:30,723 - tf2onnx.graph - DEBUG - Making node: Name=axes_const__1237, OP=Const
2026-02-01 18:36:30,724 - tf2onnx.graph - DEBUG - Made node: axes_const__1237
OP=Const
Name=axes_const__1237
Outpus:
	axes_const__1237=None, 7
2026-02-01 18:36:30,724 - tf2onnx.tfonnx - DEBUG - Process node: point_net_1/ExpandDims_1
OP=ExpandDims
Name=point_net_1/ExpandDims_1
Inputs:
	point_net_1/Squeeze:0=Squeeze, [-1, 8192, 64], 1
	point_net_1/ExpandDims_1/dim:0=Const, [], 6
Outpus:
	point_net_1/ExpandDims_1:0=[-1, 8192, 1, 64], 1
2026-02-01 18:36:30,724 - tf2onnx.graph - DEBUG - Making node: Name=point_net_1/ExpandDims_1__1238, OP=Cast
2026-02-01 18:36:30,725 - tf2onnx.graph - DEBUG - Infer shape and dtype for [point_net_1/ExpandDims_1__1238]
2026-02-01 18:36:30,725 - tf2onnx.graph - DEBUG - Set dtype of [point_net_1/ExpandDims_1__1238:0] to 7
2026-02-01 18:36:30,726 - tf2onnx.graph - DEBUG - Set shape of [point_net_1/ExpandDims_1__1238:0] to []
2026-02-01 18:36:30,726 - tf2onnx.graph - DEBUG - Made node: point_net_1/ExpandDims_1__1238
OP=Cast
Name=point_net_1/ExpandDims_1__1238
Inputs:
	point_net_1/ExpandDims_1/dim:0=Const, [], 6
Outpus:
	point_net_1/ExpandDims_1__1238:0=[], 7
2026-02-01 18:36:30,727 - tf2onnx.graph - DEBUG - Making node: Name=reshape_const__1239, OP=Const
2026-02-01 18:36:30,727 - tf2onnx.graph - DEBUG - Made node: reshape_const__1239
OP=Const
Name=reshape_const__1239
Outpus:
	reshape_const__1239=None, 7
2026-02-01 18:36:30,727 - tf2onnx.graph - DEBUG - Making node: Name=Reshape__1240, OP=Reshape
2026-02-01 18:36:30,728 - tf2onnx.graph - DEBUG - Infer shape and dtype for [Reshape__1240]
2026-02-01 18:36:30,728 - tf2onnx.graph - DEBUG - Set dtype of [Reshape__1240:0] to 7
2026-02-01 18:36:30,728 - tf2onnx.graph - DEBUG - Set shape of [Reshape__1240:0] to [1]
2026-02-01 18:36:30,729 - tf2onnx.graph - DEBUG - Made node: Reshape__1240
OP=Reshape
Name=Reshape__1240
Inputs:
	point_net_1/ExpandDims_1__1238:0=Cast, [], 7
	reshape_const__1239=Const, [1], 7
Outpus:
	Reshape__1240:0=[1], 7
2026-02-01 18:36:30,729 - tf2onnx.tfonnx - DEBUG - Process node: point_net_1/s2_l1_64_convolution_layer_1/batch_normalization_13_1/batchnorm/mul_1
OP=Conv2D
Name=point_net_1/s2_l1_64_convolution_layer_1/batch_normalization_13_1/batchnorm/mul_1
Inputs:
	point_net_1/ExpandDims_1:0=Unsqueeze, [-1, 8192, 1, 64], 1
	point_net_1/s2_l1_64_convolution_layer_1/s2_l1_64_convolution_layer_1/convolution/merged_input:0=Const, [1, 1, 64, 64], 1
Outpus:
	point_net_1/s2_l1_64_convolution_layer_1/batch_normalization_13_1/batchnorm/mul_1:0=[-1, 8192, 1, 64], 1
2026-02-01 18:36:30,729 - tf2onnx.graph - DEBUG - Making node: Name=point_net_1/s2_l1_64_convolution_layer_1/batch_normalization_13_1/batchnorm/mul_1__1241, OP=Transpose
2026-02-01 18:36:30,730 - tf2onnx.graph - DEBUG - Infer shape and dtype for [point_net_1/s2_l1_64_convolution_layer_1/batch_normalization_13_1/batchnorm/mul_1__1241]
2026-02-01 18:36:30,730 - tf2onnx.graph - DEBUG - Set dtype of [point_net_1/s2_l1_64_convolution_layer_1/batch_normalization_13_1/batchnorm/mul_1__1241:0] to 1
2026-02-01 18:36:30,730 - tf2onnx.graph - DEBUG - Set shape of [point_net_1/s2_l1_64_convolution_layer_1/batch_normalization_13_1/batchnorm/mul_1__1241:0] to [64, 1, 8192, -1]
2026-02-01 18:36:30,731 - tf2onnx.graph - DEBUG - Made node: point_net_1/s2_l1_64_convolution_layer_1/batch_normalization_13_1/batchnorm/mul_1__1241
OP=Transpose
Name=point_net_1/s2_l1_64_convolution_layer_1/batch_normalization_13_1/batchnorm/mul_1__1241
Inputs:
	point_net_1/ExpandDims_1:0=Unsqueeze, [-1, 8192, 1, 64], 1
Outpus:
	point_net_1/s2_l1_64_convolution_layer_1/batch_normalization_13_1/batchnorm/mul_1__1241:0=[64, 1, 8192, -1], 1
2026-02-01 18:36:30,731 - tf2onnx.graph - DEBUG - Making node: Name=point_net_1/s2_l1_64_convolution_layer_1/batch_normalization_13_1/batchnorm/mul_1__1243, OP=Transpose
2026-02-01 18:36:30,731 - tf2onnx.graph - DEBUG - Infer shape and dtype for [point_net_1/s2_l1_64_convolution_layer_1/batch_normalization_13_1/batchnorm/mul_1__1243]
2026-02-01 18:36:30,732 - tf2onnx.graph - DEBUG - Set dtype of [point_net_1/s2_l1_64_convolution_layer_1/batch_normalization_13_1/batchnorm/mul_1__1243:0] to 1
2026-02-01 18:36:30,732 - tf2onnx.graph - DEBUG - Set shape of [point_net_1/s2_l1_64_convolution_layer_1/batch_normalization_13_1/batchnorm/mul_1__1243:0] to [64, 1, 8192, -1]
2026-02-01 18:36:30,732 - tf2onnx.graph - DEBUG - Made node: point_net_1/s2_l1_64_convolution_layer_1/batch_normalization_13_1/batchnorm/mul_1__1243
OP=Transpose
Name=point_net_1/s2_l1_64_convolution_layer_1/batch_normalization_13_1/batchnorm/mul_1__1243
Inputs:
	point_net_1/s2_l1_64_convolution_layer_1/batch_normalization_13_1/batchnorm/mul_1:0=Conv, [-1, 8192, 1, 64], 1
Outpus:
	point_net_1/s2_l1_64_convolution_layer_1/batch_normalization_13_1/batchnorm/mul_1__1243:0=[64, 1, 8192, -1], 1
2026-02-01 18:36:30,733 - tf2onnx.tfonnx - DEBUG - Process node: point_net_1/s2_l1_64_convolution_layer_1/batch_normalization_13_1/batchnorm/add_1
OP=AddV2
Name=point_net_1/s2_l1_64_convolution_layer_1/batch_normalization_13_1/batchnorm/add_1
Inputs:
	point_net_1/s2_l1_64_convolution_layer_1/batch_normalization_13_1/batchnorm/mul_1__1243:0=Transpose, [-1, 8192, 1, 64], 1
	point_net_1/s2_l1_64_convolution_layer_1/batch_normalization_13_1/batchnorm/sub:0=Const, [64], 1
Outpus:
	point_net_1/s2_l1_64_convolution_layer_1/batch_normalization_13_1/batchnorm/add_1:0=[-1, 8192, 1, 64], 1
2026-02-01 18:36:30,733 - tf2onnx.tfonnx - DEBUG - Process node: point_net_1/s2_l1_64_convolution_layer_1/Relu
OP=Relu
Name=point_net_1/s2_l1_64_convolution_layer_1/Relu
Inputs:
	point_net_1/s2_l1_64_convolution_layer_1/batch_normalization_13_1/batchnorm/add_1:0=Add, [-1, 8192, 1, 64], 1
Outpus:
	point_net_1/s2_l1_64_convolution_layer_1/Relu:0=[-1, 8192, 1, 64], 1
2026-02-01 18:36:30,733 - tf2onnx.tfonnx - DEBUG - Process node: point_net_1/s2_l2_128_convolution_layer_1/batch_normalization_14_1/batchnorm/mul_1
OP=Conv2D
Name=point_net_1/s2_l2_128_convolution_layer_1/batch_normalization_14_1/batchnorm/mul_1
Inputs:
	point_net_1/s2_l1_64_convolution_layer_1/Relu:0=Relu, [-1, 8192, 1, 64], 1
	point_net_1/s2_l2_128_convolution_layer_1/s2_l2_128_convolution_layer_1/convolution/merged_input:0=Const, [1, 1, 64, 128], 1
Outpus:
	point_net_1/s2_l2_128_convolution_layer_1/batch_normalization_14_1/batchnorm/mul_1:0=[-1, 8192, 1, 128], 1
2026-02-01 18:36:30,734 - tf2onnx.graph - DEBUG - Making node: Name=point_net_1/s2_l2_128_convolution_layer_1/batch_normalization_14_1/batchnorm/mul_1__1245, OP=Transpose
2026-02-01 18:36:30,734 - tf2onnx.graph - DEBUG - Infer shape and dtype for [point_net_1/s2_l2_128_convolution_layer_1/batch_normalization_14_1/batchnorm/mul_1__1245]
2026-02-01 18:36:30,734 - tf2onnx.graph - DEBUG - Set dtype of [point_net_1/s2_l2_128_convolution_layer_1/batch_normalization_14_1/batchnorm/mul_1__1245:0] to 1
2026-02-01 18:36:30,735 - tf2onnx.graph - DEBUG - Set shape of [point_net_1/s2_l2_128_convolution_layer_1/batch_normalization_14_1/batchnorm/mul_1__1245:0] to [64, 1, 8192, -1]
2026-02-01 18:36:30,735 - tf2onnx.graph - DEBUG - Made node: point_net_1/s2_l2_128_convolution_layer_1/batch_normalization_14_1/batchnorm/mul_1__1245
OP=Transpose
Name=point_net_1/s2_l2_128_convolution_layer_1/batch_normalization_14_1/batchnorm/mul_1__1245
Inputs:
	point_net_1/s2_l1_64_convolution_layer_1/Relu:0=Relu, [-1, 8192, 1, 64], 1
Outpus:
	point_net_1/s2_l2_128_convolution_layer_1/batch_normalization_14_1/batchnorm/mul_1__1245:0=[64, 1, 8192, -1], 1
2026-02-01 18:36:30,735 - tf2onnx.graph - DEBUG - Making node: Name=point_net_1/s2_l2_128_convolution_layer_1/batch_normalization_14_1/batchnorm/mul_1__1247, OP=Transpose
2026-02-01 18:36:30,736 - tf2onnx.graph - DEBUG - Infer shape and dtype for [point_net_1/s2_l2_128_convolution_layer_1/batch_normalization_14_1/batchnorm/mul_1__1247]
2026-02-01 18:36:30,736 - tf2onnx.graph - DEBUG - Set dtype of [point_net_1/s2_l2_128_convolution_layer_1/batch_normalization_14_1/batchnorm/mul_1__1247:0] to 1
2026-02-01 18:36:30,736 - tf2onnx.graph - DEBUG - Set shape of [point_net_1/s2_l2_128_convolution_layer_1/batch_normalization_14_1/batchnorm/mul_1__1247:0] to [128, 1, 8192, -1]
2026-02-01 18:36:30,737 - tf2onnx.graph - DEBUG - Made node: point_net_1/s2_l2_128_convolution_layer_1/batch_normalization_14_1/batchnorm/mul_1__1247
OP=Transpose
Name=point_net_1/s2_l2_128_convolution_layer_1/batch_normalization_14_1/batchnorm/mul_1__1247
Inputs:
	point_net_1/s2_l2_128_convolution_layer_1/batch_normalization_14_1/batchnorm/mul_1:0=Conv, [-1, 8192, 1, 128], 1
Outpus:
	point_net_1/s2_l2_128_convolution_layer_1/batch_normalization_14_1/batchnorm/mul_1__1247:0=[128, 1, 8192, -1], 1
2026-02-01 18:36:30,737 - tf2onnx.tfonnx - DEBUG - Process node: point_net_1/s2_l2_128_convolution_layer_1/batch_normalization_14_1/batchnorm/add_1
OP=AddV2
Name=point_net_1/s2_l2_128_convolution_layer_1/batch_normalization_14_1/batchnorm/add_1
Inputs:
	point_net_1/s2_l2_128_convolution_layer_1/batch_normalization_14_1/batchnorm/mul_1__1247:0=Transpose, [-1, 8192, 1, 128], 1
	point_net_1/s2_l2_128_convolution_layer_1/batch_normalization_14_1/batchnorm/sub:0=Const, [128], 1
Outpus:
	point_net_1/s2_l2_128_convolution_layer_1/batch_normalization_14_1/batchnorm/add_1:0=[-1, 8192, 1, 128], 1
2026-02-01 18:36:30,738 - tf2onnx.tfonnx - DEBUG - Process node: point_net_1/s2_l2_128_convolution_layer_1/Relu
OP=Relu
Name=point_net_1/s2_l2_128_convolution_layer_1/Relu
Inputs:
	point_net_1/s2_l2_128_convolution_layer_1/batch_normalization_14_1/batchnorm/add_1:0=Add, [-1, 8192, 1, 128], 1
Outpus:
	point_net_1/s2_l2_128_convolution_layer_1/Relu:0=[-1, 8192, 1, 128], 1
2026-02-01 18:36:30,738 - tf2onnx.tfonnx - DEBUG - Process node: point_net_1/s2_l3_1024_convolution_layer_1/batch_normalization_15_1/batchnorm/mul_1
OP=Conv2D
Name=point_net_1/s2_l3_1024_convolution_layer_1/batch_normalization_15_1/batchnorm/mul_1
Inputs:
	point_net_1/s2_l2_128_convolution_layer_1/Relu:0=Relu, [-1, 8192, 1, 128], 1
	point_net_1/s2_l3_1024_convolution_layer_1/s2_l3_1024_convolution_layer_1/convolution/merged_input:0=Const, [1, 1, 128, 1024], 1
Outpus:
	point_net_1/s2_l3_1024_convolution_layer_1/batch_normalization_15_1/batchnorm/mul_1:0=[-1, 8192, 1, 1024], 1
2026-02-01 18:36:30,738 - tf2onnx.graph - DEBUG - Making node: Name=point_net_1/s2_l3_1024_convolution_layer_1/batch_normalization_15_1/batchnorm/mul_1__1249, OP=Transpose
2026-02-01 18:36:30,738 - tf2onnx.graph - DEBUG - Infer shape and dtype for [point_net_1/s2_l3_1024_convolution_layer_1/batch_normalization_15_1/batchnorm/mul_1__1249]
2026-02-01 18:36:30,739 - tf2onnx.graph - DEBUG - Set dtype of [point_net_1/s2_l3_1024_convolution_layer_1/batch_normalization_15_1/batchnorm/mul_1__1249:0] to 1
2026-02-01 18:36:30,739 - tf2onnx.graph - DEBUG - Set shape of [point_net_1/s2_l3_1024_convolution_layer_1/batch_normalization_15_1/batchnorm/mul_1__1249:0] to [128, 1, 8192, -1]
2026-02-01 18:36:30,739 - tf2onnx.graph - DEBUG - Made node: point_net_1/s2_l3_1024_convolution_layer_1/batch_normalization_15_1/batchnorm/mul_1__1249
OP=Transpose
Name=point_net_1/s2_l3_1024_convolution_layer_1/batch_normalization_15_1/batchnorm/mul_1__1249
Inputs:
	point_net_1/s2_l2_128_convolution_layer_1/Relu:0=Relu, [-1, 8192, 1, 128], 1
Outpus:
	point_net_1/s2_l3_1024_convolution_layer_1/batch_normalization_15_1/batchnorm/mul_1__1249:0=[128, 1, 8192, -1], 1
2026-02-01 18:36:30,741 - tf2onnx.graph - DEBUG - Making node: Name=point_net_1/s2_l3_1024_convolution_layer_1/batch_normalization_15_1/batchnorm/mul_1__1251, OP=Transpose
2026-02-01 18:36:30,741 - tf2onnx.graph - DEBUG - Infer shape and dtype for [point_net_1/s2_l3_1024_convolution_layer_1/batch_normalization_15_1/batchnorm/mul_1__1251]
2026-02-01 18:36:30,742 - tf2onnx.graph - DEBUG - Set dtype of [point_net_1/s2_l3_1024_convolution_layer_1/batch_normalization_15_1/batchnorm/mul_1__1251:0] to 1
2026-02-01 18:36:30,742 - tf2onnx.graph - DEBUG - Set shape of [point_net_1/s2_l3_1024_convolution_layer_1/batch_normalization_15_1/batchnorm/mul_1__1251:0] to [1024, 1, 8192, -1]
2026-02-01 18:36:30,743 - tf2onnx.graph - DEBUG - Made node: point_net_1/s2_l3_1024_convolution_layer_1/batch_normalization_15_1/batchnorm/mul_1__1251
OP=Transpose
Name=point_net_1/s2_l3_1024_convolution_layer_1/batch_normalization_15_1/batchnorm/mul_1__1251
Inputs:
	point_net_1/s2_l3_1024_convolution_layer_1/batch_normalization_15_1/batchnorm/mul_1:0=Conv, [-1, 8192, 1, 1024], 1
Outpus:
	point_net_1/s2_l3_1024_convolution_layer_1/batch_normalization_15_1/batchnorm/mul_1__1251:0=[1024, 1, 8192, -1], 1
2026-02-01 18:36:30,743 - tf2onnx.tfonnx - DEBUG - Process node: point_net_1/s2_l3_1024_convolution_layer_1/batch_normalization_15_1/batchnorm/add_1
OP=AddV2
Name=point_net_1/s2_l3_1024_convolution_layer_1/batch_normalization_15_1/batchnorm/add_1
Inputs:
	point_net_1/s2_l3_1024_convolution_layer_1/batch_normalization_15_1/batchnorm/mul_1__1251:0=Transpose, [-1, 8192, 1, 1024], 1
	point_net_1/s2_l3_1024_convolution_layer_1/batch_normalization_15_1/batchnorm/sub:0=Const, [1024], 1
Outpus:
	point_net_1/s2_l3_1024_convolution_layer_1/batch_normalization_15_1/batchnorm/add_1:0=[-1, 8192, 1, 1024], 1
2026-02-01 18:36:30,744 - tf2onnx.tfonnx - DEBUG - Process node: point_net_1/s2_l3_1024_convolution_layer_1/Relu
OP=Relu
Name=point_net_1/s2_l3_1024_convolution_layer_1/Relu
Inputs:
	point_net_1/s2_l3_1024_convolution_layer_1/batch_normalization_15_1/batchnorm/add_1:0=Add, [-1, 8192, 1, 1024], 1
Outpus:
	point_net_1/s2_l3_1024_convolution_layer_1/Relu:0=[-1, 8192, 1, 1024], 1
2026-02-01 18:36:30,744 - tf2onnx.tfonnx - DEBUG - Process node: point_net_1/Squeeze_1
OP=Squeeze
Name=point_net_1/Squeeze_1
Inputs:
	point_net_1/s2_l3_1024_convolution_layer_1/Relu:0=Relu, [-1, 8192, 1, 1024], 1
Outpus:
	point_net_1/Squeeze_1:0=[-1, 8192, 1024], 1
2026-02-01 18:36:30,744 - tf2onnx.graph - DEBUG - Making node: Name=axes_const__1253, OP=Const
2026-02-01 18:36:30,745 - tf2onnx.graph - DEBUG - Made node: axes_const__1253
OP=Const
Name=axes_const__1253
Outpus:
	axes_const__1253=None, 7
2026-02-01 18:36:30,745 - tf2onnx.tfonnx - DEBUG - Process node: point_net_1/Max
OP=Max
Name=point_net_1/Max
Inputs:
	point_net_1/Squeeze_1:0=Squeeze, [-1, 8192, 1024], 1
	point_net_1/Max/reduction_indices:0=Const, [], 6
Outpus:
	point_net_1/Max:0=[-1, 1024], 1
2026-02-01 18:36:30,745 - tf2onnx.tfonnx - DEBUG - Process node: point_net_1/s3_l1_512_dense_layer_1/s3_l1_512_dense_layer_1/MatMul
OP=MatMul
Name=point_net_1/s3_l1_512_dense_layer_1/s3_l1_512_dense_layer_1/MatMul
Inputs:
	point_net_1/Max:0=ReduceMax, [-1, 1024], 1
	point_net_1/s3_l1_512_dense_layer_1/s3_l1_512_dense_layer_1/Cast/ReadVariableOp:0=Const, [1024, 512], 1
Outpus:
	point_net_1/s3_l1_512_dense_layer_1/s3_l1_512_dense_layer_1/MatMul:0=[-1, 512], 1
2026-02-01 18:36:30,746 - tf2onnx.tfonnx - DEBUG - Process node: point_net_1/s3_l1_512_dense_layer_1/batch_normalization_16_1/batchnorm/mul_1
OP=Mul
Name=point_net_1/s3_l1_512_dense_layer_1/batch_normalization_16_1/batchnorm/mul_1
Inputs:
	point_net_1/s3_l1_512_dense_layer_1/s3_l1_512_dense_layer_1/MatMul:0=MatMul, [-1, 512], 1
	point_net_1/s3_l1_512_dense_layer_1/batch_normalization_16_1/batchnorm/mul:0=Const, [512], 1
Outpus:
	point_net_1/s3_l1_512_dense_layer_1/batch_normalization_16_1/batchnorm/mul_1:0=[-1, 512], 1
2026-02-01 18:36:30,746 - tf2onnx.tfonnx - DEBUG - Process node: point_net_1/s3_l1_512_dense_layer_1/batch_normalization_16_1/batchnorm/add_1
OP=AddV2
Name=point_net_1/s3_l1_512_dense_layer_1/batch_normalization_16_1/batchnorm/add_1
Inputs:
	point_net_1/s3_l1_512_dense_layer_1/batch_normalization_16_1/batchnorm/mul_1:0=Mul, [-1, 512], 1
	point_net_1/s3_l1_512_dense_layer_1/batch_normalization_16_1/batchnorm/sub:0=Const, [512], 1
Outpus:
	point_net_1/s3_l1_512_dense_layer_1/batch_normalization_16_1/batchnorm/add_1:0=[-1, 512], 1
2026-02-01 18:36:30,746 - tf2onnx.tfonnx - DEBUG - Process node: point_net_1/s3_l1_512_dense_layer_1/Relu
OP=Relu
Name=point_net_1/s3_l1_512_dense_layer_1/Relu
Inputs:
	point_net_1/s3_l1_512_dense_layer_1/batch_normalization_16_1/batchnorm/add_1:0=Add, [-1, 512], 1
Outpus:
	point_net_1/s3_l1_512_dense_layer_1/Relu:0=[-1, 512], 1
2026-02-01 18:36:30,747 - tf2onnx.tfonnx - DEBUG - Process node: point_net_1/s3_l2_256_dense_layer_1/s3_l2_256_dense_layer_1/MatMul
OP=MatMul
Name=point_net_1/s3_l2_256_dense_layer_1/s3_l2_256_dense_layer_1/MatMul
Inputs:
	point_net_1/s3_l1_512_dense_layer_1/Relu:0=Relu, [-1, 512], 1
	point_net_1/s3_l2_256_dense_layer_1/s3_l2_256_dense_layer_1/Cast/ReadVariableOp:0=Const, [512, 256], 1
Outpus:
	point_net_1/s3_l2_256_dense_layer_1/s3_l2_256_dense_layer_1/MatMul:0=[-1, 256], 1
2026-02-01 18:36:30,747 - tf2onnx.tfonnx - DEBUG - Process node: point_net_1/s3_l2_256_dense_layer_1/batch_normalization_17_1/batchnorm/mul_1
OP=Mul
Name=point_net_1/s3_l2_256_dense_layer_1/batch_normalization_17_1/batchnorm/mul_1
Inputs:
	point_net_1/s3_l2_256_dense_layer_1/s3_l2_256_dense_layer_1/MatMul:0=MatMul, [-1, 256], 1
	point_net_1/s3_l2_256_dense_layer_1/batch_normalization_17_1/batchnorm/mul:0=Const, [256], 1
Outpus:
	point_net_1/s3_l2_256_dense_layer_1/batch_normalization_17_1/batchnorm/mul_1:0=[-1, 256], 1
2026-02-01 18:36:30,747 - tf2onnx.tfonnx - DEBUG - Process node: point_net_1/s3_l2_256_dense_layer_1/batch_normalization_17_1/batchnorm/add_1
OP=AddV2
Name=point_net_1/s3_l2_256_dense_layer_1/batch_normalization_17_1/batchnorm/add_1
Inputs:
	point_net_1/s3_l2_256_dense_layer_1/batch_normalization_17_1/batchnorm/mul_1:0=Mul, [-1, 256], 1
	point_net_1/s3_l2_256_dense_layer_1/batch_normalization_17_1/batchnorm/sub:0=Const, [256], 1
Outpus:
	point_net_1/s3_l2_256_dense_layer_1/batch_normalization_17_1/batchnorm/add_1:0=[-1, 256], 1
2026-02-01 18:36:30,747 - tf2onnx.tfonnx - DEBUG - Process node: point_net_1/s3_l2_256_dense_layer_1/Relu
OP=Relu
Name=point_net_1/s3_l2_256_dense_layer_1/Relu
Inputs:
	point_net_1/s3_l2_256_dense_layer_1/batch_normalization_17_1/batchnorm/add_1:0=Add, [-1, 256], 1
Outpus:
	point_net_1/s3_l2_256_dense_layer_1/Relu:0=[-1, 256], 1
2026-02-01 18:36:30,748 - tf2onnx.tfonnx - DEBUG - Process node: point_net_1/output_dense_layer_1/output_dense_layer_1/MatMul
OP=MatMul
Name=point_net_1/output_dense_layer_1/output_dense_layer_1/MatMul
Inputs:
	point_net_1/s3_l2_256_dense_layer_1/Relu:0=Relu, [-1, 256], 1
	point_net_1/output_dense_layer_1/output_dense_layer_1/Cast/ReadVariableOp:0=Const, [256, 23], 1
Outpus:
	point_net_1/output_dense_layer_1/output_dense_layer_1/MatMul:0=[-1, 23], 1
2026-02-01 18:36:30,748 - tf2onnx.tfonnx - DEBUG - Process node: point_net_1/output_dense_layer_1/output_dense_layer_1/BiasAdd
OP=BiasAdd
Name=point_net_1/output_dense_layer_1/output_dense_layer_1/BiasAdd
Inputs:
	point_net_1/output_dense_layer_1/output_dense_layer_1/MatMul:0=MatMul, [-1, 23], 1
	point_net_1/output_dense_layer_1/output_dense_layer_1/BiasAdd/ReadVariableOp:0=Const, [23], 1
Outpus:
	point_net_1/output_dense_layer_1/output_dense_layer_1/BiasAdd:0=[-1, 23], 1
2026-02-01 18:36:30,748 - tf2onnx.tfonnx - DEBUG - Process node: point_net_1/output_dense_layer_1/Softmax
OP=Softmax
Name=point_net_1/output_dense_layer_1/Softmax
Inputs:
	point_net_1/output_dense_layer_1/output_dense_layer_1/BiasAdd:0=Add, [-1, 23], 1
Outpus:
	point_net_1/output_dense_layer_1/Softmax:0=[-1, 23], 1
2026-02-01 18:36:30,748 - tf2onnx.tfonnx - DEBUG - Process node: point_net_1/ExpandDims_2
OP=ExpandDims
Name=point_net_1/ExpandDims_2
Inputs:
	point_net_1/Max:0=ReduceMax, [-1, 1024], 1
	point_net_1/ExpandDims_2/dim:0=Const, [], 6
Outpus:
	point_net_1/ExpandDims_2:0=[-1, 1, 1024], 1
2026-02-01 18:36:30,749 - tf2onnx.graph - DEBUG - Making node: Name=point_net_1/ExpandDims_2__1254, OP=Cast
2026-02-01 18:36:30,749 - tf2onnx.graph - DEBUG - Infer shape and dtype for [point_net_1/ExpandDims_2__1254]
2026-02-01 18:36:30,749 - tf2onnx.graph - DEBUG - Set dtype of [point_net_1/ExpandDims_2__1254:0] to 7
2026-02-01 18:36:30,750 - tf2onnx.graph - DEBUG - Set shape of [point_net_1/ExpandDims_2__1254:0] to []
2026-02-01 18:36:30,750 - tf2onnx.graph - DEBUG - Made node: point_net_1/ExpandDims_2__1254
OP=Cast
Name=point_net_1/ExpandDims_2__1254
Inputs:
	point_net_1/ExpandDims_2/dim:0=Const, [], 6
Outpus:
	point_net_1/ExpandDims_2__1254:0=[], 7
2026-02-01 18:36:30,750 - tf2onnx.graph - DEBUG - Making node: Name=reshape_const__1255, OP=Const
2026-02-01 18:36:30,750 - tf2onnx.graph - DEBUG - Made node: reshape_const__1255
OP=Const
Name=reshape_const__1255
Outpus:
	reshape_const__1255=None, 7
2026-02-01 18:36:30,751 - tf2onnx.graph - DEBUG - Making node: Name=Reshape__1256, OP=Reshape
2026-02-01 18:36:30,751 - tf2onnx.graph - DEBUG - Infer shape and dtype for [Reshape__1256]
2026-02-01 18:36:30,751 - tf2onnx.graph - DEBUG - Set dtype of [Reshape__1256:0] to 7
2026-02-01 18:36:30,752 - tf2onnx.graph - DEBUG - Set shape of [Reshape__1256:0] to [1]
2026-02-01 18:36:30,752 - tf2onnx.graph - DEBUG - Made node: Reshape__1256
OP=Reshape
Name=Reshape__1256
Inputs:
	point_net_1/ExpandDims_2__1254:0=Cast, [], 7
	reshape_const__1255=Const, [1], 7
Outpus:
	Reshape__1256:0=[1], 7
2026-02-01 18:36:30,752 - tf2onnx.tfonnx - DEBUG - Process node: point_net_1/Tile
OP=Tile
Name=point_net_1/Tile
Inputs:
	point_net_1/ExpandDims_2:0=Unsqueeze, [-1, 1, 1024], 1
	point_net_1/Tile/multiples:0=Const, [3], 6
Outpus:
	point_net_1/Tile:0=[-1, 8192, 1024], 1
2026-02-01 18:36:30,752 - tf2onnx.graph - DEBUG - Making node: Name=point_net_1/Tile__1257, OP=Cast
2026-02-01 18:36:30,753 - tf2onnx.graph - DEBUG - Infer shape and dtype for [point_net_1/Tile__1257]
2026-02-01 18:36:30,753 - tf2onnx.graph - DEBUG - Set dtype of [point_net_1/Tile__1257:0] to 7
2026-02-01 18:36:30,753 - tf2onnx.graph - DEBUG - Set shape of [point_net_1/Tile__1257:0] to [3]
2026-02-01 18:36:30,754 - tf2onnx.graph - DEBUG - Made node: point_net_1/Tile__1257
OP=Cast
Name=point_net_1/Tile__1257
Inputs:
	point_net_1/Tile/multiples:0=Const, [3], 6
Outpus:
	point_net_1/Tile__1257:0=[3], 7
2026-02-01 18:36:30,754 - tf2onnx.tfonnx - DEBUG - Process node: point_net_1/concat
OP=ConcatV2
Name=point_net_1/concat
Inputs:
	point_net_1/Squeeze:0=Squeeze, [-1, 8192, 64], 1
	point_net_1/Tile:0=Tile, [-1, 8192, 1024], 1
	point_net_1/concat/axis:0=Const, [], 6
Outpus:
	point_net_1/concat:0=[-1, 8192, 1088], 1
2026-02-01 18:36:30,754 - tf2onnx.tfonnx - DEBUG - Process node: point_net_1/ExpandDims_3
OP=ExpandDims
Name=point_net_1/ExpandDims_3
Inputs:
	point_net_1/concat:0=Concat, [-1, 8192, 1088], 1
	point_net_1/ExpandDims_3/dim:0=Const, [], 6
Outpus:
	point_net_1/ExpandDims_3:0=[-1, 8192, 1, 1088], 1
2026-02-01 18:36:30,754 - tf2onnx.graph - DEBUG - Making node: Name=point_net_1/ExpandDims_3__1258, OP=Cast
2026-02-01 18:36:30,755 - tf2onnx.graph - DEBUG - Infer shape and dtype for [point_net_1/ExpandDims_3__1258]
2026-02-01 18:36:30,755 - tf2onnx.graph - DEBUG - Set dtype of [point_net_1/ExpandDims_3__1258:0] to 7
2026-02-01 18:36:30,755 - tf2onnx.graph - DEBUG - Set shape of [point_net_1/ExpandDims_3__1258:0] to []
2026-02-01 18:36:30,756 - tf2onnx.graph - DEBUG - Made node: point_net_1/ExpandDims_3__1258
OP=Cast
Name=point_net_1/ExpandDims_3__1258
Inputs:
	point_net_1/ExpandDims_3/dim:0=Const, [], 6
Outpus:
	point_net_1/ExpandDims_3__1258:0=[], 7
2026-02-01 18:36:30,756 - tf2onnx.graph - DEBUG - Making node: Name=reshape_const__1259, OP=Const
2026-02-01 18:36:30,756 - tf2onnx.graph - DEBUG - Made node: reshape_const__1259
OP=Const
Name=reshape_const__1259
Outpus:
	reshape_const__1259=None, 7
2026-02-01 18:36:30,756 - tf2onnx.graph - DEBUG - Making node: Name=Reshape__1260, OP=Reshape
2026-02-01 18:36:30,757 - tf2onnx.graph - DEBUG - Infer shape and dtype for [Reshape__1260]
2026-02-01 18:36:30,757 - tf2onnx.graph - DEBUG - Set dtype of [Reshape__1260:0] to 7
2026-02-01 18:36:30,757 - tf2onnx.graph - DEBUG - Set shape of [Reshape__1260:0] to [1]
2026-02-01 18:36:30,758 - tf2onnx.graph - DEBUG - Made node: Reshape__1260
OP=Reshape
Name=Reshape__1260
Inputs:
	point_net_1/ExpandDims_3__1258:0=Cast, [], 7
	reshape_const__1259=Const, [1], 7
Outpus:
	Reshape__1260:0=[1], 7
2026-02-01 18:36:30,758 - tf2onnx.tfonnx - DEBUG - Process node: point_net_1/seg_l1_512_convolution_layer_1/batch_normalization_18_1/batchnorm/mul_1
OP=Conv2D
Name=point_net_1/seg_l1_512_convolution_layer_1/batch_normalization_18_1/batchnorm/mul_1
Inputs:
	point_net_1/ExpandDims_3:0=Unsqueeze, [-1, 8192, 1, 1088], 1
	point_net_1/seg_l1_512_convolution_layer_1/seg_l1_512_convolution_layer_1/convolution/merged_input:0=Const, [1, 1, 1088, 512], 1
Outpus:
	point_net_1/seg_l1_512_convolution_layer_1/batch_normalization_18_1/batchnorm/mul_1:0=[-1, 8192, 1, 512], 1
2026-02-01 18:36:30,759 - tf2onnx.graph - DEBUG - Making node: Name=point_net_1/seg_l1_512_convolution_layer_1/batch_normalization_18_1/batchnorm/mul_1__1261, OP=Transpose
2026-02-01 18:36:30,759 - tf2onnx.graph - DEBUG - Infer shape and dtype for [point_net_1/seg_l1_512_convolution_layer_1/batch_normalization_18_1/batchnorm/mul_1__1261]
2026-02-01 18:36:30,760 - tf2onnx.graph - DEBUG - Set dtype of [point_net_1/seg_l1_512_convolution_layer_1/batch_normalization_18_1/batchnorm/mul_1__1261:0] to 1
2026-02-01 18:36:30,760 - tf2onnx.graph - DEBUG - Set shape of [point_net_1/seg_l1_512_convolution_layer_1/batch_normalization_18_1/batchnorm/mul_1__1261:0] to [1088, 1, 8192, -1]
2026-02-01 18:36:30,760 - tf2onnx.graph - DEBUG - Made node: point_net_1/seg_l1_512_convolution_layer_1/batch_normalization_18_1/batchnorm/mul_1__1261
OP=Transpose
Name=point_net_1/seg_l1_512_convolution_layer_1/batch_normalization_18_1/batchnorm/mul_1__1261
Inputs:
	point_net_1/ExpandDims_3:0=Unsqueeze, [-1, 8192, 1, 1088], 1
Outpus:
	point_net_1/seg_l1_512_convolution_layer_1/batch_normalization_18_1/batchnorm/mul_1__1261:0=[1088, 1, 8192, -1], 1
2026-02-01 18:36:30,767 - tf2onnx.graph - DEBUG - Making node: Name=point_net_1/seg_l1_512_convolution_layer_1/batch_normalization_18_1/batchnorm/mul_1__1263, OP=Transpose
2026-02-01 18:36:30,767 - tf2onnx.graph - DEBUG - Infer shape and dtype for [point_net_1/seg_l1_512_convolution_layer_1/batch_normalization_18_1/batchnorm/mul_1__1263]
2026-02-01 18:36:30,768 - tf2onnx.graph - DEBUG - Set dtype of [point_net_1/seg_l1_512_convolution_layer_1/batch_normalization_18_1/batchnorm/mul_1__1263:0] to 1
2026-02-01 18:36:30,768 - tf2onnx.graph - DEBUG - Set shape of [point_net_1/seg_l1_512_convolution_layer_1/batch_normalization_18_1/batchnorm/mul_1__1263:0] to [512, 1, 8192, -1]
2026-02-01 18:36:30,768 - tf2onnx.graph - DEBUG - Made node: point_net_1/seg_l1_512_convolution_layer_1/batch_normalization_18_1/batchnorm/mul_1__1263
OP=Transpose
Name=point_net_1/seg_l1_512_convolution_layer_1/batch_normalization_18_1/batchnorm/mul_1__1263
Inputs:
	point_net_1/seg_l1_512_convolution_layer_1/batch_normalization_18_1/batchnorm/mul_1:0=Conv, [-1, 8192, 1, 512], 1
Outpus:
	point_net_1/seg_l1_512_convolution_layer_1/batch_normalization_18_1/batchnorm/mul_1__1263:0=[512, 1, 8192, -1], 1
2026-02-01 18:36:30,769 - tf2onnx.tfonnx - DEBUG - Process node: point_net_1/seg_l1_512_convolution_layer_1/batch_normalization_18_1/batchnorm/add_1
OP=AddV2
Name=point_net_1/seg_l1_512_convolution_layer_1/batch_normalization_18_1/batchnorm/add_1
Inputs:
	point_net_1/seg_l1_512_convolution_layer_1/batch_normalization_18_1/batchnorm/mul_1__1263:0=Transpose, [-1, 8192, 1, 512], 1
	point_net_1/seg_l1_512_convolution_layer_1/batch_normalization_18_1/batchnorm/sub:0=Const, [512], 1
Outpus:
	point_net_1/seg_l1_512_convolution_layer_1/batch_normalization_18_1/batchnorm/add_1:0=[-1, 8192, 1, 512], 1
2026-02-01 18:36:30,769 - tf2onnx.tfonnx - DEBUG - Process node: point_net_1/seg_l1_512_convolution_layer_1/Relu
OP=Relu
Name=point_net_1/seg_l1_512_convolution_layer_1/Relu
Inputs:
	point_net_1/seg_l1_512_convolution_layer_1/batch_normalization_18_1/batchnorm/add_1:0=Add, [-1, 8192, 1, 512], 1
Outpus:
	point_net_1/seg_l1_512_convolution_layer_1/Relu:0=[-1, 8192, 1, 512], 1
2026-02-01 18:36:30,769 - tf2onnx.tfonnx - DEBUG - Process node: point_net_1/seg_l2_256_convolution_layer_1/batch_normalization_19_1/batchnorm/mul_1
OP=Conv2D
Name=point_net_1/seg_l2_256_convolution_layer_1/batch_normalization_19_1/batchnorm/mul_1
Inputs:
	point_net_1/seg_l1_512_convolution_layer_1/Relu:0=Relu, [-1, 8192, 1, 512], 1
	point_net_1/seg_l2_256_convolution_layer_1/seg_l2_256_convolution_layer_1/convolution/merged_input:0=Const, [1, 1, 512, 256], 1
Outpus:
	point_net_1/seg_l2_256_convolution_layer_1/batch_normalization_19_1/batchnorm/mul_1:0=[-1, 8192, 1, 256], 1
2026-02-01 18:36:30,769 - tf2onnx.graph - DEBUG - Making node: Name=point_net_1/seg_l2_256_convolution_layer_1/batch_normalization_19_1/batchnorm/mul_1__1265, OP=Transpose
2026-02-01 18:36:30,770 - tf2onnx.graph - DEBUG - Infer shape and dtype for [point_net_1/seg_l2_256_convolution_layer_1/batch_normalization_19_1/batchnorm/mul_1__1265]
2026-02-01 18:36:30,770 - tf2onnx.graph - DEBUG - Set dtype of [point_net_1/seg_l2_256_convolution_layer_1/batch_normalization_19_1/batchnorm/mul_1__1265:0] to 1
2026-02-01 18:36:30,770 - tf2onnx.graph - DEBUG - Set shape of [point_net_1/seg_l2_256_convolution_layer_1/batch_normalization_19_1/batchnorm/mul_1__1265:0] to [512, 1, 8192, -1]
2026-02-01 18:36:30,771 - tf2onnx.graph - DEBUG - Made node: point_net_1/seg_l2_256_convolution_layer_1/batch_normalization_19_1/batchnorm/mul_1__1265
OP=Transpose
Name=point_net_1/seg_l2_256_convolution_layer_1/batch_normalization_19_1/batchnorm/mul_1__1265
Inputs:
	point_net_1/seg_l1_512_convolution_layer_1/Relu:0=Relu, [-1, 8192, 1, 512], 1
Outpus:
	point_net_1/seg_l2_256_convolution_layer_1/batch_normalization_19_1/batchnorm/mul_1__1265:0=[512, 1, 8192, -1], 1
2026-02-01 18:36:30,772 - tf2onnx.graph - DEBUG - Making node: Name=point_net_1/seg_l2_256_convolution_layer_1/batch_normalization_19_1/batchnorm/mul_1__1267, OP=Transpose
2026-02-01 18:36:30,772 - tf2onnx.graph - DEBUG - Infer shape and dtype for [point_net_1/seg_l2_256_convolution_layer_1/batch_normalization_19_1/batchnorm/mul_1__1267]
2026-02-01 18:36:30,772 - tf2onnx.graph - DEBUG - Set dtype of [point_net_1/seg_l2_256_convolution_layer_1/batch_normalization_19_1/batchnorm/mul_1__1267:0] to 1
2026-02-01 18:36:30,773 - tf2onnx.graph - DEBUG - Set shape of [point_net_1/seg_l2_256_convolution_layer_1/batch_normalization_19_1/batchnorm/mul_1__1267:0] to [256, 1, 8192, -1]
2026-02-01 18:36:30,773 - tf2onnx.graph - DEBUG - Made node: point_net_1/seg_l2_256_convolution_layer_1/batch_normalization_19_1/batchnorm/mul_1__1267
OP=Transpose
Name=point_net_1/seg_l2_256_convolution_layer_1/batch_normalization_19_1/batchnorm/mul_1__1267
Inputs:
	point_net_1/seg_l2_256_convolution_layer_1/batch_normalization_19_1/batchnorm/mul_1:0=Conv, [-1, 8192, 1, 256], 1
Outpus:
	point_net_1/seg_l2_256_convolution_layer_1/batch_normalization_19_1/batchnorm/mul_1__1267:0=[256, 1, 8192, -1], 1
2026-02-01 18:36:30,773 - tf2onnx.tfonnx - DEBUG - Process node: point_net_1/seg_l2_256_convolution_layer_1/batch_normalization_19_1/batchnorm/add_1
OP=AddV2
Name=point_net_1/seg_l2_256_convolution_layer_1/batch_normalization_19_1/batchnorm/add_1
Inputs:
	point_net_1/seg_l2_256_convolution_layer_1/batch_normalization_19_1/batchnorm/mul_1__1267:0=Transpose, [-1, 8192, 1, 256], 1
	point_net_1/seg_l2_256_convolution_layer_1/batch_normalization_19_1/batchnorm/sub:0=Const, [256], 1
Outpus:
	point_net_1/seg_l2_256_convolution_layer_1/batch_normalization_19_1/batchnorm/add_1:0=[-1, 8192, 1, 256], 1
2026-02-01 18:36:30,774 - tf2onnx.tfonnx - DEBUG - Process node: point_net_1/seg_l2_256_convolution_layer_1/Relu
OP=Relu
Name=point_net_1/seg_l2_256_convolution_layer_1/Relu
Inputs:
	point_net_1/seg_l2_256_convolution_layer_1/batch_normalization_19_1/batchnorm/add_1:0=Add, [-1, 8192, 1, 256], 1
Outpus:
	point_net_1/seg_l2_256_convolution_layer_1/Relu:0=[-1, 8192, 1, 256], 1
2026-02-01 18:36:30,774 - tf2onnx.tfonnx - DEBUG - Process node: point_net_1/seg_l3_128_convolution_layer_1/batch_normalization_20_1/batchnorm/mul_1
OP=Conv2D
Name=point_net_1/seg_l3_128_convolution_layer_1/batch_normalization_20_1/batchnorm/mul_1
Inputs:
	point_net_1/seg_l2_256_convolution_layer_1/Relu:0=Relu, [-1, 8192, 1, 256], 1
	point_net_1/seg_l3_128_convolution_layer_1/seg_l3_128_convolution_layer_1/convolution/merged_input:0=Const, [1, 1, 256, 128], 1
Outpus:
	point_net_1/seg_l3_128_convolution_layer_1/batch_normalization_20_1/batchnorm/mul_1:0=[-1, 8192, 1, 128], 1
2026-02-01 18:36:30,775 - tf2onnx.graph - DEBUG - Making node: Name=point_net_1/seg_l3_128_convolution_layer_1/batch_normalization_20_1/batchnorm/mul_1__1269, OP=Transpose
2026-02-01 18:36:30,775 - tf2onnx.graph - DEBUG - Infer shape and dtype for [point_net_1/seg_l3_128_convolution_layer_1/batch_normalization_20_1/batchnorm/mul_1__1269]
2026-02-01 18:36:30,776 - tf2onnx.graph - DEBUG - Set dtype of [point_net_1/seg_l3_128_convolution_layer_1/batch_normalization_20_1/batchnorm/mul_1__1269:0] to 1
2026-02-01 18:36:30,776 - tf2onnx.graph - DEBUG - Set shape of [point_net_1/seg_l3_128_convolution_layer_1/batch_normalization_20_1/batchnorm/mul_1__1269:0] to [256, 1, 8192, -1]
2026-02-01 18:36:30,777 - tf2onnx.graph - DEBUG - Made node: point_net_1/seg_l3_128_convolution_layer_1/batch_normalization_20_1/batchnorm/mul_1__1269
OP=Transpose
Name=point_net_1/seg_l3_128_convolution_layer_1/batch_normalization_20_1/batchnorm/mul_1__1269
Inputs:
	point_net_1/seg_l2_256_convolution_layer_1/Relu:0=Relu, [-1, 8192, 1, 256], 1
Outpus:
	point_net_1/seg_l3_128_convolution_layer_1/batch_normalization_20_1/batchnorm/mul_1__1269:0=[256, 1, 8192, -1], 1
2026-02-01 18:36:30,777 - tf2onnx.graph - DEBUG - Making node: Name=point_net_1/seg_l3_128_convolution_layer_1/batch_normalization_20_1/batchnorm/mul_1__1271, OP=Transpose
2026-02-01 18:36:30,778 - tf2onnx.graph - DEBUG - Infer shape and dtype for [point_net_1/seg_l3_128_convolution_layer_1/batch_normalization_20_1/batchnorm/mul_1__1271]
2026-02-01 18:36:30,778 - tf2onnx.graph - DEBUG - Set dtype of [point_net_1/seg_l3_128_convolution_layer_1/batch_normalization_20_1/batchnorm/mul_1__1271:0] to 1
2026-02-01 18:36:30,778 - tf2onnx.graph - DEBUG - Set shape of [point_net_1/seg_l3_128_convolution_layer_1/batch_normalization_20_1/batchnorm/mul_1__1271:0] to [128, 1, 8192, -1]
2026-02-01 18:36:30,779 - tf2onnx.graph - DEBUG - Made node: point_net_1/seg_l3_128_convolution_layer_1/batch_normalization_20_1/batchnorm/mul_1__1271
OP=Transpose
Name=point_net_1/seg_l3_128_convolution_layer_1/batch_normalization_20_1/batchnorm/mul_1__1271
Inputs:
	point_net_1/seg_l3_128_convolution_layer_1/batch_normalization_20_1/batchnorm/mul_1:0=Conv, [-1, 8192, 1, 128], 1
Outpus:
	point_net_1/seg_l3_128_convolution_layer_1/batch_normalization_20_1/batchnorm/mul_1__1271:0=[128, 1, 8192, -1], 1
2026-02-01 18:36:30,779 - tf2onnx.tfonnx - DEBUG - Process node: point_net_1/seg_l3_128_convolution_layer_1/batch_normalization_20_1/batchnorm/add_1
OP=AddV2
Name=point_net_1/seg_l3_128_convolution_layer_1/batch_normalization_20_1/batchnorm/add_1
Inputs:
	point_net_1/seg_l3_128_convolution_layer_1/batch_normalization_20_1/batchnorm/mul_1__1271:0=Transpose, [-1, 8192, 1, 128], 1
	point_net_1/seg_l3_128_convolution_layer_1/batch_normalization_20_1/batchnorm/sub:0=Const, [128], 1
Outpus:
	point_net_1/seg_l3_128_convolution_layer_1/batch_normalization_20_1/batchnorm/add_1:0=[-1, 8192, 1, 128], 1
2026-02-01 18:36:30,779 - tf2onnx.tfonnx - DEBUG - Process node: point_net_1/seg_l3_128_convolution_layer_1/Relu
OP=Relu
Name=point_net_1/seg_l3_128_convolution_layer_1/Relu
Inputs:
	point_net_1/seg_l3_128_convolution_layer_1/batch_normalization_20_1/batchnorm/add_1:0=Add, [-1, 8192, 1, 128], 1
Outpus:
	point_net_1/seg_l3_128_convolution_layer_1/Relu:0=[-1, 8192, 1, 128], 1
2026-02-01 18:36:30,779 - tf2onnx.tfonnx - DEBUG - Process node: point_net_1/seg_l4_128_convolution_layer_1/batch_normalization_21_1/batchnorm/mul_1
OP=Conv2D
Name=point_net_1/seg_l4_128_convolution_layer_1/batch_normalization_21_1/batchnorm/mul_1
Inputs:
	point_net_1/seg_l3_128_convolution_layer_1/Relu:0=Relu, [-1, 8192, 1, 128], 1
	point_net_1/seg_l4_128_convolution_layer_1/seg_l4_128_convolution_layer_1/convolution/merged_input:0=Const, [1, 1, 128, 128], 1
Outpus:
	point_net_1/seg_l4_128_convolution_layer_1/batch_normalization_21_1/batchnorm/mul_1:0=[-1, 8192, 1, 128], 1
2026-02-01 18:36:30,780 - tf2onnx.graph - DEBUG - Making node: Name=point_net_1/seg_l4_128_convolution_layer_1/batch_normalization_21_1/batchnorm/mul_1__1273, OP=Transpose
2026-02-01 18:36:30,780 - tf2onnx.graph - DEBUG - Infer shape and dtype for [point_net_1/seg_l4_128_convolution_layer_1/batch_normalization_21_1/batchnorm/mul_1__1273]
2026-02-01 18:36:30,780 - tf2onnx.graph - DEBUG - Set dtype of [point_net_1/seg_l4_128_convolution_layer_1/batch_normalization_21_1/batchnorm/mul_1__1273:0] to 1
2026-02-01 18:36:30,781 - tf2onnx.graph - DEBUG - Set shape of [point_net_1/seg_l4_128_convolution_layer_1/batch_normalization_21_1/batchnorm/mul_1__1273:0] to [128, 1, 8192, -1]
2026-02-01 18:36:30,781 - tf2onnx.graph - DEBUG - Made node: point_net_1/seg_l4_128_convolution_layer_1/batch_normalization_21_1/batchnorm/mul_1__1273
OP=Transpose
Name=point_net_1/seg_l4_128_convolution_layer_1/batch_normalization_21_1/batchnorm/mul_1__1273
Inputs:
	point_net_1/seg_l3_128_convolution_layer_1/Relu:0=Relu, [-1, 8192, 1, 128], 1
Outpus:
	point_net_1/seg_l4_128_convolution_layer_1/batch_normalization_21_1/batchnorm/mul_1__1273:0=[128, 1, 8192, -1], 1
2026-02-01 18:36:30,781 - tf2onnx.graph - DEBUG - Making node: Name=point_net_1/seg_l4_128_convolution_layer_1/batch_normalization_21_1/batchnorm/mul_1__1275, OP=Transpose
2026-02-01 18:36:30,782 - tf2onnx.graph - DEBUG - Infer shape and dtype for [point_net_1/seg_l4_128_convolution_layer_1/batch_normalization_21_1/batchnorm/mul_1__1275]
2026-02-01 18:36:30,782 - tf2onnx.graph - DEBUG - Set dtype of [point_net_1/seg_l4_128_convolution_layer_1/batch_normalization_21_1/batchnorm/mul_1__1275:0] to 1
2026-02-01 18:36:30,782 - tf2onnx.graph - DEBUG - Set shape of [point_net_1/seg_l4_128_convolution_layer_1/batch_normalization_21_1/batchnorm/mul_1__1275:0] to [128, 1, 8192, -1]
2026-02-01 18:36:30,783 - tf2onnx.graph - DEBUG - Made node: point_net_1/seg_l4_128_convolution_layer_1/batch_normalization_21_1/batchnorm/mul_1__1275
OP=Transpose
Name=point_net_1/seg_l4_128_convolution_layer_1/batch_normalization_21_1/batchnorm/mul_1__1275
Inputs:
	point_net_1/seg_l4_128_convolution_layer_1/batch_normalization_21_1/batchnorm/mul_1:0=Conv, [-1, 8192, 1, 128], 1
Outpus:
	point_net_1/seg_l4_128_convolution_layer_1/batch_normalization_21_1/batchnorm/mul_1__1275:0=[128, 1, 8192, -1], 1
2026-02-01 18:36:30,783 - tf2onnx.tfonnx - DEBUG - Process node: point_net_1/seg_l4_128_convolution_layer_1/batch_normalization_21_1/batchnorm/add_1
OP=AddV2
Name=point_net_1/seg_l4_128_convolution_layer_1/batch_normalization_21_1/batchnorm/add_1
Inputs:
	point_net_1/seg_l4_128_convolution_layer_1/batch_normalization_21_1/batchnorm/mul_1__1275:0=Transpose, [-1, 8192, 1, 128], 1
	point_net_1/seg_l4_128_convolution_layer_1/batch_normalization_21_1/batchnorm/sub:0=Const, [128], 1
Outpus:
	point_net_1/seg_l4_128_convolution_layer_1/batch_normalization_21_1/batchnorm/add_1:0=[-1, 8192, 1, 128], 1
2026-02-01 18:36:30,783 - tf2onnx.tfonnx - DEBUG - Process node: point_net_1/seg_l4_128_convolution_layer_1/Relu
OP=Relu
Name=point_net_1/seg_l4_128_convolution_layer_1/Relu
Inputs:
	point_net_1/seg_l4_128_convolution_layer_1/batch_normalization_21_1/batchnorm/add_1:0=Add, [-1, 8192, 1, 128], 1
Outpus:
	point_net_1/seg_l4_128_convolution_layer_1/Relu:0=[-1, 8192, 1, 128], 1
2026-02-01 18:36:30,784 - tf2onnx.tfonnx - DEBUG - Process node: point_net_1/seg_l5_output_convolution_layer_1/seg_l5_output_convolution_layer_1/BiasAdd
OP=Conv2D
Name=point_net_1/seg_l5_output_convolution_layer_1/seg_l5_output_convolution_layer_1/BiasAdd
Inputs:
	point_net_1/seg_l4_128_convolution_layer_1/Relu:0=Relu, [-1, 8192, 1, 128], 1
	point_net_1/seg_l5_output_convolution_layer_1/seg_l5_output_convolution_layer_1/convolution/ReadVariableOp:0=Const, [1, 1, 128, 12], 1
	point_net_1/seg_l5_output_convolution_layer_1/seg_l5_output_convolution_layer_1/Squeeze:0=Const, [12], 1
Outpus:
	point_net_1/seg_l5_output_convolution_layer_1/seg_l5_output_convolution_layer_1/BiasAdd:0=[-1, 8192, 1, 12], 1
2026-02-01 18:36:30,784 - tf2onnx.graph - DEBUG - Making node: Name=point_net_1/seg_l5_output_convolution_layer_1/seg_l5_output_convolution_layer_1/BiasAdd__1277, OP=Transpose
2026-02-01 18:36:30,784 - tf2onnx.graph - DEBUG - Infer shape and dtype for [point_net_1/seg_l5_output_convolution_layer_1/seg_l5_output_convolution_layer_1/BiasAdd__1277]
2026-02-01 18:36:30,785 - tf2onnx.graph - DEBUG - Set dtype of [point_net_1/seg_l5_output_convolution_layer_1/seg_l5_output_convolution_layer_1/BiasAdd__1277:0] to 1
2026-02-01 18:36:30,785 - tf2onnx.graph - DEBUG - Set shape of [point_net_1/seg_l5_output_convolution_layer_1/seg_l5_output_convolution_layer_1/BiasAdd__1277:0] to [128, 1, 8192, -1]
2026-02-01 18:36:30,785 - tf2onnx.graph - DEBUG - Made node: point_net_1/seg_l5_output_convolution_layer_1/seg_l5_output_convolution_layer_1/BiasAdd__1277
OP=Transpose
Name=point_net_1/seg_l5_output_convolution_layer_1/seg_l5_output_convolution_layer_1/BiasAdd__1277
Inputs:
	point_net_1/seg_l4_128_convolution_layer_1/Relu:0=Relu, [-1, 8192, 1, 128], 1
Outpus:
	point_net_1/seg_l5_output_convolution_layer_1/seg_l5_output_convolution_layer_1/BiasAdd__1277:0=[128, 1, 8192, -1], 1
2026-02-01 18:36:30,786 - tf2onnx.graph - DEBUG - Making node: Name=point_net_1/seg_l5_output_convolution_layer_1/seg_l5_output_convolution_layer_1/BiasAdd__1279, OP=Transpose
2026-02-01 18:36:30,786 - tf2onnx.graph - DEBUG - Infer shape and dtype for [point_net_1/seg_l5_output_convolution_layer_1/seg_l5_output_convolution_layer_1/BiasAdd__1279]
2026-02-01 18:36:30,786 - tf2onnx.graph - DEBUG - Set dtype of [point_net_1/seg_l5_output_convolution_layer_1/seg_l5_output_convolution_layer_1/BiasAdd__1279:0] to 1
2026-02-01 18:36:30,787 - tf2onnx.graph - DEBUG - Set shape of [point_net_1/seg_l5_output_convolution_layer_1/seg_l5_output_convolution_layer_1/BiasAdd__1279:0] to [12, 1, 8192, -1]
2026-02-01 18:36:30,787 - tf2onnx.graph - DEBUG - Made node: point_net_1/seg_l5_output_convolution_layer_1/seg_l5_output_convolution_layer_1/BiasAdd__1279
OP=Transpose
Name=point_net_1/seg_l5_output_convolution_layer_1/seg_l5_output_convolution_layer_1/BiasAdd__1279
Inputs:
	point_net_1/seg_l5_output_convolution_layer_1/seg_l5_output_convolution_layer_1/BiasAdd:0=Conv, [-1, 8192, 1, 12], 1
Outpus:
	point_net_1/seg_l5_output_convolution_layer_1/seg_l5_output_convolution_layer_1/BiasAdd__1279:0=[12, 1, 8192, -1], 1
2026-02-01 18:36:30,787 - tf2onnx.tfonnx - DEBUG - Process node: point_net_1/seg_l5_output_convolution_layer_1/Softmax
OP=Softmax
Name=point_net_1/seg_l5_output_convolution_layer_1/Softmax
Inputs:
	point_net_1/seg_l5_output_convolution_layer_1/seg_l5_output_convolution_layer_1/BiasAdd__1279:0=Transpose, [-1, 8192, 1, 12], 1
Outpus:
	point_net_1/seg_l5_output_convolution_layer_1/Softmax:0=[-1, 8192, 1, 12], 1
2026-02-01 18:36:30,788 - tf2onnx.tfonnx - DEBUG - Process node: point_net_1/Squeeze_2
OP=Squeeze
Name=point_net_1/Squeeze_2
Inputs:
	point_net_1/seg_l5_output_convolution_layer_1/Softmax:0=Softmax, [-1, 8192, 1, 12], 1
Outpus:
	point_net_1/Squeeze_2:0=[-1, 8192, 12], 1
2026-02-01 18:36:30,788 - tf2onnx.graph - DEBUG - Making node: Name=axes_const__1281, OP=Const
2026-02-01 18:36:30,788 - tf2onnx.graph - DEBUG - Made node: axes_const__1281
OP=Const
Name=axes_const__1281
Outpus:
	axes_const__1281=None, 7
2026-02-01 18:36:30,788 - tf2onnx.tfonnx - DEBUG - Process node: Identity_2
OP=Identity
Name=Identity_2
Inputs:
	point_net_1/Squeeze_2:0=Squeeze, [-1, 8192, 12], 1
Outpus:
	Identity_2_raw_output___855:0=[-1, 8192, 12], 1
2026-02-01 18:36:30,789 - tf2onnx.tfonnx - DEBUG - Process node: Identity_2_graph_outputs_Identity__856
OP=Identity
Name=Identity_2_graph_outputs_Identity__856
Inputs:
	Identity_2_raw_output___855:0=Identity, [-1, 8192, 12], 1
Outpus:
	segmentation_output=[-1, 8192, 12], 1
2026-02-01 18:36:30,789 - tf2onnx.tfonnx - DEBUG - explicitly skip node Identity_2_graph_outputs_Identity__856
2026-02-01 18:36:30,789 - tf2onnx.tfonnx - DEBUG - Process node: Identity_1
OP=Identity
Name=Identity_1
Inputs:
	point_net_1/eye/diag:0=Identity, [-1, 3, 3], 1
Outpus:
	Identity_1_raw_output___857:0=[-1, 3, 3], 1
2026-02-01 18:36:30,789 - tf2onnx.tfonnx - DEBUG - Process node: Identity_1_graph_outputs_Identity__858
OP=Identity
Name=Identity_1_graph_outputs_Identity__858
Inputs:
	Identity_1_raw_output___857:0=Identity, [-1, 3, 3], 1
Outpus:
	se3=[-1, 3, 3], 1
2026-02-01 18:36:30,790 - tf2onnx.tfonnx - DEBUG - explicitly skip node Identity_1_graph_outputs_Identity__858
2026-02-01 18:36:30,790 - tf2onnx.tfonnx - DEBUG - Process node: Identity
OP=Identity
Name=Identity
Inputs:
	point_net_1/output_dense_layer_1/Softmax:0=Softmax, [-1, 23], 1
Outpus:
	Identity_raw_output___853:0=[-1, 23], 1
2026-02-01 18:36:30,790 - tf2onnx.tfonnx - DEBUG - Process node: Identity_graph_outputs_Identity__854
OP=Identity
Name=Identity_graph_outputs_Identity__854
Inputs:
	Identity_raw_output___853:0=Identity, [-1, 23], 1
Outpus:
	classification_output=[-1, 23], 1
2026-02-01 18:36:30,790 - tf2onnx.tfonnx - DEBUG - explicitly skip node Identity_graph_outputs_Identity__854
2026-02-01 18:36:30,802 - tf2onnx.tfonnx - VERBOSE - Summay Stats:
	tensorflow ops: Counter({'Const': 49, 'AddV2': 11, 'Relu': 11, 'Conv2D': 10, 'Identity': 6, 'ExpandDims': 5, 'Squeeze': 3, 'MatMul': 3, 'Max': 2, 'Mul': 2, 'BiasAdd': 2, 'Softmax': 2, 'Placeholder': 1, 'Mean': 1, 'Sub': 1, 'Square': 1, 'Sum': 1, 'Sqrt': 1, 'Maximum': 1, 'RealDiv': 1, 'Shape': 1, 'StridedSlice': 1, 'Pack': 1, 'Fill': 1, 'MatrixDiagV3': 1, 'Tile': 1, 'ConcatV2': 1})
	tensorflow attr: Counter({'dtype': 50, 'value': 49, 'data_format': 12, 'dilations': 10, 'padding': 10, 'strides': 10, 'explicit_paddings': 10, 'Tidx': 5, 'keep_dims': 4, 'squeeze_dims': 3, 'grad_a': 3, 'grad_b': 3, 'transpose_a': 3, 'transpose_b': 3, 'N': 2, 'shape': 1, 'out_type': 1, 'begin_mask': 1, 'ellipsis_mask': 1, 'end_mask': 1, 'new_axis_mask': 1, 'shrink_axis_mask': 1, 'axis': 1, 'align': 1})
	onnx mapped: Counter({'Const': 49, 'AddV2': 11, 'Relu': 11, 'Conv2D': 10, 'ExpandDims': 5, 'Squeeze': 3, 'MatMul': 3, 'Identity': 3, 'Max': 2, 'Mul': 2, 'Softmax': 2, 'Placeholder': 1, 'Mean': 1, 'Sub': 1, 'Square': 1, 'Sum': 1, 'Sqrt': 1, 'Maximum': 1, 'RealDiv': 1, 'Shape': 1, 'StridedSlice': 1, 'Pack': 1, 'Fill': 1, 'MatrixDiagV3': 1, 'BiasAdd': 1, 'Tile': 1, 'ConcatV2': 1})
	onnx unmapped: Counter()
2026-02-01 18:36:30,802 - tf2onnx.optimizer - INFO - Optimizing ONNX model
2026-02-01 18:36:30,803 - tf2onnx.optimizer - VERBOSE - Apply optimize_transpose
2026-02-01 18:36:30,816 - tf2onnx.graph - DEBUG - Making node: Name=Conv__1292, OP=Conv
2026-02-01 18:36:30,817 - tf2onnx.graph - DEBUG - Infer shape and dtype for [Conv__1292]
2026-02-01 18:36:30,822 - tf2onnx.graph - DEBUG - Set dtype of [Conv__1292:0] to 1
2026-02-01 18:36:30,823 - tf2onnx.graph - DEBUG - Set shape of [Conv__1292:0] to [-1, 64, 8192, 1]
2026-02-01 18:36:30,823 - tf2onnx.graph - DEBUG - Made node: Conv__1292
OP=Conv
Name=Conv__1292
Inputs:
	point_net_1/s1_l1_64_convolution_layer_1/batch_normalization_11_1/batchnorm/mul_1__1229:0=Transpose, [-1, 3, 8192, 1], 1
	point_net_1/s1_l1_64_convolution_layer_1/s1_l1_64_convolution_layer_1/convolution/merged_input:0=Const, [64, 3, 1, 1], 1
	point_net_1/s1_l1_64_convolution_layer_1/batch_normalization_11_1/batchnorm/sub:0=Const, [64], 1
Outpus:
	Conv__1292:0=[-1, 64, 8192, 1], 1
2026-02-01 18:36:30,824 - tf2onnx.graph - DEBUG - Making node: Name=Conv__1294, OP=Conv
2026-02-01 18:36:30,824 - tf2onnx.graph - DEBUG - Infer shape and dtype for [Conv__1294]
2026-02-01 18:36:30,825 - tf2onnx.graph - DEBUG - Set dtype of [Conv__1294:0] to 1
2026-02-01 18:36:30,825 - tf2onnx.graph - DEBUG - Set shape of [Conv__1294:0] to [-1, 64, 8192, 1]
2026-02-01 18:36:30,826 - tf2onnx.graph - DEBUG - Made node: Conv__1294
OP=Conv
Name=Conv__1294
Inputs:
	point_net_1/s1_l2_64_convolution_layer_1/batch_normalization_12_1/batchnorm/mul_1__1233:0=Transpose, [-1, 64, 8192, 1], 1
	point_net_1/s1_l2_64_convolution_layer_1/s1_l2_64_convolution_layer_1/convolution/merged_input:0=Const, [64, 64, 1, 1], 1
	point_net_1/s1_l2_64_convolution_layer_1/batch_normalization_12_1/batchnorm/sub:0=Const, [64], 1
Outpus:
	Conv__1294:0=[-1, 64, 8192, 1], 1
2026-02-01 18:36:30,827 - tf2onnx.graph - DEBUG - Making node: Name=axes_const__1237__1296, OP=Const
2026-02-01 18:36:30,827 - tf2onnx.graph - DEBUG - Made node: axes_const__1237__1296
OP=Const
Name=axes_const__1237__1296
Outpus:
	axes_const__1237__1296=None, 7
2026-02-01 18:36:30,828 - tf2onnx.graph - DEBUG - Making node: Name=Conv__1297, OP=Conv
2026-02-01 18:36:30,828 - tf2onnx.graph - DEBUG - Infer shape and dtype for [Conv__1297]
2026-02-01 18:36:30,829 - tf2onnx.graph - DEBUG - Set dtype of [Conv__1297:0] to 1
2026-02-01 18:36:30,829 - tf2onnx.graph - DEBUG - Set shape of [Conv__1297:0] to [-1, 64, 8192, 1]
2026-02-01 18:36:30,830 - tf2onnx.graph - DEBUG - Made node: Conv__1297
OP=Conv
Name=Conv__1297
Inputs:
	point_net_1/s2_l1_64_convolution_layer_1/batch_normalization_13_1/batchnorm/mul_1__1241:0=Transpose, [-1, 64, 8192, 1], 1
	point_net_1/s2_l1_64_convolution_layer_1/s2_l1_64_convolution_layer_1/convolution/merged_input:0=Const, [64, 64, 1, 1], 1
	point_net_1/s2_l1_64_convolution_layer_1/batch_normalization_13_1/batchnorm/sub:0=Const, [64], 1
Outpus:
	Conv__1297:0=[-1, 64, 8192, 1], 1
2026-02-01 18:36:30,830 - tf2onnx.graph - DEBUG - Making node: Name=Conv__1299, OP=Conv
2026-02-01 18:36:30,831 - tf2onnx.graph - DEBUG - Infer shape and dtype for [Conv__1299]
2026-02-01 18:36:30,831 - tf2onnx.graph - DEBUG - Set dtype of [Conv__1299:0] to 1
2026-02-01 18:36:30,832 - tf2onnx.graph - DEBUG - Set shape of [Conv__1299:0] to [-1, 128, 8192, 1]
2026-02-01 18:36:30,832 - tf2onnx.graph - DEBUG - Made node: Conv__1299
OP=Conv
Name=Conv__1299
Inputs:
	point_net_1/s2_l2_128_convolution_layer_1/batch_normalization_14_1/batchnorm/mul_1__1245:0=Transpose, [-1, 64, 8192, 1], 1
	point_net_1/s2_l2_128_convolution_layer_1/s2_l2_128_convolution_layer_1/convolution/merged_input:0=Const, [128, 64, 1, 1], 1
	point_net_1/s2_l2_128_convolution_layer_1/batch_normalization_14_1/batchnorm/sub:0=Const, [128], 1
Outpus:
	Conv__1299:0=[-1, 128, 8192, 1], 1
2026-02-01 18:36:30,833 - tf2onnx.graph - DEBUG - Making node: Name=Conv__1301, OP=Conv
2026-02-01 18:36:30,833 - tf2onnx.graph - DEBUG - Infer shape and dtype for [Conv__1301]
2026-02-01 18:36:30,836 - tf2onnx.graph - DEBUG - Set dtype of [Conv__1301:0] to 1
2026-02-01 18:36:30,836 - tf2onnx.graph - DEBUG - Set shape of [Conv__1301:0] to [-1, 1024, 8192, 1]
2026-02-01 18:36:30,837 - tf2onnx.graph - DEBUG - Made node: Conv__1301
OP=Conv
Name=Conv__1301
Inputs:
	point_net_1/s2_l3_1024_convolution_layer_1/batch_normalization_15_1/batchnorm/mul_1__1249:0=Transpose, [-1, 128, 8192, 1], 1
	point_net_1/s2_l3_1024_convolution_layer_1/s2_l3_1024_convolution_layer_1/convolution/merged_input:0=Const, [1024, 128, 1, 1], 1
	point_net_1/s2_l3_1024_convolution_layer_1/batch_normalization_15_1/batchnorm/sub:0=Const, [1024], 1
Outpus:
	Conv__1301:0=[-1, 1024, 8192, 1], 1
2026-02-01 18:36:30,838 - tf2onnx.graph - DEBUG - Making node: Name=axes_const__1253__1303, OP=Const
2026-02-01 18:36:30,838 - tf2onnx.graph - DEBUG - Made node: axes_const__1253__1303
OP=Const
Name=axes_const__1253__1303
Outpus:
	axes_const__1253__1303=None, 7
2026-02-01 18:36:30,839 - tf2onnx.graph - DEBUG - Making node: Name=Conv__1304, OP=Conv
2026-02-01 18:36:30,840 - tf2onnx.graph - DEBUG - Infer shape and dtype for [Conv__1304]
2026-02-01 18:36:30,848 - tf2onnx.graph - DEBUG - Set dtype of [Conv__1304:0] to 1
2026-02-01 18:36:30,848 - tf2onnx.graph - DEBUG - Set shape of [Conv__1304:0] to [-1, 512, 8192, 1]
2026-02-01 18:36:30,849 - tf2onnx.graph - DEBUG - Made node: Conv__1304
OP=Conv
Name=Conv__1304
Inputs:
	point_net_1/seg_l1_512_convolution_layer_1/batch_normalization_18_1/batchnorm/mul_1__1261:0=Transpose, [-1, 1088, 8192, 1], 1
	point_net_1/seg_l1_512_convolution_layer_1/seg_l1_512_convolution_layer_1/convolution/merged_input:0=Const, [512, 1088, 1, 1], 1
	point_net_1/seg_l1_512_convolution_layer_1/batch_normalization_18_1/batchnorm/sub:0=Const, [512], 1
Outpus:
	Conv__1304:0=[-1, 512, 8192, 1], 1
2026-02-01 18:36:30,850 - tf2onnx.graph - DEBUG - Making node: Name=Conv__1306, OP=Conv
2026-02-01 18:36:30,850 - tf2onnx.graph - DEBUG - Infer shape and dtype for [Conv__1306]
2026-02-01 18:36:30,851 - tf2onnx.graph - DEBUG - Set dtype of [Conv__1306:0] to 1
2026-02-01 18:36:30,852 - tf2onnx.graph - DEBUG - Set shape of [Conv__1306:0] to [-1, 256, 8192, 1]
2026-02-01 18:36:30,852 - tf2onnx.graph - DEBUG - Made node: Conv__1306
OP=Conv
Name=Conv__1306
Inputs:
	point_net_1/seg_l2_256_convolution_layer_1/batch_normalization_19_1/batchnorm/mul_1__1265:0=Transpose, [-1, 512, 8192, 1], 1
	point_net_1/seg_l2_256_convolution_layer_1/seg_l2_256_convolution_layer_1/convolution/merged_input:0=Const, [256, 512, 1, 1], 1
	point_net_1/seg_l2_256_convolution_layer_1/batch_normalization_19_1/batchnorm/sub:0=Const, [256], 1
Outpus:
	Conv__1306:0=[-1, 256, 8192, 1], 1
2026-02-01 18:36:30,853 - tf2onnx.graph - DEBUG - Making node: Name=Conv__1308, OP=Conv
2026-02-01 18:36:30,854 - tf2onnx.graph - DEBUG - Infer shape and dtype for [Conv__1308]
2026-02-01 18:36:30,855 - tf2onnx.graph - DEBUG - Set dtype of [Conv__1308:0] to 1
2026-02-01 18:36:30,855 - tf2onnx.graph - DEBUG - Set shape of [Conv__1308:0] to [-1, 128, 8192, 1]
2026-02-01 18:36:30,855 - tf2onnx.graph - DEBUG - Made node: Conv__1308
OP=Conv
Name=Conv__1308
Inputs:
	point_net_1/seg_l3_128_convolution_layer_1/batch_normalization_20_1/batchnorm/mul_1__1269:0=Transpose, [-1, 256, 8192, 1], 1
	point_net_1/seg_l3_128_convolution_layer_1/seg_l3_128_convolution_layer_1/convolution/merged_input:0=Const, [128, 256, 1, 1], 1
	point_net_1/seg_l3_128_convolution_layer_1/batch_normalization_20_1/batchnorm/sub:0=Const, [128], 1
Outpus:
	Conv__1308:0=[-1, 128, 8192, 1], 1
2026-02-01 18:36:30,856 - tf2onnx.graph - DEBUG - Making node: Name=Conv__1310, OP=Conv
2026-02-01 18:36:30,857 - tf2onnx.graph - DEBUG - Infer shape and dtype for [Conv__1310]
2026-02-01 18:36:30,857 - tf2onnx.graph - DEBUG - Set dtype of [Conv__1310:0] to 1
2026-02-01 18:36:30,858 - tf2onnx.graph - DEBUG - Set shape of [Conv__1310:0] to [-1, 128, 8192, 1]
2026-02-01 18:36:30,858 - tf2onnx.graph - DEBUG - Made node: Conv__1310
OP=Conv
Name=Conv__1310
Inputs:
	point_net_1/seg_l4_128_convolution_layer_1/batch_normalization_21_1/batchnorm/mul_1__1273:0=Transpose, [-1, 128, 8192, 1], 1
	point_net_1/seg_l4_128_convolution_layer_1/seg_l4_128_convolution_layer_1/convolution/merged_input:0=Const, [128, 128, 1, 1], 1
	point_net_1/seg_l4_128_convolution_layer_1/batch_normalization_21_1/batchnorm/sub:0=Const, [128], 1
Outpus:
	Conv__1310:0=[-1, 128, 8192, 1], 1
2026-02-01 18:36:30,860 - tf2onnx.graph - DEBUG - Making node: Name=axes_const__1281__1312, OP=Const
2026-02-01 18:36:30,860 - tf2onnx.graph - DEBUG - Made node: axes_const__1281__1312
OP=Const
Name=axes_const__1281__1312
Outpus:
	axes_const__1281__1312=None, 7
2026-02-01 18:36:30,861 - tf2onnx.optimizer.TransposeOptimizer - DEBUG - cannot move transpose down since it met output node Identity_2_graph_outputs_Identity__856
2026-02-01 18:36:30,862 - tf2onnx.optimizer.TransposeOptimizer - DEBUG - finish after 25 iteration(s)
2026-02-01 18:36:30,864 - tf2onnx.optimizer.TransposeOptimizer - DEBUG - finish after 0 iteration(s)
2026-02-01 18:36:30,865 - tf2onnx.optimizer.TransposeOptimizer - DEBUG - finish after 0 iteration(s)
2026-02-01 18:36:30,865 - tf2onnx.optimizer.TransposeOptimizer - DEBUG - finish after 0 iteration(s)
2026-02-01 18:36:30,866 - tf2onnx.optimizer.TransposeOptimizer - DEBUG - finish after 0 iteration(s)
2026-02-01 18:36:30,866 - tf2onnx.optimizer.TransposeOptimizer - DEBUG - finish after 0 iteration(s)
2026-02-01 18:36:30,866 - tf2onnx.optimizer.TransposeOptimizer - DEBUG - finish after 0 iteration(s)
2026-02-01 18:36:30,867 - tf2onnx.optimizer.TransposeOptimizer - DEBUG - finish after 0 iteration(s)
2026-02-01 18:36:30,867 - tf2onnx.optimizer.TransposeOptimizer - DEBUG - finish after 0 iteration(s)
2026-02-01 18:36:30,878 - tf2onnx.optimizer.TransposeOptimizer - VERBOSE - Add -9 (22->13), Const -8 (72->64), Identity -1 (15->14), Transpose -1 (21->20)
2026-02-01 18:36:30,878 - tf2onnx.optimizer - VERBOSE - Apply remove_redundant_upsample
2026-02-01 18:36:30,899 - tf2onnx.optimizer.UpsampleOptimizer - VERBOSE - no change
2026-02-01 18:36:30,899 - tf2onnx.optimizer - VERBOSE - Apply fold_constants
2026-02-01 18:36:30,910 - tf2onnx.graph - DEBUG - Making node: Name=const_fold_opt__1333, OP=Const
2026-02-01 18:36:30,911 - tf2onnx.graph - DEBUG - Made node: const_fold_opt__1333
OP=Const
Name=const_fold_opt__1333
Outpus:
	const_fold_opt__1333=None, 7
2026-02-01 18:36:30,912 - tf2onnx.graph - DEBUG - Making node: Name=const_fold_opt__1334, OP=Const
2026-02-01 18:36:30,912 - tf2onnx.graph - DEBUG - Made node: const_fold_opt__1334
OP=Const
Name=const_fold_opt__1334
Outpus:
	const_fold_opt__1334=None, 7
2026-02-01 18:36:30,913 - tf2onnx.graph - DEBUG - Making node: Name=const_fold_opt__1335, OP=Const
2026-02-01 18:36:30,913 - tf2onnx.graph - DEBUG - Made node: const_fold_opt__1335
OP=Const
Name=const_fold_opt__1335
Outpus:
	const_fold_opt__1335=None, 7
2026-02-01 18:36:30,914 - tf2onnx.graph - DEBUG - Making node: Name=const_fold_opt__1336, OP=Const
2026-02-01 18:36:30,914 - tf2onnx.graph - DEBUG - Made node: const_fold_opt__1336
OP=Const
Name=const_fold_opt__1336
Outpus:
	const_fold_opt__1336=None, 7
2026-02-01 18:36:30,915 - tf2onnx.graph - DEBUG - Making node: Name=const_fold_opt__1337, OP=Const
2026-02-01 18:36:30,915 - tf2onnx.graph - DEBUG - Made node: const_fold_opt__1337
OP=Const
Name=const_fold_opt__1337
Outpus:
	const_fold_opt__1337=None, 7
2026-02-01 18:36:30,916 - tf2onnx.graph - DEBUG - Making node: Name=const_fold_opt__1338, OP=Const
2026-02-01 18:36:30,916 - tf2onnx.graph - DEBUG - Made node: const_fold_opt__1338
OP=Const
Name=const_fold_opt__1338
Outpus:
	const_fold_opt__1338=None, 7
2026-02-01 18:36:30,916 - tf2onnx.graph - DEBUG - Making node: Name=const_fold_opt__1339, OP=Const
2026-02-01 18:36:30,917 - tf2onnx.graph - DEBUG - Made node: const_fold_opt__1339
OP=Const
Name=const_fold_opt__1339
Outpus:
	const_fold_opt__1339=None, 7
2026-02-01 18:36:30,917 - tf2onnx.graph - DEBUG - Making node: Name=const_fold_opt__1340, OP=Const
2026-02-01 18:36:30,917 - tf2onnx.graph - DEBUG - Made node: const_fold_opt__1340
OP=Const
Name=const_fold_opt__1340
Outpus:
	const_fold_opt__1340=None, 7
2026-02-01 18:36:30,918 - tf2onnx.graph - DEBUG - Making node: Name=const_fold_opt__1341, OP=Const
2026-02-01 18:36:30,918 - tf2onnx.graph - DEBUG - Made node: const_fold_opt__1341
OP=Const
Name=const_fold_opt__1341
Outpus:
	const_fold_opt__1341=None, 6
2026-02-01 18:36:30,919 - tf2onnx.graph - DEBUG - Making node: Name=const_fold_opt__1342, OP=Const
2026-02-01 18:36:30,919 - tf2onnx.graph - DEBUG - Made node: const_fold_opt__1342
OP=Const
Name=const_fold_opt__1342
Outpus:
	const_fold_opt__1342=None, 7
2026-02-01 18:36:30,919 - tf2onnx.graph - DEBUG - Making node: Name=const_fold_opt__1343, OP=Const
2026-02-01 18:36:30,920 - tf2onnx.graph - DEBUG - Made node: const_fold_opt__1343
OP=Const
Name=const_fold_opt__1343
Outpus:
	const_fold_opt__1343=None, 7
2026-02-01 18:36:30,920 - tf2onnx.optimizer.ConstFoldOptimizer - DEBUG - need to add function to fold op Squeeze__1158 whose op_type is Squeeze
2026-02-01 18:36:30,920 - tf2onnx.graph - DEBUG - Making node: Name=const_fold_opt__1344, OP=Const
2026-02-01 18:36:30,921 - tf2onnx.graph - DEBUG - Made node: const_fold_opt__1344
OP=Const
Name=const_fold_opt__1344
Outpus:
	const_fold_opt__1344=None, 7
2026-02-01 18:36:30,921 - tf2onnx.optimizer.ConstFoldOptimizer - DEBUG - need to add function to fold op Squeeze__1183 whose op_type is Squeeze
2026-02-01 18:36:30,921 - tf2onnx.optimizer.ConstFoldOptimizer - DEBUG - need to add function to fold op Squeeze__1118 whose op_type is Squeeze
2026-02-01 18:36:30,921 - tf2onnx.optimizer.ConstFoldOptimizer - DEBUG - need to add function to fold op Squeeze__987 whose op_type is Squeeze
2026-02-01 18:36:30,922 - tf2onnx.optimizer.ConstFoldOptimizer - DEBUG - need to add function to fold op Squeeze__984 whose op_type is Squeeze
2026-02-01 18:36:30,922 - tf2onnx.graph - DEBUG - Making node: Name=const_fold_opt__1345, OP=Const
2026-02-01 18:36:30,922 - tf2onnx.graph - DEBUG - Made node: const_fold_opt__1345
OP=Const
Name=const_fold_opt__1345
Outpus:
	const_fold_opt__1345=None, 7
2026-02-01 18:36:30,923 - tf2onnx.optimizer.ConstFoldOptimizer - DEBUG - need to add function to fold op Squeeze__923 whose op_type is Squeeze
2026-02-01 18:36:30,924 - tf2onnx.graph - DEBUG - Making node: Name=const_fold_opt__1346, OP=Const
2026-02-01 18:36:30,924 - tf2onnx.graph - DEBUG - Made node: const_fold_opt__1346
OP=Const
Name=const_fold_opt__1346
Outpus:
	const_fold_opt__1346=None, 7
2026-02-01 18:36:30,924 - tf2onnx.graph - DEBUG - Making node: Name=const_fold_opt__1347, OP=Const
2026-02-01 18:36:30,925 - tf2onnx.graph - DEBUG - Made node: const_fold_opt__1347
OP=Const
Name=const_fold_opt__1347
Outpus:
	const_fold_opt__1347=None, 7
2026-02-01 18:36:30,925 - tf2onnx.graph - DEBUG - Making node: Name=const_fold_opt__1348, OP=Const
2026-02-01 18:36:30,926 - tf2onnx.graph - DEBUG - Made node: const_fold_opt__1348
OP=Const
Name=const_fold_opt__1348
Outpus:
	const_fold_opt__1348=None, 7
2026-02-01 18:36:30,927 - tf2onnx.graph - DEBUG - Making node: Name=const_fold_opt__1349, OP=Const
2026-02-01 18:36:30,927 - tf2onnx.graph - DEBUG - Made node: const_fold_opt__1349
OP=Const
Name=const_fold_opt__1349
Outpus:
	const_fold_opt__1349=None, 7
2026-02-01 18:36:30,928 - tf2onnx.graph - DEBUG - Making node: Name=const_fold_opt__1350, OP=Const
2026-02-01 18:36:30,928 - tf2onnx.graph - DEBUG - Made node: const_fold_opt__1350
OP=Const
Name=const_fold_opt__1350
Outpus:
	const_fold_opt__1350=None, 7
2026-02-01 18:36:30,929 - tf2onnx.graph - DEBUG - Making node: Name=const_fold_opt__1351, OP=Const
2026-02-01 18:36:30,929 - tf2onnx.graph - DEBUG - Made node: const_fold_opt__1351
OP=Const
Name=const_fold_opt__1351
Outpus:
	const_fold_opt__1351=None, 7
2026-02-01 18:36:30,930 - tf2onnx.optimizer.ConstFoldOptimizer - DEBUG - need to add function to fold op Squeeze__1158 whose op_type is Squeeze
2026-02-01 18:36:30,930 - tf2onnx.optimizer.ConstFoldOptimizer - DEBUG - need to add function to fold op Squeeze__1183 whose op_type is Squeeze
2026-02-01 18:36:30,931 - tf2onnx.optimizer.ConstFoldOptimizer - DEBUG - need to add function to fold op Squeeze__1118 whose op_type is Squeeze
2026-02-01 18:36:30,931 - tf2onnx.optimizer.ConstFoldOptimizer - DEBUG - need to add function to fold op Squeeze__987 whose op_type is Squeeze
2026-02-01 18:36:30,931 - tf2onnx.optimizer.ConstFoldOptimizer - DEBUG - need to add function to fold op Squeeze__984 whose op_type is Squeeze
2026-02-01 18:36:30,932 - tf2onnx.optimizer.ConstFoldOptimizer - DEBUG - need to add function to fold op Squeeze__923 whose op_type is Squeeze
2026-02-01 18:36:30,932 - tf2onnx.graph - DEBUG - Making node: Name=const_fold_opt__1352, OP=Const
2026-02-01 18:36:30,932 - tf2onnx.graph - DEBUG - Made node: const_fold_opt__1352
OP=Const
Name=const_fold_opt__1352
Outpus:
	const_fold_opt__1352=None, 7
2026-02-01 18:36:30,933 - tf2onnx.optimizer.ConstFoldOptimizer - DEBUG - need to add function to fold op ReduceMax__891 whose op_type is ReduceMax
2026-02-01 18:36:30,934 - tf2onnx.optimizer.ConstFoldOptimizer - DEBUG - need to add function to fold op ReduceMin__890 whose op_type is ReduceMin
2026-02-01 18:36:30,934 - tf2onnx.optimizer.ConstFoldOptimizer - DEBUG - need to add function to fold op Greater__932 whose op_type is Greater
2026-02-01 18:36:30,934 - tf2onnx.optimizer.ConstFoldOptimizer - DEBUG - need to add function to fold op Greater__931 whose op_type is Greater
2026-02-01 18:36:30,935 - tf2onnx.optimizer.ConstFoldOptimizer - DEBUG - need to add function to fold op Squeeze__1158 whose op_type is Squeeze
2026-02-01 18:36:30,935 - tf2onnx.optimizer.ConstFoldOptimizer - DEBUG - need to add function to fold op Squeeze__1183 whose op_type is Squeeze
2026-02-01 18:36:30,935 - tf2onnx.optimizer.ConstFoldOptimizer - DEBUG - need to add function to fold op Squeeze__1118 whose op_type is Squeeze
2026-02-01 18:36:30,936 - tf2onnx.optimizer.ConstFoldOptimizer - DEBUG - need to add function to fold op Squeeze__987 whose op_type is Squeeze
2026-02-01 18:36:30,936 - tf2onnx.optimizer.ConstFoldOptimizer - DEBUG - need to add function to fold op Squeeze__984 whose op_type is Squeeze
2026-02-01 18:36:30,936 - tf2onnx.optimizer.ConstFoldOptimizer - DEBUG - need to add function to fold op Squeeze__923 whose op_type is Squeeze
2026-02-01 18:36:30,950 - tf2onnx.optimizer.ConstFoldOptimizer - VERBOSE - Cast -10 (14->4), Const -7 (64->57), Reshape -9 (28->19), Unsqueeze -1 (8->7)
2026-02-01 18:36:30,950 - tf2onnx.optimizer - VERBOSE - Apply const_dequantize_optimizer
2026-02-01 18:36:30,976 - tf2onnx.optimizer.ConstDequantizeOptimizer - VERBOSE - no change
2026-02-01 18:36:30,976 - tf2onnx.optimizer - VERBOSE - Apply loop_optimizer
2026-02-01 18:36:31,000 - tf2onnx.optimizer.LoopOptimizer - VERBOSE - no change
2026-02-01 18:36:31,000 - tf2onnx.optimizer - VERBOSE - Apply merge_duplication
2026-02-01 18:36:31,035 - tf2onnx.optimizer.MergeDuplicatedNodesOptimizer - VERBOSE - Const -18 (57->39), Greater -1 (2->1), Squeeze -4 (19->15)
2026-02-01 18:36:31,035 - tf2onnx.optimizer - VERBOSE - Apply reshape_optimizer
2026-02-01 18:36:31,059 - tf2onnx.optimizer.ReshapeOptimizer - VERBOSE - no change
2026-02-01 18:36:31,059 - tf2onnx.optimizer - VERBOSE - Apply global_pool_optimizer
2026-02-01 18:36:31,068 - tf2onnx.graph - DEBUG - Making node: Name=const_axes__1403, OP=Const
2026-02-01 18:36:31,069 - tf2onnx.graph - DEBUG - Made node: const_axes__1403
OP=Const
Name=const_axes__1403
Outpus:
	const_axes__1403=None, 7
2026-02-01 18:36:31,069 - tf2onnx.graph - DEBUG - Making node: Name=point_net_1/Max_Squeeze__1404, OP=Squeeze
2026-02-01 18:36:31,069 - tf2onnx.graph - DEBUG - Made node: point_net_1/Max_Squeeze__1404
OP=Squeeze
Name=point_net_1/Max_Squeeze__1404
Inputs:
	point_net_1/Max:0=GlobalMaxPool, [-1, 1024, 1], 1
	const_axes__1403=Const, [1], 7
Outpus:
	point_net_1/Max_Squeeze__1404:0=[-1, 1024], 1
2026-02-01 18:36:31,079 - tf2onnx.optimizer.GlobalPoolOptimizer - VERBOSE - Const +1 (39->40), GlobalMaxPool +1 (0->1), ReduceMax -1 (4->3), Squeeze +1 (15->16)
2026-02-01 18:36:31,079 - tf2onnx.optimizer - VERBOSE - Apply q_dq_optimizer
2026-02-01 18:36:31,101 - tf2onnx.optimizer.QDQOptimizer - VERBOSE - no change
2026-02-01 18:36:31,101 - tf2onnx.optimizer - VERBOSE - Apply remove_identity
2026-02-01 18:36:31,114 - tf2onnx.optimizer.IdentityOptimizer - DEBUG - input node in parent graph, skip
2026-02-01 18:36:31,124 - tf2onnx.optimizer.IdentityOptimizer - VERBOSE - Identity -13 (14->1)
2026-02-01 18:36:31,125 - tf2onnx.optimizer - VERBOSE - Apply remove_back_to_back
2026-02-01 18:36:31,147 - tf2onnx.optimizer.BackToBackOptimizer - VERBOSE - Reshape -1 (19->18), Squeeze -1 (16->15), Transpose -14 (20->6), Unsqueeze -1 (7->6)
2026-02-01 18:36:31,148 - tf2onnx.optimizer - VERBOSE - Apply einsum_optimizer
2026-02-01 18:36:31,169 - tf2onnx.optimizer.EinsumOptimizer - VERBOSE - no change
2026-02-01 18:36:31,170 - tf2onnx.optimizer - VERBOSE - Apply optimize_transpose
2026-02-01 18:36:31,181 - tf2onnx.optimizer.TransposeOptimizer - DEBUG - segmentation_output connects to graph outputs, skip
2026-02-01 18:36:31,182 - tf2onnx.optimizer.TransposeOptimizer - DEBUG - finish after 0 iteration(s)
2026-02-01 18:36:31,184 - tf2onnx.optimizer.TransposeOptimizer - DEBUG - finish after 0 iteration(s)
2026-02-01 18:36:31,184 - tf2onnx.optimizer.TransposeOptimizer - DEBUG - finish after 0 iteration(s)
2026-02-01 18:36:31,185 - tf2onnx.optimizer.TransposeOptimizer - DEBUG - finish after 0 iteration(s)
2026-02-01 18:36:31,185 - tf2onnx.optimizer.TransposeOptimizer - DEBUG - finish after 0 iteration(s)
2026-02-01 18:36:31,186 - tf2onnx.optimizer.TransposeOptimizer - DEBUG - finish after 0 iteration(s)
2026-02-01 18:36:31,186 - tf2onnx.optimizer.TransposeOptimizer - DEBUG - finish after 0 iteration(s)
2026-02-01 18:36:31,186 - tf2onnx.optimizer.TransposeOptimizer - DEBUG - finish after 0 iteration(s)
2026-02-01 18:36:31,187 - tf2onnx.optimizer.TransposeOptimizer - DEBUG - finish after 0 iteration(s)
2026-02-01 18:36:31,199 - tf2onnx.optimizer.TransposeOptimizer - VERBOSE - no change
2026-02-01 18:36:31,199 - tf2onnx.optimizer - VERBOSE - Apply remove_redundant_upsample
2026-02-01 18:36:31,218 - tf2onnx.optimizer.UpsampleOptimizer - VERBOSE - no change
2026-02-01 18:36:31,219 - tf2onnx.optimizer - VERBOSE - Apply fold_constants
2026-02-01 18:36:31,228 - tf2onnx.optimizer.ConstFoldOptimizer - DEBUG - need to add function to fold op ReduceMin__890 whose op_type is ReduceMin
2026-02-01 18:36:31,228 - tf2onnx.optimizer.ConstFoldOptimizer - DEBUG - need to add function to fold op ReduceMax__891 whose op_type is ReduceMax
2026-02-01 18:36:31,229 - tf2onnx.optimizer.ConstFoldOptimizer - DEBUG - need to add function to fold op Greater__932 whose op_type is Greater
2026-02-01 18:36:31,230 - tf2onnx.optimizer.ConstFoldOptimizer - DEBUG - need to add function to fold op Squeeze__1183 whose op_type is Squeeze
2026-02-01 18:36:31,230 - tf2onnx.optimizer.ConstFoldOptimizer - DEBUG - need to add function to fold op Squeeze__1158 whose op_type is Squeeze
2026-02-01 18:36:31,237 - tf2onnx.optimizer.ConstFoldOptimizer - VERBOSE - no change
2026-02-01 18:36:31,238 - tf2onnx.optimizer - VERBOSE - Apply const_dequantize_optimizer
2026-02-01 18:36:31,256 - tf2onnx.optimizer.ConstDequantizeOptimizer - VERBOSE - no change
2026-02-01 18:36:31,257 - tf2onnx.optimizer - VERBOSE - Apply loop_optimizer
2026-02-01 18:36:31,278 - tf2onnx.optimizer.LoopOptimizer - VERBOSE - no change
2026-02-01 18:36:31,279 - tf2onnx.optimizer - VERBOSE - Apply merge_duplication
2026-02-01 18:36:31,306 - tf2onnx.optimizer.MergeDuplicatedNodesOptimizer - VERBOSE - Const -1 (40->39)
2026-02-01 18:36:31,306 - tf2onnx.optimizer - VERBOSE - Apply reshape_optimizer
2026-02-01 18:36:31,326 - tf2onnx.optimizer.ReshapeOptimizer - VERBOSE - no change
2026-02-01 18:36:31,327 - tf2onnx.optimizer - VERBOSE - Apply global_pool_optimizer
2026-02-01 18:36:31,341 - tf2onnx.optimizer.GlobalPoolOptimizer - VERBOSE - no change
2026-02-01 18:36:31,342 - tf2onnx.optimizer - VERBOSE - Apply q_dq_optimizer
2026-02-01 18:36:31,361 - tf2onnx.optimizer.QDQOptimizer - VERBOSE - no change
2026-02-01 18:36:31,362 - tf2onnx.optimizer - VERBOSE - Apply remove_identity
2026-02-01 18:36:31,373 - tf2onnx.optimizer.IdentityOptimizer - DEBUG - input node in parent graph, skip
2026-02-01 18:36:31,384 - tf2onnx.optimizer.IdentityOptimizer - VERBOSE - no change
2026-02-01 18:36:31,384 - tf2onnx.optimizer - VERBOSE - Apply remove_back_to_back
2026-02-01 18:36:31,405 - tf2onnx.optimizer.BackToBackOptimizer - VERBOSE - no change
2026-02-01 18:36:31,405 - tf2onnx.optimizer - VERBOSE - Apply einsum_optimizer
2026-02-01 18:36:31,425 - tf2onnx.optimizer.EinsumOptimizer - VERBOSE - no change
2026-02-01 18:36:31,426 - tf2onnx.optimizer - VERBOSE - Apply optimize_transpose
2026-02-01 18:36:31,434 - tf2onnx.optimizer.TransposeOptimizer - DEBUG - segmentation_output connects to graph outputs, skip
2026-02-01 18:36:31,435 - tf2onnx.optimizer.TransposeOptimizer - DEBUG - finish after 0 iteration(s)
2026-02-01 18:36:31,437 - tf2onnx.optimizer.TransposeOptimizer - DEBUG - finish after 0 iteration(s)
2026-02-01 18:36:31,437 - tf2onnx.optimizer.TransposeOptimizer - DEBUG - finish after 0 iteration(s)
2026-02-01 18:36:31,437 - tf2onnx.optimizer.TransposeOptimizer - DEBUG - finish after 0 iteration(s)
2026-02-01 18:36:31,438 - tf2onnx.optimizer.TransposeOptimizer - DEBUG - finish after 0 iteration(s)
2026-02-01 18:36:31,438 - tf2onnx.optimizer.TransposeOptimizer - DEBUG - finish after 0 iteration(s)
2026-02-01 18:36:31,438 - tf2onnx.optimizer.TransposeOptimizer - DEBUG - finish after 0 iteration(s)
2026-02-01 18:36:31,439 - tf2onnx.optimizer.TransposeOptimizer - DEBUG - finish after 0 iteration(s)
2026-02-01 18:36:31,439 - tf2onnx.optimizer.TransposeOptimizer - DEBUG - finish after 0 iteration(s)
2026-02-01 18:36:31,446 - tf2onnx.optimizer.TransposeOptimizer - VERBOSE - no change
2026-02-01 18:36:31,446 - tf2onnx.optimizer - VERBOSE - Apply remove_redundant_upsample
2026-02-01 18:36:31,465 - tf2onnx.optimizer.UpsampleOptimizer - VERBOSE - no change
2026-02-01 18:36:31,465 - tf2onnx.optimizer - VERBOSE - Apply fold_constants
2026-02-01 18:36:31,477 - tf2onnx.optimizer.ConstFoldOptimizer - DEBUG - need to add function to fold op ReduceMin__890 whose op_type is ReduceMin
2026-02-01 18:36:31,478 - tf2onnx.optimizer.ConstFoldOptimizer - DEBUG - need to add function to fold op Greater__932 whose op_type is Greater
2026-02-01 18:36:31,478 - tf2onnx.optimizer.ConstFoldOptimizer - DEBUG - need to add function to fold op Squeeze__1158 whose op_type is Squeeze
2026-02-01 18:36:31,479 - tf2onnx.optimizer.ConstFoldOptimizer - DEBUG - need to add function to fold op Squeeze__1183 whose op_type is Squeeze
2026-02-01 18:36:31,479 - tf2onnx.optimizer.ConstFoldOptimizer - DEBUG - need to add function to fold op ReduceMax__891 whose op_type is ReduceMax
2026-02-01 18:36:31,489 - tf2onnx.optimizer.ConstFoldOptimizer - VERBOSE - no change
2026-02-01 18:36:31,489 - tf2onnx.optimizer - VERBOSE - Apply const_dequantize_optimizer
2026-02-01 18:36:31,510 - tf2onnx.optimizer.ConstDequantizeOptimizer - VERBOSE - no change
2026-02-01 18:36:31,510 - tf2onnx.optimizer - VERBOSE - Apply loop_optimizer
2026-02-01 18:36:31,531 - tf2onnx.optimizer.LoopOptimizer - VERBOSE - no change
2026-02-01 18:36:31,532 - tf2onnx.optimizer - VERBOSE - Apply merge_duplication
2026-02-01 18:36:31,552 - tf2onnx.optimizer.MergeDuplicatedNodesOptimizer - VERBOSE - no change
2026-02-01 18:36:31,553 - tf2onnx.optimizer - VERBOSE - Apply reshape_optimizer
2026-02-01 18:36:31,572 - tf2onnx.optimizer.ReshapeOptimizer - VERBOSE - no change
2026-02-01 18:36:31,572 - tf2onnx.optimizer - VERBOSE - Apply global_pool_optimizer
2026-02-01 18:36:31,593 - tf2onnx.optimizer.GlobalPoolOptimizer - VERBOSE - no change
2026-02-01 18:36:31,593 - tf2onnx.optimizer - VERBOSE - Apply q_dq_optimizer
2026-02-01 18:36:31,616 - tf2onnx.optimizer.QDQOptimizer - VERBOSE - no change
2026-02-01 18:36:31,617 - tf2onnx.optimizer - VERBOSE - Apply remove_identity
2026-02-01 18:36:31,629 - tf2onnx.optimizer.IdentityOptimizer - DEBUG - input node in parent graph, skip
2026-02-01 18:36:31,638 - tf2onnx.optimizer.IdentityOptimizer - VERBOSE - no change
2026-02-01 18:36:31,639 - tf2onnx.optimizer - VERBOSE - Apply remove_back_to_back
2026-02-01 18:36:31,658 - tf2onnx.optimizer.BackToBackOptimizer - VERBOSE - no change
2026-02-01 18:36:31,658 - tf2onnx.optimizer - VERBOSE - Apply einsum_optimizer
2026-02-01 18:36:31,675 - tf2onnx.optimizer.EinsumOptimizer - VERBOSE - no change
2026-02-01 18:36:31,678 - tf2onnx.optimizer - INFO - After optimization: Add -9 (22->13), Cast -10 (14->4), Const -33 (72->39), GlobalMaxPool +1 (0->1), Greater -1 (2->1), Identity -14 (15->1), ReduceMax -1 (4->3), Reshape -10 (28->18), Squeeze -4 (19->15), Transpose -15 (21->6), Unsqueeze -2 (8->6)
