{"classification_output_loss": [3.087679862976074, 3.0887069702148438, 3.0884642601013184, 3.088439464569092, 3.088395595550537, 3.0885212421417236, 3.087958812713623, 3.0883853435516357, 3.0881214141845703, 3.0880050659179688, 3.08803129196167, 3.0877292156219482, 3.087552547454834, 3.0872254371643066, 3.0872485637664795, 3.0870766639709473, 3.0869131088256836, 3.086728572845459, 3.086493492126465, 3.0860824584960938, 3.0859835147857666, 3.0858848094940186, 3.085366725921631, 3.085242986679077, 3.0853023529052734, 3.0845842361450195, 3.0844149589538574, 3.084491491317749, 3.0841057300567627, 3.0839197635650635, 3.0840160846710205], "classification_output_sparse_categorical_accuracy": [0.07558760792016983, 0.06650640815496445, 0.06891025602817535, 0.07558760792016983, 0.07665598392486572, 0.06650640815496445, 0.08386752009391785, 0.06570512801408768, 0.07719016820192337, 0.07558760792016983, 0.06570512801408768, 0.07532051205635071, 0.07558760792016983, 0.07852564007043839, 0.08413461595773697, 0.07905983179807663, 0.07558760792016983, 0.07238247990608215, 0.0683760717511177, 0.06917735189199448, 0.07425213605165482, 0.07024572789669037, 0.07692307978868484, 0.07558760792016983, 0.07371795177459717, 0.07425213605165482, 0.08199786394834518, 0.0739850401878357, 0.0739850401878357, 0.07051282376050949, 0.06810897588729858], "loss": [0.40288883447647095, 0.3894844055175781, 0.38777002692222595, 0.38542741537094116, 0.38408276438713074, 0.382700115442276, 0.38061875104904175, 0.3792843222618103, 0.376797616481781, 0.3745690882205963, 0.37083759903907776, 0.36974626779556274, 0.36518359184265137, 0.36301189661026, 0.3572627604007721, 0.35619914531707764, 0.34972283244132996, 0.3439655900001526, 0.33764520287513733, 0.3335334360599518, 0.3256774842739105, 0.31879064440727234, 0.31226396560668945, 0.3040508031845093, 0.29620376229286194, 0.28736183047294617, 0.2773263156414032, 0.2682618498802185, 0.2581671476364136, 0.2507569193840027, 0.23973804712295532], "se3_loss": [0.36152738332748413, 0.3450879752635956, 0.3435009717941284, 0.34123238921165466, 0.34040480852127075, 0.33883053064346313, 0.3374108076095581, 0.3358403742313385, 0.33377209305763245, 0.3319334089756012, 0.32881811261177063, 0.32822105288505554, 0.3242475092411041, 0.3227187395095825, 0.3176157772541046, 0.3170362412929535, 0.3115394711494446, 0.3066672384738922, 0.3012436330318451, 0.2981047034263611, 0.29130420088768005, 0.2850787937641144, 0.27954939007759094, 0.27240967750549316, 0.26528245210647583, 0.2574654221534729, 0.2481059581041336, 0.24010974168777466, 0.23069961369037628, 0.2238098382949829, 0.2135089933872223], "se3_root_mean_squared_error": [0.6012714505195618, 0.5874418616294861, 0.5860894918441772, 0.5841509699821472, 0.5834421515464783, 0.5820915102958679, 0.5808707475662231, 0.5795173645019531, 0.577730119228363, 0.576136589050293, 0.5734266042709351, 0.5729057788848877, 0.5694273114204407, 0.5680834054946899, 0.5635740756988525, 0.5630596876144409, 0.558157205581665, 0.553775429725647, 0.5488566160202026, 0.5459896326065063, 0.5397260189056396, 0.5339276790618896, 0.5287243127822876, 0.5219287872314453, 0.515055775642395, 0.5074105262756348, 0.4981023371219635, 0.49000993371009827, 0.4803119897842407, 0.4730854332447052, 0.4620703160762787], "segmentation_output_loss": [2.4862873554229736, 2.4859957695007324, 2.4860057830810547, 2.4860002994537354, 2.4860949516296387, 2.486116886138916, 2.486178159713745, 2.4861676692962646, 2.4861974716186523, 2.4862430095672607, 2.486340284347534, 2.4863808155059814, 2.486459493637085, 2.4865732192993164, 2.4865996837615967, 2.4866783618927, 2.486788034439087, 2.4868838787078857, 2.486982583999634, 2.487083911895752, 2.487234115600586, 2.487265110015869, 2.487382411956787, 2.487546443939209, 2.487595796585083, 2.48775577545166, 2.48789119720459, 2.4879705905914307, 2.488072156906128, 2.488187313079834, 2.488280773162842], "segmentation_output_sparse_categorical_accuracy": [0.0009765625, 0.0009932558750733733, 0.0008786193211562932, 0.0010771140223369002, 0.0009588258108124137, 0.0009545220527797937, 0.00106146396137774, 0.0010053846053779125, 0.0009888869244605303, 0.001030033454298973, 0.0009577172459103167, 0.0009135059081017971, 0.0009054852416738868, 0.0009294167393818498, 0.0009418715490028262, 0.0009814531076699495, 0.0010383802000433207, 0.0008755545131862164, 0.0008242354379035532, 0.0009766928851604462, 0.0010218824027106166, 0.0008728809771127999, 0.0009999723406508565, 0.000853383622597903, 0.0008747068350203335, 0.0010226649465039372, 0.0008502536220476031, 0.000881749321706593, 0.0009001381113193929, 0.000866490532644093, 0.0009551089024171233], "val_classification_output_loss": [3.089555501937866, 3.086578130722046, 3.0864555835723877, 3.0869758129119873, 3.0877795219421387, 3.086718797683716, 3.0870699882507324, 3.086555242538452, 3.0869858264923096, 3.085333824157715, 3.0869829654693604, 3.0870563983917236, 3.086775302886963, 3.0860214233398438, 3.0868308544158936, 3.0851235389709473, 3.0859932899475098, 3.0853159427642822, 3.0840749740600586, 3.084644079208374, 3.084444761276245, 3.0847463607788086, 3.0826222896575928, 3.08398175239563, 3.082988977432251, 3.083303928375244, 3.0822525024414062, 3.08359432220459, 3.083402633666992, 3.0825514793395996, 3.0808987617492676], "val_classification_output_sparse_categorical_accuracy": [0.0, 0.41440218687057495, 0.3695652186870575, 0.18478260934352875, 0.19429348409175873, 0.08695652335882187, 0.12364130467176437, 0.07472825795412064, 0.07744564861059189, 0.13451087474822998, 0.0991847813129425, 0.10461956262588501, 0.036684781312942505, 0.08152174204587936, 0.07065217196941376, 0.125, 0.05298912897706032, 0.11413043737411499, 0.15353260934352875, 0.12092391401529312, 0.10326086729764938, 0.05842391401529312, 0.1616847813129425, 0.09239130467176437, 0.10190217196941376, 0.04483695700764656, 0.04891304299235344, 0.09239130467176437, 0.0679347813129425, 0.057065218687057495, 0.09375], "val_loss": [0.38803839683532715, 0.38979655504226685, 0.3949940800666809, 0.3922708034515381, 0.39178866147994995, 0.404435396194458, 0.40143561363220215, 0.4112100899219513, 0.401981383562088, 0.41556209325790405, 0.4031059443950653, 0.3997669517993927, 0.41020625829696655, 0.41136422753334045, 0.40396666526794434, 0.42772847414016724, 0.42552420496940613, 0.42663201689720154, 0.4321865439414978, 0.43823450803756714, 0.44943004846572876, 0.4488694667816162, 0.45250776410102844, 0.46648716926574707, 0.4631199240684509, 0.5199277400970459, 0.478633314371109, 0.4860231280326843, 0.48756733536720276, 0.5128176808357239, 0.5176469087600708], "val_se3_loss": [0.34274300932884216, 0.34641504287719727, 0.3522050678730011, 0.3496930003166199, 0.3476511836051941, 0.3638339638710022, 0.3607332408428192, 0.37240904569625854, 0.36182597279548645, 0.3777740001678467, 0.36278286576271057, 0.3588296175003052, 0.3720645606517792, 0.37402960658073425, 0.3644857406616211, 0.39320841431617737, 0.3903827369213104, 0.39207974076271057, 0.39967507123947144, 0.4056360423564911, 0.4184231162071228, 0.4172578454017639, 0.4226270616054535, 0.43750664591789246, 0.4345667064189911, 0.49224892258644104, 0.4515143632888794, 0.4580610394477844, 0.4608956277370453, 0.4852150082588196, 0.4913530647754669], "val_se3_root_mean_squared_error": [0.5854426026344299, 0.5885702967643738, 0.5934686660766602, 0.5913484692573547, 0.589619517326355, 0.6031864881515503, 0.6006106734275818, 0.6102532744407654, 0.6015197038650513, 0.6146332025527954, 0.6023145914077759, 0.5990238785743713, 0.6099709272384644, 0.6115795969963074, 0.6037265062332153, 0.6270633935928345, 0.6248061656951904, 0.6261626482009888, 0.6321985721588135, 0.6368956565856934, 0.6468563079833984, 0.645954966545105, 0.6500977277755737, 0.6614428162574768, 0.6592167019844055, 0.701604425907135, 0.6719481945037842, 0.6768020391464233, 0.6788929104804993, 0.6965737342834473, 0.7009657621383667],