2026-02-21 19:14:47,744 - root - INFO - The following datasets were found in data/f15_scale_ne_lidar_classification_pretrain:
2026-02-21 19:14:47,745 - root - INFO - 	-> pc_set.joblib	
2026-02-21 19:14:47,745 - root - INFO - Adding data set 1 of 4
2026-02-21 19:14:48,267 - root - INFO - Parsing frames in /mnt/d/pieschl_data_collects/sim_f15_scale_lidar_ne/collect_2026.Feb.21_15.35.13.3137185.UTC...
2026-02-21 19:15:56,016 - root - INFO - Failed to add file /mnt/d/pieschl_data_collects/sim_f15_scale_lidar_ne/collect_2026.Feb.21_15.35.13.3137185.UTC/Lidar/frame_5000.txt:
	FileNotFoundError : [Errno 2] No such file or directory: '/mnt/d/pieschl_data_collects/sim_f15_scale_lidar_ne/collect_2026.Feb.21_15.35.13.3137185.UTC/Lidar/frame_5000.txt'
2026-02-21 19:15:56,030 - root - INFO - Failed to add file /mnt/d/pieschl_data_collects/sim_f15_scale_lidar_ne/collect_2026.Feb.21_15.35.13.3137185.UTC/Lidar/frame_5001.txt:
	FileNotFoundError : [Errno 2] No such file or directory: '/mnt/d/pieschl_data_collects/sim_f15_scale_lidar_ne/collect_2026.Feb.21_15.35.13.3137185.UTC/Lidar/frame_5001.txt'
2026-02-21 19:16:06,335 - root - INFO - Adding data set 2 of 4
2026-02-21 19:16:06,653 - root - INFO - Parsing frames in /mnt/d/pieschl_data_collects/sim_f15_scale_lidar_ne/collect_2026.Feb.21_15.36.52.8954162.UTC...
2026-02-21 19:17:12,200 - root - INFO - Failed to add file /mnt/d/pieschl_data_collects/sim_f15_scale_lidar_ne/collect_2026.Feb.21_15.36.52.8954162.UTC/Lidar/frame_5000.txt:
	FileNotFoundError : [Errno 2] No such file or directory: '/mnt/d/pieschl_data_collects/sim_f15_scale_lidar_ne/collect_2026.Feb.21_15.36.52.8954162.UTC/Lidar/frame_5000.txt'
2026-02-21 19:17:12,201 - root - INFO - Failed to add file /mnt/d/pieschl_data_collects/sim_f15_scale_lidar_ne/collect_2026.Feb.21_15.36.52.8954162.UTC/Lidar/frame_5001.txt:
	FileNotFoundError : [Errno 2] No such file or directory: '/mnt/d/pieschl_data_collects/sim_f15_scale_lidar_ne/collect_2026.Feb.21_15.36.52.8954162.UTC/Lidar/frame_5001.txt'
2026-02-21 19:17:22,612 - root - INFO - Adding data set 3 of 4
2026-02-21 19:17:22,933 - root - INFO - Parsing frames in /mnt/d/pieschl_data_collects/sim_f15_scale_lidar_ne/collect_2026.Feb.21_16.28.28.6485438.UTC...
2026-02-21 19:18:08,041 - root - INFO - Failed to add file /mnt/d/pieschl_data_collects/sim_f15_scale_lidar_ne/collect_2026.Feb.21_16.28.28.6485438.UTC/Lidar/frame_5000.txt:
	FileNotFoundError : [Errno 2] No such file or directory: '/mnt/d/pieschl_data_collects/sim_f15_scale_lidar_ne/collect_2026.Feb.21_16.28.28.6485438.UTC/Lidar/frame_5000.txt'
2026-02-21 19:18:08,042 - root - INFO - Failed to add file /mnt/d/pieschl_data_collects/sim_f15_scale_lidar_ne/collect_2026.Feb.21_16.28.28.6485438.UTC/Lidar/frame_5001.txt:
	FileNotFoundError : [Errno 2] No such file or directory: '/mnt/d/pieschl_data_collects/sim_f15_scale_lidar_ne/collect_2026.Feb.21_16.28.28.6485438.UTC/Lidar/frame_5001.txt'
2026-02-21 19:18:17,863 - root - INFO - Adding data set 4 of 4
2026-02-21 19:18:18,211 - root - INFO - Parsing frames in /mnt/d/pieschl_data_collects/sim_f15_scale_lidar_ne/collect_2026.Feb.21_16.29.53.2874394.UTC...
2026-02-21 19:18:59,251 - root - INFO - Failed to add file /mnt/d/pieschl_data_collects/sim_f15_scale_lidar_ne/collect_2026.Feb.21_16.29.53.2874394.UTC/Lidar/frame_5000.txt:
	FileNotFoundError : [Errno 2] No such file or directory: '/mnt/d/pieschl_data_collects/sim_f15_scale_lidar_ne/collect_2026.Feb.21_16.29.53.2874394.UTC/Lidar/frame_5000.txt'
2026-02-21 19:18:59,255 - root - INFO - Failed to add file /mnt/d/pieschl_data_collects/sim_f15_scale_lidar_ne/collect_2026.Feb.21_16.29.53.2874394.UTC/Lidar/frame_5001.txt:
	FileNotFoundError : [Errno 2] No such file or directory: '/mnt/d/pieschl_data_collects/sim_f15_scale_lidar_ne/collect_2026.Feb.21_16.29.53.2874394.UTC/Lidar/frame_5001.txt'
2026-02-21 19:19:09,519 - root - INFO - 
Datasets added successfully:

2026-02-21 19:19:09,521 - root - INFO - classification_pretrain
Random seed: 42
Class labels: dict_keys(['f-15_model', 'a-10', 'b-1b', 'b-2', 'c-5', 'c-12', 'c-17a', 'c-32', 'c-130j', 'e-3', 'f-15e', 'f-16', 'f-18e', 'f-22', 'g-iii', 'kc-46', 'kc-135', 'lj-25', 'mig-29', 'mq-20', 'su-27', 'vc-25a', 'x-47b'])
Part labels: dict_keys(['wing', 'fuselage', 'engine', 'hstab', 'vstab', 'landing_gear', 'armament', 'boom_wing', 'boom_hull', 'boom_hose', 'dish', 'probe'])

--- Train Set ---
Specified proportion:  0.75
Actual proportion: 0.7498444628784736
Total count: 14463
Class count:
	f-15_model: 14463
Part count:
	wing: 27813376
	fuselage: 69178761
	engine: 0
	hstab: 10604713
	vstab: 10884046
	landing_gear: 0
	armament: 0
	boom_wing: 0
	boom_hull: 0
	boom_hose: 0
	dish: 0
	probe: 0

--- Validation Set ---
Specified proportion:  0.15
Actual proportion: 0.15004147656574035
Total count: 2894
Class count:
	f-15_model: 2894
Part count:
	wing: 5517760
	fuselage: 13847866
	engine: 0
	hstab: 2125048
	vstab: 2216974
	landing_gear: 0
	armament: 0
	boom_wing: 0
	boom_hull: 0
	boom_hose: 0
	dish: 0
	probe: 0

--- Test Set ---
Specified proportion:  0.1
Actual proportion: 0.10011406055578598
Total count: 1931
Class count:
	f-15_model: 1931
Part count:
	wing: 3684537
	fuselage: 9250817
	engine: 0
	hstab: 1406610
	vstab: 1476788
	landing_gear: 0
	armament: 0
	boom_wing: 0
	boom_hull: 0
	boom_hose: 0
	dish: 0
	probe: 0

2026-02-21 19:19:09,557 - root - INFO - The following datasets were found in data/f15_scale_ne_lidar_final:
2026-02-21 19:19:09,558 - root - INFO - 	-> pc_set.joblib	
2026-02-21 19:19:09,561 - root - INFO - Adding data set 1 of 4
2026-02-21 19:19:09,906 - root - INFO - Parsing frames in /mnt/d/pieschl_data_collects/sim_f15_scale_lidar_ne/collect_2026.Feb.21_15.35.13.3137185.UTC...
2026-02-21 19:20:18,087 - root - INFO - Failed to add file /mnt/d/pieschl_data_collects/sim_f15_scale_lidar_ne/collect_2026.Feb.21_15.35.13.3137185.UTC/Lidar/frame_5000.txt:
	FileNotFoundError : [Errno 2] No such file or directory: '/mnt/d/pieschl_data_collects/sim_f15_scale_lidar_ne/collect_2026.Feb.21_15.35.13.3137185.UTC/Lidar/frame_5000.txt'
2026-02-21 19:20:18,088 - root - INFO - Failed to add file /mnt/d/pieschl_data_collects/sim_f15_scale_lidar_ne/collect_2026.Feb.21_15.35.13.3137185.UTC/Lidar/frame_5001.txt:
	FileNotFoundError : [Errno 2] No such file or directory: '/mnt/d/pieschl_data_collects/sim_f15_scale_lidar_ne/collect_2026.Feb.21_15.35.13.3137185.UTC/Lidar/frame_5001.txt'
2026-02-21 19:20:28,463 - root - INFO - Adding data set 2 of 4
2026-02-21 19:20:28,809 - root - INFO - Parsing frames in /mnt/d/pieschl_data_collects/sim_f15_scale_lidar_ne/collect_2026.Feb.21_15.36.52.8954162.UTC...
2026-02-21 19:21:37,755 - root - INFO - Failed to add file /mnt/d/pieschl_data_collects/sim_f15_scale_lidar_ne/collect_2026.Feb.21_15.36.52.8954162.UTC/Lidar/frame_5000.txt:
	FileNotFoundError : [Errno 2] No such file or directory: '/mnt/d/pieschl_data_collects/sim_f15_scale_lidar_ne/collect_2026.Feb.21_15.36.52.8954162.UTC/Lidar/frame_5000.txt'
2026-02-21 19:21:37,756 - root - INFO - Failed to add file /mnt/d/pieschl_data_collects/sim_f15_scale_lidar_ne/collect_2026.Feb.21_15.36.52.8954162.UTC/Lidar/frame_5001.txt:
	FileNotFoundError : [Errno 2] No such file or directory: '/mnt/d/pieschl_data_collects/sim_f15_scale_lidar_ne/collect_2026.Feb.21_15.36.52.8954162.UTC/Lidar/frame_5001.txt'
2026-02-21 19:21:48,309 - root - INFO - Adding data set 3 of 4
2026-02-21 19:21:48,679 - root - INFO - Parsing frames in /mnt/d/pieschl_data_collects/sim_f15_scale_lidar_ne/collect_2026.Feb.21_16.28.28.6485438.UTC...
2026-02-21 19:22:27,650 - root - INFO - Failed to add file /mnt/d/pieschl_data_collects/sim_f15_scale_lidar_ne/collect_2026.Feb.21_16.28.28.6485438.UTC/Lidar/frame_5000.txt:
	FileNotFoundError : [Errno 2] No such file or directory: '/mnt/d/pieschl_data_collects/sim_f15_scale_lidar_ne/collect_2026.Feb.21_16.28.28.6485438.UTC/Lidar/frame_5000.txt'
2026-02-21 19:22:27,651 - root - INFO - Failed to add file /mnt/d/pieschl_data_collects/sim_f15_scale_lidar_ne/collect_2026.Feb.21_16.28.28.6485438.UTC/Lidar/frame_5001.txt:
	FileNotFoundError : [Errno 2] No such file or directory: '/mnt/d/pieschl_data_collects/sim_f15_scale_lidar_ne/collect_2026.Feb.21_16.28.28.6485438.UTC/Lidar/frame_5001.txt'
2026-02-21 19:22:37,143 - root - INFO - Adding data set 4 of 4
2026-02-21 19:22:37,542 - root - INFO - Parsing frames in /mnt/d/pieschl_data_collects/sim_f15_scale_lidar_ne/collect_2026.Feb.21_16.29.53.2874394.UTC...
2026-02-21 19:23:18,959 - root - INFO - Failed to add file /mnt/d/pieschl_data_collects/sim_f15_scale_lidar_ne/collect_2026.Feb.21_16.29.53.2874394.UTC/Lidar/frame_5000.txt:
	FileNotFoundError : [Errno 2] No such file or directory: '/mnt/d/pieschl_data_collects/sim_f15_scale_lidar_ne/collect_2026.Feb.21_16.29.53.2874394.UTC/Lidar/frame_5000.txt'
2026-02-21 19:23:18,960 - root - INFO - Failed to add file /mnt/d/pieschl_data_collects/sim_f15_scale_lidar_ne/collect_2026.Feb.21_16.29.53.2874394.UTC/Lidar/frame_5001.txt:
	FileNotFoundError : [Errno 2] No such file or directory: '/mnt/d/pieschl_data_collects/sim_f15_scale_lidar_ne/collect_2026.Feb.21_16.29.53.2874394.UTC/Lidar/frame_5001.txt'
2026-02-21 19:23:28,793 - root - INFO - 
Datasets added successfully:

2026-02-21 19:23:28,794 - root - INFO - final
Random seed: 42
Class labels: dict_keys(['f-15_model', 'a-10', 'b-1b', 'b-2', 'c-5', 'c-12', 'c-17a', 'c-32', 'c-130j', 'e-3', 'f-15e', 'f-16', 'f-18e', 'f-22', 'g-iii', 'kc-46', 'kc-135', 'lj-25', 'mig-29', 'mq-20', 'su-27', 'vc-25a', 'x-47b'])
Part labels: dict_keys(['wing', 'fuselage', 'engine', 'hstab', 'vstab', 'landing_gear', 'armament', 'boom_wing', 'boom_hull', 'boom_hose', 'dish', 'probe'])

--- Train Set ---
Specified proportion:  0.75
Actual proportion: 0.7498444628784736
Total count: 14463
Class count:
	f-15_model: 14463
Part count:
	wing: 27851887
	fuselage: 69181209
	engine: 0
	hstab: 10567392
	vstab: 10880408
	landing_gear: 0
	armament: 0
	boom_wing: 0
	boom_hull: 0
	boom_hose: 0
	dish: 0
	probe: 0

--- Validation Set ---
Specified proportion:  0.15
Actual proportion: 0.15004147656574035
Total count: 2894
Class count:
	f-15_model: 2894
Part count:
	wing: 5508465
	fuselage: 13846859
	engine: 0
	hstab: 2131716
	vstab: 2220608
	landing_gear: 0
	armament: 0
	boom_wing: 0
	boom_hull: 0
	boom_hose: 0
	dish: 0
	probe: 0

--- Test Set ---
Specified proportion:  0.1
Actual proportion: 0.10011406055578598
Total count: 1931
Class count:
	f-15_model: 1931
Part count:
	wing: 3660929
	fuselage: 9247366
	engine: 0
	hstab: 1430654
	vstab: 1479803
	landing_gear: 0
	armament: 0
	boom_wing: 0
	boom_hull: 0
	boom_hose: 0
	dish: 0
	probe: 0

2026-02-21 19:23:29,877 - root - INFO - PointNet Build
2026-02-21 19:23:29,877 - root - INFO - 	Trainable Layers
2026-02-21 19:23:29,878 - root - INFO - 		-> input_normalization: False
2026-02-21 19:23:29,878 - root - INFO - 		-> input_transform: True
2026-02-21 19:23:29,878 - root - INFO - 		-> s1_l1_64_convolution_layer: True
2026-02-21 19:23:29,879 - root - INFO - 		-> s1_l2_64_convolution_layer: True
2026-02-21 19:23:29,879 - root - INFO - 		-> feature_transform: True
2026-02-21 19:23:29,879 - root - INFO - 		-> s2_l1_64_convolution_layer: True
2026-02-21 19:23:29,880 - root - INFO - 		-> s2_l2_128_convolution_layer: True
2026-02-21 19:23:29,880 - root - INFO - 		-> s2_l3_1024_convolution_layer: True
2026-02-21 19:23:29,880 - root - INFO - 		-> s3_l1_512_dense_layer: True
2026-02-21 19:23:29,881 - root - INFO - 		-> s3_l2_256_dense_layer: True
2026-02-21 19:23:29,881 - root - INFO - 		-> output_dense_layer: True
2026-02-21 19:23:29,881 - root - INFO - 		-> seg_l1_512_convolution_layer: False
2026-02-21 19:23:29,882 - root - INFO - 		-> seg_l2_256_convolution_layer: False
2026-02-21 19:23:29,882 - root - INFO - 		-> seg_l3_128_convolution_layer: False
2026-02-21 19:23:29,882 - root - INFO - 		-> seg_l4_128_convolution_layer: False
2026-02-21 19:23:29,883 - root - INFO - 		-> seg_l5_output_convolution_layer: False
2026-02-21 19:26:24,484 - h5py._conv - DEBUG - Creating converter from 5 to 3
2026-02-21 21:12:52,414 - tf2onnx.tfonnx - INFO - Using tensorflow=2.20.0, onnx=1.17.0, tf2onnx=1.16.1/15c810
2026-02-21 21:12:52,416 - tf2onnx.tfonnx - INFO - Using opset <onnx, 13>
2026-02-21 21:12:52,487 - tf2onnx.tf_utils - INFO - Computed 0 values for constant folding
2026-02-21 21:12:52,569 - tf2onnx.graph - DEBUG - Making node: Name=Identity, OP=Identity
2026-02-21 21:12:52,571 - tf2onnx.graph - DEBUG - Made node: Identity
OP=Identity
Name=Identity
Inputs:
	point_net_1/output_dense_layer_1/Softmax:0=Softmax, [-1, 23], 1
Outpus:
	Identity_raw_output___4:0=[-1, 23], 1
2026-02-21 21:12:52,573 - tf2onnx.graph - DEBUG - Making node: Name=Identity_graph_outputs_Identity__5, OP=Identity
2026-02-21 21:12:52,573 - tf2onnx.graph - DEBUG - Made node: Identity_graph_outputs_Identity__5
OP=Identity
Name=Identity_graph_outputs_Identity__5
Inputs:
	Identity_raw_output___4:0=Identity, [-1, 23], 1
Outpus:
	Identity:0=[-1, 23], 1
2026-02-21 21:12:52,575 - tf2onnx.graph - DEBUG - Making node: Name=Identity_2, OP=Identity
2026-02-21 21:12:52,576 - tf2onnx.graph - DEBUG - Made node: Identity_2
OP=Identity
Name=Identity_2
Inputs:
	point_net_1/Squeeze_2:0=Squeeze, [-1, 8192, 12], 1
Outpus:
	Identity_2_raw_output___6:0=[-1, 8192, 12], 1
2026-02-21 21:12:52,577 - tf2onnx.graph - DEBUG - Making node: Name=Identity_2_graph_outputs_Identity__7, OP=Identity
2026-02-21 21:12:52,578 - tf2onnx.graph - DEBUG - Made node: Identity_2_graph_outputs_Identity__7
OP=Identity
Name=Identity_2_graph_outputs_Identity__7
Inputs:
	Identity_2_raw_output___6:0=Identity, [-1, 8192, 12], 1
Outpus:
	Identity_2:0=[-1, 8192, 12], 1
2026-02-21 21:12:52,579 - tf2onnx.graph - DEBUG - Making node: Name=Identity_1, OP=Identity
2026-02-21 21:12:52,579 - tf2onnx.graph - DEBUG - Made node: Identity_1
OP=Identity
Name=Identity_1
Inputs:
	point_net_1/input_transform_1/add:0=AddV2, [-1, 3, 3], 1
Outpus:
	Identity_1_raw_output___8:0=[-1, 3, 3], 1
2026-02-21 21:12:52,581 - tf2onnx.graph - DEBUG - Making node: Name=Identity_1_graph_outputs_Identity__9, OP=Identity
2026-02-21 21:12:52,581 - tf2onnx.graph - DEBUG - Made node: Identity_1_graph_outputs_Identity__9
OP=Identity
Name=Identity_1_graph_outputs_Identity__9
Inputs:
	Identity_1_raw_output___8:0=Identity, [-1, 3, 3], 1
Outpus:
	Identity_1:0=[-1, 3, 3], 1
2026-02-21 21:12:52,585 - tf2onnx.tfonnx - ERROR - rewriter <function rewrite_constant_fold at 0x703fc76997e0>: exception `np.cast` was removed in the NumPy 2.0 release. Use `np.asarray(arr, dtype=dtype)` instead.
2026-02-21 21:12:52,597 - tf2onnx.tfonnx - INFO - ['Traceback (most recent call last):\n', '  File "/mnt/c/repos/PointCloudProcessing/point_cloud_analysis/.venv/lib/python3.10/site-packages/tf2onnx/tfonnx.py", line 375, in run_rewriters\n    ops = func(g, g.get_nodes())\n', '  File "/mnt/c/repos/PointCloudProcessing/point_cloud_analysis/.venv/lib/python3.10/site-packages/tf2onnx/tfonnx.py", line 77, in rewrite_constant_fold\n    "Cast": np.cast,\n', '  File "/mnt/c/repos/PointCloudProcessing/point_cloud_analysis/.venv/lib/python3.10/site-packages/numpy/__init__.py", line 400, in __getattr__\n    raise AttributeError(\n', 'AttributeError: `np.cast` was removed in the NumPy 2.0 release. Use `np.asarray(arr, dtype=dtype)` instead.\n']
2026-02-21 21:12:52,643 - tf2onnx.rewriter.lstm_rewriter - DEBUG - enter lstm rewriter
2026-02-21 21:12:52,651 - tf2onnx.rewriter.gru_rewriter - DEBUG - enter gru rewriter
2026-02-21 21:12:52,659 - tf2onnx.rewriter.custom_rnn_rewriter - DEBUG - enter custom rnn rewriter
2026-02-21 21:12:52,665 - tf2onnx.rewriter.loop_rewriter - DEBUG - enter loop rewriter
2026-02-21 21:12:52,671 - tf2onnx.rewriter.cond_rewriter - DEBUG - enter cond pre rewrite
2026-02-21 21:12:52,697 - tf2onnx.tfonnx - VERBOSE - Mapping TF node to ONNX node(s)
2026-02-21 21:12:52,698 - tf2onnx.tfonnx - DEBUG - Process node: point_net_1/seg_l5_output_convolution_layer_1/seg_l5_output_convolution_layer_1/convolution/ReadVariableOp
OP=Const
Name=point_net_1/seg_l5_output_convolution_layer_1/seg_l5_output_convolution_layer_1/convolution/ReadVariableOp
Outpus:
	point_net_1/seg_l5_output_convolution_layer_1/seg_l5_output_convolution_layer_1/convolution/ReadVariableOp:0=[1, 1, 128, 12], 1
2026-02-21 21:12:52,699 - tf2onnx.tfonnx - DEBUG - Process node: point_net_1/seg_l4_128_convolution_layer_1/seg_l4_128_convolution_layer_1/convolution/merged_input
OP=Const
Name=point_net_1/seg_l4_128_convolution_layer_1/seg_l4_128_convolution_layer_1/convolution/merged_input
Outpus:
	point_net_1/seg_l4_128_convolution_layer_1/seg_l4_128_convolution_layer_1/convolution/merged_input:0=[1, 1, 128, 128], 1
2026-02-21 21:12:52,700 - tf2onnx.tfonnx - DEBUG - Process node: point_net_1/seg_l3_128_convolution_layer_1/seg_l3_128_convolution_layer_1/convolution/merged_input
OP=Const
Name=point_net_1/seg_l3_128_convolution_layer_1/seg_l3_128_convolution_layer_1/convolution/merged_input
Outpus:
	point_net_1/seg_l3_128_convolution_layer_1/seg_l3_128_convolution_layer_1/convolution/merged_input:0=[1, 1, 256, 128], 1
2026-02-21 21:12:52,701 - tf2onnx.tfonnx - DEBUG - Process node: point_net_1/seg_l2_256_convolution_layer_1/seg_l2_256_convolution_layer_1/convolution/merged_input
OP=Const
Name=point_net_1/seg_l2_256_convolution_layer_1/seg_l2_256_convolution_layer_1/convolution/merged_input
Outpus:
	point_net_1/seg_l2_256_convolution_layer_1/seg_l2_256_convolution_layer_1/convolution/merged_input:0=[1, 1, 512, 256], 1
2026-02-21 21:12:52,701 - tf2onnx.tfonnx - DEBUG - Process node: point_net_1/seg_l1_512_convolution_layer_1/seg_l1_512_convolution_layer_1/convolution/merged_input
OP=Const
Name=point_net_1/seg_l1_512_convolution_layer_1/seg_l1_512_convolution_layer_1/convolution/merged_input
Outpus:
	point_net_1/seg_l1_512_convolution_layer_1/seg_l1_512_convolution_layer_1/convolution/merged_input:0=[1, 1, 1088, 512], 1
2026-02-21 21:12:52,702 - tf2onnx.tfonnx - DEBUG - Process node: point_net_1/s3_l2_256_dense_layer_1/s3_l2_256_dense_layer_1/Cast/ReadVariableOp
OP=Const
Name=point_net_1/s3_l2_256_dense_layer_1/s3_l2_256_dense_layer_1/Cast/ReadVariableOp
Outpus:
	point_net_1/s3_l2_256_dense_layer_1/s3_l2_256_dense_layer_1/Cast/ReadVariableOp:0=[512, 256], 1
2026-02-21 21:12:52,703 - tf2onnx.tfonnx - DEBUG - Process node: point_net_1/s3_l2_256_dense_layer_1/batch_normalization_16_1/batchnorm/sub
OP=Const
Name=point_net_1/s3_l2_256_dense_layer_1/batch_normalization_16_1/batchnorm/sub
Outpus:
	point_net_1/s3_l2_256_dense_layer_1/batch_normalization_16_1/batchnorm/sub:0=[256], 1
2026-02-21 21:12:52,703 - tf2onnx.tfonnx - DEBUG - Process node: point_net_1/s3_l2_256_dense_layer_1/batch_normalization_16_1/batchnorm/mul
OP=Const
Name=point_net_1/s3_l2_256_dense_layer_1/batch_normalization_16_1/batchnorm/mul
Outpus:
	point_net_1/s3_l2_256_dense_layer_1/batch_normalization_16_1/batchnorm/mul:0=[256], 1
2026-02-21 21:12:52,704 - tf2onnx.tfonnx - DEBUG - Process node: point_net_1/s3_l1_512_dense_layer_1/s3_l1_512_dense_layer_1/Cast/ReadVariableOp
OP=Const
Name=point_net_1/s3_l1_512_dense_layer_1/s3_l1_512_dense_layer_1/Cast/ReadVariableOp
Outpus:
	point_net_1/s3_l1_512_dense_layer_1/s3_l1_512_dense_layer_1/Cast/ReadVariableOp:0=[1024, 512], 1
2026-02-21 21:12:52,705 - tf2onnx.tfonnx - DEBUG - Process node: point_net_1/s3_l1_512_dense_layer_1/batch_normalization_15_1/batchnorm/sub
OP=Const
Name=point_net_1/s3_l1_512_dense_layer_1/batch_normalization_15_1/batchnorm/sub
Outpus:
	point_net_1/s3_l1_512_dense_layer_1/batch_normalization_15_1/batchnorm/sub:0=[512], 1
2026-02-21 21:12:52,705 - tf2onnx.tfonnx - DEBUG - Process node: point_net_1/s3_l1_512_dense_layer_1/batch_normalization_15_1/batchnorm/mul
OP=Const
Name=point_net_1/s3_l1_512_dense_layer_1/batch_normalization_15_1/batchnorm/mul
Outpus:
	point_net_1/s3_l1_512_dense_layer_1/batch_normalization_15_1/batchnorm/mul:0=[512], 1
2026-02-21 21:12:52,706 - tf2onnx.tfonnx - DEBUG - Process node: point_net_1/s2_l3_1024_convolution_layer_1/s2_l3_1024_convolution_layer_1/convolution/merged_input
OP=Const
Name=point_net_1/s2_l3_1024_convolution_layer_1/s2_l3_1024_convolution_layer_1/convolution/merged_input
Outpus:
	point_net_1/s2_l3_1024_convolution_layer_1/s2_l3_1024_convolution_layer_1/convolution/merged_input:0=[1, 1, 128, 1024], 1
2026-02-21 21:12:52,706 - tf2onnx.tfonnx - DEBUG - Process node: point_net_1/s2_l3_1024_convolution_layer_1/batch_normalization_14_1/batchnorm/sub
OP=Const
Name=point_net_1/s2_l3_1024_convolution_layer_1/batch_normalization_14_1/batchnorm/sub
Outpus:
	point_net_1/s2_l3_1024_convolution_layer_1/batch_normalization_14_1/batchnorm/sub:0=[1024], 1
2026-02-21 21:12:52,707 - tf2onnx.tfonnx - DEBUG - Process node: point_net_1/s2_l2_128_convolution_layer_1/s2_l2_128_convolution_layer_1/convolution/merged_input
OP=Const
Name=point_net_1/s2_l2_128_convolution_layer_1/s2_l2_128_convolution_layer_1/convolution/merged_input
Outpus:
	point_net_1/s2_l2_128_convolution_layer_1/s2_l2_128_convolution_layer_1/convolution/merged_input:0=[1, 1, 64, 128], 1
2026-02-21 21:12:52,708 - tf2onnx.tfonnx - DEBUG - Process node: point_net_1/s2_l2_128_convolution_layer_1/batch_normalization_13_1/batchnorm/sub
OP=Const
Name=point_net_1/s2_l2_128_convolution_layer_1/batch_normalization_13_1/batchnorm/sub
Outpus:
	point_net_1/s2_l2_128_convolution_layer_1/batch_normalization_13_1/batchnorm/sub:0=[128], 1
2026-02-21 21:12:52,708 - tf2onnx.tfonnx - DEBUG - Process node: point_net_1/s2_l1_64_convolution_layer_1/s2_l1_64_convolution_layer_1/convolution/merged_input
OP=Const
Name=point_net_1/s2_l1_64_convolution_layer_1/s2_l1_64_convolution_layer_1/convolution/merged_input
Outpus:
	point_net_1/s2_l1_64_convolution_layer_1/s2_l1_64_convolution_layer_1/convolution/merged_input:0=[1, 1, 64, 64], 1
2026-02-21 21:12:52,709 - tf2onnx.tfonnx - DEBUG - Process node: point_net_1/s2_l1_64_convolution_layer_1/batch_normalization_12_1/batchnorm/sub
OP=Const
Name=point_net_1/s2_l1_64_convolution_layer_1/batch_normalization_12_1/batchnorm/sub
Outpus:
	point_net_1/s2_l1_64_convolution_layer_1/batch_normalization_12_1/batchnorm/sub:0=[64], 1
2026-02-21 21:12:52,709 - tf2onnx.tfonnx - DEBUG - Process node: point_net_1/s1_l2_64_convolution_layer_1/s1_l2_64_convolution_layer_1/convolution/merged_input
OP=Const
Name=point_net_1/s1_l2_64_convolution_layer_1/s1_l2_64_convolution_layer_1/convolution/merged_input
Outpus:
	point_net_1/s1_l2_64_convolution_layer_1/s1_l2_64_convolution_layer_1/convolution/merged_input:0=[1, 1, 64, 64], 1
2026-02-21 21:12:52,710 - tf2onnx.tfonnx - DEBUG - Process node: point_net_1/s1_l2_64_convolution_layer_1/batch_normalization_6_1/batchnorm/sub
OP=Const
Name=point_net_1/s1_l2_64_convolution_layer_1/batch_normalization_6_1/batchnorm/sub
Outpus:
	point_net_1/s1_l2_64_convolution_layer_1/batch_normalization_6_1/batchnorm/sub:0=[64], 1
2026-02-21 21:12:52,710 - tf2onnx.tfonnx - DEBUG - Process node: point_net_1/s1_l1_64_convolution_layer_1/s1_l1_64_convolution_layer_1/convolution/merged_input
OP=Const
Name=point_net_1/s1_l1_64_convolution_layer_1/s1_l1_64_convolution_layer_1/convolution/merged_input
Outpus:
	point_net_1/s1_l1_64_convolution_layer_1/s1_l1_64_convolution_layer_1/convolution/merged_input:0=[1, 1, 3, 64], 1
2026-02-21 21:12:52,711 - tf2onnx.tfonnx - DEBUG - Process node: point_net_1/s1_l1_64_convolution_layer_1/batch_normalization_5_1/batchnorm/sub
OP=Const
Name=point_net_1/s1_l1_64_convolution_layer_1/batch_normalization_5_1/batchnorm/sub
Outpus:
	point_net_1/s1_l1_64_convolution_layer_1/batch_normalization_5_1/batchnorm/sub:0=[64], 1
2026-02-21 21:12:52,711 - tf2onnx.tfonnx - DEBUG - Process node: point_net_1/output_dense_layer_1/output_dense_layer_1/Cast/ReadVariableOp
OP=Const
Name=point_net_1/output_dense_layer_1/output_dense_layer_1/Cast/ReadVariableOp
Outpus:
	point_net_1/output_dense_layer_1/output_dense_layer_1/Cast/ReadVariableOp:0=[256, 23], 1
2026-02-21 21:12:52,712 - tf2onnx.tfonnx - DEBUG - Process node: point_net_1/output_dense_layer_1/output_dense_layer_1/BiasAdd/ReadVariableOp
OP=Const
Name=point_net_1/output_dense_layer_1/output_dense_layer_1/BiasAdd/ReadVariableOp
Outpus:
	point_net_1/output_dense_layer_1/output_dense_layer_1/BiasAdd/ReadVariableOp:0=[23], 1
2026-02-21 21:12:52,712 - tf2onnx.tfonnx - DEBUG - Process node: point_net_1/input_transform_1/input_transform_dense_layer_2_dense_layer_1/input_transform_dense_layer_2_dense_layer_1/Cast/ReadVariableOp
OP=Const
Name=point_net_1/input_transform_1/input_transform_dense_layer_2_dense_layer_1/input_transform_dense_layer_2_dense_layer_1/Cast/ReadVariableOp
Outpus:
	point_net_1/input_transform_1/input_transform_dense_layer_2_dense_layer_1/input_transform_dense_layer_2_dense_layer_1/Cast/ReadVariableOp:0=[512, 256], 1
2026-02-21 21:12:52,713 - tf2onnx.tfonnx - DEBUG - Process node: point_net_1/input_transform_1/input_transform_dense_layer_2_dense_layer_1/batch_normalization_4_1/batchnorm/sub
OP=Const
Name=point_net_1/input_transform_1/input_transform_dense_layer_2_dense_layer_1/batch_normalization_4_1/batchnorm/sub
Outpus:
	point_net_1/input_transform_1/input_transform_dense_layer_2_dense_layer_1/batch_normalization_4_1/batchnorm/sub:0=[256], 1
2026-02-21 21:12:52,713 - tf2onnx.tfonnx - DEBUG - Process node: point_net_1/input_transform_1/input_transform_dense_layer_2_dense_layer_1/batch_normalization_4_1/batchnorm/mul
OP=Const
Name=point_net_1/input_transform_1/input_transform_dense_layer_2_dense_layer_1/batch_normalization_4_1/batchnorm/mul
Outpus:
	point_net_1/input_transform_1/input_transform_dense_layer_2_dense_layer_1/batch_normalization_4_1/batchnorm/mul:0=[256], 1
2026-02-21 21:12:52,714 - tf2onnx.tfonnx - DEBUG - Process node: point_net_1/input_transform_1/input_transform_dense_layer_1_dense_layer_1/input_transform_dense_layer_1_dense_layer_1/Cast/ReadVariableOp
OP=Const
Name=point_net_1/input_transform_1/input_transform_dense_layer_1_dense_layer_1/input_transform_dense_layer_1_dense_layer_1/Cast/ReadVariableOp
Outpus:
	point_net_1/input_transform_1/input_transform_dense_layer_1_dense_layer_1/input_transform_dense_layer_1_dense_layer_1/Cast/ReadVariableOp:0=[1024, 512], 1
2026-02-21 21:12:52,714 - tf2onnx.tfonnx - DEBUG - Process node: point_net_1/input_transform_1/input_transform_dense_layer_1_dense_layer_1/batch_normalization_3_1/batchnorm/sub
OP=Const
Name=point_net_1/input_transform_1/input_transform_dense_layer_1_dense_layer_1/batch_normalization_3_1/batchnorm/sub
Outpus:
	point_net_1/input_transform_1/input_transform_dense_layer_1_dense_layer_1/batch_normalization_3_1/batchnorm/sub:0=[512], 1
2026-02-21 21:12:52,715 - tf2onnx.tfonnx - DEBUG - Process node: point_net_1/input_transform_1/input_transform_dense_layer_1_dense_layer_1/batch_normalization_3_1/batchnorm/mul
OP=Const
Name=point_net_1/input_transform_1/input_transform_dense_layer_1_dense_layer_1/batch_normalization_3_1/batchnorm/mul
Outpus:
	point_net_1/input_transform_1/input_transform_dense_layer_1_dense_layer_1/batch_normalization_3_1/batchnorm/mul:0=[512], 1
2026-02-21 21:12:52,715 - tf2onnx.tfonnx - DEBUG - Process node: point_net_1/input_transform_1/input_transform_convolution_layer_3_convolution_layer_1/input_transform_convolution_layer_3_convolution_layer_1/convolution/merged_input
OP=Const
Name=point_net_1/input_transform_1/input_transform_convolution_layer_3_convolution_layer_1/input_transform_convolution_layer_3_convolution_layer_1/convolution/merged_input
Outpus:
	point_net_1/input_transform_1/input_transform_convolution_layer_3_convolution_layer_1/input_transform_convolution_layer_3_convolution_layer_1/convolution/merged_input:0=[1, 1, 128, 1024], 1
2026-02-21 21:12:52,716 - tf2onnx.tfonnx - DEBUG - Process node: point_net_1/input_transform_1/input_transform_convolution_layer_3_convolution_layer_1/batch_normalization_2_1/batchnorm/sub
OP=Const
Name=point_net_1/input_transform_1/input_transform_convolution_layer_3_convolution_layer_1/batch_normalization_2_1/batchnorm/sub
Outpus:
	point_net_1/input_transform_1/input_transform_convolution_layer_3_convolution_layer_1/batch_normalization_2_1/batchnorm/sub:0=[1024], 1
2026-02-21 21:12:52,716 - tf2onnx.tfonnx - DEBUG - Process node: point_net_1/input_transform_1/input_transform_convolution_layer_2_convolution_layer_1/input_transform_convolution_layer_2_convolution_layer_1/convolution/merged_input
OP=Const
Name=point_net_1/input_transform_1/input_transform_convolution_layer_2_convolution_layer_1/input_transform_convolution_layer_2_convolution_layer_1/convolution/merged_input
Outpus:
	point_net_1/input_transform_1/input_transform_convolution_layer_2_convolution_layer_1/input_transform_convolution_layer_2_convolution_layer_1/convolution/merged_input:0=[1, 1, 64, 128], 1
2026-02-21 21:12:52,717 - tf2onnx.tfonnx - DEBUG - Process node: point_net_1/input_transform_1/input_transform_convolution_layer_2_convolution_layer_1/batch_normalization_1_1/batchnorm/sub
OP=Const
Name=point_net_1/input_transform_1/input_transform_convolution_layer_2_convolution_layer_1/batch_normalization_1_1/batchnorm/sub
Outpus:
	point_net_1/input_transform_1/input_transform_convolution_layer_2_convolution_layer_1/batch_normalization_1_1/batchnorm/sub:0=[128], 1
2026-02-21 21:12:52,717 - tf2onnx.tfonnx - DEBUG - Process node: point_net_1/input_transform_1/input_transform_convolution_layer_1_convolution_layer_1/input_transform_convolution_layer_1_convolution_layer_1/convolution/merged_input
OP=Const
Name=point_net_1/input_transform_1/input_transform_convolution_layer_1_convolution_layer_1/input_transform_convolution_layer_1_convolution_layer_1/convolution/merged_input
Outpus:
	point_net_1/input_transform_1/input_transform_convolution_layer_1_convolution_layer_1/input_transform_convolution_layer_1_convolution_layer_1/convolution/merged_input:0=[1, 1, 3, 64], 1
2026-02-21 21:12:52,717 - tf2onnx.tfonnx - DEBUG - Process node: point_net_1/input_transform_1/input_transform_convolution_layer_1_convolution_layer_1/batch_normalization_1/batchnorm/sub
OP=Const
Name=point_net_1/input_transform_1/input_transform_convolution_layer_1_convolution_layer_1/batch_normalization_1/batchnorm/sub
Outpus:
	point_net_1/input_transform_1/input_transform_convolution_layer_1_convolution_layer_1/batch_normalization_1/batchnorm/sub:0=[64], 1
2026-02-21 21:12:52,718 - tf2onnx.tfonnx - DEBUG - Process node: point_net_1/input_transform_1/add/ReadVariableOp
OP=Const
Name=point_net_1/input_transform_1/add/ReadVariableOp
Outpus:
	point_net_1/input_transform_1/add/ReadVariableOp:0=[3, 3], 1
2026-02-21 21:12:52,718 - tf2onnx.tfonnx - DEBUG - Process node: point_net_1/input_transform_1/Reshape/shape
OP=Const
Name=point_net_1/input_transform_1/Reshape/shape
Outpus:
	point_net_1/input_transform_1/Reshape/shape:0=[3], 6
2026-02-21 21:12:52,719 - tf2onnx.tfonnx - DEBUG - Process node: point_net_1/input_transform_1/Max/reduction_indices
OP=Const
Name=point_net_1/input_transform_1/Max/reduction_indices
Outpus:
	point_net_1/input_transform_1/Max/reduction_indices:0=[], 6
2026-02-21 21:12:52,719 - tf2onnx.tfonnx - DEBUG - Process node: point_net_1/input_transform_1/MatMul/ReadVariableOp
OP=Const
Name=point_net_1/input_transform_1/MatMul/ReadVariableOp
Outpus:
	point_net_1/input_transform_1/MatMul/ReadVariableOp:0=[256, 9], 1
2026-02-21 21:12:52,719 - tf2onnx.tfonnx - DEBUG - Process node: point_net_1/input_transform_1/ExpandDims_1/dim
OP=Const
Name=point_net_1/input_transform_1/ExpandDims_1/dim
Outpus:
	point_net_1/input_transform_1/ExpandDims_1/dim:0=[], 6
2026-02-21 21:12:52,720 - tf2onnx.tfonnx - DEBUG - Process node: point_net_1/input_transform_1/ExpandDims/dim
OP=Const
Name=point_net_1/input_transform_1/ExpandDims/dim
Outpus:
	point_net_1/input_transform_1/ExpandDims/dim:0=[], 6
2026-02-21 21:12:52,720 - tf2onnx.tfonnx - DEBUG - Process node: point_net_1/input_normalization_1/Sum/reduction_indices
OP=Const
Name=point_net_1/input_normalization_1/Sum/reduction_indices
Outpus:
	point_net_1/input_normalization_1/Sum/reduction_indices:0=[], 6
2026-02-21 21:12:52,720 - tf2onnx.tfonnx - DEBUG - Process node: point_net_1/input_normalization_1/Mean/reduction_indices
OP=Const
Name=point_net_1/input_normalization_1/Mean/reduction_indices
Outpus:
	point_net_1/input_normalization_1/Mean/reduction_indices:0=[], 6
2026-02-21 21:12:52,721 - tf2onnx.tfonnx - DEBUG - Process node: point_net_1/input_normalization_1/Maximum/y
OP=Const
Name=point_net_1/input_normalization_1/Maximum/y
Outpus:
	point_net_1/input_normalization_1/Maximum/y:0=[], 1
2026-02-21 21:12:52,721 - tf2onnx.tfonnx - DEBUG - Process node: point_net_1/input_normalization_1/Max/reduction_indices
OP=Const
Name=point_net_1/input_normalization_1/Max/reduction_indices
Outpus:
	point_net_1/input_normalization_1/Max/reduction_indices:0=[], 6
2026-02-21 21:12:52,721 - tf2onnx.tfonnx - DEBUG - Process node: point_net_1/input_normalization_1/ExpandDims/dim
OP=Const
Name=point_net_1/input_normalization_1/ExpandDims/dim
Outpus:
	point_net_1/input_normalization_1/ExpandDims/dim:0=[], 6
2026-02-21 21:12:52,722 - tf2onnx.tfonnx - DEBUG - Process node: point_net_1/feature_transform_1/feature_transform_dense_layer_2_dense_layer_1/feature_transform_dense_layer_2_dense_layer_1/Cast/ReadVariableOp
OP=Const
Name=point_net_1/feature_transform_1/feature_transform_dense_layer_2_dense_layer_1/feature_transform_dense_layer_2_dense_layer_1/Cast/ReadVariableOp
Outpus:
	point_net_1/feature_transform_1/feature_transform_dense_layer_2_dense_layer_1/feature_transform_dense_layer_2_dense_layer_1/Cast/ReadVariableOp:0=[512, 256], 1
2026-02-21 21:12:52,722 - tf2onnx.tfonnx - DEBUG - Process node: point_net_1/feature_transform_1/feature_transform_dense_layer_2_dense_layer_1/batch_normalization_11_1/batchnorm/sub
OP=Const
Name=point_net_1/feature_transform_1/feature_transform_dense_layer_2_dense_layer_1/batch_normalization_11_1/batchnorm/sub
Outpus:
	point_net_1/feature_transform_1/feature_transform_dense_layer_2_dense_layer_1/batch_normalization_11_1/batchnorm/sub:0=[256], 1
2026-02-21 21:12:52,723 - tf2onnx.tfonnx - DEBUG - Process node: point_net_1/feature_transform_1/feature_transform_dense_layer_2_dense_layer_1/batch_normalization_11_1/batchnorm/mul
OP=Const
Name=point_net_1/feature_transform_1/feature_transform_dense_layer_2_dense_layer_1/batch_normalization_11_1/batchnorm/mul
Outpus:
	point_net_1/feature_transform_1/feature_transform_dense_layer_2_dense_layer_1/batch_normalization_11_1/batchnorm/mul:0=[256], 1
2026-02-21 21:12:52,723 - tf2onnx.tfonnx - DEBUG - Process node: point_net_1/feature_transform_1/feature_transform_dense_layer_1_dense_layer_1/feature_transform_dense_layer_1_dense_layer_1/Cast/ReadVariableOp
OP=Const
Name=point_net_1/feature_transform_1/feature_transform_dense_layer_1_dense_layer_1/feature_transform_dense_layer_1_dense_layer_1/Cast/ReadVariableOp
Outpus:
	point_net_1/feature_transform_1/feature_transform_dense_layer_1_dense_layer_1/feature_transform_dense_layer_1_dense_layer_1/Cast/ReadVariableOp:0=[1024, 512], 1
2026-02-21 21:12:52,723 - tf2onnx.tfonnx - DEBUG - Process node: point_net_1/feature_transform_1/feature_transform_dense_layer_1_dense_layer_1/batch_normalization_10_1/batchnorm/sub
OP=Const
Name=point_net_1/feature_transform_1/feature_transform_dense_layer_1_dense_layer_1/batch_normalization_10_1/batchnorm/sub
Outpus:
	point_net_1/feature_transform_1/feature_transform_dense_layer_1_dense_layer_1/batch_normalization_10_1/batchnorm/sub:0=[512], 1
2026-02-21 21:12:52,724 - tf2onnx.tfonnx - DEBUG - Process node: point_net_1/feature_transform_1/feature_transform_dense_layer_1_dense_layer_1/batch_normalization_10_1/batchnorm/mul
OP=Const
Name=point_net_1/feature_transform_1/feature_transform_dense_layer_1_dense_layer_1/batch_normalization_10_1/batchnorm/mul
Outpus:
	point_net_1/feature_transform_1/feature_transform_dense_layer_1_dense_layer_1/batch_normalization_10_1/batchnorm/mul:0=[512], 1
2026-02-21 21:12:52,724 - tf2onnx.tfonnx - DEBUG - Process node: point_net_1/feature_transform_1/feature_transform_convolution_layer_3_convolution_layer_1/feature_transform_convolution_layer_3_convolution_layer_1/convolution/merged_input
OP=Const
Name=point_net_1/feature_transform_1/feature_transform_convolution_layer_3_convolution_layer_1/feature_transform_convolution_layer_3_convolution_layer_1/convolution/merged_input
Outpus:
	point_net_1/feature_transform_1/feature_transform_convolution_layer_3_convolution_layer_1/feature_transform_convolution_layer_3_convolution_layer_1/convolution/merged_input:0=[1, 1, 128, 1024], 1
2026-02-21 21:12:52,724 - tf2onnx.tfonnx - DEBUG - Process node: point_net_1/feature_transform_1/feature_transform_convolution_layer_3_convolution_layer_1/batch_normalization_9_1/batchnorm/sub
OP=Const
Name=point_net_1/feature_transform_1/feature_transform_convolution_layer_3_convolution_layer_1/batch_normalization_9_1/batchnorm/sub
Outpus:
	point_net_1/feature_transform_1/feature_transform_convolution_layer_3_convolution_layer_1/batch_normalization_9_1/batchnorm/sub:0=[1024], 1
2026-02-21 21:12:52,725 - tf2onnx.tfonnx - DEBUG - Process node: point_net_1/feature_transform_1/feature_transform_convolution_layer_2_convolution_layer_1/feature_transform_convolution_layer_2_convolution_layer_1/convolution/merged_input
OP=Const
Name=point_net_1/feature_transform_1/feature_transform_convolution_layer_2_convolution_layer_1/feature_transform_convolution_layer_2_convolution_layer_1/convolution/merged_input
Outpus:
	point_net_1/feature_transform_1/feature_transform_convolution_layer_2_convolution_layer_1/feature_transform_convolution_layer_2_convolution_layer_1/convolution/merged_input:0=[1, 1, 64, 128], 1
2026-02-21 21:12:52,725 - tf2onnx.tfonnx - DEBUG - Process node: point_net_1/feature_transform_1/feature_transform_convolution_layer_2_convolution_layer_1/batch_normalization_8_1/batchnorm/sub
OP=Const
Name=point_net_1/feature_transform_1/feature_transform_convolution_layer_2_convolution_layer_1/batch_normalization_8_1/batchnorm/sub
Outpus:
	point_net_1/feature_transform_1/feature_transform_convolution_layer_2_convolution_layer_1/batch_normalization_8_1/batchnorm/sub:0=[128], 1
2026-02-21 21:12:52,725 - tf2onnx.tfonnx - DEBUG - Process node: point_net_1/feature_transform_1/feature_transform_convolution_layer_1_convolution_layer_1/feature_transform_convolution_layer_1_convolution_layer_1/convolution/merged_input
OP=Const
Name=point_net_1/feature_transform_1/feature_transform_convolution_layer_1_convolution_layer_1/feature_transform_convolution_layer_1_convolution_layer_1/convolution/merged_input
Outpus:
	point_net_1/feature_transform_1/feature_transform_convolution_layer_1_convolution_layer_1/feature_transform_convolution_layer_1_convolution_layer_1/convolution/merged_input:0=[1, 1, 64, 64], 1
2026-02-21 21:12:52,726 - tf2onnx.tfonnx - DEBUG - Process node: point_net_1/feature_transform_1/feature_transform_convolution_layer_1_convolution_layer_1/batch_normalization_7_1/batchnorm/sub
OP=Const
Name=point_net_1/feature_transform_1/feature_transform_convolution_layer_1_convolution_layer_1/batch_normalization_7_1/batchnorm/sub
Outpus:
	point_net_1/feature_transform_1/feature_transform_convolution_layer_1_convolution_layer_1/batch_normalization_7_1/batchnorm/sub:0=[64], 1
2026-02-21 21:12:52,726 - tf2onnx.tfonnx - DEBUG - Process node: point_net_1/feature_transform_1/add/ReadVariableOp
OP=Const
Name=point_net_1/feature_transform_1/add/ReadVariableOp
Outpus:
	point_net_1/feature_transform_1/add/ReadVariableOp:0=[64, 64], 1
2026-02-21 21:12:52,727 - tf2onnx.tfonnx - DEBUG - Process node: point_net_1/feature_transform_1/Reshape/shape
OP=Const
Name=point_net_1/feature_transform_1/Reshape/shape
Outpus:
	point_net_1/feature_transform_1/Reshape/shape:0=[3], 6
2026-02-21 21:12:52,727 - tf2onnx.tfonnx - DEBUG - Process node: point_net_1/feature_transform_1/Max/reduction_indices
OP=Const
Name=point_net_1/feature_transform_1/Max/reduction_indices
Outpus:
	point_net_1/feature_transform_1/Max/reduction_indices:0=[], 6
2026-02-21 21:12:52,727 - tf2onnx.tfonnx - DEBUG - Process node: point_net_1/feature_transform_1/MatMul/ReadVariableOp
OP=Const
Name=point_net_1/feature_transform_1/MatMul/ReadVariableOp
Outpus:
	point_net_1/feature_transform_1/MatMul/ReadVariableOp:0=[256, 4096], 1
2026-02-21 21:12:52,728 - tf2onnx.tfonnx - DEBUG - Process node: point_net_1/feature_transform_1/ExpandDims_1/dim
OP=Const
Name=point_net_1/feature_transform_1/ExpandDims_1/dim
Outpus:
	point_net_1/feature_transform_1/ExpandDims_1/dim:0=[], 6
2026-02-21 21:12:52,728 - tf2onnx.tfonnx - DEBUG - Process node: point_net_1/feature_transform_1/ExpandDims/dim
OP=Const
Name=point_net_1/feature_transform_1/ExpandDims/dim
Outpus:
	point_net_1/feature_transform_1/ExpandDims/dim:0=[], 6
2026-02-21 21:12:52,728 - tf2onnx.tfonnx - DEBUG - Process node: point_net_1/concat/axis
OP=Const
Name=point_net_1/concat/axis
Outpus:
	point_net_1/concat/axis:0=[], 6
2026-02-21 21:12:52,729 - tf2onnx.tfonnx - DEBUG - Process node: point_net_1/Tile/multiples
OP=Const
Name=point_net_1/Tile/multiples
Outpus:
	point_net_1/Tile/multiples:0=[3], 6
2026-02-21 21:12:52,729 - tf2onnx.tfonnx - DEBUG - Process node: point_net_1/Max/reduction_indices
OP=Const
Name=point_net_1/Max/reduction_indices
Outpus:
	point_net_1/Max/reduction_indices:0=[], 6
2026-02-21 21:12:52,730 - tf2onnx.tfonnx - DEBUG - Process node: point_net_1/ExpandDims_3/dim
OP=Const
Name=point_net_1/ExpandDims_3/dim
Outpus:
	point_net_1/ExpandDims_3/dim:0=[], 6
2026-02-21 21:12:52,730 - tf2onnx.tfonnx - DEBUG - Process node: point_net_1/ExpandDims_2/dim
OP=Const
Name=point_net_1/ExpandDims_2/dim
Outpus:
	point_net_1/ExpandDims_2/dim:0=[], 6
2026-02-21 21:12:52,730 - tf2onnx.tfonnx - DEBUG - Process node: point_net_1/ExpandDims_1/dim
OP=Const
Name=point_net_1/ExpandDims_1/dim
Outpus:
	point_net_1/ExpandDims_1/dim:0=[], 6
2026-02-21 21:12:52,731 - tf2onnx.tfonnx - DEBUG - Process node: point_net_1/ExpandDims/dim
OP=Const
Name=point_net_1/ExpandDims/dim
Outpus:
	point_net_1/ExpandDims/dim:0=[], 6
2026-02-21 21:12:52,731 - tf2onnx.tfonnx - DEBUG - Process node: args_0
OP=Placeholder
Name=args_0
Outpus:
	args_0=[-1, 8192, 3], 1
2026-02-21 21:12:52,731 - tf2onnx.tfonnx - DEBUG - Process node: point_net_1/input_normalization_1/Mean
OP=Mean
Name=point_net_1/input_normalization_1/Mean
Inputs:
	args_0=Placeholder, [-1, 8192, 3], 1
	point_net_1/input_normalization_1/Mean/reduction_indices:0=Const, [], 6
Outpus:
	point_net_1/input_normalization_1/Mean:0=[-1, 1, 3], 1
2026-02-21 21:12:52,732 - tf2onnx.tfonnx - DEBUG - Process node: point_net_1/input_normalization_1/sub
OP=Sub
Name=point_net_1/input_normalization_1/sub
Inputs:
	args_0=Placeholder, [-1, 8192, 3], 1
	point_net_1/input_normalization_1/Mean:0=ReduceMean, [-1, 1, 3], 1
Outpus:
	point_net_1/input_normalization_1/sub:0=[-1, 8192, 3], 1
2026-02-21 21:12:52,733 - tf2onnx.tfonnx - DEBUG - Process node: point_net_1/input_normalization_1/Square
OP=Square
Name=point_net_1/input_normalization_1/Square
Inputs:
	point_net_1/input_normalization_1/sub:0=Sub, [-1, 8192, 3], 1
Outpus:
	point_net_1/input_normalization_1/Square:0=[-1, 8192, 3], 1
2026-02-21 21:12:52,733 - tf2onnx.tfonnx - DEBUG - Process node: point_net_1/input_normalization_1/Sum
OP=Sum
Name=point_net_1/input_normalization_1/Sum
Inputs:
	point_net_1/input_normalization_1/Square:0=Mul, [-1, 8192, 3], 1
	point_net_1/input_normalization_1/Sum/reduction_indices:0=Const, [], 6
Outpus:
	point_net_1/input_normalization_1/Sum:0=[-1, 8192], 1
2026-02-21 21:12:52,733 - tf2onnx.graph - DEBUG - Making node: Name=point_net_1/input_normalization_1/Sum__10, OP=Cast
2026-02-21 21:12:52,734 - tf2onnx.graph - DEBUG - Infer shape and dtype for [point_net_1/input_normalization_1/Sum__10]
2026-02-21 21:12:52,735 - tf2onnx.graph - DEBUG - Set dtype of [point_net_1/input_normalization_1/Sum__10:0] to 7
2026-02-21 21:12:52,736 - tf2onnx.graph - DEBUG - Set shape of [point_net_1/input_normalization_1/Sum__10:0] to []
2026-02-21 21:12:52,736 - tf2onnx.graph - DEBUG - Made node: point_net_1/input_normalization_1/Sum__10
OP=Cast
Name=point_net_1/input_normalization_1/Sum__10
Inputs:
	point_net_1/input_normalization_1/Sum/reduction_indices:0=Const, [], 6
Outpus:
	point_net_1/input_normalization_1/Sum__10:0=[], 7
2026-02-21 21:12:52,736 - tf2onnx.graph - DEBUG - Making node: Name=reshape_const__11, OP=Const
2026-02-21 21:12:52,737 - tf2onnx.graph - DEBUG - Made node: reshape_const__11
OP=Const
Name=reshape_const__11
Outpus:
	reshape_const__11=None, 7
2026-02-21 21:12:52,737 - tf2onnx.graph - DEBUG - Making node: Name=point_net_1/input_normalization_1/Sum__12, OP=Reshape
2026-02-21 21:12:52,737 - tf2onnx.graph - DEBUG - Infer shape and dtype for [point_net_1/input_normalization_1/Sum__12]
2026-02-21 21:12:52,738 - tf2onnx.graph - DEBUG - Set dtype of [point_net_1/input_normalization_1/Sum__12:0] to 7
2026-02-21 21:12:52,738 - tf2onnx.graph - DEBUG - Set shape of [point_net_1/input_normalization_1/Sum__12:0] to [1]
2026-02-21 21:12:52,738 - tf2onnx.graph - DEBUG - Made node: point_net_1/input_normalization_1/Sum__12
OP=Reshape
Name=point_net_1/input_normalization_1/Sum__12
Inputs:
	point_net_1/input_normalization_1/Sum__10:0=Cast, [], 7
	reshape_const__11=Const, [1], 7
Outpus:
	point_net_1/input_normalization_1/Sum__12:0=[1], 7
2026-02-21 21:12:52,739 - tf2onnx.tfonnx - DEBUG - Process node: point_net_1/input_normalization_1/Sqrt
OP=Sqrt
Name=point_net_1/input_normalization_1/Sqrt
Inputs:
	point_net_1/input_normalization_1/Sum:0=ReduceSum, [-1, 8192], 1
Outpus:
	point_net_1/input_normalization_1/Sqrt:0=[-1, 8192], 1
2026-02-21 21:12:52,739 - tf2onnx.tfonnx - DEBUG - Process node: point_net_1/input_normalization_1/Max
OP=Max
Name=point_net_1/input_normalization_1/Max
Inputs:
	point_net_1/input_normalization_1/Sqrt:0=Sqrt, [-1, 8192], 1
	point_net_1/input_normalization_1/Max/reduction_indices:0=Const, [], 6
Outpus:
	point_net_1/input_normalization_1/Max:0=[-1, 1], 1
2026-02-21 21:12:52,740 - tf2onnx.tfonnx - DEBUG - Process node: point_net_1/input_normalization_1/ExpandDims
OP=ExpandDims
Name=point_net_1/input_normalization_1/ExpandDims
Inputs:
	point_net_1/input_normalization_1/Max:0=ReduceMax, [-1, 1], 1
	point_net_1/input_normalization_1/ExpandDims/dim:0=Const, [], 6
Outpus:
	point_net_1/input_normalization_1/ExpandDims:0=[-1, 1, 1], 1
2026-02-21 21:12:52,740 - tf2onnx.graph - DEBUG - Making node: Name=point_net_1/input_normalization_1/ExpandDims__13, OP=Cast
2026-02-21 21:12:52,741 - tf2onnx.graph - DEBUG - Infer shape and dtype for [point_net_1/input_normalization_1/ExpandDims__13]
2026-02-21 21:12:52,741 - tf2onnx.graph - DEBUG - Set dtype of [point_net_1/input_normalization_1/ExpandDims__13:0] to 7
2026-02-21 21:12:52,742 - tf2onnx.graph - DEBUG - Set shape of [point_net_1/input_normalization_1/ExpandDims__13:0] to []
2026-02-21 21:12:52,742 - tf2onnx.graph - DEBUG - Made node: point_net_1/input_normalization_1/ExpandDims__13
OP=Cast
Name=point_net_1/input_normalization_1/ExpandDims__13
Inputs:
	point_net_1/input_normalization_1/ExpandDims/dim:0=Const, [], 6
Outpus:
	point_net_1/input_normalization_1/ExpandDims__13:0=[], 7
2026-02-21 21:12:52,742 - tf2onnx.graph - DEBUG - Making node: Name=reshape_const__14, OP=Const
2026-02-21 21:12:52,743 - tf2onnx.graph - DEBUG - Made node: reshape_const__14
OP=Const
Name=reshape_const__14
Outpus:
	reshape_const__14=None, 7
2026-02-21 21:12:52,743 - tf2onnx.graph - DEBUG - Making node: Name=Reshape__15, OP=Reshape
2026-02-21 21:12:52,743 - tf2onnx.graph - DEBUG - Infer shape and dtype for [Reshape__15]
2026-02-21 21:12:52,744 - tf2onnx.graph - DEBUG - Set dtype of [Reshape__15:0] to 7
2026-02-21 21:12:52,744 - tf2onnx.graph - DEBUG - Set shape of [Reshape__15:0] to [1]
2026-02-21 21:12:52,744 - tf2onnx.graph - DEBUG - Made node: Reshape__15
OP=Reshape
Name=Reshape__15
Inputs:
	point_net_1/input_normalization_1/ExpandDims__13:0=Cast, [], 7
	reshape_const__14=Const, [1], 7
Outpus:
	Reshape__15:0=[1], 7
2026-02-21 21:12:52,745 - tf2onnx.tfonnx - DEBUG - Process node: point_net_1/input_normalization_1/Maximum
OP=Maximum
Name=point_net_1/input_normalization_1/Maximum
Inputs:
	point_net_1/input_normalization_1/ExpandDims:0=Unsqueeze, [-1, 1, 1], 1
	point_net_1/input_normalization_1/Maximum/y:0=Const, [], 1
Outpus:
	point_net_1/input_normalization_1/Maximum:0=[-1, 1, 1], 1
2026-02-21 21:12:52,745 - tf2onnx.tfonnx - DEBUG - Process node: point_net_1/input_normalization_1/truediv
OP=RealDiv
Name=point_net_1/input_normalization_1/truediv
Inputs:
	point_net_1/input_normalization_1/sub:0=Sub, [-1, 8192, 3], 1
	point_net_1/input_normalization_1/Maximum:0=Max, [-1, 1, 1], 1
Outpus:
	point_net_1/input_normalization_1/truediv:0=[-1, 8192, 3], 1
2026-02-21 21:12:52,746 - tf2onnx.tfonnx - DEBUG - Process node: point_net_1/input_transform_1/ExpandDims
OP=ExpandDims
Name=point_net_1/input_transform_1/ExpandDims
Inputs:
	point_net_1/input_normalization_1/truediv:0=Div, [-1, 8192, 3], 1
	point_net_1/input_transform_1/ExpandDims/dim:0=Const, [], 6
Outpus:
	point_net_1/input_transform_1/ExpandDims:0=[-1, 8192, 1, 3], 1
2026-02-21 21:12:52,746 - tf2onnx.graph - DEBUG - Making node: Name=point_net_1/input_transform_1/ExpandDims__16, OP=Cast
2026-02-21 21:12:52,747 - tf2onnx.graph - DEBUG - Infer shape and dtype for [point_net_1/input_transform_1/ExpandDims__16]
2026-02-21 21:12:52,747 - tf2onnx.graph - DEBUG - Set dtype of [point_net_1/input_transform_1/ExpandDims__16:0] to 7
2026-02-21 21:12:52,748 - tf2onnx.graph - DEBUG - Set shape of [point_net_1/input_transform_1/ExpandDims__16:0] to []
2026-02-21 21:12:52,748 - tf2onnx.graph - DEBUG - Made node: point_net_1/input_transform_1/ExpandDims__16
OP=Cast
Name=point_net_1/input_transform_1/ExpandDims__16
Inputs:
	point_net_1/input_transform_1/ExpandDims/dim:0=Const, [], 6
Outpus:
	point_net_1/input_transform_1/ExpandDims__16:0=[], 7
2026-02-21 21:12:52,748 - tf2onnx.graph - DEBUG - Making node: Name=reshape_const__17, OP=Const
2026-02-21 21:12:52,749 - tf2onnx.graph - DEBUG - Made node: reshape_const__17
OP=Const
Name=reshape_const__17
Outpus:
	reshape_const__17=None, 7
2026-02-21 21:12:52,749 - tf2onnx.graph - DEBUG - Making node: Name=Reshape__18, OP=Reshape
2026-02-21 21:12:52,750 - tf2onnx.graph - DEBUG - Infer shape and dtype for [Reshape__18]
2026-02-21 21:12:52,751 - tf2onnx.graph - DEBUG - Set dtype of [Reshape__18:0] to 7
2026-02-21 21:12:52,752 - tf2onnx.graph - DEBUG - Set shape of [Reshape__18:0] to [1]
2026-02-21 21:12:52,752 - tf2onnx.graph - DEBUG - Made node: Reshape__18
OP=Reshape
Name=Reshape__18
Inputs:
	point_net_1/input_transform_1/ExpandDims__16:0=Cast, [], 7
	reshape_const__17=Const, [1], 7
Outpus:
	Reshape__18:0=[1], 7
2026-02-21 21:12:52,753 - tf2onnx.tfonnx - DEBUG - Process node: point_net_1/input_transform_1/input_transform_convolution_layer_1_convolution_layer_1/batch_normalization_1/batchnorm/mul_1
OP=Conv2D
Name=point_net_1/input_transform_1/input_transform_convolution_layer_1_convolution_layer_1/batch_normalization_1/batchnorm/mul_1
Inputs:
	point_net_1/input_transform_1/ExpandDims:0=Unsqueeze, [-1, 8192, 1, 3], 1
	point_net_1/input_transform_1/input_transform_convolution_layer_1_convolution_layer_1/input_transform_convolution_layer_1_convolution_layer_1/convolution/merged_input:0=Const, [1, 1, 3, 64], 1
Outpus:
	point_net_1/input_transform_1/input_transform_convolution_layer_1_convolution_layer_1/batch_normalization_1/batchnorm/mul_1:0=[-1, 8192, 1, 64], 1
2026-02-21 21:12:52,754 - tf2onnx.graph - DEBUG - Making node: Name=point_net_1/input_transform_1/input_transform_convolution_layer_1_convolution_layer_1/batch_normalization_1/batchnorm/mul_1__19, OP=Transpose
2026-02-21 21:12:52,754 - tf2onnx.graph - DEBUG - Infer shape and dtype for [point_net_1/input_transform_1/input_transform_convolution_layer_1_convolution_layer_1/batch_normalization_1/batchnorm/mul_1__19]
2026-02-21 21:12:52,755 - tf2onnx.graph - DEBUG - Set dtype of [point_net_1/input_transform_1/input_transform_convolution_layer_1_convolution_layer_1/batch_normalization_1/batchnorm/mul_1__19:0] to 1
2026-02-21 21:12:52,755 - tf2onnx.graph - DEBUG - Set shape of [point_net_1/input_transform_1/input_transform_convolution_layer_1_convolution_layer_1/batch_normalization_1/batchnorm/mul_1__19:0] to [3, 1, 8192, -1]
2026-02-21 21:12:52,755 - tf2onnx.graph - DEBUG - Made node: point_net_1/input_transform_1/input_transform_convolution_layer_1_convolution_layer_1/batch_normalization_1/batchnorm/mul_1__19
OP=Transpose
Name=point_net_1/input_transform_1/input_transform_convolution_layer_1_convolution_layer_1/batch_normalization_1/batchnorm/mul_1__19
Inputs:
	point_net_1/input_transform_1/ExpandDims:0=Unsqueeze, [-1, 8192, 1, 3], 1
Outpus:
	point_net_1/input_transform_1/input_transform_convolution_layer_1_convolution_layer_1/batch_normalization_1/batchnorm/mul_1__19:0=[3, 1, 8192, -1], 1
2026-02-21 21:12:52,756 - tf2onnx.graph - DEBUG - Making node: Name=point_net_1/input_transform_1/input_transform_convolution_layer_1_convolution_layer_1/batch_normalization_1/batchnorm/mul_1__21, OP=Transpose
2026-02-21 21:12:52,756 - tf2onnx.graph - DEBUG - Infer shape and dtype for [point_net_1/input_transform_1/input_transform_convolution_layer_1_convolution_layer_1/batch_normalization_1/batchnorm/mul_1__21]
2026-02-21 21:12:52,757 - tf2onnx.graph - DEBUG - Set dtype of [point_net_1/input_transform_1/input_transform_convolution_layer_1_convolution_layer_1/batch_normalization_1/batchnorm/mul_1__21:0] to 1
2026-02-21 21:12:52,757 - tf2onnx.graph - DEBUG - Set shape of [point_net_1/input_transform_1/input_transform_convolution_layer_1_convolution_layer_1/batch_normalization_1/batchnorm/mul_1__21:0] to [64, 1, 8192, -1]
2026-02-21 21:12:52,758 - tf2onnx.graph - DEBUG - Made node: point_net_1/input_transform_1/input_transform_convolution_layer_1_convolution_layer_1/batch_normalization_1/batchnorm/mul_1__21
OP=Transpose
Name=point_net_1/input_transform_1/input_transform_convolution_layer_1_convolution_layer_1/batch_normalization_1/batchnorm/mul_1__21
Inputs:
	point_net_1/input_transform_1/input_transform_convolution_layer_1_convolution_layer_1/batch_normalization_1/batchnorm/mul_1:0=Conv, [-1, 8192, 1, 64], 1
Outpus:
	point_net_1/input_transform_1/input_transform_convolution_layer_1_convolution_layer_1/batch_normalization_1/batchnorm/mul_1__21:0=[64, 1, 8192, -1], 1
2026-02-21 21:12:52,758 - tf2onnx.tfonnx - DEBUG - Process node: point_net_1/input_transform_1/input_transform_convolution_layer_1_convolution_layer_1/batch_normalization_1/batchnorm/add_1
OP=AddV2
Name=point_net_1/input_transform_1/input_transform_convolution_layer_1_convolution_layer_1/batch_normalization_1/batchnorm/add_1
Inputs:
	point_net_1/input_transform_1/input_transform_convolution_layer_1_convolution_layer_1/batch_normalization_1/batchnorm/mul_1__21:0=Transpose, [-1, 8192, 1, 64], 1
	point_net_1/input_transform_1/input_transform_convolution_layer_1_convolution_layer_1/batch_normalization_1/batchnorm/sub:0=Const, [64], 1
Outpus:
	point_net_1/input_transform_1/input_transform_convolution_layer_1_convolution_layer_1/batch_normalization_1/batchnorm/add_1:0=[-1, 8192, 1, 64], 1
2026-02-21 21:12:52,758 - tf2onnx.tfonnx - DEBUG - Process node: point_net_1/input_transform_1/input_transform_convolution_layer_1_convolution_layer_1/Relu
OP=Relu
Name=point_net_1/input_transform_1/input_transform_convolution_layer_1_convolution_layer_1/Relu
Inputs:
	point_net_1/input_transform_1/input_transform_convolution_layer_1_convolution_layer_1/batch_normalization_1/batchnorm/add_1:0=Add, [-1, 8192, 1, 64], 1
Outpus:
	point_net_1/input_transform_1/input_transform_convolution_layer_1_convolution_layer_1/Relu:0=[-1, 8192, 1, 64], 1
2026-02-21 21:12:52,759 - tf2onnx.tfonnx - DEBUG - Process node: point_net_1/input_transform_1/input_transform_convolution_layer_2_convolution_layer_1/batch_normalization_1_1/batchnorm/mul_1
OP=Conv2D
Name=point_net_1/input_transform_1/input_transform_convolution_layer_2_convolution_layer_1/batch_normalization_1_1/batchnorm/mul_1
Inputs:
	point_net_1/input_transform_1/input_transform_convolution_layer_1_convolution_layer_1/Relu:0=Relu, [-1, 8192, 1, 64], 1
	point_net_1/input_transform_1/input_transform_convolution_layer_2_convolution_layer_1/input_transform_convolution_layer_2_convolution_layer_1/convolution/merged_input:0=Const, [1, 1, 64, 128], 1
Outpus:
	point_net_1/input_transform_1/input_transform_convolution_layer_2_convolution_layer_1/batch_normalization_1_1/batchnorm/mul_1:0=[-1, 8192, 1, 128], 1
2026-02-21 21:12:52,759 - tf2onnx.graph - DEBUG - Making node: Name=point_net_1/input_transform_1/input_transform_convolution_layer_2_convolution_layer_1/batch_normalization_1_1/batchnorm/mul_1__23, OP=Transpose
2026-02-21 21:12:52,760 - tf2onnx.graph - DEBUG - Infer shape and dtype for [point_net_1/input_transform_1/input_transform_convolution_layer_2_convolution_layer_1/batch_normalization_1_1/batchnorm/mul_1__23]
2026-02-21 21:12:52,760 - tf2onnx.graph - DEBUG - Set dtype of [point_net_1/input_transform_1/input_transform_convolution_layer_2_convolution_layer_1/batch_normalization_1_1/batchnorm/mul_1__23:0] to 1
2026-02-21 21:12:52,761 - tf2onnx.graph - DEBUG - Set shape of [point_net_1/input_transform_1/input_transform_convolution_layer_2_convolution_layer_1/batch_normalization_1_1/batchnorm/mul_1__23:0] to [64, 1, 8192, -1]
2026-02-21 21:12:52,761 - tf2onnx.graph - DEBUG - Made node: point_net_1/input_transform_1/input_transform_convolution_layer_2_convolution_layer_1/batch_normalization_1_1/batchnorm/mul_1__23
OP=Transpose
Name=point_net_1/input_transform_1/input_transform_convolution_layer_2_convolution_layer_1/batch_normalization_1_1/batchnorm/mul_1__23
Inputs:
	point_net_1/input_transform_1/input_transform_convolution_layer_1_convolution_layer_1/Relu:0=Relu, [-1, 8192, 1, 64], 1
Outpus:
	point_net_1/input_transform_1/input_transform_convolution_layer_2_convolution_layer_1/batch_normalization_1_1/batchnorm/mul_1__23:0=[64, 1, 8192, -1], 1
2026-02-21 21:12:52,762 - tf2onnx.graph - DEBUG - Making node: Name=point_net_1/input_transform_1/input_transform_convolution_layer_2_convolution_layer_1/batch_normalization_1_1/batchnorm/mul_1__25, OP=Transpose
2026-02-21 21:12:52,762 - tf2onnx.graph - DEBUG - Infer shape and dtype for [point_net_1/input_transform_1/input_transform_convolution_layer_2_convolution_layer_1/batch_normalization_1_1/batchnorm/mul_1__25]
2026-02-21 21:12:52,763 - tf2onnx.graph - DEBUG - Set dtype of [point_net_1/input_transform_1/input_transform_convolution_layer_2_convolution_layer_1/batch_normalization_1_1/batchnorm/mul_1__25:0] to 1
2026-02-21 21:12:52,763 - tf2onnx.graph - DEBUG - Set shape of [point_net_1/input_transform_1/input_transform_convolution_layer_2_convolution_layer_1/batch_normalization_1_1/batchnorm/mul_1__25:0] to [128, 1, 8192, -1]
2026-02-21 21:12:52,764 - tf2onnx.graph - DEBUG - Made node: point_net_1/input_transform_1/input_transform_convolution_layer_2_convolution_layer_1/batch_normalization_1_1/batchnorm/mul_1__25
OP=Transpose
Name=point_net_1/input_transform_1/input_transform_convolution_layer_2_convolution_layer_1/batch_normalization_1_1/batchnorm/mul_1__25
Inputs:
	point_net_1/input_transform_1/input_transform_convolution_layer_2_convolution_layer_1/batch_normalization_1_1/batchnorm/mul_1:0=Conv, [-1, 8192, 1, 128], 1
Outpus:
	point_net_1/input_transform_1/input_transform_convolution_layer_2_convolution_layer_1/batch_normalization_1_1/batchnorm/mul_1__25:0=[128, 1, 8192, -1], 1
2026-02-21 21:12:52,764 - tf2onnx.tfonnx - DEBUG - Process node: point_net_1/input_transform_1/input_transform_convolution_layer_2_convolution_layer_1/batch_normalization_1_1/batchnorm/add_1
OP=AddV2
Name=point_net_1/input_transform_1/input_transform_convolution_layer_2_convolution_layer_1/batch_normalization_1_1/batchnorm/add_1
Inputs:
	point_net_1/input_transform_1/input_transform_convolution_layer_2_convolution_layer_1/batch_normalization_1_1/batchnorm/mul_1__25:0=Transpose, [-1, 8192, 1, 128], 1
	point_net_1/input_transform_1/input_transform_convolution_layer_2_convolution_layer_1/batch_normalization_1_1/batchnorm/sub:0=Const, [128], 1
Outpus:
	point_net_1/input_transform_1/input_transform_convolution_layer_2_convolution_layer_1/batch_normalization_1_1/batchnorm/add_1:0=[-1, 8192, 1, 128], 1
2026-02-21 21:12:52,765 - tf2onnx.tfonnx - DEBUG - Process node: point_net_1/input_transform_1/input_transform_convolution_layer_2_convolution_layer_1/Relu
OP=Relu
Name=point_net_1/input_transform_1/input_transform_convolution_layer_2_convolution_layer_1/Relu
Inputs:
	point_net_1/input_transform_1/input_transform_convolution_layer_2_convolution_layer_1/batch_normalization_1_1/batchnorm/add_1:0=Add, [-1, 8192, 1, 128], 1
Outpus:
	point_net_1/input_transform_1/input_transform_convolution_layer_2_convolution_layer_1/Relu:0=[-1, 8192, 1, 128], 1
2026-02-21 21:12:52,765 - tf2onnx.tfonnx - DEBUG - Process node: point_net_1/input_transform_1/input_transform_convolution_layer_3_convolution_layer_1/batch_normalization_2_1/batchnorm/mul_1
OP=Conv2D
Name=point_net_1/input_transform_1/input_transform_convolution_layer_3_convolution_layer_1/batch_normalization_2_1/batchnorm/mul_1
Inputs:
	point_net_1/input_transform_1/input_transform_convolution_layer_2_convolution_layer_1/Relu:0=Relu, [-1, 8192, 1, 128], 1
	point_net_1/input_transform_1/input_transform_convolution_layer_3_convolution_layer_1/input_transform_convolution_layer_3_convolution_layer_1/convolution/merged_input:0=Const, [1, 1, 128, 1024], 1
Outpus:
	point_net_1/input_transform_1/input_transform_convolution_layer_3_convolution_layer_1/batch_normalization_2_1/batchnorm/mul_1:0=[-1, 8192, 1, 1024], 1
2026-02-21 21:12:52,766 - tf2onnx.graph - DEBUG - Making node: Name=point_net_1/input_transform_1/input_transform_convolution_layer_3_convolution_layer_1/batch_normalization_2_1/batchnorm/mul_1__27, OP=Transpose
2026-02-21 21:12:52,766 - tf2onnx.graph - DEBUG - Infer shape and dtype for [point_net_1/input_transform_1/input_transform_convolution_layer_3_convolution_layer_1/batch_normalization_2_1/batchnorm/mul_1__27]
2026-02-21 21:12:52,767 - tf2onnx.graph - DEBUG - Set dtype of [point_net_1/input_transform_1/input_transform_convolution_layer_3_convolution_layer_1/batch_normalization_2_1/batchnorm/mul_1__27:0] to 1
2026-02-21 21:12:52,767 - tf2onnx.graph - DEBUG - Set shape of [point_net_1/input_transform_1/input_transform_convolution_layer_3_convolution_layer_1/batch_normalization_2_1/batchnorm/mul_1__27:0] to [128, 1, 8192, -1]
2026-02-21 21:12:52,767 - tf2onnx.graph - DEBUG - Made node: point_net_1/input_transform_1/input_transform_convolution_layer_3_convolution_layer_1/batch_normalization_2_1/batchnorm/mul_1__27
OP=Transpose
Name=point_net_1/input_transform_1/input_transform_convolution_layer_3_convolution_layer_1/batch_normalization_2_1/batchnorm/mul_1__27
Inputs:
	point_net_1/input_transform_1/input_transform_convolution_layer_2_convolution_layer_1/Relu:0=Relu, [-1, 8192, 1, 128], 1
Outpus:
	point_net_1/input_transform_1/input_transform_convolution_layer_3_convolution_layer_1/batch_normalization_2_1/batchnorm/mul_1__27:0=[128, 1, 8192, -1], 1
2026-02-21 21:12:52,770 - tf2onnx.graph - DEBUG - Making node: Name=point_net_1/input_transform_1/input_transform_convolution_layer_3_convolution_layer_1/batch_normalization_2_1/batchnorm/mul_1__29, OP=Transpose
2026-02-21 21:12:52,770 - tf2onnx.graph - DEBUG - Infer shape and dtype for [point_net_1/input_transform_1/input_transform_convolution_layer_3_convolution_layer_1/batch_normalization_2_1/batchnorm/mul_1__29]
2026-02-21 21:12:52,771 - tf2onnx.graph - DEBUG - Set dtype of [point_net_1/input_transform_1/input_transform_convolution_layer_3_convolution_layer_1/batch_normalization_2_1/batchnorm/mul_1__29:0] to 1
2026-02-21 21:12:52,771 - tf2onnx.graph - DEBUG - Set shape of [point_net_1/input_transform_1/input_transform_convolution_layer_3_convolution_layer_1/batch_normalization_2_1/batchnorm/mul_1__29:0] to [1024, 1, 8192, -1]
2026-02-21 21:12:52,772 - tf2onnx.graph - DEBUG - Made node: point_net_1/input_transform_1/input_transform_convolution_layer_3_convolution_layer_1/batch_normalization_2_1/batchnorm/mul_1__29
OP=Transpose
Name=point_net_1/input_transform_1/input_transform_convolution_layer_3_convolution_layer_1/batch_normalization_2_1/batchnorm/mul_1__29
Inputs:
	point_net_1/input_transform_1/input_transform_convolution_layer_3_convolution_layer_1/batch_normalization_2_1/batchnorm/mul_1:0=Conv, [-1, 8192, 1, 1024], 1
Outpus:
	point_net_1/input_transform_1/input_transform_convolution_layer_3_convolution_layer_1/batch_normalization_2_1/batchnorm/mul_1__29:0=[1024, 1, 8192, -1], 1
2026-02-21 21:12:52,773 - tf2onnx.tfonnx - DEBUG - Process node: point_net_1/input_transform_1/input_transform_convolution_layer_3_convolution_layer_1/batch_normalization_2_1/batchnorm/add_1
OP=AddV2
Name=point_net_1/input_transform_1/input_transform_convolution_layer_3_convolution_layer_1/batch_normalization_2_1/batchnorm/add_1
Inputs:
	point_net_1/input_transform_1/input_transform_convolution_layer_3_convolution_layer_1/batch_normalization_2_1/batchnorm/mul_1__29:0=Transpose, [-1, 8192, 1, 1024], 1
	point_net_1/input_transform_1/input_transform_convolution_layer_3_convolution_layer_1/batch_normalization_2_1/batchnorm/sub:0=Const, [1024], 1
Outpus:
	point_net_1/input_transform_1/input_transform_convolution_layer_3_convolution_layer_1/batch_normalization_2_1/batchnorm/add_1:0=[-1, 8192, 1, 1024], 1
2026-02-21 21:12:52,773 - tf2onnx.tfonnx - DEBUG - Process node: point_net_1/input_transform_1/input_transform_convolution_layer_3_convolution_layer_1/Relu
OP=Relu
Name=point_net_1/input_transform_1/input_transform_convolution_layer_3_convolution_layer_1/Relu
Inputs:
	point_net_1/input_transform_1/input_transform_convolution_layer_3_convolution_layer_1/batch_normalization_2_1/batchnorm/add_1:0=Add, [-1, 8192, 1, 1024], 1
Outpus:
	point_net_1/input_transform_1/input_transform_convolution_layer_3_convolution_layer_1/Relu:0=[-1, 8192, 1, 1024], 1
2026-02-21 21:12:52,774 - tf2onnx.tfonnx - DEBUG - Process node: point_net_1/input_transform_1/Squeeze
OP=Squeeze
Name=point_net_1/input_transform_1/Squeeze
Inputs:
	point_net_1/input_transform_1/input_transform_convolution_layer_3_convolution_layer_1/Relu:0=Relu, [-1, 8192, 1, 1024], 1
Outpus:
	point_net_1/input_transform_1/Squeeze:0=[-1, 8192, 1024], 1
2026-02-21 21:12:52,774 - tf2onnx.graph - DEBUG - Making node: Name=axes_const__31, OP=Const
2026-02-21 21:12:52,775 - tf2onnx.graph - DEBUG - Made node: axes_const__31
OP=Const
Name=axes_const__31
Outpus:
	axes_const__31=None, 7
2026-02-21 21:12:52,775 - tf2onnx.tfonnx - DEBUG - Process node: point_net_1/input_transform_1/Max
OP=Max
Name=point_net_1/input_transform_1/Max
Inputs:
	point_net_1/input_transform_1/Squeeze:0=Squeeze, [-1, 8192, 1024], 1
	point_net_1/input_transform_1/Max/reduction_indices:0=Const, [], 6
Outpus:
	point_net_1/input_transform_1/Max:0=[-1, 1024], 1
2026-02-21 21:12:52,775 - tf2onnx.tfonnx - DEBUG - Process node: point_net_1/input_transform_1/input_transform_dense_layer_1_dense_layer_1/input_transform_dense_layer_1_dense_layer_1/MatMul
OP=MatMul
Name=point_net_1/input_transform_1/input_transform_dense_layer_1_dense_layer_1/input_transform_dense_layer_1_dense_layer_1/MatMul
Inputs:
	point_net_1/input_transform_1/Max:0=ReduceMax, [-1, 1024], 1
	point_net_1/input_transform_1/input_transform_dense_layer_1_dense_layer_1/input_transform_dense_layer_1_dense_layer_1/Cast/ReadVariableOp:0=Const, [1024, 512], 1
Outpus:
	point_net_1/input_transform_1/input_transform_dense_layer_1_dense_layer_1/input_transform_dense_layer_1_dense_layer_1/MatMul:0=[-1, 512], 1
2026-02-21 21:12:52,776 - tf2onnx.tfonnx - DEBUG - Process node: point_net_1/input_transform_1/input_transform_dense_layer_1_dense_layer_1/batch_normalization_3_1/batchnorm/mul_1
OP=Mul
Name=point_net_1/input_transform_1/input_transform_dense_layer_1_dense_layer_1/batch_normalization_3_1/batchnorm/mul_1
Inputs:
	point_net_1/input_transform_1/input_transform_dense_layer_1_dense_layer_1/input_transform_dense_layer_1_dense_layer_1/MatMul:0=MatMul, [-1, 512], 1
	point_net_1/input_transform_1/input_transform_dense_layer_1_dense_layer_1/batch_normalization_3_1/batchnorm/mul:0=Const, [512], 1
Outpus:
	point_net_1/input_transform_1/input_transform_dense_layer_1_dense_layer_1/batch_normalization_3_1/batchnorm/mul_1:0=[-1, 512], 1
2026-02-21 21:12:52,776 - tf2onnx.tfonnx - DEBUG - Process node: point_net_1/input_transform_1/input_transform_dense_layer_1_dense_layer_1/batch_normalization_3_1/batchnorm/add_1
OP=AddV2
Name=point_net_1/input_transform_1/input_transform_dense_layer_1_dense_layer_1/batch_normalization_3_1/batchnorm/add_1
Inputs:
	point_net_1/input_transform_1/input_transform_dense_layer_1_dense_layer_1/batch_normalization_3_1/batchnorm/mul_1:0=Mul, [-1, 512], 1
	point_net_1/input_transform_1/input_transform_dense_layer_1_dense_layer_1/batch_normalization_3_1/batchnorm/sub:0=Const, [512], 1
Outpus:
	point_net_1/input_transform_1/input_transform_dense_layer_1_dense_layer_1/batch_normalization_3_1/batchnorm/add_1:0=[-1, 512], 1
2026-02-21 21:12:52,777 - tf2onnx.tfonnx - DEBUG - Process node: point_net_1/input_transform_1/input_transform_dense_layer_1_dense_layer_1/Relu
OP=Relu
Name=point_net_1/input_transform_1/input_transform_dense_layer_1_dense_layer_1/Relu
Inputs:
	point_net_1/input_transform_1/input_transform_dense_layer_1_dense_layer_1/batch_normalization_3_1/batchnorm/add_1:0=Add, [-1, 512], 1
Outpus:
	point_net_1/input_transform_1/input_transform_dense_layer_1_dense_layer_1/Relu:0=[-1, 512], 1
2026-02-21 21:12:52,777 - tf2onnx.tfonnx - DEBUG - Process node: point_net_1/input_transform_1/input_transform_dense_layer_2_dense_layer_1/input_transform_dense_layer_2_dense_layer_1/MatMul
OP=MatMul
Name=point_net_1/input_transform_1/input_transform_dense_layer_2_dense_layer_1/input_transform_dense_layer_2_dense_layer_1/MatMul
Inputs:
	point_net_1/input_transform_1/input_transform_dense_layer_1_dense_layer_1/Relu:0=Relu, [-1, 512], 1
	point_net_1/input_transform_1/input_transform_dense_layer_2_dense_layer_1/input_transform_dense_layer_2_dense_layer_1/Cast/ReadVariableOp:0=Const, [512, 256], 1
Outpus:
	point_net_1/input_transform_1/input_transform_dense_layer_2_dense_layer_1/input_transform_dense_layer_2_dense_layer_1/MatMul:0=[-1, 256], 1
2026-02-21 21:12:52,778 - tf2onnx.tfonnx - DEBUG - Process node: point_net_1/input_transform_1/input_transform_dense_layer_2_dense_layer_1/batch_normalization_4_1/batchnorm/mul_1
OP=Mul
Name=point_net_1/input_transform_1/input_transform_dense_layer_2_dense_layer_1/batch_normalization_4_1/batchnorm/mul_1
Inputs:
	point_net_1/input_transform_1/input_transform_dense_layer_2_dense_layer_1/input_transform_dense_layer_2_dense_layer_1/MatMul:0=MatMul, [-1, 256], 1
	point_net_1/input_transform_1/input_transform_dense_layer_2_dense_layer_1/batch_normalization_4_1/batchnorm/mul:0=Const, [256], 1
Outpus:
	point_net_1/input_transform_1/input_transform_dense_layer_2_dense_layer_1/batch_normalization_4_1/batchnorm/mul_1:0=[-1, 256], 1
2026-02-21 21:12:52,778 - tf2onnx.tfonnx - DEBUG - Process node: point_net_1/input_transform_1/input_transform_dense_layer_2_dense_layer_1/batch_normalization_4_1/batchnorm/add_1
OP=AddV2
Name=point_net_1/input_transform_1/input_transform_dense_layer_2_dense_layer_1/batch_normalization_4_1/batchnorm/add_1
Inputs:
	point_net_1/input_transform_1/input_transform_dense_layer_2_dense_layer_1/batch_normalization_4_1/batchnorm/mul_1:0=Mul, [-1, 256], 1
	point_net_1/input_transform_1/input_transform_dense_layer_2_dense_layer_1/batch_normalization_4_1/batchnorm/sub:0=Const, [256], 1
Outpus:
	point_net_1/input_transform_1/input_transform_dense_layer_2_dense_layer_1/batch_normalization_4_1/batchnorm/add_1:0=[-1, 256], 1
2026-02-21 21:12:52,778 - tf2onnx.tfonnx - DEBUG - Process node: point_net_1/input_transform_1/input_transform_dense_layer_2_dense_layer_1/Relu
OP=Relu
Name=point_net_1/input_transform_1/input_transform_dense_layer_2_dense_layer_1/Relu
Inputs:
	point_net_1/input_transform_1/input_transform_dense_layer_2_dense_layer_1/batch_normalization_4_1/batchnorm/add_1:0=Add, [-1, 256], 1
Outpus:
	point_net_1/input_transform_1/input_transform_dense_layer_2_dense_layer_1/Relu:0=[-1, 256], 1
2026-02-21 21:12:52,779 - tf2onnx.tfonnx - DEBUG - Process node: point_net_1/input_transform_1/ExpandDims_1
OP=ExpandDims
Name=point_net_1/input_transform_1/ExpandDims_1
Inputs:
	point_net_1/input_transform_1/input_transform_dense_layer_2_dense_layer_1/Relu:0=Relu, [-1, 256], 1
	point_net_1/input_transform_1/ExpandDims_1/dim:0=Const, [], 6
Outpus:
	point_net_1/input_transform_1/ExpandDims_1:0=[-1, 1, 256], 1
2026-02-21 21:12:52,779 - tf2onnx.graph - DEBUG - Making node: Name=point_net_1/input_transform_1/ExpandDims_1__32, OP=Cast
2026-02-21 21:12:52,780 - tf2onnx.graph - DEBUG - Infer shape and dtype for [point_net_1/input_transform_1/ExpandDims_1__32]
2026-02-21 21:12:52,780 - tf2onnx.graph - DEBUG - Set dtype of [point_net_1/input_transform_1/ExpandDims_1__32:0] to 7
2026-02-21 21:12:52,781 - tf2onnx.graph - DEBUG - Set shape of [point_net_1/input_transform_1/ExpandDims_1__32:0] to []
2026-02-21 21:12:52,781 - tf2onnx.graph - DEBUG - Made node: point_net_1/input_transform_1/ExpandDims_1__32
OP=Cast
Name=point_net_1/input_transform_1/ExpandDims_1__32
Inputs:
	point_net_1/input_transform_1/ExpandDims_1/dim:0=Const, [], 6
Outpus:
	point_net_1/input_transform_1/ExpandDims_1__32:0=[], 7
2026-02-21 21:12:52,781 - tf2onnx.graph - DEBUG - Making node: Name=reshape_const__33, OP=Const
2026-02-21 21:12:52,782 - tf2onnx.graph - DEBUG - Made node: reshape_const__33
OP=Const
Name=reshape_const__33
Outpus:
	reshape_const__33=None, 7
2026-02-21 21:12:52,782 - tf2onnx.graph - DEBUG - Making node: Name=Reshape__34, OP=Reshape
2026-02-21 21:12:52,783 - tf2onnx.graph - DEBUG - Infer shape and dtype for [Reshape__34]
2026-02-21 21:12:52,783 - tf2onnx.graph - DEBUG - Set dtype of [Reshape__34:0] to 7
2026-02-21 21:12:52,784 - tf2onnx.graph - DEBUG - Set shape of [Reshape__34:0] to [1]
2026-02-21 21:12:52,784 - tf2onnx.graph - DEBUG - Made node: Reshape__34
OP=Reshape
Name=Reshape__34
Inputs:
	point_net_1/input_transform_1/ExpandDims_1__32:0=Cast, [], 7
	reshape_const__33=Const, [1], 7
Outpus:
	Reshape__34:0=[1], 7
2026-02-21 21:12:52,785 - tf2onnx.tfonnx - DEBUG - Process node: point_net_1/input_transform_1/MatMul
OP=BatchMatMulV2
Name=point_net_1/input_transform_1/MatMul
Inputs:
	point_net_1/input_transform_1/ExpandDims_1:0=Unsqueeze, [-1, 1, 256], 1
	point_net_1/input_transform_1/MatMul/ReadVariableOp:0=Const, [256, 9], 1
Outpus:
	point_net_1/input_transform_1/MatMul:0=[-1, 1, 9], 1
2026-02-21 21:12:52,785 - tf2onnx.tfonnx - DEBUG - Process node: point_net_1/input_transform_1/Squeeze_1
OP=Squeeze
Name=point_net_1/input_transform_1/Squeeze_1
Inputs:
	point_net_1/input_transform_1/MatMul:0=MatMul, [-1, 1, 9], 1
Outpus:
	point_net_1/input_transform_1/Squeeze_1:0=[-1, 9], 1
2026-02-21 21:12:52,786 - tf2onnx.graph - DEBUG - Making node: Name=axes_const__35, OP=Const
2026-02-21 21:12:52,786 - tf2onnx.graph - DEBUG - Made node: axes_const__35
OP=Const
Name=axes_const__35
Outpus:
	axes_const__35=None, 7
2026-02-21 21:12:52,787 - tf2onnx.tfonnx - DEBUG - Process node: point_net_1/input_transform_1/Reshape
OP=Reshape
Name=point_net_1/input_transform_1/Reshape
Inputs:
	point_net_1/input_transform_1/Squeeze_1:0=Squeeze, [-1, 9], 1
	point_net_1/input_transform_1/Reshape/shape:0=Const, [3], 6
Outpus:
	point_net_1/input_transform_1/Reshape:0=[-1, 3, 3], 1
2026-02-21 21:12:52,787 - tf2onnx.graph - DEBUG - Making node: Name=point_net_1/input_transform_1/Reshape__36, OP=Cast
2026-02-21 21:12:52,788 - tf2onnx.graph - DEBUG - Infer shape and dtype for [point_net_1/input_transform_1/Reshape__36]
2026-02-21 21:12:52,789 - tf2onnx.graph - DEBUG - Set dtype of [point_net_1/input_transform_1/Reshape__36:0] to 7
2026-02-21 21:12:52,789 - tf2onnx.graph - DEBUG - Set shape of [point_net_1/input_transform_1/Reshape__36:0] to [3]
2026-02-21 21:12:52,789 - tf2onnx.graph - DEBUG - Made node: point_net_1/input_transform_1/Reshape__36
OP=Cast
Name=point_net_1/input_transform_1/Reshape__36
Inputs:
	point_net_1/input_transform_1/Reshape/shape:0=Const, [3], 6
Outpus:
	point_net_1/input_transform_1/Reshape__36:0=[3], 7
2026-02-21 21:12:52,790 - tf2onnx.tfonnx - DEBUG - Process node: point_net_1/input_transform_1/add
OP=AddV2
Name=point_net_1/input_transform_1/add
Inputs:
	point_net_1/input_transform_1/Reshape:0=Reshape, [-1, 3, 3], 1
	point_net_1/input_transform_1/add/ReadVariableOp:0=Const, [3, 3], 1
Outpus:
	point_net_1/input_transform_1/add:0=[-1, 3, 3], 1
2026-02-21 21:12:52,790 - tf2onnx.tfonnx - DEBUG - Process node: point_net_1/MatMul
OP=BatchMatMulV2
Name=point_net_1/MatMul
Inputs:
	point_net_1/input_normalization_1/truediv:0=Div, [-1, 8192, 3], 1
	point_net_1/input_transform_1/add:0=Add, [-1, 3, 3], 1
Outpus:
	point_net_1/MatMul:0=[-1, 8192, 3], 1
2026-02-21 21:12:52,791 - tf2onnx.tfonnx - DEBUG - Process node: point_net_1/ExpandDims
OP=ExpandDims
Name=point_net_1/ExpandDims
Inputs:
	point_net_1/MatMul:0=MatMul, [-1, 8192, 3], 1
	point_net_1/ExpandDims/dim:0=Const, [], 6
Outpus:
	point_net_1/ExpandDims:0=[-1, 8192, 1, 3], 1
2026-02-21 21:12:52,791 - tf2onnx.graph - DEBUG - Making node: Name=point_net_1/ExpandDims__37, OP=Cast
2026-02-21 21:12:52,792 - tf2onnx.graph - DEBUG - Infer shape and dtype for [point_net_1/ExpandDims__37]
2026-02-21 21:12:52,792 - tf2onnx.graph - DEBUG - Set dtype of [point_net_1/ExpandDims__37:0] to 7
2026-02-21 21:12:52,793 - tf2onnx.graph - DEBUG - Set shape of [point_net_1/ExpandDims__37:0] to []
2026-02-21 21:12:52,793 - tf2onnx.graph - DEBUG - Made node: point_net_1/ExpandDims__37
OP=Cast
Name=point_net_1/ExpandDims__37
Inputs:
	point_net_1/ExpandDims/dim:0=Const, [], 6
Outpus:
	point_net_1/ExpandDims__37:0=[], 7
2026-02-21 21:12:52,794 - tf2onnx.graph - DEBUG - Making node: Name=reshape_const__38, OP=Const
2026-02-21 21:12:52,794 - tf2onnx.graph - DEBUG - Made node: reshape_const__38
OP=Const
Name=reshape_const__38
Outpus:
	reshape_const__38=None, 7
2026-02-21 21:12:52,794 - tf2onnx.graph - DEBUG - Making node: Name=Reshape__39, OP=Reshape
2026-02-21 21:12:52,795 - tf2onnx.graph - DEBUG - Infer shape and dtype for [Reshape__39]
2026-02-21 21:12:52,795 - tf2onnx.graph - DEBUG - Set dtype of [Reshape__39:0] to 7
2026-02-21 21:12:52,796 - tf2onnx.graph - DEBUG - Set shape of [Reshape__39:0] to [1]
2026-02-21 21:12:52,796 - tf2onnx.graph - DEBUG - Made node: Reshape__39
OP=Reshape
Name=Reshape__39
Inputs:
	point_net_1/ExpandDims__37:0=Cast, [], 7
	reshape_const__38=Const, [1], 7
Outpus:
	Reshape__39:0=[1], 7
2026-02-21 21:12:52,796 - tf2onnx.tfonnx - DEBUG - Process node: point_net_1/s1_l1_64_convolution_layer_1/batch_normalization_5_1/batchnorm/mul_1
OP=Conv2D
Name=point_net_1/s1_l1_64_convolution_layer_1/batch_normalization_5_1/batchnorm/mul_1
Inputs:
	point_net_1/ExpandDims:0=Unsqueeze, [-1, 8192, 1, 3], 1
	point_net_1/s1_l1_64_convolution_layer_1/s1_l1_64_convolution_layer_1/convolution/merged_input:0=Const, [1, 1, 3, 64], 1
Outpus:
	point_net_1/s1_l1_64_convolution_layer_1/batch_normalization_5_1/batchnorm/mul_1:0=[-1, 8192, 1, 64], 1
2026-02-21 21:12:52,797 - tf2onnx.graph - DEBUG - Making node: Name=point_net_1/s1_l1_64_convolution_layer_1/batch_normalization_5_1/batchnorm/mul_1__40, OP=Transpose
2026-02-21 21:12:52,797 - tf2onnx.graph - DEBUG - Infer shape and dtype for [point_net_1/s1_l1_64_convolution_layer_1/batch_normalization_5_1/batchnorm/mul_1__40]
2026-02-21 21:12:52,798 - tf2onnx.graph - DEBUG - Set dtype of [point_net_1/s1_l1_64_convolution_layer_1/batch_normalization_5_1/batchnorm/mul_1__40:0] to 1
2026-02-21 21:12:52,798 - tf2onnx.graph - DEBUG - Set shape of [point_net_1/s1_l1_64_convolution_layer_1/batch_normalization_5_1/batchnorm/mul_1__40:0] to [3, 1, 8192, -1]
2026-02-21 21:12:52,799 - tf2onnx.graph - DEBUG - Made node: point_net_1/s1_l1_64_convolution_layer_1/batch_normalization_5_1/batchnorm/mul_1__40
OP=Transpose
Name=point_net_1/s1_l1_64_convolution_layer_1/batch_normalization_5_1/batchnorm/mul_1__40
Inputs:
	point_net_1/ExpandDims:0=Unsqueeze, [-1, 8192, 1, 3], 1
Outpus:
	point_net_1/s1_l1_64_convolution_layer_1/batch_normalization_5_1/batchnorm/mul_1__40:0=[3, 1, 8192, -1], 1
2026-02-21 21:12:52,799 - tf2onnx.graph - DEBUG - Making node: Name=point_net_1/s1_l1_64_convolution_layer_1/batch_normalization_5_1/batchnorm/mul_1__42, OP=Transpose
2026-02-21 21:12:52,800 - tf2onnx.graph - DEBUG - Infer shape and dtype for [point_net_1/s1_l1_64_convolution_layer_1/batch_normalization_5_1/batchnorm/mul_1__42]
2026-02-21 21:12:52,800 - tf2onnx.graph - DEBUG - Set dtype of [point_net_1/s1_l1_64_convolution_layer_1/batch_normalization_5_1/batchnorm/mul_1__42:0] to 1
2026-02-21 21:12:52,801 - tf2onnx.graph - DEBUG - Set shape of [point_net_1/s1_l1_64_convolution_layer_1/batch_normalization_5_1/batchnorm/mul_1__42:0] to [64, 1, 8192, -1]
2026-02-21 21:12:52,801 - tf2onnx.graph - DEBUG - Made node: point_net_1/s1_l1_64_convolution_layer_1/batch_normalization_5_1/batchnorm/mul_1__42
OP=Transpose
Name=point_net_1/s1_l1_64_convolution_layer_1/batch_normalization_5_1/batchnorm/mul_1__42
Inputs:
	point_net_1/s1_l1_64_convolution_layer_1/batch_normalization_5_1/batchnorm/mul_1:0=Conv, [-1, 8192, 1, 64], 1
Outpus:
	point_net_1/s1_l1_64_convolution_layer_1/batch_normalization_5_1/batchnorm/mul_1__42:0=[64, 1, 8192, -1], 1
2026-02-21 21:12:52,802 - tf2onnx.tfonnx - DEBUG - Process node: point_net_1/s1_l1_64_convolution_layer_1/batch_normalization_5_1/batchnorm/add_1
OP=AddV2
Name=point_net_1/s1_l1_64_convolution_layer_1/batch_normalization_5_1/batchnorm/add_1
Inputs:
	point_net_1/s1_l1_64_convolution_layer_1/batch_normalization_5_1/batchnorm/mul_1__42:0=Transpose, [-1, 8192, 1, 64], 1
	point_net_1/s1_l1_64_convolution_layer_1/batch_normalization_5_1/batchnorm/sub:0=Const, [64], 1
Outpus:
	point_net_1/s1_l1_64_convolution_layer_1/batch_normalization_5_1/batchnorm/add_1:0=[-1, 8192, 1, 64], 1
2026-02-21 21:12:52,802 - tf2onnx.tfonnx - DEBUG - Process node: point_net_1/s1_l1_64_convolution_layer_1/Relu
OP=Relu
Name=point_net_1/s1_l1_64_convolution_layer_1/Relu
Inputs:
	point_net_1/s1_l1_64_convolution_layer_1/batch_normalization_5_1/batchnorm/add_1:0=Add, [-1, 8192, 1, 64], 1
Outpus:
	point_net_1/s1_l1_64_convolution_layer_1/Relu:0=[-1, 8192, 1, 64], 1
2026-02-21 21:12:52,802 - tf2onnx.tfonnx - DEBUG - Process node: point_net_1/s1_l2_64_convolution_layer_1/batch_normalization_6_1/batchnorm/mul_1
OP=Conv2D
Name=point_net_1/s1_l2_64_convolution_layer_1/batch_normalization_6_1/batchnorm/mul_1
Inputs:
	point_net_1/s1_l1_64_convolution_layer_1/Relu:0=Relu, [-1, 8192, 1, 64], 1
	point_net_1/s1_l2_64_convolution_layer_1/s1_l2_64_convolution_layer_1/convolution/merged_input:0=Const, [1, 1, 64, 64], 1
Outpus:
	point_net_1/s1_l2_64_convolution_layer_1/batch_normalization_6_1/batchnorm/mul_1:0=[-1, 8192, 1, 64], 1
2026-02-21 21:12:52,803 - tf2onnx.graph - DEBUG - Making node: Name=point_net_1/s1_l2_64_convolution_layer_1/batch_normalization_6_1/batchnorm/mul_1__44, OP=Transpose
2026-02-21 21:12:52,803 - tf2onnx.graph - DEBUG - Infer shape and dtype for [point_net_1/s1_l2_64_convolution_layer_1/batch_normalization_6_1/batchnorm/mul_1__44]
2026-02-21 21:12:52,804 - tf2onnx.graph - DEBUG - Set dtype of [point_net_1/s1_l2_64_convolution_layer_1/batch_normalization_6_1/batchnorm/mul_1__44:0] to 1
2026-02-21 21:12:52,804 - tf2onnx.graph - DEBUG - Set shape of [point_net_1/s1_l2_64_convolution_layer_1/batch_normalization_6_1/batchnorm/mul_1__44:0] to [64, 1, 8192, -1]
2026-02-21 21:12:52,805 - tf2onnx.graph - DEBUG - Made node: point_net_1/s1_l2_64_convolution_layer_1/batch_normalization_6_1/batchnorm/mul_1__44
OP=Transpose
Name=point_net_1/s1_l2_64_convolution_layer_1/batch_normalization_6_1/batchnorm/mul_1__44
Inputs:
	point_net_1/s1_l1_64_convolution_layer_1/Relu:0=Relu, [-1, 8192, 1, 64], 1
Outpus:
	point_net_1/s1_l2_64_convolution_layer_1/batch_normalization_6_1/batchnorm/mul_1__44:0=[64, 1, 8192, -1], 1
2026-02-21 21:12:52,805 - tf2onnx.graph - DEBUG - Making node: Name=point_net_1/s1_l2_64_convolution_layer_1/batch_normalization_6_1/batchnorm/mul_1__46, OP=Transpose
2026-02-21 21:12:52,806 - tf2onnx.graph - DEBUG - Infer shape and dtype for [point_net_1/s1_l2_64_convolution_layer_1/batch_normalization_6_1/batchnorm/mul_1__46]
2026-02-21 21:12:52,806 - tf2onnx.graph - DEBUG - Set dtype of [point_net_1/s1_l2_64_convolution_layer_1/batch_normalization_6_1/batchnorm/mul_1__46:0] to 1
2026-02-21 21:12:52,807 - tf2onnx.graph - DEBUG - Set shape of [point_net_1/s1_l2_64_convolution_layer_1/batch_normalization_6_1/batchnorm/mul_1__46:0] to [64, 1, 8192, -1]
2026-02-21 21:12:52,807 - tf2onnx.graph - DEBUG - Made node: point_net_1/s1_l2_64_convolution_layer_1/batch_normalization_6_1/batchnorm/mul_1__46
OP=Transpose
Name=point_net_1/s1_l2_64_convolution_layer_1/batch_normalization_6_1/batchnorm/mul_1__46
Inputs:
	point_net_1/s1_l2_64_convolution_layer_1/batch_normalization_6_1/batchnorm/mul_1:0=Conv, [-1, 8192, 1, 64], 1
Outpus:
	point_net_1/s1_l2_64_convolution_layer_1/batch_normalization_6_1/batchnorm/mul_1__46:0=[64, 1, 8192, -1], 1
2026-02-21 21:12:52,808 - tf2onnx.tfonnx - DEBUG - Process node: point_net_1/s1_l2_64_convolution_layer_1/batch_normalization_6_1/batchnorm/add_1
OP=AddV2
Name=point_net_1/s1_l2_64_convolution_layer_1/batch_normalization_6_1/batchnorm/add_1
Inputs:
	point_net_1/s1_l2_64_convolution_layer_1/batch_normalization_6_1/batchnorm/mul_1__46:0=Transpose, [-1, 8192, 1, 64], 1
	point_net_1/s1_l2_64_convolution_layer_1/batch_normalization_6_1/batchnorm/sub:0=Const, [64], 1
Outpus:
	point_net_1/s1_l2_64_convolution_layer_1/batch_normalization_6_1/batchnorm/add_1:0=[-1, 8192, 1, 64], 1
2026-02-21 21:12:52,808 - tf2onnx.tfonnx - DEBUG - Process node: point_net_1/s1_l2_64_convolution_layer_1/Relu
OP=Relu
Name=point_net_1/s1_l2_64_convolution_layer_1/Relu
Inputs:
	point_net_1/s1_l2_64_convolution_layer_1/batch_normalization_6_1/batchnorm/add_1:0=Add, [-1, 8192, 1, 64], 1
Outpus:
	point_net_1/s1_l2_64_convolution_layer_1/Relu:0=[-1, 8192, 1, 64], 1
2026-02-21 21:12:52,809 - tf2onnx.tfonnx - DEBUG - Process node: point_net_1/Squeeze
OP=Squeeze
Name=point_net_1/Squeeze
Inputs:
	point_net_1/s1_l2_64_convolution_layer_1/Relu:0=Relu, [-1, 8192, 1, 64], 1
Outpus:
	point_net_1/Squeeze:0=[-1, 8192, 64], 1
2026-02-21 21:12:52,809 - tf2onnx.graph - DEBUG - Making node: Name=axes_const__48, OP=Const
2026-02-21 21:12:52,810 - tf2onnx.graph - DEBUG - Made node: axes_const__48
OP=Const
Name=axes_const__48
Outpus:
	axes_const__48=None, 7
2026-02-21 21:12:52,810 - tf2onnx.tfonnx - DEBUG - Process node: point_net_1/feature_transform_1/ExpandDims
OP=ExpandDims
Name=point_net_1/feature_transform_1/ExpandDims
Inputs:
	point_net_1/Squeeze:0=Squeeze, [-1, 8192, 64], 1
	point_net_1/feature_transform_1/ExpandDims/dim:0=Const, [], 6
Outpus:
	point_net_1/feature_transform_1/ExpandDims:0=[-1, 8192, 1, 64], 1
2026-02-21 21:12:52,811 - tf2onnx.graph - DEBUG - Making node: Name=point_net_1/feature_transform_1/ExpandDims__49, OP=Cast
2026-02-21 21:12:52,811 - tf2onnx.graph - DEBUG - Infer shape and dtype for [point_net_1/feature_transform_1/ExpandDims__49]
2026-02-21 21:12:52,812 - tf2onnx.graph - DEBUG - Set dtype of [point_net_1/feature_transform_1/ExpandDims__49:0] to 7
2026-02-21 21:12:52,812 - tf2onnx.graph - DEBUG - Set shape of [point_net_1/feature_transform_1/ExpandDims__49:0] to []
2026-02-21 21:12:52,813 - tf2onnx.graph - DEBUG - Made node: point_net_1/feature_transform_1/ExpandDims__49
OP=Cast
Name=point_net_1/feature_transform_1/ExpandDims__49
Inputs:
	point_net_1/feature_transform_1/ExpandDims/dim:0=Const, [], 6
Outpus:
	point_net_1/feature_transform_1/ExpandDims__49:0=[], 7
2026-02-21 21:12:52,813 - tf2onnx.graph - DEBUG - Making node: Name=reshape_const__50, OP=Const
2026-02-21 21:12:52,814 - tf2onnx.graph - DEBUG - Made node: reshape_const__50
OP=Const
Name=reshape_const__50
Outpus:
	reshape_const__50=None, 7
2026-02-21 21:12:52,814 - tf2onnx.graph - DEBUG - Making node: Name=Reshape__51, OP=Reshape
2026-02-21 21:12:52,814 - tf2onnx.graph - DEBUG - Infer shape and dtype for [Reshape__51]
2026-02-21 21:12:52,815 - tf2onnx.graph - DEBUG - Set dtype of [Reshape__51:0] to 7
2026-02-21 21:12:52,815 - tf2onnx.graph - DEBUG - Set shape of [Reshape__51:0] to [1]
2026-02-21 21:12:52,815 - tf2onnx.graph - DEBUG - Made node: Reshape__51
OP=Reshape
Name=Reshape__51
Inputs:
	point_net_1/feature_transform_1/ExpandDims__49:0=Cast, [], 7
	reshape_const__50=Const, [1], 7
Outpus:
	Reshape__51:0=[1], 7
2026-02-21 21:12:52,816 - tf2onnx.tfonnx - DEBUG - Process node: point_net_1/feature_transform_1/feature_transform_convolution_layer_1_convolution_layer_1/batch_normalization_7_1/batchnorm/mul_1
OP=Conv2D
Name=point_net_1/feature_transform_1/feature_transform_convolution_layer_1_convolution_layer_1/batch_normalization_7_1/batchnorm/mul_1
Inputs:
	point_net_1/feature_transform_1/ExpandDims:0=Unsqueeze, [-1, 8192, 1, 64], 1
	point_net_1/feature_transform_1/feature_transform_convolution_layer_1_convolution_layer_1/feature_transform_convolution_layer_1_convolution_layer_1/convolution/merged_input:0=Const, [1, 1, 64, 64], 1
Outpus:
	point_net_1/feature_transform_1/feature_transform_convolution_layer_1_convolution_layer_1/batch_normalization_7_1/batchnorm/mul_1:0=[-1, 8192, 1, 64], 1
2026-02-21 21:12:52,816 - tf2onnx.graph - DEBUG - Making node: Name=point_net_1/feature_transform_1/feature_transform_convolution_layer_1_convolution_layer_1/batch_normalization_7_1/batchnorm/mul_1__52, OP=Transpose
2026-02-21 21:12:52,817 - tf2onnx.graph - DEBUG - Infer shape and dtype for [point_net_1/feature_transform_1/feature_transform_convolution_layer_1_convolution_layer_1/batch_normalization_7_1/batchnorm/mul_1__52]
2026-02-21 21:12:52,817 - tf2onnx.graph - DEBUG - Set dtype of [point_net_1/feature_transform_1/feature_transform_convolution_layer_1_convolution_layer_1/batch_normalization_7_1/batchnorm/mul_1__52:0] to 1
2026-02-21 21:12:52,818 - tf2onnx.graph - DEBUG - Set shape of [point_net_1/feature_transform_1/feature_transform_convolution_layer_1_convolution_layer_1/batch_normalization_7_1/batchnorm/mul_1__52:0] to [64, 1, 8192, -1]
2026-02-21 21:12:52,818 - tf2onnx.graph - DEBUG - Made node: point_net_1/feature_transform_1/feature_transform_convolution_layer_1_convolution_layer_1/batch_normalization_7_1/batchnorm/mul_1__52
OP=Transpose
Name=point_net_1/feature_transform_1/feature_transform_convolution_layer_1_convolution_layer_1/batch_normalization_7_1/batchnorm/mul_1__52
Inputs:
	point_net_1/feature_transform_1/ExpandDims:0=Unsqueeze, [-1, 8192, 1, 64], 1
Outpus:
	point_net_1/feature_transform_1/feature_transform_convolution_layer_1_convolution_layer_1/batch_normalization_7_1/batchnorm/mul_1__52:0=[64, 1, 8192, -1], 1
2026-02-21 21:12:52,819 - tf2onnx.graph - DEBUG - Making node: Name=point_net_1/feature_transform_1/feature_transform_convolution_layer_1_convolution_layer_1/batch_normalization_7_1/batchnorm/mul_1__54, OP=Transpose
2026-02-21 21:12:52,819 - tf2onnx.graph - DEBUG - Infer shape and dtype for [point_net_1/feature_transform_1/feature_transform_convolution_layer_1_convolution_layer_1/batch_normalization_7_1/batchnorm/mul_1__54]
2026-02-21 21:12:52,820 - tf2onnx.graph - DEBUG - Set dtype of [point_net_1/feature_transform_1/feature_transform_convolution_layer_1_convolution_layer_1/batch_normalization_7_1/batchnorm/mul_1__54:0] to 1
2026-02-21 21:12:52,820 - tf2onnx.graph - DEBUG - Set shape of [point_net_1/feature_transform_1/feature_transform_convolution_layer_1_convolution_layer_1/batch_normalization_7_1/batchnorm/mul_1__54:0] to [64, 1, 8192, -1]
2026-02-21 21:12:52,821 - tf2onnx.graph - DEBUG - Made node: point_net_1/feature_transform_1/feature_transform_convolution_layer_1_convolution_layer_1/batch_normalization_7_1/batchnorm/mul_1__54
OP=Transpose
Name=point_net_1/feature_transform_1/feature_transform_convolution_layer_1_convolution_layer_1/batch_normalization_7_1/batchnorm/mul_1__54
Inputs:
	point_net_1/feature_transform_1/feature_transform_convolution_layer_1_convolution_layer_1/batch_normalization_7_1/batchnorm/mul_1:0=Conv, [-1, 8192, 1, 64], 1
Outpus:
	point_net_1/feature_transform_1/feature_transform_convolution_layer_1_convolution_layer_1/batch_normalization_7_1/batchnorm/mul_1__54:0=[64, 1, 8192, -1], 1
2026-02-21 21:12:52,821 - tf2onnx.tfonnx - DEBUG - Process node: point_net_1/feature_transform_1/feature_transform_convolution_layer_1_convolution_layer_1/batch_normalization_7_1/batchnorm/add_1
OP=AddV2
Name=point_net_1/feature_transform_1/feature_transform_convolution_layer_1_convolution_layer_1/batch_normalization_7_1/batchnorm/add_1
Inputs:
	point_net_1/feature_transform_1/feature_transform_convolution_layer_1_convolution_layer_1/batch_normalization_7_1/batchnorm/mul_1__54:0=Transpose, [-1, 8192, 1, 64], 1
	point_net_1/feature_transform_1/feature_transform_convolution_layer_1_convolution_layer_1/batch_normalization_7_1/batchnorm/sub:0=Const, [64], 1
Outpus:
	point_net_1/feature_transform_1/feature_transform_convolution_layer_1_convolution_layer_1/batch_normalization_7_1/batchnorm/add_1:0=[-1, 8192, 1, 64], 1
2026-02-21 21:12:52,821 - tf2onnx.tfonnx - DEBUG - Process node: point_net_1/feature_transform_1/feature_transform_convolution_layer_1_convolution_layer_1/Relu
OP=Relu
Name=point_net_1/feature_transform_1/feature_transform_convolution_layer_1_convolution_layer_1/Relu
Inputs:
	point_net_1/feature_transform_1/feature_transform_convolution_layer_1_convolution_layer_1/batch_normalization_7_1/batchnorm/add_1:0=Add, [-1, 8192, 1, 64], 1
Outpus:
	point_net_1/feature_transform_1/feature_transform_convolution_layer_1_convolution_layer_1/Relu:0=[-1, 8192, 1, 64], 1
2026-02-21 21:12:52,822 - tf2onnx.tfonnx - DEBUG - Process node: point_net_1/feature_transform_1/feature_transform_convolution_layer_2_convolution_layer_1/batch_normalization_8_1/batchnorm/mul_1
OP=Conv2D
Name=point_net_1/feature_transform_1/feature_transform_convolution_layer_2_convolution_layer_1/batch_normalization_8_1/batchnorm/mul_1
Inputs:
	point_net_1/feature_transform_1/feature_transform_convolution_layer_1_convolution_layer_1/Relu:0=Relu, [-1, 8192, 1, 64], 1
	point_net_1/feature_transform_1/feature_transform_convolution_layer_2_convolution_layer_1/feature_transform_convolution_layer_2_convolution_layer_1/convolution/merged_input:0=Const, [1, 1, 64, 128], 1
Outpus:
	point_net_1/feature_transform_1/feature_transform_convolution_layer_2_convolution_layer_1/batch_normalization_8_1/batchnorm/mul_1:0=[-1, 8192, 1, 128], 1
2026-02-21 21:12:52,822 - tf2onnx.graph - DEBUG - Making node: Name=point_net_1/feature_transform_1/feature_transform_convolution_layer_2_convolution_layer_1/batch_normalization_8_1/batchnorm/mul_1__56, OP=Transpose
2026-02-21 21:12:52,823 - tf2onnx.graph - DEBUG - Infer shape and dtype for [point_net_1/feature_transform_1/feature_transform_convolution_layer_2_convolution_layer_1/batch_normalization_8_1/batchnorm/mul_1__56]
2026-02-21 21:12:52,824 - tf2onnx.graph - DEBUG - Set dtype of [point_net_1/feature_transform_1/feature_transform_convolution_layer_2_convolution_layer_1/batch_normalization_8_1/batchnorm/mul_1__56:0] to 1
2026-02-21 21:12:52,824 - tf2onnx.graph - DEBUG - Set shape of [point_net_1/feature_transform_1/feature_transform_convolution_layer_2_convolution_layer_1/batch_normalization_8_1/batchnorm/mul_1__56:0] to [64, 1, 8192, -1]
2026-02-21 21:12:52,824 - tf2onnx.graph - DEBUG - Made node: point_net_1/feature_transform_1/feature_transform_convolution_layer_2_convolution_layer_1/batch_normalization_8_1/batchnorm/mul_1__56
OP=Transpose
Name=point_net_1/feature_transform_1/feature_transform_convolution_layer_2_convolution_layer_1/batch_normalization_8_1/batchnorm/mul_1__56
Inputs:
	point_net_1/feature_transform_1/feature_transform_convolution_layer_1_convolution_layer_1/Relu:0=Relu, [-1, 8192, 1, 64], 1
Outpus:
	point_net_1/feature_transform_1/feature_transform_convolution_layer_2_convolution_layer_1/batch_normalization_8_1/batchnorm/mul_1__56:0=[64, 1, 8192, -1], 1
2026-02-21 21:12:52,825 - tf2onnx.graph - DEBUG - Making node: Name=point_net_1/feature_transform_1/feature_transform_convolution_layer_2_convolution_layer_1/batch_normalization_8_1/batchnorm/mul_1__58, OP=Transpose
2026-02-21 21:12:52,825 - tf2onnx.graph - DEBUG - Infer shape and dtype for [point_net_1/feature_transform_1/feature_transform_convolution_layer_2_convolution_layer_1/batch_normalization_8_1/batchnorm/mul_1__58]
2026-02-21 21:12:52,826 - tf2onnx.graph - DEBUG - Set dtype of [point_net_1/feature_transform_1/feature_transform_convolution_layer_2_convolution_layer_1/batch_normalization_8_1/batchnorm/mul_1__58:0] to 1
2026-02-21 21:12:52,826 - tf2onnx.graph - DEBUG - Set shape of [point_net_1/feature_transform_1/feature_transform_convolution_layer_2_convolution_layer_1/batch_normalization_8_1/batchnorm/mul_1__58:0] to [128, 1, 8192, -1]
2026-02-21 21:12:52,827 - tf2onnx.graph - DEBUG - Made node: point_net_1/feature_transform_1/feature_transform_convolution_layer_2_convolution_layer_1/batch_normalization_8_1/batchnorm/mul_1__58
OP=Transpose
Name=point_net_1/feature_transform_1/feature_transform_convolution_layer_2_convolution_layer_1/batch_normalization_8_1/batchnorm/mul_1__58
Inputs:
	point_net_1/feature_transform_1/feature_transform_convolution_layer_2_convolution_layer_1/batch_normalization_8_1/batchnorm/mul_1:0=Conv, [-1, 8192, 1, 128], 1
Outpus:
	point_net_1/feature_transform_1/feature_transform_convolution_layer_2_convolution_layer_1/batch_normalization_8_1/batchnorm/mul_1__58:0=[128, 1, 8192, -1], 1
2026-02-21 21:12:52,827 - tf2onnx.tfonnx - DEBUG - Process node: point_net_1/feature_transform_1/feature_transform_convolution_layer_2_convolution_layer_1/batch_normalization_8_1/batchnorm/add_1
OP=AddV2
Name=point_net_1/feature_transform_1/feature_transform_convolution_layer_2_convolution_layer_1/batch_normalization_8_1/batchnorm/add_1
Inputs:
	point_net_1/feature_transform_1/feature_transform_convolution_layer_2_convolution_layer_1/batch_normalization_8_1/batchnorm/mul_1__58:0=Transpose, [-1, 8192, 1, 128], 1
	point_net_1/feature_transform_1/feature_transform_convolution_layer_2_convolution_layer_1/batch_normalization_8_1/batchnorm/sub:0=Const, [128], 1
Outpus:
	point_net_1/feature_transform_1/feature_transform_convolution_layer_2_convolution_layer_1/batch_normalization_8_1/batchnorm/add_1:0=[-1, 8192, 1, 128], 1
2026-02-21 21:12:52,828 - tf2onnx.tfonnx - DEBUG - Process node: point_net_1/feature_transform_1/feature_transform_convolution_layer_2_convolution_layer_1/Relu
OP=Relu
Name=point_net_1/feature_transform_1/feature_transform_convolution_layer_2_convolution_layer_1/Relu
Inputs:
	point_net_1/feature_transform_1/feature_transform_convolution_layer_2_convolution_layer_1/batch_normalization_8_1/batchnorm/add_1:0=Add, [-1, 8192, 1, 128], 1
Outpus:
	point_net_1/feature_transform_1/feature_transform_convolution_layer_2_convolution_layer_1/Relu:0=[-1, 8192, 1, 128], 1
2026-02-21 21:12:52,828 - tf2onnx.tfonnx - DEBUG - Process node: point_net_1/feature_transform_1/feature_transform_convolution_layer_3_convolution_layer_1/batch_normalization_9_1/batchnorm/mul_1
OP=Conv2D
Name=point_net_1/feature_transform_1/feature_transform_convolution_layer_3_convolution_layer_1/batch_normalization_9_1/batchnorm/mul_1
Inputs:
	point_net_1/feature_transform_1/feature_transform_convolution_layer_2_convolution_layer_1/Relu:0=Relu, [-1, 8192, 1, 128], 1
	point_net_1/feature_transform_1/feature_transform_convolution_layer_3_convolution_layer_1/feature_transform_convolution_layer_3_convolution_layer_1/convolution/merged_input:0=Const, [1, 1, 128, 1024], 1
Outpus:
	point_net_1/feature_transform_1/feature_transform_convolution_layer_3_convolution_layer_1/batch_normalization_9_1/batchnorm/mul_1:0=[-1, 8192, 1, 1024], 1
2026-02-21 21:12:52,829 - tf2onnx.graph - DEBUG - Making node: Name=point_net_1/feature_transform_1/feature_transform_convolution_layer_3_convolution_layer_1/batch_normalization_9_1/batchnorm/mul_1__60, OP=Transpose
2026-02-21 21:12:52,829 - tf2onnx.graph - DEBUG - Infer shape and dtype for [point_net_1/feature_transform_1/feature_transform_convolution_layer_3_convolution_layer_1/batch_normalization_9_1/batchnorm/mul_1__60]
2026-02-21 21:12:52,830 - tf2onnx.graph - DEBUG - Set dtype of [point_net_1/feature_transform_1/feature_transform_convolution_layer_3_convolution_layer_1/batch_normalization_9_1/batchnorm/mul_1__60:0] to 1
2026-02-21 21:12:52,830 - tf2onnx.graph - DEBUG - Set shape of [point_net_1/feature_transform_1/feature_transform_convolution_layer_3_convolution_layer_1/batch_normalization_9_1/batchnorm/mul_1__60:0] to [128, 1, 8192, -1]
2026-02-21 21:12:52,830 - tf2onnx.graph - DEBUG - Made node: point_net_1/feature_transform_1/feature_transform_convolution_layer_3_convolution_layer_1/batch_normalization_9_1/batchnorm/mul_1__60
OP=Transpose
Name=point_net_1/feature_transform_1/feature_transform_convolution_layer_3_convolution_layer_1/batch_normalization_9_1/batchnorm/mul_1__60
Inputs:
	point_net_1/feature_transform_1/feature_transform_convolution_layer_2_convolution_layer_1/Relu:0=Relu, [-1, 8192, 1, 128], 1
Outpus:
	point_net_1/feature_transform_1/feature_transform_convolution_layer_3_convolution_layer_1/batch_normalization_9_1/batchnorm/mul_1__60:0=[128, 1, 8192, -1], 1
2026-02-21 21:12:52,832 - tf2onnx.graph - DEBUG - Making node: Name=point_net_1/feature_transform_1/feature_transform_convolution_layer_3_convolution_layer_1/batch_normalization_9_1/batchnorm/mul_1__62, OP=Transpose
2026-02-21 21:12:52,832 - tf2onnx.graph - DEBUG - Infer shape and dtype for [point_net_1/feature_transform_1/feature_transform_convolution_layer_3_convolution_layer_1/batch_normalization_9_1/batchnorm/mul_1__62]
2026-02-21 21:12:52,833 - tf2onnx.graph - DEBUG - Set dtype of [point_net_1/feature_transform_1/feature_transform_convolution_layer_3_convolution_layer_1/batch_normalization_9_1/batchnorm/mul_1__62:0] to 1
2026-02-21 21:12:52,833 - tf2onnx.graph - DEBUG - Set shape of [point_net_1/feature_transform_1/feature_transform_convolution_layer_3_convolution_layer_1/batch_normalization_9_1/batchnorm/mul_1__62:0] to [1024, 1, 8192, -1]
2026-02-21 21:12:52,833 - tf2onnx.graph - DEBUG - Made node: point_net_1/feature_transform_1/feature_transform_convolution_layer_3_convolution_layer_1/batch_normalization_9_1/batchnorm/mul_1__62
OP=Transpose
Name=point_net_1/feature_transform_1/feature_transform_convolution_layer_3_convolution_layer_1/batch_normalization_9_1/batchnorm/mul_1__62
Inputs:
	point_net_1/feature_transform_1/feature_transform_convolution_layer_3_convolution_layer_1/batch_normalization_9_1/batchnorm/mul_1:0=Conv, [-1, 8192, 1, 1024], 1
Outpus:
	point_net_1/feature_transform_1/feature_transform_convolution_layer_3_convolution_layer_1/batch_normalization_9_1/batchnorm/mul_1__62:0=[1024, 1, 8192, -1], 1
2026-02-21 21:12:52,834 - tf2onnx.tfonnx - DEBUG - Process node: point_net_1/feature_transform_1/feature_transform_convolution_layer_3_convolution_layer_1/batch_normalization_9_1/batchnorm/add_1
OP=AddV2
Name=point_net_1/feature_transform_1/feature_transform_convolution_layer_3_convolution_layer_1/batch_normalization_9_1/batchnorm/add_1
Inputs:
	point_net_1/feature_transform_1/feature_transform_convolution_layer_3_convolution_layer_1/batch_normalization_9_1/batchnorm/mul_1__62:0=Transpose, [-1, 8192, 1, 1024], 1
	point_net_1/feature_transform_1/feature_transform_convolution_layer_3_convolution_layer_1/batch_normalization_9_1/batchnorm/sub:0=Const, [1024], 1
Outpus:
	point_net_1/feature_transform_1/feature_transform_convolution_layer_3_convolution_layer_1/batch_normalization_9_1/batchnorm/add_1:0=[-1, 8192, 1, 1024], 1
2026-02-21 21:12:52,834 - tf2onnx.tfonnx - DEBUG - Process node: point_net_1/feature_transform_1/feature_transform_convolution_layer_3_convolution_layer_1/Relu
OP=Relu
Name=point_net_1/feature_transform_1/feature_transform_convolution_layer_3_convolution_layer_1/Relu
Inputs:
	point_net_1/feature_transform_1/feature_transform_convolution_layer_3_convolution_layer_1/batch_normalization_9_1/batchnorm/add_1:0=Add, [-1, 8192, 1, 1024], 1
Outpus:
	point_net_1/feature_transform_1/feature_transform_convolution_layer_3_convolution_layer_1/Relu:0=[-1, 8192, 1, 1024], 1
2026-02-21 21:12:52,834 - tf2onnx.tfonnx - DEBUG - Process node: point_net_1/feature_transform_1/Squeeze
OP=Squeeze
Name=point_net_1/feature_transform_1/Squeeze
Inputs:
	point_net_1/feature_transform_1/feature_transform_convolution_layer_3_convolution_layer_1/Relu:0=Relu, [-1, 8192, 1, 1024], 1
Outpus:
	point_net_1/feature_transform_1/Squeeze:0=[-1, 8192, 1024], 1
2026-02-21 21:12:52,835 - tf2onnx.graph - DEBUG - Making node: Name=axes_const__64, OP=Const
2026-02-21 21:12:52,835 - tf2onnx.graph - DEBUG - Made node: axes_const__64
OP=Const
Name=axes_const__64
Outpus:
	axes_const__64=None, 7
2026-02-21 21:12:52,836 - tf2onnx.tfonnx - DEBUG - Process node: point_net_1/feature_transform_1/Max
OP=Max
Name=point_net_1/feature_transform_1/Max
Inputs:
	point_net_1/feature_transform_1/Squeeze:0=Squeeze, [-1, 8192, 1024], 1
	point_net_1/feature_transform_1/Max/reduction_indices:0=Const, [], 6
Outpus:
	point_net_1/feature_transform_1/Max:0=[-1, 1024], 1
2026-02-21 21:12:52,836 - tf2onnx.tfonnx - DEBUG - Process node: point_net_1/feature_transform_1/feature_transform_dense_layer_1_dense_layer_1/feature_transform_dense_layer_1_dense_layer_1/MatMul
OP=MatMul
Name=point_net_1/feature_transform_1/feature_transform_dense_layer_1_dense_layer_1/feature_transform_dense_layer_1_dense_layer_1/MatMul
Inputs:
	point_net_1/feature_transform_1/Max:0=ReduceMax, [-1, 1024], 1
	point_net_1/feature_transform_1/feature_transform_dense_layer_1_dense_layer_1/feature_transform_dense_layer_1_dense_layer_1/Cast/ReadVariableOp:0=Const, [1024, 512], 1
Outpus:
	point_net_1/feature_transform_1/feature_transform_dense_layer_1_dense_layer_1/feature_transform_dense_layer_1_dense_layer_1/MatMul:0=[-1, 512], 1
2026-02-21 21:12:52,836 - tf2onnx.tfonnx - DEBUG - Process node: point_net_1/feature_transform_1/feature_transform_dense_layer_1_dense_layer_1/batch_normalization_10_1/batchnorm/mul_1
OP=Mul
Name=point_net_1/feature_transform_1/feature_transform_dense_layer_1_dense_layer_1/batch_normalization_10_1/batchnorm/mul_1
Inputs:
	point_net_1/feature_transform_1/feature_transform_dense_layer_1_dense_layer_1/feature_transform_dense_layer_1_dense_layer_1/MatMul:0=MatMul, [-1, 512], 1
	point_net_1/feature_transform_1/feature_transform_dense_layer_1_dense_layer_1/batch_normalization_10_1/batchnorm/mul:0=Const, [512], 1
Outpus:
	point_net_1/feature_transform_1/feature_transform_dense_layer_1_dense_layer_1/batch_normalization_10_1/batchnorm/mul_1:0=[-1, 512], 1
2026-02-21 21:12:52,837 - tf2onnx.tfonnx - DEBUG - Process node: point_net_1/feature_transform_1/feature_transform_dense_layer_1_dense_layer_1/batch_normalization_10_1/batchnorm/add_1
OP=AddV2
Name=point_net_1/feature_transform_1/feature_transform_dense_layer_1_dense_layer_1/batch_normalization_10_1/batchnorm/add_1
Inputs:
	point_net_1/feature_transform_1/feature_transform_dense_layer_1_dense_layer_1/batch_normalization_10_1/batchnorm/mul_1:0=Mul, [-1, 512], 1
	point_net_1/feature_transform_1/feature_transform_dense_layer_1_dense_layer_1/batch_normalization_10_1/batchnorm/sub:0=Const, [512], 1
Outpus:
	point_net_1/feature_transform_1/feature_transform_dense_layer_1_dense_layer_1/batch_normalization_10_1/batchnorm/add_1:0=[-1, 512], 1
2026-02-21 21:12:52,837 - tf2onnx.tfonnx - DEBUG - Process node: point_net_1/feature_transform_1/feature_transform_dense_layer_1_dense_layer_1/Relu
OP=Relu
Name=point_net_1/feature_transform_1/feature_transform_dense_layer_1_dense_layer_1/Relu
Inputs:
	point_net_1/feature_transform_1/feature_transform_dense_layer_1_dense_layer_1/batch_normalization_10_1/batchnorm/add_1:0=Add, [-1, 512], 1
Outpus:
	point_net_1/feature_transform_1/feature_transform_dense_layer_1_dense_layer_1/Relu:0=[-1, 512], 1
2026-02-21 21:12:52,838 - tf2onnx.tfonnx - DEBUG - Process node: point_net_1/feature_transform_1/feature_transform_dense_layer_2_dense_layer_1/feature_transform_dense_layer_2_dense_layer_1/MatMul
OP=MatMul
Name=point_net_1/feature_transform_1/feature_transform_dense_layer_2_dense_layer_1/feature_transform_dense_layer_2_dense_layer_1/MatMul
Inputs:
	point_net_1/feature_transform_1/feature_transform_dense_layer_1_dense_layer_1/Relu:0=Relu, [-1, 512], 1
	point_net_1/feature_transform_1/feature_transform_dense_layer_2_dense_layer_1/feature_transform_dense_layer_2_dense_layer_1/Cast/ReadVariableOp:0=Const, [512, 256], 1
Outpus:
	point_net_1/feature_transform_1/feature_transform_dense_layer_2_dense_layer_1/feature_transform_dense_layer_2_dense_layer_1/MatMul:0=[-1, 256], 1
2026-02-21 21:12:52,838 - tf2onnx.tfonnx - DEBUG - Process node: point_net_1/feature_transform_1/feature_transform_dense_layer_2_dense_layer_1/batch_normalization_11_1/batchnorm/mul_1
OP=Mul
Name=point_net_1/feature_transform_1/feature_transform_dense_layer_2_dense_layer_1/batch_normalization_11_1/batchnorm/mul_1
Inputs:
	point_net_1/feature_transform_1/feature_transform_dense_layer_2_dense_layer_1/feature_transform_dense_layer_2_dense_layer_1/MatMul:0=MatMul, [-1, 256], 1
	point_net_1/feature_transform_1/feature_transform_dense_layer_2_dense_layer_1/batch_normalization_11_1/batchnorm/mul:0=Const, [256], 1
Outpus:
	point_net_1/feature_transform_1/feature_transform_dense_layer_2_dense_layer_1/batch_normalization_11_1/batchnorm/mul_1:0=[-1, 256], 1
2026-02-21 21:12:52,838 - tf2onnx.tfonnx - DEBUG - Process node: point_net_1/feature_transform_1/feature_transform_dense_layer_2_dense_layer_1/batch_normalization_11_1/batchnorm/add_1
OP=AddV2
Name=point_net_1/feature_transform_1/feature_transform_dense_layer_2_dense_layer_1/batch_normalization_11_1/batchnorm/add_1
Inputs:
	point_net_1/feature_transform_1/feature_transform_dense_layer_2_dense_layer_1/batch_normalization_11_1/batchnorm/mul_1:0=Mul, [-1, 256], 1
	point_net_1/feature_transform_1/feature_transform_dense_layer_2_dense_layer_1/batch_normalization_11_1/batchnorm/sub:0=Const, [256], 1
Outpus:
	point_net_1/feature_transform_1/feature_transform_dense_layer_2_dense_layer_1/batch_normalization_11_1/batchnorm/add_1:0=[-1, 256], 1
2026-02-21 21:12:52,839 - tf2onnx.tfonnx - DEBUG - Process node: point_net_1/feature_transform_1/feature_transform_dense_layer_2_dense_layer_1/Relu
OP=Relu
Name=point_net_1/feature_transform_1/feature_transform_dense_layer_2_dense_layer_1/Relu
Inputs:
	point_net_1/feature_transform_1/feature_transform_dense_layer_2_dense_layer_1/batch_normalization_11_1/batchnorm/add_1:0=Add, [-1, 256], 1
Outpus:
	point_net_1/feature_transform_1/feature_transform_dense_layer_2_dense_layer_1/Relu:0=[-1, 256], 1
2026-02-21 21:12:52,839 - tf2onnx.tfonnx - DEBUG - Process node: point_net_1/feature_transform_1/ExpandDims_1
OP=ExpandDims
Name=point_net_1/feature_transform_1/ExpandDims_1
Inputs:
	point_net_1/feature_transform_1/feature_transform_dense_layer_2_dense_layer_1/Relu:0=Relu, [-1, 256], 1
	point_net_1/feature_transform_1/ExpandDims_1/dim:0=Const, [], 6
Outpus:
	point_net_1/feature_transform_1/ExpandDims_1:0=[-1, 1, 256], 1
2026-02-21 21:12:52,840 - tf2onnx.graph - DEBUG - Making node: Name=point_net_1/feature_transform_1/ExpandDims_1__65, OP=Cast
2026-02-21 21:12:52,840 - tf2onnx.graph - DEBUG - Infer shape and dtype for [point_net_1/feature_transform_1/ExpandDims_1__65]
2026-02-21 21:12:52,841 - tf2onnx.graph - DEBUG - Set dtype of [point_net_1/feature_transform_1/ExpandDims_1__65:0] to 7
2026-02-21 21:12:52,841 - tf2onnx.graph - DEBUG - Set shape of [point_net_1/feature_transform_1/ExpandDims_1__65:0] to []
2026-02-21 21:12:52,841 - tf2onnx.graph - DEBUG - Made node: point_net_1/feature_transform_1/ExpandDims_1__65
OP=Cast
Name=point_net_1/feature_transform_1/ExpandDims_1__65
Inputs:
	point_net_1/feature_transform_1/ExpandDims_1/dim:0=Const, [], 6
Outpus:
	point_net_1/feature_transform_1/ExpandDims_1__65:0=[], 7
2026-02-21 21:12:52,842 - tf2onnx.graph - DEBUG - Making node: Name=reshape_const__66, OP=Const
2026-02-21 21:12:52,842 - tf2onnx.graph - DEBUG - Made node: reshape_const__66
OP=Const
Name=reshape_const__66
Outpus:
	reshape_const__66=None, 7
2026-02-21 21:12:52,842 - tf2onnx.graph - DEBUG - Making node: Name=Reshape__67, OP=Reshape
2026-02-21 21:12:52,843 - tf2onnx.graph - DEBUG - Infer shape and dtype for [Reshape__67]
2026-02-21 21:12:52,843 - tf2onnx.graph - DEBUG - Set dtype of [Reshape__67:0] to 7
2026-02-21 21:12:52,844 - tf2onnx.graph - DEBUG - Set shape of [Reshape__67:0] to [1]
2026-02-21 21:12:52,844 - tf2onnx.graph - DEBUG - Made node: Reshape__67
OP=Reshape
Name=Reshape__67
Inputs:
	point_net_1/feature_transform_1/ExpandDims_1__65:0=Cast, [], 7
	reshape_const__66=Const, [1], 7
Outpus:
	Reshape__67:0=[1], 7
2026-02-21 21:12:52,845 - tf2onnx.tfonnx - DEBUG - Process node: point_net_1/feature_transform_1/MatMul
OP=BatchMatMulV2
Name=point_net_1/feature_transform_1/MatMul
Inputs:
	point_net_1/feature_transform_1/ExpandDims_1:0=Unsqueeze, [-1, 1, 256], 1
	point_net_1/feature_transform_1/MatMul/ReadVariableOp:0=Const, [256, 4096], 1
Outpus:
	point_net_1/feature_transform_1/MatMul:0=[-1, 1, 4096], 1
2026-02-21 21:12:52,845 - tf2onnx.tfonnx - DEBUG - Process node: point_net_1/feature_transform_1/Squeeze_1
OP=Squeeze
Name=point_net_1/feature_transform_1/Squeeze_1
Inputs:
	point_net_1/feature_transform_1/MatMul:0=MatMul, [-1, 1, 4096], 1
Outpus:
	point_net_1/feature_transform_1/Squeeze_1:0=[-1, 4096], 1
2026-02-21 21:12:52,846 - tf2onnx.graph - DEBUG - Making node: Name=axes_const__68, OP=Const
2026-02-21 21:12:52,846 - tf2onnx.graph - DEBUG - Made node: axes_const__68
OP=Const
Name=axes_const__68
Outpus:
	axes_const__68=None, 7
2026-02-21 21:12:52,847 - tf2onnx.tfonnx - DEBUG - Process node: point_net_1/feature_transform_1/Reshape
OP=Reshape
Name=point_net_1/feature_transform_1/Reshape
Inputs:
	point_net_1/feature_transform_1/Squeeze_1:0=Squeeze, [-1, 4096], 1
	point_net_1/feature_transform_1/Reshape/shape:0=Const, [3], 6
Outpus:
	point_net_1/feature_transform_1/Reshape:0=[-1, 64, 64], 1
2026-02-21 21:12:52,847 - tf2onnx.graph - DEBUG - Making node: Name=point_net_1/feature_transform_1/Reshape__69, OP=Cast
2026-02-21 21:12:52,848 - tf2onnx.graph - DEBUG - Infer shape and dtype for [point_net_1/feature_transform_1/Reshape__69]
2026-02-21 21:12:52,848 - tf2onnx.graph - DEBUG - Set dtype of [point_net_1/feature_transform_1/Reshape__69:0] to 7
2026-02-21 21:12:52,849 - tf2onnx.graph - DEBUG - Set shape of [point_net_1/feature_transform_1/Reshape__69:0] to [3]
2026-02-21 21:12:52,849 - tf2onnx.graph - DEBUG - Made node: point_net_1/feature_transform_1/Reshape__69
OP=Cast
Name=point_net_1/feature_transform_1/Reshape__69
Inputs:
	point_net_1/feature_transform_1/Reshape/shape:0=Const, [3], 6
Outpus:
	point_net_1/feature_transform_1/Reshape__69:0=[3], 7
2026-02-21 21:12:52,849 - tf2onnx.tfonnx - DEBUG - Process node: point_net_1/feature_transform_1/add
OP=AddV2
Name=point_net_1/feature_transform_1/add
Inputs:
	point_net_1/feature_transform_1/Reshape:0=Reshape, [-1, 64, 64], 1
	point_net_1/feature_transform_1/add/ReadVariableOp:0=Const, [64, 64], 1
Outpus:
	point_net_1/feature_transform_1/add:0=[-1, 64, 64], 1
2026-02-21 21:12:52,850 - tf2onnx.tfonnx - DEBUG - Process node: point_net_1/MatMul_1
OP=BatchMatMulV2
Name=point_net_1/MatMul_1
Inputs:
	point_net_1/Squeeze:0=Squeeze, [-1, 8192, 64], 1
	point_net_1/feature_transform_1/add:0=Add, [-1, 64, 64], 1
Outpus:
	point_net_1/MatMul_1:0=[-1, 8192, 64], 1
2026-02-21 21:12:52,850 - tf2onnx.tfonnx - DEBUG - Process node: point_net_1/ExpandDims_1
OP=ExpandDims
Name=point_net_1/ExpandDims_1
Inputs:
	point_net_1/MatMul_1:0=MatMul, [-1, 8192, 64], 1
	point_net_1/ExpandDims_1/dim:0=Const, [], 6
Outpus:
	point_net_1/ExpandDims_1:0=[-1, 8192, 1, 64], 1
2026-02-21 21:12:52,851 - tf2onnx.graph - DEBUG - Making node: Name=point_net_1/ExpandDims_1__70, OP=Cast
2026-02-21 21:12:52,851 - tf2onnx.graph - DEBUG - Infer shape and dtype for [point_net_1/ExpandDims_1__70]
2026-02-21 21:12:52,852 - tf2onnx.graph - DEBUG - Set dtype of [point_net_1/ExpandDims_1__70:0] to 7
2026-02-21 21:12:52,852 - tf2onnx.graph - DEBUG - Set shape of [point_net_1/ExpandDims_1__70:0] to []
2026-02-21 21:12:52,852 - tf2onnx.graph - DEBUG - Made node: point_net_1/ExpandDims_1__70
OP=Cast
Name=point_net_1/ExpandDims_1__70
Inputs:
	point_net_1/ExpandDims_1/dim:0=Const, [], 6
Outpus:
	point_net_1/ExpandDims_1__70:0=[], 7
2026-02-21 21:12:52,853 - tf2onnx.graph - DEBUG - Making node: Name=reshape_const__71, OP=Const
2026-02-21 21:12:52,853 - tf2onnx.graph - DEBUG - Made node: reshape_const__71
OP=Const
Name=reshape_const__71
Outpus:
	reshape_const__71=None, 7
2026-02-21 21:12:52,854 - tf2onnx.graph - DEBUG - Making node: Name=Reshape__72, OP=Reshape
2026-02-21 21:12:52,854 - tf2onnx.graph - DEBUG - Infer shape and dtype for [Reshape__72]
2026-02-21 21:12:52,855 - tf2onnx.graph - DEBUG - Set dtype of [Reshape__72:0] to 7
2026-02-21 21:12:52,855 - tf2onnx.graph - DEBUG - Set shape of [Reshape__72:0] to [1]
2026-02-21 21:12:52,855 - tf2onnx.graph - DEBUG - Made node: Reshape__72
OP=Reshape
Name=Reshape__72
Inputs:
	point_net_1/ExpandDims_1__70:0=Cast, [], 7
	reshape_const__71=Const, [1], 7
Outpus:
	Reshape__72:0=[1], 7
2026-02-21 21:12:52,856 - tf2onnx.tfonnx - DEBUG - Process node: point_net_1/s2_l1_64_convolution_layer_1/batch_normalization_12_1/batchnorm/mul_1
OP=Conv2D
Name=point_net_1/s2_l1_64_convolution_layer_1/batch_normalization_12_1/batchnorm/mul_1
Inputs:
	point_net_1/ExpandDims_1:0=Unsqueeze, [-1, 8192, 1, 64], 1
	point_net_1/s2_l1_64_convolution_layer_1/s2_l1_64_convolution_layer_1/convolution/merged_input:0=Const, [1, 1, 64, 64], 1
Outpus:
	point_net_1/s2_l1_64_convolution_layer_1/batch_normalization_12_1/batchnorm/mul_1:0=[-1, 8192, 1, 64], 1
2026-02-21 21:12:52,856 - tf2onnx.graph - DEBUG - Making node: Name=point_net_1/s2_l1_64_convolution_layer_1/batch_normalization_12_1/batchnorm/mul_1__73, OP=Transpose
2026-02-21 21:12:52,857 - tf2onnx.graph - DEBUG - Infer shape and dtype for [point_net_1/s2_l1_64_convolution_layer_1/batch_normalization_12_1/batchnorm/mul_1__73]
2026-02-21 21:12:52,857 - tf2onnx.graph - DEBUG - Set dtype of [point_net_1/s2_l1_64_convolution_layer_1/batch_normalization_12_1/batchnorm/mul_1__73:0] to 1
2026-02-21 21:12:52,858 - tf2onnx.graph - DEBUG - Set shape of [point_net_1/s2_l1_64_convolution_layer_1/batch_normalization_12_1/batchnorm/mul_1__73:0] to [64, 1, 8192, -1]
2026-02-21 21:12:52,858 - tf2onnx.graph - DEBUG - Made node: point_net_1/s2_l1_64_convolution_layer_1/batch_normalization_12_1/batchnorm/mul_1__73
OP=Transpose
Name=point_net_1/s2_l1_64_convolution_layer_1/batch_normalization_12_1/batchnorm/mul_1__73
Inputs:
	point_net_1/ExpandDims_1:0=Unsqueeze, [-1, 8192, 1, 64], 1
Outpus:
	point_net_1/s2_l1_64_convolution_layer_1/batch_normalization_12_1/batchnorm/mul_1__73:0=[64, 1, 8192, -1], 1
2026-02-21 21:12:52,859 - tf2onnx.graph - DEBUG - Making node: Name=point_net_1/s2_l1_64_convolution_layer_1/batch_normalization_12_1/batchnorm/mul_1__75, OP=Transpose
2026-02-21 21:12:52,859 - tf2onnx.graph - DEBUG - Infer shape and dtype for [point_net_1/s2_l1_64_convolution_layer_1/batch_normalization_12_1/batchnorm/mul_1__75]
2026-02-21 21:12:52,860 - tf2onnx.graph - DEBUG - Set dtype of [point_net_1/s2_l1_64_convolution_layer_1/batch_normalization_12_1/batchnorm/mul_1__75:0] to 1
2026-02-21 21:12:52,860 - tf2onnx.graph - DEBUG - Set shape of [point_net_1/s2_l1_64_convolution_layer_1/batch_normalization_12_1/batchnorm/mul_1__75:0] to [64, 1, 8192, -1]
2026-02-21 21:12:52,860 - tf2onnx.graph - DEBUG - Made node: point_net_1/s2_l1_64_convolution_layer_1/batch_normalization_12_1/batchnorm/mul_1__75
OP=Transpose
Name=point_net_1/s2_l1_64_convolution_layer_1/batch_normalization_12_1/batchnorm/mul_1__75
Inputs:
	point_net_1/s2_l1_64_convolution_layer_1/batch_normalization_12_1/batchnorm/mul_1:0=Conv, [-1, 8192, 1, 64], 1
Outpus:
	point_net_1/s2_l1_64_convolution_layer_1/batch_normalization_12_1/batchnorm/mul_1__75:0=[64, 1, 8192, -1], 1
2026-02-21 21:12:52,861 - tf2onnx.tfonnx - DEBUG - Process node: point_net_1/s2_l1_64_convolution_layer_1/batch_normalization_12_1/batchnorm/add_1
OP=AddV2
Name=point_net_1/s2_l1_64_convolution_layer_1/batch_normalization_12_1/batchnorm/add_1
Inputs:
	point_net_1/s2_l1_64_convolution_layer_1/batch_normalization_12_1/batchnorm/mul_1__75:0=Transpose, [-1, 8192, 1, 64], 1
	point_net_1/s2_l1_64_convolution_layer_1/batch_normalization_12_1/batchnorm/sub:0=Const, [64], 1
Outpus:
	point_net_1/s2_l1_64_convolution_layer_1/batch_normalization_12_1/batchnorm/add_1:0=[-1, 8192, 1, 64], 1
2026-02-21 21:12:52,861 - tf2onnx.tfonnx - DEBUG - Process node: point_net_1/s2_l1_64_convolution_layer_1/Relu
OP=Relu
Name=point_net_1/s2_l1_64_convolution_layer_1/Relu
Inputs:
	point_net_1/s2_l1_64_convolution_layer_1/batch_normalization_12_1/batchnorm/add_1:0=Add, [-1, 8192, 1, 64], 1
Outpus:
	point_net_1/s2_l1_64_convolution_layer_1/Relu:0=[-1, 8192, 1, 64], 1
2026-02-21 21:12:52,862 - tf2onnx.tfonnx - DEBUG - Process node: point_net_1/s2_l2_128_convolution_layer_1/batch_normalization_13_1/batchnorm/mul_1
OP=Conv2D
Name=point_net_1/s2_l2_128_convolution_layer_1/batch_normalization_13_1/batchnorm/mul_1
Inputs:
	point_net_1/s2_l1_64_convolution_layer_1/Relu:0=Relu, [-1, 8192, 1, 64], 1
	point_net_1/s2_l2_128_convolution_layer_1/s2_l2_128_convolution_layer_1/convolution/merged_input:0=Const, [1, 1, 64, 128], 1
Outpus:
	point_net_1/s2_l2_128_convolution_layer_1/batch_normalization_13_1/batchnorm/mul_1:0=[-1, 8192, 1, 128], 1
2026-02-21 21:12:52,862 - tf2onnx.graph - DEBUG - Making node: Name=point_net_1/s2_l2_128_convolution_layer_1/batch_normalization_13_1/batchnorm/mul_1__77, OP=Transpose
2026-02-21 21:12:52,863 - tf2onnx.graph - DEBUG - Infer shape and dtype for [point_net_1/s2_l2_128_convolution_layer_1/batch_normalization_13_1/batchnorm/mul_1__77]
2026-02-21 21:12:52,864 - tf2onnx.graph - DEBUG - Set dtype of [point_net_1/s2_l2_128_convolution_layer_1/batch_normalization_13_1/batchnorm/mul_1__77:0] to 1
2026-02-21 21:12:52,864 - tf2onnx.graph - DEBUG - Set shape of [point_net_1/s2_l2_128_convolution_layer_1/batch_normalization_13_1/batchnorm/mul_1__77:0] to [64, 1, 8192, -1]
2026-02-21 21:12:52,865 - tf2onnx.graph - DEBUG - Made node: point_net_1/s2_l2_128_convolution_layer_1/batch_normalization_13_1/batchnorm/mul_1__77
OP=Transpose
Name=point_net_1/s2_l2_128_convolution_layer_1/batch_normalization_13_1/batchnorm/mul_1__77
Inputs:
	point_net_1/s2_l1_64_convolution_layer_1/Relu:0=Relu, [-1, 8192, 1, 64], 1
Outpus:
	point_net_1/s2_l2_128_convolution_layer_1/batch_normalization_13_1/batchnorm/mul_1__77:0=[64, 1, 8192, -1], 1
2026-02-21 21:12:52,865 - tf2onnx.graph - DEBUG - Making node: Name=point_net_1/s2_l2_128_convolution_layer_1/batch_normalization_13_1/batchnorm/mul_1__79, OP=Transpose
2026-02-21 21:12:52,866 - tf2onnx.graph - DEBUG - Infer shape and dtype for [point_net_1/s2_l2_128_convolution_layer_1/batch_normalization_13_1/batchnorm/mul_1__79]
2026-02-21 21:12:52,866 - tf2onnx.graph - DEBUG - Set dtype of [point_net_1/s2_l2_128_convolution_layer_1/batch_normalization_13_1/batchnorm/mul_1__79:0] to 1
2026-02-21 21:12:52,867 - tf2onnx.graph - DEBUG - Set shape of [point_net_1/s2_l2_128_convolution_layer_1/batch_normalization_13_1/batchnorm/mul_1__79:0] to [128, 1, 8192, -1]
2026-02-21 21:12:52,867 - tf2onnx.graph - DEBUG - Made node: point_net_1/s2_l2_128_convolution_layer_1/batch_normalization_13_1/batchnorm/mul_1__79
OP=Transpose
Name=point_net_1/s2_l2_128_convolution_layer_1/batch_normalization_13_1/batchnorm/mul_1__79
Inputs:
	point_net_1/s2_l2_128_convolution_layer_1/batch_normalization_13_1/batchnorm/mul_1:0=Conv, [-1, 8192, 1, 128], 1
Outpus:
	point_net_1/s2_l2_128_convolution_layer_1/batch_normalization_13_1/batchnorm/mul_1__79:0=[128, 1, 8192, -1], 1
2026-02-21 21:12:52,867 - tf2onnx.tfonnx - DEBUG - Process node: point_net_1/s2_l2_128_convolution_layer_1/batch_normalization_13_1/batchnorm/add_1
OP=AddV2
Name=point_net_1/s2_l2_128_convolution_layer_1/batch_normalization_13_1/batchnorm/add_1
Inputs:
	point_net_1/s2_l2_128_convolution_layer_1/batch_normalization_13_1/batchnorm/mul_1__79:0=Transpose, [-1, 8192, 1, 128], 1
	point_net_1/s2_l2_128_convolution_layer_1/batch_normalization_13_1/batchnorm/sub:0=Const, [128], 1
Outpus:
	point_net_1/s2_l2_128_convolution_layer_1/batch_normalization_13_1/batchnorm/add_1:0=[-1, 8192, 1, 128], 1
2026-02-21 21:12:52,868 - tf2onnx.tfonnx - DEBUG - Process node: point_net_1/s2_l2_128_convolution_layer_1/Relu
OP=Relu
Name=point_net_1/s2_l2_128_convolution_layer_1/Relu
Inputs:
	point_net_1/s2_l2_128_convolution_layer_1/batch_normalization_13_1/batchnorm/add_1:0=Add, [-1, 8192, 1, 128], 1
Outpus:
	point_net_1/s2_l2_128_convolution_layer_1/Relu:0=[-1, 8192, 1, 128], 1
2026-02-21 21:12:52,868 - tf2onnx.tfonnx - DEBUG - Process node: point_net_1/s2_l3_1024_convolution_layer_1/batch_normalization_14_1/batchnorm/mul_1
OP=Conv2D
Name=point_net_1/s2_l3_1024_convolution_layer_1/batch_normalization_14_1/batchnorm/mul_1
Inputs:
	point_net_1/s2_l2_128_convolution_layer_1/Relu:0=Relu, [-1, 8192, 1, 128], 1
	point_net_1/s2_l3_1024_convolution_layer_1/s2_l3_1024_convolution_layer_1/convolution/merged_input:0=Const, [1, 1, 128, 1024], 1
Outpus:
	point_net_1/s2_l3_1024_convolution_layer_1/batch_normalization_14_1/batchnorm/mul_1:0=[-1, 8192, 1, 1024], 1
2026-02-21 21:12:52,869 - tf2onnx.graph - DEBUG - Making node: Name=point_net_1/s2_l3_1024_convolution_layer_1/batch_normalization_14_1/batchnorm/mul_1__81, OP=Transpose
2026-02-21 21:12:52,869 - tf2onnx.graph - DEBUG - Infer shape and dtype for [point_net_1/s2_l3_1024_convolution_layer_1/batch_normalization_14_1/batchnorm/mul_1__81]
2026-02-21 21:12:52,870 - tf2onnx.graph - DEBUG - Set dtype of [point_net_1/s2_l3_1024_convolution_layer_1/batch_normalization_14_1/batchnorm/mul_1__81:0] to 1
2026-02-21 21:12:52,870 - tf2onnx.graph - DEBUG - Set shape of [point_net_1/s2_l3_1024_convolution_layer_1/batch_normalization_14_1/batchnorm/mul_1__81:0] to [128, 1, 8192, -1]
2026-02-21 21:12:52,870 - tf2onnx.graph - DEBUG - Made node: point_net_1/s2_l3_1024_convolution_layer_1/batch_normalization_14_1/batchnorm/mul_1__81
OP=Transpose
Name=point_net_1/s2_l3_1024_convolution_layer_1/batch_normalization_14_1/batchnorm/mul_1__81
Inputs:
	point_net_1/s2_l2_128_convolution_layer_1/Relu:0=Relu, [-1, 8192, 1, 128], 1
Outpus:
	point_net_1/s2_l3_1024_convolution_layer_1/batch_normalization_14_1/batchnorm/mul_1__81:0=[128, 1, 8192, -1], 1
2026-02-21 21:12:52,872 - tf2onnx.graph - DEBUG - Making node: Name=point_net_1/s2_l3_1024_convolution_layer_1/batch_normalization_14_1/batchnorm/mul_1__83, OP=Transpose
2026-02-21 21:12:52,872 - tf2onnx.graph - DEBUG - Infer shape and dtype for [point_net_1/s2_l3_1024_convolution_layer_1/batch_normalization_14_1/batchnorm/mul_1__83]
2026-02-21 21:12:52,873 - tf2onnx.graph - DEBUG - Set dtype of [point_net_1/s2_l3_1024_convolution_layer_1/batch_normalization_14_1/batchnorm/mul_1__83:0] to 1
2026-02-21 21:12:52,873 - tf2onnx.graph - DEBUG - Set shape of [point_net_1/s2_l3_1024_convolution_layer_1/batch_normalization_14_1/batchnorm/mul_1__83:0] to [1024, 1, 8192, -1]
2026-02-21 21:12:52,873 - tf2onnx.graph - DEBUG - Made node: point_net_1/s2_l3_1024_convolution_layer_1/batch_normalization_14_1/batchnorm/mul_1__83
OP=Transpose
Name=point_net_1/s2_l3_1024_convolution_layer_1/batch_normalization_14_1/batchnorm/mul_1__83
Inputs:
	point_net_1/s2_l3_1024_convolution_layer_1/batch_normalization_14_1/batchnorm/mul_1:0=Conv, [-1, 8192, 1, 1024], 1
Outpus:
	point_net_1/s2_l3_1024_convolution_layer_1/batch_normalization_14_1/batchnorm/mul_1__83:0=[1024, 1, 8192, -1], 1
2026-02-21 21:12:52,874 - tf2onnx.tfonnx - DEBUG - Process node: point_net_1/s2_l3_1024_convolution_layer_1/batch_normalization_14_1/batchnorm/add_1
OP=AddV2
Name=point_net_1/s2_l3_1024_convolution_layer_1/batch_normalization_14_1/batchnorm/add_1
Inputs:
	point_net_1/s2_l3_1024_convolution_layer_1/batch_normalization_14_1/batchnorm/mul_1__83:0=Transpose, [-1, 8192, 1, 1024], 1
	point_net_1/s2_l3_1024_convolution_layer_1/batch_normalization_14_1/batchnorm/sub:0=Const, [1024], 1
Outpus:
	point_net_1/s2_l3_1024_convolution_layer_1/batch_normalization_14_1/batchnorm/add_1:0=[-1, 8192, 1, 1024], 1
2026-02-21 21:12:52,874 - tf2onnx.tfonnx - DEBUG - Process node: point_net_1/s2_l3_1024_convolution_layer_1/Relu
OP=Relu
Name=point_net_1/s2_l3_1024_convolution_layer_1/Relu
Inputs:
	point_net_1/s2_l3_1024_convolution_layer_1/batch_normalization_14_1/batchnorm/add_1:0=Add, [-1, 8192, 1, 1024], 1
Outpus:
	point_net_1/s2_l3_1024_convolution_layer_1/Relu:0=[-1, 8192, 1, 1024], 1
2026-02-21 21:12:52,875 - tf2onnx.tfonnx - DEBUG - Process node: point_net_1/Squeeze_1
OP=Squeeze
Name=point_net_1/Squeeze_1
Inputs:
	point_net_1/s2_l3_1024_convolution_layer_1/Relu:0=Relu, [-1, 8192, 1, 1024], 1
Outpus:
	point_net_1/Squeeze_1:0=[-1, 8192, 1024], 1
2026-02-21 21:12:52,875 - tf2onnx.graph - DEBUG - Making node: Name=axes_const__85, OP=Const
2026-02-21 21:12:52,875 - tf2onnx.graph - DEBUG - Made node: axes_const__85
OP=Const
Name=axes_const__85
Outpus:
	axes_const__85=None, 7
2026-02-21 21:12:52,876 - tf2onnx.tfonnx - DEBUG - Process node: point_net_1/Max
OP=Max
Name=point_net_1/Max
Inputs:
	point_net_1/Squeeze_1:0=Squeeze, [-1, 8192, 1024], 1
	point_net_1/Max/reduction_indices:0=Const, [], 6
Outpus:
	point_net_1/Max:0=[-1, 1024], 1
2026-02-21 21:12:52,876 - tf2onnx.tfonnx - DEBUG - Process node: point_net_1/s3_l1_512_dense_layer_1/s3_l1_512_dense_layer_1/MatMul
OP=MatMul
Name=point_net_1/s3_l1_512_dense_layer_1/s3_l1_512_dense_layer_1/MatMul
Inputs:
	point_net_1/Max:0=ReduceMax, [-1, 1024], 1
	point_net_1/s3_l1_512_dense_layer_1/s3_l1_512_dense_layer_1/Cast/ReadVariableOp:0=Const, [1024, 512], 1
Outpus:
	point_net_1/s3_l1_512_dense_layer_1/s3_l1_512_dense_layer_1/MatMul:0=[-1, 512], 1
2026-02-21 21:12:52,877 - tf2onnx.tfonnx - DEBUG - Process node: point_net_1/s3_l1_512_dense_layer_1/batch_normalization_15_1/batchnorm/mul_1
OP=Mul
Name=point_net_1/s3_l1_512_dense_layer_1/batch_normalization_15_1/batchnorm/mul_1
Inputs:
	point_net_1/s3_l1_512_dense_layer_1/s3_l1_512_dense_layer_1/MatMul:0=MatMul, [-1, 512], 1
	point_net_1/s3_l1_512_dense_layer_1/batch_normalization_15_1/batchnorm/mul:0=Const, [512], 1
Outpus:
	point_net_1/s3_l1_512_dense_layer_1/batch_normalization_15_1/batchnorm/mul_1:0=[-1, 512], 1
2026-02-21 21:12:52,877 - tf2onnx.tfonnx - DEBUG - Process node: point_net_1/s3_l1_512_dense_layer_1/batch_normalization_15_1/batchnorm/add_1
OP=AddV2
Name=point_net_1/s3_l1_512_dense_layer_1/batch_normalization_15_1/batchnorm/add_1
Inputs:
	point_net_1/s3_l1_512_dense_layer_1/batch_normalization_15_1/batchnorm/mul_1:0=Mul, [-1, 512], 1
	point_net_1/s3_l1_512_dense_layer_1/batch_normalization_15_1/batchnorm/sub:0=Const, [512], 1
Outpus:
	point_net_1/s3_l1_512_dense_layer_1/batch_normalization_15_1/batchnorm/add_1:0=[-1, 512], 1
2026-02-21 21:12:52,878 - tf2onnx.tfonnx - DEBUG - Process node: point_net_1/s3_l1_512_dense_layer_1/Relu
OP=Relu
Name=point_net_1/s3_l1_512_dense_layer_1/Relu
Inputs:
	point_net_1/s3_l1_512_dense_layer_1/batch_normalization_15_1/batchnorm/add_1:0=Add, [-1, 512], 1
Outpus:
	point_net_1/s3_l1_512_dense_layer_1/Relu:0=[-1, 512], 1
2026-02-21 21:12:52,878 - tf2onnx.tfonnx - DEBUG - Process node: point_net_1/s3_l2_256_dense_layer_1/s3_l2_256_dense_layer_1/MatMul
OP=MatMul
Name=point_net_1/s3_l2_256_dense_layer_1/s3_l2_256_dense_layer_1/MatMul
Inputs:
	point_net_1/s3_l1_512_dense_layer_1/Relu:0=Relu, [-1, 512], 1
	point_net_1/s3_l2_256_dense_layer_1/s3_l2_256_dense_layer_1/Cast/ReadVariableOp:0=Const, [512, 256], 1
Outpus:
	point_net_1/s3_l2_256_dense_layer_1/s3_l2_256_dense_layer_1/MatMul:0=[-1, 256], 1
2026-02-21 21:12:52,879 - tf2onnx.tfonnx - DEBUG - Process node: point_net_1/s3_l2_256_dense_layer_1/batch_normalization_16_1/batchnorm/mul_1
OP=Mul
Name=point_net_1/s3_l2_256_dense_layer_1/batch_normalization_16_1/batchnorm/mul_1
Inputs:
	point_net_1/s3_l2_256_dense_layer_1/s3_l2_256_dense_layer_1/MatMul:0=MatMul, [-1, 256], 1
	point_net_1/s3_l2_256_dense_layer_1/batch_normalization_16_1/batchnorm/mul:0=Const, [256], 1
Outpus:
	point_net_1/s3_l2_256_dense_layer_1/batch_normalization_16_1/batchnorm/mul_1:0=[-1, 256], 1
2026-02-21 21:12:52,879 - tf2onnx.tfonnx - DEBUG - Process node: point_net_1/s3_l2_256_dense_layer_1/batch_normalization_16_1/batchnorm/add_1
OP=AddV2
Name=point_net_1/s3_l2_256_dense_layer_1/batch_normalization_16_1/batchnorm/add_1
Inputs:
	point_net_1/s3_l2_256_dense_layer_1/batch_normalization_16_1/batchnorm/mul_1:0=Mul, [-1, 256], 1
	point_net_1/s3_l2_256_dense_layer_1/batch_normalization_16_1/batchnorm/sub:0=Const, [256], 1
Outpus:
	point_net_1/s3_l2_256_dense_layer_1/batch_normalization_16_1/batchnorm/add_1:0=[-1, 256], 1
2026-02-21 21:12:52,880 - tf2onnx.tfonnx - DEBUG - Process node: point_net_1/s3_l2_256_dense_layer_1/Relu
OP=Relu
Name=point_net_1/s3_l2_256_dense_layer_1/Relu
Inputs:
	point_net_1/s3_l2_256_dense_layer_1/batch_normalization_16_1/batchnorm/add_1:0=Add, [-1, 256], 1
Outpus:
	point_net_1/s3_l2_256_dense_layer_1/Relu:0=[-1, 256], 1
2026-02-21 21:12:52,880 - tf2onnx.tfonnx - DEBUG - Process node: point_net_1/output_dense_layer_1/output_dense_layer_1/MatMul
OP=MatMul
Name=point_net_1/output_dense_layer_1/output_dense_layer_1/MatMul
Inputs:
	point_net_1/s3_l2_256_dense_layer_1/Relu:0=Relu, [-1, 256], 1
	point_net_1/output_dense_layer_1/output_dense_layer_1/Cast/ReadVariableOp:0=Const, [256, 23], 1
Outpus:
	point_net_1/output_dense_layer_1/output_dense_layer_1/MatMul:0=[-1, 23], 1
2026-02-21 21:12:52,881 - tf2onnx.tfonnx - DEBUG - Process node: point_net_1/output_dense_layer_1/output_dense_layer_1/BiasAdd
OP=BiasAdd
Name=point_net_1/output_dense_layer_1/output_dense_layer_1/BiasAdd
Inputs:
	point_net_1/output_dense_layer_1/output_dense_layer_1/MatMul:0=MatMul, [-1, 23], 1
	point_net_1/output_dense_layer_1/output_dense_layer_1/BiasAdd/ReadVariableOp:0=Const, [23], 1
Outpus:
	point_net_1/output_dense_layer_1/output_dense_layer_1/BiasAdd:0=[-1, 23], 1
2026-02-21 21:12:52,881 - tf2onnx.tfonnx - DEBUG - Process node: point_net_1/output_dense_layer_1/Softmax
OP=Softmax
Name=point_net_1/output_dense_layer_1/Softmax
Inputs:
	point_net_1/output_dense_layer_1/output_dense_layer_1/BiasAdd:0=Add, [-1, 23], 1
Outpus:
	point_net_1/output_dense_layer_1/Softmax:0=[-1, 23], 1
2026-02-21 21:12:52,882 - tf2onnx.tfonnx - DEBUG - Process node: point_net_1/ExpandDims_2
OP=ExpandDims
Name=point_net_1/ExpandDims_2
Inputs:
	point_net_1/Max:0=ReduceMax, [-1, 1024], 1
	point_net_1/ExpandDims_2/dim:0=Const, [], 6
Outpus:
	point_net_1/ExpandDims_2:0=[-1, 1, 1024], 1
2026-02-21 21:12:52,882 - tf2onnx.graph - DEBUG - Making node: Name=point_net_1/ExpandDims_2__86, OP=Cast
2026-02-21 21:12:52,883 - tf2onnx.graph - DEBUG - Infer shape and dtype for [point_net_1/ExpandDims_2__86]
2026-02-21 21:12:52,883 - tf2onnx.graph - DEBUG - Set dtype of [point_net_1/ExpandDims_2__86:0] to 7
2026-02-21 21:12:52,884 - tf2onnx.graph - DEBUG - Set shape of [point_net_1/ExpandDims_2__86:0] to []
2026-02-21 21:12:52,884 - tf2onnx.graph - DEBUG - Made node: point_net_1/ExpandDims_2__86
OP=Cast
Name=point_net_1/ExpandDims_2__86
Inputs:
	point_net_1/ExpandDims_2/dim:0=Const, [], 6
Outpus:
	point_net_1/ExpandDims_2__86:0=[], 7
2026-02-21 21:12:52,884 - tf2onnx.graph - DEBUG - Making node: Name=reshape_const__87, OP=Const
2026-02-21 21:12:52,885 - tf2onnx.graph - DEBUG - Made node: reshape_const__87
OP=Const
Name=reshape_const__87
Outpus:
	reshape_const__87=None, 7
2026-02-21 21:12:52,885 - tf2onnx.graph - DEBUG - Making node: Name=Reshape__88, OP=Reshape
2026-02-21 21:12:52,886 - tf2onnx.graph - DEBUG - Infer shape and dtype for [Reshape__88]
2026-02-21 21:12:52,886 - tf2onnx.graph - DEBUG - Set dtype of [Reshape__88:0] to 7
2026-02-21 21:12:52,887 - tf2onnx.graph - DEBUG - Set shape of [Reshape__88:0] to [1]
2026-02-21 21:12:52,887 - tf2onnx.graph - DEBUG - Made node: Reshape__88
OP=Reshape
Name=Reshape__88
Inputs:
	point_net_1/ExpandDims_2__86:0=Cast, [], 7
	reshape_const__87=Const, [1], 7
Outpus:
	Reshape__88:0=[1], 7
2026-02-21 21:12:52,887 - tf2onnx.tfonnx - DEBUG - Process node: point_net_1/Tile
OP=Tile
Name=point_net_1/Tile
Inputs:
	point_net_1/ExpandDims_2:0=Unsqueeze, [-1, 1, 1024], 1
	point_net_1/Tile/multiples:0=Const, [3], 6
Outpus:
	point_net_1/Tile:0=[-1, 8192, 1024], 1
2026-02-21 21:12:52,888 - tf2onnx.graph - DEBUG - Making node: Name=point_net_1/Tile__89, OP=Cast
2026-02-21 21:12:52,888 - tf2onnx.graph - DEBUG - Infer shape and dtype for [point_net_1/Tile__89]
2026-02-21 21:12:52,889 - tf2onnx.graph - DEBUG - Set dtype of [point_net_1/Tile__89:0] to 7
2026-02-21 21:12:52,889 - tf2onnx.graph - DEBUG - Set shape of [point_net_1/Tile__89:0] to [3]
2026-02-21 21:12:52,889 - tf2onnx.graph - DEBUG - Made node: point_net_1/Tile__89
OP=Cast
Name=point_net_1/Tile__89
Inputs:
	point_net_1/Tile/multiples:0=Const, [3], 6
Outpus:
	point_net_1/Tile__89:0=[3], 7
2026-02-21 21:12:52,890 - tf2onnx.tfonnx - DEBUG - Process node: point_net_1/concat
OP=ConcatV2
Name=point_net_1/concat
Inputs:
	point_net_1/MatMul_1:0=MatMul, [-1, 8192, 64], 1
	point_net_1/Tile:0=Tile, [-1, 8192, 1024], 1
	point_net_1/concat/axis:0=Const, [], 6
Outpus:
	point_net_1/concat:0=[-1, 8192, 1088], 1
2026-02-21 21:12:52,890 - tf2onnx.tfonnx - DEBUG - Process node: point_net_1/ExpandDims_3
OP=ExpandDims
Name=point_net_1/ExpandDims_3
Inputs:
	point_net_1/concat:0=Concat, [-1, 8192, 1088], 1
	point_net_1/ExpandDims_3/dim:0=Const, [], 6
Outpus:
	point_net_1/ExpandDims_3:0=[-1, 8192, 1, 1088], 1
2026-02-21 21:12:52,891 - tf2onnx.graph - DEBUG - Making node: Name=point_net_1/ExpandDims_3__90, OP=Cast
2026-02-21 21:12:52,891 - tf2onnx.graph - DEBUG - Infer shape and dtype for [point_net_1/ExpandDims_3__90]
2026-02-21 21:12:52,892 - tf2onnx.graph - DEBUG - Set dtype of [point_net_1/ExpandDims_3__90:0] to 7
2026-02-21 21:12:52,892 - tf2onnx.graph - DEBUG - Set shape of [point_net_1/ExpandDims_3__90:0] to []
2026-02-21 21:12:52,892 - tf2onnx.graph - DEBUG - Made node: point_net_1/ExpandDims_3__90
OP=Cast
Name=point_net_1/ExpandDims_3__90
Inputs:
	point_net_1/ExpandDims_3/dim:0=Const, [], 6
Outpus:
	point_net_1/ExpandDims_3__90:0=[], 7
2026-02-21 21:12:52,893 - tf2onnx.graph - DEBUG - Making node: Name=reshape_const__91, OP=Const
2026-02-21 21:12:52,893 - tf2onnx.graph - DEBUG - Made node: reshape_const__91
OP=Const
Name=reshape_const__91
Outpus:
	reshape_const__91=None, 7
2026-02-21 21:12:52,894 - tf2onnx.graph - DEBUG - Making node: Name=Reshape__92, OP=Reshape
2026-02-21 21:12:52,894 - tf2onnx.graph - DEBUG - Infer shape and dtype for [Reshape__92]
2026-02-21 21:12:52,895 - tf2onnx.graph - DEBUG - Set dtype of [Reshape__92:0] to 7
2026-02-21 21:12:52,895 - tf2onnx.graph - DEBUG - Set shape of [Reshape__92:0] to [1]
2026-02-21 21:12:52,896 - tf2onnx.graph - DEBUG - Made node: Reshape__92
OP=Reshape
Name=Reshape__92
Inputs:
	point_net_1/ExpandDims_3__90:0=Cast, [], 7
	reshape_const__91=Const, [1], 7
Outpus:
	Reshape__92:0=[1], 7
2026-02-21 21:12:52,896 - tf2onnx.tfonnx - DEBUG - Process node: point_net_1/seg_l1_512_convolution_layer_1/batch_normalization_17_1/batchnorm/mul_1
OP=Conv2D
Name=point_net_1/seg_l1_512_convolution_layer_1/batch_normalization_17_1/batchnorm/mul_1
Inputs:
	point_net_1/ExpandDims_3:0=Unsqueeze, [-1, 8192, 1, 1088], 1
	point_net_1/seg_l1_512_convolution_layer_1/seg_l1_512_convolution_layer_1/convolution/merged_input:0=Const, [1, 1, 1088, 512], 1
Outpus:
	point_net_1/seg_l1_512_convolution_layer_1/batch_normalization_17_1/batchnorm/mul_1:0=[-1, 8192, 1, 512], 1
2026-02-21 21:12:52,896 - tf2onnx.graph - DEBUG - Making node: Name=point_net_1/seg_l1_512_convolution_layer_1/batch_normalization_17_1/batchnorm/mul_1__93, OP=Transpose
2026-02-21 21:12:52,897 - tf2onnx.graph - DEBUG - Infer shape and dtype for [point_net_1/seg_l1_512_convolution_layer_1/batch_normalization_17_1/batchnorm/mul_1__93]
2026-02-21 21:12:52,897 - tf2onnx.graph - DEBUG - Set dtype of [point_net_1/seg_l1_512_convolution_layer_1/batch_normalization_17_1/batchnorm/mul_1__93:0] to 1
2026-02-21 21:12:52,898 - tf2onnx.graph - DEBUG - Set shape of [point_net_1/seg_l1_512_convolution_layer_1/batch_normalization_17_1/batchnorm/mul_1__93:0] to [1088, 1, 8192, -1]
2026-02-21 21:12:52,898 - tf2onnx.graph - DEBUG - Made node: point_net_1/seg_l1_512_convolution_layer_1/batch_normalization_17_1/batchnorm/mul_1__93
OP=Transpose
Name=point_net_1/seg_l1_512_convolution_layer_1/batch_normalization_17_1/batchnorm/mul_1__93
Inputs:
	point_net_1/ExpandDims_3:0=Unsqueeze, [-1, 8192, 1, 1088], 1
Outpus:
	point_net_1/seg_l1_512_convolution_layer_1/batch_normalization_17_1/batchnorm/mul_1__93:0=[1088, 1, 8192, -1], 1
2026-02-21 21:12:52,906 - tf2onnx.graph - DEBUG - Making node: Name=point_net_1/seg_l1_512_convolution_layer_1/batch_normalization_17_1/batchnorm/mul_1__95, OP=Transpose
2026-02-21 21:12:52,907 - tf2onnx.graph - DEBUG - Infer shape and dtype for [point_net_1/seg_l1_512_convolution_layer_1/batch_normalization_17_1/batchnorm/mul_1__95]
2026-02-21 21:12:52,908 - tf2onnx.graph - DEBUG - Set dtype of [point_net_1/seg_l1_512_convolution_layer_1/batch_normalization_17_1/batchnorm/mul_1__95:0] to 1
2026-02-21 21:12:52,908 - tf2onnx.graph - DEBUG - Set shape of [point_net_1/seg_l1_512_convolution_layer_1/batch_normalization_17_1/batchnorm/mul_1__95:0] to [512, 1, 8192, -1]
2026-02-21 21:12:52,909 - tf2onnx.graph - DEBUG - Made node: point_net_1/seg_l1_512_convolution_layer_1/batch_normalization_17_1/batchnorm/mul_1__95
OP=Transpose
Name=point_net_1/seg_l1_512_convolution_layer_1/batch_normalization_17_1/batchnorm/mul_1__95
Inputs:
	point_net_1/seg_l1_512_convolution_layer_1/batch_normalization_17_1/batchnorm/mul_1:0=Conv, [-1, 8192, 1, 512], 1
Outpus:
	point_net_1/seg_l1_512_convolution_layer_1/batch_normalization_17_1/batchnorm/mul_1__95:0=[512, 1, 8192, -1], 1
2026-02-21 21:12:52,909 - tf2onnx.tfonnx - DEBUG - Process node: point_net_1/seg_l1_512_convolution_layer_1/Relu
OP=Relu
Name=point_net_1/seg_l1_512_convolution_layer_1/Relu
Inputs:
	point_net_1/seg_l1_512_convolution_layer_1/batch_normalization_17_1/batchnorm/mul_1__95:0=Transpose, [-1, 8192, 1, 512], 1
Outpus:
	point_net_1/seg_l1_512_convolution_layer_1/Relu:0=[-1, 8192, 1, 512], 1
2026-02-21 21:12:52,910 - tf2onnx.tfonnx - DEBUG - Process node: point_net_1/seg_l2_256_convolution_layer_1/batch_normalization_18_1/batchnorm/mul_1
OP=Conv2D
Name=point_net_1/seg_l2_256_convolution_layer_1/batch_normalization_18_1/batchnorm/mul_1
Inputs:
	point_net_1/seg_l1_512_convolution_layer_1/Relu:0=Relu, [-1, 8192, 1, 512], 1
	point_net_1/seg_l2_256_convolution_layer_1/seg_l2_256_convolution_layer_1/convolution/merged_input:0=Const, [1, 1, 512, 256], 1
Outpus:
	point_net_1/seg_l2_256_convolution_layer_1/batch_normalization_18_1/batchnorm/mul_1:0=[-1, 8192, 1, 256], 1
2026-02-21 21:12:52,910 - tf2onnx.graph - DEBUG - Making node: Name=point_net_1/seg_l2_256_convolution_layer_1/batch_normalization_18_1/batchnorm/mul_1__97, OP=Transpose
2026-02-21 21:12:52,911 - tf2onnx.graph - DEBUG - Infer shape and dtype for [point_net_1/seg_l2_256_convolution_layer_1/batch_normalization_18_1/batchnorm/mul_1__97]
2026-02-21 21:12:52,912 - tf2onnx.graph - DEBUG - Set dtype of [point_net_1/seg_l2_256_convolution_layer_1/batch_normalization_18_1/batchnorm/mul_1__97:0] to 1
2026-02-21 21:12:52,912 - tf2onnx.graph - DEBUG - Set shape of [point_net_1/seg_l2_256_convolution_layer_1/batch_normalization_18_1/batchnorm/mul_1__97:0] to [512, 1, 8192, -1]
2026-02-21 21:12:52,913 - tf2onnx.graph - DEBUG - Made node: point_net_1/seg_l2_256_convolution_layer_1/batch_normalization_18_1/batchnorm/mul_1__97
OP=Transpose
Name=point_net_1/seg_l2_256_convolution_layer_1/batch_normalization_18_1/batchnorm/mul_1__97
Inputs:
	point_net_1/seg_l1_512_convolution_layer_1/Relu:0=Relu, [-1, 8192, 1, 512], 1
Outpus:
	point_net_1/seg_l2_256_convolution_layer_1/batch_normalization_18_1/batchnorm/mul_1__97:0=[512, 1, 8192, -1], 1
2026-02-21 21:12:52,914 - tf2onnx.graph - DEBUG - Making node: Name=point_net_1/seg_l2_256_convolution_layer_1/batch_normalization_18_1/batchnorm/mul_1__99, OP=Transpose
2026-02-21 21:12:52,915 - tf2onnx.graph - DEBUG - Infer shape and dtype for [point_net_1/seg_l2_256_convolution_layer_1/batch_normalization_18_1/batchnorm/mul_1__99]
2026-02-21 21:12:52,915 - tf2onnx.graph - DEBUG - Set dtype of [point_net_1/seg_l2_256_convolution_layer_1/batch_normalization_18_1/batchnorm/mul_1__99:0] to 1
2026-02-21 21:12:52,916 - tf2onnx.graph - DEBUG - Set shape of [point_net_1/seg_l2_256_convolution_layer_1/batch_normalization_18_1/batchnorm/mul_1__99:0] to [256, 1, 8192, -1]
2026-02-21 21:12:52,916 - tf2onnx.graph - DEBUG - Made node: point_net_1/seg_l2_256_convolution_layer_1/batch_normalization_18_1/batchnorm/mul_1__99
OP=Transpose
Name=point_net_1/seg_l2_256_convolution_layer_1/batch_normalization_18_1/batchnorm/mul_1__99
Inputs:
	point_net_1/seg_l2_256_convolution_layer_1/batch_normalization_18_1/batchnorm/mul_1:0=Conv, [-1, 8192, 1, 256], 1
Outpus:
	point_net_1/seg_l2_256_convolution_layer_1/batch_normalization_18_1/batchnorm/mul_1__99:0=[256, 1, 8192, -1], 1
2026-02-21 21:12:52,917 - tf2onnx.tfonnx - DEBUG - Process node: point_net_1/seg_l2_256_convolution_layer_1/Relu
OP=Relu
Name=point_net_1/seg_l2_256_convolution_layer_1/Relu
Inputs:
	point_net_1/seg_l2_256_convolution_layer_1/batch_normalization_18_1/batchnorm/mul_1__99:0=Transpose, [-1, 8192, 1, 256], 1
Outpus:
	point_net_1/seg_l2_256_convolution_layer_1/Relu:0=[-1, 8192, 1, 256], 1
2026-02-21 21:12:52,917 - tf2onnx.tfonnx - DEBUG - Process node: point_net_1/seg_l3_128_convolution_layer_1/batch_normalization_19_1/batchnorm/mul_1
OP=Conv2D
Name=point_net_1/seg_l3_128_convolution_layer_1/batch_normalization_19_1/batchnorm/mul_1
Inputs:
	point_net_1/seg_l2_256_convolution_layer_1/Relu:0=Relu, [-1, 8192, 1, 256], 1
	point_net_1/seg_l3_128_convolution_layer_1/seg_l3_128_convolution_layer_1/convolution/merged_input:0=Const, [1, 1, 256, 128], 1
Outpus:
	point_net_1/seg_l3_128_convolution_layer_1/batch_normalization_19_1/batchnorm/mul_1:0=[-1, 8192, 1, 128], 1
2026-02-21 21:12:52,918 - tf2onnx.graph - DEBUG - Making node: Name=point_net_1/seg_l3_128_convolution_layer_1/batch_normalization_19_1/batchnorm/mul_1__101, OP=Transpose
2026-02-21 21:12:52,919 - tf2onnx.graph - DEBUG - Infer shape and dtype for [point_net_1/seg_l3_128_convolution_layer_1/batch_normalization_19_1/batchnorm/mul_1__101]
2026-02-21 21:12:52,919 - tf2onnx.graph - DEBUG - Set dtype of [point_net_1/seg_l3_128_convolution_layer_1/batch_normalization_19_1/batchnorm/mul_1__101:0] to 1
2026-02-21 21:12:52,920 - tf2onnx.graph - DEBUG - Set shape of [point_net_1/seg_l3_128_convolution_layer_1/batch_normalization_19_1/batchnorm/mul_1__101:0] to [256, 1, 8192, -1]
2026-02-21 21:12:52,920 - tf2onnx.graph - DEBUG - Made node: point_net_1/seg_l3_128_convolution_layer_1/batch_normalization_19_1/batchnorm/mul_1__101
OP=Transpose
Name=point_net_1/seg_l3_128_convolution_layer_1/batch_normalization_19_1/batchnorm/mul_1__101
Inputs:
	point_net_1/seg_l2_256_convolution_layer_1/Relu:0=Relu, [-1, 8192, 1, 256], 1
Outpus:
	point_net_1/seg_l3_128_convolution_layer_1/batch_normalization_19_1/batchnorm/mul_1__101:0=[256, 1, 8192, -1], 1
2026-02-21 21:12:52,922 - tf2onnx.graph - DEBUG - Making node: Name=point_net_1/seg_l3_128_convolution_layer_1/batch_normalization_19_1/batchnorm/mul_1__103, OP=Transpose
2026-02-21 21:12:52,922 - tf2onnx.graph - DEBUG - Infer shape and dtype for [point_net_1/seg_l3_128_convolution_layer_1/batch_normalization_19_1/batchnorm/mul_1__103]
2026-02-21 21:12:52,923 - tf2onnx.graph - DEBUG - Set dtype of [point_net_1/seg_l3_128_convolution_layer_1/batch_normalization_19_1/batchnorm/mul_1__103:0] to 1
2026-02-21 21:12:52,924 - tf2onnx.graph - DEBUG - Set shape of [point_net_1/seg_l3_128_convolution_layer_1/batch_normalization_19_1/batchnorm/mul_1__103:0] to [128, 1, 8192, -1]
2026-02-21 21:12:52,924 - tf2onnx.graph - DEBUG - Made node: point_net_1/seg_l3_128_convolution_layer_1/batch_normalization_19_1/batchnorm/mul_1__103
OP=Transpose
Name=point_net_1/seg_l3_128_convolution_layer_1/batch_normalization_19_1/batchnorm/mul_1__103
Inputs:
	point_net_1/seg_l3_128_convolution_layer_1/batch_normalization_19_1/batchnorm/mul_1:0=Conv, [-1, 8192, 1, 128], 1
Outpus:
	point_net_1/seg_l3_128_convolution_layer_1/batch_normalization_19_1/batchnorm/mul_1__103:0=[128, 1, 8192, -1], 1
2026-02-21 21:12:52,925 - tf2onnx.tfonnx - DEBUG - Process node: point_net_1/seg_l3_128_convolution_layer_1/Relu
OP=Relu
Name=point_net_1/seg_l3_128_convolution_layer_1/Relu
Inputs:
	point_net_1/seg_l3_128_convolution_layer_1/batch_normalization_19_1/batchnorm/mul_1__103:0=Transpose, [-1, 8192, 1, 128], 1
Outpus:
	point_net_1/seg_l3_128_convolution_layer_1/Relu:0=[-1, 8192, 1, 128], 1
2026-02-21 21:12:52,925 - tf2onnx.tfonnx - DEBUG - Process node: point_net_1/seg_l4_128_convolution_layer_1/batch_normalization_20_1/batchnorm/mul_1
OP=Conv2D
Name=point_net_1/seg_l4_128_convolution_layer_1/batch_normalization_20_1/batchnorm/mul_1
Inputs:
	point_net_1/seg_l3_128_convolution_layer_1/Relu:0=Relu, [-1, 8192, 1, 128], 1
	point_net_1/seg_l4_128_convolution_layer_1/seg_l4_128_convolution_layer_1/convolution/merged_input:0=Const, [1, 1, 128, 128], 1
Outpus:
	point_net_1/seg_l4_128_convolution_layer_1/batch_normalization_20_1/batchnorm/mul_1:0=[-1, 8192, 1, 128], 1
2026-02-21 21:12:52,926 - tf2onnx.graph - DEBUG - Making node: Name=point_net_1/seg_l4_128_convolution_layer_1/batch_normalization_20_1/batchnorm/mul_1__105, OP=Transpose
2026-02-21 21:12:52,926 - tf2onnx.graph - DEBUG - Infer shape and dtype for [point_net_1/seg_l4_128_convolution_layer_1/batch_normalization_20_1/batchnorm/mul_1__105]
2026-02-21 21:12:52,927 - tf2onnx.graph - DEBUG - Set dtype of [point_net_1/seg_l4_128_convolution_layer_1/batch_normalization_20_1/batchnorm/mul_1__105:0] to 1
2026-02-21 21:12:52,927 - tf2onnx.graph - DEBUG - Set shape of [point_net_1/seg_l4_128_convolution_layer_1/batch_normalization_20_1/batchnorm/mul_1__105:0] to [128, 1, 8192, -1]
2026-02-21 21:12:52,928 - tf2onnx.graph - DEBUG - Made node: point_net_1/seg_l4_128_convolution_layer_1/batch_normalization_20_1/batchnorm/mul_1__105
OP=Transpose
Name=point_net_1/seg_l4_128_convolution_layer_1/batch_normalization_20_1/batchnorm/mul_1__105
Inputs:
	point_net_1/seg_l3_128_convolution_layer_1/Relu:0=Relu, [-1, 8192, 1, 128], 1
Outpus:
	point_net_1/seg_l4_128_convolution_layer_1/batch_normalization_20_1/batchnorm/mul_1__105:0=[128, 1, 8192, -1], 1
2026-02-21 21:12:52,929 - tf2onnx.graph - DEBUG - Making node: Name=point_net_1/seg_l4_128_convolution_layer_1/batch_normalization_20_1/batchnorm/mul_1__107, OP=Transpose
2026-02-21 21:12:52,929 - tf2onnx.graph - DEBUG - Infer shape and dtype for [point_net_1/seg_l4_128_convolution_layer_1/batch_normalization_20_1/batchnorm/mul_1__107]
2026-02-21 21:12:52,930 - tf2onnx.graph - DEBUG - Set dtype of [point_net_1/seg_l4_128_convolution_layer_1/batch_normalization_20_1/batchnorm/mul_1__107:0] to 1
2026-02-21 21:12:52,930 - tf2onnx.graph - DEBUG - Set shape of [point_net_1/seg_l4_128_convolution_layer_1/batch_normalization_20_1/batchnorm/mul_1__107:0] to [128, 1, 8192, -1]
2026-02-21 21:12:52,931 - tf2onnx.graph - DEBUG - Made node: point_net_1/seg_l4_128_convolution_layer_1/batch_normalization_20_1/batchnorm/mul_1__107
OP=Transpose
Name=point_net_1/seg_l4_128_convolution_layer_1/batch_normalization_20_1/batchnorm/mul_1__107
Inputs:
	point_net_1/seg_l4_128_convolution_layer_1/batch_normalization_20_1/batchnorm/mul_1:0=Conv, [-1, 8192, 1, 128], 1
Outpus:
	point_net_1/seg_l4_128_convolution_layer_1/batch_normalization_20_1/batchnorm/mul_1__107:0=[128, 1, 8192, -1], 1
2026-02-21 21:12:52,931 - tf2onnx.tfonnx - DEBUG - Process node: point_net_1/seg_l4_128_convolution_layer_1/Relu
OP=Relu
Name=point_net_1/seg_l4_128_convolution_layer_1/Relu
Inputs:
	point_net_1/seg_l4_128_convolution_layer_1/batch_normalization_20_1/batchnorm/mul_1__107:0=Transpose, [-1, 8192, 1, 128], 1
Outpus:
	point_net_1/seg_l4_128_convolution_layer_1/Relu:0=[-1, 8192, 1, 128], 1
2026-02-21 21:12:52,932 - tf2onnx.tfonnx - DEBUG - Process node: point_net_1/seg_l5_output_convolution_layer_1/seg_l5_output_convolution_layer_1/convolution
OP=Conv2D
Name=point_net_1/seg_l5_output_convolution_layer_1/seg_l5_output_convolution_layer_1/convolution
Inputs:
	point_net_1/seg_l4_128_convolution_layer_1/Relu:0=Relu, [-1, 8192, 1, 128], 1
	point_net_1/seg_l5_output_convolution_layer_1/seg_l5_output_convolution_layer_1/convolution/ReadVariableOp:0=Const, [1, 1, 128, 12], 1
Outpus:
	point_net_1/seg_l5_output_convolution_layer_1/seg_l5_output_convolution_layer_1/convolution:0=[-1, 8192, 1, 12], 1
2026-02-21 21:12:52,932 - tf2onnx.graph - DEBUG - Making node: Name=point_net_1/seg_l5_output_convolution_layer_1/seg_l5_output_convolution_layer_1/convolution__109, OP=Transpose
2026-02-21 21:12:52,933 - tf2onnx.graph - DEBUG - Infer shape and dtype for [point_net_1/seg_l5_output_convolution_layer_1/seg_l5_output_convolution_layer_1/convolution__109]
2026-02-21 21:12:52,933 - tf2onnx.graph - DEBUG - Set dtype of [point_net_1/seg_l5_output_convolution_layer_1/seg_l5_output_convolution_layer_1/convolution__109:0] to 1
2026-02-21 21:12:52,934 - tf2onnx.graph - DEBUG - Set shape of [point_net_1/seg_l5_output_convolution_layer_1/seg_l5_output_convolution_layer_1/convolution__109:0] to [128, 1, 8192, -1]
2026-02-21 21:12:52,934 - tf2onnx.graph - DEBUG - Made node: point_net_1/seg_l5_output_convolution_layer_1/seg_l5_output_convolution_layer_1/convolution__109
OP=Transpose
Name=point_net_1/seg_l5_output_convolution_layer_1/seg_l5_output_convolution_layer_1/convolution__109
Inputs:
	point_net_1/seg_l4_128_convolution_layer_1/Relu:0=Relu, [-1, 8192, 1, 128], 1
Outpus:
	point_net_1/seg_l5_output_convolution_layer_1/seg_l5_output_convolution_layer_1/convolution__109:0=[128, 1, 8192, -1], 1
2026-02-21 21:12:52,935 - tf2onnx.graph - DEBUG - Making node: Name=point_net_1/seg_l5_output_convolution_layer_1/seg_l5_output_convolution_layer_1/convolution__111, OP=Transpose
2026-02-21 21:12:52,935 - tf2onnx.graph - DEBUG - Infer shape and dtype for [point_net_1/seg_l5_output_convolution_layer_1/seg_l5_output_convolution_layer_1/convolution__111]
2026-02-21 21:12:52,936 - tf2onnx.graph - DEBUG - Set dtype of [point_net_1/seg_l5_output_convolution_layer_1/seg_l5_output_convolution_layer_1/convolution__111:0] to 1
2026-02-21 21:12:52,936 - tf2onnx.graph - DEBUG - Set shape of [point_net_1/seg_l5_output_convolution_layer_1/seg_l5_output_convolution_layer_1/convolution__111:0] to [12, 1, 8192, -1]
2026-02-21 21:12:52,936 - tf2onnx.graph - DEBUG - Made node: point_net_1/seg_l5_output_convolution_layer_1/seg_l5_output_convolution_layer_1/convolution__111
OP=Transpose
Name=point_net_1/seg_l5_output_convolution_layer_1/seg_l5_output_convolution_layer_1/convolution__111
Inputs:
	point_net_1/seg_l5_output_convolution_layer_1/seg_l5_output_convolution_layer_1/convolution:0=Conv, [-1, 8192, 1, 12], 1
Outpus:
	point_net_1/seg_l5_output_convolution_layer_1/seg_l5_output_convolution_layer_1/convolution__111:0=[12, 1, 8192, -1], 1
2026-02-21 21:12:52,937 - tf2onnx.tfonnx - DEBUG - Process node: point_net_1/seg_l5_output_convolution_layer_1/Softmax
OP=Softmax
Name=point_net_1/seg_l5_output_convolution_layer_1/Softmax
Inputs:
	point_net_1/seg_l5_output_convolution_layer_1/seg_l5_output_convolution_layer_1/convolution__111:0=Transpose, [-1, 8192, 1, 12], 1
Outpus:
	point_net_1/seg_l5_output_convolution_layer_1/Softmax:0=[-1, 8192, 1, 12], 1
2026-02-21 21:12:52,937 - tf2onnx.tfonnx - DEBUG - Process node: point_net_1/Squeeze_2
OP=Squeeze
Name=point_net_1/Squeeze_2
Inputs:
	point_net_1/seg_l5_output_convolution_layer_1/Softmax:0=Softmax, [-1, 8192, 1, 12], 1
Outpus:
	point_net_1/Squeeze_2:0=[-1, 8192, 12], 1
2026-02-21 21:12:52,938 - tf2onnx.graph - DEBUG - Making node: Name=axes_const__113, OP=Const
2026-02-21 21:12:52,938 - tf2onnx.graph - DEBUG - Made node: axes_const__113
OP=Const
Name=axes_const__113
Outpus:
	axes_const__113=None, 7
2026-02-21 21:12:52,939 - tf2onnx.tfonnx - DEBUG - Process node: Identity_2
OP=Identity
Name=Identity_2
Inputs:
	point_net_1/Squeeze_2:0=Squeeze, [-1, 8192, 12], 1
Outpus:
	Identity_2_raw_output___6:0=[-1, 8192, 12], 1
2026-02-21 21:12:52,939 - tf2onnx.tfonnx - DEBUG - Process node: Identity_2_graph_outputs_Identity__7
OP=Identity
Name=Identity_2_graph_outputs_Identity__7
Inputs:
	Identity_2_raw_output___6:0=Identity, [-1, 8192, 12], 1
Outpus:
	segmentation_output=[-1, 8192, 12], 1
2026-02-21 21:12:52,939 - tf2onnx.tfonnx - DEBUG - explicitly skip node Identity_2_graph_outputs_Identity__7
2026-02-21 21:12:52,940 - tf2onnx.tfonnx - DEBUG - Process node: Identity_1
OP=Identity
Name=Identity_1
Inputs:
	point_net_1/input_transform_1/add:0=Add, [-1, 3, 3], 1
Outpus:
	Identity_1_raw_output___8:0=[-1, 3, 3], 1
2026-02-21 21:12:52,940 - tf2onnx.tfonnx - DEBUG - Process node: Identity_1_graph_outputs_Identity__9
OP=Identity
Name=Identity_1_graph_outputs_Identity__9
Inputs:
	Identity_1_raw_output___8:0=Identity, [-1, 3, 3], 1
Outpus:
	se3=[-1, 3, 3], 1
2026-02-21 21:12:52,941 - tf2onnx.tfonnx - DEBUG - explicitly skip node Identity_1_graph_outputs_Identity__9
2026-02-21 21:12:52,941 - tf2onnx.tfonnx - DEBUG - Process node: Identity
OP=Identity
Name=Identity
Inputs:
	point_net_1/output_dense_layer_1/Softmax:0=Softmax, [-1, 23], 1
Outpus:
	Identity_raw_output___4:0=[-1, 23], 1
2026-02-21 21:12:52,942 - tf2onnx.tfonnx - DEBUG - Process node: Identity_graph_outputs_Identity__5
OP=Identity
Name=Identity_graph_outputs_Identity__5
Inputs:
	Identity_raw_output___4:0=Identity, [-1, 23], 1
Outpus:
	classification_output=[-1, 23], 1
2026-02-21 21:12:52,942 - tf2onnx.tfonnx - DEBUG - explicitly skip node Identity_graph_outputs_Identity__5
2026-02-21 21:12:52,967 - tf2onnx.tfonnx - VERBOSE - Summay Stats:
	tensorflow ops: Counter({'Const': 71, 'Relu': 21, 'AddV2': 19, 'Conv2D': 16, 'ExpandDims': 9, 'Squeeze': 7, 'MatMul': 7, 'Mul': 6, 'Identity': 6, 'Max': 4, 'BatchMatMulV2': 4, 'Reshape': 2, 'Softmax': 2, 'Placeholder': 1, 'Mean': 1, 'Sub': 1, 'Square': 1, 'Sum': 1, 'Sqrt': 1, 'Maximum': 1, 'RealDiv': 1, 'Tile': 1, 'ConcatV2': 1, 'BiasAdd': 1})
	tensorflow attr: Counter({'dtype': 72, 'value': 71, 'data_format': 17, 'dilations': 16, 'padding': 16, 'strides': 16, 'explicit_paddings': 16, 'Tidx': 7, 'squeeze_dims': 7, 'grad_a': 7, 'grad_b': 7, 'transpose_a': 7, 'transpose_b': 7, 'keep_dims': 6, 'adj_x': 4, 'adj_y': 4, 'grad_x': 4, 'grad_y': 4, 'shape': 1, 'N': 1})
	onnx mapped: Counter({'Const': 71, 'Relu': 21, 'AddV2': 19, 'Conv2D': 16, 'ExpandDims': 9, 'Squeeze': 7, 'MatMul': 7, 'Mul': 6, 'Max': 4, 'BatchMatMulV2': 4, 'Identity': 3, 'Reshape': 2, 'Softmax': 2, 'Placeholder': 1, 'Mean': 1, 'Sub': 1, 'Square': 1, 'Sum': 1, 'Sqrt': 1, 'Maximum': 1, 'RealDiv': 1, 'BiasAdd': 1, 'Tile': 1, 'ConcatV2': 1})
	onnx unmapped: Counter()
2026-02-21 21:12:52,968 - tf2onnx.optimizer - INFO - Optimizing ONNX model
2026-02-21 21:12:52,970 - tf2onnx.optimizer - VERBOSE - Apply optimize_transpose
2026-02-21 21:12:53,003 - tf2onnx.graph - DEBUG - Making node: Name=Conv__114, OP=Conv
2026-02-21 21:12:53,004 - tf2onnx.graph - DEBUG - Infer shape and dtype for [Conv__114]
2026-02-21 21:12:53,005 - tf2onnx.graph - DEBUG - Set dtype of [Conv__114:0] to 1
2026-02-21 21:12:53,006 - tf2onnx.graph - DEBUG - Set shape of [Conv__114:0] to [-1, 64, 8192, 1]
2026-02-21 21:12:53,007 - tf2onnx.graph - DEBUG - Made node: Conv__114
OP=Conv
Name=Conv__114
Inputs:
	point_net_1/input_transform_1/input_transform_convolution_layer_1_convolution_layer_1/batch_normalization_1/batchnorm/mul_1__19:0=Transpose, [-1, 3, 8192, 1], 1
	point_net_1/input_transform_1/input_transform_convolution_layer_1_convolution_layer_1/input_transform_convolution_layer_1_convolution_layer_1/convolution/merged_input:0=Const, [64, 3, 1, 1], 1
	point_net_1/input_transform_1/input_transform_convolution_layer_1_convolution_layer_1/batch_normalization_1/batchnorm/sub:0=Const, [64], 1
Outpus:
	Conv__114:0=[-1, 64, 8192, 1], 1
2026-02-21 21:12:53,009 - tf2onnx.graph - DEBUG - Making node: Name=Conv__116, OP=Conv
2026-02-21 21:12:53,010 - tf2onnx.graph - DEBUG - Infer shape and dtype for [Conv__116]
2026-02-21 21:12:53,011 - tf2onnx.graph - DEBUG - Set dtype of [Conv__116:0] to 1
2026-02-21 21:12:53,022 - tf2onnx.graph - DEBUG - Set shape of [Conv__116:0] to [-1, 128, 8192, 1]
2026-02-21 21:12:53,023 - tf2onnx.graph - DEBUG - Made node: Conv__116
OP=Conv
Name=Conv__116
Inputs:
	point_net_1/input_transform_1/input_transform_convolution_layer_2_convolution_layer_1/batch_normalization_1_1/batchnorm/mul_1__23:0=Transpose, [-1, 64, 8192, 1], 1
	point_net_1/input_transform_1/input_transform_convolution_layer_2_convolution_layer_1/input_transform_convolution_layer_2_convolution_layer_1/convolution/merged_input:0=Const, [128, 64, 1, 1], 1
	point_net_1/input_transform_1/input_transform_convolution_layer_2_convolution_layer_1/batch_normalization_1_1/batchnorm/sub:0=Const, [128], 1
Outpus:
	Conv__116:0=[-1, 128, 8192, 1], 1
2026-02-21 21:12:53,025 - tf2onnx.graph - DEBUG - Making node: Name=Conv__118, OP=Conv
2026-02-21 21:12:53,026 - tf2onnx.graph - DEBUG - Infer shape and dtype for [Conv__118]
2026-02-21 21:12:53,029 - tf2onnx.graph - DEBUG - Set dtype of [Conv__118:0] to 1
2026-02-21 21:12:53,029 - tf2onnx.graph - DEBUG - Set shape of [Conv__118:0] to [-1, 1024, 8192, 1]
2026-02-21 21:12:53,030 - tf2onnx.graph - DEBUG - Made node: Conv__118
OP=Conv
Name=Conv__118
Inputs:
	point_net_1/input_transform_1/input_transform_convolution_layer_3_convolution_layer_1/batch_normalization_2_1/batchnorm/mul_1__27:0=Transpose, [-1, 128, 8192, 1], 1
	point_net_1/input_transform_1/input_transform_convolution_layer_3_convolution_layer_1/input_transform_convolution_layer_3_convolution_layer_1/convolution/merged_input:0=Const, [1024, 128, 1, 1], 1
	point_net_1/input_transform_1/input_transform_convolution_layer_3_convolution_layer_1/batch_normalization_2_1/batchnorm/sub:0=Const, [1024], 1
Outpus:
	Conv__118:0=[-1, 1024, 8192, 1], 1
2026-02-21 21:12:53,032 - tf2onnx.graph - DEBUG - Making node: Name=axes_const__31__120, OP=Const
2026-02-21 21:12:53,033 - tf2onnx.graph - DEBUG - Made node: axes_const__31__120
OP=Const
Name=axes_const__31__120
Outpus:
	axes_const__31__120=None, 7
2026-02-21 21:12:53,036 - tf2onnx.graph - DEBUG - Making node: Name=Conv__121, OP=Conv
2026-02-21 21:12:53,037 - tf2onnx.graph - DEBUG - Infer shape and dtype for [Conv__121]
2026-02-21 21:12:53,038 - tf2onnx.graph - DEBUG - Set dtype of [Conv__121:0] to 1
2026-02-21 21:12:53,039 - tf2onnx.graph - DEBUG - Set shape of [Conv__121:0] to [-1, 64, 8192, 1]
2026-02-21 21:12:53,039 - tf2onnx.graph - DEBUG - Made node: Conv__121
OP=Conv
Name=Conv__121
Inputs:
	point_net_1/s1_l1_64_convolution_layer_1/batch_normalization_5_1/batchnorm/mul_1__40:0=Transpose, [-1, 3, 8192, 1], 1
	point_net_1/s1_l1_64_convolution_layer_1/s1_l1_64_convolution_layer_1/convolution/merged_input:0=Const, [64, 3, 1, 1], 1
	point_net_1/s1_l1_64_convolution_layer_1/batch_normalization_5_1/batchnorm/sub:0=Const, [64], 1
Outpus:
	Conv__121:0=[-1, 64, 8192, 1], 1
2026-02-21 21:12:53,042 - tf2onnx.graph - DEBUG - Making node: Name=Conv__123, OP=Conv
2026-02-21 21:12:53,042 - tf2onnx.graph - DEBUG - Infer shape and dtype for [Conv__123]
2026-02-21 21:12:53,044 - tf2onnx.graph - DEBUG - Set dtype of [Conv__123:0] to 1
2026-02-21 21:12:53,044 - tf2onnx.graph - DEBUG - Set shape of [Conv__123:0] to [-1, 64, 8192, 1]
2026-02-21 21:12:53,045 - tf2onnx.graph - DEBUG - Made node: Conv__123
OP=Conv
Name=Conv__123
Inputs:
	point_net_1/s1_l2_64_convolution_layer_1/batch_normalization_6_1/batchnorm/mul_1__44:0=Transpose, [-1, 64, 8192, 1], 1
	point_net_1/s1_l2_64_convolution_layer_1/s1_l2_64_convolution_layer_1/convolution/merged_input:0=Const, [64, 64, 1, 1], 1
	point_net_1/s1_l2_64_convolution_layer_1/batch_normalization_6_1/batchnorm/sub:0=Const, [64], 1
Outpus:
	Conv__123:0=[-1, 64, 8192, 1], 1
2026-02-21 21:12:53,047 - tf2onnx.graph - DEBUG - Making node: Name=axes_const__48__125, OP=Const
2026-02-21 21:12:53,048 - tf2onnx.graph - DEBUG - Made node: axes_const__48__125
OP=Const
Name=axes_const__48__125
Outpus:
	axes_const__48__125=None, 7
2026-02-21 21:12:53,049 - tf2onnx.graph - DEBUG - Making node: Name=Conv__126, OP=Conv
2026-02-21 21:12:53,050 - tf2onnx.graph - DEBUG - Infer shape and dtype for [Conv__126]
2026-02-21 21:12:53,051 - tf2onnx.graph - DEBUG - Set dtype of [Conv__126:0] to 1
2026-02-21 21:12:53,051 - tf2onnx.graph - DEBUG - Set shape of [Conv__126:0] to [-1, 64, 8192, 1]
2026-02-21 21:12:53,052 - tf2onnx.graph - DEBUG - Made node: Conv__126
OP=Conv
Name=Conv__126
Inputs:
	point_net_1/feature_transform_1/feature_transform_convolution_layer_1_convolution_layer_1/batch_normalization_7_1/batchnorm/mul_1__52:0=Transpose, [-1, 64, 8192, 1], 1
	point_net_1/feature_transform_1/feature_transform_convolution_layer_1_convolution_layer_1/feature_transform_convolution_layer_1_convolution_layer_1/convolution/merged_input:0=Const, [64, 64, 1, 1], 1
	point_net_1/feature_transform_1/feature_transform_convolution_layer_1_convolution_layer_1/batch_normalization_7_1/batchnorm/sub:0=Const, [64], 1
Outpus:
	Conv__126:0=[-1, 64, 8192, 1], 1
2026-02-21 21:12:53,054 - tf2onnx.graph - DEBUG - Making node: Name=Conv__128, OP=Conv
2026-02-21 21:12:53,055 - tf2onnx.graph - DEBUG - Infer shape and dtype for [Conv__128]
2026-02-21 21:12:53,056 - tf2onnx.graph - DEBUG - Set dtype of [Conv__128:0] to 1
2026-02-21 21:12:53,056 - tf2onnx.graph - DEBUG - Set shape of [Conv__128:0] to [-1, 128, 8192, 1]
2026-02-21 21:12:53,057 - tf2onnx.graph - DEBUG - Made node: Conv__128
OP=Conv
Name=Conv__128
Inputs:
	point_net_1/feature_transform_1/feature_transform_convolution_layer_2_convolution_layer_1/batch_normalization_8_1/batchnorm/mul_1__56:0=Transpose, [-1, 64, 8192, 1], 1
	point_net_1/feature_transform_1/feature_transform_convolution_layer_2_convolution_layer_1/feature_transform_convolution_layer_2_convolution_layer_1/convolution/merged_input:0=Const, [128, 64, 1, 1], 1
	point_net_1/feature_transform_1/feature_transform_convolution_layer_2_convolution_layer_1/batch_normalization_8_1/batchnorm/sub:0=Const, [128], 1
Outpus:
	Conv__128:0=[-1, 128, 8192, 1], 1
2026-02-21 21:12:53,060 - tf2onnx.graph - DEBUG - Making node: Name=Conv__130, OP=Conv
2026-02-21 21:12:53,061 - tf2onnx.graph - DEBUG - Infer shape and dtype for [Conv__130]
2026-02-21 21:12:53,062 - tf2onnx.graph - DEBUG - Set dtype of [Conv__130:0] to 1
2026-02-21 21:12:53,063 - tf2onnx.graph - DEBUG - Set shape of [Conv__130:0] to [-1, 1024, 8192, 1]
2026-02-21 21:12:53,064 - tf2onnx.graph - DEBUG - Made node: Conv__130
OP=Conv
Name=Conv__130
Inputs:
	point_net_1/feature_transform_1/feature_transform_convolution_layer_3_convolution_layer_1/batch_normalization_9_1/batchnorm/mul_1__60:0=Transpose, [-1, 128, 8192, 1], 1
	point_net_1/feature_transform_1/feature_transform_convolution_layer_3_convolution_layer_1/feature_transform_convolution_layer_3_convolution_layer_1/convolution/merged_input:0=Const, [1024, 128, 1, 1], 1
	point_net_1/feature_transform_1/feature_transform_convolution_layer_3_convolution_layer_1/batch_normalization_9_1/batchnorm/sub:0=Const, [1024], 1
Outpus:
	Conv__130:0=[-1, 1024, 8192, 1], 1
2026-02-21 21:12:53,068 - tf2onnx.graph - DEBUG - Making node: Name=axes_const__64__132, OP=Const
2026-02-21 21:12:53,069 - tf2onnx.graph - DEBUG - Made node: axes_const__64__132
OP=Const
Name=axes_const__64__132
Outpus:
	axes_const__64__132=None, 7
2026-02-21 21:12:53,074 - tf2onnx.graph - DEBUG - Making node: Name=Conv__133, OP=Conv
2026-02-21 21:12:53,075 - tf2onnx.graph - DEBUG - Infer shape and dtype for [Conv__133]
2026-02-21 21:12:53,077 - tf2onnx.graph - DEBUG - Set dtype of [Conv__133:0] to 1
2026-02-21 21:12:53,077 - tf2onnx.graph - DEBUG - Set shape of [Conv__133:0] to [-1, 64, 8192, 1]
2026-02-21 21:12:53,079 - tf2onnx.graph - DEBUG - Made node: Conv__133
OP=Conv
Name=Conv__133
Inputs:
	point_net_1/s2_l1_64_convolution_layer_1/batch_normalization_12_1/batchnorm/mul_1__73:0=Transpose, [-1, 64, 8192, 1], 1
	point_net_1/s2_l1_64_convolution_layer_1/s2_l1_64_convolution_layer_1/convolution/merged_input:0=Const, [64, 64, 1, 1], 1
	point_net_1/s2_l1_64_convolution_layer_1/batch_normalization_12_1/batchnorm/sub:0=Const, [64], 1
Outpus:
	Conv__133:0=[-1, 64, 8192, 1], 1
2026-02-21 21:12:53,083 - tf2onnx.graph - DEBUG - Making node: Name=Conv__135, OP=Conv
2026-02-21 21:12:53,084 - tf2onnx.graph - DEBUG - Infer shape and dtype for [Conv__135]
2026-02-21 21:12:53,085 - tf2onnx.graph - DEBUG - Set dtype of [Conv__135:0] to 1
2026-02-21 21:12:53,085 - tf2onnx.graph - DEBUG - Set shape of [Conv__135:0] to [-1, 128, 8192, 1]
2026-02-21 21:12:53,086 - tf2onnx.graph - DEBUG - Made node: Conv__135
OP=Conv
Name=Conv__135
Inputs:
	point_net_1/s2_l2_128_convolution_layer_1/batch_normalization_13_1/batchnorm/mul_1__77:0=Transpose, [-1, 64, 8192, 1], 1
	point_net_1/s2_l2_128_convolution_layer_1/s2_l2_128_convolution_layer_1/convolution/merged_input:0=Const, [128, 64, 1, 1], 1
	point_net_1/s2_l2_128_convolution_layer_1/batch_normalization_13_1/batchnorm/sub:0=Const, [128], 1
Outpus:
	Conv__135:0=[-1, 128, 8192, 1], 1
2026-02-21 21:12:53,090 - tf2onnx.graph - DEBUG - Making node: Name=Conv__137, OP=Conv
2026-02-21 21:12:53,091 - tf2onnx.graph - DEBUG - Infer shape and dtype for [Conv__137]
2026-02-21 21:12:53,093 - tf2onnx.graph - DEBUG - Set dtype of [Conv__137:0] to 1
2026-02-21 21:12:53,093 - tf2onnx.graph - DEBUG - Set shape of [Conv__137:0] to [-1, 1024, 8192, 1]
2026-02-21 21:12:53,094 - tf2onnx.graph - DEBUG - Made node: Conv__137
OP=Conv
Name=Conv__137
Inputs:
	point_net_1/s2_l3_1024_convolution_layer_1/batch_normalization_14_1/batchnorm/mul_1__81:0=Transpose, [-1, 128, 8192, 1], 1
	point_net_1/s2_l3_1024_convolution_layer_1/s2_l3_1024_convolution_layer_1/convolution/merged_input:0=Const, [1024, 128, 1, 1], 1
	point_net_1/s2_l3_1024_convolution_layer_1/batch_normalization_14_1/batchnorm/sub:0=Const, [1024], 1
Outpus:
	Conv__137:0=[-1, 1024, 8192, 1], 1
2026-02-21 21:12:53,099 - tf2onnx.graph - DEBUG - Making node: Name=axes_const__85__139, OP=Const
2026-02-21 21:12:53,100 - tf2onnx.graph - DEBUG - Made node: axes_const__85__139
OP=Const
Name=axes_const__85__139
Outpus:
	axes_const__85__139=None, 7
2026-02-21 21:12:53,113 - tf2onnx.graph - DEBUG - Making node: Name=axes_const__113__140, OP=Const
2026-02-21 21:12:53,114 - tf2onnx.graph - DEBUG - Made node: axes_const__113__140
OP=Const
Name=axes_const__113__140
Outpus:
	axes_const__113__140=None, 7
2026-02-21 21:12:53,118 - tf2onnx.optimizer.TransposeOptimizer - DEBUG - cannot move transpose down since it met output node Identity_2_graph_outputs_Identity__7
2026-02-21 21:12:53,119 - tf2onnx.optimizer.TransposeOptimizer - DEBUG - finish after 39 iteration(s)
2026-02-21 21:12:53,151 - tf2onnx.optimizer.TransposeOptimizer - VERBOSE - Add -11 (20->9), Const -6 (88->82), Identity -1 (6->5), Transpose -3 (32->29)
2026-02-21 21:12:53,152 - tf2onnx.optimizer - VERBOSE - Apply remove_redundant_upsample
2026-02-21 21:12:53,211 - tf2onnx.optimizer.UpsampleOptimizer - VERBOSE - no change
2026-02-21 21:12:53,212 - tf2onnx.optimizer - VERBOSE - Apply fold_constants
2026-02-21 21:12:53,245 - tf2onnx.graph - DEBUG - Making node: Name=const_fold_opt__141, OP=Const
2026-02-21 21:12:53,247 - tf2onnx.graph - DEBUG - Made node: const_fold_opt__141
OP=Const
Name=const_fold_opt__141
Outpus:
	const_fold_opt__141=None, 7
2026-02-21 21:12:53,248 - tf2onnx.graph - DEBUG - Making node: Name=const_fold_opt__142, OP=Const
2026-02-21 21:12:53,249 - tf2onnx.graph - DEBUG - Made node: const_fold_opt__142
OP=Const
Name=const_fold_opt__142
Outpus:
	const_fold_opt__142=None, 7
2026-02-21 21:12:53,250 - tf2onnx.graph - DEBUG - Making node: Name=const_fold_opt__143, OP=Const
2026-02-21 21:12:53,251 - tf2onnx.graph - DEBUG - Made node: const_fold_opt__143
OP=Const
Name=const_fold_opt__143
Outpus:
	const_fold_opt__143=None, 7
2026-02-21 21:12:53,252 - tf2onnx.graph - DEBUG - Making node: Name=const_fold_opt__144, OP=Const
2026-02-21 21:12:53,253 - tf2onnx.graph - DEBUG - Made node: const_fold_opt__144
OP=Const
Name=const_fold_opt__144
Outpus:
	const_fold_opt__144=None, 7
2026-02-21 21:12:53,255 - tf2onnx.graph - DEBUG - Making node: Name=const_fold_opt__145, OP=Const
2026-02-21 21:12:53,255 - tf2onnx.graph - DEBUG - Made node: const_fold_opt__145
OP=Const
Name=const_fold_opt__145
Outpus:
	const_fold_opt__145=None, 7
2026-02-21 21:12:53,256 - tf2onnx.graph - DEBUG - Making node: Name=const_fold_opt__146, OP=Const
2026-02-21 21:12:53,257 - tf2onnx.graph - DEBUG - Made node: const_fold_opt__146
OP=Const
Name=const_fold_opt__146
Outpus:
	const_fold_opt__146=None, 7
2026-02-21 21:12:53,258 - tf2onnx.graph - DEBUG - Making node: Name=const_fold_opt__147, OP=Const
2026-02-21 21:12:53,258 - tf2onnx.graph - DEBUG - Made node: const_fold_opt__147
OP=Const
Name=const_fold_opt__147
Outpus:
	const_fold_opt__147=None, 7
2026-02-21 21:12:53,260 - tf2onnx.graph - DEBUG - Making node: Name=const_fold_opt__148, OP=Const
2026-02-21 21:12:53,260 - tf2onnx.graph - DEBUG - Made node: const_fold_opt__148
OP=Const
Name=const_fold_opt__148
Outpus:
	const_fold_opt__148=None, 7
2026-02-21 21:12:53,261 - tf2onnx.graph - DEBUG - Making node: Name=const_fold_opt__149, OP=Const
2026-02-21 21:12:53,261 - tf2onnx.graph - DEBUG - Made node: const_fold_opt__149
OP=Const
Name=const_fold_opt__149
Outpus:
	const_fold_opt__149=None, 7
2026-02-21 21:12:53,262 - tf2onnx.graph - DEBUG - Making node: Name=const_fold_opt__150, OP=Const
2026-02-21 21:12:53,263 - tf2onnx.graph - DEBUG - Made node: const_fold_opt__150
OP=Const
Name=const_fold_opt__150
Outpus:
	const_fold_opt__150=None, 7
2026-02-21 21:12:53,264 - tf2onnx.graph - DEBUG - Making node: Name=const_fold_opt__151, OP=Const
2026-02-21 21:12:53,265 - tf2onnx.graph - DEBUG - Made node: const_fold_opt__151
OP=Const
Name=const_fold_opt__151
Outpus:
	const_fold_opt__151=None, 7
2026-02-21 21:12:53,265 - tf2onnx.graph - DEBUG - Making node: Name=const_fold_opt__152, OP=Const
2026-02-21 21:12:53,266 - tf2onnx.graph - DEBUG - Made node: const_fold_opt__152
OP=Const
Name=const_fold_opt__152
Outpus:
	const_fold_opt__152=None, 7
2026-02-21 21:12:53,266 - tf2onnx.graph - DEBUG - Making node: Name=const_fold_opt__153, OP=Const
2026-02-21 21:12:53,267 - tf2onnx.graph - DEBUG - Made node: const_fold_opt__153
OP=Const
Name=const_fold_opt__153
Outpus:
	const_fold_opt__153=None, 7
2026-02-21 21:12:53,268 - tf2onnx.graph - DEBUG - Making node: Name=const_fold_opt__154, OP=Const
2026-02-21 21:12:53,268 - tf2onnx.graph - DEBUG - Made node: const_fold_opt__154
OP=Const
Name=const_fold_opt__154
Outpus:
	const_fold_opt__154=None, 7
2026-02-21 21:12:53,269 - tf2onnx.graph - DEBUG - Making node: Name=const_fold_opt__155, OP=Const
2026-02-21 21:12:53,270 - tf2onnx.graph - DEBUG - Made node: const_fold_opt__155
OP=Const
Name=const_fold_opt__155
Outpus:
	const_fold_opt__155=None, 7
2026-02-21 21:12:53,271 - tf2onnx.graph - DEBUG - Making node: Name=const_fold_opt__156, OP=Const
2026-02-21 21:12:53,272 - tf2onnx.graph - DEBUG - Made node: const_fold_opt__156
OP=Const
Name=const_fold_opt__156
Outpus:
	const_fold_opt__156=None, 7
2026-02-21 21:12:53,274 - tf2onnx.graph - DEBUG - Making node: Name=const_fold_opt__157, OP=Const
2026-02-21 21:12:53,275 - tf2onnx.graph - DEBUG - Made node: const_fold_opt__157
OP=Const
Name=const_fold_opt__157
Outpus:
	const_fold_opt__157=None, 7
2026-02-21 21:12:53,276 - tf2onnx.graph - DEBUG - Making node: Name=const_fold_opt__158, OP=Const
2026-02-21 21:12:53,276 - tf2onnx.graph - DEBUG - Made node: const_fold_opt__158
OP=Const
Name=const_fold_opt__158
Outpus:
	const_fold_opt__158=None, 7
2026-02-21 21:12:53,277 - tf2onnx.graph - DEBUG - Making node: Name=const_fold_opt__159, OP=Const
2026-02-21 21:12:53,278 - tf2onnx.graph - DEBUG - Made node: const_fold_opt__159
OP=Const
Name=const_fold_opt__159
Outpus:
	const_fold_opt__159=None, 7
2026-02-21 21:12:53,279 - tf2onnx.graph - DEBUG - Making node: Name=const_fold_opt__160, OP=Const
2026-02-21 21:12:53,279 - tf2onnx.graph - DEBUG - Made node: const_fold_opt__160
OP=Const
Name=const_fold_opt__160
Outpus:
	const_fold_opt__160=None, 7
2026-02-21 21:12:53,280 - tf2onnx.graph - DEBUG - Making node: Name=const_fold_opt__161, OP=Const
2026-02-21 21:12:53,280 - tf2onnx.graph - DEBUG - Made node: const_fold_opt__161
OP=Const
Name=const_fold_opt__161
Outpus:
	const_fold_opt__161=None, 7
2026-02-21 21:12:53,281 - tf2onnx.graph - DEBUG - Making node: Name=const_fold_opt__162, OP=Const
2026-02-21 21:12:53,281 - tf2onnx.graph - DEBUG - Made node: const_fold_opt__162
OP=Const
Name=const_fold_opt__162
Outpus:
	const_fold_opt__162=None, 7
2026-02-21 21:12:53,284 - tf2onnx.graph - DEBUG - Making node: Name=const_fold_opt__163, OP=Const
2026-02-21 21:12:53,285 - tf2onnx.graph - DEBUG - Made node: const_fold_opt__163
OP=Const
Name=const_fold_opt__163
Outpus:
	const_fold_opt__163=None, 7
2026-02-21 21:12:53,306 - tf2onnx.optimizer.ConstFoldOptimizer - VERBOSE - Cast -13 (13->0), Const -10 (82->72), Reshape -10 (12->2)
2026-02-21 21:12:53,307 - tf2onnx.optimizer - VERBOSE - Apply const_dequantize_optimizer
2026-02-21 21:12:53,540 - tf2onnx.optimizer.ConstDequantizeOptimizer - VERBOSE - no change
2026-02-21 21:12:53,541 - tf2onnx.optimizer - VERBOSE - Apply loop_optimizer
2026-02-21 21:12:53,570 - tf2onnx.optimizer.LoopOptimizer - VERBOSE - no change
2026-02-21 21:12:53,571 - tf2onnx.optimizer - VERBOSE - Apply merge_duplication
2026-02-21 21:12:53,630 - tf2onnx.optimizer.MergeDuplicatedNodesOptimizer - VERBOSE - Const -13 (72->59)
2026-02-21 21:12:53,631 - tf2onnx.optimizer - VERBOSE - Apply reshape_optimizer
2026-02-21 21:12:53,668 - tf2onnx.optimizer.ReshapeOptimizer - VERBOSE - no change
2026-02-21 21:12:53,669 - tf2onnx.optimizer - VERBOSE - Apply global_pool_optimizer
2026-02-21 21:12:53,691 - tf2onnx.graph - DEBUG - Making node: Name=const_axes__164, OP=Const
2026-02-21 21:12:53,692 - tf2onnx.graph - DEBUG - Made node: const_axes__164
OP=Const
Name=const_axes__164
Outpus:
	const_axes__164=None, 7
2026-02-21 21:12:53,693 - tf2onnx.graph - DEBUG - Making node: Name=point_net_1/Max_Squeeze__165, OP=Squeeze
2026-02-21 21:12:53,694 - tf2onnx.graph - DEBUG - Made node: point_net_1/Max_Squeeze__165
OP=Squeeze
Name=point_net_1/Max_Squeeze__165
Inputs:
	point_net_1/Max:0=GlobalMaxPool, [-1, 1024, 1], 1
	const_axes__164=Const, [1], 7
Outpus:
	point_net_1/Max_Squeeze__165:0=[-1, 1024], 1
2026-02-21 21:12:53,694 - tf2onnx.graph - DEBUG - Making node: Name=const_axes__166, OP=Const
2026-02-21 21:12:53,695 - tf2onnx.graph - DEBUG - Made node: const_axes__166
OP=Const
Name=const_axes__166
Outpus:
	const_axes__166=None, 7
2026-02-21 21:12:53,696 - tf2onnx.graph - DEBUG - Making node: Name=point_net_1/input_transform_1/Max_Squeeze__167, OP=Squeeze
2026-02-21 21:12:53,696 - tf2onnx.graph - DEBUG - Made node: point_net_1/input_transform_1/Max_Squeeze__167
OP=Squeeze
Name=point_net_1/input_transform_1/Max_Squeeze__167
Inputs:
	point_net_1/input_transform_1/Max:0=GlobalMaxPool, [-1, 1024, 1], 1
	const_axes__166=Const, [1], 7
Outpus:
	point_net_1/input_transform_1/Max_Squeeze__167:0=[-1, 1024], 1
2026-02-21 21:12:53,697 - tf2onnx.graph - DEBUG - Making node: Name=const_axes__168, OP=Const
2026-02-21 21:12:53,697 - tf2onnx.graph - DEBUG - Made node: const_axes__168
OP=Const
Name=const_axes__168
Outpus:
	const_axes__168=None, 7
2026-02-21 21:12:53,698 - tf2onnx.graph - DEBUG - Making node: Name=point_net_1/feature_transform_1/Max_Squeeze__169, OP=Squeeze
2026-02-21 21:12:53,699 - tf2onnx.graph - DEBUG - Made node: point_net_1/feature_transform_1/Max_Squeeze__169
OP=Squeeze
Name=point_net_1/feature_transform_1/Max_Squeeze__169
Inputs:
	point_net_1/feature_transform_1/Max:0=GlobalMaxPool, [-1, 1024, 1], 1
	const_axes__168=Const, [1], 7
Outpus:
	point_net_1/feature_transform_1/Max_Squeeze__169:0=[-1, 1024], 1
2026-02-21 21:12:53,713 - tf2onnx.optimizer.GlobalPoolOptimizer - VERBOSE - Const +3 (59->62), GlobalMaxPool +3 (0->3), ReduceMax -3 (4->1), Squeeze +3 (7->10)
2026-02-21 21:12:53,714 - tf2onnx.optimizer - VERBOSE - Apply q_dq_optimizer
2026-02-21 21:12:53,761 - tf2onnx.optimizer.QDQOptimizer - VERBOSE - no change
2026-02-21 21:12:53,762 - tf2onnx.optimizer - VERBOSE - Apply remove_identity
2026-02-21 21:12:53,809 - tf2onnx.optimizer.IdentityOptimizer - VERBOSE - Identity -5 (5->0)
2026-02-21 21:12:53,810 - tf2onnx.optimizer - VERBOSE - Apply remove_back_to_back
2026-02-21 21:12:53,847 - tf2onnx.optimizer.BackToBackOptimizer - VERBOSE - Transpose -22 (29->7)
2026-02-21 21:12:53,848 - tf2onnx.optimizer - VERBOSE - Apply einsum_optimizer
2026-02-21 21:12:53,875 - tf2onnx.optimizer.EinsumOptimizer - VERBOSE - no change
2026-02-21 21:12:53,876 - tf2onnx.optimizer - VERBOSE - Apply optimize_transpose
2026-02-21 21:12:53,898 - tf2onnx.optimizer.TransposeOptimizer - DEBUG - segmentation_output connects to graph outputs, skip
2026-02-21 21:12:53,900 - tf2onnx.optimizer.TransposeOptimizer - DEBUG - finish after 0 iteration(s)
2026-02-21 21:12:53,927 - tf2onnx.optimizer.TransposeOptimizer - VERBOSE - no change
2026-02-21 21:12:53,928 - tf2onnx.optimizer - VERBOSE - Apply remove_redundant_upsample
2026-02-21 21:12:53,970 - tf2onnx.optimizer.UpsampleOptimizer - VERBOSE - no change
2026-02-21 21:12:53,971 - tf2onnx.optimizer - VERBOSE - Apply fold_constants
2026-02-21 21:12:54,017 - tf2onnx.optimizer.ConstFoldOptimizer - VERBOSE - no change
2026-02-21 21:12:54,018 - tf2onnx.optimizer - VERBOSE - Apply const_dequantize_optimizer
2026-02-21 21:12:54,048 - tf2onnx.optimizer.ConstDequantizeOptimizer - VERBOSE - no change
2026-02-21 21:12:54,049 - tf2onnx.optimizer - VERBOSE - Apply loop_optimizer
2026-02-21 21:12:54,091 - tf2onnx.optimizer.LoopOptimizer - VERBOSE - no change
2026-02-21 21:12:54,092 - tf2onnx.optimizer - VERBOSE - Apply merge_duplication
2026-02-21 21:12:54,164 - tf2onnx.optimizer.MergeDuplicatedNodesOptimizer - VERBOSE - Const -3 (62->59)
2026-02-21 21:12:54,165 - tf2onnx.optimizer - VERBOSE - Apply reshape_optimizer
2026-02-21 21:12:54,204 - tf2onnx.optimizer.ReshapeOptimizer - VERBOSE - no change
2026-02-21 21:12:54,205 - tf2onnx.optimizer - VERBOSE - Apply global_pool_optimizer
2026-02-21 21:12:54,238 - tf2onnx.optimizer.GlobalPoolOptimizer - VERBOSE - no change
2026-02-21 21:12:54,239 - tf2onnx.optimizer - VERBOSE - Apply q_dq_optimizer
2026-02-21 21:12:54,277 - tf2onnx.optimizer.QDQOptimizer - VERBOSE - no change
2026-02-21 21:12:54,277 - tf2onnx.optimizer - VERBOSE - Apply remove_identity
2026-02-21 21:12:54,329 - tf2onnx.optimizer.IdentityOptimizer - VERBOSE - no change
2026-02-21 21:12:54,330 - tf2onnx.optimizer - VERBOSE - Apply remove_back_to_back
2026-02-21 21:12:54,370 - tf2onnx.optimizer.BackToBackOptimizer - VERBOSE - no change
2026-02-21 21:12:54,371 - tf2onnx.optimizer - VERBOSE - Apply einsum_optimizer
2026-02-21 21:12:54,402 - tf2onnx.optimizer.EinsumOptimizer - VERBOSE - no change
2026-02-21 21:12:54,403 - tf2onnx.optimizer - VERBOSE - Apply optimize_transpose
2026-02-21 21:12:54,424 - tf2onnx.optimizer.TransposeOptimizer - DEBUG - segmentation_output connects to graph outputs, skip
2026-02-21 21:12:54,426 - tf2onnx.optimizer.TransposeOptimizer - DEBUG - finish after 0 iteration(s)
2026-02-21 21:12:54,450 - tf2onnx.optimizer.TransposeOptimizer - VERBOSE - no change
2026-02-21 21:12:54,451 - tf2onnx.optimizer - VERBOSE - Apply remove_redundant_upsample
2026-02-21 21:12:54,493 - tf2onnx.optimizer.UpsampleOptimizer - VERBOSE - no change
2026-02-21 21:12:54,494 - tf2onnx.optimizer - VERBOSE - Apply fold_constants
2026-02-21 21:12:54,538 - tf2onnx.optimizer.ConstFoldOptimizer - VERBOSE - no change
2026-02-21 21:12:54,539 - tf2onnx.optimizer - VERBOSE - Apply const_dequantize_optimizer
2026-02-21 21:12:54,570 - tf2onnx.optimizer.ConstDequantizeOptimizer - VERBOSE - no change
2026-02-21 21:12:54,571 - tf2onnx.optimizer - VERBOSE - Apply loop_optimizer
2026-02-21 21:12:54,612 - tf2onnx.optimizer.LoopOptimizer - VERBOSE - no change
2026-02-21 21:12:54,613 - tf2onnx.optimizer - VERBOSE - Apply merge_duplication
2026-02-21 21:12:54,676 - tf2onnx.optimizer.MergeDuplicatedNodesOptimizer - VERBOSE - no change
2026-02-21 21:12:54,677 - tf2onnx.optimizer - VERBOSE - Apply reshape_optimizer
2026-02-21 21:12:54,716 - tf2onnx.optimizer.ReshapeOptimizer - VERBOSE - no change
2026-02-21 21:12:54,717 - tf2onnx.optimizer - VERBOSE - Apply global_pool_optimizer
2026-02-21 21:12:54,745 - tf2onnx.optimizer.GlobalPoolOptimizer - VERBOSE - no change
2026-02-21 21:12:54,746 - tf2onnx.optimizer - VERBOSE - Apply q_dq_optimizer
2026-02-21 21:12:54,784 - tf2onnx.optimizer.QDQOptimizer - VERBOSE - no change
2026-02-21 21:12:54,785 - tf2onnx.optimizer - VERBOSE - Apply remove_identity
2026-02-21 21:12:54,843 - tf2onnx.optimizer.IdentityOptimizer - VERBOSE - no change
2026-02-21 21:12:54,844 - tf2onnx.optimizer - VERBOSE - Apply remove_back_to_back
2026-02-21 21:12:54,908 - tf2onnx.optimizer.BackToBackOptimizer - VERBOSE - no change
2026-02-21 21:12:54,908 - tf2onnx.optimizer - VERBOSE - Apply einsum_optimizer
2026-02-21 21:12:54,952 - tf2onnx.optimizer.EinsumOptimizer - VERBOSE - no change
2026-02-21 21:12:54,958 - tf2onnx.optimizer - INFO - After optimization: Add -11 (20->9), Cast -13 (13->0), Const -29 (88->59), GlobalMaxPool +3 (0->3), Identity -6 (6->0), ReduceMax -3 (4->1), Reshape -10 (12->2), Squeeze +3 (7->10), Transpose -25 (32->7)
2026-02-21 21:12:55,155 - root - INFO - Continuing training on model f15_scale_ne_lidar/classification_pretrain/f15_scale_ne_lidar_classification_pretrain.keras
2026-02-21 21:12:55,980 - root - INFO - PointNet Build
2026-02-21 21:12:55,982 - root - INFO - 	Trainable Layers
2026-02-21 21:12:55,982 - root - INFO - 		-> input_normalization: False
2026-02-21 21:12:55,983 - root - INFO - 		-> input_transform: True
2026-02-21 21:12:55,983 - root - INFO - 		-> s1_l1_64_convolution_layer: True
2026-02-21 21:12:55,983 - root - INFO - 		-> s1_l2_64_convolution_layer: True
2026-02-21 21:12:55,983 - root - INFO - 		-> feature_transform: True
2026-02-21 21:12:55,984 - root - INFO - 		-> s2_l1_64_convolution_layer: True
2026-02-21 21:12:55,984 - root - INFO - 		-> s2_l2_128_convolution_layer: True
2026-02-21 21:12:55,984 - root - INFO - 		-> s2_l3_1024_convolution_layer: True
2026-02-21 21:12:55,984 - root - INFO - 		-> s3_l1_512_dense_layer: False
2026-02-21 21:12:55,984 - root - INFO - 		-> s3_l2_256_dense_layer: False
2026-02-21 21:12:55,985 - root - INFO - 		-> output_dense_layer: False
2026-02-21 21:12:55,985 - root - INFO - 		-> seg_l1_512_convolution_layer: True
2026-02-21 21:12:55,985 - root - INFO - 		-> seg_l2_256_convolution_layer: True
2026-02-21 21:12:55,985 - root - INFO - 		-> seg_l3_128_convolution_layer: True
2026-02-21 21:12:55,988 - root - INFO - 		-> seg_l4_128_convolution_layer: True
2026-02-21 21:12:55,989 - root - INFO - 		-> seg_l5_output_convolution_layer: True
2026-02-22 09:22:39,259 - tf2onnx.tfonnx - INFO - Using tensorflow=2.20.0, onnx=1.17.0, tf2onnx=1.16.1/15c810
2026-02-22 09:22:39,260 - tf2onnx.tfonnx - INFO - Using opset <onnx, 13>
2026-02-22 09:22:39,343 - tf2onnx.tf_utils - INFO - Computed 0 values for constant folding
2026-02-22 09:22:39,407 - tf2onnx.graph - DEBUG - Making node: Name=Identity, OP=Identity
2026-02-22 09:22:39,408 - tf2onnx.graph - DEBUG - Made node: Identity
OP=Identity
Name=Identity
Inputs:
	point_net_1/output_dense_layer_1/Softmax:0=Softmax, [-1, 23], 1
Outpus:
	Identity_raw_output___175:0=[-1, 23], 1
2026-02-22 09:22:39,409 - tf2onnx.graph - DEBUG - Making node: Name=Identity_graph_outputs_Identity__176, OP=Identity
2026-02-22 09:22:39,410 - tf2onnx.graph - DEBUG - Made node: Identity_graph_outputs_Identity__176
OP=Identity
Name=Identity_graph_outputs_Identity__176
Inputs:
	Identity_raw_output___175:0=Identity, [-1, 23], 1
Outpus:
	Identity:0=[-1, 23], 1
2026-02-22 09:22:39,411 - tf2onnx.graph - DEBUG - Making node: Name=Identity_2, OP=Identity
2026-02-22 09:22:39,412 - tf2onnx.graph - DEBUG - Made node: Identity_2
OP=Identity
Name=Identity_2
Inputs:
	point_net_1/Squeeze_2:0=Squeeze, [-1, 8192, 12], 1
Outpus:
	Identity_2_raw_output___177:0=[-1, 8192, 12], 1
2026-02-22 09:22:39,413 - tf2onnx.graph - DEBUG - Making node: Name=Identity_2_graph_outputs_Identity__178, OP=Identity
2026-02-22 09:22:39,414 - tf2onnx.graph - DEBUG - Made node: Identity_2_graph_outputs_Identity__178
OP=Identity
Name=Identity_2_graph_outputs_Identity__178
Inputs:
	Identity_2_raw_output___177:0=Identity, [-1, 8192, 12], 1
Outpus:
	Identity_2:0=[-1, 8192, 12], 1
2026-02-22 09:22:39,414 - tf2onnx.graph - DEBUG - Making node: Name=Identity_1, OP=Identity
2026-02-22 09:22:39,415 - tf2onnx.graph - DEBUG - Made node: Identity_1
OP=Identity
Name=Identity_1
Inputs:
	point_net_1/input_transform_1/add:0=AddV2, [-1, 3, 3], 1
Outpus:
	Identity_1_raw_output___179:0=[-1, 3, 3], 1
2026-02-22 09:22:39,416 - tf2onnx.graph - DEBUG - Making node: Name=Identity_1_graph_outputs_Identity__180, OP=Identity
2026-02-22 09:22:39,416 - tf2onnx.graph - DEBUG - Made node: Identity_1_graph_outputs_Identity__180
OP=Identity
Name=Identity_1_graph_outputs_Identity__180
Inputs:
	Identity_1_raw_output___179:0=Identity, [-1, 3, 3], 1
Outpus:
	Identity_1:0=[-1, 3, 3], 1
2026-02-22 09:22:39,419 - tf2onnx.tfonnx - ERROR - rewriter <function rewrite_constant_fold at 0x703fc76997e0>: exception `np.cast` was removed in the NumPy 2.0 release. Use `np.asarray(arr, dtype=dtype)` instead.
2026-02-22 09:22:39,423 - tf2onnx.tfonnx - INFO - ['Traceback (most recent call last):\n', '  File "/mnt/c/repos/PointCloudProcessing/point_cloud_analysis/.venv/lib/python3.10/site-packages/tf2onnx/tfonnx.py", line 375, in run_rewriters\n    ops = func(g, g.get_nodes())\n', '  File "/mnt/c/repos/PointCloudProcessing/point_cloud_analysis/.venv/lib/python3.10/site-packages/tf2onnx/tfonnx.py", line 77, in rewrite_constant_fold\n    "Cast": np.cast,\n', '  File "/mnt/c/repos/PointCloudProcessing/point_cloud_analysis/.venv/lib/python3.10/site-packages/numpy/__init__.py", line 400, in __getattr__\n    raise AttributeError(\n', 'AttributeError: `np.cast` was removed in the NumPy 2.0 release. Use `np.asarray(arr, dtype=dtype)` instead.\n']
2026-02-22 09:22:39,463 - tf2onnx.rewriter.lstm_rewriter - DEBUG - enter lstm rewriter
2026-02-22 09:22:39,473 - tf2onnx.rewriter.gru_rewriter - DEBUG - enter gru rewriter
2026-02-22 09:22:39,481 - tf2onnx.rewriter.custom_rnn_rewriter - DEBUG - enter custom rnn rewriter
2026-02-22 09:22:39,488 - tf2onnx.rewriter.loop_rewriter - DEBUG - enter loop rewriter
2026-02-22 09:22:39,494 - tf2onnx.rewriter.cond_rewriter - DEBUG - enter cond pre rewrite
2026-02-22 09:22:39,500 - tf2onnx.graph - DEBUG - Making node: Name=point_net_1/seg_l5_output_convolution_layer_1/seg_l5_output_convolution_layer_1/BiasAdd, OP=Conv2D
2026-02-22 09:22:39,501 - tf2onnx.graph - DEBUG - Made node: point_net_1/seg_l5_output_convolution_layer_1/seg_l5_output_convolution_layer_1/BiasAdd
OP=Conv2D
Name=point_net_1/seg_l5_output_convolution_layer_1/seg_l5_output_convolution_layer_1/BiasAdd
Inputs:
	point_net_1/seg_l4_128_convolution_layer_1/Relu:0=Relu, [-1, 8192, 1, 128], 1
	point_net_1/seg_l5_output_convolution_layer_1/seg_l5_output_convolution_layer_1/convolution/ReadVariableOp:0=Const, [1, 1, 128, 12], 1
	point_net_1/seg_l5_output_convolution_layer_1/seg_l5_output_convolution_layer_1/Squeeze:0=Const, [12], 1
Outpus:
	point_net_1/seg_l5_output_convolution_layer_1/seg_l5_output_convolution_layer_1/BiasAdd:0=[-1, 8192, 1, 12], 1
2026-02-22 09:22:39,524 - tf2onnx.tfonnx - VERBOSE - Mapping TF node to ONNX node(s)
2026-02-22 09:22:39,525 - tf2onnx.tfonnx - DEBUG - Process node: point_net_1/seg_l5_output_convolution_layer_1/seg_l5_output_convolution_layer_1/convolution/ReadVariableOp
OP=Const
Name=point_net_1/seg_l5_output_convolution_layer_1/seg_l5_output_convolution_layer_1/convolution/ReadVariableOp
Outpus:
	point_net_1/seg_l5_output_convolution_layer_1/seg_l5_output_convolution_layer_1/convolution/ReadVariableOp:0=[1, 1, 128, 12], 1
2026-02-22 09:22:39,526 - tf2onnx.tfonnx - DEBUG - Process node: point_net_1/seg_l5_output_convolution_layer_1/seg_l5_output_convolution_layer_1/Squeeze
OP=Const
Name=point_net_1/seg_l5_output_convolution_layer_1/seg_l5_output_convolution_layer_1/Squeeze
Outpus:
	point_net_1/seg_l5_output_convolution_layer_1/seg_l5_output_convolution_layer_1/Squeeze:0=[12], 1
2026-02-22 09:22:39,527 - tf2onnx.tfonnx - DEBUG - Process node: point_net_1/seg_l4_128_convolution_layer_1/seg_l4_128_convolution_layer_1/convolution/merged_input
OP=Const
Name=point_net_1/seg_l4_128_convolution_layer_1/seg_l4_128_convolution_layer_1/convolution/merged_input
Outpus:
	point_net_1/seg_l4_128_convolution_layer_1/seg_l4_128_convolution_layer_1/convolution/merged_input:0=[1, 1, 128, 128], 1
2026-02-22 09:22:39,527 - tf2onnx.tfonnx - DEBUG - Process node: point_net_1/seg_l4_128_convolution_layer_1/batch_normalization_41_1/batchnorm/sub
OP=Const
Name=point_net_1/seg_l4_128_convolution_layer_1/batch_normalization_41_1/batchnorm/sub
Outpus:
	point_net_1/seg_l4_128_convolution_layer_1/batch_normalization_41_1/batchnorm/sub:0=[128], 1
2026-02-22 09:22:39,528 - tf2onnx.tfonnx - DEBUG - Process node: point_net_1/seg_l3_128_convolution_layer_1/seg_l3_128_convolution_layer_1/convolution/merged_input
OP=Const
Name=point_net_1/seg_l3_128_convolution_layer_1/seg_l3_128_convolution_layer_1/convolution/merged_input
Outpus:
	point_net_1/seg_l3_128_convolution_layer_1/seg_l3_128_convolution_layer_1/convolution/merged_input:0=[1, 1, 256, 128], 1
2026-02-22 09:22:39,528 - tf2onnx.tfonnx - DEBUG - Process node: point_net_1/seg_l3_128_convolution_layer_1/batch_normalization_40_1/batchnorm/sub
OP=Const
Name=point_net_1/seg_l3_128_convolution_layer_1/batch_normalization_40_1/batchnorm/sub
Outpus:
	point_net_1/seg_l3_128_convolution_layer_1/batch_normalization_40_1/batchnorm/sub:0=[128], 1
2026-02-22 09:22:39,529 - tf2onnx.tfonnx - DEBUG - Process node: point_net_1/seg_l2_256_convolution_layer_1/seg_l2_256_convolution_layer_1/convolution/merged_input
OP=Const
Name=point_net_1/seg_l2_256_convolution_layer_1/seg_l2_256_convolution_layer_1/convolution/merged_input
Outpus:
	point_net_1/seg_l2_256_convolution_layer_1/seg_l2_256_convolution_layer_1/convolution/merged_input:0=[1, 1, 512, 256], 1
2026-02-22 09:22:39,529 - tf2onnx.tfonnx - DEBUG - Process node: point_net_1/seg_l2_256_convolution_layer_1/batch_normalization_39_1/batchnorm/sub
OP=Const
Name=point_net_1/seg_l2_256_convolution_layer_1/batch_normalization_39_1/batchnorm/sub
Outpus:
	point_net_1/seg_l2_256_convolution_layer_1/batch_normalization_39_1/batchnorm/sub:0=[256], 1
2026-02-22 09:22:39,530 - tf2onnx.tfonnx - DEBUG - Process node: point_net_1/seg_l1_512_convolution_layer_1/seg_l1_512_convolution_layer_1/convolution/merged_input
OP=Const
Name=point_net_1/seg_l1_512_convolution_layer_1/seg_l1_512_convolution_layer_1/convolution/merged_input
Outpus:
	point_net_1/seg_l1_512_convolution_layer_1/seg_l1_512_convolution_layer_1/convolution/merged_input:0=[1, 1, 1088, 512], 1
2026-02-22 09:22:39,531 - tf2onnx.tfonnx - DEBUG - Process node: point_net_1/seg_l1_512_convolution_layer_1/batch_normalization_38_1/batchnorm/sub
OP=Const
Name=point_net_1/seg_l1_512_convolution_layer_1/batch_normalization_38_1/batchnorm/sub
Outpus:
	point_net_1/seg_l1_512_convolution_layer_1/batch_normalization_38_1/batchnorm/sub:0=[512], 1
2026-02-22 09:22:39,532 - tf2onnx.tfonnx - DEBUG - Process node: point_net_1/s3_l2_256_dense_layer_1/s3_l2_256_dense_layer_1/Cast/ReadVariableOp
OP=Const
Name=point_net_1/s3_l2_256_dense_layer_1/s3_l2_256_dense_layer_1/Cast/ReadVariableOp
Outpus:
	point_net_1/s3_l2_256_dense_layer_1/s3_l2_256_dense_layer_1/Cast/ReadVariableOp:0=[512, 256], 1
2026-02-22 09:22:39,532 - tf2onnx.tfonnx - DEBUG - Process node: point_net_1/s3_l2_256_dense_layer_1/batch_normalization_37_1/batchnorm/sub
OP=Const
Name=point_net_1/s3_l2_256_dense_layer_1/batch_normalization_37_1/batchnorm/sub
Outpus:
	point_net_1/s3_l2_256_dense_layer_1/batch_normalization_37_1/batchnorm/sub:0=[256], 1
2026-02-22 09:22:39,533 - tf2onnx.tfonnx - DEBUG - Process node: point_net_1/s3_l2_256_dense_layer_1/batch_normalization_37_1/batchnorm/mul
OP=Const
Name=point_net_1/s3_l2_256_dense_layer_1/batch_normalization_37_1/batchnorm/mul
Outpus:
	point_net_1/s3_l2_256_dense_layer_1/batch_normalization_37_1/batchnorm/mul:0=[256], 1
2026-02-22 09:22:39,533 - tf2onnx.tfonnx - DEBUG - Process node: point_net_1/s3_l1_512_dense_layer_1/s3_l1_512_dense_layer_1/Cast/ReadVariableOp
OP=Const
Name=point_net_1/s3_l1_512_dense_layer_1/s3_l1_512_dense_layer_1/Cast/ReadVariableOp
Outpus:
	point_net_1/s3_l1_512_dense_layer_1/s3_l1_512_dense_layer_1/Cast/ReadVariableOp:0=[1024, 512], 1
2026-02-22 09:22:39,534 - tf2onnx.tfonnx - DEBUG - Process node: point_net_1/s3_l1_512_dense_layer_1/batch_normalization_36_1/batchnorm/sub
OP=Const
Name=point_net_1/s3_l1_512_dense_layer_1/batch_normalization_36_1/batchnorm/sub
Outpus:
	point_net_1/s3_l1_512_dense_layer_1/batch_normalization_36_1/batchnorm/sub:0=[512], 1
2026-02-22 09:22:39,534 - tf2onnx.tfonnx - DEBUG - Process node: point_net_1/s3_l1_512_dense_layer_1/batch_normalization_36_1/batchnorm/mul
OP=Const
Name=point_net_1/s3_l1_512_dense_layer_1/batch_normalization_36_1/batchnorm/mul
Outpus:
	point_net_1/s3_l1_512_dense_layer_1/batch_normalization_36_1/batchnorm/mul:0=[512], 1
2026-02-22 09:22:39,534 - tf2onnx.tfonnx - DEBUG - Process node: point_net_1/s2_l3_1024_convolution_layer_1/s2_l3_1024_convolution_layer_1/convolution/merged_input
OP=Const
Name=point_net_1/s2_l3_1024_convolution_layer_1/s2_l3_1024_convolution_layer_1/convolution/merged_input
Outpus:
	point_net_1/s2_l3_1024_convolution_layer_1/s2_l3_1024_convolution_layer_1/convolution/merged_input:0=[1, 1, 128, 1024], 1
2026-02-22 09:22:39,535 - tf2onnx.tfonnx - DEBUG - Process node: point_net_1/s2_l3_1024_convolution_layer_1/batch_normalization_35_1/batchnorm/sub
OP=Const
Name=point_net_1/s2_l3_1024_convolution_layer_1/batch_normalization_35_1/batchnorm/sub
Outpus:
	point_net_1/s2_l3_1024_convolution_layer_1/batch_normalization_35_1/batchnorm/sub:0=[1024], 1
2026-02-22 09:22:39,535 - tf2onnx.tfonnx - DEBUG - Process node: point_net_1/s2_l2_128_convolution_layer_1/s2_l2_128_convolution_layer_1/convolution/merged_input
OP=Const
Name=point_net_1/s2_l2_128_convolution_layer_1/s2_l2_128_convolution_layer_1/convolution/merged_input
Outpus:
	point_net_1/s2_l2_128_convolution_layer_1/s2_l2_128_convolution_layer_1/convolution/merged_input:0=[1, 1, 64, 128], 1
2026-02-22 09:22:39,535 - tf2onnx.tfonnx - DEBUG - Process node: point_net_1/s2_l2_128_convolution_layer_1/batch_normalization_34_1/batchnorm/sub
OP=Const
Name=point_net_1/s2_l2_128_convolution_layer_1/batch_normalization_34_1/batchnorm/sub
Outpus:
	point_net_1/s2_l2_128_convolution_layer_1/batch_normalization_34_1/batchnorm/sub:0=[128], 1
2026-02-22 09:22:39,536 - tf2onnx.tfonnx - DEBUG - Process node: point_net_1/s2_l1_64_convolution_layer_1/s2_l1_64_convolution_layer_1/convolution/merged_input
OP=Const
Name=point_net_1/s2_l1_64_convolution_layer_1/s2_l1_64_convolution_layer_1/convolution/merged_input
Outpus:
	point_net_1/s2_l1_64_convolution_layer_1/s2_l1_64_convolution_layer_1/convolution/merged_input:0=[1, 1, 64, 64], 1
2026-02-22 09:22:39,536 - tf2onnx.tfonnx - DEBUG - Process node: point_net_1/s2_l1_64_convolution_layer_1/batch_normalization_33_1/batchnorm/sub
OP=Const
Name=point_net_1/s2_l1_64_convolution_layer_1/batch_normalization_33_1/batchnorm/sub
Outpus:
	point_net_1/s2_l1_64_convolution_layer_1/batch_normalization_33_1/batchnorm/sub:0=[64], 1
2026-02-22 09:22:39,536 - tf2onnx.tfonnx - DEBUG - Process node: point_net_1/s1_l2_64_convolution_layer_1/s1_l2_64_convolution_layer_1/convolution/merged_input
OP=Const
Name=point_net_1/s1_l2_64_convolution_layer_1/s1_l2_64_convolution_layer_1/convolution/merged_input
Outpus:
	point_net_1/s1_l2_64_convolution_layer_1/s1_l2_64_convolution_layer_1/convolution/merged_input:0=[1, 1, 64, 64], 1
2026-02-22 09:22:39,537 - tf2onnx.tfonnx - DEBUG - Process node: point_net_1/s1_l2_64_convolution_layer_1/batch_normalization_27_1/batchnorm/sub
OP=Const
Name=point_net_1/s1_l2_64_convolution_layer_1/batch_normalization_27_1/batchnorm/sub
Outpus:
	point_net_1/s1_l2_64_convolution_layer_1/batch_normalization_27_1/batchnorm/sub:0=[64], 1
2026-02-22 09:22:39,537 - tf2onnx.tfonnx - DEBUG - Process node: point_net_1/s1_l1_64_convolution_layer_1/s1_l1_64_convolution_layer_1/convolution/merged_input
OP=Const
Name=point_net_1/s1_l1_64_convolution_layer_1/s1_l1_64_convolution_layer_1/convolution/merged_input
Outpus:
	point_net_1/s1_l1_64_convolution_layer_1/s1_l1_64_convolution_layer_1/convolution/merged_input:0=[1, 1, 3, 64], 1
2026-02-22 09:22:39,537 - tf2onnx.tfonnx - DEBUG - Process node: point_net_1/s1_l1_64_convolution_layer_1/batch_normalization_26_1/batchnorm/sub
OP=Const
Name=point_net_1/s1_l1_64_convolution_layer_1/batch_normalization_26_1/batchnorm/sub
Outpus:
	point_net_1/s1_l1_64_convolution_layer_1/batch_normalization_26_1/batchnorm/sub:0=[64], 1
2026-02-22 09:22:39,538 - tf2onnx.tfonnx - DEBUG - Process node: point_net_1/output_dense_layer_1/output_dense_layer_1/Cast/ReadVariableOp
OP=Const
Name=point_net_1/output_dense_layer_1/output_dense_layer_1/Cast/ReadVariableOp
Outpus:
	point_net_1/output_dense_layer_1/output_dense_layer_1/Cast/ReadVariableOp:0=[256, 23], 1
2026-02-22 09:22:39,538 - tf2onnx.tfonnx - DEBUG - Process node: point_net_1/output_dense_layer_1/output_dense_layer_1/BiasAdd/ReadVariableOp
OP=Const
Name=point_net_1/output_dense_layer_1/output_dense_layer_1/BiasAdd/ReadVariableOp
Outpus:
	point_net_1/output_dense_layer_1/output_dense_layer_1/BiasAdd/ReadVariableOp:0=[23], 1
2026-02-22 09:22:39,538 - tf2onnx.tfonnx - DEBUG - Process node: point_net_1/input_transform_1/input_transform_dense_layer_2_dense_layer_1/input_transform_dense_layer_2_dense_layer_1/Cast/ReadVariableOp
OP=Const
Name=point_net_1/input_transform_1/input_transform_dense_layer_2_dense_layer_1/input_transform_dense_layer_2_dense_layer_1/Cast/ReadVariableOp
Outpus:
	point_net_1/input_transform_1/input_transform_dense_layer_2_dense_layer_1/input_transform_dense_layer_2_dense_layer_1/Cast/ReadVariableOp:0=[512, 256], 1
2026-02-22 09:22:39,539 - tf2onnx.tfonnx - DEBUG - Process node: point_net_1/input_transform_1/input_transform_dense_layer_2_dense_layer_1/batch_normalization_25_1/batchnorm/sub
OP=Const
Name=point_net_1/input_transform_1/input_transform_dense_layer_2_dense_layer_1/batch_normalization_25_1/batchnorm/sub
Outpus:
	point_net_1/input_transform_1/input_transform_dense_layer_2_dense_layer_1/batch_normalization_25_1/batchnorm/sub:0=[256], 1
2026-02-22 09:22:39,539 - tf2onnx.tfonnx - DEBUG - Process node: point_net_1/input_transform_1/input_transform_dense_layer_2_dense_layer_1/batch_normalization_25_1/batchnorm/mul
OP=Const
Name=point_net_1/input_transform_1/input_transform_dense_layer_2_dense_layer_1/batch_normalization_25_1/batchnorm/mul
Outpus:
	point_net_1/input_transform_1/input_transform_dense_layer_2_dense_layer_1/batch_normalization_25_1/batchnorm/mul:0=[256], 1
2026-02-22 09:22:39,539 - tf2onnx.tfonnx - DEBUG - Process node: point_net_1/input_transform_1/input_transform_dense_layer_1_dense_layer_1/input_transform_dense_layer_1_dense_layer_1/Cast/ReadVariableOp
OP=Const
Name=point_net_1/input_transform_1/input_transform_dense_layer_1_dense_layer_1/input_transform_dense_layer_1_dense_layer_1/Cast/ReadVariableOp
Outpus:
	point_net_1/input_transform_1/input_transform_dense_layer_1_dense_layer_1/input_transform_dense_layer_1_dense_layer_1/Cast/ReadVariableOp:0=[1024, 512], 1
2026-02-22 09:22:39,540 - tf2onnx.tfonnx - DEBUG - Process node: point_net_1/input_transform_1/input_transform_dense_layer_1_dense_layer_1/batch_normalization_24_1/batchnorm/sub
OP=Const
Name=point_net_1/input_transform_1/input_transform_dense_layer_1_dense_layer_1/batch_normalization_24_1/batchnorm/sub
Outpus:
	point_net_1/input_transform_1/input_transform_dense_layer_1_dense_layer_1/batch_normalization_24_1/batchnorm/sub:0=[512], 1
2026-02-22 09:22:39,540 - tf2onnx.tfonnx - DEBUG - Process node: point_net_1/input_transform_1/input_transform_dense_layer_1_dense_layer_1/batch_normalization_24_1/batchnorm/mul
OP=Const
Name=point_net_1/input_transform_1/input_transform_dense_layer_1_dense_layer_1/batch_normalization_24_1/batchnorm/mul
Outpus:
	point_net_1/input_transform_1/input_transform_dense_layer_1_dense_layer_1/batch_normalization_24_1/batchnorm/mul:0=[512], 1
2026-02-22 09:22:39,541 - tf2onnx.tfonnx - DEBUG - Process node: point_net_1/input_transform_1/input_transform_convolution_layer_3_convolution_layer_1/input_transform_convolution_layer_3_convolution_layer_1/convolution/merged_input
OP=Const
Name=point_net_1/input_transform_1/input_transform_convolution_layer_3_convolution_layer_1/input_transform_convolution_layer_3_convolution_layer_1/convolution/merged_input
Outpus:
	point_net_1/input_transform_1/input_transform_convolution_layer_3_convolution_layer_1/input_transform_convolution_layer_3_convolution_layer_1/convolution/merged_input:0=[1, 1, 128, 1024], 1
2026-02-22 09:22:39,541 - tf2onnx.tfonnx - DEBUG - Process node: point_net_1/input_transform_1/input_transform_convolution_layer_3_convolution_layer_1/batch_normalization_23_1/batchnorm/sub
OP=Const
Name=point_net_1/input_transform_1/input_transform_convolution_layer_3_convolution_layer_1/batch_normalization_23_1/batchnorm/sub
Outpus:
	point_net_1/input_transform_1/input_transform_convolution_layer_3_convolution_layer_1/batch_normalization_23_1/batchnorm/sub:0=[1024], 1
2026-02-22 09:22:39,542 - tf2onnx.tfonnx - DEBUG - Process node: point_net_1/input_transform_1/input_transform_convolution_layer_2_convolution_layer_1/input_transform_convolution_layer_2_convolution_layer_1/convolution/merged_input
OP=Const
Name=point_net_1/input_transform_1/input_transform_convolution_layer_2_convolution_layer_1/input_transform_convolution_layer_2_convolution_layer_1/convolution/merged_input
Outpus:
	point_net_1/input_transform_1/input_transform_convolution_layer_2_convolution_layer_1/input_transform_convolution_layer_2_convolution_layer_1/convolution/merged_input:0=[1, 1, 64, 128], 1
2026-02-22 09:22:39,542 - tf2onnx.tfonnx - DEBUG - Process node: point_net_1/input_transform_1/input_transform_convolution_layer_2_convolution_layer_1/batch_normalization_22_1/batchnorm/sub
OP=Const
Name=point_net_1/input_transform_1/input_transform_convolution_layer_2_convolution_layer_1/batch_normalization_22_1/batchnorm/sub
Outpus:
	point_net_1/input_transform_1/input_transform_convolution_layer_2_convolution_layer_1/batch_normalization_22_1/batchnorm/sub:0=[128], 1
2026-02-22 09:22:39,542 - tf2onnx.tfonnx - DEBUG - Process node: point_net_1/input_transform_1/input_transform_convolution_layer_1_convolution_layer_1/input_transform_convolution_layer_1_convolution_layer_1/convolution/merged_input
OP=Const
Name=point_net_1/input_transform_1/input_transform_convolution_layer_1_convolution_layer_1/input_transform_convolution_layer_1_convolution_layer_1/convolution/merged_input
Outpus:
	point_net_1/input_transform_1/input_transform_convolution_layer_1_convolution_layer_1/input_transform_convolution_layer_1_convolution_layer_1/convolution/merged_input:0=[1, 1, 3, 64], 1
2026-02-22 09:22:39,542 - tf2onnx.tfonnx - DEBUG - Process node: point_net_1/input_transform_1/input_transform_convolution_layer_1_convolution_layer_1/batch_normalization_21_1/batchnorm/sub
OP=Const
Name=point_net_1/input_transform_1/input_transform_convolution_layer_1_convolution_layer_1/batch_normalization_21_1/batchnorm/sub
Outpus:
	point_net_1/input_transform_1/input_transform_convolution_layer_1_convolution_layer_1/batch_normalization_21_1/batchnorm/sub:0=[64], 1
2026-02-22 09:22:39,543 - tf2onnx.tfonnx - DEBUG - Process node: point_net_1/input_transform_1/add/ReadVariableOp
OP=Const
Name=point_net_1/input_transform_1/add/ReadVariableOp
Outpus:
	point_net_1/input_transform_1/add/ReadVariableOp:0=[3, 3], 1
2026-02-22 09:22:39,543 - tf2onnx.tfonnx - DEBUG - Process node: point_net_1/input_transform_1/Reshape/shape
OP=Const
Name=point_net_1/input_transform_1/Reshape/shape
Outpus:
	point_net_1/input_transform_1/Reshape/shape:0=[3], 6
2026-02-22 09:22:39,543 - tf2onnx.tfonnx - DEBUG - Process node: point_net_1/input_transform_1/Max/reduction_indices
OP=Const
Name=point_net_1/input_transform_1/Max/reduction_indices
Outpus:
	point_net_1/input_transform_1/Max/reduction_indices:0=[], 6
2026-02-22 09:22:39,544 - tf2onnx.tfonnx - DEBUG - Process node: point_net_1/input_transform_1/MatMul/ReadVariableOp
OP=Const
Name=point_net_1/input_transform_1/MatMul/ReadVariableOp
Outpus:
	point_net_1/input_transform_1/MatMul/ReadVariableOp:0=[256, 9], 1
2026-02-22 09:22:39,544 - tf2onnx.tfonnx - DEBUG - Process node: point_net_1/input_transform_1/ExpandDims_1/dim
OP=Const
Name=point_net_1/input_transform_1/ExpandDims_1/dim
Outpus:
	point_net_1/input_transform_1/ExpandDims_1/dim:0=[], 6
2026-02-22 09:22:39,545 - tf2onnx.tfonnx - DEBUG - Process node: point_net_1/input_transform_1/ExpandDims/dim
OP=Const
Name=point_net_1/input_transform_1/ExpandDims/dim
Outpus:
	point_net_1/input_transform_1/ExpandDims/dim:0=[], 6
2026-02-22 09:22:39,545 - tf2onnx.tfonnx - DEBUG - Process node: point_net_1/input_normalization_1/Sum/reduction_indices
OP=Const
Name=point_net_1/input_normalization_1/Sum/reduction_indices
Outpus:
	point_net_1/input_normalization_1/Sum/reduction_indices:0=[], 6
2026-02-22 09:22:39,546 - tf2onnx.tfonnx - DEBUG - Process node: point_net_1/input_normalization_1/Mean/reduction_indices
OP=Const
Name=point_net_1/input_normalization_1/Mean/reduction_indices
Outpus:
	point_net_1/input_normalization_1/Mean/reduction_indices:0=[], 6
2026-02-22 09:22:39,546 - tf2onnx.tfonnx - DEBUG - Process node: point_net_1/input_normalization_1/Maximum/y
OP=Const
Name=point_net_1/input_normalization_1/Maximum/y
Outpus:
	point_net_1/input_normalization_1/Maximum/y:0=[], 1
2026-02-22 09:22:39,547 - tf2onnx.tfonnx - DEBUG - Process node: point_net_1/input_normalization_1/Max/reduction_indices
OP=Const
Name=point_net_1/input_normalization_1/Max/reduction_indices
Outpus:
	point_net_1/input_normalization_1/Max/reduction_indices:0=[], 6
2026-02-22 09:22:39,547 - tf2onnx.tfonnx - DEBUG - Process node: point_net_1/input_normalization_1/ExpandDims/dim
OP=Const
Name=point_net_1/input_normalization_1/ExpandDims/dim
Outpus:
	point_net_1/input_normalization_1/ExpandDims/dim:0=[], 6
2026-02-22 09:22:39,548 - tf2onnx.tfonnx - DEBUG - Process node: point_net_1/feature_transform_1/feature_transform_dense_layer_2_dense_layer_1/feature_transform_dense_layer_2_dense_layer_1/Cast/ReadVariableOp
OP=Const
Name=point_net_1/feature_transform_1/feature_transform_dense_layer_2_dense_layer_1/feature_transform_dense_layer_2_dense_layer_1/Cast/ReadVariableOp
Outpus:
	point_net_1/feature_transform_1/feature_transform_dense_layer_2_dense_layer_1/feature_transform_dense_layer_2_dense_layer_1/Cast/ReadVariableOp:0=[512, 256], 1
2026-02-22 09:22:39,548 - tf2onnx.tfonnx - DEBUG - Process node: point_net_1/feature_transform_1/feature_transform_dense_layer_2_dense_layer_1/batch_normalization_32_1/batchnorm/sub
OP=Const
Name=point_net_1/feature_transform_1/feature_transform_dense_layer_2_dense_layer_1/batch_normalization_32_1/batchnorm/sub
Outpus:
	point_net_1/feature_transform_1/feature_transform_dense_layer_2_dense_layer_1/batch_normalization_32_1/batchnorm/sub:0=[256], 1
2026-02-22 09:22:39,549 - tf2onnx.tfonnx - DEBUG - Process node: point_net_1/feature_transform_1/feature_transform_dense_layer_2_dense_layer_1/batch_normalization_32_1/batchnorm/mul
OP=Const
Name=point_net_1/feature_transform_1/feature_transform_dense_layer_2_dense_layer_1/batch_normalization_32_1/batchnorm/mul
Outpus:
	point_net_1/feature_transform_1/feature_transform_dense_layer_2_dense_layer_1/batch_normalization_32_1/batchnorm/mul:0=[256], 1
2026-02-22 09:22:39,549 - tf2onnx.tfonnx - DEBUG - Process node: point_net_1/feature_transform_1/feature_transform_dense_layer_1_dense_layer_1/feature_transform_dense_layer_1_dense_layer_1/Cast/ReadVariableOp
OP=Const
Name=point_net_1/feature_transform_1/feature_transform_dense_layer_1_dense_layer_1/feature_transform_dense_layer_1_dense_layer_1/Cast/ReadVariableOp
Outpus:
	point_net_1/feature_transform_1/feature_transform_dense_layer_1_dense_layer_1/feature_transform_dense_layer_1_dense_layer_1/Cast/ReadVariableOp:0=[1024, 512], 1
2026-02-22 09:22:39,550 - tf2onnx.tfonnx - DEBUG - Process node: point_net_1/feature_transform_1/feature_transform_dense_layer_1_dense_layer_1/batch_normalization_31_1/batchnorm/sub
OP=Const
Name=point_net_1/feature_transform_1/feature_transform_dense_layer_1_dense_layer_1/batch_normalization_31_1/batchnorm/sub
Outpus:
	point_net_1/feature_transform_1/feature_transform_dense_layer_1_dense_layer_1/batch_normalization_31_1/batchnorm/sub:0=[512], 1
2026-02-22 09:22:39,550 - tf2onnx.tfonnx - DEBUG - Process node: point_net_1/feature_transform_1/feature_transform_dense_layer_1_dense_layer_1/batch_normalization_31_1/batchnorm/mul
OP=Const
Name=point_net_1/feature_transform_1/feature_transform_dense_layer_1_dense_layer_1/batch_normalization_31_1/batchnorm/mul
Outpus:
	point_net_1/feature_transform_1/feature_transform_dense_layer_1_dense_layer_1/batch_normalization_31_1/batchnorm/mul:0=[512], 1
2026-02-22 09:22:39,551 - tf2onnx.tfonnx - DEBUG - Process node: point_net_1/feature_transform_1/feature_transform_convolution_layer_3_convolution_layer_1/feature_transform_convolution_layer_3_convolution_layer_1/convolution/merged_input
OP=Const
Name=point_net_1/feature_transform_1/feature_transform_convolution_layer_3_convolution_layer_1/feature_transform_convolution_layer_3_convolution_layer_1/convolution/merged_input
Outpus:
	point_net_1/feature_transform_1/feature_transform_convolution_layer_3_convolution_layer_1/feature_transform_convolution_layer_3_convolution_layer_1/convolution/merged_input:0=[1, 1, 128, 1024], 1
2026-02-22 09:22:39,551 - tf2onnx.tfonnx - DEBUG - Process node: point_net_1/feature_transform_1/feature_transform_convolution_layer_3_convolution_layer_1/batch_normalization_30_1/batchnorm/sub
OP=Const
Name=point_net_1/feature_transform_1/feature_transform_convolution_layer_3_convolution_layer_1/batch_normalization_30_1/batchnorm/sub
Outpus:
	point_net_1/feature_transform_1/feature_transform_convolution_layer_3_convolution_layer_1/batch_normalization_30_1/batchnorm/sub:0=[1024], 1
2026-02-22 09:22:39,552 - tf2onnx.tfonnx - DEBUG - Process node: point_net_1/feature_transform_1/feature_transform_convolution_layer_2_convolution_layer_1/feature_transform_convolution_layer_2_convolution_layer_1/convolution/merged_input
OP=Const
Name=point_net_1/feature_transform_1/feature_transform_convolution_layer_2_convolution_layer_1/feature_transform_convolution_layer_2_convolution_layer_1/convolution/merged_input
Outpus:
	point_net_1/feature_transform_1/feature_transform_convolution_layer_2_convolution_layer_1/feature_transform_convolution_layer_2_convolution_layer_1/convolution/merged_input:0=[1, 1, 64, 128], 1
2026-02-22 09:22:39,552 - tf2onnx.tfonnx - DEBUG - Process node: point_net_1/feature_transform_1/feature_transform_convolution_layer_2_convolution_layer_1/batch_normalization_29_1/batchnorm/sub
OP=Const
Name=point_net_1/feature_transform_1/feature_transform_convolution_layer_2_convolution_layer_1/batch_normalization_29_1/batchnorm/sub
Outpus:
	point_net_1/feature_transform_1/feature_transform_convolution_layer_2_convolution_layer_1/batch_normalization_29_1/batchnorm/sub:0=[128], 1
2026-02-22 09:22:39,552 - tf2onnx.tfonnx - DEBUG - Process node: point_net_1/feature_transform_1/feature_transform_convolution_layer_1_convolution_layer_1/feature_transform_convolution_layer_1_convolution_layer_1/convolution/merged_input
OP=Const
Name=point_net_1/feature_transform_1/feature_transform_convolution_layer_1_convolution_layer_1/feature_transform_convolution_layer_1_convolution_layer_1/convolution/merged_input
Outpus:
	point_net_1/feature_transform_1/feature_transform_convolution_layer_1_convolution_layer_1/feature_transform_convolution_layer_1_convolution_layer_1/convolution/merged_input:0=[1, 1, 64, 64], 1
2026-02-22 09:22:39,553 - tf2onnx.tfonnx - DEBUG - Process node: point_net_1/feature_transform_1/feature_transform_convolution_layer_1_convolution_layer_1/batch_normalization_28_1/batchnorm/sub
OP=Const
Name=point_net_1/feature_transform_1/feature_transform_convolution_layer_1_convolution_layer_1/batch_normalization_28_1/batchnorm/sub
Outpus:
	point_net_1/feature_transform_1/feature_transform_convolution_layer_1_convolution_layer_1/batch_normalization_28_1/batchnorm/sub:0=[64], 1
2026-02-22 09:22:39,553 - tf2onnx.tfonnx - DEBUG - Process node: point_net_1/feature_transform_1/add/ReadVariableOp
OP=Const
Name=point_net_1/feature_transform_1/add/ReadVariableOp
Outpus:
	point_net_1/feature_transform_1/add/ReadVariableOp:0=[64, 64], 1
2026-02-22 09:22:39,553 - tf2onnx.tfonnx - DEBUG - Process node: point_net_1/feature_transform_1/Reshape/shape
OP=Const
Name=point_net_1/feature_transform_1/Reshape/shape
Outpus:
	point_net_1/feature_transform_1/Reshape/shape:0=[3], 6
2026-02-22 09:22:39,554 - tf2onnx.tfonnx - DEBUG - Process node: point_net_1/feature_transform_1/Max/reduction_indices
OP=Const
Name=point_net_1/feature_transform_1/Max/reduction_indices
Outpus:
	point_net_1/feature_transform_1/Max/reduction_indices:0=[], 6
2026-02-22 09:22:39,554 - tf2onnx.tfonnx - DEBUG - Process node: point_net_1/feature_transform_1/MatMul/ReadVariableOp
OP=Const
Name=point_net_1/feature_transform_1/MatMul/ReadVariableOp
Outpus:
	point_net_1/feature_transform_1/MatMul/ReadVariableOp:0=[256, 4096], 1
2026-02-22 09:22:39,554 - tf2onnx.tfonnx - DEBUG - Process node: point_net_1/feature_transform_1/ExpandDims_1/dim
OP=Const
Name=point_net_1/feature_transform_1/ExpandDims_1/dim
Outpus:
	point_net_1/feature_transform_1/ExpandDims_1/dim:0=[], 6
2026-02-22 09:22:39,555 - tf2onnx.tfonnx - DEBUG - Process node: point_net_1/feature_transform_1/ExpandDims/dim
OP=Const
Name=point_net_1/feature_transform_1/ExpandDims/dim
Outpus:
	point_net_1/feature_transform_1/ExpandDims/dim:0=[], 6
2026-02-22 09:22:39,555 - tf2onnx.tfonnx - DEBUG - Process node: point_net_1/concat/axis
OP=Const
Name=point_net_1/concat/axis
Outpus:
	point_net_1/concat/axis:0=[], 6
2026-02-22 09:22:39,555 - tf2onnx.tfonnx - DEBUG - Process node: point_net_1/Tile/multiples
OP=Const
Name=point_net_1/Tile/multiples
Outpus:
	point_net_1/Tile/multiples:0=[3], 6
2026-02-22 09:22:39,556 - tf2onnx.tfonnx - DEBUG - Process node: point_net_1/Max/reduction_indices
OP=Const
Name=point_net_1/Max/reduction_indices
Outpus:
	point_net_1/Max/reduction_indices:0=[], 6
2026-02-22 09:22:39,556 - tf2onnx.tfonnx - DEBUG - Process node: point_net_1/ExpandDims_3/dim
OP=Const
Name=point_net_1/ExpandDims_3/dim
Outpus:
	point_net_1/ExpandDims_3/dim:0=[], 6
2026-02-22 09:22:39,557 - tf2onnx.tfonnx - DEBUG - Process node: point_net_1/ExpandDims_2/dim
OP=Const
Name=point_net_1/ExpandDims_2/dim
Outpus:
	point_net_1/ExpandDims_2/dim:0=[], 6
2026-02-22 09:22:39,557 - tf2onnx.tfonnx - DEBUG - Process node: point_net_1/ExpandDims_1/dim
OP=Const
Name=point_net_1/ExpandDims_1/dim
Outpus:
	point_net_1/ExpandDims_1/dim:0=[], 6
2026-02-22 09:22:39,558 - tf2onnx.tfonnx - DEBUG - Process node: point_net_1/ExpandDims/dim
OP=Const
Name=point_net_1/ExpandDims/dim
Outpus:
	point_net_1/ExpandDims/dim:0=[], 6
2026-02-22 09:22:39,558 - tf2onnx.tfonnx - DEBUG - Process node: args_0
OP=Placeholder
Name=args_0
Outpus:
	args_0=[-1, 8192, 3], 1
2026-02-22 09:22:39,558 - tf2onnx.tfonnx - DEBUG - Process node: point_net_1/input_normalization_1/Mean
OP=Mean
Name=point_net_1/input_normalization_1/Mean
Inputs:
	args_0=Placeholder, [-1, 8192, 3], 1
	point_net_1/input_normalization_1/Mean/reduction_indices:0=Const, [], 6
Outpus:
	point_net_1/input_normalization_1/Mean:0=[-1, 1, 3], 1
2026-02-22 09:22:39,559 - tf2onnx.tfonnx - DEBUG - Process node: point_net_1/input_normalization_1/sub
OP=Sub
Name=point_net_1/input_normalization_1/sub
Inputs:
	args_0=Placeholder, [-1, 8192, 3], 1
	point_net_1/input_normalization_1/Mean:0=ReduceMean, [-1, 1, 3], 1
Outpus:
	point_net_1/input_normalization_1/sub:0=[-1, 8192, 3], 1
2026-02-22 09:22:39,559 - tf2onnx.tfonnx - DEBUG - Process node: point_net_1/input_normalization_1/Square
OP=Square
Name=point_net_1/input_normalization_1/Square
Inputs:
	point_net_1/input_normalization_1/sub:0=Sub, [-1, 8192, 3], 1
Outpus:
	point_net_1/input_normalization_1/Square:0=[-1, 8192, 3], 1
2026-02-22 09:22:39,560 - tf2onnx.tfonnx - DEBUG - Process node: point_net_1/input_normalization_1/Sum
OP=Sum
Name=point_net_1/input_normalization_1/Sum
Inputs:
	point_net_1/input_normalization_1/Square:0=Mul, [-1, 8192, 3], 1
	point_net_1/input_normalization_1/Sum/reduction_indices:0=Const, [], 6
Outpus:
	point_net_1/input_normalization_1/Sum:0=[-1, 8192], 1
2026-02-22 09:22:39,560 - tf2onnx.graph - DEBUG - Making node: Name=point_net_1/input_normalization_1/Sum__181, OP=Cast
2026-02-22 09:22:39,560 - tf2onnx.graph - DEBUG - Infer shape and dtype for [point_net_1/input_normalization_1/Sum__181]
2026-02-22 09:22:39,561 - tf2onnx.graph - DEBUG - Set dtype of [point_net_1/input_normalization_1/Sum__181:0] to 7
2026-02-22 09:22:39,561 - tf2onnx.graph - DEBUG - Set shape of [point_net_1/input_normalization_1/Sum__181:0] to []
2026-02-22 09:22:39,562 - tf2onnx.graph - DEBUG - Made node: point_net_1/input_normalization_1/Sum__181
OP=Cast
Name=point_net_1/input_normalization_1/Sum__181
Inputs:
	point_net_1/input_normalization_1/Sum/reduction_indices:0=Const, [], 6
Outpus:
	point_net_1/input_normalization_1/Sum__181:0=[], 7
2026-02-22 09:22:39,562 - tf2onnx.graph - DEBUG - Making node: Name=reshape_const__182, OP=Const
2026-02-22 09:22:39,563 - tf2onnx.graph - DEBUG - Made node: reshape_const__182
OP=Const
Name=reshape_const__182
Outpus:
	reshape_const__182=None, 7
2026-02-22 09:22:39,563 - tf2onnx.graph - DEBUG - Making node: Name=point_net_1/input_normalization_1/Sum__183, OP=Reshape
2026-02-22 09:22:39,564 - tf2onnx.graph - DEBUG - Infer shape and dtype for [point_net_1/input_normalization_1/Sum__183]
2026-02-22 09:22:39,564 - tf2onnx.graph - DEBUG - Set dtype of [point_net_1/input_normalization_1/Sum__183:0] to 7
2026-02-22 09:22:39,565 - tf2onnx.graph - DEBUG - Set shape of [point_net_1/input_normalization_1/Sum__183:0] to [1]
2026-02-22 09:22:39,565 - tf2onnx.graph - DEBUG - Made node: point_net_1/input_normalization_1/Sum__183
OP=Reshape
Name=point_net_1/input_normalization_1/Sum__183
Inputs:
	point_net_1/input_normalization_1/Sum__181:0=Cast, [], 7
	reshape_const__182=Const, [1], 7
Outpus:
	point_net_1/input_normalization_1/Sum__183:0=[1], 7
2026-02-22 09:22:39,565 - tf2onnx.tfonnx - DEBUG - Process node: point_net_1/input_normalization_1/Sqrt
OP=Sqrt
Name=point_net_1/input_normalization_1/Sqrt
Inputs:
	point_net_1/input_normalization_1/Sum:0=ReduceSum, [-1, 8192], 1
Outpus:
	point_net_1/input_normalization_1/Sqrt:0=[-1, 8192], 1
2026-02-22 09:22:39,566 - tf2onnx.tfonnx - DEBUG - Process node: point_net_1/input_normalization_1/Max
OP=Max
Name=point_net_1/input_normalization_1/Max
Inputs:
	point_net_1/input_normalization_1/Sqrt:0=Sqrt, [-1, 8192], 1
	point_net_1/input_normalization_1/Max/reduction_indices:0=Const, [], 6
Outpus:
	point_net_1/input_normalization_1/Max:0=[-1, 1], 1
2026-02-22 09:22:39,567 - tf2onnx.tfonnx - DEBUG - Process node: point_net_1/input_normalization_1/ExpandDims
OP=ExpandDims
Name=point_net_1/input_normalization_1/ExpandDims
Inputs:
	point_net_1/input_normalization_1/Max:0=ReduceMax, [-1, 1], 1
	point_net_1/input_normalization_1/ExpandDims/dim:0=Const, [], 6
Outpus:
	point_net_1/input_normalization_1/ExpandDims:0=[-1, 1, 1], 1
2026-02-22 09:22:39,567 - tf2onnx.graph - DEBUG - Making node: Name=point_net_1/input_normalization_1/ExpandDims__184, OP=Cast
2026-02-22 09:22:39,567 - tf2onnx.graph - DEBUG - Infer shape and dtype for [point_net_1/input_normalization_1/ExpandDims__184]
2026-02-22 09:22:39,568 - tf2onnx.graph - DEBUG - Set dtype of [point_net_1/input_normalization_1/ExpandDims__184:0] to 7
2026-02-22 09:22:39,568 - tf2onnx.graph - DEBUG - Set shape of [point_net_1/input_normalization_1/ExpandDims__184:0] to []
2026-02-22 09:22:39,569 - tf2onnx.graph - DEBUG - Made node: point_net_1/input_normalization_1/ExpandDims__184
OP=Cast
Name=point_net_1/input_normalization_1/ExpandDims__184
Inputs:
	point_net_1/input_normalization_1/ExpandDims/dim:0=Const, [], 6
Outpus:
	point_net_1/input_normalization_1/ExpandDims__184:0=[], 7
2026-02-22 09:22:39,569 - tf2onnx.graph - DEBUG - Making node: Name=reshape_const__185, OP=Const
2026-02-22 09:22:39,570 - tf2onnx.graph - DEBUG - Made node: reshape_const__185
OP=Const
Name=reshape_const__185
Outpus:
	reshape_const__185=None, 7
2026-02-22 09:22:39,570 - tf2onnx.graph - DEBUG - Making node: Name=Reshape__186, OP=Reshape
2026-02-22 09:22:39,570 - tf2onnx.graph - DEBUG - Infer shape and dtype for [Reshape__186]
2026-02-22 09:22:39,571 - tf2onnx.graph - DEBUG - Set dtype of [Reshape__186:0] to 7
2026-02-22 09:22:39,571 - tf2onnx.graph - DEBUG - Set shape of [Reshape__186:0] to [1]
2026-02-22 09:22:39,572 - tf2onnx.graph - DEBUG - Made node: Reshape__186
OP=Reshape
Name=Reshape__186
Inputs:
	point_net_1/input_normalization_1/ExpandDims__184:0=Cast, [], 7
	reshape_const__185=Const, [1], 7
Outpus:
	Reshape__186:0=[1], 7
2026-02-22 09:22:39,572 - tf2onnx.tfonnx - DEBUG - Process node: point_net_1/input_normalization_1/Maximum
OP=Maximum
Name=point_net_1/input_normalization_1/Maximum
Inputs:
	point_net_1/input_normalization_1/ExpandDims:0=Unsqueeze, [-1, 1, 1], 1
	point_net_1/input_normalization_1/Maximum/y:0=Const, [], 1
Outpus:
	point_net_1/input_normalization_1/Maximum:0=[-1, 1, 1], 1
2026-02-22 09:22:39,572 - tf2onnx.tfonnx - DEBUG - Process node: point_net_1/input_normalization_1/truediv
OP=RealDiv
Name=point_net_1/input_normalization_1/truediv
Inputs:
	point_net_1/input_normalization_1/sub:0=Sub, [-1, 8192, 3], 1
	point_net_1/input_normalization_1/Maximum:0=Max, [-1, 1, 1], 1
Outpus:
	point_net_1/input_normalization_1/truediv:0=[-1, 8192, 3], 1
2026-02-22 09:22:39,573 - tf2onnx.tfonnx - DEBUG - Process node: point_net_1/input_transform_1/ExpandDims
OP=ExpandDims
Name=point_net_1/input_transform_1/ExpandDims
Inputs:
	point_net_1/input_normalization_1/truediv:0=Div, [-1, 8192, 3], 1
	point_net_1/input_transform_1/ExpandDims/dim:0=Const, [], 6
Outpus:
	point_net_1/input_transform_1/ExpandDims:0=[-1, 8192, 1, 3], 1
2026-02-22 09:22:39,574 - tf2onnx.graph - DEBUG - Making node: Name=point_net_1/input_transform_1/ExpandDims__187, OP=Cast
2026-02-22 09:22:39,574 - tf2onnx.graph - DEBUG - Infer shape and dtype for [point_net_1/input_transform_1/ExpandDims__187]
2026-02-22 09:22:39,575 - tf2onnx.graph - DEBUG - Set dtype of [point_net_1/input_transform_1/ExpandDims__187:0] to 7
2026-02-22 09:22:39,575 - tf2onnx.graph - DEBUG - Set shape of [point_net_1/input_transform_1/ExpandDims__187:0] to []
2026-02-22 09:22:39,576 - tf2onnx.graph - DEBUG - Made node: point_net_1/input_transform_1/ExpandDims__187
OP=Cast
Name=point_net_1/input_transform_1/ExpandDims__187
Inputs:
	point_net_1/input_transform_1/ExpandDims/dim:0=Const, [], 6
Outpus:
	point_net_1/input_transform_1/ExpandDims__187:0=[], 7
2026-02-22 09:22:39,576 - tf2onnx.graph - DEBUG - Making node: Name=reshape_const__188, OP=Const
2026-02-22 09:22:39,577 - tf2onnx.graph - DEBUG - Made node: reshape_const__188
OP=Const
Name=reshape_const__188
Outpus:
	reshape_const__188=None, 7
2026-02-22 09:22:39,577 - tf2onnx.graph - DEBUG - Making node: Name=Reshape__189, OP=Reshape
2026-02-22 09:22:39,578 - tf2onnx.graph - DEBUG - Infer shape and dtype for [Reshape__189]
2026-02-22 09:22:39,578 - tf2onnx.graph - DEBUG - Set dtype of [Reshape__189:0] to 7
2026-02-22 09:22:39,579 - tf2onnx.graph - DEBUG - Set shape of [Reshape__189:0] to [1]
2026-02-22 09:22:39,579 - tf2onnx.graph - DEBUG - Made node: Reshape__189
OP=Reshape
Name=Reshape__189
Inputs:
	point_net_1/input_transform_1/ExpandDims__187:0=Cast, [], 7
	reshape_const__188=Const, [1], 7
Outpus:
	Reshape__189:0=[1], 7
2026-02-22 09:22:39,579 - tf2onnx.tfonnx - DEBUG - Process node: point_net_1/input_transform_1/input_transform_convolution_layer_1_convolution_layer_1/batch_normalization_21_1/batchnorm/mul_1
OP=Conv2D
Name=point_net_1/input_transform_1/input_transform_convolution_layer_1_convolution_layer_1/batch_normalization_21_1/batchnorm/mul_1
Inputs:
	point_net_1/input_transform_1/ExpandDims:0=Unsqueeze, [-1, 8192, 1, 3], 1
	point_net_1/input_transform_1/input_transform_convolution_layer_1_convolution_layer_1/input_transform_convolution_layer_1_convolution_layer_1/convolution/merged_input:0=Const, [1, 1, 3, 64], 1
Outpus:
	point_net_1/input_transform_1/input_transform_convolution_layer_1_convolution_layer_1/batch_normalization_21_1/batchnorm/mul_1:0=[-1, 8192, 1, 64], 1
2026-02-22 09:22:39,580 - tf2onnx.graph - DEBUG - Making node: Name=point_net_1/input_transform_1/input_transform_convolution_layer_1_convolution_layer_1/batch_normalization_21_1/batchnorm/mul_1__190, OP=Transpose
2026-02-22 09:22:39,580 - tf2onnx.graph - DEBUG - Infer shape and dtype for [point_net_1/input_transform_1/input_transform_convolution_layer_1_convolution_layer_1/batch_normalization_21_1/batchnorm/mul_1__190]
2026-02-22 09:22:39,581 - tf2onnx.graph - DEBUG - Set dtype of [point_net_1/input_transform_1/input_transform_convolution_layer_1_convolution_layer_1/batch_normalization_21_1/batchnorm/mul_1__190:0] to 1
2026-02-22 09:22:39,581 - tf2onnx.graph - DEBUG - Set shape of [point_net_1/input_transform_1/input_transform_convolution_layer_1_convolution_layer_1/batch_normalization_21_1/batchnorm/mul_1__190:0] to [3, 1, 8192, -1]
2026-02-22 09:22:39,582 - tf2onnx.graph - DEBUG - Made node: point_net_1/input_transform_1/input_transform_convolution_layer_1_convolution_layer_1/batch_normalization_21_1/batchnorm/mul_1__190
OP=Transpose
Name=point_net_1/input_transform_1/input_transform_convolution_layer_1_convolution_layer_1/batch_normalization_21_1/batchnorm/mul_1__190
Inputs:
	point_net_1/input_transform_1/ExpandDims:0=Unsqueeze, [-1, 8192, 1, 3], 1
Outpus:
	point_net_1/input_transform_1/input_transform_convolution_layer_1_convolution_layer_1/batch_normalization_21_1/batchnorm/mul_1__190:0=[3, 1, 8192, -1], 1
2026-02-22 09:22:39,582 - tf2onnx.graph - DEBUG - Making node: Name=point_net_1/input_transform_1/input_transform_convolution_layer_1_convolution_layer_1/batch_normalization_21_1/batchnorm/mul_1__192, OP=Transpose
2026-02-22 09:22:39,583 - tf2onnx.graph - DEBUG - Infer shape and dtype for [point_net_1/input_transform_1/input_transform_convolution_layer_1_convolution_layer_1/batch_normalization_21_1/batchnorm/mul_1__192]
2026-02-22 09:22:39,584 - tf2onnx.graph - DEBUG - Set dtype of [point_net_1/input_transform_1/input_transform_convolution_layer_1_convolution_layer_1/batch_normalization_21_1/batchnorm/mul_1__192:0] to 1
2026-02-22 09:22:39,584 - tf2onnx.graph - DEBUG - Set shape of [point_net_1/input_transform_1/input_transform_convolution_layer_1_convolution_layer_1/batch_normalization_21_1/batchnorm/mul_1__192:0] to [64, 1, 8192, -1]
2026-02-22 09:22:39,584 - tf2onnx.graph - DEBUG - Made node: point_net_1/input_transform_1/input_transform_convolution_layer_1_convolution_layer_1/batch_normalization_21_1/batchnorm/mul_1__192
OP=Transpose
Name=point_net_1/input_transform_1/input_transform_convolution_layer_1_convolution_layer_1/batch_normalization_21_1/batchnorm/mul_1__192
Inputs:
	point_net_1/input_transform_1/input_transform_convolution_layer_1_convolution_layer_1/batch_normalization_21_1/batchnorm/mul_1:0=Conv, [-1, 8192, 1, 64], 1
Outpus:
	point_net_1/input_transform_1/input_transform_convolution_layer_1_convolution_layer_1/batch_normalization_21_1/batchnorm/mul_1__192:0=[64, 1, 8192, -1], 1
2026-02-22 09:22:39,585 - tf2onnx.tfonnx - DEBUG - Process node: point_net_1/input_transform_1/input_transform_convolution_layer_1_convolution_layer_1/batch_normalization_21_1/batchnorm/add_1
OP=AddV2
Name=point_net_1/input_transform_1/input_transform_convolution_layer_1_convolution_layer_1/batch_normalization_21_1/batchnorm/add_1
Inputs:
	point_net_1/input_transform_1/input_transform_convolution_layer_1_convolution_layer_1/batch_normalization_21_1/batchnorm/mul_1__192:0=Transpose, [-1, 8192, 1, 64], 1
	point_net_1/input_transform_1/input_transform_convolution_layer_1_convolution_layer_1/batch_normalization_21_1/batchnorm/sub:0=Const, [64], 1
Outpus:
	point_net_1/input_transform_1/input_transform_convolution_layer_1_convolution_layer_1/batch_normalization_21_1/batchnorm/add_1:0=[-1, 8192, 1, 64], 1
2026-02-22 09:22:39,585 - tf2onnx.tfonnx - DEBUG - Process node: point_net_1/input_transform_1/input_transform_convolution_layer_1_convolution_layer_1/Relu
OP=Relu
Name=point_net_1/input_transform_1/input_transform_convolution_layer_1_convolution_layer_1/Relu
Inputs:
	point_net_1/input_transform_1/input_transform_convolution_layer_1_convolution_layer_1/batch_normalization_21_1/batchnorm/add_1:0=Add, [-1, 8192, 1, 64], 1
Outpus:
	point_net_1/input_transform_1/input_transform_convolution_layer_1_convolution_layer_1/Relu:0=[-1, 8192, 1, 64], 1
2026-02-22 09:22:39,586 - tf2onnx.tfonnx - DEBUG - Process node: point_net_1/input_transform_1/input_transform_convolution_layer_2_convolution_layer_1/batch_normalization_22_1/batchnorm/mul_1
OP=Conv2D
Name=point_net_1/input_transform_1/input_transform_convolution_layer_2_convolution_layer_1/batch_normalization_22_1/batchnorm/mul_1
Inputs:
	point_net_1/input_transform_1/input_transform_convolution_layer_1_convolution_layer_1/Relu:0=Relu, [-1, 8192, 1, 64], 1
	point_net_1/input_transform_1/input_transform_convolution_layer_2_convolution_layer_1/input_transform_convolution_layer_2_convolution_layer_1/convolution/merged_input:0=Const, [1, 1, 64, 128], 1
Outpus:
	point_net_1/input_transform_1/input_transform_convolution_layer_2_convolution_layer_1/batch_normalization_22_1/batchnorm/mul_1:0=[-1, 8192, 1, 128], 1
2026-02-22 09:22:39,586 - tf2onnx.graph - DEBUG - Making node: Name=point_net_1/input_transform_1/input_transform_convolution_layer_2_convolution_layer_1/batch_normalization_22_1/batchnorm/mul_1__194, OP=Transpose
2026-02-22 09:22:39,587 - tf2onnx.graph - DEBUG - Infer shape and dtype for [point_net_1/input_transform_1/input_transform_convolution_layer_2_convolution_layer_1/batch_normalization_22_1/batchnorm/mul_1__194]
2026-02-22 09:22:39,588 - tf2onnx.graph - DEBUG - Set dtype of [point_net_1/input_transform_1/input_transform_convolution_layer_2_convolution_layer_1/batch_normalization_22_1/batchnorm/mul_1__194:0] to 1
2026-02-22 09:22:39,588 - tf2onnx.graph - DEBUG - Set shape of [point_net_1/input_transform_1/input_transform_convolution_layer_2_convolution_layer_1/batch_normalization_22_1/batchnorm/mul_1__194:0] to [64, 1, 8192, -1]
2026-02-22 09:22:39,588 - tf2onnx.graph - DEBUG - Made node: point_net_1/input_transform_1/input_transform_convolution_layer_2_convolution_layer_1/batch_normalization_22_1/batchnorm/mul_1__194
OP=Transpose
Name=point_net_1/input_transform_1/input_transform_convolution_layer_2_convolution_layer_1/batch_normalization_22_1/batchnorm/mul_1__194
Inputs:
	point_net_1/input_transform_1/input_transform_convolution_layer_1_convolution_layer_1/Relu:0=Relu, [-1, 8192, 1, 64], 1
Outpus:
	point_net_1/input_transform_1/input_transform_convolution_layer_2_convolution_layer_1/batch_normalization_22_1/batchnorm/mul_1__194:0=[64, 1, 8192, -1], 1
2026-02-22 09:22:39,589 - tf2onnx.graph - DEBUG - Making node: Name=point_net_1/input_transform_1/input_transform_convolution_layer_2_convolution_layer_1/batch_normalization_22_1/batchnorm/mul_1__196, OP=Transpose
2026-02-22 09:22:39,589 - tf2onnx.graph - DEBUG - Infer shape and dtype for [point_net_1/input_transform_1/input_transform_convolution_layer_2_convolution_layer_1/batch_normalization_22_1/batchnorm/mul_1__196]
2026-02-22 09:22:39,590 - tf2onnx.graph - DEBUG - Set dtype of [point_net_1/input_transform_1/input_transform_convolution_layer_2_convolution_layer_1/batch_normalization_22_1/batchnorm/mul_1__196:0] to 1
2026-02-22 09:22:39,590 - tf2onnx.graph - DEBUG - Set shape of [point_net_1/input_transform_1/input_transform_convolution_layer_2_convolution_layer_1/batch_normalization_22_1/batchnorm/mul_1__196:0] to [128, 1, 8192, -1]
2026-02-22 09:22:39,590 - tf2onnx.graph - DEBUG - Made node: point_net_1/input_transform_1/input_transform_convolution_layer_2_convolution_layer_1/batch_normalization_22_1/batchnorm/mul_1__196
OP=Transpose
Name=point_net_1/input_transform_1/input_transform_convolution_layer_2_convolution_layer_1/batch_normalization_22_1/batchnorm/mul_1__196
Inputs:
	point_net_1/input_transform_1/input_transform_convolution_layer_2_convolution_layer_1/batch_normalization_22_1/batchnorm/mul_1:0=Conv, [-1, 8192, 1, 128], 1
Outpus:
	point_net_1/input_transform_1/input_transform_convolution_layer_2_convolution_layer_1/batch_normalization_22_1/batchnorm/mul_1__196:0=[128, 1, 8192, -1], 1
2026-02-22 09:22:39,591 - tf2onnx.tfonnx - DEBUG - Process node: point_net_1/input_transform_1/input_transform_convolution_layer_2_convolution_layer_1/batch_normalization_22_1/batchnorm/add_1
OP=AddV2
Name=point_net_1/input_transform_1/input_transform_convolution_layer_2_convolution_layer_1/batch_normalization_22_1/batchnorm/add_1
Inputs:
	point_net_1/input_transform_1/input_transform_convolution_layer_2_convolution_layer_1/batch_normalization_22_1/batchnorm/mul_1__196:0=Transpose, [-1, 8192, 1, 128], 1
	point_net_1/input_transform_1/input_transform_convolution_layer_2_convolution_layer_1/batch_normalization_22_1/batchnorm/sub:0=Const, [128], 1
Outpus:
	point_net_1/input_transform_1/input_transform_convolution_layer_2_convolution_layer_1/batch_normalization_22_1/batchnorm/add_1:0=[-1, 8192, 1, 128], 1
2026-02-22 09:22:39,591 - tf2onnx.tfonnx - DEBUG - Process node: point_net_1/input_transform_1/input_transform_convolution_layer_2_convolution_layer_1/Relu
OP=Relu
Name=point_net_1/input_transform_1/input_transform_convolution_layer_2_convolution_layer_1/Relu
Inputs:
	point_net_1/input_transform_1/input_transform_convolution_layer_2_convolution_layer_1/batch_normalization_22_1/batchnorm/add_1:0=Add, [-1, 8192, 1, 128], 1
Outpus:
	point_net_1/input_transform_1/input_transform_convolution_layer_2_convolution_layer_1/Relu:0=[-1, 8192, 1, 128], 1
2026-02-22 09:22:39,591 - tf2onnx.tfonnx - DEBUG - Process node: point_net_1/input_transform_1/input_transform_convolution_layer_3_convolution_layer_1/batch_normalization_23_1/batchnorm/mul_1
OP=Conv2D
Name=point_net_1/input_transform_1/input_transform_convolution_layer_3_convolution_layer_1/batch_normalization_23_1/batchnorm/mul_1
Inputs:
	point_net_1/input_transform_1/input_transform_convolution_layer_2_convolution_layer_1/Relu:0=Relu, [-1, 8192, 1, 128], 1
	point_net_1/input_transform_1/input_transform_convolution_layer_3_convolution_layer_1/input_transform_convolution_layer_3_convolution_layer_1/convolution/merged_input:0=Const, [1, 1, 128, 1024], 1
Outpus:
	point_net_1/input_transform_1/input_transform_convolution_layer_3_convolution_layer_1/batch_normalization_23_1/batchnorm/mul_1:0=[-1, 8192, 1, 1024], 1
2026-02-22 09:22:39,592 - tf2onnx.graph - DEBUG - Making node: Name=point_net_1/input_transform_1/input_transform_convolution_layer_3_convolution_layer_1/batch_normalization_23_1/batchnorm/mul_1__198, OP=Transpose
2026-02-22 09:22:39,592 - tf2onnx.graph - DEBUG - Infer shape and dtype for [point_net_1/input_transform_1/input_transform_convolution_layer_3_convolution_layer_1/batch_normalization_23_1/batchnorm/mul_1__198]
2026-02-22 09:22:39,593 - tf2onnx.graph - DEBUG - Set dtype of [point_net_1/input_transform_1/input_transform_convolution_layer_3_convolution_layer_1/batch_normalization_23_1/batchnorm/mul_1__198:0] to 1
2026-02-22 09:22:39,593 - tf2onnx.graph - DEBUG - Set shape of [point_net_1/input_transform_1/input_transform_convolution_layer_3_convolution_layer_1/batch_normalization_23_1/batchnorm/mul_1__198:0] to [128, 1, 8192, -1]
2026-02-22 09:22:39,594 - tf2onnx.graph - DEBUG - Made node: point_net_1/input_transform_1/input_transform_convolution_layer_3_convolution_layer_1/batch_normalization_23_1/batchnorm/mul_1__198
OP=Transpose
Name=point_net_1/input_transform_1/input_transform_convolution_layer_3_convolution_layer_1/batch_normalization_23_1/batchnorm/mul_1__198
Inputs:
	point_net_1/input_transform_1/input_transform_convolution_layer_2_convolution_layer_1/Relu:0=Relu, [-1, 8192, 1, 128], 1
Outpus:
	point_net_1/input_transform_1/input_transform_convolution_layer_3_convolution_layer_1/batch_normalization_23_1/batchnorm/mul_1__198:0=[128, 1, 8192, -1], 1
2026-02-22 09:22:39,595 - tf2onnx.graph - DEBUG - Making node: Name=point_net_1/input_transform_1/input_transform_convolution_layer_3_convolution_layer_1/batch_normalization_23_1/batchnorm/mul_1__200, OP=Transpose
2026-02-22 09:22:39,596 - tf2onnx.graph - DEBUG - Infer shape and dtype for [point_net_1/input_transform_1/input_transform_convolution_layer_3_convolution_layer_1/batch_normalization_23_1/batchnorm/mul_1__200]
2026-02-22 09:22:39,596 - tf2onnx.graph - DEBUG - Set dtype of [point_net_1/input_transform_1/input_transform_convolution_layer_3_convolution_layer_1/batch_normalization_23_1/batchnorm/mul_1__200:0] to 1
2026-02-22 09:22:39,597 - tf2onnx.graph - DEBUG - Set shape of [point_net_1/input_transform_1/input_transform_convolution_layer_3_convolution_layer_1/batch_normalization_23_1/batchnorm/mul_1__200:0] to [1024, 1, 8192, -1]
2026-02-22 09:22:39,597 - tf2onnx.graph - DEBUG - Made node: point_net_1/input_transform_1/input_transform_convolution_layer_3_convolution_layer_1/batch_normalization_23_1/batchnorm/mul_1__200
OP=Transpose
Name=point_net_1/input_transform_1/input_transform_convolution_layer_3_convolution_layer_1/batch_normalization_23_1/batchnorm/mul_1__200
Inputs:
	point_net_1/input_transform_1/input_transform_convolution_layer_3_convolution_layer_1/batch_normalization_23_1/batchnorm/mul_1:0=Conv, [-1, 8192, 1, 1024], 1
Outpus:
	point_net_1/input_transform_1/input_transform_convolution_layer_3_convolution_layer_1/batch_normalization_23_1/batchnorm/mul_1__200:0=[1024, 1, 8192, -1], 1
2026-02-22 09:22:39,597 - tf2onnx.tfonnx - DEBUG - Process node: point_net_1/input_transform_1/input_transform_convolution_layer_3_convolution_layer_1/batch_normalization_23_1/batchnorm/add_1
OP=AddV2
Name=point_net_1/input_transform_1/input_transform_convolution_layer_3_convolution_layer_1/batch_normalization_23_1/batchnorm/add_1
Inputs:
	point_net_1/input_transform_1/input_transform_convolution_layer_3_convolution_layer_1/batch_normalization_23_1/batchnorm/mul_1__200:0=Transpose, [-1, 8192, 1, 1024], 1
	point_net_1/input_transform_1/input_transform_convolution_layer_3_convolution_layer_1/batch_normalization_23_1/batchnorm/sub:0=Const, [1024], 1
Outpus:
	point_net_1/input_transform_1/input_transform_convolution_layer_3_convolution_layer_1/batch_normalization_23_1/batchnorm/add_1:0=[-1, 8192, 1, 1024], 1
2026-02-22 09:22:39,598 - tf2onnx.tfonnx - DEBUG - Process node: point_net_1/input_transform_1/input_transform_convolution_layer_3_convolution_layer_1/Relu
OP=Relu
Name=point_net_1/input_transform_1/input_transform_convolution_layer_3_convolution_layer_1/Relu
Inputs:
	point_net_1/input_transform_1/input_transform_convolution_layer_3_convolution_layer_1/batch_normalization_23_1/batchnorm/add_1:0=Add, [-1, 8192, 1, 1024], 1
Outpus:
	point_net_1/input_transform_1/input_transform_convolution_layer_3_convolution_layer_1/Relu:0=[-1, 8192, 1, 1024], 1
2026-02-22 09:22:39,598 - tf2onnx.tfonnx - DEBUG - Process node: point_net_1/input_transform_1/Squeeze
OP=Squeeze
Name=point_net_1/input_transform_1/Squeeze
Inputs:
	point_net_1/input_transform_1/input_transform_convolution_layer_3_convolution_layer_1/Relu:0=Relu, [-1, 8192, 1, 1024], 1
Outpus:
	point_net_1/input_transform_1/Squeeze:0=[-1, 8192, 1024], 1
2026-02-22 09:22:39,599 - tf2onnx.graph - DEBUG - Making node: Name=axes_const__202, OP=Const
2026-02-22 09:22:39,599 - tf2onnx.graph - DEBUG - Made node: axes_const__202
OP=Const
Name=axes_const__202
Outpus:
	axes_const__202=None, 7
2026-02-22 09:22:39,600 - tf2onnx.tfonnx - DEBUG - Process node: point_net_1/input_transform_1/Max
OP=Max
Name=point_net_1/input_transform_1/Max
Inputs:
	point_net_1/input_transform_1/Squeeze:0=Squeeze, [-1, 8192, 1024], 1
	point_net_1/input_transform_1/Max/reduction_indices:0=Const, [], 6
Outpus:
	point_net_1/input_transform_1/Max:0=[-1, 1024], 1
2026-02-22 09:22:39,600 - tf2onnx.tfonnx - DEBUG - Process node: point_net_1/input_transform_1/input_transform_dense_layer_1_dense_layer_1/input_transform_dense_layer_1_dense_layer_1/MatMul
OP=MatMul
Name=point_net_1/input_transform_1/input_transform_dense_layer_1_dense_layer_1/input_transform_dense_layer_1_dense_layer_1/MatMul
Inputs:
	point_net_1/input_transform_1/Max:0=ReduceMax, [-1, 1024], 1
	point_net_1/input_transform_1/input_transform_dense_layer_1_dense_layer_1/input_transform_dense_layer_1_dense_layer_1/Cast/ReadVariableOp:0=Const, [1024, 512], 1
Outpus:
	point_net_1/input_transform_1/input_transform_dense_layer_1_dense_layer_1/input_transform_dense_layer_1_dense_layer_1/MatMul:0=[-1, 512], 1
2026-02-22 09:22:39,601 - tf2onnx.tfonnx - DEBUG - Process node: point_net_1/input_transform_1/input_transform_dense_layer_1_dense_layer_1/batch_normalization_24_1/batchnorm/mul_1
OP=Mul
Name=point_net_1/input_transform_1/input_transform_dense_layer_1_dense_layer_1/batch_normalization_24_1/batchnorm/mul_1
Inputs:
	point_net_1/input_transform_1/input_transform_dense_layer_1_dense_layer_1/input_transform_dense_layer_1_dense_layer_1/MatMul:0=MatMul, [-1, 512], 1
	point_net_1/input_transform_1/input_transform_dense_layer_1_dense_layer_1/batch_normalization_24_1/batchnorm/mul:0=Const, [512], 1
Outpus:
	point_net_1/input_transform_1/input_transform_dense_layer_1_dense_layer_1/batch_normalization_24_1/batchnorm/mul_1:0=[-1, 512], 1
2026-02-22 09:22:39,601 - tf2onnx.tfonnx - DEBUG - Process node: point_net_1/input_transform_1/input_transform_dense_layer_1_dense_layer_1/batch_normalization_24_1/batchnorm/add_1
OP=AddV2
Name=point_net_1/input_transform_1/input_transform_dense_layer_1_dense_layer_1/batch_normalization_24_1/batchnorm/add_1
Inputs:
	point_net_1/input_transform_1/input_transform_dense_layer_1_dense_layer_1/batch_normalization_24_1/batchnorm/mul_1:0=Mul, [-1, 512], 1
	point_net_1/input_transform_1/input_transform_dense_layer_1_dense_layer_1/batch_normalization_24_1/batchnorm/sub:0=Const, [512], 1
Outpus:
	point_net_1/input_transform_1/input_transform_dense_layer_1_dense_layer_1/batch_normalization_24_1/batchnorm/add_1:0=[-1, 512], 1
2026-02-22 09:22:39,601 - tf2onnx.tfonnx - DEBUG - Process node: point_net_1/input_transform_1/input_transform_dense_layer_1_dense_layer_1/Relu
OP=Relu
Name=point_net_1/input_transform_1/input_transform_dense_layer_1_dense_layer_1/Relu
Inputs:
	point_net_1/input_transform_1/input_transform_dense_layer_1_dense_layer_1/batch_normalization_24_1/batchnorm/add_1:0=Add, [-1, 512], 1
Outpus:
	point_net_1/input_transform_1/input_transform_dense_layer_1_dense_layer_1/Relu:0=[-1, 512], 1
2026-02-22 09:22:39,602 - tf2onnx.tfonnx - DEBUG - Process node: point_net_1/input_transform_1/input_transform_dense_layer_2_dense_layer_1/input_transform_dense_layer_2_dense_layer_1/MatMul
OP=MatMul
Name=point_net_1/input_transform_1/input_transform_dense_layer_2_dense_layer_1/input_transform_dense_layer_2_dense_layer_1/MatMul
Inputs:
	point_net_1/input_transform_1/input_transform_dense_layer_1_dense_layer_1/Relu:0=Relu, [-1, 512], 1
	point_net_1/input_transform_1/input_transform_dense_layer_2_dense_layer_1/input_transform_dense_layer_2_dense_layer_1/Cast/ReadVariableOp:0=Const, [512, 256], 1
Outpus:
	point_net_1/input_transform_1/input_transform_dense_layer_2_dense_layer_1/input_transform_dense_layer_2_dense_layer_1/MatMul:0=[-1, 256], 1
2026-02-22 09:22:39,602 - tf2onnx.tfonnx - DEBUG - Process node: point_net_1/input_transform_1/input_transform_dense_layer_2_dense_layer_1/batch_normalization_25_1/batchnorm/mul_1
OP=Mul
Name=point_net_1/input_transform_1/input_transform_dense_layer_2_dense_layer_1/batch_normalization_25_1/batchnorm/mul_1
Inputs:
	point_net_1/input_transform_1/input_transform_dense_layer_2_dense_layer_1/input_transform_dense_layer_2_dense_layer_1/MatMul:0=MatMul, [-1, 256], 1
	point_net_1/input_transform_1/input_transform_dense_layer_2_dense_layer_1/batch_normalization_25_1/batchnorm/mul:0=Const, [256], 1
Outpus:
	point_net_1/input_transform_1/input_transform_dense_layer_2_dense_layer_1/batch_normalization_25_1/batchnorm/mul_1:0=[-1, 256], 1
2026-02-22 09:22:39,603 - tf2onnx.tfonnx - DEBUG - Process node: point_net_1/input_transform_1/input_transform_dense_layer_2_dense_layer_1/batch_normalization_25_1/batchnorm/add_1
OP=AddV2
Name=point_net_1/input_transform_1/input_transform_dense_layer_2_dense_layer_1/batch_normalization_25_1/batchnorm/add_1
Inputs:
	point_net_1/input_transform_1/input_transform_dense_layer_2_dense_layer_1/batch_normalization_25_1/batchnorm/mul_1:0=Mul, [-1, 256], 1
	point_net_1/input_transform_1/input_transform_dense_layer_2_dense_layer_1/batch_normalization_25_1/batchnorm/sub:0=Const, [256], 1
Outpus:
	point_net_1/input_transform_1/input_transform_dense_layer_2_dense_layer_1/batch_normalization_25_1/batchnorm/add_1:0=[-1, 256], 1
2026-02-22 09:22:39,603 - tf2onnx.tfonnx - DEBUG - Process node: point_net_1/input_transform_1/input_transform_dense_layer_2_dense_layer_1/Relu
OP=Relu
Name=point_net_1/input_transform_1/input_transform_dense_layer_2_dense_layer_1/Relu
Inputs:
	point_net_1/input_transform_1/input_transform_dense_layer_2_dense_layer_1/batch_normalization_25_1/batchnorm/add_1:0=Add, [-1, 256], 1
Outpus:
	point_net_1/input_transform_1/input_transform_dense_layer_2_dense_layer_1/Relu:0=[-1, 256], 1
2026-02-22 09:22:39,603 - tf2onnx.tfonnx - DEBUG - Process node: point_net_1/input_transform_1/ExpandDims_1
OP=ExpandDims
Name=point_net_1/input_transform_1/ExpandDims_1
Inputs:
	point_net_1/input_transform_1/input_transform_dense_layer_2_dense_layer_1/Relu:0=Relu, [-1, 256], 1
	point_net_1/input_transform_1/ExpandDims_1/dim:0=Const, [], 6
Outpus:
	point_net_1/input_transform_1/ExpandDims_1:0=[-1, 1, 256], 1
2026-02-22 09:22:39,604 - tf2onnx.graph - DEBUG - Making node: Name=point_net_1/input_transform_1/ExpandDims_1__203, OP=Cast
2026-02-22 09:22:39,604 - tf2onnx.graph - DEBUG - Infer shape and dtype for [point_net_1/input_transform_1/ExpandDims_1__203]
2026-02-22 09:22:39,605 - tf2onnx.graph - DEBUG - Set dtype of [point_net_1/input_transform_1/ExpandDims_1__203:0] to 7
2026-02-22 09:22:39,605 - tf2onnx.graph - DEBUG - Set shape of [point_net_1/input_transform_1/ExpandDims_1__203:0] to []
2026-02-22 09:22:39,606 - tf2onnx.graph - DEBUG - Made node: point_net_1/input_transform_1/ExpandDims_1__203
OP=Cast
Name=point_net_1/input_transform_1/ExpandDims_1__203
Inputs:
	point_net_1/input_transform_1/ExpandDims_1/dim:0=Const, [], 6
Outpus:
	point_net_1/input_transform_1/ExpandDims_1__203:0=[], 7
2026-02-22 09:22:39,606 - tf2onnx.graph - DEBUG - Making node: Name=reshape_const__204, OP=Const
2026-02-22 09:22:39,606 - tf2onnx.graph - DEBUG - Made node: reshape_const__204
OP=Const
Name=reshape_const__204
Outpus:
	reshape_const__204=None, 7
2026-02-22 09:22:39,607 - tf2onnx.graph - DEBUG - Making node: Name=Reshape__205, OP=Reshape
2026-02-22 09:22:39,607 - tf2onnx.graph - DEBUG - Infer shape and dtype for [Reshape__205]
2026-02-22 09:22:39,608 - tf2onnx.graph - DEBUG - Set dtype of [Reshape__205:0] to 7
2026-02-22 09:22:39,608 - tf2onnx.graph - DEBUG - Set shape of [Reshape__205:0] to [1]
2026-02-22 09:22:39,608 - tf2onnx.graph - DEBUG - Made node: Reshape__205
OP=Reshape
Name=Reshape__205
Inputs:
	point_net_1/input_transform_1/ExpandDims_1__203:0=Cast, [], 7
	reshape_const__204=Const, [1], 7
Outpus:
	Reshape__205:0=[1], 7
2026-02-22 09:22:39,609 - tf2onnx.tfonnx - DEBUG - Process node: point_net_1/input_transform_1/MatMul
OP=BatchMatMulV2
Name=point_net_1/input_transform_1/MatMul
Inputs:
	point_net_1/input_transform_1/ExpandDims_1:0=Unsqueeze, [-1, 1, 256], 1
	point_net_1/input_transform_1/MatMul/ReadVariableOp:0=Const, [256, 9], 1
Outpus:
	point_net_1/input_transform_1/MatMul:0=[-1, 1, 9], 1
2026-02-22 09:22:39,609 - tf2onnx.tfonnx - DEBUG - Process node: point_net_1/input_transform_1/Squeeze_1
OP=Squeeze
Name=point_net_1/input_transform_1/Squeeze_1
Inputs:
	point_net_1/input_transform_1/MatMul:0=MatMul, [-1, 1, 9], 1
Outpus:
	point_net_1/input_transform_1/Squeeze_1:0=[-1, 9], 1
2026-02-22 09:22:39,610 - tf2onnx.graph - DEBUG - Making node: Name=axes_const__206, OP=Const
2026-02-22 09:22:39,610 - tf2onnx.graph - DEBUG - Made node: axes_const__206
OP=Const
Name=axes_const__206
Outpus:
	axes_const__206=None, 7
2026-02-22 09:22:39,611 - tf2onnx.tfonnx - DEBUG - Process node: point_net_1/input_transform_1/Reshape
OP=Reshape
Name=point_net_1/input_transform_1/Reshape
Inputs:
	point_net_1/input_transform_1/Squeeze_1:0=Squeeze, [-1, 9], 1
	point_net_1/input_transform_1/Reshape/shape:0=Const, [3], 6
Outpus:
	point_net_1/input_transform_1/Reshape:0=[-1, 3, 3], 1
2026-02-22 09:22:39,611 - tf2onnx.graph - DEBUG - Making node: Name=point_net_1/input_transform_1/Reshape__207, OP=Cast
2026-02-22 09:22:39,611 - tf2onnx.graph - DEBUG - Infer shape and dtype for [point_net_1/input_transform_1/Reshape__207]
2026-02-22 09:22:39,612 - tf2onnx.graph - DEBUG - Set dtype of [point_net_1/input_transform_1/Reshape__207:0] to 7
2026-02-22 09:22:39,612 - tf2onnx.graph - DEBUG - Set shape of [point_net_1/input_transform_1/Reshape__207:0] to [3]
2026-02-22 09:22:39,613 - tf2onnx.graph - DEBUG - Made node: point_net_1/input_transform_1/Reshape__207
OP=Cast
Name=point_net_1/input_transform_1/Reshape__207
Inputs:
	point_net_1/input_transform_1/Reshape/shape:0=Const, [3], 6
Outpus:
	point_net_1/input_transform_1/Reshape__207:0=[3], 7
2026-02-22 09:22:39,613 - tf2onnx.tfonnx - DEBUG - Process node: point_net_1/input_transform_1/add
OP=AddV2
Name=point_net_1/input_transform_1/add
Inputs:
	point_net_1/input_transform_1/Reshape:0=Reshape, [-1, 3, 3], 1
	point_net_1/input_transform_1/add/ReadVariableOp:0=Const, [3, 3], 1
Outpus:
	point_net_1/input_transform_1/add:0=[-1, 3, 3], 1
2026-02-22 09:22:39,614 - tf2onnx.tfonnx - DEBUG - Process node: point_net_1/MatMul
OP=BatchMatMulV2
Name=point_net_1/MatMul
Inputs:
	point_net_1/input_normalization_1/truediv:0=Div, [-1, 8192, 3], 1
	point_net_1/input_transform_1/add:0=Add, [-1, 3, 3], 1
Outpus:
	point_net_1/MatMul:0=[-1, 8192, 3], 1
2026-02-22 09:22:39,614 - tf2onnx.tfonnx - DEBUG - Process node: point_net_1/ExpandDims
OP=ExpandDims
Name=point_net_1/ExpandDims
Inputs:
	point_net_1/MatMul:0=MatMul, [-1, 8192, 3], 1
	point_net_1/ExpandDims/dim:0=Const, [], 6
Outpus:
	point_net_1/ExpandDims:0=[-1, 8192, 1, 3], 1
2026-02-22 09:22:39,614 - tf2onnx.graph - DEBUG - Making node: Name=point_net_1/ExpandDims__208, OP=Cast
2026-02-22 09:22:39,615 - tf2onnx.graph - DEBUG - Infer shape and dtype for [point_net_1/ExpandDims__208]
2026-02-22 09:22:39,615 - tf2onnx.graph - DEBUG - Set dtype of [point_net_1/ExpandDims__208:0] to 7
2026-02-22 09:22:39,616 - tf2onnx.graph - DEBUG - Set shape of [point_net_1/ExpandDims__208:0] to []
2026-02-22 09:22:39,616 - tf2onnx.graph - DEBUG - Made node: point_net_1/ExpandDims__208
OP=Cast
Name=point_net_1/ExpandDims__208
Inputs:
	point_net_1/ExpandDims/dim:0=Const, [], 6
Outpus:
	point_net_1/ExpandDims__208:0=[], 7
2026-02-22 09:22:39,616 - tf2onnx.graph - DEBUG - Making node: Name=reshape_const__209, OP=Const
2026-02-22 09:22:39,617 - tf2onnx.graph - DEBUG - Made node: reshape_const__209
OP=Const
Name=reshape_const__209
Outpus:
	reshape_const__209=None, 7
2026-02-22 09:22:39,617 - tf2onnx.graph - DEBUG - Making node: Name=Reshape__210, OP=Reshape
2026-02-22 09:22:39,617 - tf2onnx.graph - DEBUG - Infer shape and dtype for [Reshape__210]
2026-02-22 09:22:39,618 - tf2onnx.graph - DEBUG - Set dtype of [Reshape__210:0] to 7
2026-02-22 09:22:39,618 - tf2onnx.graph - DEBUG - Set shape of [Reshape__210:0] to [1]
2026-02-22 09:22:39,619 - tf2onnx.graph - DEBUG - Made node: Reshape__210
OP=Reshape
Name=Reshape__210
Inputs:
	point_net_1/ExpandDims__208:0=Cast, [], 7
	reshape_const__209=Const, [1], 7
Outpus:
	Reshape__210:0=[1], 7
2026-02-22 09:22:39,619 - tf2onnx.tfonnx - DEBUG - Process node: point_net_1/s1_l1_64_convolution_layer_1/batch_normalization_26_1/batchnorm/mul_1
OP=Conv2D
Name=point_net_1/s1_l1_64_convolution_layer_1/batch_normalization_26_1/batchnorm/mul_1
Inputs:
	point_net_1/ExpandDims:0=Unsqueeze, [-1, 8192, 1, 3], 1
	point_net_1/s1_l1_64_convolution_layer_1/s1_l1_64_convolution_layer_1/convolution/merged_input:0=Const, [1, 1, 3, 64], 1
Outpus:
	point_net_1/s1_l1_64_convolution_layer_1/batch_normalization_26_1/batchnorm/mul_1:0=[-1, 8192, 1, 64], 1
2026-02-22 09:22:39,619 - tf2onnx.graph - DEBUG - Making node: Name=point_net_1/s1_l1_64_convolution_layer_1/batch_normalization_26_1/batchnorm/mul_1__211, OP=Transpose
2026-02-22 09:22:39,620 - tf2onnx.graph - DEBUG - Infer shape and dtype for [point_net_1/s1_l1_64_convolution_layer_1/batch_normalization_26_1/batchnorm/mul_1__211]
2026-02-22 09:22:39,620 - tf2onnx.graph - DEBUG - Set dtype of [point_net_1/s1_l1_64_convolution_layer_1/batch_normalization_26_1/batchnorm/mul_1__211:0] to 1
2026-02-22 09:22:39,621 - tf2onnx.graph - DEBUG - Set shape of [point_net_1/s1_l1_64_convolution_layer_1/batch_normalization_26_1/batchnorm/mul_1__211:0] to [3, 1, 8192, -1]
2026-02-22 09:22:39,621 - tf2onnx.graph - DEBUG - Made node: point_net_1/s1_l1_64_convolution_layer_1/batch_normalization_26_1/batchnorm/mul_1__211
OP=Transpose
Name=point_net_1/s1_l1_64_convolution_layer_1/batch_normalization_26_1/batchnorm/mul_1__211
Inputs:
	point_net_1/ExpandDims:0=Unsqueeze, [-1, 8192, 1, 3], 1
Outpus:
	point_net_1/s1_l1_64_convolution_layer_1/batch_normalization_26_1/batchnorm/mul_1__211:0=[3, 1, 8192, -1], 1
2026-02-22 09:22:39,621 - tf2onnx.graph - DEBUG - Making node: Name=point_net_1/s1_l1_64_convolution_layer_1/batch_normalization_26_1/batchnorm/mul_1__213, OP=Transpose
2026-02-22 09:22:39,622 - tf2onnx.graph - DEBUG - Infer shape and dtype for [point_net_1/s1_l1_64_convolution_layer_1/batch_normalization_26_1/batchnorm/mul_1__213]
2026-02-22 09:22:39,622 - tf2onnx.graph - DEBUG - Set dtype of [point_net_1/s1_l1_64_convolution_layer_1/batch_normalization_26_1/batchnorm/mul_1__213:0] to 1
2026-02-22 09:22:39,623 - tf2onnx.graph - DEBUG - Set shape of [point_net_1/s1_l1_64_convolution_layer_1/batch_normalization_26_1/batchnorm/mul_1__213:0] to [64, 1, 8192, -1]
2026-02-22 09:22:39,623 - tf2onnx.graph - DEBUG - Made node: point_net_1/s1_l1_64_convolution_layer_1/batch_normalization_26_1/batchnorm/mul_1__213
OP=Transpose
Name=point_net_1/s1_l1_64_convolution_layer_1/batch_normalization_26_1/batchnorm/mul_1__213
Inputs:
	point_net_1/s1_l1_64_convolution_layer_1/batch_normalization_26_1/batchnorm/mul_1:0=Conv, [-1, 8192, 1, 64], 1
Outpus:
	point_net_1/s1_l1_64_convolution_layer_1/batch_normalization_26_1/batchnorm/mul_1__213:0=[64, 1, 8192, -1], 1
2026-02-22 09:22:39,623 - tf2onnx.tfonnx - DEBUG - Process node: point_net_1/s1_l1_64_convolution_layer_1/batch_normalization_26_1/batchnorm/add_1
OP=AddV2
Name=point_net_1/s1_l1_64_convolution_layer_1/batch_normalization_26_1/batchnorm/add_1
Inputs:
	point_net_1/s1_l1_64_convolution_layer_1/batch_normalization_26_1/batchnorm/mul_1__213:0=Transpose, [-1, 8192, 1, 64], 1
	point_net_1/s1_l1_64_convolution_layer_1/batch_normalization_26_1/batchnorm/sub:0=Const, [64], 1
Outpus:
	point_net_1/s1_l1_64_convolution_layer_1/batch_normalization_26_1/batchnorm/add_1:0=[-1, 8192, 1, 64], 1
2026-02-22 09:22:39,624 - tf2onnx.tfonnx - DEBUG - Process node: point_net_1/s1_l1_64_convolution_layer_1/Relu
OP=Relu
Name=point_net_1/s1_l1_64_convolution_layer_1/Relu
Inputs:
	point_net_1/s1_l1_64_convolution_layer_1/batch_normalization_26_1/batchnorm/add_1:0=Add, [-1, 8192, 1, 64], 1
Outpus:
	point_net_1/s1_l1_64_convolution_layer_1/Relu:0=[-1, 8192, 1, 64], 1
2026-02-22 09:22:39,624 - tf2onnx.tfonnx - DEBUG - Process node: point_net_1/s1_l2_64_convolution_layer_1/batch_normalization_27_1/batchnorm/mul_1
OP=Conv2D
Name=point_net_1/s1_l2_64_convolution_layer_1/batch_normalization_27_1/batchnorm/mul_1
Inputs:
	point_net_1/s1_l1_64_convolution_layer_1/Relu:0=Relu, [-1, 8192, 1, 64], 1
	point_net_1/s1_l2_64_convolution_layer_1/s1_l2_64_convolution_layer_1/convolution/merged_input:0=Const, [1, 1, 64, 64], 1
Outpus:
	point_net_1/s1_l2_64_convolution_layer_1/batch_normalization_27_1/batchnorm/mul_1:0=[-1, 8192, 1, 64], 1
2026-02-22 09:22:39,624 - tf2onnx.graph - DEBUG - Making node: Name=point_net_1/s1_l2_64_convolution_layer_1/batch_normalization_27_1/batchnorm/mul_1__215, OP=Transpose
2026-02-22 09:22:39,625 - tf2onnx.graph - DEBUG - Infer shape and dtype for [point_net_1/s1_l2_64_convolution_layer_1/batch_normalization_27_1/batchnorm/mul_1__215]
2026-02-22 09:22:39,625 - tf2onnx.graph - DEBUG - Set dtype of [point_net_1/s1_l2_64_convolution_layer_1/batch_normalization_27_1/batchnorm/mul_1__215:0] to 1
2026-02-22 09:22:39,626 - tf2onnx.graph - DEBUG - Set shape of [point_net_1/s1_l2_64_convolution_layer_1/batch_normalization_27_1/batchnorm/mul_1__215:0] to [64, 1, 8192, -1]
2026-02-22 09:22:39,626 - tf2onnx.graph - DEBUG - Made node: point_net_1/s1_l2_64_convolution_layer_1/batch_normalization_27_1/batchnorm/mul_1__215
OP=Transpose
Name=point_net_1/s1_l2_64_convolution_layer_1/batch_normalization_27_1/batchnorm/mul_1__215
Inputs:
	point_net_1/s1_l1_64_convolution_layer_1/Relu:0=Relu, [-1, 8192, 1, 64], 1
Outpus:
	point_net_1/s1_l2_64_convolution_layer_1/batch_normalization_27_1/batchnorm/mul_1__215:0=[64, 1, 8192, -1], 1
2026-02-22 09:22:39,626 - tf2onnx.graph - DEBUG - Making node: Name=point_net_1/s1_l2_64_convolution_layer_1/batch_normalization_27_1/batchnorm/mul_1__217, OP=Transpose
2026-02-22 09:22:39,627 - tf2onnx.graph - DEBUG - Infer shape and dtype for [point_net_1/s1_l2_64_convolution_layer_1/batch_normalization_27_1/batchnorm/mul_1__217]
2026-02-22 09:22:39,627 - tf2onnx.graph - DEBUG - Set dtype of [point_net_1/s1_l2_64_convolution_layer_1/batch_normalization_27_1/batchnorm/mul_1__217:0] to 1
2026-02-22 09:22:39,628 - tf2onnx.graph - DEBUG - Set shape of [point_net_1/s1_l2_64_convolution_layer_1/batch_normalization_27_1/batchnorm/mul_1__217:0] to [64, 1, 8192, -1]
2026-02-22 09:22:39,628 - tf2onnx.graph - DEBUG - Made node: point_net_1/s1_l2_64_convolution_layer_1/batch_normalization_27_1/batchnorm/mul_1__217
OP=Transpose
Name=point_net_1/s1_l2_64_convolution_layer_1/batch_normalization_27_1/batchnorm/mul_1__217
Inputs:
	point_net_1/s1_l2_64_convolution_layer_1/batch_normalization_27_1/batchnorm/mul_1:0=Conv, [-1, 8192, 1, 64], 1
Outpus:
	point_net_1/s1_l2_64_convolution_layer_1/batch_normalization_27_1/batchnorm/mul_1__217:0=[64, 1, 8192, -1], 1
2026-02-22 09:22:39,628 - tf2onnx.tfonnx - DEBUG - Process node: point_net_1/s1_l2_64_convolution_layer_1/batch_normalization_27_1/batchnorm/add_1
OP=AddV2
Name=point_net_1/s1_l2_64_convolution_layer_1/batch_normalization_27_1/batchnorm/add_1
Inputs:
	point_net_1/s1_l2_64_convolution_layer_1/batch_normalization_27_1/batchnorm/mul_1__217:0=Transpose, [-1, 8192, 1, 64], 1
	point_net_1/s1_l2_64_convolution_layer_1/batch_normalization_27_1/batchnorm/sub:0=Const, [64], 1
Outpus:
	point_net_1/s1_l2_64_convolution_layer_1/batch_normalization_27_1/batchnorm/add_1:0=[-1, 8192, 1, 64], 1
2026-02-22 09:22:39,629 - tf2onnx.tfonnx - DEBUG - Process node: point_net_1/s1_l2_64_convolution_layer_1/Relu
OP=Relu
Name=point_net_1/s1_l2_64_convolution_layer_1/Relu
Inputs:
	point_net_1/s1_l2_64_convolution_layer_1/batch_normalization_27_1/batchnorm/add_1:0=Add, [-1, 8192, 1, 64], 1
Outpus:
	point_net_1/s1_l2_64_convolution_layer_1/Relu:0=[-1, 8192, 1, 64], 1
2026-02-22 09:22:39,629 - tf2onnx.tfonnx - DEBUG - Process node: point_net_1/Squeeze
OP=Squeeze
Name=point_net_1/Squeeze
Inputs:
	point_net_1/s1_l2_64_convolution_layer_1/Relu:0=Relu, [-1, 8192, 1, 64], 1
Outpus:
	point_net_1/Squeeze:0=[-1, 8192, 64], 1
2026-02-22 09:22:39,629 - tf2onnx.graph - DEBUG - Making node: Name=axes_const__219, OP=Const
2026-02-22 09:22:39,630 - tf2onnx.graph - DEBUG - Made node: axes_const__219
OP=Const
Name=axes_const__219
Outpus:
	axes_const__219=None, 7
2026-02-22 09:22:39,630 - tf2onnx.tfonnx - DEBUG - Process node: point_net_1/feature_transform_1/ExpandDims
OP=ExpandDims
Name=point_net_1/feature_transform_1/ExpandDims
Inputs:
	point_net_1/Squeeze:0=Squeeze, [-1, 8192, 64], 1
	point_net_1/feature_transform_1/ExpandDims/dim:0=Const, [], 6
Outpus:
	point_net_1/feature_transform_1/ExpandDims:0=[-1, 8192, 1, 64], 1
2026-02-22 09:22:39,630 - tf2onnx.graph - DEBUG - Making node: Name=point_net_1/feature_transform_1/ExpandDims__220, OP=Cast
2026-02-22 09:22:39,631 - tf2onnx.graph - DEBUG - Infer shape and dtype for [point_net_1/feature_transform_1/ExpandDims__220]
2026-02-22 09:22:39,631 - tf2onnx.graph - DEBUG - Set dtype of [point_net_1/feature_transform_1/ExpandDims__220:0] to 7
2026-02-22 09:22:39,632 - tf2onnx.graph - DEBUG - Set shape of [point_net_1/feature_transform_1/ExpandDims__220:0] to []
2026-02-22 09:22:39,632 - tf2onnx.graph - DEBUG - Made node: point_net_1/feature_transform_1/ExpandDims__220
OP=Cast
Name=point_net_1/feature_transform_1/ExpandDims__220
Inputs:
	point_net_1/feature_transform_1/ExpandDims/dim:0=Const, [], 6
Outpus:
	point_net_1/feature_transform_1/ExpandDims__220:0=[], 7
2026-02-22 09:22:39,632 - tf2onnx.graph - DEBUG - Making node: Name=reshape_const__221, OP=Const
2026-02-22 09:22:39,633 - tf2onnx.graph - DEBUG - Made node: reshape_const__221
OP=Const
Name=reshape_const__221
Outpus:
	reshape_const__221=None, 7
2026-02-22 09:22:39,633 - tf2onnx.graph - DEBUG - Making node: Name=Reshape__222, OP=Reshape
2026-02-22 09:22:39,633 - tf2onnx.graph - DEBUG - Infer shape and dtype for [Reshape__222]
2026-02-22 09:22:39,634 - tf2onnx.graph - DEBUG - Set dtype of [Reshape__222:0] to 7
2026-02-22 09:22:39,634 - tf2onnx.graph - DEBUG - Set shape of [Reshape__222:0] to [1]
2026-02-22 09:22:39,635 - tf2onnx.graph - DEBUG - Made node: Reshape__222
OP=Reshape
Name=Reshape__222
Inputs:
	point_net_1/feature_transform_1/ExpandDims__220:0=Cast, [], 7
	reshape_const__221=Const, [1], 7
Outpus:
	Reshape__222:0=[1], 7
2026-02-22 09:22:39,635 - tf2onnx.tfonnx - DEBUG - Process node: point_net_1/feature_transform_1/feature_transform_convolution_layer_1_convolution_layer_1/batch_normalization_28_1/batchnorm/mul_1
OP=Conv2D
Name=point_net_1/feature_transform_1/feature_transform_convolution_layer_1_convolution_layer_1/batch_normalization_28_1/batchnorm/mul_1
Inputs:
	point_net_1/feature_transform_1/ExpandDims:0=Unsqueeze, [-1, 8192, 1, 64], 1
	point_net_1/feature_transform_1/feature_transform_convolution_layer_1_convolution_layer_1/feature_transform_convolution_layer_1_convolution_layer_1/convolution/merged_input:0=Const, [1, 1, 64, 64], 1
Outpus:
	point_net_1/feature_transform_1/feature_transform_convolution_layer_1_convolution_layer_1/batch_normalization_28_1/batchnorm/mul_1:0=[-1, 8192, 1, 64], 1
2026-02-22 09:22:39,635 - tf2onnx.graph - DEBUG - Making node: Name=point_net_1/feature_transform_1/feature_transform_convolution_layer_1_convolution_layer_1/batch_normalization_28_1/batchnorm/mul_1__223, OP=Transpose
2026-02-22 09:22:39,636 - tf2onnx.graph - DEBUG - Infer shape and dtype for [point_net_1/feature_transform_1/feature_transform_convolution_layer_1_convolution_layer_1/batch_normalization_28_1/batchnorm/mul_1__223]
2026-02-22 09:22:39,636 - tf2onnx.graph - DEBUG - Set dtype of [point_net_1/feature_transform_1/feature_transform_convolution_layer_1_convolution_layer_1/batch_normalization_28_1/batchnorm/mul_1__223:0] to 1
2026-02-22 09:22:39,637 - tf2onnx.graph - DEBUG - Set shape of [point_net_1/feature_transform_1/feature_transform_convolution_layer_1_convolution_layer_1/batch_normalization_28_1/batchnorm/mul_1__223:0] to [64, 1, 8192, -1]
2026-02-22 09:22:39,637 - tf2onnx.graph - DEBUG - Made node: point_net_1/feature_transform_1/feature_transform_convolution_layer_1_convolution_layer_1/batch_normalization_28_1/batchnorm/mul_1__223
OP=Transpose
Name=point_net_1/feature_transform_1/feature_transform_convolution_layer_1_convolution_layer_1/batch_normalization_28_1/batchnorm/mul_1__223
Inputs:
	point_net_1/feature_transform_1/ExpandDims:0=Unsqueeze, [-1, 8192, 1, 64], 1
Outpus:
	point_net_1/feature_transform_1/feature_transform_convolution_layer_1_convolution_layer_1/batch_normalization_28_1/batchnorm/mul_1__223:0=[64, 1, 8192, -1], 1
2026-02-22 09:22:39,637 - tf2onnx.graph - DEBUG - Making node: Name=point_net_1/feature_transform_1/feature_transform_convolution_layer_1_convolution_layer_1/batch_normalization_28_1/batchnorm/mul_1__225, OP=Transpose
2026-02-22 09:22:39,638 - tf2onnx.graph - DEBUG - Infer shape and dtype for [point_net_1/feature_transform_1/feature_transform_convolution_layer_1_convolution_layer_1/batch_normalization_28_1/batchnorm/mul_1__225]
2026-02-22 09:22:39,638 - tf2onnx.graph - DEBUG - Set dtype of [point_net_1/feature_transform_1/feature_transform_convolution_layer_1_convolution_layer_1/batch_normalization_28_1/batchnorm/mul_1__225:0] to 1
2026-02-22 09:22:39,639 - tf2onnx.graph - DEBUG - Set shape of [point_net_1/feature_transform_1/feature_transform_convolution_layer_1_convolution_layer_1/batch_normalization_28_1/batchnorm/mul_1__225:0] to [64, 1, 8192, -1]
2026-02-22 09:22:39,639 - tf2onnx.graph - DEBUG - Made node: point_net_1/feature_transform_1/feature_transform_convolution_layer_1_convolution_layer_1/batch_normalization_28_1/batchnorm/mul_1__225
OP=Transpose
Name=point_net_1/feature_transform_1/feature_transform_convolution_layer_1_convolution_layer_1/batch_normalization_28_1/batchnorm/mul_1__225
Inputs:
	point_net_1/feature_transform_1/feature_transform_convolution_layer_1_convolution_layer_1/batch_normalization_28_1/batchnorm/mul_1:0=Conv, [-1, 8192, 1, 64], 1
Outpus:
	point_net_1/feature_transform_1/feature_transform_convolution_layer_1_convolution_layer_1/batch_normalization_28_1/batchnorm/mul_1__225:0=[64, 1, 8192, -1], 1
2026-02-22 09:22:39,639 - tf2onnx.tfonnx - DEBUG - Process node: point_net_1/feature_transform_1/feature_transform_convolution_layer_1_convolution_layer_1/batch_normalization_28_1/batchnorm/add_1
OP=AddV2
Name=point_net_1/feature_transform_1/feature_transform_convolution_layer_1_convolution_layer_1/batch_normalization_28_1/batchnorm/add_1
Inputs:
	point_net_1/feature_transform_1/feature_transform_convolution_layer_1_convolution_layer_1/batch_normalization_28_1/batchnorm/mul_1__225:0=Transpose, [-1, 8192, 1, 64], 1
	point_net_1/feature_transform_1/feature_transform_convolution_layer_1_convolution_layer_1/batch_normalization_28_1/batchnorm/sub:0=Const, [64], 1
Outpus:
	point_net_1/feature_transform_1/feature_transform_convolution_layer_1_convolution_layer_1/batch_normalization_28_1/batchnorm/add_1:0=[-1, 8192, 1, 64], 1
2026-02-22 09:22:39,640 - tf2onnx.tfonnx - DEBUG - Process node: point_net_1/feature_transform_1/feature_transform_convolution_layer_1_convolution_layer_1/Relu
OP=Relu
Name=point_net_1/feature_transform_1/feature_transform_convolution_layer_1_convolution_layer_1/Relu
Inputs:
	point_net_1/feature_transform_1/feature_transform_convolution_layer_1_convolution_layer_1/batch_normalization_28_1/batchnorm/add_1:0=Add, [-1, 8192, 1, 64], 1
Outpus:
	point_net_1/feature_transform_1/feature_transform_convolution_layer_1_convolution_layer_1/Relu:0=[-1, 8192, 1, 64], 1
2026-02-22 09:22:39,640 - tf2onnx.tfonnx - DEBUG - Process node: point_net_1/feature_transform_1/feature_transform_convolution_layer_2_convolution_layer_1/batch_normalization_29_1/batchnorm/mul_1
OP=Conv2D
Name=point_net_1/feature_transform_1/feature_transform_convolution_layer_2_convolution_layer_1/batch_normalization_29_1/batchnorm/mul_1
Inputs:
	point_net_1/feature_transform_1/feature_transform_convolution_layer_1_convolution_layer_1/Relu:0=Relu, [-1, 8192, 1, 64], 1
	point_net_1/feature_transform_1/feature_transform_convolution_layer_2_convolution_layer_1/feature_transform_convolution_layer_2_convolution_layer_1/convolution/merged_input:0=Const, [1, 1, 64, 128], 1
Outpus:
	point_net_1/feature_transform_1/feature_transform_convolution_layer_2_convolution_layer_1/batch_normalization_29_1/batchnorm/mul_1:0=[-1, 8192, 1, 128], 1
2026-02-22 09:22:39,640 - tf2onnx.graph - DEBUG - Making node: Name=point_net_1/feature_transform_1/feature_transform_convolution_layer_2_convolution_layer_1/batch_normalization_29_1/batchnorm/mul_1__227, OP=Transpose
2026-02-22 09:22:39,641 - tf2onnx.graph - DEBUG - Infer shape and dtype for [point_net_1/feature_transform_1/feature_transform_convolution_layer_2_convolution_layer_1/batch_normalization_29_1/batchnorm/mul_1__227]
2026-02-22 09:22:39,641 - tf2onnx.graph - DEBUG - Set dtype of [point_net_1/feature_transform_1/feature_transform_convolution_layer_2_convolution_layer_1/batch_normalization_29_1/batchnorm/mul_1__227:0] to 1
2026-02-22 09:22:39,642 - tf2onnx.graph - DEBUG - Set shape of [point_net_1/feature_transform_1/feature_transform_convolution_layer_2_convolution_layer_1/batch_normalization_29_1/batchnorm/mul_1__227:0] to [64, 1, 8192, -1]
2026-02-22 09:22:39,642 - tf2onnx.graph - DEBUG - Made node: point_net_1/feature_transform_1/feature_transform_convolution_layer_2_convolution_layer_1/batch_normalization_29_1/batchnorm/mul_1__227
OP=Transpose
Name=point_net_1/feature_transform_1/feature_transform_convolution_layer_2_convolution_layer_1/batch_normalization_29_1/batchnorm/mul_1__227
Inputs:
	point_net_1/feature_transform_1/feature_transform_convolution_layer_1_convolution_layer_1/Relu:0=Relu, [-1, 8192, 1, 64], 1
Outpus:
	point_net_1/feature_transform_1/feature_transform_convolution_layer_2_convolution_layer_1/batch_normalization_29_1/batchnorm/mul_1__227:0=[64, 1, 8192, -1], 1
2026-02-22 09:22:39,643 - tf2onnx.graph - DEBUG - Making node: Name=point_net_1/feature_transform_1/feature_transform_convolution_layer_2_convolution_layer_1/batch_normalization_29_1/batchnorm/mul_1__229, OP=Transpose
2026-02-22 09:22:39,643 - tf2onnx.graph - DEBUG - Infer shape and dtype for [point_net_1/feature_transform_1/feature_transform_convolution_layer_2_convolution_layer_1/batch_normalization_29_1/batchnorm/mul_1__229]
2026-02-22 09:22:39,643 - tf2onnx.graph - DEBUG - Set dtype of [point_net_1/feature_transform_1/feature_transform_convolution_layer_2_convolution_layer_1/batch_normalization_29_1/batchnorm/mul_1__229:0] to 1
2026-02-22 09:22:39,644 - tf2onnx.graph - DEBUG - Set shape of [point_net_1/feature_transform_1/feature_transform_convolution_layer_2_convolution_layer_1/batch_normalization_29_1/batchnorm/mul_1__229:0] to [128, 1, 8192, -1]
2026-02-22 09:22:39,644 - tf2onnx.graph - DEBUG - Made node: point_net_1/feature_transform_1/feature_transform_convolution_layer_2_convolution_layer_1/batch_normalization_29_1/batchnorm/mul_1__229
OP=Transpose
Name=point_net_1/feature_transform_1/feature_transform_convolution_layer_2_convolution_layer_1/batch_normalization_29_1/batchnorm/mul_1__229
Inputs:
	point_net_1/feature_transform_1/feature_transform_convolution_layer_2_convolution_layer_1/batch_normalization_29_1/batchnorm/mul_1:0=Conv, [-1, 8192, 1, 128], 1
Outpus:
	point_net_1/feature_transform_1/feature_transform_convolution_layer_2_convolution_layer_1/batch_normalization_29_1/batchnorm/mul_1__229:0=[128, 1, 8192, -1], 1
2026-02-22 09:22:39,644 - tf2onnx.tfonnx - DEBUG - Process node: point_net_1/feature_transform_1/feature_transform_convolution_layer_2_convolution_layer_1/batch_normalization_29_1/batchnorm/add_1
OP=AddV2
Name=point_net_1/feature_transform_1/feature_transform_convolution_layer_2_convolution_layer_1/batch_normalization_29_1/batchnorm/add_1
Inputs:
	point_net_1/feature_transform_1/feature_transform_convolution_layer_2_convolution_layer_1/batch_normalization_29_1/batchnorm/mul_1__229:0=Transpose, [-1, 8192, 1, 128], 1
	point_net_1/feature_transform_1/feature_transform_convolution_layer_2_convolution_layer_1/batch_normalization_29_1/batchnorm/sub:0=Const, [128], 1
Outpus:
	point_net_1/feature_transform_1/feature_transform_convolution_layer_2_convolution_layer_1/batch_normalization_29_1/batchnorm/add_1:0=[-1, 8192, 1, 128], 1
2026-02-22 09:22:39,645 - tf2onnx.tfonnx - DEBUG - Process node: point_net_1/feature_transform_1/feature_transform_convolution_layer_2_convolution_layer_1/Relu
OP=Relu
Name=point_net_1/feature_transform_1/feature_transform_convolution_layer_2_convolution_layer_1/Relu
Inputs:
	point_net_1/feature_transform_1/feature_transform_convolution_layer_2_convolution_layer_1/batch_normalization_29_1/batchnorm/add_1:0=Add, [-1, 8192, 1, 128], 1
Outpus:
	point_net_1/feature_transform_1/feature_transform_convolution_layer_2_convolution_layer_1/Relu:0=[-1, 8192, 1, 128], 1
2026-02-22 09:22:39,645 - tf2onnx.tfonnx - DEBUG - Process node: point_net_1/feature_transform_1/feature_transform_convolution_layer_3_convolution_layer_1/batch_normalization_30_1/batchnorm/mul_1
OP=Conv2D
Name=point_net_1/feature_transform_1/feature_transform_convolution_layer_3_convolution_layer_1/batch_normalization_30_1/batchnorm/mul_1
Inputs:
	point_net_1/feature_transform_1/feature_transform_convolution_layer_2_convolution_layer_1/Relu:0=Relu, [-1, 8192, 1, 128], 1
	point_net_1/feature_transform_1/feature_transform_convolution_layer_3_convolution_layer_1/feature_transform_convolution_layer_3_convolution_layer_1/convolution/merged_input:0=Const, [1, 1, 128, 1024], 1
Outpus:
	point_net_1/feature_transform_1/feature_transform_convolution_layer_3_convolution_layer_1/batch_normalization_30_1/batchnorm/mul_1:0=[-1, 8192, 1, 1024], 1
2026-02-22 09:22:39,646 - tf2onnx.graph - DEBUG - Making node: Name=point_net_1/feature_transform_1/feature_transform_convolution_layer_3_convolution_layer_1/batch_normalization_30_1/batchnorm/mul_1__231, OP=Transpose
2026-02-22 09:22:39,646 - tf2onnx.graph - DEBUG - Infer shape and dtype for [point_net_1/feature_transform_1/feature_transform_convolution_layer_3_convolution_layer_1/batch_normalization_30_1/batchnorm/mul_1__231]
2026-02-22 09:22:39,647 - tf2onnx.graph - DEBUG - Set dtype of [point_net_1/feature_transform_1/feature_transform_convolution_layer_3_convolution_layer_1/batch_normalization_30_1/batchnorm/mul_1__231:0] to 1
2026-02-22 09:22:39,647 - tf2onnx.graph - DEBUG - Set shape of [point_net_1/feature_transform_1/feature_transform_convolution_layer_3_convolution_layer_1/batch_normalization_30_1/batchnorm/mul_1__231:0] to [128, 1, 8192, -1]
2026-02-22 09:22:39,647 - tf2onnx.graph - DEBUG - Made node: point_net_1/feature_transform_1/feature_transform_convolution_layer_3_convolution_layer_1/batch_normalization_30_1/batchnorm/mul_1__231
OP=Transpose
Name=point_net_1/feature_transform_1/feature_transform_convolution_layer_3_convolution_layer_1/batch_normalization_30_1/batchnorm/mul_1__231
Inputs:
	point_net_1/feature_transform_1/feature_transform_convolution_layer_2_convolution_layer_1/Relu:0=Relu, [-1, 8192, 1, 128], 1
Outpus:
	point_net_1/feature_transform_1/feature_transform_convolution_layer_3_convolution_layer_1/batch_normalization_30_1/batchnorm/mul_1__231:0=[128, 1, 8192, -1], 1
2026-02-22 09:22:39,649 - tf2onnx.graph - DEBUG - Making node: Name=point_net_1/feature_transform_1/feature_transform_convolution_layer_3_convolution_layer_1/batch_normalization_30_1/batchnorm/mul_1__233, OP=Transpose
2026-02-22 09:22:39,649 - tf2onnx.graph - DEBUG - Infer shape and dtype for [point_net_1/feature_transform_1/feature_transform_convolution_layer_3_convolution_layer_1/batch_normalization_30_1/batchnorm/mul_1__233]
2026-02-22 09:22:39,650 - tf2onnx.graph - DEBUG - Set dtype of [point_net_1/feature_transform_1/feature_transform_convolution_layer_3_convolution_layer_1/batch_normalization_30_1/batchnorm/mul_1__233:0] to 1
2026-02-22 09:22:39,650 - tf2onnx.graph - DEBUG - Set shape of [point_net_1/feature_transform_1/feature_transform_convolution_layer_3_convolution_layer_1/batch_normalization_30_1/batchnorm/mul_1__233:0] to [1024, 1, 8192, -1]
2026-02-22 09:22:39,651 - tf2onnx.graph - DEBUG - Made node: point_net_1/feature_transform_1/feature_transform_convolution_layer_3_convolution_layer_1/batch_normalization_30_1/batchnorm/mul_1__233
OP=Transpose
Name=point_net_1/feature_transform_1/feature_transform_convolution_layer_3_convolution_layer_1/batch_normalization_30_1/batchnorm/mul_1__233
Inputs:
	point_net_1/feature_transform_1/feature_transform_convolution_layer_3_convolution_layer_1/batch_normalization_30_1/batchnorm/mul_1:0=Conv, [-1, 8192, 1, 1024], 1
Outpus:
	point_net_1/feature_transform_1/feature_transform_convolution_layer_3_convolution_layer_1/batch_normalization_30_1/batchnorm/mul_1__233:0=[1024, 1, 8192, -1], 1
2026-02-22 09:22:39,651 - tf2onnx.tfonnx - DEBUG - Process node: point_net_1/feature_transform_1/feature_transform_convolution_layer_3_convolution_layer_1/batch_normalization_30_1/batchnorm/add_1
OP=AddV2
Name=point_net_1/feature_transform_1/feature_transform_convolution_layer_3_convolution_layer_1/batch_normalization_30_1/batchnorm/add_1
Inputs:
	point_net_1/feature_transform_1/feature_transform_convolution_layer_3_convolution_layer_1/batch_normalization_30_1/batchnorm/mul_1__233:0=Transpose, [-1, 8192, 1, 1024], 1
	point_net_1/feature_transform_1/feature_transform_convolution_layer_3_convolution_layer_1/batch_normalization_30_1/batchnorm/sub:0=Const, [1024], 1
Outpus:
	point_net_1/feature_transform_1/feature_transform_convolution_layer_3_convolution_layer_1/batch_normalization_30_1/batchnorm/add_1:0=[-1, 8192, 1, 1024], 1
2026-02-22 09:22:39,651 - tf2onnx.tfonnx - DEBUG - Process node: point_net_1/feature_transform_1/feature_transform_convolution_layer_3_convolution_layer_1/Relu
OP=Relu
Name=point_net_1/feature_transform_1/feature_transform_convolution_layer_3_convolution_layer_1/Relu
Inputs:
	point_net_1/feature_transform_1/feature_transform_convolution_layer_3_convolution_layer_1/batch_normalization_30_1/batchnorm/add_1:0=Add, [-1, 8192, 1, 1024], 1
Outpus:
	point_net_1/feature_transform_1/feature_transform_convolution_layer_3_convolution_layer_1/Relu:0=[-1, 8192, 1, 1024], 1
2026-02-22 09:22:39,652 - tf2onnx.tfonnx - DEBUG - Process node: point_net_1/feature_transform_1/Squeeze
OP=Squeeze
Name=point_net_1/feature_transform_1/Squeeze
Inputs:
	point_net_1/feature_transform_1/feature_transform_convolution_layer_3_convolution_layer_1/Relu:0=Relu, [-1, 8192, 1, 1024], 1
Outpus:
	point_net_1/feature_transform_1/Squeeze:0=[-1, 8192, 1024], 1
2026-02-22 09:22:39,652 - tf2onnx.graph - DEBUG - Making node: Name=axes_const__235, OP=Const
2026-02-22 09:22:39,653 - tf2onnx.graph - DEBUG - Made node: axes_const__235
OP=Const
Name=axes_const__235
Outpus:
	axes_const__235=None, 7
2026-02-22 09:22:39,653 - tf2onnx.tfonnx - DEBUG - Process node: point_net_1/feature_transform_1/Max
OP=Max
Name=point_net_1/feature_transform_1/Max
Inputs:
	point_net_1/feature_transform_1/Squeeze:0=Squeeze, [-1, 8192, 1024], 1
	point_net_1/feature_transform_1/Max/reduction_indices:0=Const, [], 6
Outpus:
	point_net_1/feature_transform_1/Max:0=[-1, 1024], 1
2026-02-22 09:22:39,654 - tf2onnx.tfonnx - DEBUG - Process node: point_net_1/feature_transform_1/feature_transform_dense_layer_1_dense_layer_1/feature_transform_dense_layer_1_dense_layer_1/MatMul
OP=MatMul
Name=point_net_1/feature_transform_1/feature_transform_dense_layer_1_dense_layer_1/feature_transform_dense_layer_1_dense_layer_1/MatMul
Inputs:
	point_net_1/feature_transform_1/Max:0=ReduceMax, [-1, 1024], 1
	point_net_1/feature_transform_1/feature_transform_dense_layer_1_dense_layer_1/feature_transform_dense_layer_1_dense_layer_1/Cast/ReadVariableOp:0=Const, [1024, 512], 1
Outpus:
	point_net_1/feature_transform_1/feature_transform_dense_layer_1_dense_layer_1/feature_transform_dense_layer_1_dense_layer_1/MatMul:0=[-1, 512], 1
2026-02-22 09:22:39,656 - tf2onnx.tfonnx - DEBUG - Process node: point_net_1/feature_transform_1/feature_transform_dense_layer_1_dense_layer_1/batch_normalization_31_1/batchnorm/mul_1
OP=Mul
Name=point_net_1/feature_transform_1/feature_transform_dense_layer_1_dense_layer_1/batch_normalization_31_1/batchnorm/mul_1
Inputs:
	point_net_1/feature_transform_1/feature_transform_dense_layer_1_dense_layer_1/feature_transform_dense_layer_1_dense_layer_1/MatMul:0=MatMul, [-1, 512], 1
	point_net_1/feature_transform_1/feature_transform_dense_layer_1_dense_layer_1/batch_normalization_31_1/batchnorm/mul:0=Const, [512], 1
Outpus:
	point_net_1/feature_transform_1/feature_transform_dense_layer_1_dense_layer_1/batch_normalization_31_1/batchnorm/mul_1:0=[-1, 512], 1
2026-02-22 09:22:39,656 - tf2onnx.tfonnx - DEBUG - Process node: point_net_1/feature_transform_1/feature_transform_dense_layer_1_dense_layer_1/batch_normalization_31_1/batchnorm/add_1
OP=AddV2
Name=point_net_1/feature_transform_1/feature_transform_dense_layer_1_dense_layer_1/batch_normalization_31_1/batchnorm/add_1
Inputs:
	point_net_1/feature_transform_1/feature_transform_dense_layer_1_dense_layer_1/batch_normalization_31_1/batchnorm/mul_1:0=Mul, [-1, 512], 1
	point_net_1/feature_transform_1/feature_transform_dense_layer_1_dense_layer_1/batch_normalization_31_1/batchnorm/sub:0=Const, [512], 1
Outpus:
	point_net_1/feature_transform_1/feature_transform_dense_layer_1_dense_layer_1/batch_normalization_31_1/batchnorm/add_1:0=[-1, 512], 1
2026-02-22 09:22:39,657 - tf2onnx.tfonnx - DEBUG - Process node: point_net_1/feature_transform_1/feature_transform_dense_layer_1_dense_layer_1/Relu
OP=Relu
Name=point_net_1/feature_transform_1/feature_transform_dense_layer_1_dense_layer_1/Relu
Inputs:
	point_net_1/feature_transform_1/feature_transform_dense_layer_1_dense_layer_1/batch_normalization_31_1/batchnorm/add_1:0=Add, [-1, 512], 1
Outpus:
	point_net_1/feature_transform_1/feature_transform_dense_layer_1_dense_layer_1/Relu:0=[-1, 512], 1
2026-02-22 09:22:39,657 - tf2onnx.tfonnx - DEBUG - Process node: point_net_1/feature_transform_1/feature_transform_dense_layer_2_dense_layer_1/feature_transform_dense_layer_2_dense_layer_1/MatMul
OP=MatMul
Name=point_net_1/feature_transform_1/feature_transform_dense_layer_2_dense_layer_1/feature_transform_dense_layer_2_dense_layer_1/MatMul
Inputs:
	point_net_1/feature_transform_1/feature_transform_dense_layer_1_dense_layer_1/Relu:0=Relu, [-1, 512], 1
	point_net_1/feature_transform_1/feature_transform_dense_layer_2_dense_layer_1/feature_transform_dense_layer_2_dense_layer_1/Cast/ReadVariableOp:0=Const, [512, 256], 1
Outpus:
	point_net_1/feature_transform_1/feature_transform_dense_layer_2_dense_layer_1/feature_transform_dense_layer_2_dense_layer_1/MatMul:0=[-1, 256], 1
2026-02-22 09:22:39,658 - tf2onnx.tfonnx - DEBUG - Process node: point_net_1/feature_transform_1/feature_transform_dense_layer_2_dense_layer_1/batch_normalization_32_1/batchnorm/mul_1
OP=Mul
Name=point_net_1/feature_transform_1/feature_transform_dense_layer_2_dense_layer_1/batch_normalization_32_1/batchnorm/mul_1
Inputs:
	point_net_1/feature_transform_1/feature_transform_dense_layer_2_dense_layer_1/feature_transform_dense_layer_2_dense_layer_1/MatMul:0=MatMul, [-1, 256], 1
	point_net_1/feature_transform_1/feature_transform_dense_layer_2_dense_layer_1/batch_normalization_32_1/batchnorm/mul:0=Const, [256], 1
Outpus:
	point_net_1/feature_transform_1/feature_transform_dense_layer_2_dense_layer_1/batch_normalization_32_1/batchnorm/mul_1:0=[-1, 256], 1
2026-02-22 09:22:39,658 - tf2onnx.tfonnx - DEBUG - Process node: point_net_1/feature_transform_1/feature_transform_dense_layer_2_dense_layer_1/batch_normalization_32_1/batchnorm/add_1
OP=AddV2
Name=point_net_1/feature_transform_1/feature_transform_dense_layer_2_dense_layer_1/batch_normalization_32_1/batchnorm/add_1
Inputs:
	point_net_1/feature_transform_1/feature_transform_dense_layer_2_dense_layer_1/batch_normalization_32_1/batchnorm/mul_1:0=Mul, [-1, 256], 1
	point_net_1/feature_transform_1/feature_transform_dense_layer_2_dense_layer_1/batch_normalization_32_1/batchnorm/sub:0=Const, [256], 1
Outpus:
	point_net_1/feature_transform_1/feature_transform_dense_layer_2_dense_layer_1/batch_normalization_32_1/batchnorm/add_1:0=[-1, 256], 1
2026-02-22 09:22:39,659 - tf2onnx.tfonnx - DEBUG - Process node: point_net_1/feature_transform_1/feature_transform_dense_layer_2_dense_layer_1/Relu
OP=Relu
Name=point_net_1/feature_transform_1/feature_transform_dense_layer_2_dense_layer_1/Relu
Inputs:
	point_net_1/feature_transform_1/feature_transform_dense_layer_2_dense_layer_1/batch_normalization_32_1/batchnorm/add_1:0=Add, [-1, 256], 1
Outpus:
	point_net_1/feature_transform_1/feature_transform_dense_layer_2_dense_layer_1/Relu:0=[-1, 256], 1
2026-02-22 09:22:39,659 - tf2onnx.tfonnx - DEBUG - Process node: point_net_1/feature_transform_1/ExpandDims_1
OP=ExpandDims
Name=point_net_1/feature_transform_1/ExpandDims_1
Inputs:
	point_net_1/feature_transform_1/feature_transform_dense_layer_2_dense_layer_1/Relu:0=Relu, [-1, 256], 1
	point_net_1/feature_transform_1/ExpandDims_1/dim:0=Const, [], 6
Outpus:
	point_net_1/feature_transform_1/ExpandDims_1:0=[-1, 1, 256], 1
2026-02-22 09:22:39,660 - tf2onnx.graph - DEBUG - Making node: Name=point_net_1/feature_transform_1/ExpandDims_1__236, OP=Cast
2026-02-22 09:22:39,660 - tf2onnx.graph - DEBUG - Infer shape and dtype for [point_net_1/feature_transform_1/ExpandDims_1__236]
2026-02-22 09:22:39,661 - tf2onnx.graph - DEBUG - Set dtype of [point_net_1/feature_transform_1/ExpandDims_1__236:0] to 7
2026-02-22 09:22:39,662 - tf2onnx.graph - DEBUG - Set shape of [point_net_1/feature_transform_1/ExpandDims_1__236:0] to []
2026-02-22 09:22:39,662 - tf2onnx.graph - DEBUG - Made node: point_net_1/feature_transform_1/ExpandDims_1__236
OP=Cast
Name=point_net_1/feature_transform_1/ExpandDims_1__236
Inputs:
	point_net_1/feature_transform_1/ExpandDims_1/dim:0=Const, [], 6
Outpus:
	point_net_1/feature_transform_1/ExpandDims_1__236:0=[], 7
2026-02-22 09:22:39,663 - tf2onnx.graph - DEBUG - Making node: Name=reshape_const__237, OP=Const
2026-02-22 09:22:39,663 - tf2onnx.graph - DEBUG - Made node: reshape_const__237
OP=Const
Name=reshape_const__237
Outpus:
	reshape_const__237=None, 7
2026-02-22 09:22:39,664 - tf2onnx.graph - DEBUG - Making node: Name=Reshape__238, OP=Reshape
2026-02-22 09:22:39,664 - tf2onnx.graph - DEBUG - Infer shape and dtype for [Reshape__238]
2026-02-22 09:22:39,665 - tf2onnx.graph - DEBUG - Set dtype of [Reshape__238:0] to 7
2026-02-22 09:22:39,665 - tf2onnx.graph - DEBUG - Set shape of [Reshape__238:0] to [1]
2026-02-22 09:22:39,666 - tf2onnx.graph - DEBUG - Made node: Reshape__238
OP=Reshape
Name=Reshape__238
Inputs:
	point_net_1/feature_transform_1/ExpandDims_1__236:0=Cast, [], 7
	reshape_const__237=Const, [1], 7
Outpus:
	Reshape__238:0=[1], 7
2026-02-22 09:22:39,666 - tf2onnx.tfonnx - DEBUG - Process node: point_net_1/feature_transform_1/MatMul
OP=BatchMatMulV2
Name=point_net_1/feature_transform_1/MatMul
Inputs:
	point_net_1/feature_transform_1/ExpandDims_1:0=Unsqueeze, [-1, 1, 256], 1
	point_net_1/feature_transform_1/MatMul/ReadVariableOp:0=Const, [256, 4096], 1
Outpus:
	point_net_1/feature_transform_1/MatMul:0=[-1, 1, 4096], 1
2026-02-22 09:22:39,667 - tf2onnx.tfonnx - DEBUG - Process node: point_net_1/feature_transform_1/Squeeze_1
OP=Squeeze
Name=point_net_1/feature_transform_1/Squeeze_1
Inputs:
	point_net_1/feature_transform_1/MatMul:0=MatMul, [-1, 1, 4096], 1
Outpus:
	point_net_1/feature_transform_1/Squeeze_1:0=[-1, 4096], 1
2026-02-22 09:22:39,667 - tf2onnx.graph - DEBUG - Making node: Name=axes_const__239, OP=Const
2026-02-22 09:22:39,668 - tf2onnx.graph - DEBUG - Made node: axes_const__239
OP=Const
Name=axes_const__239
Outpus:
	axes_const__239=None, 7
2026-02-22 09:22:39,668 - tf2onnx.tfonnx - DEBUG - Process node: point_net_1/feature_transform_1/Reshape
OP=Reshape
Name=point_net_1/feature_transform_1/Reshape
Inputs:
	point_net_1/feature_transform_1/Squeeze_1:0=Squeeze, [-1, 4096], 1
	point_net_1/feature_transform_1/Reshape/shape:0=Const, [3], 6
Outpus:
	point_net_1/feature_transform_1/Reshape:0=[-1, 64, 64], 1
2026-02-22 09:22:39,669 - tf2onnx.graph - DEBUG - Making node: Name=point_net_1/feature_transform_1/Reshape__240, OP=Cast
2026-02-22 09:22:39,669 - tf2onnx.graph - DEBUG - Infer shape and dtype for [point_net_1/feature_transform_1/Reshape__240]
2026-02-22 09:22:39,670 - tf2onnx.graph - DEBUG - Set dtype of [point_net_1/feature_transform_1/Reshape__240:0] to 7
2026-02-22 09:22:39,670 - tf2onnx.graph - DEBUG - Set shape of [point_net_1/feature_transform_1/Reshape__240:0] to [3]
2026-02-22 09:22:39,670 - tf2onnx.graph - DEBUG - Made node: point_net_1/feature_transform_1/Reshape__240
OP=Cast
Name=point_net_1/feature_transform_1/Reshape__240
Inputs:
	point_net_1/feature_transform_1/Reshape/shape:0=Const, [3], 6
Outpus:
	point_net_1/feature_transform_1/Reshape__240:0=[3], 7
2026-02-22 09:22:39,671 - tf2onnx.tfonnx - DEBUG - Process node: point_net_1/feature_transform_1/add
OP=AddV2
Name=point_net_1/feature_transform_1/add
Inputs:
	point_net_1/feature_transform_1/Reshape:0=Reshape, [-1, 64, 64], 1
	point_net_1/feature_transform_1/add/ReadVariableOp:0=Const, [64, 64], 1
Outpus:
	point_net_1/feature_transform_1/add:0=[-1, 64, 64], 1
2026-02-22 09:22:39,671 - tf2onnx.tfonnx - DEBUG - Process node: point_net_1/MatMul_1
OP=BatchMatMulV2
Name=point_net_1/MatMul_1
Inputs:
	point_net_1/Squeeze:0=Squeeze, [-1, 8192, 64], 1
	point_net_1/feature_transform_1/add:0=Add, [-1, 64, 64], 1
Outpus:
	point_net_1/MatMul_1:0=[-1, 8192, 64], 1
2026-02-22 09:22:39,672 - tf2onnx.tfonnx - DEBUG - Process node: point_net_1/ExpandDims_1
OP=ExpandDims
Name=point_net_1/ExpandDims_1
Inputs:
	point_net_1/MatMul_1:0=MatMul, [-1, 8192, 64], 1
	point_net_1/ExpandDims_1/dim:0=Const, [], 6
Outpus:
	point_net_1/ExpandDims_1:0=[-1, 8192, 1, 64], 1
2026-02-22 09:22:39,672 - tf2onnx.graph - DEBUG - Making node: Name=point_net_1/ExpandDims_1__241, OP=Cast
2026-02-22 09:22:39,673 - tf2onnx.graph - DEBUG - Infer shape and dtype for [point_net_1/ExpandDims_1__241]
2026-02-22 09:22:39,673 - tf2onnx.graph - DEBUG - Set dtype of [point_net_1/ExpandDims_1__241:0] to 7
2026-02-22 09:22:39,673 - tf2onnx.graph - DEBUG - Set shape of [point_net_1/ExpandDims_1__241:0] to []
2026-02-22 09:22:39,674 - tf2onnx.graph - DEBUG - Made node: point_net_1/ExpandDims_1__241
OP=Cast
Name=point_net_1/ExpandDims_1__241
Inputs:
	point_net_1/ExpandDims_1/dim:0=Const, [], 6
Outpus:
	point_net_1/ExpandDims_1__241:0=[], 7
2026-02-22 09:22:39,674 - tf2onnx.graph - DEBUG - Making node: Name=reshape_const__242, OP=Const
2026-02-22 09:22:39,675 - tf2onnx.graph - DEBUG - Made node: reshape_const__242
OP=Const
Name=reshape_const__242
Outpus:
	reshape_const__242=None, 7
2026-02-22 09:22:39,675 - tf2onnx.graph - DEBUG - Making node: Name=Reshape__243, OP=Reshape
2026-02-22 09:22:39,675 - tf2onnx.graph - DEBUG - Infer shape and dtype for [Reshape__243]
2026-02-22 09:22:39,676 - tf2onnx.graph - DEBUG - Set dtype of [Reshape__243:0] to 7
2026-02-22 09:22:39,676 - tf2onnx.graph - DEBUG - Set shape of [Reshape__243:0] to [1]
2026-02-22 09:22:39,677 - tf2onnx.graph - DEBUG - Made node: Reshape__243
OP=Reshape
Name=Reshape__243
Inputs:
	point_net_1/ExpandDims_1__241:0=Cast, [], 7
	reshape_const__242=Const, [1], 7
Outpus:
	Reshape__243:0=[1], 7
2026-02-22 09:22:39,677 - tf2onnx.tfonnx - DEBUG - Process node: point_net_1/s2_l1_64_convolution_layer_1/batch_normalization_33_1/batchnorm/mul_1
OP=Conv2D
Name=point_net_1/s2_l1_64_convolution_layer_1/batch_normalization_33_1/batchnorm/mul_1
Inputs:
	point_net_1/ExpandDims_1:0=Unsqueeze, [-1, 8192, 1, 64], 1
	point_net_1/s2_l1_64_convolution_layer_1/s2_l1_64_convolution_layer_1/convolution/merged_input:0=Const, [1, 1, 64, 64], 1
Outpus:
	point_net_1/s2_l1_64_convolution_layer_1/batch_normalization_33_1/batchnorm/mul_1:0=[-1, 8192, 1, 64], 1
2026-02-22 09:22:39,677 - tf2onnx.graph - DEBUG - Making node: Name=point_net_1/s2_l1_64_convolution_layer_1/batch_normalization_33_1/batchnorm/mul_1__244, OP=Transpose
2026-02-22 09:22:39,678 - tf2onnx.graph - DEBUG - Infer shape and dtype for [point_net_1/s2_l1_64_convolution_layer_1/batch_normalization_33_1/batchnorm/mul_1__244]
2026-02-22 09:22:39,678 - tf2onnx.graph - DEBUG - Set dtype of [point_net_1/s2_l1_64_convolution_layer_1/batch_normalization_33_1/batchnorm/mul_1__244:0] to 1
2026-02-22 09:22:39,679 - tf2onnx.graph - DEBUG - Set shape of [point_net_1/s2_l1_64_convolution_layer_1/batch_normalization_33_1/batchnorm/mul_1__244:0] to [64, 1, 8192, -1]
2026-02-22 09:22:39,679 - tf2onnx.graph - DEBUG - Made node: point_net_1/s2_l1_64_convolution_layer_1/batch_normalization_33_1/batchnorm/mul_1__244
OP=Transpose
Name=point_net_1/s2_l1_64_convolution_layer_1/batch_normalization_33_1/batchnorm/mul_1__244
Inputs:
	point_net_1/ExpandDims_1:0=Unsqueeze, [-1, 8192, 1, 64], 1
Outpus:
	point_net_1/s2_l1_64_convolution_layer_1/batch_normalization_33_1/batchnorm/mul_1__244:0=[64, 1, 8192, -1], 1
2026-02-22 09:22:39,680 - tf2onnx.graph - DEBUG - Making node: Name=point_net_1/s2_l1_64_convolution_layer_1/batch_normalization_33_1/batchnorm/mul_1__246, OP=Transpose
2026-02-22 09:22:39,714 - tf2onnx.graph - DEBUG - Infer shape and dtype for [point_net_1/s2_l1_64_convolution_layer_1/batch_normalization_33_1/batchnorm/mul_1__246]
2026-02-22 09:22:39,715 - tf2onnx.graph - DEBUG - Set dtype of [point_net_1/s2_l1_64_convolution_layer_1/batch_normalization_33_1/batchnorm/mul_1__246:0] to 1
2026-02-22 09:22:39,716 - tf2onnx.graph - DEBUG - Set shape of [point_net_1/s2_l1_64_convolution_layer_1/batch_normalization_33_1/batchnorm/mul_1__246:0] to [64, 1, 8192, -1]
2026-02-22 09:22:39,716 - tf2onnx.graph - DEBUG - Made node: point_net_1/s2_l1_64_convolution_layer_1/batch_normalization_33_1/batchnorm/mul_1__246
OP=Transpose
Name=point_net_1/s2_l1_64_convolution_layer_1/batch_normalization_33_1/batchnorm/mul_1__246
Inputs:
	point_net_1/s2_l1_64_convolution_layer_1/batch_normalization_33_1/batchnorm/mul_1:0=Conv, [-1, 8192, 1, 64], 1
Outpus:
	point_net_1/s2_l1_64_convolution_layer_1/batch_normalization_33_1/batchnorm/mul_1__246:0=[64, 1, 8192, -1], 1
2026-02-22 09:22:39,717 - tf2onnx.tfonnx - DEBUG - Process node: point_net_1/s2_l1_64_convolution_layer_1/batch_normalization_33_1/batchnorm/add_1
OP=AddV2
Name=point_net_1/s2_l1_64_convolution_layer_1/batch_normalization_33_1/batchnorm/add_1
Inputs:
	point_net_1/s2_l1_64_convolution_layer_1/batch_normalization_33_1/batchnorm/mul_1__246:0=Transpose, [-1, 8192, 1, 64], 1
	point_net_1/s2_l1_64_convolution_layer_1/batch_normalization_33_1/batchnorm/sub:0=Const, [64], 1
Outpus:
	point_net_1/s2_l1_64_convolution_layer_1/batch_normalization_33_1/batchnorm/add_1:0=[-1, 8192, 1, 64], 1
2026-02-22 09:22:39,718 - tf2onnx.tfonnx - DEBUG - Process node: point_net_1/s2_l1_64_convolution_layer_1/Relu
OP=Relu
Name=point_net_1/s2_l1_64_convolution_layer_1/Relu
Inputs:
	point_net_1/s2_l1_64_convolution_layer_1/batch_normalization_33_1/batchnorm/add_1:0=Add, [-1, 8192, 1, 64], 1
Outpus:
	point_net_1/s2_l1_64_convolution_layer_1/Relu:0=[-1, 8192, 1, 64], 1
2026-02-22 09:22:39,718 - tf2onnx.tfonnx - DEBUG - Process node: point_net_1/s2_l2_128_convolution_layer_1/batch_normalization_34_1/batchnorm/mul_1
OP=Conv2D
Name=point_net_1/s2_l2_128_convolution_layer_1/batch_normalization_34_1/batchnorm/mul_1
Inputs:
	point_net_1/s2_l1_64_convolution_layer_1/Relu:0=Relu, [-1, 8192, 1, 64], 1
	point_net_1/s2_l2_128_convolution_layer_1/s2_l2_128_convolution_layer_1/convolution/merged_input:0=Const, [1, 1, 64, 128], 1
Outpus:
	point_net_1/s2_l2_128_convolution_layer_1/batch_normalization_34_1/batchnorm/mul_1:0=[-1, 8192, 1, 128], 1
2026-02-22 09:22:39,719 - tf2onnx.graph - DEBUG - Making node: Name=point_net_1/s2_l2_128_convolution_layer_1/batch_normalization_34_1/batchnorm/mul_1__248, OP=Transpose
2026-02-22 09:22:39,720 - tf2onnx.graph - DEBUG - Infer shape and dtype for [point_net_1/s2_l2_128_convolution_layer_1/batch_normalization_34_1/batchnorm/mul_1__248]
2026-02-22 09:22:39,720 - tf2onnx.graph - DEBUG - Set dtype of [point_net_1/s2_l2_128_convolution_layer_1/batch_normalization_34_1/batchnorm/mul_1__248:0] to 1
2026-02-22 09:22:39,721 - tf2onnx.graph - DEBUG - Set shape of [point_net_1/s2_l2_128_convolution_layer_1/batch_normalization_34_1/batchnorm/mul_1__248:0] to [64, 1, 8192, -1]
2026-02-22 09:22:39,722 - tf2onnx.graph - DEBUG - Made node: point_net_1/s2_l2_128_convolution_layer_1/batch_normalization_34_1/batchnorm/mul_1__248
OP=Transpose
Name=point_net_1/s2_l2_128_convolution_layer_1/batch_normalization_34_1/batchnorm/mul_1__248
Inputs:
	point_net_1/s2_l1_64_convolution_layer_1/Relu:0=Relu, [-1, 8192, 1, 64], 1
Outpus:
	point_net_1/s2_l2_128_convolution_layer_1/batch_normalization_34_1/batchnorm/mul_1__248:0=[64, 1, 8192, -1], 1
2026-02-22 09:22:39,722 - tf2onnx.graph - DEBUG - Making node: Name=point_net_1/s2_l2_128_convolution_layer_1/batch_normalization_34_1/batchnorm/mul_1__250, OP=Transpose
2026-02-22 09:22:39,723 - tf2onnx.graph - DEBUG - Infer shape and dtype for [point_net_1/s2_l2_128_convolution_layer_1/batch_normalization_34_1/batchnorm/mul_1__250]
2026-02-22 09:22:39,724 - tf2onnx.graph - DEBUG - Set dtype of [point_net_1/s2_l2_128_convolution_layer_1/batch_normalization_34_1/batchnorm/mul_1__250:0] to 1
2026-02-22 09:22:39,725 - tf2onnx.graph - DEBUG - Set shape of [point_net_1/s2_l2_128_convolution_layer_1/batch_normalization_34_1/batchnorm/mul_1__250:0] to [128, 1, 8192, -1]
2026-02-22 09:22:39,726 - tf2onnx.graph - DEBUG - Made node: point_net_1/s2_l2_128_convolution_layer_1/batch_normalization_34_1/batchnorm/mul_1__250
OP=Transpose
Name=point_net_1/s2_l2_128_convolution_layer_1/batch_normalization_34_1/batchnorm/mul_1__250
Inputs:
	point_net_1/s2_l2_128_convolution_layer_1/batch_normalization_34_1/batchnorm/mul_1:0=Conv, [-1, 8192, 1, 128], 1
Outpus:
	point_net_1/s2_l2_128_convolution_layer_1/batch_normalization_34_1/batchnorm/mul_1__250:0=[128, 1, 8192, -1], 1
2026-02-22 09:22:39,727 - tf2onnx.tfonnx - DEBUG - Process node: point_net_1/s2_l2_128_convolution_layer_1/batch_normalization_34_1/batchnorm/add_1
OP=AddV2
Name=point_net_1/s2_l2_128_convolution_layer_1/batch_normalization_34_1/batchnorm/add_1
Inputs:
	point_net_1/s2_l2_128_convolution_layer_1/batch_normalization_34_1/batchnorm/mul_1__250:0=Transpose, [-1, 8192, 1, 128], 1
	point_net_1/s2_l2_128_convolution_layer_1/batch_normalization_34_1/batchnorm/sub:0=Const, [128], 1
Outpus:
	point_net_1/s2_l2_128_convolution_layer_1/batch_normalization_34_1/batchnorm/add_1:0=[-1, 8192, 1, 128], 1
2026-02-22 09:22:39,727 - tf2onnx.tfonnx - DEBUG - Process node: point_net_1/s2_l2_128_convolution_layer_1/Relu
OP=Relu
Name=point_net_1/s2_l2_128_convolution_layer_1/Relu
Inputs:
	point_net_1/s2_l2_128_convolution_layer_1/batch_normalization_34_1/batchnorm/add_1:0=Add, [-1, 8192, 1, 128], 1
Outpus:
	point_net_1/s2_l2_128_convolution_layer_1/Relu:0=[-1, 8192, 1, 128], 1
2026-02-22 09:22:39,728 - tf2onnx.tfonnx - DEBUG - Process node: point_net_1/s2_l3_1024_convolution_layer_1/batch_normalization_35_1/batchnorm/mul_1
OP=Conv2D
Name=point_net_1/s2_l3_1024_convolution_layer_1/batch_normalization_35_1/batchnorm/mul_1
Inputs:
	point_net_1/s2_l2_128_convolution_layer_1/Relu:0=Relu, [-1, 8192, 1, 128], 1
	point_net_1/s2_l3_1024_convolution_layer_1/s2_l3_1024_convolution_layer_1/convolution/merged_input:0=Const, [1, 1, 128, 1024], 1
Outpus:
	point_net_1/s2_l3_1024_convolution_layer_1/batch_normalization_35_1/batchnorm/mul_1:0=[-1, 8192, 1, 1024], 1
2026-02-22 09:22:39,729 - tf2onnx.graph - DEBUG - Making node: Name=point_net_1/s2_l3_1024_convolution_layer_1/batch_normalization_35_1/batchnorm/mul_1__252, OP=Transpose
2026-02-22 09:22:39,729 - tf2onnx.graph - DEBUG - Infer shape and dtype for [point_net_1/s2_l3_1024_convolution_layer_1/batch_normalization_35_1/batchnorm/mul_1__252]
2026-02-22 09:22:39,730 - tf2onnx.graph - DEBUG - Set dtype of [point_net_1/s2_l3_1024_convolution_layer_1/batch_normalization_35_1/batchnorm/mul_1__252:0] to 1
2026-02-22 09:22:39,730 - tf2onnx.graph - DEBUG - Set shape of [point_net_1/s2_l3_1024_convolution_layer_1/batch_normalization_35_1/batchnorm/mul_1__252:0] to [128, 1, 8192, -1]
2026-02-22 09:22:39,731 - tf2onnx.graph - DEBUG - Made node: point_net_1/s2_l3_1024_convolution_layer_1/batch_normalization_35_1/batchnorm/mul_1__252
OP=Transpose
Name=point_net_1/s2_l3_1024_convolution_layer_1/batch_normalization_35_1/batchnorm/mul_1__252
Inputs:
	point_net_1/s2_l2_128_convolution_layer_1/Relu:0=Relu, [-1, 8192, 1, 128], 1
Outpus:
	point_net_1/s2_l3_1024_convolution_layer_1/batch_normalization_35_1/batchnorm/mul_1__252:0=[128, 1, 8192, -1], 1
2026-02-22 09:22:39,732 - tf2onnx.graph - DEBUG - Making node: Name=point_net_1/s2_l3_1024_convolution_layer_1/batch_normalization_35_1/batchnorm/mul_1__254, OP=Transpose
2026-02-22 09:22:39,733 - tf2onnx.graph - DEBUG - Infer shape and dtype for [point_net_1/s2_l3_1024_convolution_layer_1/batch_normalization_35_1/batchnorm/mul_1__254]
2026-02-22 09:22:39,733 - tf2onnx.graph - DEBUG - Set dtype of [point_net_1/s2_l3_1024_convolution_layer_1/batch_normalization_35_1/batchnorm/mul_1__254:0] to 1
2026-02-22 09:22:39,734 - tf2onnx.graph - DEBUG - Set shape of [point_net_1/s2_l3_1024_convolution_layer_1/batch_normalization_35_1/batchnorm/mul_1__254:0] to [1024, 1, 8192, -1]
2026-02-22 09:22:39,734 - tf2onnx.graph - DEBUG - Made node: point_net_1/s2_l3_1024_convolution_layer_1/batch_normalization_35_1/batchnorm/mul_1__254
OP=Transpose
Name=point_net_1/s2_l3_1024_convolution_layer_1/batch_normalization_35_1/batchnorm/mul_1__254
Inputs:
	point_net_1/s2_l3_1024_convolution_layer_1/batch_normalization_35_1/batchnorm/mul_1:0=Conv, [-1, 8192, 1, 1024], 1
Outpus:
	point_net_1/s2_l3_1024_convolution_layer_1/batch_normalization_35_1/batchnorm/mul_1__254:0=[1024, 1, 8192, -1], 1
2026-02-22 09:22:39,735 - tf2onnx.tfonnx - DEBUG - Process node: point_net_1/s2_l3_1024_convolution_layer_1/batch_normalization_35_1/batchnorm/add_1
OP=AddV2
Name=point_net_1/s2_l3_1024_convolution_layer_1/batch_normalization_35_1/batchnorm/add_1
Inputs:
	point_net_1/s2_l3_1024_convolution_layer_1/batch_normalization_35_1/batchnorm/mul_1__254:0=Transpose, [-1, 8192, 1, 1024], 1
	point_net_1/s2_l3_1024_convolution_layer_1/batch_normalization_35_1/batchnorm/sub:0=Const, [1024], 1
Outpus:
	point_net_1/s2_l3_1024_convolution_layer_1/batch_normalization_35_1/batchnorm/add_1:0=[-1, 8192, 1, 1024], 1
2026-02-22 09:22:39,735 - tf2onnx.tfonnx - DEBUG - Process node: point_net_1/s2_l3_1024_convolution_layer_1/Relu
OP=Relu
Name=point_net_1/s2_l3_1024_convolution_layer_1/Relu
Inputs:
	point_net_1/s2_l3_1024_convolution_layer_1/batch_normalization_35_1/batchnorm/add_1:0=Add, [-1, 8192, 1, 1024], 1
Outpus:
	point_net_1/s2_l3_1024_convolution_layer_1/Relu:0=[-1, 8192, 1, 1024], 1
2026-02-22 09:22:39,736 - tf2onnx.tfonnx - DEBUG - Process node: point_net_1/Squeeze_1
OP=Squeeze
Name=point_net_1/Squeeze_1
Inputs:
	point_net_1/s2_l3_1024_convolution_layer_1/Relu:0=Relu, [-1, 8192, 1, 1024], 1
Outpus:
	point_net_1/Squeeze_1:0=[-1, 8192, 1024], 1
2026-02-22 09:22:39,736 - tf2onnx.graph - DEBUG - Making node: Name=axes_const__256, OP=Const
2026-02-22 09:22:39,737 - tf2onnx.graph - DEBUG - Made node: axes_const__256
OP=Const
Name=axes_const__256
Outpus:
	axes_const__256=None, 7
2026-02-22 09:22:39,738 - tf2onnx.tfonnx - DEBUG - Process node: point_net_1/Max
OP=Max
Name=point_net_1/Max
Inputs:
	point_net_1/Squeeze_1:0=Squeeze, [-1, 8192, 1024], 1
	point_net_1/Max/reduction_indices:0=Const, [], 6
Outpus:
	point_net_1/Max:0=[-1, 1024], 1
2026-02-22 09:22:39,738 - tf2onnx.tfonnx - DEBUG - Process node: point_net_1/s3_l1_512_dense_layer_1/s3_l1_512_dense_layer_1/MatMul
OP=MatMul
Name=point_net_1/s3_l1_512_dense_layer_1/s3_l1_512_dense_layer_1/MatMul
Inputs:
	point_net_1/Max:0=ReduceMax, [-1, 1024], 1
	point_net_1/s3_l1_512_dense_layer_1/s3_l1_512_dense_layer_1/Cast/ReadVariableOp:0=Const, [1024, 512], 1
Outpus:
	point_net_1/s3_l1_512_dense_layer_1/s3_l1_512_dense_layer_1/MatMul:0=[-1, 512], 1
2026-02-22 09:22:39,739 - tf2onnx.tfonnx - DEBUG - Process node: point_net_1/s3_l1_512_dense_layer_1/batch_normalization_36_1/batchnorm/mul_1
OP=Mul
Name=point_net_1/s3_l1_512_dense_layer_1/batch_normalization_36_1/batchnorm/mul_1
Inputs:
	point_net_1/s3_l1_512_dense_layer_1/s3_l1_512_dense_layer_1/MatMul:0=MatMul, [-1, 512], 1
	point_net_1/s3_l1_512_dense_layer_1/batch_normalization_36_1/batchnorm/mul:0=Const, [512], 1
Outpus:
	point_net_1/s3_l1_512_dense_layer_1/batch_normalization_36_1/batchnorm/mul_1:0=[-1, 512], 1
2026-02-22 09:22:39,740 - tf2onnx.tfonnx - DEBUG - Process node: point_net_1/s3_l1_512_dense_layer_1/batch_normalization_36_1/batchnorm/add_1
OP=AddV2
Name=point_net_1/s3_l1_512_dense_layer_1/batch_normalization_36_1/batchnorm/add_1
Inputs:
	point_net_1/s3_l1_512_dense_layer_1/batch_normalization_36_1/batchnorm/mul_1:0=Mul, [-1, 512], 1
	point_net_1/s3_l1_512_dense_layer_1/batch_normalization_36_1/batchnorm/sub:0=Const, [512], 1
Outpus:
	point_net_1/s3_l1_512_dense_layer_1/batch_normalization_36_1/batchnorm/add_1:0=[-1, 512], 1
2026-02-22 09:22:39,740 - tf2onnx.tfonnx - DEBUG - Process node: point_net_1/s3_l1_512_dense_layer_1/Relu
OP=Relu
Name=point_net_1/s3_l1_512_dense_layer_1/Relu
Inputs:
	point_net_1/s3_l1_512_dense_layer_1/batch_normalization_36_1/batchnorm/add_1:0=Add, [-1, 512], 1
Outpus:
	point_net_1/s3_l1_512_dense_layer_1/Relu:0=[-1, 512], 1
2026-02-22 09:22:39,741 - tf2onnx.tfonnx - DEBUG - Process node: point_net_1/s3_l2_256_dense_layer_1/s3_l2_256_dense_layer_1/MatMul
OP=MatMul
Name=point_net_1/s3_l2_256_dense_layer_1/s3_l2_256_dense_layer_1/MatMul
Inputs:
	point_net_1/s3_l1_512_dense_layer_1/Relu:0=Relu, [-1, 512], 1
	point_net_1/s3_l2_256_dense_layer_1/s3_l2_256_dense_layer_1/Cast/ReadVariableOp:0=Const, [512, 256], 1
Outpus:
	point_net_1/s3_l2_256_dense_layer_1/s3_l2_256_dense_layer_1/MatMul:0=[-1, 256], 1
2026-02-22 09:22:39,742 - tf2onnx.tfonnx - DEBUG - Process node: point_net_1/s3_l2_256_dense_layer_1/batch_normalization_37_1/batchnorm/mul_1
OP=Mul
Name=point_net_1/s3_l2_256_dense_layer_1/batch_normalization_37_1/batchnorm/mul_1
Inputs:
	point_net_1/s3_l2_256_dense_layer_1/s3_l2_256_dense_layer_1/MatMul:0=MatMul, [-1, 256], 1
	point_net_1/s3_l2_256_dense_layer_1/batch_normalization_37_1/batchnorm/mul:0=Const, [256], 1
Outpus:
	point_net_1/s3_l2_256_dense_layer_1/batch_normalization_37_1/batchnorm/mul_1:0=[-1, 256], 1
2026-02-22 09:22:39,742 - tf2onnx.tfonnx - DEBUG - Process node: point_net_1/s3_l2_256_dense_layer_1/batch_normalization_37_1/batchnorm/add_1
OP=AddV2
Name=point_net_1/s3_l2_256_dense_layer_1/batch_normalization_37_1/batchnorm/add_1
Inputs:
	point_net_1/s3_l2_256_dense_layer_1/batch_normalization_37_1/batchnorm/mul_1:0=Mul, [-1, 256], 1
	point_net_1/s3_l2_256_dense_layer_1/batch_normalization_37_1/batchnorm/sub:0=Const, [256], 1
Outpus:
	point_net_1/s3_l2_256_dense_layer_1/batch_normalization_37_1/batchnorm/add_1:0=[-1, 256], 1
2026-02-22 09:22:39,743 - tf2onnx.tfonnx - DEBUG - Process node: point_net_1/s3_l2_256_dense_layer_1/Relu
OP=Relu
Name=point_net_1/s3_l2_256_dense_layer_1/Relu
Inputs:
	point_net_1/s3_l2_256_dense_layer_1/batch_normalization_37_1/batchnorm/add_1:0=Add, [-1, 256], 1
Outpus:
	point_net_1/s3_l2_256_dense_layer_1/Relu:0=[-1, 256], 1
2026-02-22 09:22:39,743 - tf2onnx.tfonnx - DEBUG - Process node: point_net_1/output_dense_layer_1/output_dense_layer_1/MatMul
OP=MatMul
Name=point_net_1/output_dense_layer_1/output_dense_layer_1/MatMul
Inputs:
	point_net_1/s3_l2_256_dense_layer_1/Relu:0=Relu, [-1, 256], 1
	point_net_1/output_dense_layer_1/output_dense_layer_1/Cast/ReadVariableOp:0=Const, [256, 23], 1
Outpus:
	point_net_1/output_dense_layer_1/output_dense_layer_1/MatMul:0=[-1, 23], 1
2026-02-22 09:22:39,743 - tf2onnx.tfonnx - DEBUG - Process node: point_net_1/output_dense_layer_1/output_dense_layer_1/BiasAdd
OP=BiasAdd
Name=point_net_1/output_dense_layer_1/output_dense_layer_1/BiasAdd
Inputs:
	point_net_1/output_dense_layer_1/output_dense_layer_1/MatMul:0=MatMul, [-1, 23], 1
	point_net_1/output_dense_layer_1/output_dense_layer_1/BiasAdd/ReadVariableOp:0=Const, [23], 1
Outpus:
	point_net_1/output_dense_layer_1/output_dense_layer_1/BiasAdd:0=[-1, 23], 1
2026-02-22 09:22:39,744 - tf2onnx.tfonnx - DEBUG - Process node: point_net_1/output_dense_layer_1/Softmax
OP=Softmax
Name=point_net_1/output_dense_layer_1/Softmax
Inputs:
	point_net_1/output_dense_layer_1/output_dense_layer_1/BiasAdd:0=Add, [-1, 23], 1
Outpus:
	point_net_1/output_dense_layer_1/Softmax:0=[-1, 23], 1
2026-02-22 09:22:39,744 - tf2onnx.tfonnx - DEBUG - Process node: point_net_1/ExpandDims_2
OP=ExpandDims
Name=point_net_1/ExpandDims_2
Inputs:
	point_net_1/Max:0=ReduceMax, [-1, 1024], 1
	point_net_1/ExpandDims_2/dim:0=Const, [], 6
Outpus:
	point_net_1/ExpandDims_2:0=[-1, 1, 1024], 1
2026-02-22 09:22:39,744 - tf2onnx.graph - DEBUG - Making node: Name=point_net_1/ExpandDims_2__257, OP=Cast
2026-02-22 09:22:39,745 - tf2onnx.graph - DEBUG - Infer shape and dtype for [point_net_1/ExpandDims_2__257]
2026-02-22 09:22:39,745 - tf2onnx.graph - DEBUG - Set dtype of [point_net_1/ExpandDims_2__257:0] to 7
2026-02-22 09:22:39,746 - tf2onnx.graph - DEBUG - Set shape of [point_net_1/ExpandDims_2__257:0] to []
2026-02-22 09:22:39,746 - tf2onnx.graph - DEBUG - Made node: point_net_1/ExpandDims_2__257
OP=Cast
Name=point_net_1/ExpandDims_2__257
Inputs:
	point_net_1/ExpandDims_2/dim:0=Const, [], 6
Outpus:
	point_net_1/ExpandDims_2__257:0=[], 7
2026-02-22 09:22:39,747 - tf2onnx.graph - DEBUG - Making node: Name=reshape_const__258, OP=Const
2026-02-22 09:22:39,747 - tf2onnx.graph - DEBUG - Made node: reshape_const__258
OP=Const
Name=reshape_const__258
Outpus:
	reshape_const__258=None, 7
2026-02-22 09:22:39,748 - tf2onnx.graph - DEBUG - Making node: Name=Reshape__259, OP=Reshape
2026-02-22 09:22:39,748 - tf2onnx.graph - DEBUG - Infer shape and dtype for [Reshape__259]
2026-02-22 09:22:39,749 - tf2onnx.graph - DEBUG - Set dtype of [Reshape__259:0] to 7
2026-02-22 09:22:39,749 - tf2onnx.graph - DEBUG - Set shape of [Reshape__259:0] to [1]
2026-02-22 09:22:39,749 - tf2onnx.graph - DEBUG - Made node: Reshape__259
OP=Reshape
Name=Reshape__259
Inputs:
	point_net_1/ExpandDims_2__257:0=Cast, [], 7
	reshape_const__258=Const, [1], 7
Outpus:
	Reshape__259:0=[1], 7
2026-02-22 09:22:39,750 - tf2onnx.tfonnx - DEBUG - Process node: point_net_1/Tile
OP=Tile
Name=point_net_1/Tile
Inputs:
	point_net_1/ExpandDims_2:0=Unsqueeze, [-1, 1, 1024], 1
	point_net_1/Tile/multiples:0=Const, [3], 6
Outpus:
	point_net_1/Tile:0=[-1, 8192, 1024], 1
2026-02-22 09:22:39,750 - tf2onnx.graph - DEBUG - Making node: Name=point_net_1/Tile__260, OP=Cast
2026-02-22 09:22:39,751 - tf2onnx.graph - DEBUG - Infer shape and dtype for [point_net_1/Tile__260]
2026-02-22 09:22:39,751 - tf2onnx.graph - DEBUG - Set dtype of [point_net_1/Tile__260:0] to 7
2026-02-22 09:22:39,752 - tf2onnx.graph - DEBUG - Set shape of [point_net_1/Tile__260:0] to [3]
2026-02-22 09:22:39,752 - tf2onnx.graph - DEBUG - Made node: point_net_1/Tile__260
OP=Cast
Name=point_net_1/Tile__260
Inputs:
	point_net_1/Tile/multiples:0=Const, [3], 6
Outpus:
	point_net_1/Tile__260:0=[3], 7
2026-02-22 09:22:39,752 - tf2onnx.tfonnx - DEBUG - Process node: point_net_1/concat
OP=ConcatV2
Name=point_net_1/concat
Inputs:
	point_net_1/MatMul_1:0=MatMul, [-1, 8192, 64], 1
	point_net_1/Tile:0=Tile, [-1, 8192, 1024], 1
	point_net_1/concat/axis:0=Const, [], 6
Outpus:
	point_net_1/concat:0=[-1, 8192, 1088], 1
2026-02-22 09:22:39,753 - tf2onnx.tfonnx - DEBUG - Process node: point_net_1/ExpandDims_3
OP=ExpandDims
Name=point_net_1/ExpandDims_3
Inputs:
	point_net_1/concat:0=Concat, [-1, 8192, 1088], 1
	point_net_1/ExpandDims_3/dim:0=Const, [], 6
Outpus:
	point_net_1/ExpandDims_3:0=[-1, 8192, 1, 1088], 1
2026-02-22 09:22:39,753 - tf2onnx.graph - DEBUG - Making node: Name=point_net_1/ExpandDims_3__261, OP=Cast
2026-02-22 09:22:39,754 - tf2onnx.graph - DEBUG - Infer shape and dtype for [point_net_1/ExpandDims_3__261]
2026-02-22 09:22:39,754 - tf2onnx.graph - DEBUG - Set dtype of [point_net_1/ExpandDims_3__261:0] to 7
2026-02-22 09:22:39,755 - tf2onnx.graph - DEBUG - Set shape of [point_net_1/ExpandDims_3__261:0] to []
2026-02-22 09:22:39,755 - tf2onnx.graph - DEBUG - Made node: point_net_1/ExpandDims_3__261
OP=Cast
Name=point_net_1/ExpandDims_3__261
Inputs:
	point_net_1/ExpandDims_3/dim:0=Const, [], 6
Outpus:
	point_net_1/ExpandDims_3__261:0=[], 7
2026-02-22 09:22:39,756 - tf2onnx.graph - DEBUG - Making node: Name=reshape_const__262, OP=Const
2026-02-22 09:22:39,756 - tf2onnx.graph - DEBUG - Made node: reshape_const__262
OP=Const
Name=reshape_const__262
Outpus:
	reshape_const__262=None, 7
2026-02-22 09:22:39,756 - tf2onnx.graph - DEBUG - Making node: Name=Reshape__263, OP=Reshape
2026-02-22 09:22:39,757 - tf2onnx.graph - DEBUG - Infer shape and dtype for [Reshape__263]
2026-02-22 09:22:39,757 - tf2onnx.graph - DEBUG - Set dtype of [Reshape__263:0] to 7
2026-02-22 09:22:39,758 - tf2onnx.graph - DEBUG - Set shape of [Reshape__263:0] to [1]
2026-02-22 09:22:39,758 - tf2onnx.graph - DEBUG - Made node: Reshape__263
OP=Reshape
Name=Reshape__263
Inputs:
	point_net_1/ExpandDims_3__261:0=Cast, [], 7
	reshape_const__262=Const, [1], 7
Outpus:
	Reshape__263:0=[1], 7
2026-02-22 09:22:39,758 - tf2onnx.tfonnx - DEBUG - Process node: point_net_1/seg_l1_512_convolution_layer_1/batch_normalization_38_1/batchnorm/mul_1
OP=Conv2D
Name=point_net_1/seg_l1_512_convolution_layer_1/batch_normalization_38_1/batchnorm/mul_1
Inputs:
	point_net_1/ExpandDims_3:0=Unsqueeze, [-1, 8192, 1, 1088], 1
	point_net_1/seg_l1_512_convolution_layer_1/seg_l1_512_convolution_layer_1/convolution/merged_input:0=Const, [1, 1, 1088, 512], 1
Outpus:
	point_net_1/seg_l1_512_convolution_layer_1/batch_normalization_38_1/batchnorm/mul_1:0=[-1, 8192, 1, 512], 1
2026-02-22 09:22:39,759 - tf2onnx.graph - DEBUG - Making node: Name=point_net_1/seg_l1_512_convolution_layer_1/batch_normalization_38_1/batchnorm/mul_1__264, OP=Transpose
2026-02-22 09:22:39,759 - tf2onnx.graph - DEBUG - Infer shape and dtype for [point_net_1/seg_l1_512_convolution_layer_1/batch_normalization_38_1/batchnorm/mul_1__264]
2026-02-22 09:22:39,760 - tf2onnx.graph - DEBUG - Set dtype of [point_net_1/seg_l1_512_convolution_layer_1/batch_normalization_38_1/batchnorm/mul_1__264:0] to 1
2026-02-22 09:22:39,761 - tf2onnx.graph - DEBUG - Set shape of [point_net_1/seg_l1_512_convolution_layer_1/batch_normalization_38_1/batchnorm/mul_1__264:0] to [1088, 1, 8192, -1]
2026-02-22 09:22:39,761 - tf2onnx.graph - DEBUG - Made node: point_net_1/seg_l1_512_convolution_layer_1/batch_normalization_38_1/batchnorm/mul_1__264
OP=Transpose
Name=point_net_1/seg_l1_512_convolution_layer_1/batch_normalization_38_1/batchnorm/mul_1__264
Inputs:
	point_net_1/ExpandDims_3:0=Unsqueeze, [-1, 8192, 1, 1088], 1
Outpus:
	point_net_1/seg_l1_512_convolution_layer_1/batch_normalization_38_1/batchnorm/mul_1__264:0=[1088, 1, 8192, -1], 1
2026-02-22 09:22:39,767 - tf2onnx.graph - DEBUG - Making node: Name=point_net_1/seg_l1_512_convolution_layer_1/batch_normalization_38_1/batchnorm/mul_1__266, OP=Transpose
2026-02-22 09:22:39,768 - tf2onnx.graph - DEBUG - Infer shape and dtype for [point_net_1/seg_l1_512_convolution_layer_1/batch_normalization_38_1/batchnorm/mul_1__266]
2026-02-22 09:22:39,768 - tf2onnx.graph - DEBUG - Set dtype of [point_net_1/seg_l1_512_convolution_layer_1/batch_normalization_38_1/batchnorm/mul_1__266:0] to 1
2026-02-22 09:22:39,769 - tf2onnx.graph - DEBUG - Set shape of [point_net_1/seg_l1_512_convolution_layer_1/batch_normalization_38_1/batchnorm/mul_1__266:0] to [512, 1, 8192, -1]
2026-02-22 09:22:39,769 - tf2onnx.graph - DEBUG - Made node: point_net_1/seg_l1_512_convolution_layer_1/batch_normalization_38_1/batchnorm/mul_1__266
OP=Transpose
Name=point_net_1/seg_l1_512_convolution_layer_1/batch_normalization_38_1/batchnorm/mul_1__266
Inputs:
	point_net_1/seg_l1_512_convolution_layer_1/batch_normalization_38_1/batchnorm/mul_1:0=Conv, [-1, 8192, 1, 512], 1
Outpus:
	point_net_1/seg_l1_512_convolution_layer_1/batch_normalization_38_1/batchnorm/mul_1__266:0=[512, 1, 8192, -1], 1
2026-02-22 09:22:39,769 - tf2onnx.tfonnx - DEBUG - Process node: point_net_1/seg_l1_512_convolution_layer_1/batch_normalization_38_1/batchnorm/add_1
OP=AddV2
Name=point_net_1/seg_l1_512_convolution_layer_1/batch_normalization_38_1/batchnorm/add_1
Inputs:
	point_net_1/seg_l1_512_convolution_layer_1/batch_normalization_38_1/batchnorm/mul_1__266:0=Transpose, [-1, 8192, 1, 512], 1
	point_net_1/seg_l1_512_convolution_layer_1/batch_normalization_38_1/batchnorm/sub:0=Const, [512], 1
Outpus:
	point_net_1/seg_l1_512_convolution_layer_1/batch_normalization_38_1/batchnorm/add_1:0=[-1, 8192, 1, 512], 1
2026-02-22 09:22:39,770 - tf2onnx.tfonnx - DEBUG - Process node: point_net_1/seg_l1_512_convolution_layer_1/Relu
OP=Relu
Name=point_net_1/seg_l1_512_convolution_layer_1/Relu
Inputs:
	point_net_1/seg_l1_512_convolution_layer_1/batch_normalization_38_1/batchnorm/add_1:0=Add, [-1, 8192, 1, 512], 1
Outpus:
	point_net_1/seg_l1_512_convolution_layer_1/Relu:0=[-1, 8192, 1, 512], 1
2026-02-22 09:22:39,770 - tf2onnx.tfonnx - DEBUG - Process node: point_net_1/seg_l2_256_convolution_layer_1/batch_normalization_39_1/batchnorm/mul_1
OP=Conv2D
Name=point_net_1/seg_l2_256_convolution_layer_1/batch_normalization_39_1/batchnorm/mul_1
Inputs:
	point_net_1/seg_l1_512_convolution_layer_1/Relu:0=Relu, [-1, 8192, 1, 512], 1
	point_net_1/seg_l2_256_convolution_layer_1/seg_l2_256_convolution_layer_1/convolution/merged_input:0=Const, [1, 1, 512, 256], 1
Outpus:
	point_net_1/seg_l2_256_convolution_layer_1/batch_normalization_39_1/batchnorm/mul_1:0=[-1, 8192, 1, 256], 1
2026-02-22 09:22:39,770 - tf2onnx.graph - DEBUG - Making node: Name=point_net_1/seg_l2_256_convolution_layer_1/batch_normalization_39_1/batchnorm/mul_1__268, OP=Transpose
2026-02-22 09:22:39,771 - tf2onnx.graph - DEBUG - Infer shape and dtype for [point_net_1/seg_l2_256_convolution_layer_1/batch_normalization_39_1/batchnorm/mul_1__268]
2026-02-22 09:22:39,771 - tf2onnx.graph - DEBUG - Set dtype of [point_net_1/seg_l2_256_convolution_layer_1/batch_normalization_39_1/batchnorm/mul_1__268:0] to 1
2026-02-22 09:22:39,772 - tf2onnx.graph - DEBUG - Set shape of [point_net_1/seg_l2_256_convolution_layer_1/batch_normalization_39_1/batchnorm/mul_1__268:0] to [512, 1, 8192, -1]
2026-02-22 09:22:39,772 - tf2onnx.graph - DEBUG - Made node: point_net_1/seg_l2_256_convolution_layer_1/batch_normalization_39_1/batchnorm/mul_1__268
OP=Transpose
Name=point_net_1/seg_l2_256_convolution_layer_1/batch_normalization_39_1/batchnorm/mul_1__268
Inputs:
	point_net_1/seg_l1_512_convolution_layer_1/Relu:0=Relu, [-1, 8192, 1, 512], 1
Outpus:
	point_net_1/seg_l2_256_convolution_layer_1/batch_normalization_39_1/batchnorm/mul_1__268:0=[512, 1, 8192, -1], 1
2026-02-22 09:22:39,773 - tf2onnx.graph - DEBUG - Making node: Name=point_net_1/seg_l2_256_convolution_layer_1/batch_normalization_39_1/batchnorm/mul_1__270, OP=Transpose
2026-02-22 09:22:39,774 - tf2onnx.graph - DEBUG - Infer shape and dtype for [point_net_1/seg_l2_256_convolution_layer_1/batch_normalization_39_1/batchnorm/mul_1__270]
2026-02-22 09:22:39,775 - tf2onnx.graph - DEBUG - Set dtype of [point_net_1/seg_l2_256_convolution_layer_1/batch_normalization_39_1/batchnorm/mul_1__270:0] to 1
2026-02-22 09:22:39,775 - tf2onnx.graph - DEBUG - Set shape of [point_net_1/seg_l2_256_convolution_layer_1/batch_normalization_39_1/batchnorm/mul_1__270:0] to [256, 1, 8192, -1]
2026-02-22 09:22:39,776 - tf2onnx.graph - DEBUG - Made node: point_net_1/seg_l2_256_convolution_layer_1/batch_normalization_39_1/batchnorm/mul_1__270
OP=Transpose
Name=point_net_1/seg_l2_256_convolution_layer_1/batch_normalization_39_1/batchnorm/mul_1__270
Inputs:
	point_net_1/seg_l2_256_convolution_layer_1/batch_normalization_39_1/batchnorm/mul_1:0=Conv, [-1, 8192, 1, 256], 1
Outpus:
	point_net_1/seg_l2_256_convolution_layer_1/batch_normalization_39_1/batchnorm/mul_1__270:0=[256, 1, 8192, -1], 1
2026-02-22 09:22:39,776 - tf2onnx.tfonnx - DEBUG - Process node: point_net_1/seg_l2_256_convolution_layer_1/batch_normalization_39_1/batchnorm/add_1
OP=AddV2
Name=point_net_1/seg_l2_256_convolution_layer_1/batch_normalization_39_1/batchnorm/add_1
Inputs:
	point_net_1/seg_l2_256_convolution_layer_1/batch_normalization_39_1/batchnorm/mul_1__270:0=Transpose, [-1, 8192, 1, 256], 1
	point_net_1/seg_l2_256_convolution_layer_1/batch_normalization_39_1/batchnorm/sub:0=Const, [256], 1
Outpus:
	point_net_1/seg_l2_256_convolution_layer_1/batch_normalization_39_1/batchnorm/add_1:0=[-1, 8192, 1, 256], 1
2026-02-22 09:22:39,777 - tf2onnx.tfonnx - DEBUG - Process node: point_net_1/seg_l2_256_convolution_layer_1/Relu
OP=Relu
Name=point_net_1/seg_l2_256_convolution_layer_1/Relu
Inputs:
	point_net_1/seg_l2_256_convolution_layer_1/batch_normalization_39_1/batchnorm/add_1:0=Add, [-1, 8192, 1, 256], 1
Outpus:
	point_net_1/seg_l2_256_convolution_layer_1/Relu:0=[-1, 8192, 1, 256], 1
2026-02-22 09:22:39,777 - tf2onnx.tfonnx - DEBUG - Process node: point_net_1/seg_l3_128_convolution_layer_1/batch_normalization_40_1/batchnorm/mul_1
OP=Conv2D
Name=point_net_1/seg_l3_128_convolution_layer_1/batch_normalization_40_1/batchnorm/mul_1
Inputs:
	point_net_1/seg_l2_256_convolution_layer_1/Relu:0=Relu, [-1, 8192, 1, 256], 1
	point_net_1/seg_l3_128_convolution_layer_1/seg_l3_128_convolution_layer_1/convolution/merged_input:0=Const, [1, 1, 256, 128], 1
Outpus:
	point_net_1/seg_l3_128_convolution_layer_1/batch_normalization_40_1/batchnorm/mul_1:0=[-1, 8192, 1, 128], 1
2026-02-22 09:22:39,778 - tf2onnx.graph - DEBUG - Making node: Name=point_net_1/seg_l3_128_convolution_layer_1/batch_normalization_40_1/batchnorm/mul_1__272, OP=Transpose
2026-02-22 09:22:39,779 - tf2onnx.graph - DEBUG - Infer shape and dtype for [point_net_1/seg_l3_128_convolution_layer_1/batch_normalization_40_1/batchnorm/mul_1__272]
2026-02-22 09:22:39,779 - tf2onnx.graph - DEBUG - Set dtype of [point_net_1/seg_l3_128_convolution_layer_1/batch_normalization_40_1/batchnorm/mul_1__272:0] to 1
2026-02-22 09:22:39,780 - tf2onnx.graph - DEBUG - Set shape of [point_net_1/seg_l3_128_convolution_layer_1/batch_normalization_40_1/batchnorm/mul_1__272:0] to [256, 1, 8192, -1]
2026-02-22 09:22:39,780 - tf2onnx.graph - DEBUG - Made node: point_net_1/seg_l3_128_convolution_layer_1/batch_normalization_40_1/batchnorm/mul_1__272
OP=Transpose
Name=point_net_1/seg_l3_128_convolution_layer_1/batch_normalization_40_1/batchnorm/mul_1__272
Inputs:
	point_net_1/seg_l2_256_convolution_layer_1/Relu:0=Relu, [-1, 8192, 1, 256], 1
Outpus:
	point_net_1/seg_l3_128_convolution_layer_1/batch_normalization_40_1/batchnorm/mul_1__272:0=[256, 1, 8192, -1], 1
2026-02-22 09:22:39,781 - tf2onnx.graph - DEBUG - Making node: Name=point_net_1/seg_l3_128_convolution_layer_1/batch_normalization_40_1/batchnorm/mul_1__274, OP=Transpose
2026-02-22 09:22:39,781 - tf2onnx.graph - DEBUG - Infer shape and dtype for [point_net_1/seg_l3_128_convolution_layer_1/batch_normalization_40_1/batchnorm/mul_1__274]
2026-02-22 09:22:39,782 - tf2onnx.graph - DEBUG - Set dtype of [point_net_1/seg_l3_128_convolution_layer_1/batch_normalization_40_1/batchnorm/mul_1__274:0] to 1
2026-02-22 09:22:39,782 - tf2onnx.graph - DEBUG - Set shape of [point_net_1/seg_l3_128_convolution_layer_1/batch_normalization_40_1/batchnorm/mul_1__274:0] to [128, 1, 8192, -1]
2026-02-22 09:22:39,783 - tf2onnx.graph - DEBUG - Made node: point_net_1/seg_l3_128_convolution_layer_1/batch_normalization_40_1/batchnorm/mul_1__274
OP=Transpose
Name=point_net_1/seg_l3_128_convolution_layer_1/batch_normalization_40_1/batchnorm/mul_1__274
Inputs:
	point_net_1/seg_l3_128_convolution_layer_1/batch_normalization_40_1/batchnorm/mul_1:0=Conv, [-1, 8192, 1, 128], 1
Outpus:
	point_net_1/seg_l3_128_convolution_layer_1/batch_normalization_40_1/batchnorm/mul_1__274:0=[128, 1, 8192, -1], 1
2026-02-22 09:22:39,783 - tf2onnx.tfonnx - DEBUG - Process node: point_net_1/seg_l3_128_convolution_layer_1/batch_normalization_40_1/batchnorm/add_1
OP=AddV2
Name=point_net_1/seg_l3_128_convolution_layer_1/batch_normalization_40_1/batchnorm/add_1
Inputs:
	point_net_1/seg_l3_128_convolution_layer_1/batch_normalization_40_1/batchnorm/mul_1__274:0=Transpose, [-1, 8192, 1, 128], 1
	point_net_1/seg_l3_128_convolution_layer_1/batch_normalization_40_1/batchnorm/sub:0=Const, [128], 1
Outpus:
	point_net_1/seg_l3_128_convolution_layer_1/batch_normalization_40_1/batchnorm/add_1:0=[-1, 8192, 1, 128], 1
2026-02-22 09:22:39,784 - tf2onnx.tfonnx - DEBUG - Process node: point_net_1/seg_l3_128_convolution_layer_1/Relu
OP=Relu
Name=point_net_1/seg_l3_128_convolution_layer_1/Relu
Inputs:
	point_net_1/seg_l3_128_convolution_layer_1/batch_normalization_40_1/batchnorm/add_1:0=Add, [-1, 8192, 1, 128], 1
Outpus:
	point_net_1/seg_l3_128_convolution_layer_1/Relu:0=[-1, 8192, 1, 128], 1
2026-02-22 09:22:39,784 - tf2onnx.tfonnx - DEBUG - Process node: point_net_1/seg_l4_128_convolution_layer_1/batch_normalization_41_1/batchnorm/mul_1
OP=Conv2D
Name=point_net_1/seg_l4_128_convolution_layer_1/batch_normalization_41_1/batchnorm/mul_1
Inputs:
	point_net_1/seg_l3_128_convolution_layer_1/Relu:0=Relu, [-1, 8192, 1, 128], 1
	point_net_1/seg_l4_128_convolution_layer_1/seg_l4_128_convolution_layer_1/convolution/merged_input:0=Const, [1, 1, 128, 128], 1
Outpus:
	point_net_1/seg_l4_128_convolution_layer_1/batch_normalization_41_1/batchnorm/mul_1:0=[-1, 8192, 1, 128], 1
2026-02-22 09:22:39,785 - tf2onnx.graph - DEBUG - Making node: Name=point_net_1/seg_l4_128_convolution_layer_1/batch_normalization_41_1/batchnorm/mul_1__276, OP=Transpose
2026-02-22 09:22:39,785 - tf2onnx.graph - DEBUG - Infer shape and dtype for [point_net_1/seg_l4_128_convolution_layer_1/batch_normalization_41_1/batchnorm/mul_1__276]
2026-02-22 09:22:39,786 - tf2onnx.graph - DEBUG - Set dtype of [point_net_1/seg_l4_128_convolution_layer_1/batch_normalization_41_1/batchnorm/mul_1__276:0] to 1
2026-02-22 09:22:39,786 - tf2onnx.graph - DEBUG - Set shape of [point_net_1/seg_l4_128_convolution_layer_1/batch_normalization_41_1/batchnorm/mul_1__276:0] to [128, 1, 8192, -1]
2026-02-22 09:22:39,787 - tf2onnx.graph - DEBUG - Made node: point_net_1/seg_l4_128_convolution_layer_1/batch_normalization_41_1/batchnorm/mul_1__276
OP=Transpose
Name=point_net_1/seg_l4_128_convolution_layer_1/batch_normalization_41_1/batchnorm/mul_1__276
Inputs:
	point_net_1/seg_l3_128_convolution_layer_1/Relu:0=Relu, [-1, 8192, 1, 128], 1
Outpus:
	point_net_1/seg_l4_128_convolution_layer_1/batch_normalization_41_1/batchnorm/mul_1__276:0=[128, 1, 8192, -1], 1
2026-02-22 09:22:39,787 - tf2onnx.graph - DEBUG - Making node: Name=point_net_1/seg_l4_128_convolution_layer_1/batch_normalization_41_1/batchnorm/mul_1__278, OP=Transpose
2026-02-22 09:22:39,788 - tf2onnx.graph - DEBUG - Infer shape and dtype for [point_net_1/seg_l4_128_convolution_layer_1/batch_normalization_41_1/batchnorm/mul_1__278]
2026-02-22 09:22:39,788 - tf2onnx.graph - DEBUG - Set dtype of [point_net_1/seg_l4_128_convolution_layer_1/batch_normalization_41_1/batchnorm/mul_1__278:0] to 1
2026-02-22 09:22:39,789 - tf2onnx.graph - DEBUG - Set shape of [point_net_1/seg_l4_128_convolution_layer_1/batch_normalization_41_1/batchnorm/mul_1__278:0] to [128, 1, 8192, -1]
2026-02-22 09:22:39,789 - tf2onnx.graph - DEBUG - Made node: point_net_1/seg_l4_128_convolution_layer_1/batch_normalization_41_1/batchnorm/mul_1__278
OP=Transpose
Name=point_net_1/seg_l4_128_convolution_layer_1/batch_normalization_41_1/batchnorm/mul_1__278
Inputs:
	point_net_1/seg_l4_128_convolution_layer_1/batch_normalization_41_1/batchnorm/mul_1:0=Conv, [-1, 8192, 1, 128], 1
Outpus:
	point_net_1/seg_l4_128_convolution_layer_1/batch_normalization_41_1/batchnorm/mul_1__278:0=[128, 1, 8192, -1], 1
2026-02-22 09:22:39,790 - tf2onnx.tfonnx - DEBUG - Process node: point_net_1/seg_l4_128_convolution_layer_1/batch_normalization_41_1/batchnorm/add_1
OP=AddV2
Name=point_net_1/seg_l4_128_convolution_layer_1/batch_normalization_41_1/batchnorm/add_1
Inputs:
	point_net_1/seg_l4_128_convolution_layer_1/batch_normalization_41_1/batchnorm/mul_1__278:0=Transpose, [-1, 8192, 1, 128], 1
	point_net_1/seg_l4_128_convolution_layer_1/batch_normalization_41_1/batchnorm/sub:0=Const, [128], 1
Outpus:
	point_net_1/seg_l4_128_convolution_layer_1/batch_normalization_41_1/batchnorm/add_1:0=[-1, 8192, 1, 128], 1
2026-02-22 09:22:39,790 - tf2onnx.tfonnx - DEBUG - Process node: point_net_1/seg_l4_128_convolution_layer_1/Relu
OP=Relu
Name=point_net_1/seg_l4_128_convolution_layer_1/Relu
Inputs:
	point_net_1/seg_l4_128_convolution_layer_1/batch_normalization_41_1/batchnorm/add_1:0=Add, [-1, 8192, 1, 128], 1
Outpus:
	point_net_1/seg_l4_128_convolution_layer_1/Relu:0=[-1, 8192, 1, 128], 1
2026-02-22 09:22:39,790 - tf2onnx.tfonnx - DEBUG - Process node: point_net_1/seg_l5_output_convolution_layer_1/seg_l5_output_convolution_layer_1/BiasAdd
OP=Conv2D
Name=point_net_1/seg_l5_output_convolution_layer_1/seg_l5_output_convolution_layer_1/BiasAdd
Inputs:
	point_net_1/seg_l4_128_convolution_layer_1/Relu:0=Relu, [-1, 8192, 1, 128], 1
	point_net_1/seg_l5_output_convolution_layer_1/seg_l5_output_convolution_layer_1/convolution/ReadVariableOp:0=Const, [1, 1, 128, 12], 1
	point_net_1/seg_l5_output_convolution_layer_1/seg_l5_output_convolution_layer_1/Squeeze:0=Const, [12], 1
Outpus:
	point_net_1/seg_l5_output_convolution_layer_1/seg_l5_output_convolution_layer_1/BiasAdd:0=[-1, 8192, 1, 12], 1
2026-02-22 09:22:39,791 - tf2onnx.graph - DEBUG - Making node: Name=point_net_1/seg_l5_output_convolution_layer_1/seg_l5_output_convolution_layer_1/BiasAdd__280, OP=Transpose
2026-02-22 09:22:39,791 - tf2onnx.graph - DEBUG - Infer shape and dtype for [point_net_1/seg_l5_output_convolution_layer_1/seg_l5_output_convolution_layer_1/BiasAdd__280]
2026-02-22 09:22:39,792 - tf2onnx.graph - DEBUG - Set dtype of [point_net_1/seg_l5_output_convolution_layer_1/seg_l5_output_convolution_layer_1/BiasAdd__280:0] to 1
2026-02-22 09:22:39,792 - tf2onnx.graph - DEBUG - Set shape of [point_net_1/seg_l5_output_convolution_layer_1/seg_l5_output_convolution_layer_1/BiasAdd__280:0] to [128, 1, 8192, -1]
2026-02-22 09:22:39,792 - tf2onnx.graph - DEBUG - Made node: point_net_1/seg_l5_output_convolution_layer_1/seg_l5_output_convolution_layer_1/BiasAdd__280
OP=Transpose
Name=point_net_1/seg_l5_output_convolution_layer_1/seg_l5_output_convolution_layer_1/BiasAdd__280
Inputs:
	point_net_1/seg_l4_128_convolution_layer_1/Relu:0=Relu, [-1, 8192, 1, 128], 1
Outpus:
	point_net_1/seg_l5_output_convolution_layer_1/seg_l5_output_convolution_layer_1/BiasAdd__280:0=[128, 1, 8192, -1], 1
2026-02-22 09:22:39,793 - tf2onnx.graph - DEBUG - Making node: Name=point_net_1/seg_l5_output_convolution_layer_1/seg_l5_output_convolution_layer_1/BiasAdd__282, OP=Transpose
2026-02-22 09:22:39,793 - tf2onnx.graph - DEBUG - Infer shape and dtype for [point_net_1/seg_l5_output_convolution_layer_1/seg_l5_output_convolution_layer_1/BiasAdd__282]
2026-02-22 09:22:39,794 - tf2onnx.graph - DEBUG - Set dtype of [point_net_1/seg_l5_output_convolution_layer_1/seg_l5_output_convolution_layer_1/BiasAdd__282:0] to 1
2026-02-22 09:22:39,795 - tf2onnx.graph - DEBUG - Set shape of [point_net_1/seg_l5_output_convolution_layer_1/seg_l5_output_convolution_layer_1/BiasAdd__282:0] to [12, 1, 8192, -1]
2026-02-22 09:22:39,795 - tf2onnx.graph - DEBUG - Made node: point_net_1/seg_l5_output_convolution_layer_1/seg_l5_output_convolution_layer_1/BiasAdd__282
OP=Transpose
Name=point_net_1/seg_l5_output_convolution_layer_1/seg_l5_output_convolution_layer_1/BiasAdd__282
Inputs:
	point_net_1/seg_l5_output_convolution_layer_1/seg_l5_output_convolution_layer_1/BiasAdd:0=Conv, [-1, 8192, 1, 12], 1
Outpus:
	point_net_1/seg_l5_output_convolution_layer_1/seg_l5_output_convolution_layer_1/BiasAdd__282:0=[12, 1, 8192, -1], 1
2026-02-22 09:22:39,796 - tf2onnx.tfonnx - DEBUG - Process node: point_net_1/seg_l5_output_convolution_layer_1/Softmax
OP=Softmax
Name=point_net_1/seg_l5_output_convolution_layer_1/Softmax
Inputs:
	point_net_1/seg_l5_output_convolution_layer_1/seg_l5_output_convolution_layer_1/BiasAdd__282:0=Transpose, [-1, 8192, 1, 12], 1
Outpus:
	point_net_1/seg_l5_output_convolution_layer_1/Softmax:0=[-1, 8192, 1, 12], 1
2026-02-22 09:22:39,796 - tf2onnx.tfonnx - DEBUG - Process node: point_net_1/Squeeze_2
OP=Squeeze
Name=point_net_1/Squeeze_2
Inputs:
	point_net_1/seg_l5_output_convolution_layer_1/Softmax:0=Softmax, [-1, 8192, 1, 12], 1
Outpus:
	point_net_1/Squeeze_2:0=[-1, 8192, 12], 1
2026-02-22 09:22:39,797 - tf2onnx.graph - DEBUG - Making node: Name=axes_const__284, OP=Const
2026-02-22 09:22:39,798 - tf2onnx.graph - DEBUG - Made node: axes_const__284
OP=Const
Name=axes_const__284
Outpus:
	axes_const__284=None, 7
2026-02-22 09:22:39,798 - tf2onnx.tfonnx - DEBUG - Process node: Identity_2
OP=Identity
Name=Identity_2
Inputs:
	point_net_1/Squeeze_2:0=Squeeze, [-1, 8192, 12], 1
Outpus:
	Identity_2_raw_output___177:0=[-1, 8192, 12], 1
2026-02-22 09:22:39,799 - tf2onnx.tfonnx - DEBUG - Process node: Identity_2_graph_outputs_Identity__178
OP=Identity
Name=Identity_2_graph_outputs_Identity__178
Inputs:
	Identity_2_raw_output___177:0=Identity, [-1, 8192, 12], 1
Outpus:
	segmentation_output=[-1, 8192, 12], 1
2026-02-22 09:22:39,799 - tf2onnx.tfonnx - DEBUG - explicitly skip node Identity_2_graph_outputs_Identity__178
2026-02-22 09:22:39,799 - tf2onnx.tfonnx - DEBUG - Process node: Identity_1
OP=Identity
Name=Identity_1
Inputs:
	point_net_1/input_transform_1/add:0=Add, [-1, 3, 3], 1
Outpus:
	Identity_1_raw_output___179:0=[-1, 3, 3], 1
2026-02-22 09:22:39,800 - tf2onnx.tfonnx - DEBUG - Process node: Identity_1_graph_outputs_Identity__180
OP=Identity
Name=Identity_1_graph_outputs_Identity__180
Inputs:
	Identity_1_raw_output___179:0=Identity, [-1, 3, 3], 1
Outpus:
	se3=[-1, 3, 3], 1
2026-02-22 09:22:39,800 - tf2onnx.tfonnx - DEBUG - explicitly skip node Identity_1_graph_outputs_Identity__180
2026-02-22 09:22:39,800 - tf2onnx.tfonnx - DEBUG - Process node: Identity
OP=Identity
Name=Identity
Inputs:
	point_net_1/output_dense_layer_1/Softmax:0=Softmax, [-1, 23], 1
Outpus:
	Identity_raw_output___175:0=[-1, 23], 1
2026-02-22 09:22:39,801 - tf2onnx.tfonnx - DEBUG - Process node: Identity_graph_outputs_Identity__176
OP=Identity
Name=Identity_graph_outputs_Identity__176
Inputs:
	Identity_raw_output___175:0=Identity, [-1, 23], 1
Outpus:
	classification_output=[-1, 23], 1
2026-02-22 09:22:39,801 - tf2onnx.tfonnx - DEBUG - explicitly skip node Identity_graph_outputs_Identity__176
2026-02-22 09:22:39,821 - tf2onnx.tfonnx - VERBOSE - Summay Stats:
	tensorflow ops: Counter({'Const': 76, 'AddV2': 23, 'Relu': 21, 'Conv2D': 16, 'ExpandDims': 9, 'Squeeze': 7, 'MatMul': 7, 'Mul': 6, 'Identity': 6, 'Max': 4, 'BatchMatMulV2': 4, 'Reshape': 2, 'BiasAdd': 2, 'Softmax': 2, 'Placeholder': 1, 'Mean': 1, 'Sub': 1, 'Square': 1, 'Sum': 1, 'Sqrt': 1, 'Maximum': 1, 'RealDiv': 1, 'Tile': 1, 'ConcatV2': 1})
	tensorflow attr: Counter({'dtype': 77, 'value': 76, 'data_format': 18, 'dilations': 16, 'padding': 16, 'strides': 16, 'explicit_paddings': 16, 'Tidx': 7, 'squeeze_dims': 7, 'grad_a': 7, 'grad_b': 7, 'transpose_a': 7, 'transpose_b': 7, 'keep_dims': 6, 'adj_x': 4, 'adj_y': 4, 'grad_x': 4, 'grad_y': 4, 'shape': 1, 'N': 1})
	onnx mapped: Counter({'Const': 76, 'AddV2': 23, 'Relu': 21, 'Conv2D': 16, 'ExpandDims': 9, 'Squeeze': 7, 'MatMul': 7, 'Mul': 6, 'Max': 4, 'BatchMatMulV2': 4, 'Identity': 3, 'Reshape': 2, 'Softmax': 2, 'Placeholder': 1, 'Mean': 1, 'Sub': 1, 'Square': 1, 'Sum': 1, 'Sqrt': 1, 'Maximum': 1, 'RealDiv': 1, 'BiasAdd': 1, 'Tile': 1, 'ConcatV2': 1})
	onnx unmapped: Counter()
2026-02-22 09:22:39,822 - tf2onnx.optimizer - INFO - Optimizing ONNX model
2026-02-22 09:22:39,825 - tf2onnx.optimizer - VERBOSE - Apply optimize_transpose
2026-02-22 09:22:39,864 - tf2onnx.graph - DEBUG - Making node: Name=Conv__285, OP=Conv
2026-02-22 09:22:39,864 - tf2onnx.graph - DEBUG - Infer shape and dtype for [Conv__285]
2026-02-22 09:22:39,865 - tf2onnx.graph - DEBUG - Set dtype of [Conv__285:0] to 1
2026-02-22 09:22:39,866 - tf2onnx.graph - DEBUG - Set shape of [Conv__285:0] to [-1, 64, 8192, 1]
2026-02-22 09:22:39,866 - tf2onnx.graph - DEBUG - Made node: Conv__285
OP=Conv
Name=Conv__285
Inputs:
	point_net_1/input_transform_1/input_transform_convolution_layer_1_convolution_layer_1/batch_normalization_21_1/batchnorm/mul_1__190:0=Transpose, [-1, 3, 8192, 1], 1
	point_net_1/input_transform_1/input_transform_convolution_layer_1_convolution_layer_1/input_transform_convolution_layer_1_convolution_layer_1/convolution/merged_input:0=Const, [64, 3, 1, 1], 1
	point_net_1/input_transform_1/input_transform_convolution_layer_1_convolution_layer_1/batch_normalization_21_1/batchnorm/sub:0=Const, [64], 1
Outpus:
	Conv__285:0=[-1, 64, 8192, 1], 1
2026-02-22 09:22:39,869 - tf2onnx.graph - DEBUG - Making node: Name=Conv__287, OP=Conv
2026-02-22 09:22:39,869 - tf2onnx.graph - DEBUG - Infer shape and dtype for [Conv__287]
2026-02-22 09:22:39,870 - tf2onnx.graph - DEBUG - Set dtype of [Conv__287:0] to 1
2026-02-22 09:22:39,871 - tf2onnx.graph - DEBUG - Set shape of [Conv__287:0] to [-1, 128, 8192, 1]
2026-02-22 09:22:39,871 - tf2onnx.graph - DEBUG - Made node: Conv__287
OP=Conv
Name=Conv__287
Inputs:
	point_net_1/input_transform_1/input_transform_convolution_layer_2_convolution_layer_1/batch_normalization_22_1/batchnorm/mul_1__194:0=Transpose, [-1, 64, 8192, 1], 1
	point_net_1/input_transform_1/input_transform_convolution_layer_2_convolution_layer_1/input_transform_convolution_layer_2_convolution_layer_1/convolution/merged_input:0=Const, [128, 64, 1, 1], 1
	point_net_1/input_transform_1/input_transform_convolution_layer_2_convolution_layer_1/batch_normalization_22_1/batchnorm/sub:0=Const, [128], 1
Outpus:
	Conv__287:0=[-1, 128, 8192, 1], 1
2026-02-22 09:22:39,875 - tf2onnx.graph - DEBUG - Making node: Name=Conv__289, OP=Conv
2026-02-22 09:22:39,875 - tf2onnx.graph - DEBUG - Infer shape and dtype for [Conv__289]
2026-02-22 09:22:39,878 - tf2onnx.graph - DEBUG - Set dtype of [Conv__289:0] to 1
2026-02-22 09:22:39,879 - tf2onnx.graph - DEBUG - Set shape of [Conv__289:0] to [-1, 1024, 8192, 1]
2026-02-22 09:22:39,879 - tf2onnx.graph - DEBUG - Made node: Conv__289
OP=Conv
Name=Conv__289
Inputs:
	point_net_1/input_transform_1/input_transform_convolution_layer_3_convolution_layer_1/batch_normalization_23_1/batchnorm/mul_1__198:0=Transpose, [-1, 128, 8192, 1], 1
	point_net_1/input_transform_1/input_transform_convolution_layer_3_convolution_layer_1/input_transform_convolution_layer_3_convolution_layer_1/convolution/merged_input:0=Const, [1024, 128, 1, 1], 1
	point_net_1/input_transform_1/input_transform_convolution_layer_3_convolution_layer_1/batch_normalization_23_1/batchnorm/sub:0=Const, [1024], 1
Outpus:
	Conv__289:0=[-1, 1024, 8192, 1], 1
2026-02-22 09:22:39,881 - tf2onnx.graph - DEBUG - Making node: Name=axes_const__202__291, OP=Const
2026-02-22 09:22:39,882 - tf2onnx.graph - DEBUG - Made node: axes_const__202__291
OP=Const
Name=axes_const__202__291
Outpus:
	axes_const__202__291=None, 7
2026-02-22 09:22:39,885 - tf2onnx.graph - DEBUG - Making node: Name=Conv__292, OP=Conv
2026-02-22 09:22:39,886 - tf2onnx.graph - DEBUG - Infer shape and dtype for [Conv__292]
2026-02-22 09:22:39,887 - tf2onnx.graph - DEBUG - Set dtype of [Conv__292:0] to 1
2026-02-22 09:22:39,887 - tf2onnx.graph - DEBUG - Set shape of [Conv__292:0] to [-1, 64, 8192, 1]
2026-02-22 09:22:39,888 - tf2onnx.graph - DEBUG - Made node: Conv__292
OP=Conv
Name=Conv__292
Inputs:
	point_net_1/s1_l1_64_convolution_layer_1/batch_normalization_26_1/batchnorm/mul_1__211:0=Transpose, [-1, 3, 8192, 1], 1
	point_net_1/s1_l1_64_convolution_layer_1/s1_l1_64_convolution_layer_1/convolution/merged_input:0=Const, [64, 3, 1, 1], 1
	point_net_1/s1_l1_64_convolution_layer_1/batch_normalization_26_1/batchnorm/sub:0=Const, [64], 1
Outpus:
	Conv__292:0=[-1, 64, 8192, 1], 1
2026-02-22 09:22:39,890 - tf2onnx.graph - DEBUG - Making node: Name=Conv__294, OP=Conv
2026-02-22 09:22:39,891 - tf2onnx.graph - DEBUG - Infer shape and dtype for [Conv__294]
2026-02-22 09:22:39,892 - tf2onnx.graph - DEBUG - Set dtype of [Conv__294:0] to 1
2026-02-22 09:22:39,892 - tf2onnx.graph - DEBUG - Set shape of [Conv__294:0] to [-1, 64, 8192, 1]
2026-02-22 09:22:39,893 - tf2onnx.graph - DEBUG - Made node: Conv__294
OP=Conv
Name=Conv__294
Inputs:
	point_net_1/s1_l2_64_convolution_layer_1/batch_normalization_27_1/batchnorm/mul_1__215:0=Transpose, [-1, 64, 8192, 1], 1
	point_net_1/s1_l2_64_convolution_layer_1/s1_l2_64_convolution_layer_1/convolution/merged_input:0=Const, [64, 64, 1, 1], 1
	point_net_1/s1_l2_64_convolution_layer_1/batch_normalization_27_1/batchnorm/sub:0=Const, [64], 1
Outpus:
	Conv__294:0=[-1, 64, 8192, 1], 1
2026-02-22 09:22:39,896 - tf2onnx.graph - DEBUG - Making node: Name=axes_const__219__296, OP=Const
2026-02-22 09:22:39,896 - tf2onnx.graph - DEBUG - Made node: axes_const__219__296
OP=Const
Name=axes_const__219__296
Outpus:
	axes_const__219__296=None, 7
2026-02-22 09:22:39,898 - tf2onnx.graph - DEBUG - Making node: Name=Conv__297, OP=Conv
2026-02-22 09:22:39,898 - tf2onnx.graph - DEBUG - Infer shape and dtype for [Conv__297]
2026-02-22 09:22:39,899 - tf2onnx.graph - DEBUG - Set dtype of [Conv__297:0] to 1
2026-02-22 09:22:39,900 - tf2onnx.graph - DEBUG - Set shape of [Conv__297:0] to [-1, 64, 8192, 1]
2026-02-22 09:22:39,900 - tf2onnx.graph - DEBUG - Made node: Conv__297
OP=Conv
Name=Conv__297
Inputs:
	point_net_1/feature_transform_1/feature_transform_convolution_layer_1_convolution_layer_1/batch_normalization_28_1/batchnorm/mul_1__223:0=Transpose, [-1, 64, 8192, 1], 1
	point_net_1/feature_transform_1/feature_transform_convolution_layer_1_convolution_layer_1/feature_transform_convolution_layer_1_convolution_layer_1/convolution/merged_input:0=Const, [64, 64, 1, 1], 1
	point_net_1/feature_transform_1/feature_transform_convolution_layer_1_convolution_layer_1/batch_normalization_28_1/batchnorm/sub:0=Const, [64], 1
Outpus:
	Conv__297:0=[-1, 64, 8192, 1], 1
2026-02-22 09:22:39,903 - tf2onnx.graph - DEBUG - Making node: Name=Conv__299, OP=Conv
2026-02-22 09:22:39,903 - tf2onnx.graph - DEBUG - Infer shape and dtype for [Conv__299]
2026-02-22 09:22:39,904 - tf2onnx.graph - DEBUG - Set dtype of [Conv__299:0] to 1
2026-02-22 09:22:39,904 - tf2onnx.graph - DEBUG - Set shape of [Conv__299:0] to [-1, 128, 8192, 1]
2026-02-22 09:22:39,905 - tf2onnx.graph - DEBUG - Made node: Conv__299
OP=Conv
Name=Conv__299
Inputs:
	point_net_1/feature_transform_1/feature_transform_convolution_layer_2_convolution_layer_1/batch_normalization_29_1/batchnorm/mul_1__227:0=Transpose, [-1, 64, 8192, 1], 1
	point_net_1/feature_transform_1/feature_transform_convolution_layer_2_convolution_layer_1/feature_transform_convolution_layer_2_convolution_layer_1/convolution/merged_input:0=Const, [128, 64, 1, 1], 1
	point_net_1/feature_transform_1/feature_transform_convolution_layer_2_convolution_layer_1/batch_normalization_29_1/batchnorm/sub:0=Const, [128], 1
Outpus:
	Conv__299:0=[-1, 128, 8192, 1], 1
2026-02-22 09:22:39,907 - tf2onnx.graph - DEBUG - Making node: Name=Conv__301, OP=Conv
2026-02-22 09:22:39,908 - tf2onnx.graph - DEBUG - Infer shape and dtype for [Conv__301]
2026-02-22 09:22:39,909 - tf2onnx.graph - DEBUG - Set dtype of [Conv__301:0] to 1
2026-02-22 09:22:39,910 - tf2onnx.graph - DEBUG - Set shape of [Conv__301:0] to [-1, 1024, 8192, 1]
2026-02-22 09:22:39,910 - tf2onnx.graph - DEBUG - Made node: Conv__301
OP=Conv
Name=Conv__301
Inputs:
	point_net_1/feature_transform_1/feature_transform_convolution_layer_3_convolution_layer_1/batch_normalization_30_1/batchnorm/mul_1__231:0=Transpose, [-1, 128, 8192, 1], 1
	point_net_1/feature_transform_1/feature_transform_convolution_layer_3_convolution_layer_1/feature_transform_convolution_layer_3_convolution_layer_1/convolution/merged_input:0=Const, [1024, 128, 1, 1], 1
	point_net_1/feature_transform_1/feature_transform_convolution_layer_3_convolution_layer_1/batch_normalization_30_1/batchnorm/sub:0=Const, [1024], 1
Outpus:
	Conv__301:0=[-1, 1024, 8192, 1], 1
2026-02-22 09:22:39,913 - tf2onnx.graph - DEBUG - Making node: Name=axes_const__235__303, OP=Const
2026-02-22 09:22:39,913 - tf2onnx.graph - DEBUG - Made node: axes_const__235__303
OP=Const
Name=axes_const__235__303
Outpus:
	axes_const__235__303=None, 7
2026-02-22 09:22:39,917 - tf2onnx.graph - DEBUG - Making node: Name=Conv__304, OP=Conv
2026-02-22 09:22:39,918 - tf2onnx.graph - DEBUG - Infer shape and dtype for [Conv__304]
2026-02-22 09:22:39,919 - tf2onnx.graph - DEBUG - Set dtype of [Conv__304:0] to 1
2026-02-22 09:22:39,919 - tf2onnx.graph - DEBUG - Set shape of [Conv__304:0] to [-1, 64, 8192, 1]
2026-02-22 09:22:39,920 - tf2onnx.graph - DEBUG - Made node: Conv__304
OP=Conv
Name=Conv__304
Inputs:
	point_net_1/s2_l1_64_convolution_layer_1/batch_normalization_33_1/batchnorm/mul_1__244:0=Transpose, [-1, 64, 8192, 1], 1
	point_net_1/s2_l1_64_convolution_layer_1/s2_l1_64_convolution_layer_1/convolution/merged_input:0=Const, [64, 64, 1, 1], 1
	point_net_1/s2_l1_64_convolution_layer_1/batch_normalization_33_1/batchnorm/sub:0=Const, [64], 1
Outpus:
	Conv__304:0=[-1, 64, 8192, 1], 1
2026-02-22 09:22:39,923 - tf2onnx.graph - DEBUG - Making node: Name=Conv__306, OP=Conv
2026-02-22 09:22:39,923 - tf2onnx.graph - DEBUG - Infer shape and dtype for [Conv__306]
2026-02-22 09:22:39,924 - tf2onnx.graph - DEBUG - Set dtype of [Conv__306:0] to 1
2026-02-22 09:22:39,925 - tf2onnx.graph - DEBUG - Set shape of [Conv__306:0] to [-1, 128, 8192, 1]
2026-02-22 09:22:39,925 - tf2onnx.graph - DEBUG - Made node: Conv__306
OP=Conv
Name=Conv__306
Inputs:
	point_net_1/s2_l2_128_convolution_layer_1/batch_normalization_34_1/batchnorm/mul_1__248:0=Transpose, [-1, 64, 8192, 1], 1
	point_net_1/s2_l2_128_convolution_layer_1/s2_l2_128_convolution_layer_1/convolution/merged_input:0=Const, [128, 64, 1, 1], 1
	point_net_1/s2_l2_128_convolution_layer_1/batch_normalization_34_1/batchnorm/sub:0=Const, [128], 1
Outpus:
	Conv__306:0=[-1, 128, 8192, 1], 1
2026-02-22 09:22:39,928 - tf2onnx.graph - DEBUG - Making node: Name=Conv__308, OP=Conv
2026-02-22 09:22:39,929 - tf2onnx.graph - DEBUG - Infer shape and dtype for [Conv__308]
2026-02-22 09:22:39,930 - tf2onnx.graph - DEBUG - Set dtype of [Conv__308:0] to 1
2026-02-22 09:22:39,931 - tf2onnx.graph - DEBUG - Set shape of [Conv__308:0] to [-1, 1024, 8192, 1]
2026-02-22 09:22:39,931 - tf2onnx.graph - DEBUG - Made node: Conv__308
OP=Conv
Name=Conv__308
Inputs:
	point_net_1/s2_l3_1024_convolution_layer_1/batch_normalization_35_1/batchnorm/mul_1__252:0=Transpose, [-1, 128, 8192, 1], 1
	point_net_1/s2_l3_1024_convolution_layer_1/s2_l3_1024_convolution_layer_1/convolution/merged_input:0=Const, [1024, 128, 1, 1], 1
	point_net_1/s2_l3_1024_convolution_layer_1/batch_normalization_35_1/batchnorm/sub:0=Const, [1024], 1
Outpus:
	Conv__308:0=[-1, 1024, 8192, 1], 1
2026-02-22 09:22:39,934 - tf2onnx.graph - DEBUG - Making node: Name=axes_const__256__310, OP=Const
2026-02-22 09:22:39,935 - tf2onnx.graph - DEBUG - Made node: axes_const__256__310
OP=Const
Name=axes_const__256__310
Outpus:
	axes_const__256__310=None, 7
2026-02-22 09:22:39,939 - tf2onnx.graph - DEBUG - Making node: Name=Conv__311, OP=Conv
2026-02-22 09:22:39,940 - tf2onnx.graph - DEBUG - Infer shape and dtype for [Conv__311]
2026-02-22 09:22:39,948 - tf2onnx.graph - DEBUG - Set dtype of [Conv__311:0] to 1
2026-02-22 09:22:39,949 - tf2onnx.graph - DEBUG - Set shape of [Conv__311:0] to [-1, 512, 8192, 1]
2026-02-22 09:22:39,950 - tf2onnx.graph - DEBUG - Made node: Conv__311
OP=Conv
Name=Conv__311
Inputs:
	point_net_1/seg_l1_512_convolution_layer_1/batch_normalization_38_1/batchnorm/mul_1__264:0=Transpose, [-1, 1088, 8192, 1], 1
	point_net_1/seg_l1_512_convolution_layer_1/seg_l1_512_convolution_layer_1/convolution/merged_input:0=Const, [512, 1088, 1, 1], 1
	point_net_1/seg_l1_512_convolution_layer_1/batch_normalization_38_1/batchnorm/sub:0=Const, [512], 1
Outpus:
	Conv__311:0=[-1, 512, 8192, 1], 1
2026-02-22 09:22:39,953 - tf2onnx.graph - DEBUG - Making node: Name=Conv__313, OP=Conv
2026-02-22 09:22:39,954 - tf2onnx.graph - DEBUG - Infer shape and dtype for [Conv__313]
2026-02-22 09:22:39,956 - tf2onnx.graph - DEBUG - Set dtype of [Conv__313:0] to 1
2026-02-22 09:22:39,956 - tf2onnx.graph - DEBUG - Set shape of [Conv__313:0] to [-1, 256, 8192, 1]
2026-02-22 09:22:39,957 - tf2onnx.graph - DEBUG - Made node: Conv__313
OP=Conv
Name=Conv__313
Inputs:
	point_net_1/seg_l2_256_convolution_layer_1/batch_normalization_39_1/batchnorm/mul_1__268:0=Transpose, [-1, 512, 8192, 1], 1
	point_net_1/seg_l2_256_convolution_layer_1/seg_l2_256_convolution_layer_1/convolution/merged_input:0=Const, [256, 512, 1, 1], 1
	point_net_1/seg_l2_256_convolution_layer_1/batch_normalization_39_1/batchnorm/sub:0=Const, [256], 1
Outpus:
	Conv__313:0=[-1, 256, 8192, 1], 1
2026-02-22 09:22:39,961 - tf2onnx.graph - DEBUG - Making node: Name=Conv__315, OP=Conv
2026-02-22 09:22:39,962 - tf2onnx.graph - DEBUG - Infer shape and dtype for [Conv__315]
2026-02-22 09:22:39,964 - tf2onnx.graph - DEBUG - Set dtype of [Conv__315:0] to 1
2026-02-22 09:22:39,964 - tf2onnx.graph - DEBUG - Set shape of [Conv__315:0] to [-1, 128, 8192, 1]
2026-02-22 09:22:39,965 - tf2onnx.graph - DEBUG - Made node: Conv__315
OP=Conv
Name=Conv__315
Inputs:
	point_net_1/seg_l3_128_convolution_layer_1/batch_normalization_40_1/batchnorm/mul_1__272:0=Transpose, [-1, 256, 8192, 1], 1
	point_net_1/seg_l3_128_convolution_layer_1/seg_l3_128_convolution_layer_1/convolution/merged_input:0=Const, [128, 256, 1, 1], 1
	point_net_1/seg_l3_128_convolution_layer_1/batch_normalization_40_1/batchnorm/sub:0=Const, [128], 1
Outpus:
	Conv__315:0=[-1, 128, 8192, 1], 1
2026-02-22 09:22:39,969 - tf2onnx.graph - DEBUG - Making node: Name=Conv__317, OP=Conv
2026-02-22 09:22:39,969 - tf2onnx.graph - DEBUG - Infer shape and dtype for [Conv__317]
2026-02-22 09:22:39,970 - tf2onnx.graph - DEBUG - Set dtype of [Conv__317:0] to 1
2026-02-22 09:22:39,971 - tf2onnx.graph - DEBUG - Set shape of [Conv__317:0] to [-1, 128, 8192, 1]
2026-02-22 09:22:39,971 - tf2onnx.graph - DEBUG - Made node: Conv__317
OP=Conv
Name=Conv__317
Inputs:
	point_net_1/seg_l4_128_convolution_layer_1/batch_normalization_41_1/batchnorm/mul_1__276:0=Transpose, [-1, 128, 8192, 1], 1
	point_net_1/seg_l4_128_convolution_layer_1/seg_l4_128_convolution_layer_1/convolution/merged_input:0=Const, [128, 128, 1, 1], 1
	point_net_1/seg_l4_128_convolution_layer_1/batch_normalization_41_1/batchnorm/sub:0=Const, [128], 1
Outpus:
	Conv__317:0=[-1, 128, 8192, 1], 1
2026-02-22 09:22:39,977 - tf2onnx.graph - DEBUG - Making node: Name=axes_const__284__319, OP=Const
2026-02-22 09:22:39,977 - tf2onnx.graph - DEBUG - Made node: axes_const__284__319
OP=Const
Name=axes_const__284__319
Outpus:
	axes_const__284__319=None, 7
2026-02-22 09:22:39,981 - tf2onnx.optimizer.TransposeOptimizer - DEBUG - cannot move transpose down since it met output node Identity_2_graph_outputs_Identity__178
2026-02-22 09:22:39,982 - tf2onnx.optimizer.TransposeOptimizer - DEBUG - finish after 43 iteration(s)
2026-02-22 09:22:40,007 - tf2onnx.optimizer.TransposeOptimizer - VERBOSE - Add -15 (24->9), Const -6 (93->87), Identity -1 (6->5), Transpose -3 (32->29)
2026-02-22 09:22:40,007 - tf2onnx.optimizer - VERBOSE - Apply remove_redundant_upsample
2026-02-22 09:22:40,063 - tf2onnx.optimizer.UpsampleOptimizer - VERBOSE - no change
2026-02-22 09:22:40,063 - tf2onnx.optimizer - VERBOSE - Apply fold_constants
2026-02-22 09:22:40,095 - tf2onnx.graph - DEBUG - Making node: Name=const_fold_opt__320, OP=Const
2026-02-22 09:22:40,096 - tf2onnx.graph - DEBUG - Made node: const_fold_opt__320
OP=Const
Name=const_fold_opt__320
Outpus:
	const_fold_opt__320=None, 7
2026-02-22 09:22:40,097 - tf2onnx.graph - DEBUG - Making node: Name=const_fold_opt__321, OP=Const
2026-02-22 09:22:40,098 - tf2onnx.graph - DEBUG - Made node: const_fold_opt__321
OP=Const
Name=const_fold_opt__321
Outpus:
	const_fold_opt__321=None, 7
2026-02-22 09:22:40,099 - tf2onnx.graph - DEBUG - Making node: Name=const_fold_opt__322, OP=Const
2026-02-22 09:22:40,100 - tf2onnx.graph - DEBUG - Made node: const_fold_opt__322
OP=Const
Name=const_fold_opt__322
Outpus:
	const_fold_opt__322=None, 7
2026-02-22 09:22:40,101 - tf2onnx.graph - DEBUG - Making node: Name=const_fold_opt__323, OP=Const
2026-02-22 09:22:40,102 - tf2onnx.graph - DEBUG - Made node: const_fold_opt__323
OP=Const
Name=const_fold_opt__323
Outpus:
	const_fold_opt__323=None, 7
2026-02-22 09:22:40,103 - tf2onnx.graph - DEBUG - Making node: Name=const_fold_opt__324, OP=Const
2026-02-22 09:22:40,103 - tf2onnx.graph - DEBUG - Made node: const_fold_opt__324
OP=Const
Name=const_fold_opt__324
Outpus:
	const_fold_opt__324=None, 7
2026-02-22 09:22:40,104 - tf2onnx.graph - DEBUG - Making node: Name=const_fold_opt__325, OP=Const
2026-02-22 09:22:40,105 - tf2onnx.graph - DEBUG - Made node: const_fold_opt__325
OP=Const
Name=const_fold_opt__325
Outpus:
	const_fold_opt__325=None, 7
2026-02-22 09:22:40,106 - tf2onnx.graph - DEBUG - Making node: Name=const_fold_opt__326, OP=Const
2026-02-22 09:22:40,106 - tf2onnx.graph - DEBUG - Made node: const_fold_opt__326
OP=Const
Name=const_fold_opt__326
Outpus:
	const_fold_opt__326=None, 7
2026-02-22 09:22:40,107 - tf2onnx.graph - DEBUG - Making node: Name=const_fold_opt__327, OP=Const
2026-02-22 09:22:40,108 - tf2onnx.graph - DEBUG - Made node: const_fold_opt__327
OP=Const
Name=const_fold_opt__327
Outpus:
	const_fold_opt__327=None, 7
2026-02-22 09:22:40,109 - tf2onnx.graph - DEBUG - Making node: Name=const_fold_opt__328, OP=Const
2026-02-22 09:22:40,109 - tf2onnx.graph - DEBUG - Made node: const_fold_opt__328
OP=Const
Name=const_fold_opt__328
Outpus:
	const_fold_opt__328=None, 7
2026-02-22 09:22:40,110 - tf2onnx.graph - DEBUG - Making node: Name=const_fold_opt__329, OP=Const
2026-02-22 09:22:40,111 - tf2onnx.graph - DEBUG - Made node: const_fold_opt__329
OP=Const
Name=const_fold_opt__329
Outpus:
	const_fold_opt__329=None, 7
2026-02-22 09:22:40,112 - tf2onnx.graph - DEBUG - Making node: Name=const_fold_opt__330, OP=Const
2026-02-22 09:22:40,112 - tf2onnx.graph - DEBUG - Made node: const_fold_opt__330
OP=Const
Name=const_fold_opt__330
Outpus:
	const_fold_opt__330=None, 7
2026-02-22 09:22:40,113 - tf2onnx.graph - DEBUG - Making node: Name=const_fold_opt__331, OP=Const
2026-02-22 09:22:40,114 - tf2onnx.graph - DEBUG - Made node: const_fold_opt__331
OP=Const
Name=const_fold_opt__331
Outpus:
	const_fold_opt__331=None, 7
2026-02-22 09:22:40,115 - tf2onnx.graph - DEBUG - Making node: Name=const_fold_opt__332, OP=Const
2026-02-22 09:22:40,115 - tf2onnx.graph - DEBUG - Made node: const_fold_opt__332
OP=Const
Name=const_fold_opt__332
Outpus:
	const_fold_opt__332=None, 7
2026-02-22 09:22:40,116 - tf2onnx.graph - DEBUG - Making node: Name=const_fold_opt__333, OP=Const
2026-02-22 09:22:40,116 - tf2onnx.graph - DEBUG - Made node: const_fold_opt__333
OP=Const
Name=const_fold_opt__333
Outpus:
	const_fold_opt__333=None, 7
2026-02-22 09:22:40,117 - tf2onnx.graph - DEBUG - Making node: Name=const_fold_opt__334, OP=Const
2026-02-22 09:22:40,117 - tf2onnx.graph - DEBUG - Made node: const_fold_opt__334
OP=Const
Name=const_fold_opt__334
Outpus:
	const_fold_opt__334=None, 7
2026-02-22 09:22:40,118 - tf2onnx.graph - DEBUG - Making node: Name=const_fold_opt__335, OP=Const
2026-02-22 09:22:40,118 - tf2onnx.graph - DEBUG - Made node: const_fold_opt__335
OP=Const
Name=const_fold_opt__335
Outpus:
	const_fold_opt__335=None, 7
2026-02-22 09:22:40,119 - tf2onnx.graph - DEBUG - Making node: Name=const_fold_opt__336, OP=Const
2026-02-22 09:22:40,119 - tf2onnx.graph - DEBUG - Made node: const_fold_opt__336
OP=Const
Name=const_fold_opt__336
Outpus:
	const_fold_opt__336=None, 7
2026-02-22 09:22:40,120 - tf2onnx.graph - DEBUG - Making node: Name=const_fold_opt__337, OP=Const
2026-02-22 09:22:40,121 - tf2onnx.graph - DEBUG - Made node: const_fold_opt__337
OP=Const
Name=const_fold_opt__337
Outpus:
	const_fold_opt__337=None, 7
2026-02-22 09:22:40,121 - tf2onnx.graph - DEBUG - Making node: Name=const_fold_opt__338, OP=Const
2026-02-22 09:22:40,122 - tf2onnx.graph - DEBUG - Made node: const_fold_opt__338
OP=Const
Name=const_fold_opt__338
Outpus:
	const_fold_opt__338=None, 7
2026-02-22 09:22:40,123 - tf2onnx.graph - DEBUG - Making node: Name=const_fold_opt__339, OP=Const
2026-02-22 09:22:40,123 - tf2onnx.graph - DEBUG - Made node: const_fold_opt__339
OP=Const
Name=const_fold_opt__339
Outpus:
	const_fold_opt__339=None, 7
2026-02-22 09:22:40,124 - tf2onnx.graph - DEBUG - Making node: Name=const_fold_opt__340, OP=Const
2026-02-22 09:22:40,125 - tf2onnx.graph - DEBUG - Made node: const_fold_opt__340
OP=Const
Name=const_fold_opt__340
Outpus:
	const_fold_opt__340=None, 7
2026-02-22 09:22:40,127 - tf2onnx.graph - DEBUG - Making node: Name=const_fold_opt__341, OP=Const
2026-02-22 09:22:40,128 - tf2onnx.graph - DEBUG - Made node: const_fold_opt__341
OP=Const
Name=const_fold_opt__341
Outpus:
	const_fold_opt__341=None, 7
2026-02-22 09:22:40,129 - tf2onnx.graph - DEBUG - Making node: Name=const_fold_opt__342, OP=Const
2026-02-22 09:22:40,130 - tf2onnx.graph - DEBUG - Made node: const_fold_opt__342
OP=Const
Name=const_fold_opt__342
Outpus:
	const_fold_opt__342=None, 7
2026-02-22 09:22:40,158 - tf2onnx.optimizer.ConstFoldOptimizer - VERBOSE - Cast -13 (13->0), Const -10 (87->77), Reshape -10 (12->2)
2026-02-22 09:22:40,159 - tf2onnx.optimizer - VERBOSE - Apply const_dequantize_optimizer
2026-02-22 09:22:40,202 - tf2onnx.optimizer.ConstDequantizeOptimizer - VERBOSE - no change
2026-02-22 09:22:40,203 - tf2onnx.optimizer - VERBOSE - Apply loop_optimizer
2026-02-22 09:22:40,262 - tf2onnx.optimizer.LoopOptimizer - VERBOSE - no change
2026-02-22 09:22:40,263 - tf2onnx.optimizer - VERBOSE - Apply merge_duplication
2026-02-22 09:22:40,335 - tf2onnx.optimizer.MergeDuplicatedNodesOptimizer - VERBOSE - Const -13 (77->64)
2026-02-22 09:22:40,336 - tf2onnx.optimizer - VERBOSE - Apply reshape_optimizer
2026-02-22 09:22:40,381 - tf2onnx.optimizer.ReshapeOptimizer - VERBOSE - no change
2026-02-22 09:22:40,382 - tf2onnx.optimizer - VERBOSE - Apply global_pool_optimizer
2026-02-22 09:22:40,413 - tf2onnx.graph - DEBUG - Making node: Name=const_axes__343, OP=Const
2026-02-22 09:22:40,414 - tf2onnx.graph - DEBUG - Made node: const_axes__343
OP=Const
Name=const_axes__343
Outpus:
	const_axes__343=None, 7
2026-02-22 09:22:40,415 - tf2onnx.graph - DEBUG - Making node: Name=point_net_1/feature_transform_1/Max_Squeeze__344, OP=Squeeze
2026-02-22 09:22:40,416 - tf2onnx.graph - DEBUG - Made node: point_net_1/feature_transform_1/Max_Squeeze__344
OP=Squeeze
Name=point_net_1/feature_transform_1/Max_Squeeze__344
Inputs:
	point_net_1/feature_transform_1/Max:0=GlobalMaxPool, [-1, 1024, 1], 1
	const_axes__343=Const, [1], 7
Outpus:
	point_net_1/feature_transform_1/Max_Squeeze__344:0=[-1, 1024], 1
2026-02-22 09:22:40,416 - tf2onnx.graph - DEBUG - Making node: Name=const_axes__345, OP=Const
2026-02-22 09:22:40,417 - tf2onnx.graph - DEBUG - Made node: const_axes__345
OP=Const
Name=const_axes__345
Outpus:
	const_axes__345=None, 7
2026-02-22 09:22:40,418 - tf2onnx.graph - DEBUG - Making node: Name=point_net_1/Max_Squeeze__346, OP=Squeeze
2026-02-22 09:22:40,418 - tf2onnx.graph - DEBUG - Made node: point_net_1/Max_Squeeze__346
OP=Squeeze
Name=point_net_1/Max_Squeeze__346
Inputs:
	point_net_1/Max:0=GlobalMaxPool, [-1, 1024, 1], 1
	const_axes__345=Const, [1], 7
Outpus:
	point_net_1/Max_Squeeze__346:0=[-1, 1024], 1
2026-02-22 09:22:40,419 - tf2onnx.graph - DEBUG - Making node: Name=const_axes__347, OP=Const
2026-02-22 09:22:40,419 - tf2onnx.graph - DEBUG - Made node: const_axes__347
OP=Const
Name=const_axes__347
Outpus:
	const_axes__347=None, 7
2026-02-22 09:22:40,420 - tf2onnx.graph - DEBUG - Making node: Name=point_net_1/input_transform_1/Max_Squeeze__348, OP=Squeeze
2026-02-22 09:22:40,420 - tf2onnx.graph - DEBUG - Made node: point_net_1/input_transform_1/Max_Squeeze__348
OP=Squeeze
Name=point_net_1/input_transform_1/Max_Squeeze__348
Inputs:
	point_net_1/input_transform_1/Max:0=GlobalMaxPool, [-1, 1024, 1], 1
	const_axes__347=Const, [1], 7
Outpus:
	point_net_1/input_transform_1/Max_Squeeze__348:0=[-1, 1024], 1
2026-02-22 09:22:40,443 - tf2onnx.optimizer.GlobalPoolOptimizer - VERBOSE - Const +3 (64->67), GlobalMaxPool +3 (0->3), ReduceMax -3 (4->1), Squeeze +3 (7->10)
2026-02-22 09:22:40,443 - tf2onnx.optimizer - VERBOSE - Apply q_dq_optimizer
2026-02-22 09:22:40,498 - tf2onnx.optimizer.QDQOptimizer - VERBOSE - no change
2026-02-22 09:22:40,499 - tf2onnx.optimizer - VERBOSE - Apply remove_identity
2026-02-22 09:22:40,553 - tf2onnx.optimizer.IdentityOptimizer - VERBOSE - Identity -5 (5->0)
2026-02-22 09:22:40,554 - tf2onnx.optimizer - VERBOSE - Apply remove_back_to_back
2026-02-22 09:22:40,604 - tf2onnx.optimizer.BackToBackOptimizer - VERBOSE - Transpose -22 (29->7)
2026-02-22 09:22:40,605 - tf2onnx.optimizer - VERBOSE - Apply einsum_optimizer
2026-02-22 09:22:40,644 - tf2onnx.optimizer.EinsumOptimizer - VERBOSE - no change
2026-02-22 09:22:40,646 - tf2onnx.optimizer - VERBOSE - Apply optimize_transpose
2026-02-22 09:22:40,676 - tf2onnx.optimizer.TransposeOptimizer - DEBUG - segmentation_output connects to graph outputs, skip
2026-02-22 09:22:40,677 - tf2onnx.optimizer.TransposeOptimizer - DEBUG - finish after 0 iteration(s)
2026-02-22 09:22:40,705 - tf2onnx.optimizer.TransposeOptimizer - VERBOSE - no change
2026-02-22 09:22:40,706 - tf2onnx.optimizer - VERBOSE - Apply remove_redundant_upsample
2026-02-22 09:22:40,749 - tf2onnx.optimizer.UpsampleOptimizer - VERBOSE - no change
2026-02-22 09:22:40,750 - tf2onnx.optimizer - VERBOSE - Apply fold_constants
2026-02-22 09:22:40,780 - tf2onnx.optimizer.ConstFoldOptimizer - VERBOSE - no change
2026-02-22 09:22:40,781 - tf2onnx.optimizer - VERBOSE - Apply const_dequantize_optimizer
2026-02-22 09:22:40,823 - tf2onnx.optimizer.ConstDequantizeOptimizer - VERBOSE - no change
2026-02-22 09:22:40,824 - tf2onnx.optimizer - VERBOSE - Apply loop_optimizer
2026-02-22 09:22:40,873 - tf2onnx.optimizer.LoopOptimizer - VERBOSE - no change
2026-02-22 09:22:40,874 - tf2onnx.optimizer - VERBOSE - Apply merge_duplication
2026-02-22 09:22:40,941 - tf2onnx.optimizer.MergeDuplicatedNodesOptimizer - VERBOSE - Const -3 (67->64)
2026-02-22 09:22:40,942 - tf2onnx.optimizer - VERBOSE - Apply reshape_optimizer
2026-02-22 09:22:40,972 - tf2onnx.optimizer.ReshapeOptimizer - VERBOSE - no change
2026-02-22 09:22:40,973 - tf2onnx.optimizer - VERBOSE - Apply global_pool_optimizer
2026-02-22 09:22:41,012 - tf2onnx.optimizer.GlobalPoolOptimizer - VERBOSE - no change
2026-02-22 09:22:41,013 - tf2onnx.optimizer - VERBOSE - Apply q_dq_optimizer
2026-02-22 09:22:41,062 - tf2onnx.optimizer.QDQOptimizer - VERBOSE - no change
2026-02-22 09:22:41,063 - tf2onnx.optimizer - VERBOSE - Apply remove_identity
2026-02-22 09:22:41,105 - tf2onnx.optimizer.IdentityOptimizer - VERBOSE - no change
2026-02-22 09:22:41,106 - tf2onnx.optimizer - VERBOSE - Apply remove_back_to_back
2026-02-22 09:22:41,137 - tf2onnx.optimizer.BackToBackOptimizer - VERBOSE - no change
2026-02-22 09:22:41,137 - tf2onnx.optimizer - VERBOSE - Apply einsum_optimizer
2026-02-22 09:22:41,175 - tf2onnx.optimizer.EinsumOptimizer - VERBOSE - no change
2026-02-22 09:22:41,176 - tf2onnx.optimizer - VERBOSE - Apply optimize_transpose
2026-02-22 09:22:41,204 - tf2onnx.optimizer.TransposeOptimizer - DEBUG - segmentation_output connects to graph outputs, skip
2026-02-22 09:22:41,205 - tf2onnx.optimizer.TransposeOptimizer - DEBUG - finish after 0 iteration(s)
2026-02-22 09:22:41,232 - tf2onnx.optimizer.TransposeOptimizer - VERBOSE - no change
2026-02-22 09:22:41,233 - tf2onnx.optimizer - VERBOSE - Apply remove_redundant_upsample
2026-02-22 09:22:41,274 - tf2onnx.optimizer.UpsampleOptimizer - VERBOSE - no change
2026-02-22 09:22:41,275 - tf2onnx.optimizer - VERBOSE - Apply fold_constants
2026-02-22 09:22:41,307 - tf2onnx.optimizer.ConstFoldOptimizer - VERBOSE - no change
2026-02-22 09:22:41,307 - tf2onnx.optimizer - VERBOSE - Apply const_dequantize_optimizer
2026-02-22 09:22:41,347 - tf2onnx.optimizer.ConstDequantizeOptimizer - VERBOSE - no change
2026-02-22 09:22:41,348 - tf2onnx.optimizer - VERBOSE - Apply loop_optimizer
2026-02-22 09:22:41,396 - tf2onnx.optimizer.LoopOptimizer - VERBOSE - no change
2026-02-22 09:22:41,397 - tf2onnx.optimizer - VERBOSE - Apply merge_duplication
2026-02-22 09:22:41,465 - tf2onnx.optimizer.MergeDuplicatedNodesOptimizer - VERBOSE - no change
2026-02-22 09:22:41,466 - tf2onnx.optimizer - VERBOSE - Apply reshape_optimizer
2026-02-22 09:22:41,507 - tf2onnx.optimizer.ReshapeOptimizer - VERBOSE - no change
2026-02-22 09:22:41,507 - tf2onnx.optimizer - VERBOSE - Apply global_pool_optimizer
2026-02-22 09:22:41,547 - tf2onnx.optimizer.GlobalPoolOptimizer - VERBOSE - no change
2026-02-22 09:22:41,548 - tf2onnx.optimizer - VERBOSE - Apply q_dq_optimizer
2026-02-22 09:22:41,594 - tf2onnx.optimizer.QDQOptimizer - VERBOSE - no change
2026-02-22 09:22:41,595 - tf2onnx.optimizer - VERBOSE - Apply remove_identity
2026-02-22 09:22:41,638 - tf2onnx.optimizer.IdentityOptimizer - VERBOSE - no change
2026-02-22 09:22:41,638 - tf2onnx.optimizer - VERBOSE - Apply remove_back_to_back
2026-02-22 09:22:41,669 - tf2onnx.optimizer.BackToBackOptimizer - VERBOSE - no change
2026-02-22 09:22:41,670 - tf2onnx.optimizer - VERBOSE - Apply einsum_optimizer
2026-02-22 09:22:41,707 - tf2onnx.optimizer.EinsumOptimizer - VERBOSE - no change
2026-02-22 09:22:41,712 - tf2onnx.optimizer - INFO - After optimization: Add -15 (24->9), Cast -13 (13->0), Const -29 (93->64), GlobalMaxPool +3 (0->3), Identity -6 (6->0), ReduceMax -3 (4->1), Reshape -10 (12->2), Squeeze +3 (7->10), Transpose -25 (32->7)
