# Blender v2.80 (sub 75) OBJ File: ''
# www.blender.org
mtllib a10_meshDecimated2.mtl
o CONTROL_Circle.001
v 5.118162 -0.658676 0.643497
v 5.121282 -1.093771 0.645143
v 5.119446 -0.266892 0.642310
v 7.892185 -0.698944 -0.241310
v 7.892185 -0.698944 -0.220294
v 7.892185 -0.698944 -0.221386
v 6.986150 -0.698309 -0.222448
v 7.888216 -0.698944 -0.221386
v 7.890882 -0.701381 -0.241711
v 7.892185 -0.702442 -0.240765
v 7.892185 -0.699492 -0.240765
v 7.892185 -0.699492 -0.240765
v 7.892185 -0.702990 -0.241310
v 7.892185 -0.702990 -0.213248
v 7.892185 -0.702990 -0.240218
v 7.892185 -0.700191 -0.218121
v 7.892185 -0.698944 -0.240218
v 7.892185 -0.702442 -0.240765
v 7.892185 -0.702990 -0.214340
v 7.888216 -0.702990 -0.214340
v 6.986663 -0.702990 -0.214445
v 1.183661 0.741492 0.000000
v 1.405985 0.741505 -0.001255
v 1.403989 0.744813 0.004534
v 1.220240 0.991940 0.001151
v 1.173416 0.989888 -0.144190
v 1.224070 0.985358 0.001176
v 2.415765 0.817742 -0.006723
v 2.286030 0.786382 0.000099
v 2.343770 0.982131 -0.005139
v 0.558560 0.802583 0.001400
v 0.488412 0.706617 0.001400
v 0.508259 0.806455 0.002014
v 0.587458 0.703628 0.000000
v 0.486036 0.704033 0.001279
v 0.589426 0.706577 0.000000
v 0.558716 0.805573 0.000000
v 0.587715 0.706617 -0.001400
v -4.750847 -0.590302 0.000058
v -5.024395 -0.588098 -0.000606
v -5.022886 -0.593889 0.003288
v -4.294101 -0.986975 -0.000005
v -4.302333 -0.593889 0.003288
v -4.304982 -0.589230 -0.000787
v -4.016255 -0.589075 0.000064
v -4.612946 -0.955866 -0.147751
v -4.526114 -0.587593 -0.147101
v -4.525639 -0.593889 -0.151120
v 6.218304 -1.127109 -0.214678
v 6.228281 -0.846707 -0.224830
v 6.229989 -0.839724 -0.209558
v 6.047318 -0.838233 -0.214753
v 3.664915 -0.812022 0.179564
v 3.651888 -1.019555 0.181790
v 3.678442 -1.025288 0.177808
v 3.664915 -0.812029 -0.160320
v 3.651818 -1.018343 -0.161999
v 3.651917 -1.003602 -0.156802
v 3.684067 -1.013789 -0.161320
v 3.667800 -1.009183 0.180923
v 5.639034 -0.266620 0.645696
v 5.642303 -0.670934 0.650700
v 5.639041 -1.093832 0.648214
v 1.224979 0.990246 0.000000
v 1.444787 0.990060 0.000000
v 1.441681 0.989888 0.142876
v 1.490498 0.989888 0.001139
v 1.173431 0.989888 0.142657
v 1.441670 0.989888 -0.144405
v -4.960548 -0.957262 0.000005
v -5.141161 -0.954434 0.000073
v 0.909433 0.801112 -0.100811
v 0.940677 0.740797 -0.103782
v 0.881690 0.740757 -0.102634
v 0.881690 0.740757 0.093273
v 0.940677 0.740797 0.092125
v 0.909433 0.801111 0.095096
v -4.103240 -0.987157 0.000004
v -4.496299 -0.839249 -0.147833
v -4.402927 -0.589730 -0.147782
v 6.076440 -1.127531 -0.214703
v 0.834906 -0.796017 2.479783
v 0.874001 -0.755834 2.694485
v 0.944672 -0.696996 2.581770
v 1.097611 -0.666496 2.685035
v 1.032533 -0.682917 2.486154
v 1.182387 -0.671146 2.479984
v 1.264930 -0.684438 2.694468
v 1.333968 -0.712111 2.486675
v 1.493445 -0.842085 -2.480080
v 1.388483 -0.734251 -2.683582
v 1.332865 -0.710838 -2.478810
v 1.562486 -0.978656 -2.478401
v 1.523889 -0.884017 -2.695058
v 1.539554 -0.888265 2.560082
v 1.570029 -0.995480 2.695096
v 1.568172 -1.000248 2.486402
v 1.582668 -1.171412 2.686879
v 1.548890 -1.313321 2.587363
v 1.578508 -1.148864 2.480035
v 1.548891 -1.313316 -2.587366
v 1.580979 -1.151232 -2.693961
v 1.581873 -1.148167 -2.488149
v 1.478017 -1.393874 2.480224
v 1.406899 -1.465106 2.686915
v 1.314101 -1.531426 2.586388
v 1.303583 -1.520454 -2.487213
v 1.393149 -1.478050 -2.683583
v 1.431746 -1.450881 -2.525105
v 1.129978 -1.547942 -2.479586
v 1.201125 -1.546226 -2.694749
v 1.181735 -1.547446 2.479787
v 1.076693 -1.547511 2.686915
v 0.964165 -1.528783 2.586372
v 0.964496 -1.513592 -2.487213
v 1.034651 -1.539145 -2.686917
v 0.834905 -1.419404 -2.479784
v 0.841721 -1.436141 -2.686840
v 0.685127 -1.111165 -2.586381
v 0.735758 -1.313315 -2.587364
v 0.713435 -1.193023 -2.480815
v 0.720077 -0.967961 2.483706
v 0.688024 -1.142090 2.587363
v 0.720220 -0.980680 2.693321
v 1.108036 -0.860346 2.717576
v 0.982225 -0.697736 -2.479123
v 1.108036 -0.860343 -2.457152
v 1.289960 -0.915828 2.717578
v 1.515709 -0.892243 2.696703
v 1.289960 -0.915825 -2.457150
v 1.363373 -1.011886 2.717085
v 1.363372 -1.011882 -2.457643
v 1.377643 -1.156582 -2.717211
v 1.363372 -1.011881 -2.717087
v 1.377643 -1.156583 2.457516
v 1.363373 -1.011885 2.457643
v 1.444570 -0.787486 2.479361
v 0.940143 -1.265662 2.717581
v 0.886529 -1.156578 2.716400
v 0.834344 -1.420007 2.694703
v 0.940144 -1.265660 -2.457148
v 0.886529 -1.156577 -2.458328
v 0.940137 -0.949768 2.717581
v 0.940137 -0.949766 -2.717582
v 0.894447 -1.035248 -2.716579
v 0.864005 -0.765840 -2.693856
v 0.940137 -0.949768 2.457147
v 0.894447 -1.035249 2.458150
v 0.739832 -0.927536 -2.481079
v 0.940137 -0.949766 -2.457148
v 1.151293 -0.664671 -2.487213
v 1.422696 -0.764110 2.685034
v 1.515710 -1.323177 -2.696705
v 0.927912 -1.481783 -2.696486
v 0.722001 -1.203578 -2.697375
v 0.715247 -1.193512 2.693999
v 0.727213 -1.226174 2.479081
v 0.786358 -0.847204 2.687129
v 0.835385 -0.788099 -2.487212
v 1.501655 -1.351193 -2.478523
v 1.478765 -1.377177 2.696629
v 1.189779 -1.536273 2.696422
v 0.735759 -1.313319 2.587364
v 2.304389 0.271412 -0.657593
v -0.808779 0.014200 -0.615123
v 1.136281 0.368630 -0.599654
v -0.379228 0.016689 0.630668
v -0.064410 -0.455915 0.662941
v 2.900449 0.366232 0.651507
v -1.169821 -0.539528 -0.616401
v 1.277644 -0.438351 -0.673432
v 1.401492 -0.651129 -0.631229
v 2.749939 -0.866275 0.286427
v 2.715564 -0.812241 0.439914
v -2.746736 -0.650467 0.447318
v 2.516634 -0.884829 -0.094825
v -4.063747 -0.680354 -0.105502
v 2.216598 -0.848606 -0.352745
v -4.211423 0.407694 0.067510
v 2.951824 0.893859 -0.032076
v 1.803484 0.782574 -0.263141
v -3.901023 0.303422 -0.314790
v 1.516743 0.585406 -0.490244
v -3.920206 0.177146 -0.405674
v -6.675608 -0.421587 0.399664
v -0.036566 -0.598153 0.632684
v 1.268480 -0.741189 -0.539828
v -4.118601 -0.618676 -0.389532
v 1.421856 -0.715629 0.563541
v -4.059291 -0.654510 0.299466
v -3.927100 0.364218 0.232921
v 2.037474 0.794695 0.228542
v -7.249358 0.138765 -0.274252
v -3.957491 -0.057876 0.484185
v -5.991325 -0.083972 0.418487
v -5.984805 -0.083870 -0.418735
v -6.676825 -0.421512 -0.399606
v -7.368540 -0.094452 -0.348777
v -7.363032 -0.505161 -0.253142
v -7.452063 -0.516061 0.108783
v -7.270772 0.115502 0.285762
v -3.894271 0.218784 0.385924
v -7.286982 0.226344 0.149940
v 2.857791 0.435590 -0.619384
v 2.756144 0.662483 -0.445567
v 4.767511 -0.573859 -0.669597
v 4.829471 -0.711086 -0.610870
v 4.835300 -0.665510 0.642478
v 2.951463 0.850667 0.133242
v 6.213986 -0.870666 0.298995
v 6.246853 -0.810723 0.475077
v 4.608247 0.446951 0.537850
v 4.983639 0.508008 0.461479
v 4.357362 0.608962 0.446668
v 4.361044 0.608882 -0.447695
v 3.733097 0.712254 0.355024
v 2.666216 0.646559 0.463042
v 4.566614 -0.498256 0.674299
v 4.686704 0.146229 0.652677
v 4.601868 -0.058197 -0.663029
v 6.250647 -0.811909 -0.472301
v 6.249579 -0.865658 -0.323412
v 4.660682 -0.884506 0.005802
v 3.057448 0.812241 0.176913
v 6.254873 -0.108997 0.605796
v 6.420799 0.063181 0.543907
v 6.237812 -0.113899 -0.607875
v 4.460227 0.236158 -0.640236
v 6.280045 -0.573233 0.618244
v 6.277735 -0.702830 -0.589580
v 6.289914 -0.577185 -0.616740
v 6.297129 -0.697387 0.589312
v 6.259449 -0.895399 -0.001691
v 6.416503 0.354346 -0.365107
v 6.368794 0.095395 -0.539440
v 6.274785 0.356178 -0.392361
v 4.975162 0.514379 -0.469376
v 6.274039 0.360793 0.399477
v 7.223015 -0.188071 -0.444249
v 6.943058 -0.167499 -0.509183
v 7.181332 -0.291371 0.474511
v 7.147350 -0.130216 0.440300
v 7.221229 -0.583630 -0.456548
v 7.191079 -0.696113 0.405613
v 7.212640 -0.728307 -0.361113
v 7.225561 -0.791239 -0.136839
v 7.196247 -0.776394 0.259405
v 6.460648 0.379103 -0.301720
v 6.460141 0.421264 -0.204162
v 7.518569 -0.037620 -0.148730
v 6.417160 0.353676 0.364083
v 7.535743 -0.043642 0.140355
v 6.460647 0.379101 0.301714
v 7.879642 -0.326490 -0.177693
v 7.645831 -0.316743 -0.314868
v 7.552268 -0.159674 -0.283389
v 7.654271 -0.360827 0.321308
v 7.934669 -0.370018 0.135234
v 7.862438 -0.226023 0.110334
v 7.647655 -0.497738 -0.322964
v 7.924528 -0.493457 -0.147270
v 7.690838 -0.652736 -0.238127
v 7.800715 -0.653296 -0.143906
v 7.674810 -0.580245 0.292257
v 7.733309 -0.680737 0.175282
v 7.820254 -0.642869 0.137265
v 7.873550 -0.508797 0.185218
v 7.680163 -0.708472 -0.085449
v 7.798300 -0.162852 -0.074743
v 7.941488 -0.293679 -0.069262
v 7.969492 -0.372238 -0.081369
v 7.968093 -0.448889 0.092087
v 7.934777 -0.561795 0.068001
v 7.930766 -0.559551 -0.079008
v 7.959414 -0.308458 0.044733
v 7.994301 -0.430248 -0.004337
v 7.188030 -0.572002 0.464679
v -7.571081 0.057440 -0.230858
v -7.571084 0.057438 0.230863
v -7.368549 -0.094456 0.348782
v -7.508599 -0.391499 0.329088
v -7.565073 -0.468420 -0.213565
v -7.334997 0.245087 -0.102557
v -7.527880 0.191390 0.068025
v -7.300710 0.258220 0.023148
v -7.621129 -0.128815 -0.277412
v -7.898063 -0.121881 0.120042
v -7.621124 -0.128819 0.277420
v -7.931309 -0.280479 -0.104232
v -7.889407 -0.163914 -0.132749
v -7.508594 -0.391500 -0.329084
v -7.370303 -0.483741 0.286924
v -7.692983 -0.420437 0.181622
v -7.738948 -0.412929 -0.060798
v -7.617610 0.121216 -0.115419
v -7.743467 0.072547 0.047924
v -7.892561 -0.068080 -0.088556
v -7.957093 -0.097044 0.017395
v -7.994386 -0.189947 -0.004571
v -7.976195 -0.150563 -0.045003
v -7.974683 -0.241759 0.049069
v -7.967412 -0.155862 0.059143
v -7.992882 -0.181426 0.003100
v -7.990300 -0.189168 0.004374
v -7.990530 -0.181463 -0.003068
v -2.156567 0.655981 -1.635826
v -2.074774 0.551188 -1.596660
v -2.156844 0.558049 -1.628348
v -2.076008 0.471366 1.520348
v -2.156651 0.448409 1.547120
v -2.074945 0.450632 1.444777
v -2.156689 0.426277 1.411651
v -2.073746 0.480396 1.349390
v -2.156765 0.496912 1.294973
v -2.156634 0.489628 -1.298550
v -2.156076 0.420102 -1.410577
v -2.077385 0.471586 -1.370254
v -2.074194 0.528170 1.307153
v -2.074939 0.543742 -1.301153
v -2.156291 0.671382 -1.253870
v -2.080078 0.628451 -1.290211
v -2.075988 0.718946 -1.327196
v -2.156634 0.736513 -1.298552
v -2.156518 0.783024 1.353678
v -2.076471 0.774607 1.460427
v -2.078233 0.744676 1.359439
v -2.156047 0.805926 -1.408856
v -2.078218 0.759245 -1.386884
v -2.079218 0.767752 -1.462008
v -2.156815 0.797964 1.492574
v -2.110068 0.773205 1.531866
v -2.156142 0.791342 -1.532968
v -2.079509 0.723510 1.557373
v -2.077124 0.662349 -1.600317
v -2.156651 0.694232 1.621685
v -2.075825 0.670482 1.596453
v -2.156684 0.578498 1.636583
v -2.057519 0.651505 -1.573725
v -2.058143 0.587091 -1.577382
v -2.079757 0.628720 -1.603927
v -2.079215 0.752820 1.521551
v -2.058199 0.687021 1.557464
v -2.060212 0.740218 1.485342
v -2.057751 0.744029 -1.420828
v -2.057837 0.739757 -1.485161
v -2.078573 0.762506 -1.492162
v -2.057520 0.739976 1.408181
v -2.078958 0.767118 1.416343
v -2.078494 0.733857 1.347638
v -2.059749 0.697566 1.343711
v -2.079710 0.687707 -1.307527
v -2.057780 0.664057 -1.323414
v -2.058011 0.715289 -1.362886
v -2.078883 0.673183 1.301624
v -2.058456 0.613068 1.313865
v -2.078493 0.597752 -1.291263
v -2.079709 0.567031 1.295640
v -2.057715 0.550615 1.329935
v -2.079509 0.461756 -1.400619
v -2.060211 0.510358 -1.362474
v -2.078883 0.525785 -1.316145
v -2.079134 0.455251 1.462386
v -2.078942 0.482608 1.359351
v -2.057875 0.502069 1.372779
v -2.059391 0.480126 -1.459777
v -2.078571 0.463631 -1.492164
v -2.079351 0.512611 -1.569188
v -2.058447 0.519045 -1.540712
v -2.058424 0.600021 1.580542
v -2.079094 0.552889 1.591656
v -2.058448 0.519048 1.540716
v -2.079309 0.659068 1.598348
v -2.052484 0.602425 -1.582358
v -2.016389 0.640302 -1.477122
v -2.049808 0.494676 -1.517314
v -2.058527 0.539166 -1.557325
v -2.057395 0.495985 1.509260
v -2.056803 0.478894 1.446884
v -2.018648 0.592905 1.503283
v -2.020662 0.568973 1.396855
v -2.057860 0.496296 1.384376
v -2.055884 0.562138 -1.321956
v -2.054503 0.500335 -1.371169
v -2.018551 0.581250 -1.405207
v -2.057031 0.639364 -1.315360
v -2.022439 0.664675 1.404326
v -2.025513 0.669177 -1.396566
v -2.057862 0.697075 -1.344439
v -2.055979 0.675390 1.328501
v -2.057737 0.724155 1.372677
v -2.052979 0.749808 1.447292
v -2.057434 0.626494 1.581311
v -2.053804 0.719073 1.534624
v -2.114494 0.040979 1.360041
v -2.203700 0.042184 1.519341
v -2.127790 0.437210 1.408640
v -2.114495 0.082921 1.214931
v -2.203700 0.042851 1.369110
v -2.127788 0.453071 1.364421
v -2.114495 0.160989 1.085618
v -2.204242 0.082121 1.224661
v -2.127789 0.479836 1.325818
v -2.114494 0.269866 0.980916
v -2.203701 0.158076 1.094409
v -2.127789 0.515680 1.295456
v -2.114494 0.402134 0.907961
v -2.203700 0.264777 0.988658
v -2.127793 0.558160 1.275410
v -2.114494 0.548774 0.871727
v -2.203701 0.395211 0.914123
v -2.127791 0.604383 1.267035
v -2.114495 0.699796 0.874682
v -2.203701 0.540495 0.875887
v -2.127790 0.651199 1.270913
v -2.114494 0.844909 0.916621
v -2.204245 0.690187 0.876434
v -2.127791 0.695414 1.286774
v -2.114495 0.974222 0.994690
v -2.203700 0.835663 0.916085
v -2.127791 0.734019 1.313538
v -2.114494 1.078924 1.103570
v -2.203700 0.965425 0.991777
v -2.127793 0.764378 1.349381
v -2.114494 1.151875 1.235837
v -2.204244 1.070892 1.098012
v -2.127793 0.784429 1.391862
v -2.114494 1.188110 1.382478
v -2.204244 1.145559 1.228390
v -2.127791 0.792801 1.438087
v -2.114494 1.185158 1.533499
v -2.203701 1.183953 1.374198
v -2.127791 0.788926 1.484900
v -2.114494 1.143215 1.678613
v -2.203701 1.183285 1.524425
v -2.127791 0.773065 1.529115
v -2.114494 1.065146 1.807925
v -2.204243 1.144010 1.668880
v -2.127793 0.746300 1.567719
v -2.114494 0.956271 1.912626
v -2.204245 1.068433 1.798729
v -2.127791 0.710456 1.598083
v -2.114494 0.824003 1.985578
v -2.204242 0.961824 1.904597
v -2.127789 0.667975 1.618135
v -2.114494 0.677362 2.021813
v -2.204243 0.831446 1.979257
v -2.127791 0.621752 1.626505
v -2.114494 0.526338 2.018861
v -2.203698 0.685637 2.017656
v -2.127791 0.574936 1.622628
v -2.114494 0.381225 1.976920
v -2.203699 0.535410 2.016985
v -2.127791 0.530722 1.606766
v -2.114494 0.251912 1.898850
v -2.203701 0.390474 1.977454
v -2.127791 0.492118 1.580002
v -2.114494 0.147213 1.789971
v -2.203700 0.260706 1.901763
v -2.127791 0.461756 1.544158
v -2.114494 0.074257 1.657707
v -2.204245 0.155247 1.795522
v -2.127790 0.441705 1.501677
v -2.114495 0.038023 1.511065
v -2.204246 0.080582 1.665147
v -2.127790 0.433333 1.455455
v 2.216653 -1.049296 -2.630739
v 1.901926 -1.163485 -2.394472
v 1.864795 -1.149425 -2.805063
v 2.212272 -1.045656 -2.509987
v 2.202632 -0.945635 -2.514206
v 1.943735 -0.730448 -2.626805
v 1.877129 -0.750644 -2.363061
v 0.261665 -1.167767 -2.676792
v 1.187930 -1.243793 -2.722356
v 0.401918 -1.190401 -2.463728
v 1.041883 -1.195825 2.865268
v 0.010401 -1.111395 2.669407
v 0.975027 -1.247370 2.715870
v -1.444403 -0.742197 -2.653840
v 0.377831 -1.125175 -2.802195
v -1.444131 -0.741627 2.651190
v 1.260708 -1.204281 -2.317257
v 0.505351 -1.137679 -2.349284
v 1.149595 -1.188759 2.298118
v 1.182726 -1.248286 2.442919
v 0.356028 -1.182630 2.466334
v -1.444242 -0.737986 -2.508158
v 1.183573 -0.514325 -2.282965
v 1.217606 -0.400708 -2.378159
v 0.694676 -0.324340 -2.397646
v -0.045556 -0.369795 -2.412204
v -0.023855 -0.393568 2.400359
v 0.696273 -0.324661 2.396897
v 1.199877 -0.513253 2.286378
v 0.026739 -0.319550 2.519686
v 0.666991 -0.285524 2.652291
v -1.444462 -0.583908 2.520806
v 0.017417 -0.340810 2.711675
v 0.746845 -0.391353 2.837856
v 1.254178 -0.412646 2.788241
v -0.024606 -0.389322 -2.757766
v -1.444455 -0.583093 -2.638398
v 0.026549 -0.317932 -2.636097
v -1.582941 0.563080 -0.883587
v -1.657290 0.716947 -0.919003
v -1.585323 0.895778 -0.943677
v -1.586317 0.726996 0.889054
v -1.660955 0.861203 0.961569
v -1.653689 0.566619 0.914604
v -1.585068 0.414735 0.923271
v -1.586668 0.241941 -1.035085
v -1.655250 0.172975 -1.166962
v -1.649547 0.327505 -1.006047
v -1.614540 0.049722 -1.286752
v -1.586123 0.086782 -1.340064
v -1.588492 0.240921 1.028695
v -1.657573 0.186085 1.148149
v -1.585156 0.073488 1.386289
v -1.617914 0.083532 1.187508
v -1.652706 0.113472 1.324701
v -1.620998 0.039804 -1.585634
v -1.586668 0.123844 -1.680231
v -1.652807 0.094403 -1.472935
v -1.652844 0.108656 1.537437
v -1.583740 0.122637 1.675553
v -1.657287 0.194715 -1.742352
v -1.614538 0.179539 -1.833793
v -1.586941 0.412904 -1.954196
v -1.587725 0.325147 1.904913
v -1.657293 0.194716 1.742355
v -1.653999 0.378146 1.904100
v -1.585516 0.664253 -1.997058
v -1.629210 0.935545 -1.965941
v -1.586707 0.999258 -1.845065
v -1.617441 1.067675 1.843421
v -1.584779 0.809734 1.963170
v -1.591840 1.143057 1.689249
v -1.661321 1.140528 -1.574798
v -1.644428 0.969850 -1.842880
v -1.615384 1.123296 -1.774484
v -1.589290 1.190808 -1.512302
v -1.585554 1.176639 1.529081
v -1.655244 1.079742 1.710706
v -1.654596 1.146149 1.510641
v -1.586706 1.171297 -1.354465
v -1.617392 1.168503 -1.175935
v -1.587459 1.045758 -1.083756
v -1.653421 1.115114 -1.227570
v -1.610527 1.059444 1.028132
v -1.584853 1.155192 1.278035
v -1.586706 1.032575 1.065926
v -1.652844 0.922707 -1.003049
v -2.057650 0.958467 -0.967826
v -2.057670 0.617700 -0.871793
v -1.654609 0.490582 -0.930691
v -2.057511 0.350709 -0.941577
v -2.057508 0.505757 0.877528
v -1.654925 0.350698 0.990900
v -2.057732 0.178644 1.082732
v -2.057670 0.150057 -1.131019
v -2.057605 0.056620 -1.414809
v -2.057605 0.056619 1.414807
v -2.057586 0.116748 -1.684722
v -2.057508 0.153932 1.765070
v -2.057508 0.314733 -1.921022
v -1.653423 0.430137 -1.933826
v -1.651981 0.589233 1.964633
v -2.057899 0.396840 1.952901
v -1.657290 0.732800 -1.955659
v -2.057650 0.724566 -2.006731
v -2.057605 0.667785 2.007574
v -1.650685 0.872346 1.910206
v -2.057670 1.102654 1.746656
v -2.057650 1.097366 -1.770949
v -2.057586 1.186684 1.517530
v -2.057650 1.194249 -1.340624
v -2.057670 1.021172 1.031734
v -1.657730 1.025790 1.095950
v -4.709856 0.703125 -0.978211
v -4.407389 0.480867 -0.822103
v -4.253599 0.794749 -0.857274
v -4.510018 0.546506 0.865290
v -4.705850 0.751329 0.997535
v -4.385893 0.840120 0.923700
v -4.417555 0.470541 0.809871
v -3.987769 0.600474 0.767877
v -4.729072 0.499397 -0.950561
v -4.430400 0.272794 -0.862651
v -4.751243 0.300832 -1.003273
v -4.421043 0.265093 0.868769
v -4.745572 0.348531 0.982701
v -4.263440 0.165505 -0.878600
v -4.773000 0.137681 -1.128508
v -4.420047 -0.052298 -1.144398
v -4.043363 -0.144473 -1.189525
v -4.039829 0.019896 -0.960950
v -4.023860 -0.124189 1.151606
v -4.430454 0.020688 1.051625
v -4.058672 0.008105 0.975488
v -4.791014 0.034989 -1.307239
v -4.437469 -0.122692 1.335364
v -4.787022 0.053994 1.258788
v -4.448662 -0.132033 -1.406976
v -4.802529 0.008538 -1.512248
v -4.443688 -0.131824 1.591541
v -4.800382 0.007545 1.460073
v -4.065547 -0.209343 -1.479131
v -4.453125 -0.115318 -1.654866
v -4.403689 -0.060755 1.830049
v -4.050158 -0.196879 1.630443
v -4.805578 0.062431 -1.711017
v -4.805578 0.041724 1.663114
v -4.008348 -0.041726 1.954397
v -4.443679 -0.004347 -1.886467
v -4.802530 0.149580 1.838557
v -4.047344 -0.072775 -1.904996
v -4.085433 0.090786 -2.073672
v -4.431731 0.200251 2.072073
v -4.048444 0.188044 2.133433
v -4.800382 0.186912 -1.875032
v -4.437469 0.188512 -2.055336
v -4.791014 0.317035 1.959754
v -4.046555 0.459117 2.208118
v -4.787021 0.365376 -1.979116
v -4.430459 0.493433 -2.145303
v -4.023860 0.321338 -2.182333
v -4.053297 0.562441 -2.206881
v -4.441974 0.537223 2.137106
v -4.163442 0.690638 2.169911
v -4.751243 0.720593 1.974377
v -4.772999 0.517596 2.007415
v -4.409985 0.804331 2.073369
v -4.049599 0.792778 2.155396
v -4.320510 0.792127 -2.108473
v -4.745573 0.768252 -1.953729
v -4.358430 1.008919 -1.939781
v -4.729074 0.895014 1.865874
v -4.339424 1.016109 1.932224
v -3.749828 1.082218 1.970035
v -3.968925 1.142334 -1.849085
v -3.839164 1.021682 -2.019608
v -4.709856 1.014474 1.698519
v -4.388662 1.130587 1.697249
v -4.010527 1.197517 1.720452
v -4.705850 1.033432 -1.650156
v -4.385883 1.148046 -1.636084
v -3.931547 1.226500 -1.658605
v -4.072016 1.225729 -1.513183
v -4.696509 1.060891 1.497857
v -4.694335 1.059967 -1.445877
v -4.382192 1.155397 -1.382425
v -4.331599 1.173905 1.370453
v -3.888437 1.198370 -1.208486
v -4.691188 1.027573 1.293753
v -3.959776 1.244408 1.477216
v -3.777355 1.220297 1.251418
v -4.691188 1.006928 -1.245982
v -4.331614 1.051322 -1.086862
v -3.959769 1.021856 -0.962347
v -4.382209 1.029916 1.092138
v -4.696510 0.881079 -1.081874
v -4.694335 0.918310 1.118167
v -1.703226 0.680551 -0.786558
v -1.896175 0.586844 -0.724271
v -1.898644 0.863545 -0.763172
v -1.772425 0.402807 -0.790020
v -1.697032 0.661996 0.786941
v -1.620481 0.192514 -1.009933
v -1.897684 0.219119 -0.843857
v -1.709633 0.373037 0.833390
v -1.886988 0.011734 -1.075900
v -1.713716 0.116563 -1.020961
v -1.829588 0.024549 1.077024
v -1.708474 0.183250 0.957325
v -1.811639 -0.062996 -1.327695
v -1.781563 -0.056301 1.334157
v -1.757936 -0.043434 1.566092
v -1.759217 0.046650 1.800095
v -1.794427 0.120205 -1.914267
v -1.817321 0.238649 2.021085
v -2.199923 0.017446 1.898138
v -1.777974 0.338274 -2.065574
v -1.697032 0.553934 2.087678
v -1.616311 0.286441 1.930640
v -1.886995 0.469604 2.135196
v -1.769106 0.585757 -2.125968
v -1.585258 0.569978 1.990521
v -1.890934 0.748295 2.142989
v -1.708472 0.799931 -2.069764
v -1.704600 0.872526 2.044972
v -1.894580 1.008961 2.043282
v -1.841960 1.117914 -1.945911
v -1.792648 1.172997 1.870203
v -2.134658 1.175774 -1.942408
v -1.789820 1.292957 -1.639583
v -1.899531 1.325202 1.595683
v -2.100372 1.292631 1.755822
v -1.723698 1.286740 1.493689
v -1.975980 1.338181 1.262717
v -1.800602 1.324217 -1.379568
v -1.843397 1.192220 1.014241
v -1.704583 1.254153 1.261006
v -1.974972 1.002283 0.811557
v -1.718699 0.946287 0.862603
v -1.732757 1.017296 -0.895552
v -1.984716 1.126448 -0.902811
v -2.145946 0.845525 0.735675
v -1.897522 0.727107 0.730065
v -2.461342 0.574133 0.681210
v -2.381074 0.580597 -0.684471
v -2.235199 0.518524 -0.685442
v -1.894570 0.448229 0.746011
v -2.240141 0.527064 0.685019
v -2.247799 0.372692 0.709132
v -2.413341 0.300820 0.737886
v -2.255276 -0.128378 -1.571856
v -2.205863 -0.013060 -1.860923
v -1.816743 -0.046186 -1.631393
v -2.180295 0.180202 -2.050361
v -2.221756 0.393462 -2.162263
v -2.216692 0.684742 -2.191116
v -2.164656 1.124658 1.987631
v -2.242836 0.912929 2.128936
v -2.160556 1.360152 1.467938
v -2.295119 1.356547 -1.395966
v -2.072039 1.330587 -1.655573
v -2.122806 1.295966 -1.134765
v -2.185362 1.192153 0.969857
v -3.407347 0.784410 -0.772886
v -2.141263 0.947265 -0.774476
v -3.960753 0.880317 0.856660
v -4.090991 0.528100 -0.766809
v -2.280898 0.097840 0.898514
v -4.160380 0.165230 0.865687
v -1.946821 0.208442 0.844113
v -2.180320 -0.124766 1.344834
v -4.056395 -0.201300 1.375391
v -2.221780 -0.060156 1.112818
v -2.180323 -0.124765 -1.344837
v -2.281688 -0.125081 1.611372
v -4.020255 -0.163402 -1.741674
v -2.180299 0.180199 2.050361
v -2.221758 0.393466 2.162266
v -2.216673 0.684741 2.191115
v -3.843085 0.777822 -2.167834
v -2.022734 0.905229 -2.126666
v -3.952954 1.094222 1.043717
v 1.981625 -1.136153 2.767387
v 2.223968 -1.036693 2.622658
v 1.984419 -1.040699 2.808242
v 2.225285 -0.967308 2.620747
v 2.016799 -0.812349 2.735709
v 1.122410 -0.794219 -2.913310
v 1.130697 -1.146106 -2.894274
v 2.238322 -1.001977 2.582610
v 2.239442 -0.988214 -2.579781
v 2.238328 -1.001976 -2.582612
v 2.208412 -1.047280 2.506647
v 1.894197 -1.150364 2.376385
v 1.847451 -1.015358 2.296914
v -1.444905 -0.742047 2.504426
v 1.124685 -0.714646 2.249457
v 2.242186 -0.982556 2.582363
v 2.237927 -1.001168 2.577693
v 1.864498 -1.174173 2.704435
v 1.382782 -0.589512 2.867037
v 1.873197 -0.798963 2.818997
v 1.747692 -1.031301 2.879712
v 1.095251 -1.041651 2.912925
v 1.104999 -0.726923 2.909757
v 1.985403 -1.040648 -2.807787
v 1.747894 -1.033072 -2.879611
v 1.269172 -0.473447 -2.845880
v 1.869671 -0.768863 -2.808100
v 1.847012 -1.014119 -2.296684
v 1.115651 -1.033691 -2.252103
v 1.099515 -0.731862 -2.247988
v 1.102260 -1.019232 2.249172
v -5.138466 0.284597 0.211155
v -4.461533 0.428750 0.676088
v -4.161653 0.494748 0.744876
v -4.465540 0.213921 -0.693020
v -4.090464 0.209491 -0.791789
v -5.435111 0.200265 0.207810
v -4.194550 0.058788 0.212279
v -4.413814 0.207074 0.718502
v -4.394154 0.458919 -0.684648
v -4.486242 0.394913 -0.661492
v -4.682297 0.358971 0.551484
v -4.507952 0.249795 0.675877
v -5.436406 0.196789 -0.209067
v -2.271013 0.357453 -0.212129
v -2.249808 0.364360 -0.719496
v -2.271013 0.357448 0.212129
v -2.492881 0.413181 0.210681
v -2.271029 0.214953 -0.211993
v -4.102169 0.210613 0.790131
v -2.482202 0.144157 -0.211919
v -4.175792 0.059345 -0.212003
v -2.442132 0.297068 -0.734039
v -7.266930 -0.418843 -2.766530
v -7.148363 -0.423509 -0.330021
v -7.744719 -0.331047 -0.330021
v -7.740901 -0.319825 -2.770383
v -7.690314 -0.277345 2.762629
v -7.742427 -0.330336 0.330027
v -7.704645 -0.363382 2.764043
v -7.586792 -0.256469 -0.330021
v -7.586792 -0.256470 0.330027
v -6.676581 -0.204124 2.772010
v -7.453037 -0.238553 -2.762567
v -6.928474 -0.212228 -0.330021
v -6.214910 -0.238746 -0.330021
v -6.378991 -0.218588 -2.769471
v -6.214904 -0.238747 0.330027
v -5.932093 -0.299565 2.763853
v -5.919200 -0.317845 0.330027
v -5.966228 -0.352528 2.765148
v -6.203269 -0.397061 0.330027
v -6.543089 -0.423851 2.766577
v -7.148353 -0.423510 0.330027
v -6.567703 -0.317278 3.005086
v -6.356471 -0.280363 2.988909
v -6.636383 -0.317987 2.999120
v -6.923410 -0.278051 2.982910
v -7.141606 -0.313354 2.980805
v -6.807994 -0.269298 -2.984130
v -6.626582 -0.313891 -3.006952
v -7.142295 -0.317052 -2.981044
v -6.198302 -0.322714 2.982452
v -6.583044 -0.323349 3.007597
v -6.847727 -0.366253 -2.983354
v -6.566237 -0.319540 -3.002035
v -6.201892 -0.330697 -2.983353
v -7.037836 -0.348303 2.982284
v -6.237016 -0.298450 -2.985592
v -5.923573 -0.319790 -2.772519
v -6.231511 -0.399815 -2.767041
v -6.482441 -0.365585 2.982309
v -5.646896 -0.576893 2.952147
v -6.129370 1.974851 2.935619
v -7.437902 1.995748 2.942312
v -5.630216 -0.639723 -2.880864
v -6.132172 1.984425 -2.903536
v -6.230212 2.038502 -2.889365
v -7.435674 2.007784 -2.887028
v -5.736914 -0.810726 2.878282
v -7.760927 -0.624385 2.879445
v -7.489756 1.982012 2.886213
v -6.173228 2.023219 2.888532
v -6.252563 2.082236 2.929461
v -7.775776 -0.645553 -2.881411
v -5.713706 -0.797335 -2.880572
v -6.181177 -1.007369 -2.895837
v -5.745527 -0.807407 -2.952554
v -7.762922 -0.623830 -2.950939
v -5.624228 -0.542783 -2.950872
v -7.793491 -0.635875 2.947993
v -6.218124 -0.997634 2.934024
v -5.720494 -0.800763 2.949203
v -6.793025 2.152972 -2.915164
v -6.161806 2.032805 -2.941566
v -7.435684 1.993945 -2.941756
v -6.863425 2.153364 2.915421
v -5.666939 -0.117856 2.913309
v -5.621037 -0.639310 2.887367
v -7.809272 -0.650720 2.901041
v -7.502418 1.955320 -2.912691
v -7.814063 -0.651000 -2.916002
v -6.248654 2.080162 -2.916371
v -5.670505 -0.118678 -2.902085
v -5.905058 -0.949442 -2.913311
v -6.233801 -0.988372 -2.937835
v -6.235456 -0.989600 2.891110
v -5.911016 -0.952569 2.910576
v -7.488806 1.983715 2.920732
v 5.646975 -1.031597 0.655210
v 5.747613 -1.099033 0.648434
v 5.661096 -1.057904 0.593190
v 5.663441 -1.077767 0.731371
v 5.739303 -1.161717 0.691612
v 5.657303 -1.148274 0.746231
v 5.631369 -1.220867 0.697169
v 5.658150 -1.224999 0.623970
v 5.080493 -1.128808 0.643763
v 5.108027 -1.081365 0.623858
v 5.100212 -1.158041 0.601625
v 5.108757 -1.186061 0.669924
v 5.071514 -1.150558 0.655302
v 5.663351 -1.110730 0.557516
v 5.102604 -1.113413 0.708430
v 5.667939 -1.193290 0.576599
v 6.215209 -0.702377 0.047777
v 6.209740 -0.683210 -0.261660
v 6.206737 -0.880771 0.034851
v 7.276114 -0.891971 0.073362
v 7.132027 -0.861544 0.053840
v 7.132481 -0.793034 0.055572
v 7.278015 -0.780936 -0.298197
v 7.394552 -0.687624 -0.295826
v 7.275908 -0.883926 -0.300009
v 6.925314 -0.632892 -0.213792
v 7.952698 -0.589802 -0.166250
v 7.953012 -0.648994 -0.216186
v 6.925314 -0.782355 -0.202496
v 7.953012 -0.721560 -0.223362
v 7.953012 -0.776111 -0.196413
v 7.953012 -0.812914 -0.148190
v 6.925314 -0.814415 -0.041164
v 7.953012 -0.820804 -0.088193
v 7.953012 -0.794961 -0.020010
v 6.925314 -0.684801 0.031475
v 7.953012 -0.721443 0.022473
v 6.925314 -0.567892 -0.068046
v 7.953012 -0.592828 -0.030861
v 7.952630 -0.571296 -0.105169
v 7.002710 -0.576143 -0.132910
v 7.888869 -0.496229 -0.135190
v 8.174849 -0.773511 -0.128757
v 8.123464 -0.802890 -0.104039
v 8.123464 -0.760575 -0.125253
v 8.146907 -0.756870 -0.116977
v 8.146907 -0.773406 -0.123825
v 8.146907 -0.773406 -0.123825
v 8.146907 -0.789945 -0.116977
v 8.146907 -0.789945 -0.116977
v 8.146907 -0.796796 -0.100438
v 8.146907 -0.796796 -0.100438
v 8.146907 -0.789945 -0.083899
v 8.146907 -0.789945 -0.083899
v 8.146907 -0.773406 -0.077048
v 8.146907 -0.773406 -0.077048
v 8.146907 -0.756870 -0.083899
v 8.146907 -0.756870 -0.083899
v 8.146907 -0.750018 -0.100438
v 8.146907 -0.750018 -0.100438
v 8.146907 -0.756870 -0.116977
v 8.152442 -0.683038 -0.099856
v 8.152442 -0.687249 -0.110021
v 8.152442 -0.687249 -0.110021
v 8.152442 -0.687249 -0.089688
v 8.152442 -0.683038 -0.099856
v 8.152442 -0.697414 -0.085479
v 8.152442 -0.687249 -0.089688
v 8.152442 -0.707580 -0.089688
v 8.152442 -0.697414 -0.085479
v 8.152442 -0.711791 -0.099856
v 8.152442 -0.707580 -0.089688
v 8.152442 -0.707580 -0.110021
v 8.152442 -0.711791 -0.099856
v 8.152442 -0.697414 -0.114233
v 8.152442 -0.707580 -0.110021
v 8.152442 -0.697414 -0.114233
v 8.167132 -0.691010 -0.084687
v 8.138032 -0.681746 -0.108868
v 8.138032 -0.692207 -0.083491
v 8.167132 -0.685981 -0.112720
v 8.138032 -0.714866 -0.104566
v 8.146907 -0.730075 -0.059024
v 8.146907 -0.747275 -0.063981
v 8.146907 -0.747275 -0.063981
v 8.146907 -0.721414 -0.043357
v 8.146907 -0.730075 -0.059024
v 8.146907 -0.726371 -0.026154
v 8.146907 -0.721414 -0.043357
v 8.146907 -0.742038 -0.017496
v 8.146907 -0.726371 -0.026154
v 8.146907 -0.759238 -0.022451
v 8.146907 -0.742038 -0.017496
v 8.146907 -0.767899 -0.038117
v 8.146907 -0.759238 -0.022451
v 8.146907 -0.762942 -0.055320
v 8.146907 -0.767899 -0.038117
v 8.146907 -0.762942 -0.055320
v 8.174849 -0.718775 -0.034744
v 8.123464 -0.740224 -0.069807
v 8.123464 -0.720272 -0.028159
v 8.174849 -0.758258 -0.065184
v 8.123464 -0.764098 -0.018272
v 8.174849 -0.702824 -0.009740
v 8.123464 -0.655555 -0.009187
v 8.123464 -0.709437 -0.027147
v 8.174849 -0.654042 -0.021817
v 8.174849 -0.675748 -0.052429
v 8.146907 -0.699859 -0.038436
v 8.146907 -0.702857 -0.020788
v 8.146907 -0.702857 -0.020788
v 8.146907 -0.692500 -0.006188
v 8.146907 -0.692500 -0.006188
v 8.146907 -0.674851 -0.003190
v 8.146907 -0.674851 -0.003190
v 8.146907 -0.660251 -0.013550
v 8.146907 -0.660251 -0.013550
v 8.146907 -0.657254 -0.031199
v 8.146907 -0.657254 -0.031199
v 8.146907 -0.667611 -0.045796
v 8.146907 -0.667611 -0.045796
v 8.146907 -0.685259 -0.048796
v 8.146907 -0.685259 -0.048796
v 8.146907 -0.699859 -0.038436
v 8.146907 -0.649321 -0.077454
v 8.146907 -0.650326 -0.059582
v 8.146907 -0.650326 -0.059582
v 8.146907 -0.635975 -0.089383
v 8.146907 -0.649321 -0.077454
v 8.146907 -0.618100 -0.088378
v 8.146907 -0.635975 -0.089383
v 8.146907 -0.606174 -0.075032
v 8.146907 -0.618100 -0.088378
v 8.146907 -0.607176 -0.057158
v 8.146907 -0.606174 -0.075032
v 8.146907 -0.620525 -0.045231
v 8.146907 -0.607176 -0.057158
v 8.146907 -0.638397 -0.046233
v 8.146907 -0.620525 -0.045231
v 8.146907 -0.638397 -0.046233
v 8.174849 -0.638894 -0.041410
v 8.123464 -0.600265 -0.064977
v 8.123464 -0.647468 -0.045053
v 8.174849 -0.601323 -0.125890
v 8.123464 -0.633665 -0.162472
v 8.123464 -0.600323 -0.132770
v 8.174849 -0.641860 -0.158039
v 8.123464 -0.639182 -0.105945
v 8.146907 -0.635975 -0.111492
v 8.146907 -0.618100 -0.112497
v 8.146907 -0.618100 -0.112497
v 8.146907 -0.606174 -0.125844
v 8.146907 -0.606174 -0.125844
v 8.146907 -0.607176 -0.143718
v 8.146907 -0.607176 -0.143718
v 8.146907 -0.620525 -0.155645
v 8.146907 -0.620525 -0.155645
v 8.146907 -0.638397 -0.154642
v 8.146907 -0.638397 -0.154642
v 8.146907 -0.650326 -0.141293
v 8.146907 -0.650326 -0.141293
v 8.146907 -0.649321 -0.123422
v 8.146907 -0.649321 -0.123422
v 8.146907 -0.635975 -0.111492
v 8.146907 -0.685259 -0.152079
v 8.146907 -0.667613 -0.155080
v 8.146907 -0.667613 -0.155080
v 8.146907 -0.699859 -0.162439
v 8.146907 -0.685259 -0.152079
v 8.146907 -0.702860 -0.180088
v 8.146907 -0.699859 -0.162439
v 8.146907 -0.692500 -0.194688
v 8.146907 -0.702860 -0.180088
v 8.146907 -0.674851 -0.197686
v 8.146907 -0.692500 -0.194688
v 8.146907 -0.660251 -0.187326
v 8.146907 -0.674851 -0.197686
v 8.146907 -0.657253 -0.169680
v 8.146907 -0.660251 -0.187326
v 8.146907 -0.657253 -0.169680
v 8.174849 -0.702742 -0.191220
v 8.174849 -0.675392 -0.148507
v 8.123464 -0.707859 -0.170932
v 8.123464 -0.679303 -0.202310
v 8.174849 -0.654137 -0.180712
v 8.123464 -0.657355 -0.156096
v 8.174849 -0.723829 -0.178852
v 8.123464 -0.771611 -0.170124
v 8.123464 -0.729127 -0.183362
v 8.174849 -0.772790 -0.161607
v 8.123464 -0.727082 -0.136185
v 8.146907 -0.721414 -0.157519
v 8.146907 -0.726371 -0.174722
v 8.146907 -0.726371 -0.174722
v 8.146907 -0.742038 -0.183379
v 8.146907 -0.742038 -0.183379
v 8.146907 -0.759241 -0.178425
v 8.146907 -0.759241 -0.178425
v 8.146907 -0.767898 -0.162758
v 8.146907 -0.767898 -0.162758
v 8.146907 -0.762944 -0.145556
v 8.146907 -0.762944 -0.145556
v 8.146907 -0.747275 -0.136895
v 8.146907 -0.747275 -0.136895
v 8.146907 -0.730075 -0.141852
v 8.146907 -0.730075 -0.141852
v 8.146907 -0.721414 -0.157519
v 8.146907 -0.750018 -0.100438
v 8.146907 -0.756870 -0.116977
v 8.146907 -0.756870 -0.116977
v 8.146907 -0.756870 -0.083899
v 8.146907 -0.750018 -0.100438
v 8.146907 -0.773406 -0.077048
v 8.146907 -0.756870 -0.083899
v 8.146907 -0.789945 -0.083899
v 8.146907 -0.773406 -0.077048
v 8.146907 -0.796796 -0.100438
v 8.146907 -0.789945 -0.083899
v 8.146907 -0.789945 -0.116977
v 8.146907 -0.796796 -0.100438
v 8.146907 -0.773406 -0.123825
v 8.146907 -0.789945 -0.116977
v 8.146907 -0.773406 -0.123825
v 8.174849 -0.773511 -0.128757
v 8.123464 -0.802890 -0.104039
v 8.123464 -0.760575 -0.125253
v 7.043580 -0.817007 -0.080177
v 7.043579 -0.740145 -0.208706
v 8.135345 -0.814249 -0.114199
v 7.043579 -0.620899 -0.008551
v 8.135345 -0.629487 -0.006114
v 8.135345 -0.583185 -0.088031
v 8.135345 -0.624433 -0.194514
v 8.135345 -0.742590 -0.207046
v 8.135345 -0.748697 0.006316
v 7.043579 -0.598314 -0.170786
v 8.135345 -0.693151 -0.103044
v 8.135345 -0.701597 -0.102766
v 8.135345 -0.696142 -0.095496
v 1.132014 -0.941874 -2.505463
v 1.090457 -0.910749 -2.502830
v 1.071432 -0.961443 -2.506350
v 1.132014 -0.941876 2.669268
v 1.090457 -0.910751 2.671898
v 1.071432 -0.961444 2.668371
v 1.192603 -0.961446 2.506346
v 1.132014 -0.956910 2.507255
v 1.132014 -0.941875 2.505463
v 1.243967 -0.995762 -2.506348
v 1.241905 -0.939049 -2.502830
v 1.195478 -0.954498 -2.505463
v 1.243968 -0.995764 2.668371
v 1.241908 -0.939053 2.671892
v 1.195478 -0.954499 2.669268
v 1.285228 -1.044248 -2.505463
v 1.290334 -1.107709 -2.506351
v 1.329164 -1.146391 -2.502826
v 1.290335 -1.107711 2.668370
v 1.339109 -1.104200 2.671912
v 1.285228 -1.044250 2.669268
v 1.271340 -1.165421 2.507255
v 1.290333 -1.107710 2.506345
v 1.285228 -1.171174 2.505462
v 1.271340 -1.165419 -2.667473
v 1.290334 -1.107709 -2.668373
v 1.285228 -1.171172 -2.669269
v 1.285228 -1.171172 -2.505463
v 1.285228 -1.171175 2.669268
v 1.245780 -1.273780 -2.671911
v 1.339104 -1.104222 -2.671961
v 1.245781 -1.273782 2.671909
v 1.189728 -1.247030 -2.667473
v 1.243968 -1.219656 -2.668370
v 1.195478 -1.260923 -2.669269
v 1.074309 -1.247030 -2.667473
v 1.132014 -1.266029 -2.668370
v 1.068554 -1.260923 -2.669269
v 0.978806 -1.044248 -2.505463
v 0.963328 -0.997818 -2.502833
v 0.934912 -1.148788 -2.502831
v 0.963328 -0.997821 2.502832
v 0.978806 -1.044250 2.505463
v 0.934911 -1.148789 2.502829
v 0.964971 -0.996112 -2.671905
v 0.978806 -1.044248 -2.669268
v 0.934030 -1.146680 -2.671904
v 0.978806 -1.044250 2.669268
v 0.963328 -0.997821 2.671895
v 0.934911 -1.148790 2.671898
v 1.094720 -1.016857 2.513540
v 1.043531 -1.070219 2.511660
v 1.061680 -1.037376 2.513378
v 1.043531 -1.070220 2.663068
v 1.094720 -1.016858 2.661188
v 1.061680 -1.037377 2.661350
v 1.169783 -1.017422 -2.512865
v 1.132014 -1.008239 -2.513378
v 1.093951 -1.015813 -2.513378
v 1.132014 -1.008239 -2.661350
v 1.169783 -1.017421 -2.661864
v 1.093951 -1.015813 -2.661350
v 1.170078 -1.015815 2.513378
v 1.132014 -1.008241 2.513378
v 1.170078 -1.015815 2.661350
v 1.132014 -1.008242 2.661350
v 1.220850 -1.071471 -2.511573
v 1.202355 -1.037374 -2.513378
v 1.199815 -1.039388 2.511794
v 1.202355 -1.037374 -2.661350
v 1.219922 -1.071625 -2.663114
v 1.199815 -1.039388 2.662933
v 1.223916 -1.069647 2.513378
v 1.231484 -1.107710 2.513378
v 1.199954 -1.173849 -2.511376
v 1.223916 -1.145775 -2.513379
v 1.231484 -1.107709 -2.513379
v 1.220520 -1.145205 -2.662922
v 1.231484 -1.107709 -2.661350
v 1.220520 -1.145208 2.662922
v 1.231484 -1.107710 2.661350
v 1.220520 -1.145208 2.511806
v 1.202355 -1.178048 2.513378
v 1.169279 -1.198521 2.513052
v 1.202355 -1.178046 -2.661350
v 1.170078 -1.199607 -2.661350
v 1.132014 -1.207180 2.513378
v 1.093951 -1.199609 2.513378
v 1.065828 -1.175680 -2.662724
v 1.132014 -1.207178 -2.661350
v 1.093951 -1.199607 -2.661350
v 1.064219 -1.176037 2.662933
v 1.093951 -1.199610 2.661350
v 1.169279 -1.198521 2.661676
v 1.065828 -1.175680 -2.512006
v 1.035720 -1.108072 -2.512278
v 1.040119 -1.145775 -2.513379
v 1.032551 -1.107710 2.513378
v 1.064219 -1.176037 2.511795
v 1.040119 -1.145777 2.513378
v 1.035720 -1.108072 -2.662452
v 1.040119 -1.145774 -2.661350
v 1.032551 -1.107710 2.661350
v 1.040119 -1.145777 2.661350
v 1.040119 -1.069645 -2.661350
v 1.061680 -1.037374 -2.661350
v 1.142732 -0.901106 2.461666
v 1.035653 -0.875068 2.459780
v 1.132014 -0.855899 2.459780
v 1.142732 -0.901103 -2.713062
v 1.035653 -0.875065 -2.714948
v 1.132014 -0.855896 -2.714948
v 1.233260 -0.877322 2.460834
v 1.228379 -0.875065 -2.714948
v 1.310787 -1.003340 -2.463821
v 1.364663 -1.011347 -2.459781
v 1.310077 -0.929652 -2.459646
v 1.310077 -0.929654 2.459780
v 1.364663 -1.011348 2.459646
v 1.383826 -1.107712 -2.459781
v 1.317314 -0.999063 2.713062
v 1.383826 -1.107713 2.714830
v 1.364663 -1.011348 2.715082
v 1.303301 -1.237332 2.461666
v 1.383826 -1.107713 2.459898
v 1.364663 -1.204076 2.459645
v 1.364663 -1.204072 -2.714949
v 1.303301 -1.237329 -2.713063
v 1.383826 -1.107712 -2.714949
v 1.270537 -1.261378 -2.461667
v 1.310077 -1.285768 -2.459781
v 1.364663 -1.204073 -2.459781
v 1.310077 -1.285770 2.459780
v 1.310077 -1.285768 -2.714949
v 1.270538 -1.261382 2.713062
v 1.310077 -1.285771 2.714947
v 1.364663 -1.204077 2.715082
v 1.228380 -1.340354 -2.459781
v 1.228379 -1.340356 2.459780
v 1.228380 -1.340353 -2.714949
v 1.228379 -1.340356 2.714947
v 1.136222 -1.358402 -2.713920
v 1.136222 -1.358406 2.713919
v 1.085641 -1.303362 -2.461667
v 1.035652 -1.340354 -2.459781
v 1.132014 -1.359523 -2.459781
v 1.035653 -1.340356 2.459780
v 1.085641 -1.303365 2.461666
v 1.132014 -1.359525 2.459780
v 0.937042 -1.176889 2.461666
v 0.953961 -1.285771 2.459898
v 0.899371 -1.204076 2.459780
v 0.942891 -1.186056 -2.713063
v 0.953961 -1.285768 -2.714831
v 0.899371 -1.204072 -2.714949
v 0.880206 -1.107713 2.459645
v 0.880206 -1.107712 -2.714949
v 0.898796 -1.015662 2.460782
v 0.963597 -0.995176 -2.713062
v 0.899371 -1.011346 -2.714948
v 0.953961 -0.929651 -2.714948
v 1.023365 -0.922418 2.713062
v 0.953961 -0.929654 2.714830
v 0.899371 -1.011348 2.714947
v 1.063357 -1.070281 -2.717643
v 1.200361 -1.055565 -2.716357
v 1.208405 -1.087356 -2.458394
v 1.079724 -1.039997 -2.457719
v 1.176567 -1.041035 2.458483
v 1.184101 -1.175975 2.716482
v 1.143716 -1.022575 2.716497
v 1.179163 -1.177904 2.458104
v 1.120933 -1.192639 -2.457874
v 1.121450 -1.192602 -2.717200
v 1.047226 -1.096434 2.457649
v 1.055838 -1.126356 2.717379
v 1.023365 -0.922415 -2.461666
v 1.241905 -0.939049 -2.671899
v 1.306311 -0.927468 -2.713894
v 1.245780 -1.273780 -2.502818
v 1.055967 -1.300377 2.502876
v 1.055968 -1.300374 -2.671852
v 0.937042 -1.176887 -2.461668
v 1.055968 -1.300374 -2.502877
v 0.937042 -1.176889 2.713062
v 1.055967 -1.300377 2.671851
v 1.132016 -1.097237 -2.452975
v 1.120680 -1.107710 -2.452975
v 1.125976 -1.098675 2.452974
v 1.125976 -1.098672 -2.721754
v 1.125976 -1.098675 2.721753
v 1.139414 -1.100302 2.721753
v 1.141053 -1.113747 -2.721754
v 1.124000 -1.115731 2.452974
v 1.124000 -1.115728 -2.721754
v 1.124000 -1.115731 2.721753
v 5.183402 0.561325 0.342029
v 5.202314 0.480276 0.451045
v 5.206984 0.500844 0.410907
v 5.174901 0.546135 0.375132
v 5.183308 0.561362 -0.342008
v 5.205772 0.498536 -0.410283
v 5.200052 0.479082 -0.455864
v 5.206878 0.456957 0.414211
v 5.199142 0.429692 0.450683
v 5.206495 0.453581 -0.417483
v 5.375125 1.089985 -0.204371
v 5.403560 1.169582 0.007047
v 5.370810 1.078000 -0.152496
v 5.385697 1.120417 0.041521
v 5.388192 1.125188 -0.021442
v 5.287669 0.850847 0.361289
v 5.333849 0.970696 0.256596
v 5.373937 1.086572 0.207491
v 5.333850 0.970696 -0.256601
v 5.287768 0.851022 -0.361325
v 5.245780 0.739760 0.340271
v 5.294920 0.865914 0.318659
v 5.294921 0.865914 -0.318665
v 5.245780 0.739760 -0.340277
v 5.175170 0.545901 -0.375121
v 4.568728 0.643722 0.384569
v 4.568686 0.643835 -0.384507
v 3.156330 0.934442 0.000004
v 2.951674 0.896116 0.028467
v 3.227435 0.936699 0.049159
v 3.225963 0.936393 -0.048118
v 2.951693 0.883187 -0.084038
v 2.953120 0.840306 -0.139147
v 3.784269 0.822119 -0.264339
v 2.951383 0.845562 0.027890
v 2.949836 0.855207 0.126863
v 2.951383 0.821774 0.101374
v 3.018090 0.772477 0.162863
v 2.951383 0.833283 -0.081902
v 4.585558 0.564204 0.468039
v 3.848527 0.646416 0.383085
v 4.810952 0.476681 0.473861
v 3.657847 0.728465 0.342775
v 4.697897 0.655147 0.384848
v 3.840981 0.853647 0.265898
v 3.855250 0.850580 -0.269480
v 4.697889 0.655147 -0.384274
v 3.783610 0.823067 0.264076
v 5.050771 0.592697 -0.382328
v 5.334821 1.184908 0.105308
v 5.332069 1.180214 -0.106635
v 5.255959 0.948118 -0.347107
v 5.254433 0.944122 0.348706
v 5.431137 1.129000 -0.061444
v 5.428854 1.111139 -0.050835
v 5.464147 1.093120 -0.081566
v 5.478147 1.080518 0.096263
v 5.429534 1.111390 0.051623
v 5.404196 1.165723 0.005827
v 5.574389 1.004962 -0.132280
v 6.348292 0.460814 -0.233649
v 6.402032 0.465649 -0.152213
v 6.459780 0.417247 -0.218794
v 6.433506 0.341741 -0.374022
v 5.202446 0.480671 -0.450737
v 6.209469 0.424791 -0.309867
v 6.433121 0.342147 0.373794
v 6.031829 0.447675 0.325937
v 5.202359 0.480892 0.450663
v 6.269024 0.432963 0.282076
v 6.342179 0.462416 0.233084
v 6.338364 0.458497 0.199385
v 5.364043 0.930316 0.324498
v 5.343541 0.871797 0.315086
v 5.387078 0.976644 0.247972
v 5.448866 1.041043 0.163656
v 5.230765 0.578351 -0.340367
v 5.226139 0.579536 -0.374751
v 5.290669 0.740537 -0.338044
v 5.290669 0.740536 0.338038
v 5.226440 0.579863 0.374519
v 5.230766 0.578350 0.340361
v 5.919708 0.469231 0.304602
v 6.148354 0.435635 0.266536
v 5.918725 0.469818 -0.304685
v 6.148344 0.439215 -0.266572
v 5.438485 1.043666 0.196439
v 5.441653 1.065944 0.191329
v 5.174074 0.545014 -0.375905
v 5.385476 1.100648 -0.189230
v 5.387174 1.131710 0.139945
v 5.302148 0.887254 0.354595
v 6.459757 0.417506 0.220371
v 6.405540 0.456811 0.152087
v 5.205504 0.494127 -0.423684
v 5.205454 0.448598 0.426434
v 5.203067 0.429094 0.451586
v 5.205503 0.494114 0.423680
v 5.390981 1.136565 0.034969
v 5.373979 1.087394 0.159454
v 5.181754 0.558722 0.352617
v 5.174839 0.544904 0.375933
v 5.302390 0.887069 -0.354786
v 5.181429 0.557588 -0.352634
v 5.245481 0.740418 -0.350851
v 5.296148 0.870493 0.328559
v 5.245481 0.740418 0.350846
v 6.395676 0.456537 -0.154345
v 6.327442 0.465462 -0.197883
v 5.435186 1.044871 -0.196637
v 5.626120 0.970400 0.139091
v 5.387926 1.130409 -0.057175
v 1.969639 0.778238 -0.216140
v 2.006219 0.841169 -0.135616
v 2.053851 0.768696 -0.128533
v 2.042169 0.841169 -0.081815
v 2.088531 0.771015 -0.018354
v 2.053134 0.841339 0.014302
v 2.053853 0.768696 0.091821
v 1.850277 0.768697 0.176150
v 1.888960 0.841169 0.147475
v 1.825499 0.841169 0.134851
v 1.722925 0.769516 0.093358
v 1.771701 0.841169 0.098905
v 1.674360 0.778742 -0.011086
v 2.049406 0.842095 -0.018354
v 2.037192 0.842095 0.043043
v 1.979573 0.779007 0.177024
v 1.890224 0.895001 -0.020248
v 1.923982 0.875898 -0.015832
v 1.858476 0.876897 -0.032621
v 1.890524 0.894525 -0.016791
v 1.875976 0.875429 0.013079
v 1.887280 0.892615 -0.018355
v 1.888884 0.870470 -0.052769
v 1.857537 0.851356 -0.184887
v 1.733418 0.851473 -0.055532
v 2.004280 0.848360 0.100582
v 2.042682 0.848096 -0.082025
v 1.855842 0.847944 0.139439
v 1.755227 0.848075 0.071007
v 1.775509 0.842095 -0.131805
v 1.827563 0.842095 -0.166586
v 1.827563 0.842095 -0.166586
v 1.775509 0.842095 -0.131805
v 1.888960 0.842095 -0.178800
v 1.888960 0.842095 -0.178800
v 1.950360 0.842095 -0.166586
v 1.950360 0.842095 -0.166586
v 2.002411 0.842095 -0.131805
v 2.002411 0.842095 -0.131805
v 2.037192 0.842095 -0.079754
v 2.037192 0.842095 -0.079754
v 2.049406 0.842095 -0.018354
v 2.037192 0.842095 0.043043
v 2.002411 0.842095 0.095097
v 2.002411 0.842095 0.095097
v 1.950360 0.842095 0.129875
v 1.950360 0.842095 0.129875
v 1.888960 0.842095 0.142089
v 1.888960 0.842095 0.142089
v 1.827563 0.842095 0.129875
v 1.827563 0.842095 0.129875
v 1.775509 0.842095 0.095097
v 1.775509 0.842095 0.095097
v 1.740729 0.842095 0.043043
v 1.740729 0.842095 0.043043
v 1.728517 0.842095 -0.018354
v 1.728517 0.842095 -0.018354
v 1.740729 0.842095 -0.079754
v 1.740729 0.842095 -0.079754
v 3.112886 0.583350 -0.565948
v 3.221120 0.547987 -0.550690
v 3.112701 0.544365 -0.598462
v 3.024459 0.559020 -0.595868
v 3.133601 0.588843 -0.485873
v 3.024017 0.591584 -0.491482
v 3.164394 0.541026 -0.446470
v 3.232316 0.544289 -0.502291
v 3.024145 0.535812 -0.439857
v 3.097800 0.488994 -0.456670
v 3.197660 0.490135 -0.504197
v 3.024762 0.470867 -0.519228
v 3.097811 0.488993 -0.581788
v 3.208166 0.505025 -0.549710
v 2.155584 0.461179 -0.570803
v 2.178825 0.511404 -0.560014
v 2.193430 0.486390 -0.534129
v 2.070334 0.430947 -0.495359
v 2.170168 0.456475 -0.513774
v 1.984941 0.453252 -0.463859
v 1.984621 0.432184 -0.576873
v 2.095150 0.490332 -0.449661
v 2.176984 0.505951 -0.494377
v 1.984985 0.537448 -0.468182
v 1.984710 0.556292 -0.547207
v 2.085607 0.504500 -0.611979
v 1.149158 -0.437779 0.632105
v 1.268959 -1.003396 0.615352
v 1.149634 -0.438240 0.654717
v 1.014782 -0.682969 -2.685035
v 1.187252 -0.669248 -2.694123
v 1.570884 -1.003247 -2.687129
v 0.706409 -1.040213 -2.687129
v 0.751803 -0.897555 -2.685037
v 0.859218 -1.446616 2.480001
v 1.108036 -0.860343 -2.717578
v 1.015198 -0.888353 -2.717579
v 1.015198 -0.888356 2.717578
v 1.015196 -0.888357 2.457150
v 1.015198 -0.888353 -2.457150
v 1.108028 -0.860347 2.457151
v 1.289960 -0.915825 -2.717580
v 1.204514 -0.869994 -2.717578
v 1.204514 -0.869997 2.717577
v 1.204509 -0.869995 2.457151
v 1.204514 -0.869994 -2.457152
v 1.289960 -0.915828 2.457150
v 1.379389 -1.131733 2.717649
v 1.351372 -1.224548 2.717579
v 1.379389 -1.131732 -2.457079
v 1.351373 -1.224544 -2.457149
v 1.323909 -1.265646 -2.717579
v 1.289963 -1.299595 2.717578
v 1.323910 -1.265648 2.457149
v 1.204509 -1.345430 2.717577
v 1.289963 -1.299592 -2.457150
v 1.248860 -1.327055 -2.717577
v 1.248861 -1.327058 2.457150
v 1.204509 -1.345427 -2.457152
v 1.108019 -1.355075 2.717576
v 1.015198 -1.327070 2.717578
v 1.156030 -1.355070 -2.717576
v 1.156030 -1.355073 2.457151
v 1.108019 -1.355072 -2.457152
v 1.059534 -1.345430 -2.717577
v 1.059534 -1.345432 2.457151
v 1.015198 -1.327067 -2.457150
v 0.974080 -1.299592 -2.717580
v 0.912666 -1.224540 -2.717584
v 0.974080 -1.299596 2.457148
v 0.912667 -1.224544 2.457144
v 1.379161 0.389728 0.604608
v 0.884673 -1.131714 -2.717476
v 0.884673 -1.131716 2.457252
v 0.894301 -1.035219 2.717583
v 0.894300 -1.035219 -2.457145
v 1.339388 0.638130 0.417329
v -3.908010 -0.064927 -0.486984
v -3.913439 0.414849 -0.120072
v 2.951383 0.848000 -0.131520
v 3.058316 0.812117 -0.177420
v 3.737788 0.713518 -0.357833
v 6.460502 0.422472 0.202310
v 7.608830 -0.057006 -0.031040
v 7.563647 -0.163904 0.281402
v -7.915910 -0.296069 0.110858
v -2.078776 0.724188 -1.557983
v -2.058447 0.707093 -1.540714
v -2.078085 0.597058 1.602837
v -2.075718 0.523974 1.581344
v -2.155991 0.437322 -1.540709
v -2.079057 0.502370 -1.557935
v -2.079508 0.459792 -1.477373
v -2.156704 0.643437 1.254758
v -2.078991 0.613549 1.289802
v -2.073885 0.702596 1.310177
v -2.078084 0.744126 -1.535272
v -2.079545 0.764343 -1.400618
v -2.058449 0.587093 -1.316423
v -2.059391 0.480125 1.459778
v -2.078572 0.492378 1.545898
v -2.056955 0.742775 -1.486115
v -2.056802 0.737072 -1.395527
v -2.056908 0.538420 1.558174
v -2.056863 0.478937 -1.446940
v -2.056882 0.538414 1.335350
v -2.055817 0.612366 1.311920
v -2.114458 0.041044 -1.359881
v -2.125409 0.436223 -1.410421
v -2.190013 0.437973 -1.475148
v -2.213002 0.043664 -1.515595
v -2.057369 0.677029 -1.565945
v -2.186482 0.438074 1.477817
v -2.186482 0.435999 1.431470
v -2.212999 0.045247 -1.365872
v -2.125406 0.451655 -1.365887
v -2.114459 0.083025 -1.214793
v -2.190014 0.436594 -1.428865
v -2.114458 0.161126 -1.085511
v -2.125407 0.478089 -1.326867
v -2.189974 0.447264 -1.383760
v -2.212868 0.085583 -1.221578
v -2.186486 0.445992 1.386164
v -2.186482 0.467373 1.344985
v -2.212865 0.161846 -1.092730
v -2.125408 0.513722 -1.296017
v -2.114458 0.270024 -0.980848
v -2.189973 0.469222 -1.342992
v -2.114457 0.402305 -0.907935
v -2.125412 0.556124 -1.275444
v -2.190014 0.500943 -1.309322
v -2.213001 0.268762 -0.988064
v -2.186482 0.498684 1.310744
v -2.186482 0.537786 1.285774
v -2.213002 0.399215 -0.914581
v -2.125410 0.602408 -1.266540
v -2.114458 0.548946 -0.871747
v -2.190014 0.540338 -1.284985
v -2.114458 0.699956 -0.874745
v -2.125408 0.649418 -1.269923
v -2.190013 0.584689 -1.271674
v -2.213002 0.544242 -0.877364
v -2.186482 0.582020 1.271777
v -2.186485 0.628367 1.269703
v -2.212867 0.694060 -0.878984
v -2.125409 0.693952 -1.285355
v -2.114458 0.845048 -0.916722
v -2.189973 0.631019 -1.270307
v -2.114458 0.974330 -0.994824
v -2.125410 0.732971 -1.311791
v -2.190014 0.676041 -1.280941
v -2.213000 0.838170 -0.919240
v -2.186482 0.673677 1.279696
v -2.186482 0.714855 1.301077
v -2.213004 0.967029 -0.995471
v -2.125412 0.763819 -1.347423
v -2.114457 1.078993 -1.103726
v -2.190013 0.716815 -1.302889
v -2.114457 1.151902 -1.236006
v -2.125412 0.784396 -1.389825
v -2.189974 0.750541 -1.334683
v -2.212869 1.071827 -1.102550
v -2.186486 0.749092 1.332382
v -2.186486 0.774063 1.371486
v -2.213002 1.145265 -1.232915
v -2.125409 0.793297 -1.436110
v -2.114458 1.188091 -1.382647
v -2.190013 0.774855 -1.374039
v -2.114458 1.185096 -1.533657
v -2.125409 0.789917 -1.483118
v -2.190014 0.788166 -1.418390
v -2.213001 1.182476 -1.377945
v -2.186482 0.788063 1.415723
v -2.186482 0.790134 1.462074
v -2.213002 1.180888 -1.527660
v -2.125409 0.774482 -1.527650
v -2.114458 1.143115 -1.678749
v -2.190013 0.789545 -1.464676
v -2.114457 1.065012 -1.808030
v -2.125412 0.748048 -1.566671
v -2.189974 0.778874 -1.509780
v -2.212866 1.140548 -1.671960
v -2.186486 0.780142 1.507376
v -2.186486 0.758765 1.548555
v -2.212867 1.064292 -1.800809
v -2.125409 0.712417 -1.597522
v -2.114458 0.956114 -1.912694
v -2.189974 0.756916 -1.550546
v -2.114458 0.823835 -1.985603
v -2.125407 0.670014 -1.618099
v -2.189974 0.725156 -1.584240
v -2.212868 0.957285 -1.905530
v -2.186486 0.727456 1.582795
v -2.186486 0.688353 1.607766
v -2.212867 0.826821 -1.978987
v -2.125408 0.623731 -1.626999
v -2.114458 0.677193 -2.021792
v -2.189974 0.685756 -1.608566
v -2.114458 0.526180 -2.018796
v -2.125409 0.576720 -1.623616
v -2.190013 0.641449 -1.621866
v -2.213002 0.681892 -2.016176
v -2.186482 0.644116 1.621766
v -2.186482 0.597767 1.623838
v -2.213001 0.532173 -2.014587
v -2.125410 0.532189 -1.608182
v -2.114457 0.381088 -1.976816
v -2.190013 0.595164 -1.623246
v -2.114458 0.251807 -1.898715
v -2.125411 0.493168 -1.581748
v -2.190014 0.550098 -1.612598
v -2.213001 0.387973 -1.974298
v -2.186482 0.552459 1.613845
v -2.186482 0.511282 1.592463
v -2.213002 0.259104 -1.898068
v -2.125411 0.462319 -1.546115
v -2.114458 0.147146 -1.789813
v -2.190013 0.509323 -1.590649
v -2.114458 0.074234 -1.657536
v -2.125410 0.441741 -1.503714
v -2.189973 0.475597 -1.558854
v -2.212865 0.154313 -1.790980
v -2.186486 0.477043 1.561159
v -2.186486 0.452074 1.522056
v -2.212867 0.080855 -1.660521
v -2.125410 0.432841 -1.457432
v -2.114458 0.038045 -1.510894
v -2.189973 0.451272 -1.519457
v 1.943679 -0.731153 2.527350
v 2.167739 -0.933157 2.485047
v 1.868806 -0.770617 2.349815
v 2.167608 -0.931381 -2.673514
v 1.203971 -0.355507 -2.656089
v 0.666820 -0.285547 -2.652285
v 1.238078 -0.436089 2.345441
v 0.859506 -0.400703 -2.838373
v 1.204668 -0.357325 2.497383
v -1.444422 -0.574637 -2.526834
v -1.444414 -0.573885 2.632232
v 2.238395 -1.001853 -2.577202
v -1.654959 1.138472 1.306414
v -2.057586 0.812857 0.904628
v -2.057511 1.167836 1.265494
v -2.057586 0.928257 1.917396
v -4.767766 0.173812 1.091110
v -4.723837 0.551303 0.949929
v -4.767768 0.569559 -2.006718
v -4.723835 0.931069 -1.828465
v -1.850204 1.266240 -1.133719
v -2.280901 0.097841 -0.898513
v -2.221768 -0.060155 -1.112818
v -5.204851 0.276324 -0.212289
v -2.484967 0.408076 -0.212297
v -2.271025 0.214662 0.212033
v -2.480732 0.144037 0.211995
v -5.916374 -0.317605 -0.330021
v -6.928474 -0.212229 0.330027
v -6.203275 -0.397060 -0.330021
v -6.637635 -0.320048 -3.004530
v 5.742272 -1.157892 0.620854
v 5.074613 -1.126025 0.666009
v 7.132027 -0.853146 -0.279272
v 6.211548 -0.862525 -0.265179
v 7.243420 -0.699207 -0.275391
v 7.392844 -0.698402 0.082590
v 7.243420 -0.707605 0.057722
v 7.133363 -0.783874 -0.277528
v 7.286718 -0.765045 0.074792
v 7.953012 -0.649190 0.015391
v 7.061013 -0.497018 -0.137791
v 8.123464 -0.755107 -0.077046
v 8.174849 -0.798084 -0.090022
v 8.174849 -0.753309 -0.080487
v 8.167132 -0.714596 -0.098844
v 8.174849 -0.751717 -0.015354
v 8.123464 -0.673066 -0.053041
v 8.174849 -0.639034 -0.093146
v 8.174849 -0.601931 -0.066072
v 8.123464 -0.630396 -0.096632
v 8.174849 -0.645624 -0.113763
v 8.174849 -0.737133 -0.134888
v 8.174849 -0.753309 -0.080487
v 8.174849 -0.798084 -0.090022
v 8.123464 -0.755107 -0.077046
v 1.020069 -0.995761 -2.506350
v 7.043579 -0.735503 0.006632
v 1.128568 -0.900616 2.502832
v 1.071432 -0.961445 2.506346
v 1.020069 -0.995764 2.506345
v 1.090457 -0.910749 -2.671899
v 1.071432 -0.961442 -2.668374
v 1.020068 -0.995761 -2.668373
v 1.020068 -0.995763 2.668370
v 1.132014 -0.956908 -2.507256
v 1.189728 -0.968386 -2.507256
v 1.132014 -0.941874 -2.669268
v 1.132014 -0.956908 -2.667473
v 1.195478 -0.954498 -2.669268
v 1.189728 -0.968386 -2.667473
v 1.132014 -0.956910 2.667473
v 1.189728 -0.968388 2.667473
v 1.298084 -0.993942 2.502830
v 1.249282 -0.990448 2.505463
v 1.238654 -1.001077 2.507255
v 1.285228 -1.044250 2.505463
v 1.271340 -1.050002 2.507255
v 1.243968 -0.995761 -2.668373
v 1.271340 -1.050001 -2.507256
v 1.285228 -1.044248 -2.669268
v 1.271340 -1.050001 -2.667473
v 1.271340 -1.050002 2.667473
v 1.329889 -1.144695 2.502835
v 1.243967 -1.219656 -2.506350
v 1.271340 -1.165419 -2.507256
v 1.271340 -1.165421 2.667472
v 1.245780 -1.273782 2.502817
v 1.243967 -1.219659 2.506348
v 1.195478 -1.260923 -2.505463
v 1.132014 -1.266027 -2.506350
v 1.243968 -1.219661 2.668370
v 1.189728 -1.247031 -2.507256
v 1.192602 -1.253978 2.506348
v 1.192603 -1.253979 2.668370
v 1.132014 -1.273548 2.505462
v 1.132014 -1.273548 2.669268
v 1.068554 -1.260924 2.505462
v 1.074309 -1.247033 2.507255
v 1.132014 -1.258513 2.507255
v 1.074309 -1.247031 -2.507256
v 1.068554 -1.260923 -2.505463
v 1.132014 -1.258513 2.667472
v 1.074309 -1.247033 2.667472
v 1.068554 -1.260924 2.669268
v 1.020069 -1.219656 -2.506349
v 0.985752 -1.168295 -2.506351
v 1.020069 -1.219659 2.506347
v 1.020067 -1.219656 -2.668368
v 1.020068 -1.219661 2.668368
v 0.985752 -1.168297 2.506349
v 0.985750 -1.168295 -2.668371
v 0.985751 -1.168298 2.668370
v 0.966179 -1.107709 -2.505463
v 0.981214 -1.107709 -2.507256
v 0.992695 -1.050001 -2.507256
v 0.966179 -1.107710 2.505462
v 0.966179 -1.107709 -2.669269
v 0.966179 -1.107710 2.669268
v 0.981214 -1.107710 2.507255
v 0.992695 -1.050002 2.507255
v 0.981214 -1.107709 -2.667473
v 0.992695 -1.050001 -2.667473
v 0.981214 -1.107710 2.667472
v 0.992695 -1.050002 2.667473
v 1.047294 -1.022989 -2.510951
v 1.086165 -0.997016 -2.510951
v 1.086165 -0.997017 2.510950
v 1.047294 -1.022991 2.510950
v 1.086165 -0.997016 -2.663778
v 1.047294 -1.022989 -2.663778
v 1.047294 -1.022991 2.663777
v 1.086165 -0.997017 2.663777
v 1.132014 -0.987898 -2.510951
v 1.132014 -0.987899 2.510950
v 1.132014 -0.987898 -2.663778
v 1.132014 -0.987900 2.663777
v 1.177869 -0.997016 -2.510951
v 1.177869 -0.997017 2.510950
v 1.177869 -0.997016 -2.663778
v 1.177869 -0.997017 2.663777
v 1.216737 -1.022989 -2.510951
v 1.216737 -1.022991 2.510950
v 1.216737 -1.022989 -2.663778
v 1.216737 -1.022991 2.663777
v 1.242710 -1.061860 -2.510951
v 1.242710 -1.061861 2.510950
v 1.242710 -1.061859 -2.663778
v 1.242710 -1.061862 2.663777
v 1.251831 -1.107709 -2.510951
v 1.251831 -1.107710 2.510950
v 1.251831 -1.107709 -2.663778
v 1.251831 -1.107710 2.663777
v 1.242710 -1.153561 -2.510951
v 1.242710 -1.153562 2.510950
v 1.242710 -1.153561 -2.663778
v 1.242710 -1.153562 2.663777
v 1.216737 -1.192431 -2.510951
v 1.216737 -1.192433 2.510950
v 1.216737 -1.192430 -2.663778
v 1.216737 -1.192433 2.663777
v 1.177869 -1.218402 -2.510951
v 1.177869 -1.218403 2.510950
v 1.177869 -1.218402 -2.663778
v 1.177869 -1.218403 2.663777
v 1.132014 -1.227522 -2.510951
v 1.132014 -1.227524 2.510950
v 1.132014 -1.227522 -2.663778
v 1.132014 -1.227525 2.663777
v 1.086165 -1.218402 -2.510951
v 1.086165 -1.218403 2.510950
v 1.086165 -1.218402 -2.663778
v 1.086165 -1.218403 2.663777
v 1.047294 -1.192431 -2.510951
v 1.047294 -1.192433 2.510950
v 1.047294 -1.192430 -2.663778
v 1.047294 -1.192433 2.663777
v 1.021324 -1.153561 -2.510951
v 1.021324 -1.153562 2.510950
v 1.021324 -1.153561 -2.663778
v 1.021324 -1.153562 2.663777
v 1.012206 -1.107709 -2.510951
v 1.012206 -1.107710 2.510950
v 1.012206 -1.107709 -2.663778
v 1.012206 -1.107710 2.663777
v 1.021324 -1.061860 -2.510951
v 1.021324 -1.061861 2.510950
v 1.021324 -1.061859 -2.663778
v 1.021324 -1.061862 2.663777
v 1.061680 -1.037374 -2.513378
v 1.223916 -1.069647 2.661350
v 1.170078 -1.199607 -2.513379
v 1.202355 -1.178048 2.661350
v 1.132014 -1.207178 -2.513379
v 1.093951 -1.199607 -2.513379
v 1.132014 -1.207181 2.661350
v 1.040119 -1.069645 -2.513378
v 0.953961 -0.929654 2.459898
v 1.035653 -0.875066 -2.459781
v 0.953961 -0.929651 -2.459781
v 1.132014 -0.855896 -2.459781
v 1.228379 -0.875066 -2.459781
v 1.035653 -0.875068 2.714947
v 1.132014 -0.855899 2.714947
v 1.228379 -0.875068 2.714947
v 1.310077 -0.929654 2.714947
v 1.364663 -1.011346 -2.715083
v 0.953961 -1.285768 -2.459899
v 1.035652 -1.340353 -2.714949
v 0.953961 -1.285771 2.714830
v 1.035653 -1.340356 2.714947
v 0.880206 -1.107712 -2.459781
v 0.899371 -1.011347 -2.459781
v 0.899371 -1.204073 -2.459781
v 0.899371 -1.204077 2.714947
v 0.880206 -1.107713 2.715082
v 1.141052 -1.113749 2.452974
v 1.139414 -1.100302 2.452974
v 1.139414 -1.100299 -2.721754
v 1.141694 -1.103711 -2.452975
v 1.141052 -1.113750 2.721753
v 1.136350 -1.118186 -2.452975
v 5.370811 1.077999 0.152492
v 5.199299 0.429673 -0.450784
v 3.917812 0.634801 -0.398858
v 3.935277 0.685624 -0.399523
v 4.859925 0.469981 -0.469795
v 3.017974 0.772504 -0.162817
v 5.116189 0.592771 0.378408
v 5.050872 0.592693 0.382864
v 5.116190 0.592771 -0.378432
v 6.460813 0.370332 -0.189835
v 6.431477 0.301767 -0.354840
v 6.460813 0.369215 0.193671
v 6.431477 0.301765 0.354836
v 5.202986 0.429106 -0.451557
v 6.273391 0.305376 -0.394079
v 6.273396 0.305374 0.394073
v 5.387078 0.976644 -0.247977
v 5.365315 0.930872 -0.323080
v 5.451257 1.039291 -0.163622
v 6.296424 0.434468 -0.222404
v 5.205451 0.448599 -0.426440
v 5.343535 0.871800 -0.315091
v 5.373985 1.087425 -0.159422
v 5.336287 0.978530 -0.264576
v 5.296149 0.870493 -0.328564
v 5.336287 0.978530 0.264571
v 1.825499 0.841169 -0.171562
v 1.850277 0.768697 -0.212861
v 1.722926 0.769516 -0.130068
v 1.771701 0.841169 -0.135616
v 6.389327 0.459883 0.156518
v 1.888960 0.841169 -0.184186
v 1.952421 0.841169 0.134851
v 1.735755 0.841169 -0.081815
v 1.723131 0.841169 -0.018354
v 1.149633 -0.438235 -0.654708
v 2.771135 -0.433592 -0.653049
v 2.050091 -0.972737 -0.620639
v 1.268953 -1.003392 -0.615329
v 1.984946 0.481757 -0.611108
v 1.149160 -0.437778 -0.632104
v 2.771167 -0.433606 0.652915
v 2.050139 -0.972735 0.620565
vt 0.731749 0.737557
vt 0.731622 0.699999
vt 0.731542 0.770003
vt 0.565722 0.463042
vt 0.565722 0.463042
vt 0.565722 0.463042
vt 0.713278 0.463028
vt 0.566370 0.463042
vt 0.565837 0.462536
vt 0.565722 0.462314
vt 0.565722 0.462928
vt 0.565722 0.462928
vt 0.565722 0.462200
vt 0.565722 0.462200
vt 0.565722 0.462200
vt 0.565722 0.462783
vt 0.565722 0.463042
vt 0.565722 0.462314
vt 0.565722 0.462200
vt 0.566370 0.462200
vt 0.713273 0.462200
vt 0.068346 0.536852
vt 0.059170 0.536840
vt 0.059212 0.536956
vt 0.066881 0.550099
vt 0.068767 0.550042
vt 0.066747 0.549787
vt 0.016463 0.541068
vt 0.022385 0.539230
vt 0.020074 0.547312
vt 0.094499 0.540038
vt 0.097426 0.534919
vt 0.096600 0.540194
vt 0.093292 0.534760
vt 0.097462 0.534820
vt 0.093210 0.534917
vt 0.094492 0.540197
vt 0.093282 0.534919
vt 0.049527 0.582216
vt 0.060844 0.582350
vt 0.060820 0.582087
vt 0.030374 0.561176
vt 0.030746 0.582087
vt 0.030800 0.582296
vt 0.018858 0.582281
vt 0.043669 0.562858
vt 0.040062 0.582398
vt 0.040066 0.582087
vt 0.021070 0.506584
vt 0.020609 0.521395
vt 0.020586 0.521689
vt 0.028081 0.521708
vt 0.049102 0.519879
vt 0.049643 0.509248
vt 0.048522 0.509239
vt 0.049102 0.519879
vt 0.049641 0.509382
vt 0.049650 0.510076
vt 0.048331 0.509474
vt 0.048988 0.509786
vt 0.697852 0.769993
vt 0.697416 0.737187
vt 0.697760 0.700138
vt 0.066633 0.549963
vt 0.057572 0.549965
vt 0.057687 0.550034
vt 0.055712 0.550048
vt 0.068766 0.550042
vt 0.057689 0.550035
vt 0.058213 0.562730
vt 0.065695 0.562913
vt 0.081011 0.536739
vt 0.078547 0.536740
vt 0.079855 0.539770
vt 0.081011 0.536739
vt 0.078547 0.536740
vt 0.079855 0.539770
vt 0.022471 0.561161
vt 0.038832 0.569036
vt 0.034998 0.582244
vt 0.026916 0.506683
vt 0.105056 0.968451
vt 0.100029 0.974689
vt 0.094314 0.980660
vt 0.080620 0.984091
vt 0.087220 0.982536
vt 0.072026 0.983313
vt 0.065440 0.981409
vt 0.057671 0.978893
vt 0.042909 0.962327
vt 0.053507 0.976174
vt 0.057953 0.978230
vt 0.036363 0.944948
vt 0.041435 0.959981
vt 0.039369 0.958106
vt 0.035961 0.943340
vt 0.036473 0.945560
vt 0.035321 0.922799
vt 0.038829 0.906660
vt 0.035855 0.926576
vt 0.038829 0.906660
vt 0.035827 0.926544
vt 0.035344 0.926275
vt 0.045903 0.897839
vt 0.052364 0.888297
vt 0.060402 0.881865
vt 0.060414 0.882722
vt 0.052852 0.887757
vt 0.049038 0.890412
vt 0.076283 0.879022
vt 0.069355 0.879881
vt 0.073278 0.879722
vt 0.083399 0.879382
vt 0.092643 0.882098
vt 0.092176 0.882715
vt 0.085417 0.879895
vt 0.105056 0.894987
vt 0.105123 0.893377
vt 0.118426 0.931415
vt 0.113775 0.906659
vt 0.116294 0.922093
vt 0.115505 0.946444
vt 0.118424 0.926872
vt 0.115349 0.946240
vt 0.079548 0.961560
vt 0.092214 0.980139
vt 0.079548 0.961560
vt 0.062376 0.954867
vt 0.041443 0.957318
vt 0.062376 0.954867
vt 0.055788 0.943118
vt 0.055788 0.943118
vt 0.054460 0.925933
vt 0.055788 0.943118
vt 0.054460 0.925933
vt 0.055788 0.943118
vt 0.047150 0.968961
vt 0.095395 0.912663
vt 0.100108 0.925927
vt 0.105203 0.894997
vt 0.095395 0.912663
vt 0.100108 0.925927
vt 0.095396 0.950773
vt 0.095396 0.950773
vt 0.099723 0.940472
vt 0.101820 0.972138
vt 0.095396 0.950773
vt 0.099723 0.940473
vt 0.114490 0.951976
vt 0.095396 0.950773
vt 0.076310 0.984756
vt 0.050663 0.973090
vt 0.041442 0.906119
vt 0.096065 0.887130
vt 0.114516 0.919882
vt 0.116031 0.921546
vt 0.115155 0.917419
vt 0.109113 0.963872
vt 0.105652 0.969215
vt 0.043274 0.903529
vt 0.044852 0.899422
vt 0.071937 0.880412
vt 0.113774 0.906659
vt 0.331134 0.141810
vt 0.500785 0.124270
vt 0.396114 0.152375
vt 0.477842 0.320655
vt 0.458745 0.291527
vt 0.293833 0.348148
vt 0.510701 0.090133
vt 0.385079 0.094189
vt 0.378522 0.080981
vt 0.302925 0.262117
vt 0.303008 0.265410
vt 0.609663 0.276161
vt 0.316622 0.063883
vt 0.686000 0.075828
vt 0.333703 0.065965
vt 0.700384 0.152743
vt 0.292520 0.190179
vt 0.355751 0.181458
vt 0.679147 0.145076
vt 0.375519 0.170612
vt 0.675656 0.132026
vt 0.828110 0.293293
vt 0.457710 0.280954
vt 0.385932 0.073279
vt 0.683002 0.076092
vt 0.376035 0.272903
vt 0.681492 0.274855
vt 0.694572 0.349974
vt 0.675309 0.346644
vt 0.340165 0.380239
vt 0.863183 0.130979
vt 0.675213 0.317992
vt 0.784620 0.315661
vt 0.785935 0.118429
vt 0.829661 0.096178
vt 0.870049 0.115232
vt 0.869053 0.087769
vt 0.872766 0.283477
vt 0.680997 0.272406
vt 0.863385 0.327590
vt 0.673992 0.336297
vt 0.864378 0.334960
vt 0.297629 0.158935
vt 0.303348 0.173939
vt 0.196790 0.088751
vt 0.187250 0.073251
vt 0.184894 0.276087
vt 0.290846 0.384695
vt 0.325797 0.384178
vt 0.106893 0.262956
vt 0.105861 0.268226
vt 0.198019 0.356643
vt 0.176827 0.361300
vt 0.212259 0.368643
vt 0.213464 0.171352
vt 0.246960 0.375331
vt 0.307806 0.369511
vt 0.199297 0.288442
vt 0.193056 0.333959
vt 0.201238 0.122836
vt 0.107139 0.070768
vt 0.107138 0.066142
vt 0.194180 0.261219
vt 0.379428 0.263110
vt 0.284838 0.382506
vt 0.106313 0.317756
vt 0.096118 0.328942
vt 0.108893 0.120603
vt 0.207274 0.142516
vt 0.103289 0.285428
vt 0.105390 0.078524
vt 0.104134 0.088022
vt 0.102494 0.276460
vt 0.107129 0.064594
vt 0.195483 0.064099
vt 0.104125 0.261938
vt 0.098072 0.153393
vt 0.103062 0.134317
vt 0.105937 0.153679
vt 0.178822 0.164013
vt 0.104287 0.350687
vt 0.053099 0.115312
vt 0.072654 0.115364
vt 0.054480 0.302304
vt 0.055938 0.316408
vt 0.053249 0.088613
vt 0.052077 0.276629
vt 0.053587 0.076841
vt 0.054210 0.072289
vt 0.052996 0.270532
vt 0.095518 0.155411
vt 0.095528 0.158202
vt 0.036811 0.125271
vt 0.096503 0.350509
vt 0.033648 0.321897
vt 0.094002 0.352544
vt 0.017467 0.104725
vt 0.029078 0.106072
vt 0.034703 0.117199
vt 0.027423 0.300098
vt 0.011501 0.298960
vt 0.016930 0.309220
vt 0.028988 0.093156
vt 0.013634 0.093761
vt 0.027728 0.082464
vt 0.020303 0.082869
vt 0.025806 0.284502
vt 0.024556 0.277043
vt 0.018112 0.280393
vt 0.014785 0.289800
vt 0.027662 0.078149
vt 0.020458 0.116332
vt 0.012611 0.107170
vt 0.010991 0.101567
vt 0.009462 0.293465
vt 0.011320 0.286473
vt 0.012612 0.088282
vt 0.018584 0.081729
vt 0.012936 0.089338
vt 0.014995 0.111679
vt 0.010370 0.303061
vt 0.018294 0.313978
vt 0.008127 0.294889
vt 0.009650 0.097926
vt 0.010356 0.103526
vt 0.053144 0.284703
vt 0.881511 0.125940
vt 0.879995 0.323073
vt 0.868533 0.312365
vt 0.876400 0.292318
vt 0.874769 0.085989
vt 0.881733 0.089874
vt 0.868147 0.137504
vt 0.877831 0.136564
vt 0.869688 0.139710
vt 0.884218 0.113027
vt 0.897792 0.310476
vt 0.882702 0.310160
vt 0.901299 0.102558
vt 0.899423 0.110360
vt 0.877916 0.095185
vt 0.868703 0.285489
vt 0.886413 0.290158
vt 0.890687 0.092823
vt 0.889141 0.289671
vt 0.884309 0.130668
vt 0.890464 0.127993
vt 0.899305 0.117042
vt 0.903357 0.114746
vt 0.889098 0.324089
vt 0.905340 0.108607
vt 0.904168 0.111112
vt 0.904080 0.104623
vt 0.901646 0.311776
vt 0.902310 0.308028
vt 0.902519 0.302509
vt 0.903827 0.306270
vt 0.903827 0.305788
vt 0.905345 0.109103
vt 0.905133 0.110467
vt 0.586425 0.666270
vt 0.585715 0.662574
vt 0.586521 0.662578
vt 0.583481 0.659274
vt 0.584037 0.658479
vt 0.581346 0.658634
vt 0.580335 0.657620
vt 0.578855 0.659310
vt 0.577094 0.660245
vt 0.577248 0.660021
vt 0.580289 0.657619
vt 0.579188 0.659399
vt 0.577520 0.661295
vt 0.577302 0.661668
vt 0.576321 0.665529
vt 0.576927 0.664930
vt 0.577877 0.668171
vt 0.577248 0.668730
vt 0.579034 0.670500
vt 0.581714 0.670028
vt 0.578863 0.669154
vt 0.580298 0.671137
vt 0.579644 0.669684
vt 0.581789 0.670131
vt 0.582609 0.671035
vt 0.583725 0.670049
vt 0.583723 0.670512
vt 0.584522 0.668427
vt 0.585583 0.666073
vt 0.586146 0.667367
vt 0.585698 0.666280
vt 0.586490 0.662774
vt 0.585028 0.665800
vt 0.585089 0.663425
vt 0.585762 0.664937
vt 0.583437 0.669378
vt 0.584518 0.667088
vt 0.582440 0.668992
vt 0.580601 0.669161
vt 0.582461 0.669082
vt 0.582658 0.669910
vt 0.580225 0.669081
vt 0.580473 0.670003
vt 0.578474 0.668847
vt 0.578426 0.667434
vt 0.577433 0.667056
vt 0.577817 0.666241
vt 0.578903 0.668178
vt 0.577198 0.666573
vt 0.577527 0.664374
vt 0.576841 0.663810
vt 0.577099 0.662722
vt 0.577951 0.662057
vt 0.580049 0.658949
vt 0.578950 0.660646
vt 0.577612 0.661189
vt 0.581781 0.658731
vt 0.578848 0.659607
vt 0.579225 0.660317
vt 0.581713 0.659574
vt 0.582658 0.658840
vt 0.584775 0.660775
vt 0.584044 0.660925
vt 0.585101 0.663907
vt 0.585491 0.662176
vt 0.584044 0.660926
vt 0.585592 0.666023
vt 0.585155 0.663909
vt 0.582197 0.665365
vt 0.583144 0.660106
vt 0.584517 0.661662
vt 0.583157 0.660036
vt 0.581353 0.659500
vt 0.582805 0.663655
vt 0.580156 0.662873
vt 0.579531 0.660037
vt 0.577811 0.662531
vt 0.579225 0.660320
vt 0.580303 0.663347
vt 0.577606 0.665340
vt 0.580148 0.666245
vt 0.579958 0.666442
vt 0.578370 0.667496
vt 0.577948 0.666679
vt 0.579224 0.668433
vt 0.581449 0.669220
vt 0.585101 0.664846
vt 0.583755 0.668091
vt 0.578771 0.642953
vt 0.583628 0.643026
vt 0.580342 0.657690
vt 0.574521 0.644534
vt 0.579226 0.642998
vt 0.579022 0.658249
vt 0.570735 0.647467
vt 0.574969 0.644425
vt 0.577860 0.659225
vt 0.567672 0.651552
vt 0.571147 0.647216
vt 0.576937 0.660554
vt 0.565542 0.656512
vt 0.568019 0.651174
vt 0.576313 0.662142
vt 0.564488 0.662007
vt 0.565799 0.656031
vt 0.576032 0.663883
vt 0.564582 0.667664
vt 0.564639 0.661458
vt 0.576113 0.665657
vt 0.565820 0.673097
vt 0.564617 0.667083
vt 0.576551 0.667343
vt 0.568115 0.677935
vt 0.565736 0.672523
vt 0.577315 0.668828
vt 0.571312 0.681848
vt 0.567918 0.677409
vt 0.578355 0.670009
vt 0.575192 0.684572
vt 0.571014 0.681407
vt 0.579597 0.670806
vt 0.579492 0.685919
vt 0.574815 0.684244
vt 0.580959 0.671165
vt 0.583918 0.685798
vt 0.579062 0.685725
vt 0.582347 0.671061
vt 0.588169 0.684216
vt 0.583463 0.685753
vt 0.583667 0.670502
vt 0.591955 0.681284
vt 0.587721 0.684325
vt 0.584828 0.669525
vt 0.595017 0.677197
vt 0.591543 0.681536
vt 0.585753 0.668197
vt 0.597147 0.672238
vt 0.594672 0.677578
vt 0.586377 0.666608
vt 0.598202 0.666743
vt 0.596891 0.672720
vt 0.586657 0.664868
vt 0.598107 0.661086
vt 0.598050 0.667293
vt 0.586577 0.663094
vt 0.596870 0.655654
vt 0.598071 0.661667
vt 0.586138 0.661407
vt 0.594575 0.650816
vt 0.596954 0.656227
vt 0.585374 0.659923
vt 0.591378 0.646901
vt 0.594771 0.651342
vt 0.584335 0.658742
vt 0.587497 0.644179
vt 0.591675 0.647343
vt 0.583092 0.657944
vt 0.583197 0.642831
vt 0.587874 0.644506
vt 0.581730 0.657585
vt 0.617405 0.341739
vt 0.629209 0.334764
vt 0.629724 0.334984
vt 0.617985 0.341538
vt 0.618542 0.345532
vt 0.629041 0.352893
vt 0.631621 0.351641
vt 0.686855 0.324575
vt 0.652949 0.326875
vt 0.681409 0.324281
vt 0.659091 0.328935
vt 0.695719 0.324651
vt 0.660720 0.325858
vt 0.752505 0.331063
vt 0.683686 0.327077
vt 0.752504 0.331076
vt 0.651109 0.329176
vt 0.678951 0.326848
vt 0.655181 0.329096
vt 0.653006 0.326672
vt 0.684167 0.324337
vt 0.752502 0.331060
vt 0.657424 0.356237
vt 0.657569 0.361850
vt 0.676669 0.362214
vt 0.700630 0.355006
vt 0.700559 0.354121
vt 0.676666 0.362197
vt 0.657182 0.356033
vt 0.700092 0.358236
vt 0.676891 0.363941
vt 0.753300 0.337264
vt 0.700708 0.356909
vt 0.674134 0.358001
vt 0.655631 0.361328
vt 0.700590 0.354252
vt 0.753304 0.337292
vt 0.700131 0.358293
vt 0.796065 0.407014
vt 0.799737 0.417024
vt 0.797131 0.428826
vt 0.796079 0.417882
vt 0.799784 0.426330
vt 0.799691 0.406427
vt 0.796235 0.396721
vt 0.795738 0.386046
vt 0.799543 0.380800
vt 0.799948 0.390528
vt 0.797504 0.372243
vt 0.795643 0.374671
vt 0.796598 0.384324
vt 0.799451 0.381158
vt 0.795898 0.373812
vt 0.797544 0.374383
vt 0.799448 0.375648
vt 0.798265 0.371519
vt 0.795673 0.378287
vt 0.799673 0.375570
vt 0.799806 0.375549
vt 0.795964 0.376714
vt 0.799444 0.381746
vt 0.797574 0.380625
vt 0.796516 0.395628
vt 0.795781 0.391295
vt 0.799444 0.381746
vt 0.799318 0.394032
vt 0.796725 0.414411
vt 0.799241 0.431134
vt 0.796155 0.436258
vt 0.798910 0.440616
vt 0.796648 0.424663
vt 0.798313 0.446778
vt 0.800045 0.445571
vt 0.800359 0.435288
vt 0.798248 0.444285
vt 0.797960 0.450766
vt 0.796755 0.448744
vt 0.799925 0.441893
vt 0.800359 0.446824
vt 0.796251 0.447806
vt 0.798146 0.447417
vt 0.796183 0.439601
vt 0.800005 0.444103
vt 0.798107 0.440084
vt 0.796625 0.447983
vt 0.796174 0.438503
vt 0.800058 0.432211
vt 0.822283 0.432739
vt 0.822096 0.410310
vt 0.799634 0.401524
vt 0.821947 0.392283
vt 0.822035 0.402930
vt 0.799585 0.392724
vt 0.821854 0.381099
vt 0.821833 0.378615
vt 0.821784 0.372671
vt 0.821784 0.372670
vt 0.821812 0.376159
vt 0.821841 0.379595
vt 0.821930 0.390272
vt 0.799605 0.397672
vt 0.799697 0.408991
vt 0.822000 0.394881
vt 0.799750 0.418575
vt 0.822155 0.417356
vt 0.822124 0.413691
vt 0.800107 0.426660
vt 0.822370 0.443205
vt 0.822358 0.441810
vt 0.822419 0.449109
vt 0.822412 0.448193
vt 0.822324 0.437682
vt 0.801212 0.440394
vt 0.969525 0.414178
vt 0.950216 0.398855
vt 0.943925 0.420514
vt 0.958030 0.402457
vt 0.969333 0.417470
vt 0.951348 0.423456
vt 0.949501 0.409381
vt 0.949548 0.421111
vt 0.927288 0.420912
vt 0.970464 0.400272
vt 0.953414 0.385374
vt 0.971568 0.386716
vt 0.952936 0.384683
vt 0.971284 0.389972
vt 0.943268 0.376820
vt 0.972670 0.375576
vt 0.953397 0.364044
vt 0.931917 0.357601
vt 0.931808 0.368701
vt 0.930387 0.358638
vt 0.953032 0.368068
vt 0.931850 0.367287
vt 0.973600 0.368560
vt 0.953615 0.358199
vt 0.973392 0.369861
vt 0.954380 0.357427
vt 0.974218 0.366748
vt 0.953946 0.357653
vt 0.974099 0.366684
vt 0.933056 0.353357
vt 0.953932 0.358552
vt 0.951275 0.362576
vt 0.931306 0.354285
vt 0.974427 0.370388
vt 0.974415 0.368975
vt 0.929453 0.364252
vt 0.954017 0.366206
vt 0.974298 0.376365
vt 0.932074 0.361589
vt 0.933071 0.373378
vt 0.953897 0.380395
vt 0.932182 0.379220
vt 0.974200 0.378914
vt 0.953790 0.379203
vt 0.973760 0.387793
vt 0.932233 0.397382
vt 0.973568 0.391092
vt 0.953294 0.399589
vt 0.930638 0.388921
vt 0.932187 0.404214
vt 0.953806 0.403256
vt 0.939062 0.413829
vt 0.971806 0.415339
vt 0.972885 0.401482
vt 0.952729 0.420874
vt 0.930768 0.424708
vt 0.947612 0.420127
vt 0.971522 0.418593
vt 0.949713 0.433890
vt 0.970688 0.427249
vt 0.948872 0.435359
vt 0.918368 0.439017
vt 0.928513 0.444421
vt 0.921197 0.436318
vt 0.969701 0.435411
vt 0.951721 0.443359
vt 0.930285 0.447557
vt 0.969493 0.436709
vt 0.951522 0.444588
vt 0.925967 0.448963
vt 0.934213 0.450007
vt 0.968996 0.438589
vt 0.968877 0.438530
vt 0.951302 0.445199
vt 0.950056 0.444945
vt 0.923212 0.448545
vt 0.968677 0.436293
vt 0.927765 0.450770
vt 0.917934 0.449528
vt 0.968665 0.434886
vt 0.949992 0.437262
vt 0.927651 0.437126
vt 0.951231 0.436527
vt 0.968894 0.426325
vt 0.968796 0.428868
vt 0.802912 0.414930
vt 0.813059 0.408043
vt 0.813404 0.426809
vt 0.806301 0.396362
vt 0.802787 0.413638
vt 0.797811 0.382736
vt 0.814003 0.382755
vt 0.803041 0.393602
vt 0.812385 0.369132
vt 0.803483 0.376713
vt 0.809465 0.370434
vt 0.802755 0.380698
vt 0.808479 0.364618
vt 0.807471 0.365239
vt 0.805549 0.366068
vt 0.805385 0.372858
vt 0.808203 0.376849
vt 0.809034 0.385390
vt 0.830109 0.369064
vt 0.806843 0.392084
vt 0.802647 0.406226
vt 0.797700 0.388842
vt 0.812644 0.400184
vt 0.806492 0.408186
vt 0.796531 0.408178
vt 0.813000 0.419069
vt 0.803104 0.422637
vt 0.802654 0.427828
vt 0.813337 0.436758
vt 0.810716 0.444291
vt 0.808654 0.447977
vt 0.827151 0.447116
vt 0.808299 0.455614
vt 0.813780 0.458370
vt 0.825523 0.455336
vt 0.803966 0.455814
vt 0.818353 0.458442
vt 0.809437 0.457612
vt 0.810718 0.448899
vt 0.802859 0.453666
vt 0.817912 0.436443
vt 0.803571 0.432739
vt 0.804285 0.437180
vt 0.818607 0.444238
vt 0.827062 0.431139
vt 0.817087 0.428021
vt 0.836558 0.419489
vt 0.833811 0.408557
vt 0.831463 0.403035
vt 0.833341 0.407729
vt 0.813019 0.398631
vt 0.831209 0.403212
vt 0.831780 0.393377
vt 0.841265 0.388012
vt 0.833310 0.359758
vt 0.830459 0.367099
vt 0.808704 0.365571
vt 0.828741 0.380414
vt 0.831813 0.396483
vt 0.831709 0.416261
vt 0.828335 0.444533
vt 0.833207 0.431504
vt 0.828241 0.460650
vt 0.836137 0.460152
vt 0.824338 0.458543
vt 0.827783 0.456219
vt 0.829089 0.449416
vt 0.898070 0.420617
vt 0.827435 0.419341
vt 0.827974 0.433296
vt 0.927755 0.426522
vt 0.827397 0.425952
vt 0.928678 0.413213
vt 0.835283 0.420602
vt 0.902454 0.424882
vt 0.934730 0.415762
vt 0.834893 0.374806
vt 0.938487 0.378603
vt 0.816173 0.382165
vt 0.828571 0.359751
vt 0.931813 0.354056
vt 0.831552 0.365078
vt 0.828571 0.359751
vt 0.832503 0.360482
vt 0.929737 0.355950
vt 0.828741 0.380414
vt 0.831813 0.396484
vt 0.831709 0.416261
vt 0.921332 0.420014
vt 0.820706 0.429468
vt 0.927415 0.440854
vt 0.625890 0.336611
vt 0.616913 0.342116
vt 0.625832 0.340217
vt 0.617227 0.344776
vt 0.626248 0.350215
vt 0.658545 0.344399
vt 0.655001 0.331789
vt 0.616308 0.343553
vt 0.616418 0.344101
vt 0.616308 0.343553
vt 0.618211 0.341311
vt 0.628749 0.335168
vt 0.631482 0.340174
vt 0.752491 0.331108
vt 0.659296 0.346633
vt 0.616428 0.344172
vt 0.616312 0.343586
vt 0.629616 0.333816
vt 0.649734 0.355527
vt 0.630741 0.350041
vt 0.635141 0.338820
vt 0.658191 0.334476
vt 0.659916 0.345903
vt 0.625839 0.340198
vt 0.635177 0.338770
vt 0.654577 0.359406
vt 0.631226 0.350992
vt 0.631456 0.340242
vt 0.657206 0.335069
vt 0.659593 0.345879
vt 0.658038 0.335233
vt 0.989556 0.395369
vt 0.956448 0.407493
vt 0.935872 0.412237
vt 0.955790 0.382401
vt 0.934853 0.380514
vt 0.997907 0.379194
vt 0.939412 0.371318
vt 0.952861 0.380912
vt 0.952379 0.409765
vt 0.949781 0.410729
vt 0.956977 0.404876
vt 0.963548 0.390805
vt 0.997584 0.382699
vt 0.957120 0.389342
vt 0.958290 0.384027
vt 0.997934 0.378825
vt 0.833805 0.392200
vt 0.831415 0.392955
vt 0.833805 0.392200
vt 0.833847 0.397254
vt 0.833723 0.382304
vt 0.836850 0.408783
vt 0.935283 0.380525
vt 0.845576 0.377697
vt 0.939527 0.371672
vt 0.842710 0.387786
vt 0.384291 0.949376
vt 0.289757 0.943508
vt 0.289757 0.971016
vt 0.384291 0.971318
vt 0.790781 0.967023
vt 0.696247 0.969135
vt 0.790781 0.969110
vt 0.790787 0.969151
vt 0.696247 0.968943
vt 0.696247 0.961978
vt 0.696247 0.961978
vt 0.790781 0.916880
vt 0.790781 0.955366
vt 0.696247 0.929362
vt 0.696247 0.893979
vt 0.790781 0.902142
vt 0.696247 0.893979
vt 0.790781 0.880261
vt 0.289757 0.883383
vt 0.384291 0.883013
vt 0.384291 0.884969
vt 0.289757 0.896661
vt 0.384291 0.913523
vt 0.289757 0.943508
vt 0.384291 0.969966
vt 0.800189 0.911500
vt 0.799409 0.901300
vt 0.800190 0.914885
vt 0.799067 0.929128
vt 0.799094 0.939702
vt 0.798981 0.923309
vt 0.800189 0.914371
vt 0.799186 0.939705
vt 0.392722 0.896495
vt 0.393699 0.914649
vt 0.393706 0.915435
vt 0.392737 0.928536
vt 0.393700 0.914615
vt 0.392683 0.896708
vt 0.392590 0.942611
vt 0.392457 0.937971
vt 0.799116 0.895077
vt 0.790795 0.880015
vt 0.799208 0.893139
vt 0.384291 0.898061
vt 0.384306 0.883170
vt 0.392448 0.910487
vt 0.739535 0.530937
vt 0.757297 0.701493
vt 0.823629 0.706475
vt 0.606697 0.521413
vt 0.625284 0.693053
vt 0.628555 0.697511
vt 0.693269 0.699349
vt 0.613022 0.508702
vt 0.718327 0.529241
vt 0.695081 0.697897
vt 0.627995 0.695774
vt 0.760419 0.709450
vt 0.717543 0.528551
vt 0.613889 0.506388
vt 0.635382 0.499019
vt 0.878282 0.522292
vt 0.981876 0.542248
vt 0.872236 0.538266
vt 0.849552 0.535882
vt 0.769430 0.507042
vt 0.743479 0.516777
vt 0.925135 0.722008
vt 0.893694 0.708845
vt 0.957010 0.713071
vt 0.658947 0.707623
vt 0.662660 0.707332
vt 0.795014 0.715681
vt 0.739103 0.561893
vt 0.737784 0.527455
vt 0.757703 0.703748
vt 0.827057 0.705682
vt 0.849845 0.536603
vt 0.850299 0.535195
vt 0.960918 0.710872
vt 0.983537 0.540946
vt 0.893895 0.715112
vt 0.890194 0.707855
vt 0.872429 0.567634
vt 0.871076 0.532868
vt 0.875934 0.522228
vt 0.901378 0.512466
vt 0.886841 0.514221
vt 0.903416 0.512993
vt 0.770947 0.507186
vt 0.753983 0.508506
vt 0.627876 0.701805
vt 0.628452 0.701340
vt 0.959612 0.713021
vt 0.694790 0.702243
vt 0.696725 0.703690
vt 0.690935 0.698996
vt 0.696000 0.702432
vt 0.695961 0.700617
vt 0.691630 0.694434
vt 0.696179 0.695370
vt 0.698269 0.690364
vt 0.696501 0.689511
vt 0.735511 0.697205
vt 0.732600 0.700379
vt 0.732768 0.694954
vt 0.732573 0.692746
vt 0.735511 0.695075
vt 0.695907 0.698139
vt 0.732667 0.697903
vt 0.695842 0.692158
vt 0.767006 0.449644
vt 0.767570 0.453411
vt 0.768038 0.414758
vt 0.595550 0.412354
vt 0.618052 0.417445
vt 0.617574 0.431183
vt 0.594557 0.433412
vt 0.576909 0.452457
vt 0.595643 0.414088
vt 0.723314 0.475495
vt 0.555863 0.485148
vt 0.555808 0.473191
vt 0.723314 0.448145
vt 0.555808 0.458455
vt 0.555808 0.447132
vt 0.555808 0.439914
vt 0.723314 0.441426
vt 0.555808 0.437902
vt 0.555808 0.443988
vt 0.723314 0.465556
vt 0.555808 0.458489
vt 0.723314 0.486949
vt 0.555808 0.484605
vt 0.555873 0.488867
vt 0.710814 0.488437
vt 0.566263 0.505270
vt 0.054838 0.889605
vt 0.056865 0.888465
vt 0.056865 0.890153
vt 0.055940 0.890401
vt 0.055940 0.889567
vt 0.055940 0.889567
vt 0.055940 0.888734
vt 0.055940 0.888734
vt 0.055940 0.888389
vt 0.055940 0.888389
vt 0.055940 0.888734
vt 0.055940 0.888734
vt 0.055940 0.889567
vt 0.055940 0.889567
vt 0.055940 0.890401
vt 0.055940 0.890401
vt 0.055940 0.890746
vt 0.055940 0.890746
vt 0.055940 0.890401
vt 0.055722 0.894122
vt 0.055722 0.893910
vt 0.055722 0.893910
vt 0.055722 0.893910
vt 0.055722 0.894122
vt 0.055722 0.893398
vt 0.055722 0.893910
vt 0.055722 0.892885
vt 0.055722 0.893398
vt 0.055722 0.892673
vt 0.055722 0.892885
vt 0.055722 0.892885
vt 0.055722 0.892673
vt 0.055722 0.893398
vt 0.055722 0.892885
vt 0.055722 0.893398
vt 0.055143 0.893672
vt 0.056290 0.894006
vt 0.056290 0.893623
vt 0.055143 0.893834
vt 0.056290 0.892742
vt 0.055940 0.891752
vt 0.055940 0.890885
vt 0.055940 0.890885
vt 0.055940 0.892188
vt 0.055940 0.891752
vt 0.055940 0.891938
vt 0.055940 0.892188
vt 0.055940 0.891149
vt 0.055940 0.891938
vt 0.055940 0.890281
vt 0.055940 0.891149
vt 0.055940 0.889845
vt 0.055940 0.890281
vt 0.055940 0.890095
vt 0.055940 0.889845
vt 0.055940 0.890095
vt 0.054838 0.892163
vt 0.056865 0.891226
vt 0.056865 0.892138
vt 0.054838 0.890604
vt 0.056865 0.890313
vt 0.054838 0.893549
vt 0.056865 0.895183
vt 0.056865 0.893159
vt 0.054838 0.895421
vt 0.054838 0.894480
vt 0.055940 0.893274
vt 0.055940 0.893123
vt 0.055940 0.893123
vt 0.055940 0.893645
vt 0.055940 0.893645
vt 0.055940 0.894535
vt 0.055940 0.894535
vt 0.055940 0.895271
vt 0.055940 0.895271
vt 0.055940 0.895422
vt 0.055940 0.895422
vt 0.055940 0.894900
vt 0.055940 0.894900
vt 0.055940 0.894010
vt 0.055940 0.894010
vt 0.055940 0.893274
vt 0.055940 0.895822
vt 0.055940 0.895771
vt 0.055940 0.895771
vt 0.055940 0.896494
vt 0.055940 0.895822
vt 0.055940 0.897395
vt 0.055940 0.896494
vt 0.055940 0.897996
vt 0.055940 0.897395
vt 0.055940 0.897946
vt 0.055940 0.897996
vt 0.055940 0.897273
vt 0.055940 0.897946
vt 0.055940 0.896372
vt 0.055940 0.897273
vt 0.055940 0.896372
vt 0.054838 0.896465
vt 0.056865 0.898124
vt 0.056865 0.896122
vt 0.054838 0.897879
vt 0.056865 0.896720
vt 0.056865 0.898133
vt 0.054838 0.896399
vt 0.056865 0.896496
vt 0.055940 0.896494
vt 0.055940 0.897395
vt 0.055940 0.897395
vt 0.055940 0.897996
vt 0.055940 0.897996
vt 0.055940 0.897946
vt 0.055940 0.897946
vt 0.055940 0.897273
vt 0.055940 0.897273
vt 0.055940 0.896372
vt 0.055940 0.896372
vt 0.055940 0.895771
vt 0.055940 0.895771
vt 0.055940 0.895822
vt 0.055940 0.895822
vt 0.055940 0.896494
vt 0.055940 0.894010
vt 0.055940 0.894900
vt 0.055940 0.894900
vt 0.055940 0.893274
vt 0.055940 0.894010
vt 0.055940 0.893123
vt 0.055940 0.893274
vt 0.055940 0.893645
vt 0.055940 0.893123
vt 0.055940 0.894535
vt 0.055940 0.893645
vt 0.055940 0.895271
vt 0.055940 0.894535
vt 0.055940 0.895422
vt 0.055940 0.895271
vt 0.055940 0.895422
vt 0.054838 0.893597
vt 0.054838 0.894463
vt 0.056865 0.893039
vt 0.056865 0.894329
vt 0.054838 0.895425
vt 0.056865 0.895019
vt 0.054838 0.891808
vt 0.056865 0.889938
vt 0.056865 0.891723
vt 0.054838 0.890005
vt 0.056865 0.891676
vt 0.055940 0.892188
vt 0.055940 0.891938
vt 0.055940 0.891938
vt 0.055940 0.891149
vt 0.055940 0.891149
vt 0.055940 0.890281
vt 0.055940 0.890281
vt 0.055940 0.889845
vt 0.055940 0.889845
vt 0.055940 0.890095
vt 0.055940 0.890095
vt 0.055940 0.890885
vt 0.055940 0.890885
vt 0.055940 0.891752
vt 0.055940 0.891752
vt 0.055940 0.892188
vt 0.055940 0.890746
vt 0.055940 0.890401
vt 0.055940 0.890401
vt 0.055940 0.890401
vt 0.055940 0.890746
vt 0.055940 0.889567
vt 0.055940 0.890401
vt 0.055940 0.888734
vt 0.055940 0.889567
vt 0.055940 0.888389
vt 0.055940 0.888734
vt 0.055940 0.888734
vt 0.055940 0.888389
vt 0.055940 0.889567
vt 0.055940 0.888734
vt 0.055940 0.889567
vt 0.054838 0.889605
vt 0.056865 0.888465
vt 0.056865 0.890153
vt 0.099453 0.888411
vt 0.099453 0.891426
vt 0.056396 0.888134
vt 0.099453 0.896737
vt 0.056396 0.896572
vt 0.056396 0.898890
vt 0.056396 0.896662
vt 0.056396 0.891272
vt 0.056396 0.891105
vt 0.099453 0.897630
vt 0.056396 0.893569
vt 0.056396 0.893264
vt 0.056396 0.893448
vt 0.077285 0.946492
vt 0.080082 0.948626
vt 0.081508 0.944749
vt 0.077285 0.946611
vt 0.080105 0.948762
vt 0.081542 0.944854
vt 0.073062 0.944748
vt 0.077285 0.945153
vt 0.077285 0.946492
vt 0.069482 0.941692
vt 0.069908 0.946201
vt 0.072861 0.945367
vt 0.069418 0.941772
vt 0.069844 0.946313
vt 0.072825 0.945478
vt 0.066605 0.937372
vt 0.066249 0.931719
vt 0.064030 0.928391
vt 0.066160 0.931719
vt 0.064107 0.931939
vt 0.066519 0.937418
vt 0.067573 0.926578
vt 0.066249 0.931719
vt 0.066605 0.926065
vt 0.067495 0.926536
vt 0.066160 0.931719
vt 0.066519 0.926020
vt 0.066605 0.926065
vt 0.066519 0.926020
vt 0.069576 0.917352
vt 0.064103 0.932101
vt 0.069576 0.917352
vt 0.073229 0.919207
vt 0.069418 0.921665
vt 0.072825 0.917960
vt 0.081339 0.919207
vt 0.077285 0.917501
vt 0.081744 0.917960
vt 0.087964 0.937372
vt 0.088617 0.941146
vt 0.090511 0.928187
vt 0.088617 0.941146
vt 0.087964 0.937372
vt 0.090511 0.928188
vt 0.088618 0.941397
vt 0.088050 0.937418
vt 0.090648 0.928356
vt 0.088050 0.937418
vt 0.088709 0.941223
vt 0.090617 0.928159
vt 0.079868 0.939869
vt 0.083493 0.935182
vt 0.082187 0.937984
vt 0.083544 0.935210
vt 0.079889 0.939935
vt 0.082227 0.938035
vt 0.074682 0.939879
vt 0.077285 0.940580
vt 0.079938 0.939905
vt 0.077285 0.940651
vt 0.074661 0.939945
vt 0.079959 0.939971
vt 0.074631 0.939905
vt 0.077285 0.940580
vt 0.074610 0.939971
vt 0.077285 0.940651
vt 0.071020 0.935155
vt 0.072382 0.937984
vt 0.072398 0.937815
vt 0.072342 0.938035
vt 0.071153 0.935120
vt 0.072358 0.937865
vt 0.070879 0.935110
vt 0.070351 0.931719
vt 0.072570 0.925930
vt 0.070879 0.928328
vt 0.070351 0.931719
vt 0.071023 0.928229
vt 0.070295 0.931719
vt 0.071022 0.928229
vt 0.070295 0.931719
vt 0.071073 0.928258
vt 0.072382 0.925453
vt 0.074702 0.923568
vt 0.072342 0.925402
vt 0.074610 0.923466
vt 0.077285 0.922858
vt 0.079938 0.923532
vt 0.081843 0.925640
vt 0.077285 0.922786
vt 0.079959 0.923466
vt 0.082212 0.925574
vt 0.079959 0.923466
vt 0.074682 0.923502
vt 0.081806 0.925689
vt 0.084113 0.931825
vt 0.083690 0.928328
vt 0.084218 0.931719
vt 0.082172 0.925624
vt 0.083690 0.928328
vt 0.084169 0.931826
vt 0.083742 0.928300
vt 0.084274 0.931719
vt 0.083742 0.928300
vt 0.083742 0.935137
vt 0.082227 0.938035
vt 0.076622 0.948498
vt 0.083984 0.952388
vt 0.077285 0.954094
vt 0.076617 0.948634
vt 0.084037 0.952555
vt 0.077285 0.954275
vt 0.070440 0.952039
vt 0.070532 0.952555
vt 0.066123 0.939594
vt 0.061111 0.940280
vt 0.064906 0.947538
vt 0.064909 0.947535
vt 0.061108 0.940281
vt 0.059777 0.931719
vt 0.066508 0.939913
vt 0.059641 0.931719
vt 0.060978 0.940351
vt 0.067346 0.922011
vt 0.059783 0.931719
vt 0.061105 0.923154
vt 0.060981 0.923088
vt 0.067266 0.921932
vt 0.059635 0.931719
vt 0.068469 0.919255
vt 0.064909 0.915902
vt 0.061111 0.923157
vt 0.064909 0.915902
vt 0.064809 0.915775
vt 0.068398 0.919154
vt 0.064809 0.915775
vt 0.060975 0.923084
vt 0.070585 0.911050
vt 0.070585 0.911050
vt 0.070532 0.910882
vt 0.070532 0.910882
vt 0.077207 0.909024
vt 0.077207 0.909024
vt 0.080424 0.914892
vt 0.083984 0.911050
vt 0.077285 0.909343
vt 0.083984 0.911050
vt 0.080423 0.914892
vt 0.077285 0.909343
vt 0.089639 0.926265
vt 0.089660 0.915902
vt 0.093454 0.923159
vt 0.089499 0.925324
vt 0.089760 0.915774
vt 0.093585 0.923089
vt 0.094796 0.931719
vt 0.094934 0.931719
vt 0.093585 0.940241
vt 0.088621 0.941400
vt 0.093588 0.940349
vt 0.089760 0.947662
vt 0.083611 0.945660
vt 0.089758 0.947660
vt 0.093588 0.940349
vt 0.081228 0.934652
vt 0.073969 0.934810
vt 0.072837 0.933215
vt 0.079711 0.935818
vt 0.074748 0.936563
vt 0.074852 0.927633
vt 0.076875 0.936871
vt 0.074990 0.927429
vt 0.077855 0.926624
vt 0.077944 0.926567
vt 0.081288 0.932283
vt 0.081743 0.930416
vt 0.083560 0.945548
vt 0.069849 0.946317
vt 0.064788 0.947829
vt 0.069638 0.917467
vt 0.082140 0.916164
vt 0.082179 0.916038
vt 0.089639 0.926265
vt 0.082140 0.916163
vt 0.089739 0.926221
vt 0.082179 0.916038
vt 0.077288 0.932564
vt 0.077878 0.931706
vt 0.077635 0.932390
vt 0.077638 0.932395
vt 0.077638 0.932395
vt 0.076811 0.932319
vt 0.076758 0.931259
vt 0.077710 0.931186
vt 0.077713 0.931182
vt 0.077713 0.931182
vt 0.169842 0.176201
vt 0.169113 0.171914
vt 0.168887 0.172972
vt 0.170143 0.175407
vt 0.169842 0.176203
vt 0.168886 0.172852
vt 0.169227 0.171966
vt 0.168911 0.170731
vt 0.169223 0.169226
vt 0.168919 0.170509
vt 0.162095 0.204116
vt 0.161028 0.208152
vt 0.162094 0.203584
vt 0.161438 0.205979
vt 0.161368 0.206125
vt 0.165567 0.191594
vt 0.163598 0.198040
vt 0.162115 0.203926
vt 0.163598 0.198040
vt 0.165568 0.191595
vt 0.167274 0.185721
vt 0.165223 0.192450
vt 0.165223 0.192450
vt 0.167274 0.185721
vt 0.170144 0.175401
vt 0.195013 0.181095
vt 0.195020 0.181092
vt 0.254318 0.196215
vt 0.262959 0.193916
vt 0.251830 0.195827
vt 0.251923 0.195855
vt 0.262989 0.193097
vt 0.262774 0.191313
vt 0.228125 0.189788
vt 0.263036 0.191214
vt 0.262952 0.191753
vt 0.263036 0.190037
vt 0.260186 0.187666
vt 0.263036 0.190436
vt 0.195005 0.176731
vt 0.225537 0.180627
vt 0.185401 0.171831
vt 0.233376 0.184876
vt 0.190117 0.181263
vt 0.226023 0.191660
vt 0.225513 0.191590
vt 0.190119 0.181263
vt 0.228158 0.189820
vt 0.175403 0.177990
vt 0.163645 0.209034
vt 0.163657 0.209015
vt 0.167131 0.196177
vt 0.167186 0.195988
vt 0.159469 0.206347
vt 0.159631 0.205526
vt 0.158173 0.204509
vt 0.157494 0.204017
vt 0.159590 0.205502
vt 0.160480 0.207668
vt 0.153664 0.200112
vt 0.121386 0.170971
vt 0.119522 0.171337
vt 0.117054 0.168608
vt 0.118469 0.165586
vt 0.169074 0.171918
vt 0.127576 0.169033
vt 0.118473 0.165603
vt 0.134016 0.171023
vt 0.169081 0.171907
vt 0.124771 0.169319
vt 0.121654 0.170922
vt 0.122294 0.171194
vt 0.162481 0.195856
vt 0.163194 0.192764
vt 0.161376 0.198357
vt 0.158633 0.201674
vt 0.167779 0.177533
vt 0.167919 0.177432
vt 0.165400 0.185762
vt 0.165400 0.185762
vt 0.167866 0.177390
vt 0.167779 0.177533
vt 0.139158 0.171297
vt 0.129603 0.169491
vt 0.139194 0.171345
vt 0.129603 0.169689
vt 0.159088 0.201883
vt 0.159185 0.203025
vt 0.170107 0.175375
vt 0.161068 0.204770
vt 0.161446 0.206005
vt 0.165041 0.193382
vt 0.117049 0.168602
vt 0.119453 0.171209
vt 0.168950 0.172613
vt 0.168969 0.170264
vt 0.169049 0.169188
vt 0.168950 0.172613
vt 0.161259 0.206689
vt 0.161958 0.204120
vt 0.169926 0.176064
vt 0.170117 0.175371
vt 0.165038 0.193301
vt 0.169930 0.176003
vt 0.167287 0.185756
vt 0.165172 0.192695
vt 0.167287 0.185756
vt 0.119503 0.170812
vt 0.122137 0.171125
vt 0.159176 0.201833
vt 0.151862 0.198339
vt 0.161350 0.206513
vt 0.724901 0.635088
vt 0.720370 0.631546
vt 0.719794 0.627612
vt 0.716729 0.628437
vt 0.712435 0.624427
vt 0.710287 0.627891
vt 0.705075 0.627611
vt 0.699442 0.644990
vt 0.701212 0.641688
vt 0.702066 0.647177
vt 0.705039 0.655734
vt 0.704499 0.651830
vt 0.712316 0.658839
vt 0.712435 0.627811
vt 0.708279 0.628867
vt 0.700123 0.634953
vt 0.712549 0.641591
vt 0.712001 0.639767
vt 0.712588 0.643603
vt 0.712345 0.641569
vt 0.710693 0.642453
vt 0.712418 0.641829
vt 0.714239 0.642100
vt 0.721924 0.644137
vt 0.714559 0.654658
vt 0.705155 0.632602
vt 0.716373 0.629709
vt 0.702138 0.644455
vt 0.706590 0.652868
vt 0.720113 0.651501
vt 0.722466 0.646999
vt 0.722466 0.646999
vt 0.720113 0.651501
vt 0.723293 0.641688
vt 0.723293 0.641688
vt 0.722466 0.636378
vt 0.722466 0.636378
vt 0.720113 0.631875
vt 0.720113 0.631875
vt 0.716590 0.628867
vt 0.716590 0.628867
vt 0.712435 0.627811
vt 0.708279 0.628867
vt 0.704757 0.631875
vt 0.704757 0.631875
vt 0.702403 0.636378
vt 0.702403 0.636378
vt 0.701577 0.641688
vt 0.701577 0.641688
vt 0.702403 0.646999
vt 0.702403 0.646999
vt 0.704757 0.651501
vt 0.704757 0.651501
vt 0.708279 0.654509
vt 0.708279 0.654509
vt 0.712435 0.655565
vt 0.712435 0.655565
vt 0.716590 0.654509
vt 0.716590 0.654509
vt 0.674083 0.854354
vt 0.667791 0.851612
vt 0.674104 0.851316
vt 0.679930 0.851934
vt 0.673172 0.854569
vt 0.679930 0.854823
vt 0.671131 0.850982
vt 0.666930 0.851039
vt 0.679930 0.850617
vt 0.675172 0.847216
vt 0.668945 0.847636
vt 0.679930 0.846045
vt 0.675171 0.847216
vt 0.668348 0.848347
vt 0.738447 0.844616
vt 0.737301 0.848169
vt 0.735809 0.846390
vt 0.744160 0.842354
vt 0.737543 0.844245
vt 0.749410 0.844021
vt 0.749052 0.842257
vt 0.742340 0.846532
vt 0.737245 0.847781
vt 0.749007 0.848947
vt 0.749355 0.851146
vt 0.743200 0.847349
vt 0.981251 0.165099
vt 0.976193 0.125038
vt 0.981240 0.165092
vt 0.087995 0.982216
vt 0.071982 0.983309
vt 0.036361 0.945377
vt 0.117293 0.938634
vt 0.112509 0.956858
vt 0.102910 0.892194
vt 0.079548 0.961560
vt 0.088311 0.958182
vt 0.088311 0.958182
vt 0.088311 0.958182
vt 0.088311 0.958182
vt 0.079548 0.961560
vt 0.062376 0.954867
vt 0.070441 0.960395
vt 0.070441 0.960395
vt 0.070441 0.960396
vt 0.070441 0.960395
vt 0.062376 0.954867
vt 0.053935 0.928822
vt 0.056579 0.917625
vt 0.053935 0.928822
vt 0.056579 0.917625
vt 0.059172 0.912665
vt 0.062376 0.908571
vt 0.059172 0.912665
vt 0.070441 0.903041
vt 0.062376 0.908571
vt 0.066256 0.905257
vt 0.066256 0.905257
vt 0.070441 0.903041
vt 0.079549 0.901878
vt 0.088311 0.905256
vt 0.075018 0.901878
vt 0.075018 0.901878
vt 0.079549 0.901878
vt 0.084127 0.903041
vt 0.084127 0.903041
vt 0.088311 0.905256
vt 0.092193 0.908571
vt 0.097990 0.917625
vt 0.092193 0.908571
vt 0.097990 0.917625
vt 0.381448 0.355193
vt 0.100634 0.928824
vt 0.100634 0.928824
vt 0.099723 0.940465
vt 0.099723 0.940465
vt 0.380342 0.368961
vt 0.678666 0.118899
vt 0.676542 0.155160
vt 0.809044 0.145435
vt 0.865367 0.337051
vt 0.292362 0.187540
vt 0.286302 0.185363
vt 0.248206 0.178148
vt 0.095532 0.158602
vt 0.080445 0.150230
vt 0.051716 0.268986
vt 0.031435 0.322334
vt 0.094015 0.355356
vt 0.032550 0.313000
vt 0.022407 0.079837
vt 0.032469 0.124867
vt 0.026077 0.274866
vt 0.878129 0.331500
vt 0.063842 0.338991
vt 0.898494 0.298469
vt 0.901087 0.099996
vt 0.584521 0.668430
vt 0.584044 0.667825
vt 0.905343 0.108545
vt 0.585847 0.663792
vt 0.585070 0.661170
vt 0.583723 0.658246
vt 0.584525 0.660326
vt 0.582222 0.658749
vt 0.576107 0.665124
vt 0.576855 0.664392
vt 0.577331 0.667227
vt 0.583851 0.669134
vt 0.580050 0.669801
vt 0.577601 0.663424
vt 0.581713 0.659574
vt 0.584215 0.659904
vt 0.582439 0.668990
vt 0.579893 0.668884
vt 0.584510 0.661656
vt 0.581355 0.659500
vt 0.578179 0.661656
vt 0.577528 0.664351
vt 0.578771 0.642953
vt 0.580349 0.657707
vt 0.582213 0.657815
vt 0.583563 0.643055
vt 0.584664 0.666662
vt 0.582234 0.657820
vt 0.580876 0.657749
vt 0.579170 0.643048
vt 0.579031 0.658263
vt 0.574521 0.644534
vt 0.580855 0.657751
vt 0.570735 0.647467
vt 0.577873 0.659236
vt 0.579531 0.658139
vt 0.574925 0.644494
vt 0.579550 0.658129
vt 0.578346 0.658936
vt 0.571117 0.647296
vt 0.576951 0.660560
vt 0.567672 0.651552
vt 0.578330 0.658952
vt 0.565542 0.656512
vt 0.576327 0.662143
vt 0.577334 0.660134
vt 0.568007 0.651260
vt 0.577347 0.660113
vt 0.576620 0.661580
vt 0.565804 0.656119
vt 0.576046 0.663879
vt 0.564488 0.662007
vt 0.576611 0.661604
vt 0.564582 0.667664
vt 0.576127 0.665648
vt 0.576212 0.663265
vt 0.564664 0.661540
vt 0.576215 0.663239
vt 0.576159 0.664974
vt 0.564657 0.667155
vt 0.576562 0.667331
vt 0.565820 0.673097
vt 0.576161 0.665000
vt 0.568115 0.677935
vt 0.577323 0.668812
vt 0.576465 0.666694
vt 0.565788 0.672582
vt 0.576457 0.666669
vt 0.577089 0.668208
vt 0.567980 0.677448
vt 0.578359 0.669991
vt 0.571312 0.681848
vt 0.577100 0.668229
vt 0.575192 0.684572
vt 0.579598 0.670787
vt 0.578026 0.669501
vt 0.571082 0.681422
vt 0.578010 0.669485
vt 0.579158 0.670414
vt 0.574885 0.684236
vt 0.580956 0.671147
vt 0.579492 0.685919
vt 0.579176 0.670425
vt 0.583918 0.685798
vt 0.582341 0.671044
vt 0.580476 0.670936
vt 0.579127 0.685696
vt 0.580456 0.670931
vt 0.581813 0.671002
vt 0.583519 0.685703
vt 0.583657 0.670488
vt 0.588169 0.684216
vt 0.581834 0.671000
vt 0.591955 0.681284
vt 0.584816 0.669514
vt 0.583159 0.670611
vt 0.587766 0.684256
vt 0.583140 0.670621
vt 0.584343 0.669815
vt 0.591572 0.681456
vt 0.585739 0.668191
vt 0.595017 0.677198
vt 0.584360 0.669799
vt 0.597147 0.672238
vt 0.586362 0.666607
vt 0.585356 0.668617
vt 0.594683 0.677489
vt 0.585343 0.668638
vt 0.586069 0.667170
vt 0.596884 0.672630
vt 0.586643 0.664872
vt 0.598202 0.666743
vt 0.586078 0.667146
vt 0.598107 0.661086
vt 0.586563 0.663102
vt 0.586478 0.665486
vt 0.598027 0.667209
vt 0.586475 0.665512
vt 0.586530 0.663776
vt 0.598032 0.661595
vt 0.586127 0.661419
vt 0.596870 0.655654
vt 0.586528 0.663750
vt 0.594575 0.650816
vt 0.585366 0.659938
vt 0.586224 0.662057
vt 0.596901 0.656170
vt 0.586232 0.662081
vt 0.585601 0.660543
vt 0.594709 0.651304
vt 0.584330 0.658759
vt 0.591378 0.646901
vt 0.585589 0.660521
vt 0.587497 0.644179
vt 0.583091 0.657963
vt 0.584663 0.659249
vt 0.591606 0.647328
vt 0.584679 0.659266
vt 0.583531 0.658337
vt 0.587805 0.644515
vt 0.581733 0.657604
vt 0.583197 0.642831
vt 0.583512 0.658326
vt 0.629044 0.352868
vt 0.619685 0.345927
vt 0.631482 0.350717
vt 0.619730 0.346013
vt 0.657255 0.363500
vt 0.676891 0.363941
vt 0.656123 0.360802
vt 0.670150 0.359214
vt 0.657232 0.363428
vt 0.753317 0.337390
vt 0.753320 0.337411
vt 0.616308 0.343556
vt 0.799963 0.446026
vt 0.822207 0.423623
vt 0.822406 0.447499
vt 0.822273 0.431491
vt 0.933239 0.410500
vt 0.972403 0.378044
vt 0.970206 0.403815
vt 0.949523 0.397663
vt 0.972627 0.405028
vt 0.970421 0.429713
vt 0.813143 0.417574
vt 0.811397 0.453995
vt 0.817056 0.424418
vt 0.817119 0.431791
vt 0.834893 0.374806
vt 0.831552 0.365078
vt 0.955726 0.388972
vt 0.954604 0.419931
vt 0.938892 0.422574
vt 0.949748 0.422244
vt 0.939854 0.422218
vt 0.956610 0.419700
vt 0.949748 0.422244
vt 0.949973 0.402913
vt 0.961946 0.402975
vt 0.962058 0.398432
vt 0.997191 0.382842
vt 0.961541 0.395819
vt 0.963655 0.395050
vt 0.833847 0.397254
vt 0.833723 0.382303
vt 0.845553 0.377701
vt 0.696247 0.880063
vt 0.993369 0.395000
vt 0.836314 0.408828
vt 0.289757 0.971016
vt 0.696247 0.929362
vt 0.289757 0.883724
vt 0.289757 0.896661
vt 0.696247 0.879913
vt 0.393700 0.918093
vt 0.392705 0.942419
vt 0.393700 0.918090
vt 0.800189 0.911489
vt 0.800190 0.914932
vt 0.393401 0.906983
vt 0.799195 0.893087
vt 0.607233 0.522108
vt 0.648637 0.502974
vt 0.983198 0.540472
vt 0.827090 0.706692
vt 0.892239 0.713899
vt 0.743602 0.515991
vt 0.691052 0.694835
vt 0.710625 0.523098
vt 0.674552 0.509183
vt 0.735511 0.697229
vt 0.618052 0.419194
vt 0.767376 0.418095
vt 0.599895 0.451261
vt 0.577344 0.451203
vt 0.599895 0.449511
vt 0.617438 0.433100
vt 0.592929 0.435998
vt 0.555808 0.473160
vt 0.701197 0.505105
vt 0.056865 0.890183
vt 0.054838 0.888469
vt 0.054838 0.890273
vt 0.055143 0.892758
vt 0.054838 0.890682
vt 0.056865 0.894598
vt 0.054838 0.896505
vt 0.054838 0.898048
vt 0.056865 0.896844
vt 0.054838 0.896098
vt 0.054838 0.891329
vt 0.054838 0.890273
vt 0.054838 0.888468
vt 0.056865 0.890183
vt 0.085088 0.941692
vt 0.099453 0.891544
vt 0.077577 0.948429
vt 0.081507 0.944749
vt 0.085088 0.941692
vt 0.080105 0.948762
vt 0.081542 0.944854
vt 0.085151 0.941772
vt 0.085151 0.941772
vt 0.077285 0.945153
vt 0.073262 0.944130
vt 0.077285 0.946611
vt 0.077285 0.945261
vt 0.072825 0.945478
vt 0.073229 0.944230
vt 0.077285 0.945261
vt 0.073229 0.944230
vt 0.066133 0.941487
vt 0.069111 0.942165
vt 0.069852 0.941218
vt 0.066605 0.937372
vt 0.067573 0.936860
vt 0.069418 0.941772
vt 0.067573 0.936860
vt 0.066519 0.937418
vt 0.067495 0.936901
vt 0.067495 0.936901
vt 0.063995 0.928545
vt 0.069481 0.921746
vt 0.067573 0.926578
vt 0.067495 0.926536
vt 0.069638 0.917468
vt 0.069481 0.921746
vt 0.072861 0.918070
vt 0.077285 0.917616
vt 0.069418 0.921665
vt 0.073262 0.919308
vt 0.073061 0.918689
vt 0.073027 0.918584
vt 0.077285 0.916946
vt 0.077285 0.916826
vt 0.081708 0.918070
vt 0.081307 0.919308
vt 0.077285 0.918285
vt 0.081307 0.919308
vt 0.081708 0.918070
vt 0.077285 0.918176
vt 0.081339 0.919207
vt 0.081744 0.917960
vt 0.085088 0.921746
vt 0.087480 0.926322
vt 0.085088 0.921746
vt 0.085151 0.921665
vt 0.085151 0.921665
vt 0.087480 0.926322
vt 0.087562 0.926278
vt 0.087562 0.926278
vt 0.088844 0.931719
vt 0.087796 0.931719
vt 0.086996 0.936860
vt 0.088844 0.931719
vt 0.088937 0.931719
vt 0.088937 0.931719
vt 0.087796 0.931719
vt 0.086996 0.936860
vt 0.087881 0.931719
vt 0.087074 0.936901
vt 0.087881 0.931719
vt 0.087074 0.936901
vt 0.083190 0.939266
vt 0.080480 0.941580
vt 0.080480 0.941580
vt 0.083190 0.939266
vt 0.080506 0.941659
vt 0.083238 0.939327
vt 0.083238 0.939327
vt 0.080506 0.941659
vt 0.077285 0.942392
vt 0.077285 0.942392
vt 0.077285 0.942478
vt 0.077285 0.942478
vt 0.074088 0.941580
vt 0.074088 0.941580
vt 0.074063 0.941659
vt 0.074063 0.941659
vt 0.071379 0.939266
vt 0.071379 0.939266
vt 0.071332 0.939327
vt 0.071332 0.939327
vt 0.069569 0.935803
vt 0.069569 0.935803
vt 0.069506 0.935836
vt 0.069506 0.935836
vt 0.068933 0.931719
vt 0.068933 0.931719
vt 0.068866 0.931719
vt 0.068866 0.931719
vt 0.069569 0.927634
vt 0.069569 0.927634
vt 0.069506 0.927601
vt 0.069506 0.927601
vt 0.071379 0.924171
vt 0.071379 0.924171
vt 0.071332 0.924110
vt 0.071332 0.924110
vt 0.074088 0.921858
vt 0.074088 0.921858
vt 0.074063 0.921778
vt 0.074063 0.921778
vt 0.077285 0.921045
vt 0.077285 0.921045
vt 0.077285 0.920959
vt 0.077285 0.920959
vt 0.080480 0.921858
vt 0.080480 0.921858
vt 0.080506 0.921778
vt 0.080506 0.921778
vt 0.083190 0.924171
vt 0.083190 0.924171
vt 0.083238 0.924110
vt 0.083238 0.924110
vt 0.085000 0.927634
vt 0.085000 0.927634
vt 0.085062 0.927601
vt 0.085062 0.927601
vt 0.085636 0.931719
vt 0.085636 0.931719
vt 0.085703 0.931719
vt 0.085703 0.931719
vt 0.085000 0.935803
vt 0.085000 0.935803
vt 0.085062 0.935836
vt 0.085062 0.935836
vt 0.082187 0.937984
vt 0.070827 0.935137
vt 0.074631 0.923532
vt 0.072342 0.925402
vt 0.077285 0.922858
vt 0.079938 0.923532
vt 0.077285 0.922786
vt 0.083690 0.935110
vt 0.089658 0.947532
vt 0.083984 0.952388
vt 0.089660 0.947535
vt 0.077285 0.954094
vt 0.070585 0.952388
vt 0.084037 0.952555
vt 0.077285 0.954275
vt 0.070532 0.952555
vt 0.064809 0.947662
vt 0.060978 0.940351
vt 0.089660 0.915902
vt 0.084037 0.910882
vt 0.089760 0.915774
vt 0.084037 0.910882
vt 0.094793 0.931719
vt 0.093458 0.940280
vt 0.093454 0.923159
vt 0.093585 0.923089
vt 0.094938 0.931719
vt 0.076762 0.931263
vt 0.076815 0.932314
vt 0.076811 0.932319
vt 0.076674 0.932045
vt 0.076758 0.931259
vt 0.077048 0.931022
vt 0.162094 0.203584
vt 0.169218 0.169226
vt 0.222618 0.179977
vt 0.222042 0.182585
vt 0.183370 0.171413
vt 0.260193 0.187667
vt 0.172683 0.177880
vt 0.175400 0.177990
vt 0.172683 0.177880
vt 0.116562 0.165682
vt 0.118102 0.162472
vt 0.116562 0.165663
vt 0.118103 0.162472
vt 0.169052 0.169189
vt 0.124392 0.162556
vt 0.124392 0.162556
vt 0.161376 0.198357
vt 0.162465 0.195693
vt 0.158552 0.201687
vt 0.123499 0.169718
vt 0.168969 0.170264
vt 0.163194 0.192764
vt 0.161958 0.204121
vt 0.163496 0.198457
vt 0.165172 0.192695
vt 0.163496 0.198457
vt 0.722803 0.647177
vt 0.725427 0.644990
vt 0.719830 0.655734
vt 0.720370 0.651830
vt 0.119580 0.170847
vt 0.723658 0.641688
vt 0.702066 0.636199
vt 0.716729 0.654939
vt 0.712435 0.656031
vt 0.981241 0.165092
vt 0.914208 0.165243
vt 0.943990 0.127231
vt 0.976192 0.125038
vt 0.749410 0.846068
vt 0.981252 0.165099
vt 0.914208 0.165243
vt 0.943999 0.127227
vn -0.0719 0.0033 0.9974
vn 0.0000 0.0000 0.0000
vn 0.0008 0.9929 -0.1189
vn -0.0000 -0.0000 -1.0000
vn 0.1464 0.3535 -0.9239
vn 0.0000 -0.9929 0.1191
vn -1.0000 -0.0012 -0.0000
vn 0.0000 0.0000 1.0000
vn -1.0000 0.0000 0.0000
vn 0.0000 0.9983 0.0587
vn 0.0137 0.8635 0.5042
vn 0.0029 -0.8678 0.4969
vn -0.8315 -0.4828 0.2747
vn -0.0496 -0.0121 -0.9987
vn -0.0116 0.0084 -0.9999
vn -0.0124 0.0584 -0.9982
vn 0.0139 -0.0092 0.9999
vn 0.0435 0.4218 0.9057
vn 0.0563 -0.0051 -0.9984
vn 0.6220 0.2110 -0.7541
vn 0.5787 -0.3862 -0.7183
vn 0.0025 0.5585 0.8295
vn -0.8496 -0.0222 0.5270
vn -0.0026 0.6575 0.7534
vn -0.8787 0.2080 -0.4296
vn 0.9949 -0.0388 -0.0935
vn 0.0193 0.9085 -0.4175
vn 0.1486 0.0013 0.9889
vn -0.9847 0.0638 -0.1623
vn 0.1418 0.0086 0.9899
vn 0.0201 0.0069 -0.9998
vn 0.3023 0.9532 0.0015
vn -0.9989 -0.0098 0.0468
vn 0.1394 -0.9900 0.0200
vn -0.0112 0.0063 0.9999
vn 0.0099 0.0010 -1.0000
vn -0.0028 0.0030 -1.0000
vn -0.0059 -0.0058 1.0000
vn -0.1464 -0.3535 -0.9239
vn 0.0000 -0.9983 -0.0587
vn 0.8817 -0.4718 0.0000
vn -0.5872 -0.0000 0.8095
vn 0.7772 0.6293 0.0000
vn -0.8381 0.3847 0.3869
vn -0.7363 -0.4773 0.4797
vn -0.0104 0.0109 0.9999
vn 0.0038 1.0000 0.0085
vn 0.0038 1.0000 -0.0083
vn 0.0085 -0.9998 0.0190
vn 0.0085 -0.9998 -0.0185
vn 0.0013 -0.0014 -1.0000
vn 0.9074 -0.1436 0.3950
vn -0.8290 -0.4834 -0.2812
vn 0.0195 -0.0391 0.9990
vn -0.0282 0.0206 -0.9994
vn 0.0139 -0.0101 0.9999
vn -0.0255 -0.4222 -0.9061
vn 0.0073 -0.0078 0.9999
vn 0.0068 -0.0049 1.0000
vn -0.7354 0.2356 0.6354
vn 0.0018 -0.0011 -1.0000
vn 0.0043 -0.0024 1.0000
vn 0.0047 0.5383 -0.8427
vn 0.0192 -0.0111 -0.9998
vn -0.0161 -0.0093 0.9998
vn -0.0316 -0.0190 -0.9993
vn 0.0101 -0.0078 -0.9999
vn -0.5382 0.5343 -0.6518
vn -0.4875 0.5870 0.6464
vn -0.4340 0.9005 -0.0261
vn -0.0796 0.8000 0.5947
vn -0.1831 0.7418 -0.6451
vn 0.0706 0.7603 -0.6457
vn 0.2280 0.7392 0.6337
vn 0.3367 0.7537 -0.5644
vn 0.6059 0.4781 0.6358
vn 0.4409 0.6972 -0.5653
vn 0.3289 0.6956 0.6387
vn 0.7363 0.2046 0.6450
vn 0.6558 0.4031 -0.6382
vn 0.8679 0.4892 -0.0859
vn 0.7481 0.1649 0.6428
vn 0.7554 0.1739 -0.6318
vn 0.7910 -0.1078 0.6023
vn 0.8945 -0.4472 -0.0028
vn 0.7546 -0.0640 -0.6530
vn 0.8958 -0.4445 -0.0013
vn 0.7662 -0.0617 -0.6396
vn 0.7996 -0.0738 0.5960
vn 0.5611 -0.5093 -0.6525
vn 0.4781 -0.6512 0.5894
vn 0.3754 -0.9257 -0.0459
vn 0.2783 -0.7324 0.6215
vn 0.4542 -0.6725 -0.5844
vn 0.6289 -0.7383 0.2437
vn -0.0140 -0.7636 0.6455
vn 0.1136 -0.7630 -0.6363
vn 0.0572 -0.7616 -0.6456
vn -0.1211 -0.7911 0.5996
vn -0.3845 -0.9223 -0.0402
vn -0.3310 -0.7403 0.5851
vn -0.2061 -0.8053 -0.5560
vn -0.5303 -0.5325 0.6597
vn -0.5605 -0.5942 -0.5769
vn -0.9996 0.0109 0.0278
vn -0.8887 -0.4584 -0.0052
vn -0.7143 -0.1460 0.6844
vn -0.7382 0.2675 -0.6193
vn -0.9982 -0.0536 -0.0266
vn -0.7336 0.2203 0.6428
vn -0.0198 0.1406 0.9899
vn -0.2687 0.7238 0.6356
vn -0.0068 0.1251 0.9921
vn 0.0754 0.0934 0.9928
vn 0.5877 0.3788 0.7149
vn 0.0727 0.0815 0.9940
vn 0.0961 0.0396 0.9946
vn 0.0952 0.0427 0.9945
vn 0.1095 -0.0136 -0.9939
vn 0.1044 0.0360 -0.9939
vn 0.1112 -0.0216 -0.9936
vn 0.1161 0.0432 -0.9923
vn 0.5058 0.5656 -0.6514
vn -0.1102 -0.0714 0.9913
vn -0.1288 -0.0268 0.9913
vn -0.5273 -0.5398 0.6562
vn -0.1096 -0.0710 0.9914
vn -0.1309 -0.0236 0.9911
vn -0.1043 0.0787 0.9914
vn -0.1218 0.0772 -0.9895
vn -0.1595 0.0560 -0.9856
vn -0.5012 0.5915 -0.6316
vn -0.1071 0.0727 -0.9916
vn -0.1350 0.0371 -0.9902
vn -0.7042 0.3210 0.6333
vn -0.1033 0.0884 0.9907
vn 0.0394 0.8144 0.5789
vn 0.5182 0.6416 0.5656
vn 0.5935 -0.3658 -0.7169
vn -0.3488 -0.6388 -0.6857
vn -0.6815 -0.1734 -0.7110
vn -0.7016 -0.1544 0.6957
vn -0.6792 -0.1925 -0.7082
vn -0.6972 0.4696 0.5417
vn -0.5520 0.5938 0.5854
vn 0.5867 -0.3888 0.7104
vn 0.5642 -0.4167 0.7128
vn 0.0978 -0.7138 0.6935
vn -0.8812 -0.4727 -0.0016
vn -0.0113 0.1611 -0.9869
vn -0.0380 0.1643 -0.9857
vn -0.0404 0.3724 -0.9272
vn -0.0392 0.1815 0.9826
vn -0.0227 -0.0794 0.9966
vn 0.0045 0.3107 0.9505
vn -0.0382 -0.3616 -0.9316
vn -0.0132 -0.0782 -0.9968
vn -0.0124 -0.4726 -0.8812
vn -0.0125 -0.9810 0.1936
vn -0.0115 -0.8902 0.4554
vn -0.0387 -0.8153 0.5777
vn -0.0155 -0.9993 -0.0338
vn -0.0383 -0.9968 -0.0700
vn -0.0164 -0.9556 -0.2942
vn -0.0526 0.9907 0.1251
vn -0.0268 0.9965 -0.0788
vn -0.0492 0.9144 -0.4019
vn -0.0542 0.7386 -0.6720
vn -0.0426 0.6545 -0.7549
vn -0.0453 0.4640 -0.8847
vn -0.0570 -0.3636 0.9298
vn -0.0263 -0.5060 0.8621
vn -0.0293 -0.8258 -0.5632
vn -0.0442 -0.8483 -0.5277
vn -0.0184 -0.7713 0.6362
vn -0.0432 -0.9647 0.2597
vn -0.0587 0.8443 0.5326
vn -0.0432 0.9259 0.3753
vn -0.1240 0.6225 -0.7727
vn -0.0414 0.1976 0.9794
vn -0.0370 0.1876 0.9815
vn -0.0378 0.1846 -0.9821
vn -0.0598 -0.3801 -0.9230
vn -0.1652 0.1918 -0.9674
vn -0.1253 -0.8913 -0.4357
vn -0.1971 -0.9750 0.1022
vn -0.1406 0.5762 0.8051
vn -0.0494 0.5392 0.8407
vn -0.1538 0.8696 0.4692
vn 0.0091 0.4159 -0.9094
vn 0.0049 0.7489 -0.6626
vn 0.0137 -0.1878 -0.9821
vn 0.0030 -0.6332 -0.7740
vn 0.0103 -0.5006 0.8656
vn -0.0020 0.8704 0.4923
vn 0.0431 -0.9783 0.2028
vn 0.0605 -0.8543 0.5163
vn 0.0645 0.4781 0.8759
vn 0.0944 0.4979 0.8621
vn 0.0367 0.5519 0.8331
vn 0.0413 0.5087 -0.8599
vn 0.0197 0.7561 0.6542
vn -0.0013 0.7203 0.6937
vn 0.0089 -0.0802 0.9967
vn 0.0456 0.2189 0.9747
vn 0.0207 0.0529 -0.9984
vn 0.0686 -0.8557 -0.5129
vn 0.0560 -0.9732 -0.2231
vn -0.0001 -1.0000 0.0044
vn 0.0034 0.8515 0.5243
vn 0.0942 0.1398 0.9857
vn 0.1728 0.3590 0.9172
vn 0.0900 0.1383 -0.9863
vn 0.0363 0.2748 -0.9608
vn 0.0924 -0.0835 0.9922
vn 0.0933 -0.5019 -0.8599
vn 0.1000 -0.0992 -0.9900
vn 0.0984 -0.4812 0.8711
vn 0.0489 -0.9988 -0.0011
vn 0.2689 0.5980 -0.7551
vn 0.1617 0.3901 -0.9065
vn 0.1353 0.5233 -0.8413
vn 0.0732 0.4317 -0.8990
vn 0.1408 0.4605 0.8764
vn 0.2982 0.3104 -0.9026
vn 0.2069 0.2023 -0.9572
vn 0.2533 0.1140 0.9607
vn 0.2903 0.4219 0.8589
vn 0.2511 -0.2733 -0.9286
vn 0.2227 -0.6630 0.7147
vn 0.2075 -0.7897 -0.5773
vn 0.1583 -0.9797 -0.1232
vn 0.1663 -0.9472 0.2740
vn 0.3813 0.7943 -0.4730
vn 0.3990 0.8985 -0.1828
vn 0.4058 0.8548 -0.3235
vn 0.2882 0.5932 0.7517
vn 0.4201 0.8551 0.3040
vn 0.3824 0.7890 0.4809
vn 0.6210 0.3195 -0.7157
vn 0.4271 0.2207 -0.8769
vn 0.4178 0.5773 -0.7015
vn 0.4426 0.1509 0.8839
vn 0.7337 0.2126 0.6454
vn 0.6152 0.6613 0.4293
vn 0.4159 -0.1473 -0.8974
vn 0.7395 -0.2163 -0.6375
vn 0.3898 -0.6690 -0.6329
vn 0.5294 -0.7670 -0.3625
vn 0.4166 -0.3568 0.8362
vn 0.3981 -0.8252 0.4006
vn 0.5714 -0.7388 0.3573
vn 0.6356 -0.2310 0.7367
vn 0.2747 -0.9557 -0.1061
vn 0.5658 0.7878 -0.2435
vn 0.7816 0.5558 -0.2834
vn 0.9036 0.1733 -0.3918
vn 0.8932 -0.1150 0.4346
vn 0.7845 -0.5746 0.2332
vn 0.7826 -0.5680 -0.2548
vn 0.8592 0.4757 0.1886
vn 0.9975 -0.0639 -0.0307
vn 0.2432 -0.2212 0.9444
vn -0.3714 0.5500 -0.7481
vn -0.3822 0.5610 0.7343
vn -0.1676 0.1838 0.9686
vn -0.3131 -0.3705 0.8744
vn -0.3694 -0.8495 -0.3766
vn -0.2099 0.9253 -0.3160
vn -0.3866 0.8931 0.2302
vn -0.1480 0.9831 0.1081
vn -0.4097 0.1672 -0.8968
vn -0.6097 0.3254 0.7227
vn -0.4049 0.1604 0.9002
vn -0.7263 -0.4576 -0.5129
vn -0.5685 0.1515 -0.8086
vn -0.3025 -0.3666 -0.8798
vn -0.1398 -0.8183 0.5576
vn -0.4647 -0.7844 0.4108
vn -0.4635 -0.8816 -0.0895
vn -0.4565 0.8105 -0.3669
vn -0.5704 0.7976 0.1960
vn -0.6278 0.5845 -0.5140
vn -0.7765 0.6158 0.1336
vn -0.9876 -0.0928 -0.1268
vn -0.8584 0.2820 -0.4285
vn -0.8760 -0.3602 0.3207
vn -0.8179 0.2254 0.5294
vn -0.9823 0.1492 0.1133
vn -0.9748 -0.1462 0.1686
vn -0.9641 0.1680 -0.2058
vn 0.3652 0.2417 -0.8990
vn 0.3402 -0.3543 -0.8710
vn 0.3221 -0.2976 -0.8987
vn 0.3746 -0.8271 0.4191
vn 0.2987 -0.8113 0.5025
vn 0.3179 -0.9481 0.0080
vn 0.2698 -0.9468 -0.1756
vn 0.2845 -0.8024 -0.5246
vn 0.2499 -0.5705 -0.7824
vn 0.3173 -0.5778 0.7520
vn 0.4095 -0.8969 0.1672
vn 0.4129 -0.8046 0.4268
vn 0.3089 -0.4102 -0.8581
vn 0.3202 -0.3677 0.8731
vn 0.4212 0.2040 0.8837
vn 0.4552 0.0558 0.8887
vn 0.4195 0.6223 0.6609
vn 0.3749 0.6609 0.6501
vn 0.3226 0.8312 -0.4528
vn 0.4073 0.9133 0.0095
vn 0.4206 0.7922 -0.4423
vn 0.4134 0.8903 0.1908
vn 0.3994 0.8394 0.3685
vn 0.4559 0.8855 -0.0896
vn 0.1923 0.9611 0.1980
vn 0.3318 0.7983 0.5026
vn 0.4091 0.8031 -0.4332
vn 0.4130 0.6039 0.6818
vn 0.3708 0.3270 -0.8692
vn 0.3155 0.4169 0.8524
vn 0.3761 0.3280 0.8666
vn 0.3375 -0.1864 0.9227
vn 0.7205 0.2544 -0.6451
vn 0.6367 -0.1949 -0.7460
vn 0.7356 0.0609 -0.6746
vn 0.7901 0.5345 0.3002
vn 0.6761 0.4424 0.5892
vn 0.7529 0.6409 0.1496
vn 0.7352 0.6710 0.0967
vn 0.7569 0.6243 -0.1933
vn 0.7488 0.6349 -0.1901
vn 0.7650 0.6151 -0.1908
vn 0.7536 0.6513 -0.0893
vn 0.7797 0.4889 -0.3913
vn 0.7774 0.3887 -0.4946
vn 0.7214 0.3455 0.6002
vn 0.7390 0.2233 0.6356
vn 0.6273 0.6010 0.4953
vn 0.7954 0.2161 -0.5662
vn 0.6971 0.0289 -0.7164
vn 0.7550 -0.0413 0.6544
vn 0.7459 -0.1938 -0.6372
vn 0.7182 -0.3749 -0.5862
vn 0.8202 -0.5440 0.1767
vn 0.7424 -0.5297 0.4103
vn 0.8029 -0.3407 0.4892
vn 0.7878 -0.6134 0.0558
vn 0.7184 -0.5770 -0.3886
vn 0.7230 -0.5767 -0.3804
vn 0.7478 -0.6610 -0.0618
vn 0.7584 -0.6084 -0.2338
vn 0.7791 -0.3869 -0.4933
vn 0.7980 -0.4572 -0.3928
vn 0.6854 -0.0617 0.7255
vn 0.7748 -0.2451 0.5827
vn 0.7697 -0.4552 0.4476
vn 0.7661 0.1884 0.6145
vn 0.9425 -0.0385 -0.3319
vn 0.9832 0.1117 -0.1446
vn 0.9569 -0.2441 -0.1575
vn 0.8332 -0.2705 -0.4823
vn 0.9183 -0.3565 0.1722
vn 0.9244 -0.3811 0.0131
vn 0.9729 -0.0678 0.2212
vn 0.9641 -0.1830 -0.1927
vn 0.8847 -0.4171 -0.2082
vn 0.9157 -0.1260 0.3817
vn 0.9241 -0.3282 0.1959
vn 0.9771 -0.1442 0.1562
vn 0.9122 0.0753 0.4027
vn 0.9672 0.2065 -0.1482
vn 0.9487 0.2393 0.2067
vn 0.8742 0.2999 0.3820
vn 0.9159 0.1754 -0.3610
vn 0.8844 0.3827 -0.2671
vn 0.9494 0.3136 0.0156
vn 0.9026 0.0485 0.4278
vn 0.9572 0.2199 0.1883
vn -0.4836 0.3211 0.8143
vn -0.5029 0.3215 0.8023
vn 0.5361 -0.3217 -0.7805
vn -0.4836 0.0994 0.8696
vn -0.5029 0.1029 0.8582
vn 0.5361 -0.1088 -0.8371
vn -0.4839 -0.1272 0.8658
vn -0.5032 -0.1209 0.8557
vn 0.5360 0.1099 -0.8371
vn -0.4836 -0.3487 0.8028
vn -0.5029 -0.3400 0.7946
vn 0.5361 0.3244 -0.7794
vn -0.4836 -0.5446 0.6852
vn -0.5029 -0.5341 0.6796
vn 0.5361 0.5150 -0.6689
vn -0.4836 -0.7034 0.5209
vn -0.5029 -0.6918 0.5182
vn 0.5361 0.6706 -0.5128
vn -0.4836 -0.8143 0.3211
vn -0.5029 -0.8023 0.3215
vn 0.5361 0.7805 -0.3217
vn -0.4839 -0.8692 0.1012
vn -0.5032 -0.8578 0.1047
vn 0.5360 0.8370 -0.1105
vn -0.4836 -0.8657 -0.1290
vn -0.5029 -0.8556 -0.1227
vn 0.5361 0.8368 0.1116
vn -0.4836 -0.8028 -0.3487
vn -0.5029 -0.7946 -0.3400
vn 0.5361 0.7794 0.3244
vn -0.4839 -0.6862 -0.5431
vn -0.5032 -0.6806 -0.5326
vn 0.5360 0.6700 0.5137
vn -0.4839 -0.5223 -0.7022
vn -0.5032 -0.5195 -0.6906
vn 0.5360 0.5142 0.6696
vn -0.4836 -0.3211 -0.8143
vn -0.5029 -0.3215 -0.8023
vn 0.5361 0.3217 0.7805
vn -0.4836 -0.0994 -0.8696
vn -0.5029 -0.1029 -0.8582
vn 0.5361 0.1088 0.8371
vn -0.4839 0.1272 -0.8658
vn -0.5032 0.1209 -0.8557
vn 0.5360 -0.1099 0.8371
vn -0.4839 0.3469 -0.8034
vn -0.5032 0.3382 -0.7952
vn 0.5360 -0.3228 0.7801
vn -0.4839 0.5431 -0.6862
vn -0.5032 0.5325 -0.6806
vn 0.5360 -0.5137 0.6700
vn -0.4839 0.7022 -0.5223
vn -0.5032 0.6906 -0.5196
vn 0.5360 -0.6696 0.5142
vn -0.4836 0.8143 -0.3211
vn -0.5029 0.8023 -0.3215
vn 0.5361 -0.7805 0.3217
vn -0.4836 0.8696 -0.0994
vn -0.5029 0.8582 -0.1029
vn 0.5361 -0.8371 0.1088
vn -0.4836 0.8657 0.1290
vn -0.5029 0.8556 0.1227
vn 0.5361 -0.8368 -0.1116
vn -0.4836 0.8028 0.3487
vn -0.5029 0.7946 0.3400
vn 0.5361 -0.7794 -0.3244
vn -0.4839 0.6862 0.5431
vn -0.5032 0.6806 0.5326
vn 0.5360 -0.6700 -0.5137
vn -0.4839 0.5223 0.7022
vn -0.5032 0.5195 0.6906
vn 0.5360 -0.5142 -0.6696
vn 0.7504 -0.5267 -0.3994
vn 0.3053 -0.8195 0.4850
vn 0.2661 -0.7822 -0.5634
vn 0.7327 -0.4600 0.5016
vn 0.7500 0.4870 0.4476
vn 0.5431 0.8333 -0.1031
vn 0.4648 0.5873 0.6626
vn -0.1923 -0.9532 -0.2334
vn 0.0095 -0.9780 -0.2085
vn -0.1569 -0.9513 0.2654
vn -0.0307 -0.6935 0.7198
vn -0.2211 -0.9119 0.3456
vn -0.0519 -0.9828 0.1771
vn -0.2442 -0.6261 -0.7405
vn -0.1359 -0.6235 -0.7699
vn -0.2479 -0.6194 0.7449
vn 0.0329 -0.7865 0.6167
vn -0.1340 -0.5886 0.7972
vn -0.0141 -0.6677 -0.7443
vn 0.0285 -0.9830 -0.1816
vn -0.1751 -0.9104 -0.3749
vn -0.2386 -0.5865 0.7740
vn 0.1015 0.3931 0.9139
vn 0.2606 0.8353 0.4841
vn 0.0094 0.8174 0.5761
vn -0.1294 0.6923 0.7099
vn -0.1245 0.5576 -0.8207
vn 0.0055 0.8090 -0.5878
vn 0.0929 0.3756 -0.9221
vn -0.1156 0.9730 -0.1996
vn 0.0287 0.9831 0.1807
vn -0.1738 0.6808 -0.7115
vn -0.1309 0.8268 0.5471
vn -0.0152 0.5651 0.8249
vn 0.2687 0.8008 0.5352
vn -0.1180 0.5618 -0.8188
vn -0.1748 0.6833 -0.7089
vn -0.0975 0.9805 -0.1707
vn 0.9993 -0.0309 0.0196
vn 0.0647 -0.1719 -0.9830
vn 0.9980 0.0330 0.0531
vn 0.9992 0.0326 -0.0248
vn -0.0021 -0.4330 0.9014
vn 0.0753 0.0978 0.9924
vn 0.9999 0.0067 -0.0116
vn 0.9898 0.1194 -0.0771
vn 0.0113 0.8771 -0.4802
vn 0.0789 0.5349 -0.8412
vn 0.6876 -0.6970 0.2035
vn 0.9832 0.1627 -0.0827
vn 0.9996 -0.0190 -0.0190
vn 0.0065 0.8540 0.5202
vn 0.9992 -0.0092 0.0392
vn 0.7055 -0.6435 -0.2970
vn 0.1007 0.9614 0.2559
vn 0.6712 -0.7223 -0.1667
vn 0.9991 0.0423 -0.0038
vn -0.0176 0.9977 0.0661
vn 0.0788 0.9797 -0.1844
vn 1.0000 -0.0040 -0.0022
vn 0.0830 0.7757 0.6256
vn 0.7147 -0.5187 -0.4692
vn 0.9977 0.0481 -0.0483
vn 0.9864 0.1189 -0.1137
vn 0.0737 0.7968 -0.5998
vn 0.1541 0.4463 -0.8815
vn 0.9997 0.0038 -0.0247
vn 0.6438 0.3819 -0.6630
vn 0.9889 -0.1178 0.0909
vn 0.7141 0.4928 0.4971
vn 0.9995 0.0177 -0.0243
vn 0.9776 0.1882 0.0945
vn 0.1059 -0.9478 0.3008
vn 0.0982 -0.6213 0.7774
vn 0.7001 0.5976 -0.3907
vn 0.9892 0.1401 -0.0436
vn 0.9996 -0.0097 -0.0269
vn 0.2108 -0.8073 -0.5512
vn 0.1766 -0.9766 -0.1229
vn 0.9989 0.0453 -0.0086
vn 0.6875 0.6500 0.3238
vn 0.9965 -0.0384 0.0748
vn 0.0215 -0.9152 -0.4025
vn 0.6895 0.5215 -0.5027
vn 0.9959 -0.0568 0.0708
vn 0.9639 -0.2015 0.1739
vn 0.1804 -0.5889 -0.7878
vn -0.0670 -0.5909 -0.8040
vn -0.0690 -0.0046 -0.9976
vn 0.0761 0.2921 -0.9533
vn -0.0782 0.4868 -0.8700
vn -0.0859 0.2059 0.9748
vn 0.2111 0.5240 0.8252
vn -0.0664 0.7785 0.6241
vn -0.0854 0.8416 -0.5332
vn -0.0843 0.9948 -0.0575
vn -0.0657 0.9969 0.0440
vn -0.0755 0.8952 0.4391
vn -0.0771 0.8234 -0.5622
vn -0.0700 0.5216 0.8503
vn 0.1294 0.3772 0.9171
vn 0.1564 0.0516 -0.9864
vn -0.0741 0.4144 -0.9071
vn 0.0723 -0.2414 0.9677
vn -0.0631 -0.1740 0.9827
vn -0.0821 -0.0671 -0.9944
vn 0.0234 -0.5054 -0.8626
vn -0.0978 -0.8318 -0.5464
vn -0.0513 -0.8145 0.5779
vn -0.0906 -0.9858 -0.1414
vn -0.0558 -0.9837 -0.1710
vn -0.0861 -0.7131 0.6958
vn 0.1277 -0.7721 0.6225
vn -0.3275 0.3353 0.8834
vn -0.5489 0.4395 0.7110
vn -0.2054 0.4194 0.8842
vn -0.3404 0.1294 -0.9313
vn -0.3291 0.4099 -0.8507
vn -0.2390 0.4806 -0.8437
vn -0.6267 0.4445 -0.6400
vn -0.1058 0.3131 -0.9438
vn -0.3836 -0.0138 0.9234
vn -0.6293 -0.6260 0.4605
vn -0.3813 -0.4041 0.8315
vn -0.6051 -0.6255 -0.4926
vn -0.3712 -0.3216 -0.8711
vn -0.2222 -0.6156 0.7561
vn -0.3650 -0.6723 0.6440
vn -0.2652 -0.8209 0.5058
vn -0.0632 -0.9081 0.4140
vn -0.0566 -0.6672 0.7428
vn -0.0651 -0.8810 -0.4686
vn -0.2768 -0.7335 -0.6208
vn -0.0695 -0.7091 -0.7017
vn -0.3927 -0.8647 0.3131
vn -0.2690 -0.9346 -0.2327
vn -0.3854 -0.8315 -0.4001
vn -0.2774 -0.9526 0.1249
vn -0.4004 -0.9149 -0.0505
vn -0.2801 -0.9489 0.1454
vn -0.3972 -0.9168 -0.0422
vn -0.0765 -0.9965 0.0344
vn -0.2778 -0.9268 -0.2526
vn -0.2547 -0.8186 0.5148
vn -0.0591 -0.9743 0.2172
vn -0.4020 -0.8206 -0.4062
vn -0.3998 -0.8581 0.3223
vn -0.0428 -0.7750 0.6305
vn -0.2765 -0.7632 -0.5840
vn -0.3899 -0.6689 0.6329
vn -0.0648 -0.8111 -0.5814
vn -0.0877 -0.5645 -0.8208
vn -0.2734 -0.4489 0.8507
vn -0.0687 -0.4514 0.8897
vn -0.3972 -0.5974 -0.6967
vn -0.2763 -0.4601 -0.8438
vn -0.3815 -0.3505 0.8553
vn -0.0743 -0.0732 0.9945
vn -0.3854 -0.2782 -0.8798
vn -0.2737 -0.0310 -0.9613
vn -0.0613 -0.2642 -0.9625
vn -0.0871 0.0691 -0.9938
vn -0.2852 0.0251 0.9581
vn -0.1433 0.2136 0.9663
vn -0.3576 0.3550 0.8638
vn -0.3636 -0.0183 0.9314
vn -0.2690 0.4420 0.8557
vn -0.0813 0.4013 0.9123
vn -0.2201 0.4057 -0.8871
vn -0.3393 0.4243 -0.8395
vn -0.2399 0.7391 -0.6294
vn -0.3408 0.6638 0.6657
vn -0.2215 0.7367 0.6389
vn -0.0616 0.7422 0.6673
vn -0.1147 0.8523 -0.5103
vn -0.0643 0.6647 -0.7444
vn -0.3309 0.8667 0.3732
vn -0.2514 0.9234 0.2899
vn -0.1302 0.9341 0.3324
vn -0.3205 0.9000 -0.2955
vn -0.2555 0.9389 -0.2305
vn -0.1037 0.9593 -0.2628
vn -0.1467 0.9892 0.0061
vn -0.3236 0.9459 0.0258
vn -0.3251 0.9432 0.0686
vn -0.2497 0.9529 0.1721
vn -0.2300 0.9583 -0.1698
vn -0.1048 0.9226 0.3712
vn -0.3234 0.8833 -0.3395
vn -0.1179 0.9930 0.0038
vn -0.0882 0.9463 -0.3111
vn -0.3234 0.8525 0.4108
vn -0.2395 0.7809 0.5769
vn -0.1061 0.6779 0.7274
vn -0.2398 0.7767 -0.5824
vn -0.3185 0.6259 0.7119
vn -0.3251 0.6962 -0.6400
vn 0.4844 0.0928 0.8699
vn 0.1965 -0.0308 0.9800
vn 0.2012 0.3144 0.9277
vn 0.3933 -0.3032 0.8680
vn 0.4814 0.0494 -0.8751
vn 0.6472 -0.5358 0.5423
vn 0.2153 -0.5795 0.7860
vn 0.4644 -0.3355 -0.8196
vn 0.2291 -0.8425 0.4875
vn 0.3845 -0.7414 0.5500
vn 0.2746 -0.8256 -0.4930
vn 0.4540 -0.6032 -0.6558
vn 0.3238 -0.9343 0.1492
vn 0.3468 -0.9277 -0.1383
vn 0.3902 -0.9038 0.1755
vn 0.3793 -0.7825 0.4938
vn 0.3322 -0.6996 -0.6327
vn 0.3054 -0.5280 0.7924
vn 0.1085 -0.8068 0.5808
vn 0.3660 -0.3887 -0.8455
vn 0.4879 -0.0953 0.8677
vn 0.6603 -0.4318 0.6144
vn 0.2219 -0.2215 0.9496
vn 0.3664 -0.0560 -0.9288
vn 0.9990 0.0234 -0.0388
vn 0.2158 0.1573 0.9637
vn 0.4357 0.2510 -0.8644
vn 0.4735 0.3309 0.8163
vn 0.2087 0.5113 0.8336
vn 0.2737 0.6732 -0.6869
vn 0.3240 0.7523 0.5736
vn 0.0395 0.7558 -0.6536
vn 0.3268 0.8987 -0.2926
vn 0.2082 0.9538 0.2168
vn 0.0374 0.9078 0.4178
vn 0.4374 0.8957 0.0804
vn 0.1155 0.9611 -0.2510
vn 0.3118 0.9465 0.0829
vn 0.2604 0.7738 -0.5774
vn 0.4734 0.8470 -0.2418
vn 0.1367 0.5128 -0.8475
vn 0.4512 0.4225 -0.7861
vn 0.4280 0.5364 0.7274
vn 0.1104 0.6909 0.7145
vn 0.0155 0.3191 -0.9476
vn 0.1975 0.1423 -0.9699
vn 0.0373 0.6458 -0.7626
vn 0.0680 0.6166 0.7844
vn 0.4276 0.2331 0.8734
vn 0.2171 -0.2259 -0.9496
vn 0.4947 0.8040 -0.3298
vn 0.5509 -0.6832 -0.4793
vn 0.1466 -0.9521 -0.2682
vn 0.0927 -0.9790 -0.1815
vn 0.1013 -0.8329 -0.5441
vn 0.3031 -0.9151 -0.2659
vn 0.0982 -0.5815 -0.8076
vn 0.0788 -0.2796 -0.9569
vn 0.0608 0.0812 -0.9948
vn 0.0312 0.6919 0.7213
vn 0.0323 0.4167 0.9085
vn -0.0102 0.9993 0.0354
vn -0.0248 0.9977 0.0630
vn 0.0565 0.9565 -0.2862
vn 0.0094 0.9126 0.4088
vn -0.0189 0.7760 -0.6305
vn -0.0623 0.3498 0.9347
vn 0.0101 0.4321 0.9018
vn -0.1239 0.4877 -0.8642
vn -0.1064 0.6037 0.7901
vn 0.0388 -0.6453 -0.7629
vn -0.1596 -0.6695 -0.7254
vn 0.1761 -0.5857 -0.7911
vn 0.1124 -0.9853 -0.1286
vn -0.0804 -0.9813 -0.1750
vn 0.0871 -0.8856 -0.4563
vn 0.1117 -0.9858 0.1251
vn 0.0904 -0.9694 0.2281
vn -0.0534 -0.9405 -0.3357
vn 0.1064 -0.5706 0.8143
vn 0.0824 -0.2746 0.9580
vn 0.0669 0.0991 0.9928
vn -0.0428 0.3637 -0.9305
vn 0.1359 0.3843 -0.9131
vn -0.1316 0.7928 -0.5951
vn 0.3881 -0.7597 0.5218
vn 0.7742 -0.4956 0.3938
vn 0.4494 -0.1201 0.8852
vn 0.7932 0.4024 0.4571
vn 0.6051 0.6011 0.5221
vn -0.0042 0.0635 -0.9980
vn -0.0328 -0.5385 -0.8420
vn 0.9477 -0.2820 0.1495
vn 0.9360 0.3475 -0.0568
vn 0.9515 -0.2260 -0.2089
vn 0.7301 -0.4773 -0.4889
vn 0.3073 -0.7791 -0.5464
vn 0.2791 -0.1386 -0.9502
vn -0.2355 -0.5971 -0.7668
vn -0.0029 0.0951 -0.9955
vn 0.9593 0.2818 0.0152
vn 0.9336 -0.3003 -0.1952
vn 0.1789 -0.9742 0.1377
vn 0.1885 0.3637 0.9122
vn 0.3677 0.4064 0.8365
vn 0.1688 -0.2201 0.9608
vn -0.0234 -0.1455 0.9891
vn -0.0043 0.1073 0.9942
vn 0.4648 -0.1843 -0.8661
vn 0.1686 -0.1357 -0.9763
vn 0.2309 0.6029 -0.7637
vn 0.4135 0.5227 -0.7455
vn 0.2881 -0.1409 0.9472
vn -0.0281 -0.1986 0.9797
vn -0.0140 0.0776 0.9969
vn -0.0356 -0.1496 -0.9881
vn -0.2431 0.9659 0.0888
vn -0.5799 0.7711 0.2629
vn -0.1554 0.8115 -0.5633
vn -0.4564 -0.7272 -0.5127
vn -0.0217 -0.9857 0.1671
vn -0.5908 -0.0700 0.8038
vn -0.0281 -0.9690 0.2455
vn -0.2277 -0.9121 0.3408
vn -0.2571 0.9477 0.1892
vn -0.6995 0.3805 -0.6050
vn -0.5046 0.4738 0.7217
vn -0.6315 -0.0623 0.7728
vn -0.5647 -0.0850 -0.8209
vn 0.8407 0.4907 0.2290
vn 0.4910 -0.5824 0.6479
vn 0.8280 0.5150 -0.2218
vn 0.0868 0.9418 -0.3247
vn 0.7535 -0.6395 -0.1523
vn -0.0395 -0.9828 -0.1806
vn 0.1755 -0.9476 -0.2669
vn -0.0258 -0.9675 -0.2516
vn 0.1238 -0.9700 0.2091
vn -0.1162 -0.9659 -0.2315
vn -0.0627 -0.9980 0.0021
vn -0.9897 -0.1426 0.0131
vn -0.8882 -0.0143 -0.4593
vn -0.6248 0.6337 0.4561
vn -0.9891 -0.1430 -0.0345
vn -0.7098 -0.5266 0.4678
vn -0.2515 0.9679 0.0032
vn -0.2480 0.9688 -0.0031
vn 0.0157 0.9885 0.1505
vn -0.1547 0.9544 -0.2555
vn -0.0156 0.9999 0.0031
vn 0.1396 0.9902 0.0004
vn 0.0989 0.9857 -0.1365
vn 0.1491 0.9888 -0.0049
vn 0.8622 0.3674 0.3488
vn 0.9996 0.0062 -0.0264
vn 0.5518 -0.7738 0.3109
vn 0.1489 -0.9888 -0.0068
vn 0.0289 -0.9909 0.1318
vn -0.0625 -0.9980 -0.0058
vn -0.0029 0.4859 0.8740
vn 0.1115 0.6757 0.7287
vn -0.0441 0.4384 0.8977
vn -0.0587 0.6641 0.7453
vn -0.2485 0.2567 0.9340
vn -0.0401 0.7383 -0.6733
vn 0.0120 0.3956 -0.9183
vn -0.2814 -0.0186 -0.9594
vn 0.4441 -0.0840 0.8921
vn -0.0025 -0.4099 0.9121
vn -0.0237 -0.7301 -0.6830
vn 0.0433 -0.3505 -0.9355
vn 0.4103 -0.3641 -0.8361
vn -0.0598 -0.6713 0.7387
vn 0.1940 0.6051 -0.7722
vn 0.9421 0.0113 -0.3352
vn 0.1379 -0.9809 -0.1369
vn 0.0572 -0.7783 0.6252
vn 0.5914 -0.0204 0.8061
vn 0.8222 0.3353 0.4599
vn -0.2687 0.6115 0.7442
vn 0.7989 -0.2748 0.5350
vn 0.8547 0.3396 0.3926
vn 0.2112 0.3618 0.9080
vn -0.4021 0.7146 0.5724
vn 0.5073 -0.4970 -0.7041
vn -0.2011 -0.1823 -0.9625
vn -0.6345 0.5370 -0.5559
vn 0.5291 0.5516 -0.6448
vn 0.2279 0.9205 0.3175
vn -0.2970 -0.4263 0.8544
vn 0.6737 -0.4995 0.5446
vn 0.0635 -0.8946 0.4424
vn 0.4792 -0.4370 -0.7612
vn -0.2880 -0.2485 -0.9248
vn 0.7847 -0.0130 -0.6197
vn -0.5942 -0.3796 0.7091
vn 0.0001 -0.8176 0.5757
vn 0.5768 -0.5017 0.6446
vn -0.0258 0.9996 -0.0090
vn 0.5630 0.6290 -0.5361
vn -0.3276 0.5662 -0.7564
vn -0.0281 0.9996 0.0032
vn 0.9797 0.1940 -0.0509
vn 0.8815 -0.1954 -0.4299
vn -0.7688 -0.5422 -0.3390
vn -0.9503 0.3077 -0.0471
vn -0.8224 -0.5688 -0.0116
vn 0.2411 0.9703 0.0171
vn 0.9259 0.1950 0.3237
vn 0.3523 -0.9359 0.0018
vn -0.0834 -0.6647 -0.7425
vn -0.0573 -0.7063 -0.7056
vn 0.3291 -0.9435 -0.0376
vn -0.6839 0.5462 0.4837
vn 0.1986 0.9771 0.0761
vn 0.8897 0.4553 -0.0325
vn 0.2857 0.7504 -0.5960
vn 0.3019 0.5612 0.7706
vn 0.8190 -0.3511 0.4538
vn 0.2297 -0.2012 0.9522
vn 0.1246 -0.8630 0.4896
vn 0.2649 -0.9474 -0.1798
vn -0.8719 0.3845 -0.3032
vn -0.4479 0.8027 -0.3939
vn -0.4964 -0.3633 -0.7885
vn -0.3915 -0.8607 0.3253
vn -0.8856 -0.4490 0.1188
vn 0.2821 0.1967 -0.9390
vn -0.4908 0.2939 0.8202
vn 0.3105 -0.5963 -0.7403
vn -0.5685 0.5564 0.6060
vn -0.5814 0.5998 -0.5498
vn -0.5995 -0.5970 0.5330
vn 0.8746 -0.3053 0.3767
vn 0.2410 0.6867 -0.6859
vn 0.1391 -0.0255 -0.9900
vn 0.7560 -0.6314 -0.1725
vn 0.9436 0.1281 -0.3052
vn 0.8408 -0.2759 -0.4658
vn -0.0720 0.4660 -0.8819
vn 0.2676 0.5908 -0.7612
vn 0.0039 0.3861 -0.9225
vn -0.0194 -0.6686 -0.7434
vn 0.0029 -0.1764 -0.9843
vn 0.0084 -0.6355 -0.7720
vn -0.0049 -0.9186 -0.3952
vn -0.0151 -0.9036 0.4281
vn -0.0039 -0.9965 0.0839
vn -0.0000 -0.7576 0.6527
vn -0.0115 0.0937 0.9955
vn 0.0008 -0.2185 0.9758
vn -0.0878 0.9550 0.2835
vn 0.0007 0.8336 0.5524
vn 0.3859 0.8598 0.3345
vn -0.0663 0.9353 -0.3476
vn 0.3098 0.9503 -0.0315
vn -0.5849 0.4057 0.7023
vn -0.0569 -0.9983 0.0122
vn -0.0477 0.5163 -0.8551
vn -0.1138 -0.4106 0.9047
vn 0.0857 -0.0005 0.9963
vn -0.0548 0.3907 0.9189
vn -0.0415 0.6102 0.7912
vn -0.0966 0.8804 0.4642
vn -0.6625 0.3682 0.6524
vn 0.2191 -0.8770 0.4276
vn -0.1333 -0.5992 0.7894
vn -0.1125 -0.6787 0.7258
vn 0.1000 -0.3792 0.9199
vn -0.0988 -0.8173 0.5677
vn -0.3261 0.7419 0.5858
vn -0.1492 0.8745 0.4616
vn 0.1285 0.6775 0.7242
vn -0.1380 0.2901 0.9470
vn -0.1203 0.0812 0.9894
vn -0.7761 -0.4308 -0.4606
vn -0.0590 0.8223 -0.5660
vn -0.0568 0.2387 0.9694
vn -0.6260 -0.7273 0.2814
vn -0.0209 -0.9597 -0.2802
vn -0.1312 -0.2807 0.9508
vn 0.0247 0.0099 0.9996
vn -0.0815 -0.5170 0.8521
vn -0.0068 -0.8798 0.4753
vn -0.0159 -0.8902 0.4553
vn -0.1774 0.7896 0.5875
vn -0.1956 0.6554 0.7295
vn 0.0298 0.4585 0.8882
vn -0.7518 -0.6553 0.0733
vn -0.1321 0.0733 -0.9885
vn -0.0683 0.9039 0.4223
vn -0.7939 -0.0624 0.6049
vn -0.0511 -0.7188 0.6934
vn -0.7978 0.6000 -0.0597
vn -0.0696 0.7711 0.6329
vn -0.0928 -0.9943 0.0519
vn -0.8393 -0.4895 -0.2366
vn -0.8215 0.0839 0.5640
vn -0.1511 0.4497 0.8803
vn 0.0375 0.7268 0.6859
vn 0.1107 0.9264 0.3599
vn -0.7168 -0.4718 0.5135
vn -0.2071 -0.8054 0.5554
vn 0.0048 -0.5679 0.8231
vn 0.0066 -0.3070 0.9517
vn -0.0763 0.2130 0.9741
vn -0.1231 0.5490 0.8267
vn -0.1720 0.7072 0.6858
vn 0.0798 0.1554 0.9846
vn -0.0664 -0.2316 0.9705
vn -0.0477 -0.4743 0.8791
vn -0.0658 -0.8292 0.5551
vn -0.2028 -0.8923 0.4033
vn 0.3236 0.8916 0.3168
vn -0.7127 0.2884 -0.6394
vn 0.0241 0.9917 0.1267
vn -0.1112 -0.6859 0.7191
vn -0.6714 -0.5895 -0.4492
vn 0.0050 -0.2835 -0.9590
vn 0.0201 0.9998 -0.0046
vn -0.7327 0.2014 0.6501
vn -0.1058 -0.4784 0.8717
vn -0.3714 0.6945 0.6162
vn -0.2985 -0.8562 0.4216
vn 0.1368 -0.7906 0.5969
vn -0.1113 -0.4233 0.8991
vn -0.1118 -0.2064 0.9721
vn 0.0807 0.2089 0.9746
vn -0.0541 0.5784 0.8140
vn -0.0522 0.7590 0.6490
vn -0.2958 0.7920 0.5341
vn 0.0080 -0.9029 0.4298
vn -0.2601 0.7542 0.6029
vn 0.0310 0.6365 0.7706
vn 0.0278 0.2258 0.9738
vn -0.1236 -0.0829 0.9889
vn -0.0713 -0.3401 0.9377
vn -0.0020 -0.7750 0.6319
vn 0.9745 -0.1891 0.1206
vn -0.6741 -0.7386 -0.0075
vn -0.1095 -0.9570 0.2688
vn -0.1128 0.1307 -0.9850
vn -0.7010 -0.1086 -0.7049
vn -0.2660 0.7313 0.6280
vn -0.6731 -0.6952 0.2522
vn -0.0005 -0.9667 -0.2559
vn 0.0215 0.5191 -0.8544
vn -0.7338 0.6619 0.1529
vn -0.1028 0.4857 0.8681
vn -0.0989 -0.7153 0.6918
vn 0.0878 -0.4275 0.8998
vn -0.0989 0.0234 0.9948
vn -0.1126 0.2516 0.9613
vn 0.1086 0.6396 0.7610
vn -0.1028 0.8650 0.4912
vn -0.2146 0.8459 0.4882
vn -0.0991 -0.8433 0.5282
vn -0.0126 -0.9940 0.1089
vn -0.0166 -0.3761 -0.9264
vn 0.6056 -0.7929 -0.0678
vn -0.0131 0.6988 0.7152
vn 0.6179 0.4294 0.6586
vn 0.6256 0.7779 0.0586
vn 0.6096 0.4793 -0.6314
vn 0.6122 -0.3114 -0.7268
vn 0.6041 -0.3669 0.7074
vn -0.0242 0.8315 -0.5550
vn 1.0000 0.0000 0.0000
vn 1.0000 0.0004 0.0000
vn -0.0160 -0.1053 0.9943
vn -0.0363 -0.9191 0.3922
vn 0.0482 -0.0975 0.9941
vn -0.0160 -0.1052 0.9943
vn -0.0307 -0.9117 0.4098
vn -0.0540 -0.1139 -0.9920
vn -0.0084 -0.1185 -0.9929
vn -0.0063 -0.0774 -0.9970
vn -0.0836 -0.0727 0.9938
vn -0.3799 -0.8520 0.3602
vn -0.0247 -0.1028 0.9944
vn -0.0936 -0.0768 0.9926
vn -0.3454 -0.8559 0.3849
vn -0.0246 -0.1027 0.9944
vn -0.6800 -0.2934 0.6719
vn -0.1095 -0.0055 0.9940
vn -0.9261 0.1360 0.3518
vn -0.0934 0.0015 0.9956
vn -0.9276 0.0844 0.3638
vn -0.1103 -0.0659 0.9917
vn -0.1127 0.0376 -0.9929
vn -0.1082 -0.0054 -0.9941
vn -0.0961 0.0443 -0.9944
vn -0.0939 0.0015 -0.9956
vn -0.1320 0.0602 -0.9894
vn -0.0958 0.0440 0.9944
vn -0.1310 0.0599 0.9896
vn -0.2650 0.4359 -0.8601
vn -0.9165 0.0157 -0.3997
vn -0.3221 0.4360 0.8404
vn -0.0531 0.1063 -0.9929
vn -0.0802 0.0728 -0.9941
vn -0.0356 0.1157 -0.9926
vn 0.0376 0.1126 -0.9929
vn -0.0073 0.1235 -0.9923
vn 0.0241 0.0729 -0.9970
vn 0.1019 -0.0244 0.9945
vn 0.8230 -0.3420 0.4536
vn 0.8664 0.0530 0.4966
vn 0.4975 -0.5087 -0.7027
vn 0.1019 -0.0244 -0.9945
vn 0.5561 0.1501 -0.8174
vn 0.7137 -0.4793 -0.5108
vn 0.1035 -0.0255 -0.9943
vn 0.8034 0.0574 -0.5926
vn 0.8664 0.0530 0.4965
vn -0.1355 0.4198 -0.8975
vn -0.4386 0.2452 -0.8646
vn 0.0025 0.0039 -1.0000
vn -0.4436 0.2033 0.8728
vn -0.2162 0.4517 0.8655
vn 0.0025 0.0039 1.0000
vn 0.1081 0.2601 0.9595
vn -0.0149 -0.0218 0.9997
vn 0.0216 -0.0284 0.9994
vn -0.0149 -0.0218 -0.9997
vn 0.0528 0.4673 -0.8825
vn 0.0216 -0.0284 -0.9994
vn -0.0112 -0.0127 -0.9999
vn -0.0105 -0.0529 -0.9985
vn -0.0112 -0.0127 0.9999
vn -0.0105 -0.0528 0.9985
vn 0.4376 0.2374 0.8672
vn 0.0124 0.0459 0.9989
vn 0.3989 0.2925 -0.8691
vn 0.0100 0.0426 -0.9990
vn 0.6413 0.1992 -0.7410
vn 0.3566 0.2412 0.9026
vn 0.0308 -0.0142 -0.9994
vn 0.0221 0.0246 -0.9995
vn 0.3265 -0.3340 0.8843
vn 0.0173 -0.0034 0.9998
vn 0.0153 -0.0023 0.9999
vn 0.3343 -0.2165 -0.9172
vn 0.0557 0.0143 -0.9983
vn 0.4883 -0.0635 0.8703
vn 0.0221 0.0246 0.9995
vn 0.4583 -0.0582 -0.8869
vn 0.0127 -0.0098 -0.9999
vn 0.0622 -0.4597 -0.8859
vn 0.0036 -0.0054 -1.0000
vn -0.0206 0.0169 -0.9996
vn 0.0069 0.0345 -0.9994
vn 0.0074 0.0069 -0.9999
vn -0.3113 -0.3426 -0.8864
vn 0.0115 0.0239 -0.9996
vn 0.0006 0.0029 -1.0000
vn -0.2936 -0.3804 0.8769
vn 0.0074 0.0068 0.9999
vn 0.0728 -0.5064 0.8592
vn -0.3139 -0.2777 0.9079
vn -0.3788 0.0162 0.9254
vn -0.0352 0.0021 0.9994
vn -0.0263 -0.0262 -0.9993
vn -0.2670 -0.3374 -0.9027
vn -0.0308 0.0142 -0.9994
vn -0.4263 0.0249 -0.9042
vn -0.0352 0.0021 -0.9994
vn -0.0263 -0.0262 0.9993
vn -0.0308 0.0142 0.9994
vn 0.0055 0.0200 -0.9998
vn 0.0192 -0.0281 -0.9994
vn 0.0525 -0.4456 -0.8937
vn 0.0116 -0.0223 -0.9997
vn 0.0053 -0.0404 -0.9992
vn -0.0067 -0.5267 -0.8500
vn 0.0127 -0.0264 -0.9996
vn 0.0010 -0.0414 -0.9991
vn -0.2287 -0.4494 -0.8636
vn -0.0105 -0.0377 -0.9992
vn -0.3506 -0.1957 0.9158
vn -0.0789 -0.0281 0.9965
vn -0.0489 -0.0570 0.9972
vn -0.0231 -0.0138 -0.9996
vn -0.0147 -0.0057 -0.9999
vn -0.0390 0.0074 0.9992
vn -0.3510 -0.2218 0.9097
vn -0.0251 0.0026 0.9997
vn -0.0471 -0.0172 0.9987
vn -0.3566 0.2575 -0.8981
vn -0.0173 -0.0031 -0.9998
vn -0.0406 0.0141 -0.9991
vn -0.0368 0.0113 -0.9993
vn -0.3361 0.2116 -0.9178
vn -0.0228 -0.0019 -0.9997
vn -0.3657 0.3791 0.8500
vn -0.0300 0.0286 0.9991
vn -0.0324 0.0132 0.9994
vn -0.0308 0.0346 -0.9989
vn -0.0302 0.0347 -0.9989
vn -0.3646 0.2866 0.8859
vn -0.0304 0.0279 0.9991
vn -0.0240 0.0074 0.9997
vn -0.0094 0.0294 0.9995
vn -0.0089 0.0263 -0.9996
vn -0.0180 0.0314 -0.9993
vn -0.0189 0.0340 0.9992
vn -0.1006 0.6061 -0.7890
vn -0.0769 0.5849 0.8075
vn 0.0587 0.6314 0.7732
vn 0.0138 0.0271 0.9995
vn -0.0025 0.0308 0.9995
vn 0.0138 0.0271 -0.9995
vn 0.0441 0.6542 -0.7551
vn -0.0031 0.0287 -0.9996
vn 0.4242 0.2321 -0.8753
vn 0.0192 0.0214 -0.9996
vn 0.0387 0.0157 -0.9991
vn 0.4667 0.2281 -0.8545
vn 0.0167 0.0203 -0.9997
vn 0.0372 0.0147 -0.9992
vn 0.0413 0.0047 -0.9991
vn 0.0299 -0.0018 -0.9995
vn 0.6015 -0.1871 -0.7767
vn 0.5224 -0.3516 -0.7769
vn 0.0298 -0.0091 -0.9995
vn 0.0194 -0.0238 -0.9995
vn 0.2346 -0.3762 0.8963
vn 0.0278 -0.0222 0.9994
vn 0.0229 -0.0077 0.9997
vn -0.6412 0.4786 -0.5998
vn 0.5487 0.4134 -0.7267
vn 0.6631 0.2423 0.7082
vn -0.5238 0.6800 0.5131
vn 0.4094 0.5740 -0.7091
vn 0.4175 -0.5142 0.7492
vn 0.1397 0.7123 0.6879
vn 0.3537 -0.5188 -0.7783
vn -0.0982 -0.7866 0.6096
vn -0.0139 -0.8465 -0.5321
vn -0.6955 0.0097 -0.7184
vn -0.6805 -0.1977 0.7056
vn 0.2354 -0.3755 0.8964
vn -0.2068 -0.5089 -0.8356
vn -0.3780 -0.3610 -0.8525
vn -0.3281 0.6902 0.6450
vn 0.3666 0.8194 -0.4407
vn 0.4224 0.7041 -0.5708
vn 0.4803 0.2016 0.8536
vn 0.3668 0.7993 0.4760
vn 0.4816 0.2001 0.8532
vn 0.4355 0.6992 0.5670
vn 0.0209 0.0938 0.9954
vn -0.1284 -0.0290 0.9913
vn -0.0427 0.0882 -0.9952
vn -0.0255 0.0787 -0.9966
vn -0.0575 0.0646 0.9962
vn 0.1364 0.0563 0.9891
vn 0.1225 -0.0705 -0.9900
vn -0.0686 -0.1013 -0.9925
vn -0.0587 -0.0435 -0.9973
vn -0.0420 -0.0693 0.9967
vn 0.9748 -0.1297 0.1813
vn 0.6245 0.3034 0.7197
vn 0.7404 0.5593 0.3728
vn 0.4328 0.5287 0.7302
vn 0.9772 -0.1371 -0.1618
vn 0.8117 0.4934 -0.3125
vn 0.5961 0.2861 -0.7502
vn 0.9895 -0.0299 0.1415
vn 0.5187 -0.0386 0.8541
vn 0.9863 0.0014 -0.1647
vn 0.7596 0.3574 -0.5434
vn 0.8641 0.5033 0.0011
vn 0.9427 -0.3338 0.0006
vn 0.9408 -0.3390 0.0010
vn 0.9456 -0.3254 -0.0031
vn 0.6754 -0.1206 0.7275
vn 0.9514 -0.2994 0.0722
vn 0.7615 0.3409 0.5513
vn 0.9517 -0.2979 -0.0739
vn 0.6724 -0.1205 -0.7303
vn 0.9366 -0.3318 -0.1130
vn 0.9417 -0.3339 0.0421
vn 0.9415 -0.3344 -0.0411
vn 0.9365 -0.3323 0.1119
vn 0.4325 0.5374 -0.7239
vn 0.0282 0.5672 0.8231
vn 0.0168 0.4874 -0.8730
vn -0.1659 0.9861 -0.0083
vn -0.7194 0.6870 0.1024
vn -0.0931 0.8299 0.5500
vn -0.0996 0.8400 -0.5334
vn -0.6976 0.6498 -0.3018
vn -0.7589 0.1146 -0.6410
vn -0.1436 0.5458 -0.8255
vn -1.0000 0.0058 0.0006
vn -0.7285 0.3613 0.5820
vn -0.9499 -0.2116 0.2301
vn -0.3391 0.1155 0.9336
vn -0.9860 -0.1623 -0.0378
vn -0.0237 0.2619 0.9648
vn -0.0968 0.2403 0.9659
vn 0.0424 0.1650 0.9854
vn -0.1878 0.3105 0.9318
vn -0.0035 0.0156 0.9999
vn -0.1447 0.2210 0.9645
vn -0.1439 0.1927 -0.9707
vn -0.0008 0.0298 -0.9996
vn -0.1281 0.5312 0.8375
vn -0.0075 -0.1690 -0.9856
vn 0.4915 0.7889 0.3688
vn 0.4741 0.7985 -0.3711
vn 0.4010 0.3086 -0.8625
vn 0.3910 0.3061 0.8680
vn 0.7300 0.6811 -0.0572
vn 0.9564 0.0488 0.2879
vn 0.1261 -0.3944 0.9102
vn 0.5838 0.7677 0.2643
vn 0.6677 -0.2958 -0.6832
vn -0.0493 0.9988 0.0043
vn 0.5100 0.7869 -0.3473
vn 0.1082 0.8652 -0.4897
vn 0.2026 0.9664 0.1580
vn 0.8298 0.5056 -0.2361
vn 0.6264 0.1958 -0.7546
vn -0.6091 0.3985 -0.6857
vn 0.0979 0.9048 -0.4144
vn 0.6237 0.2023 0.7551
vn 0.1460 0.9071 0.3948
vn -0.6149 0.3958 0.6821
vn 0.0559 0.9028 0.4264
vn 0.0475 0.8988 0.4357
vn -0.9625 -0.0300 0.2695
vn 0.6538 0.2194 0.7242
vn 0.9310 -0.3456 0.1177
vn 0.4193 -0.8270 -0.3744
vn -0.1977 -0.9799 -0.0244
vn 0.8242 0.5589 -0.0914
vn 0.3097 0.1654 -0.9363
vn 0.9311 -0.3597 -0.0600
vn 0.9243 -0.3792 -0.0429
vn 0.3146 0.1725 0.9334
vn 0.8257 0.5581 0.0824
vn 0.1622 0.9774 0.1353
vn 0.0426 0.9981 -0.0437
vn 0.1535 0.9876 0.0323
vn 0.1335 0.9813 -0.1384
vn 0.6910 -0.2336 0.6841
vn 0.3881 0.6360 0.6670
vn -0.8934 -0.2962 -0.3379
vn -0.2361 0.8279 -0.5088
vn -0.3326 0.8750 0.3517
vn -0.4157 0.3669 0.8322
vn 0.8187 0.5253 0.2320
vn 0.5042 0.8606 0.0721
vn -0.7225 -0.5807 0.3752
vn -0.9952 -0.0049 -0.0982
vn -0.4354 0.1012 0.8945
vn -0.7281 -0.5754 -0.3726
vn -0.9196 0.3927 -0.0111
vn -0.9689 0.2103 -0.1305
vn -0.9698 0.1511 -0.1915
vn -0.8873 -0.3204 0.3316
vn -0.4063 0.3584 -0.8405
vn -0.9650 0.1337 0.2255
vn -0.7004 0.2539 -0.6671
vn -0.9352 0.3540 -0.0123
vn -0.7104 0.2574 0.6551
vn -0.6015 0.2413 0.7615
vn -0.8431 -0.2976 -0.4479
vn 0.5063 -0.1188 -0.8542
vn 0.5077 0.7859 0.3531
vn -0.8422 0.5311 -0.0931
vn 0.3164 0.5471 -0.7749
vn 0.5049 0.6873 -0.5221
vn 0.7941 0.4184 -0.4409
vn 0.6074 0.7613 -0.2271
vn 0.9226 0.3853 -0.0201
vn 0.6318 0.7652 0.1232
vn 0.7391 0.4949 0.4569
vn -0.2366 0.4060 0.8827
vn -0.0273 0.7805 0.6246
vn -0.2863 0.7399 0.6087
vn -0.7023 0.4309 0.5667
vn -0.5818 0.5986 0.5507
vn -0.8345 0.5503 0.0287
vn 0.7419 0.0957 0.6636
vn 0.4900 0.1945 0.8498
vn 0.3616 0.5484 0.7539
vn 0.2442 0.7682 -0.5918
vn 0.1914 0.9814 -0.0163
vn -0.1721 0.9643 -0.2011
vn 0.1685 0.9173 0.3607
vn -0.0855 0.9686 0.2333
vn -0.5546 0.8041 0.2142
vn -0.0181 0.9821 -0.1873
vn -0.1789 0.2761 -0.9443
vn -0.7892 0.5896 -0.1718
vn 0.6493 0.3187 0.6906
vn 0.8823 0.2900 -0.3706
vn -0.1772 0.4094 0.8950
vn -0.7514 0.4254 0.5044
vn -0.0953 0.7840 0.6134
vn -0.9519 0.0568 0.3012
vn -0.0527 0.8007 0.5967
vn -0.2799 0.7059 0.6506
vn 0.8338 -0.5446 0.0905
vn 0.0860 0.8765 0.4737
vn 0.1148 0.7309 0.6728
vn 0.3713 0.8722 0.3184
vn 0.1339 0.7253 0.6753
vn 0.2548 0.8188 0.5145
vn 0.5636 -0.6039 0.5636
vn 0.1208 0.7608 0.6376
vn 0.2101 0.6080 0.7656
vn 0.2032 0.6013 0.7728
vn 0.3379 -0.3724 0.8644
vn 0.4050 0.2736 0.8724
vn 0.0658 0.4907 0.8688
vn 0.1612 0.5353 0.8292
vn 0.0472 0.4795 0.8763
vn 0.0000 0.6808 0.7325
vn -0.1818 0.4115 0.8931
vn -0.0450 0.6846 0.7275
vn -0.2058 0.4176 0.8850
vn -0.2938 0.5082 0.8096
vn -0.3929 0.4731 0.7886
vn -0.4702 0.3346 0.8167
vn -0.4129 0.4828 0.7723
vn -0.3345 0.6059 0.7218
vn -0.3608 0.6634 0.6555
vn -0.1209 0.7607 0.6377
vn 0.1422 0.8797 -0.4537
vn 0.7545 0.3854 -0.5312
vn 0.1887 0.1511 -0.9703
vn -0.2663 0.3464 -0.8995
vn 0.1880 0.9205 0.3427
vn -0.0459 0.9516 0.3039
vn 0.3805 0.1292 0.9157
vn 0.9206 0.2426 0.3059
vn -0.1347 0.0247 0.9906
vn 0.0403 -0.7369 0.6747
vn 0.5150 -0.8169 0.2596
vn -0.2126 -0.9761 -0.0453
vn 0.0155 -0.7309 -0.6823
vn 0.6168 -0.5942 -0.5162
vn 0.4776 -0.6266 -0.6158
vn 0.6766 0.5646 -0.4727
vn 0.9906 -0.1199 -0.0663
vn 0.1349 -0.9326 0.3347
vn 0.5872 -0.7506 0.3030
vn -0.1236 -0.6055 0.7862
vn 0.0575 -0.8919 -0.4485
vn 0.2571 0.0360 0.9657
vn 0.6790 0.4301 0.5950
vn 0.0763 0.7101 0.7000
vn 0.1010 0.9700 -0.2210
vn 0.1932 0.2472 -0.9495
vn -0.6444 0.5313 -0.5500
vn -0.3721 -0.9269 -0.0494
vn -0.6295 0.4977 0.5967
vn -0.2503 0.7861 -0.5652
vn 0.0781 0.7722 -0.6306
vn 0.8234 0.1824 -0.5374
vn -0.7431 0.1537 -0.6513
vn -0.7039 0.3675 -0.6079
vn -0.4887 -0.5851 -0.6471
vn -0.0227 0.1312 -0.9911
vn -0.0562 0.1223 -0.9909
vn -0.0542 0.1151 0.9919
vn -0.0579 0.1257 -0.9904
vn -0.0618 0.1037 0.9927
vn -0.0265 0.1319 -0.9909
vn 0.0789 0.1066 -0.9912
vn 0.0503 0.1222 -0.9912
vn 0.0340 0.1126 0.9931
vn 0.0365 0.1154 -0.9926
vn 0.0275 0.1130 0.9932
vn 0.0692 0.0921 -0.9933
vn 0.1250 -0.0156 0.9920
vn 0.1139 -0.0451 0.9925
vn 0.1210 -0.0128 0.9926
vn 0.1090 -0.0442 0.9931
vn 0.0900 -0.0833 -0.9925
vn 0.0697 -0.0979 0.9928
vn 0.0893 -0.0803 -0.9928
vn 0.0421 -0.1135 0.9926
vn 0.0734 -0.1128 0.9909
vn 0.0653 -0.1139 -0.9913
vn 0.0576 -0.1131 -0.9919
vn 0.0504 -0.1274 0.9906
vn -0.0279 -0.1305 0.9911
vn -0.0584 -0.1257 0.9904
vn 0.0042 -0.1198 -0.9928
vn -0.0015 -0.1227 -0.9924
vn -0.0241 -0.1218 0.9923
vn -0.0332 -0.1179 -0.9925
vn -0.0417 -0.1260 -0.9912
vn -0.0601 -0.1165 0.9914
vn -0.0908 -0.0929 -0.9915
vn -0.1115 -0.0692 -0.9913
vn -0.0848 -0.0919 -0.9922
vn -0.1129 -0.0604 -0.9918
vn -0.0350 0.4104 0.9112
vn -0.1228 0.0004 -0.9924
vn -0.1388 0.0025 -0.9903
vn -0.1285 0.0309 0.9912
vn -0.1363 0.0246 0.9904
vn -0.0517 0.7474 0.6623
vn -0.0417 0.1882 -0.9812
vn -0.0616 0.9537 -0.2944
vn 0.0110 0.8539 -0.5204
vn 0.0052 0.8626 -0.5058
vn 0.0203 0.7484 -0.6629
vn 0.4000 0.8983 0.1819
vn 0.3886 0.9213 -0.0149
vn 0.4223 0.5522 0.7189
vn -0.6880 -0.5004 0.5256
vn 0.7300 0.4648 -0.5010
vn 0.7295 0.4632 -0.5032
vn 0.4078 -0.0717 0.9103
vn 0.3126 -0.5226 0.7932
vn 0.4220 -0.7903 -0.4443
vn 0.4184 -0.6601 -0.6238
vn 0.4788 -0.8644 -0.1534
vn 0.3190 0.1396 -0.9374
vn 0.4012 -0.0303 -0.9155
vn 0.2930 0.5179 -0.8037
vn 0.4151 0.7138 -0.5641
vn 0.7247 0.6528 0.2205
vn 0.7757 -0.1406 0.6153
vn 0.7917 -0.6084 0.0561
vn 0.7663 -0.5221 0.3745
vn 0.9219 0.3686 -0.1194
vn 0.9104 0.3950 0.1230
vn 0.8930 -0.2505 0.3738
vn 0.9308 -0.3636 0.0368
vn 0.8827 -0.2644 -0.3885
vn 0.9261 0.0121 -0.3771
vn 0.5256 -0.3276 0.7851
vn -0.5824 0.3291 -0.7433
vn -0.6174 0.3292 -0.7145
vn 0.5471 -0.3284 0.7700
vn 0.9166 0.2278 -0.3287
vn 0.5680 -0.3215 -0.7577
vn 0.5679 -0.1144 -0.8151
vn 0.5471 -0.1179 0.8287
vn -0.5824 0.1255 -0.8031
vn 0.5256 -0.1132 0.8432
vn -0.6174 0.1330 -0.7753
vn 0.5255 0.1092 0.8438
vn -0.5825 -0.0870 -0.8082
vn -0.6174 -0.0725 -0.7833
vn 0.5470 0.1010 0.8310
vn 0.5678 0.0987 -0.8172
vn 0.5680 0.3084 -0.7631
vn 0.5470 0.3127 0.7765
vn -0.5825 -0.2932 -0.7581
vn 0.5255 0.3239 0.7867
vn -0.6174 -0.2728 -0.7378
vn 0.5256 0.5161 0.6763
vn -0.5824 -0.4792 -0.6566
vn -0.6174 -0.4542 -0.6423
vn 0.5471 0.5026 0.6693
vn 0.5680 0.4954 -0.6572
vn 0.5680 0.6487 -0.5066
vn 0.5471 0.6587 0.5165
vn -0.5824 -0.6328 -0.5103
vn 0.5256 0.6736 0.5197
vn -0.6174 -0.6050 -0.5029
vn 0.5256 0.7851 0.3276
vn -0.5824 -0.7433 -0.3291
vn -0.6174 -0.7145 -0.3292
vn 0.5471 0.7700 0.3284
vn 0.5680 0.7577 -0.3215
vn 0.5678 0.8149 -0.1162
vn 0.5470 0.8288 0.1175
vn -0.5825 -0.8032 -0.1251
vn 0.5255 0.8433 0.1129
vn -0.6174 -0.7754 -0.1327
vn 0.5256 0.8437 -0.1088
vn -0.5824 -0.8082 0.0866
vn -0.6174 -0.7834 0.0722
vn 0.5471 0.8310 -0.1006
vn 0.5680 0.8169 0.1004
vn 0.5680 0.7631 0.3085
vn 0.5471 0.7766 -0.3122
vn -0.5824 -0.7583 0.2929
vn 0.5256 0.7868 -0.3235
vn -0.6174 -0.7380 0.2725
vn 0.5255 0.6761 -0.5165
vn -0.5825 -0.6564 0.4794
vn -0.6174 -0.6421 0.4545
vn 0.5470 0.6692 -0.5030
vn 0.5678 0.6584 0.4941
vn 0.5678 0.5080 0.6477
vn 0.5471 0.5165 -0.6587
vn -0.5824 -0.5103 0.6328
vn 0.5256 0.5197 -0.6736
vn -0.6174 -0.5029 0.6049
vn 0.5256 0.3276 -0.7851
vn -0.5824 -0.3291 0.7433
vn -0.6174 -0.3292 0.7145
vn 0.5471 0.3284 -0.7699
vn 0.5680 0.3215 0.7577
vn 0.5680 0.1144 0.8151
vn 0.5471 0.1179 -0.8287
vn -0.5824 -0.1255 0.8031
vn 0.5256 0.1133 -0.8432
vn -0.6174 -0.1330 0.7753
vn 0.5255 -0.1093 -0.8438
vn -0.5825 0.0870 0.8082
vn -0.6174 0.0726 0.7833
vn 0.5470 -0.1010 -0.8310
vn 0.5678 -0.0987 0.8172
vn 0.5678 -0.3068 0.7638
vn 0.5470 -0.3127 -0.7765
vn -0.5825 0.2932 0.7581
vn 0.5255 -0.3239 -0.7867
vn -0.6174 0.2728 0.7378
vn 0.5255 -0.5165 -0.6761
vn -0.5825 0.4794 0.6564
vn -0.6174 0.4545 0.6421
vn 0.5470 -0.5030 -0.6692
vn 0.5678 -0.4941 0.6584
vn 0.5678 -0.6477 0.5081
vn 0.5470 -0.6590 -0.5162
vn -0.5825 0.6330 0.5099
vn 0.5255 -0.6739 -0.5194
vn -0.6174 0.6052 0.5026
vn 0.5256 -0.7851 -0.3276
vn -0.5824 0.7433 0.3291
vn -0.6174 0.7145 0.3292
vn 0.5471 -0.7700 -0.3284
vn 0.5679 -0.7577 0.3215
vn 0.5679 -0.8151 0.1144
vn 0.5471 -0.8287 -0.1179
vn -0.5824 0.8031 0.1255
vn 0.5256 -0.8432 -0.1132
vn -0.6174 0.7753 0.1330
vn 0.5256 -0.8438 0.1088
vn -0.5824 0.8082 -0.0866
vn -0.6174 0.7834 -0.0722
vn 0.5471 -0.8310 0.1006
vn 0.5680 -0.8169 -0.1004
vn 0.5680 -0.7631 -0.3085
vn 0.5471 -0.7766 0.3123
vn -0.5824 0.7583 -0.2929
vn 0.5256 -0.7868 0.3235
vn -0.6174 0.7380 -0.2725
vn 0.5255 -0.6761 0.5165
vn -0.5825 0.6564 -0.4794
vn -0.6174 0.6421 -0.4545
vn 0.5470 -0.6692 0.5030
vn 0.5678 -0.6584 -0.4941
vn 0.5678 -0.5081 -0.6477
vn 0.5470 -0.5162 0.6590
vn -0.5825 0.5099 -0.6330
vn 0.5255 -0.5194 0.6739
vn -0.6174 0.5026 -0.6052
vn 0.5357 0.8337 -0.1339
vn 0.6795 0.4595 -0.5720
vn 0.4286 0.5116 -0.7447
vn 0.7225 0.4413 -0.5322
vn 0.2750 0.9505 -0.1446
vn 0.0170 0.9825 -0.1857
vn 0.2591 0.7388 -0.6221
vn 0.0165 0.5825 -0.8127
vn 0.2855 0.9486 -0.1368
vn -0.1862 0.7432 0.6426
vn -0.1890 0.7425 0.6427
vn 0.9486 -0.2019 0.2437
vn 0.1147 -0.9583 0.2616
vn -0.0829 -0.3085 0.9476
vn -0.0932 -0.9498 0.2986
vn -0.0885 -0.5364 -0.8393
vn -0.3825 -0.6177 -0.6871
vn -0.3661 0.0634 -0.9284
vn -0.3667 0.0981 -0.9251
vn -0.3367 0.7299 -0.5948
vn 0.2549 0.8655 0.4312
vn 0.0339 -0.6487 0.7603
vn 0.0827 -0.8907 0.4471
vn -0.2835 0.9408 -0.1855
vn 0.0961 0.9340 0.3442
vn 0.7650 -0.6271 0.1467
vn 0.1943 -0.9450 0.2630
vn 0.9998 0.0143 -0.0111
vn -0.0184 0.9998 -0.0014
vn 0.1428 -0.9897 -0.0010
vn -0.0408 -0.2836 -0.9581
vn 0.8482 -0.3109 -0.4288
vn -0.8727 0.1995 0.4456
vn 0.2416 0.6537 0.7172
vn -0.5868 -0.5569 -0.5878
vn 0.1463 -0.6715 0.7265
vn 0.8672 0.0640 0.4938
vn 0.1582 -0.6430 -0.7494
vn 0.1417 -0.0771 0.9869
vn 0.6018 -0.7928 0.0968
vn 0.0002 0.3947 0.9188
vn -0.0898 0.9953 -0.0359
vn 0.0133 0.6347 0.7727
vn -0.8426 0.5133 0.1632
vn -0.6658 -0.6284 -0.4023
vn -0.6444 0.7612 -0.0722
vn -0.8223 -0.3469 -0.4512
vn 0.0272 0.3040 -0.9523
vn -0.7167 0.1935 0.6700
vn -0.8372 -0.5340 0.1179
vn -0.0370 -0.1730 -0.9842
vn -0.7872 0.1297 -0.6029
vn -0.7874 -0.4415 -0.4302
vn 0.0722 -0.0820 0.9940
vn -0.0037 -0.3328 0.9430
vn 0.1514 -0.6191 -0.7706
vn 0.0555 -0.1100 -0.9924
vn 0.0757 -0.0926 -0.9928
vn 0.2916 -0.7606 -0.5801
vn 0.0479 -0.0973 -0.9941
vn 0.0721 -0.0816 -0.9941
vn -0.0083 -0.1184 0.9929
vn -0.0377 -0.1126 0.9929
vn -0.0160 -0.1053 -0.9943
vn -0.0083 -0.1185 -0.9929
vn -0.0246 -0.1028 -0.9944
vn -0.0376 -0.1126 -0.9929
vn -0.0083 -0.1185 0.9929
vn -0.0376 -0.1126 0.9929
vn -0.8719 -0.3591 -0.3330
vn -0.0768 -0.0934 -0.9927
vn -0.0896 -0.0779 -0.9929
vn -0.0988 -0.0376 -0.9944
vn -0.1063 -0.0530 -0.9929
vn -0.0941 -0.0770 -0.9926
vn -0.1062 -0.0531 0.9929
vn -0.1111 -0.0663 -0.9916
vn -0.1063 -0.0531 -0.9929
vn -0.1063 -0.0531 0.9929
vn -0.9389 -0.0325 -0.3427
vn -0.0802 0.0728 0.9941
vn -0.1127 0.0376 0.9929
vn -0.2949 0.7486 -0.5939
vn -0.0809 0.0722 -0.9941
vn -0.0356 0.1156 0.9927
vn -0.0073 0.1235 0.9923
vn -0.0807 0.0720 0.9941
vn -0.0531 0.1063 0.9929
vn -0.0362 0.1151 -0.9927
vn -0.0361 0.1151 0.9927
vn -0.0063 0.1264 -0.9920
vn -0.0063 0.1265 0.9920
vn 0.0221 0.0750 -0.9969
vn 0.0377 0.1126 -0.9929
vn 0.0083 0.1184 -0.9929
vn 0.0376 0.1127 0.9929
vn 0.0241 0.0729 0.9970
vn 0.0084 0.1185 0.9929
vn 0.0220 0.0750 0.9969
vn 0.0941 0.0824 0.9921
vn 0.1050 0.0573 0.9928
vn 0.0941 0.0824 -0.9921
vn 0.0951 0.0829 -0.9920
vn 0.0942 0.0824 0.9921
vn 0.1050 0.0573 -0.9928
vn 0.1060 0.0581 -0.9927
vn 0.1051 0.0573 0.9928
vn 0.1068 -0.0168 0.9941
vn 0.1184 -0.0083 0.9929
vn 0.1126 -0.0377 0.9929
vn 0.1068 -0.0168 -0.9941
vn 0.1033 -0.0160 -0.9945
vn 0.1069 -0.0168 0.9941
vn 0.1184 -0.0083 -0.9929
vn 0.1126 -0.0377 -0.9929
vn 0.1185 -0.0083 -0.9929
vn 0.1127 -0.0376 -0.9929
vn 0.1185 -0.0084 0.9929
vn 0.1127 -0.0376 0.9929
vn 0.0791 -0.0885 0.9929
vn 0.0515 -0.1070 0.9929
vn 0.0516 -0.1070 -0.9929
vn 0.0792 -0.0886 -0.9929
vn 0.0515 -0.1069 -0.9929
vn 0.0791 -0.0885 -0.9929
vn 0.0791 -0.0884 0.9929
vn 0.0515 -0.1069 0.9929
vn -0.0078 -0.1134 0.9935
vn -0.0066 -0.1185 -0.9929
vn -0.0079 -0.1134 -0.9935
vn -0.0066 -0.1184 0.9929
vn -0.0405 -0.1069 0.9934
vn -0.0393 -0.1121 -0.9929
vn -0.0405 -0.1069 -0.9935
vn -0.0392 -0.1119 0.9929
vn -0.0804 -0.0657 0.9946
vn -0.0745 -0.0770 -0.9942
vn -0.0802 -0.0654 -0.9946
vn -0.0745 -0.0770 0.9942
vn -0.0987 -0.0379 0.9944
vn -0.0931 -0.0493 -0.9944
vn -0.0986 -0.0377 -0.9944
vn -0.0930 -0.0494 0.9944
vn -0.1185 0.0066 0.9929
vn -0.1050 0.0100 -0.9944
vn -0.1049 0.0100 -0.9944
vn -0.1049 0.0100 0.9944
vn -0.1120 0.0392 0.9929
vn -0.0983 0.0426 -0.9942
vn -0.0982 0.0426 -0.9943
vn -0.0982 0.0426 0.9943
vn -0.0764 0.0707 0.9946
vn -0.0761 0.0867 -0.9933
vn -0.0791 0.0884 -0.9929
vn -0.0760 0.0866 0.9933
vn -0.0489 0.0895 0.9948
vn -0.0484 0.1051 -0.9933
vn -0.0514 0.1069 -0.9929
vn -0.0484 0.1050 0.9933
vn 0.0066 0.1185 0.9929
vn 0.0066 0.1185 -0.9929
vn 0.0066 0.1184 -0.9929
vn 0.0066 0.1184 0.9929
vn 0.0393 0.1120 0.9929
vn 0.0393 0.1120 -0.9929
vn 0.0392 0.1119 -0.9929
vn 0.0392 0.1119 0.9929
vn 0.0752 0.0770 0.9942
vn 0.0746 0.0770 -0.9942
vn 0.0750 0.0769 -0.9942
vn 0.0745 0.0769 0.9943
vn 0.0939 0.0496 0.9944
vn 0.0932 0.0495 -0.9944
vn 0.0938 0.0495 -0.9944
vn 0.0930 0.0494 0.9944
vn 0.1099 -0.0003 0.9939
vn 0.1039 -0.0102 -0.9945
vn 0.1099 -0.0003 -0.9939
vn 0.1038 -0.0103 0.9945
vn 0.1035 -0.0330 0.9941
vn 0.0972 -0.0429 -0.9943
vn 0.1035 -0.0329 -0.9941
vn 0.0971 -0.0428 0.9943
vn 0.0192 -0.0281 0.9994
vn 0.0308 -0.0142 0.9994
vn -0.0244 -0.0186 0.9995
vn 0.0127 -0.0098 0.9999
vn 0.0082 0.0095 0.9999
vn 0.0006 0.0029 1.0000
vn 0.0069 0.0344 0.9994
vn 0.0056 0.0200 0.9998
vn 0.0122 -0.0190 -0.9997
vn 0.0147 -0.0436 0.9989
vn 0.0297 -0.0246 0.9993
vn -0.0009 -0.0316 0.9995
vn -0.0078 -0.0341 0.9994
vn 0.0142 -0.0434 0.9990
vn -0.0031 -0.0222 0.9997
vn -0.0067 -0.0206 0.9998
vn -0.0251 -0.0297 0.9992
vn -0.0211 -0.0032 -0.9998
vn 0.0192 0.0214 0.9996
vn 0.0130 0.0200 -0.9997
vn 0.0161 0.0195 0.9997
vn 0.0126 0.0191 0.9997
vn 0.0255 -0.0038 0.9997
vn 0.0226 -0.0082 0.9997
vn 0.0383 0.0162 0.9991
vn 0.0387 0.0157 0.9991
vn 0.0263 -0.0038 0.9996
vn 0.0850 -0.0279 -0.9960
vn 0.0822 0.0424 -0.9957
vn 0.0445 0.0597 -0.9972
vn 0.0834 0.0070 0.9965
vn 0.1179 -0.0057 0.9930
vn 0.0505 -0.0713 0.9962
vn 0.9414 -0.3372 -0.0028
vn 0.5520 -0.0936 -0.8286
vn -0.1390 0.1737 -0.9749
vn -0.0453 0.4710 -0.8810
vn -0.0073 0.2546 -0.9670
vn -0.3625 -0.0366 -0.9313
vn 0.0388 0.0374 0.9985
vn -0.0093 -0.1850 0.9827
vn 0.0308 0.0330 -0.9990
vn 0.9984 -0.0208 -0.0533
vn 0.7439 -0.3049 -0.5947
vn 0.9981 -0.0197 0.0581
vn 0.7429 -0.2951 0.6008
vn -0.4374 0.0990 -0.8938
vn 0.0834 0.0613 -0.9946
vn 0.0839 0.0641 0.9944
vn 0.8615 -0.4983 -0.0972
vn 0.6846 0.1716 -0.7084
vn -0.2280 -0.9702 0.0817
vn -0.3578 0.9315 0.0656
vn -0.9938 -0.0091 0.1109
vn 0.9300 -0.3555 -0.0934
vn -0.8559 0.5052 -0.1105
vn -0.8989 0.4252 -0.1058
vn -0.9342 0.3566 0.0031
vn -0.9678 0.2026 -0.1494
vn -0.2863 0.7399 -0.6087
vn -0.2662 0.3764 -0.8874
vn -0.7180 0.4167 -0.5575
vn -0.4443 0.7435 -0.4999
vn -0.3152 -0.4987 -0.8074
vn 0.0107 0.6894 -0.7243
vn 0.2353 0.7355 0.6353
vn -0.5626 0.7855 -0.2578
vn -0.6781 0.7347 -0.0201
vn -0.6295 0.4978 -0.5966
vn 0.9257 -0.3780 0.0133
vn 0.3553 -0.9336 0.0464
vn -0.3721 -0.9269 0.0494
vn -0.0006 -0.0354 -0.9994
vn -0.6444 0.5313 0.5501
vn 0.9256 -0.3781 -0.0134
vn 0.3553 -0.9336 -0.0464
usemtl FUSELAJE_a10TS.JPG.001
s off
f 1/1/1 2/2/1 3/3/1
f 4/4/2 5/5/2 6/6/2
f 7/7/3 8/8/3 9/9/3
f 10/10/4 11/11/4 12/12/5
f 13/13/2 14/14/2 15/15/2
f 9/9/6 6/6/6 8/8/6
f 16/16/7 5/5/7 17/17/7
f 11/11/8 4/4/8 12/12/8
f 16/16/9 11/11/9 18/18/9
f 10/10/8 15/15/8 18/18/8
f 16/16/9 15/15/9 14/14/9
f 19/19/10 9/9/10 20/20/10
f 17/17/9 11/11/9 16/16/9
f 18/18/9 15/15/9 16/16/9
f 21/21/11 9/9/11 7/7/11
f 22/22/12 23/23/12 24/24/12
f 25/25/13 26/26/13 27/27/13
f 28/28/14 29/29/14 30/30/14
f 31/31/15 32/32/15 33/33/15
f 32/32/16 34/34/16 35/35/16
f 32/32/17 34/34/17 36/36/17
f 33/33/18 31/31/18 37/37/18
f 33/33/19 32/32/19 35/35/19
f 31/31/20 36/36/20 38/38/20
f 34/34/21 38/38/21 36/36/21
f 39/39/22 40/40/22 41/41/22
f 42/42/23 43/43/23 44/44/23
f 45/45/24 44/44/24 43/43/24
f 46/46/25 47/47/25 48/48/25
f 49/49/26 50/50/26 51/51/26
f 50/50/27 52/52/27 51/51/27
f 53/53/28 54/54/28 55/55/28
f 56/56/29 57/57/29 58/58/29
f 56/56/30 58/58/30 59/59/30
f 57/57/31 56/56/31 59/59/31
f 58/58/32 60/60/32 59/59/32
f 57/57/33 60/60/33 58/58/33
f 59/59/34 60/60/34 57/57/34
f 61/61/35 3/3/35 2/2/35 62/62/35
f 1/1/36 62/62/36 63/63/36 2/2/36
f 64/64/37 65/65/37 23/23/37 22/22/37
f 2/2/38 63/63/38 62/62/38
f 4/4/2 17/17/2 5/5/2
f 10/10/4 18/18/39 11/11/4
f 13/13/2 19/19/2 14/14/2
f 20/20/40 21/21/40 9/9/40
f 9/9/41 4/4/41 6/6/41
f 11/11/9 17/17/9 4/4/9
f 10/10/42 12/12/42 9/9/42
f 10/10/9 13/13/9 15/15/9
f 19/19/43 13/13/43 9/9/43
f 9/9/44 12/12/44 4/4/44
f 9/9/45 13/13/45 10/10/45
f 24/24/46 65/65/46 64/64/46 22/22/46
f 66/66/47 67/67/47 25/25/47 68/68/47
f 69/69/48 26/26/48 25/25/48 67/67/48
f 27/27/49 67/67/49 66/66/49 68/68/49
f 27/27/50 26/26/50 69/69/50 67/67/50
f 70/70/51 71/71/51 40/40/51 39/39/51
f 65/65/52 24/24/52 23/23/52
f 25/25/53 27/27/53 68/68/53
f 74/72/54 73/73/54 72/74/54
f 75/75/54 76/76/54 77/77/54
f 31/31/55 38/38/55 32/32/55
f 32/32/56 36/36/56 31/31/56
f 32/32/57 38/38/57 34/34/57
f 41/41/58 71/71/58 70/70/58 39/39/58
f 43/43/59 42/42/59 78/78/59 45/45/59
f 71/71/60 41/41/60 40/40/60
f 78/78/61 42/42/61 44/44/61 45/45/61
f 47/47/62 46/46/62 79/79/62 80/80/62
f 80/80/63 48/48/63 47/47/63
f 79/79/64 46/46/64 48/48/64 80/80/64
f 81/81/65 49/49/65 51/51/65 52/52/65
f 50/50/66 49/49/66 81/81/66 52/52/66
f 3/3/67 61/61/67 62/62/67 1/1/67
s 1
f 82/82/68 83/83/69 84/84/70
f 84/84/70 85/85/71 86/86/72
f 85/85/71 87/87/73 86/86/72
f 88/88/74 89/89/75 87/87/73
f 90/90/76 91/91/77 92/92/78
f 93/93/79 94/94/80 90/90/76
f 95/95/81 96/96/82 97/97/83
f 98/98/84 99/99/85 100/100/86
f 101/101/87 102/102/88 103/103/89
f 104/104/90 105/105/91 106/106/92
f 107/107/93 108/108/94 109/109/95
f 110/110/96 111/111/97 107/107/93
f 112/112/98 113/113/99 114/114/100
f 115/115/101 116/116/102 110/110/96
f 117/117/103 118/118/104 115/115/101
f 119/119/105 120/120/106 121/121/107
f 122/122/108 123/123/109 124/124/110
f 83/83/69 125/125/111 88/88/74
f 126/126/112 127/127/113 92/92/78
f 88/88/74 128/128/114 129/129/115
f 92/92/78 130/130/116 90/90/76
f 129/129/115 131/131/117 96/96/82
f 90/90/76 132/132/118 93/93/79
f 102/102/88 133/133/119 134/134/120
f 134/134/120 94/94/80 102/102/88
f 100/100/86 135/135/121 136/136/122
f 136/136/122 137/137/123 100/100/86
f 138/138/124 139/139/125 140/140/126
f 141/141/127 142/142/128 117/117/103
f 124/124/110 143/143/129 83/83/69
f 144/144/130 145/145/131 146/146/132
f 147/147/133 148/148/134 82/82/68
f 149/149/135 150/150/136 126/126/112
f 85/85/71 83/83/69 88/88/74
f 151/151/137 126/126/112 92/92/78
f 152/152/138 88/88/74 129/129/115
f 108/108/94 111/111/97 153/153/139
f 116/116/102 154/154/140 111/111/97
f 118/118/104 155/155/141 154/154/140
f 139/139/125 124/124/110 156/156/142
f 148/148/134 157/157/143 122/122/108
f 158/158/144 124/124/110 83/83/69
f 159/159/145 149/149/135 126/126/112
f 96/96/82 95/95/81 129/129/115
f 95/95/81 152/152/138 129/129/115
f 103/103/89 160/160/146 101/101/87
f 105/105/91 99/99/85 161/161/147
f 101/101/87 108/108/94 153/153/139
f 109/109/95 101/101/87 160/160/146
f 113/113/99 106/106/92 162/162/148
f 116/116/102 118/118/104 154/154/140
f 140/140/126 156/156/142 163/163/149
f 117/117/103 121/121/107 120/120/106
f 123/123/109 163/163/149 156/156/142
f 120/120/106 119/119/105 155/155/141
f 163/163/149 123/123/109 157/157/143
f 164/164/150 165/165/151 166/166/152
f 167/167/153 168/168/154 169/169/155
f 170/170/156 171/171/157 172/172/158
f 173/173/159 174/174/160 175/175/161
f 176/176/162 177/177/163 178/178/164
f 179/179/165 180/180/166 181/181/167
f 182/182/168 183/183/169 184/184/170
f 168/168/154 185/185/171 186/186/172
f 170/170/156 187/187/173 188/188/174
f 189/189/175 186/186/172 175/175/161
f 190/190/176 173/173/159 175/175/161
f 179/191/165 191/192/177 192/193/178
f 184/184/170 193/194/179 182/182/168
f 194/195/180 195/196/181 185/185/171
f 196/197/182 197/198/183 198/199/184
f 199/200/185 197/198/183 188/188/174
f 200/201/186 177/202/163 190/190/176
f 201/203/187 202/204/188 191/192/177
f 191/192/177 203/205/189 201/203/187
f 204/206/190 183/183/169 205/207/191
f 164/164/150 166/166/152 204/206/190
f 171/171/157 206/208/192 172/172/158
f 207/209/193 187/187/173 172/172/158
f 189/189/175 208/210/194 186/186/172
f 192/193/178 209/211/195 180/212/166
f 205/207/191 183/183/169 181/181/167
f 210/213/196 211/214/197 174/174/160
f 212/215/198 213/216/199 214/217/200
f 215/218/201 204/206/190 205/207/191
f 216/219/202 217/220/203 214/217/200
f 214/217/200 217/220/203 169/169/155
f 218/221/204 219/222/205 169/169/155
f 220/223/206 171/171/157 164/164/150
f 178/178/164 187/187/173 221/224/207
f 178/178/164 222/225/208 176/176/162
f 223/226/209 173/173/159 176/227/162
f 216/219/202 224/228/210 217/220/203
f 225/229/211 226/230/212 219/222/205
f 227/231/213 220/223/206 228/232/214
f 225/229/211 219/222/205 229/233/215
f 230/234/216 207/209/193 206/208/192
f 206/208/192 231/235/217 230/234/216
f 207/209/193 230/234/216 221/224/207
f 211/214/197 232/236/218 208/210/194
f 208/210/194 189/189/175 211/214/197
f 233/237/219 223/238/209 222/225/208
f 210/213/196 223/226/209 233/239/219
f 234/240/220 235/241/221 236/242/222
f 237/243/223 236/242/222 235/241/221
f 213/216/199 212/215/198 238/244/224
f 235/241/221 234/240/220 239/245/225
f 235/241/221 239/245/225 240/246/226
f 240/246/226 227/231/213 235/241/221
f 241/247/227 242/248/228 226/230/212
f 231/235/217 240/246/226 243/249/229
f 241/247/227 225/229/211 229/233/215
f 211/214/197 244/250/230 232/236/218
f 245/251/231 246/252/232 221/224/207
f 211/214/197 210/213/196 247/253/233
f 246/252/232 233/237/219 222/225/208
f 248/254/234 249/255/235 250/256/236
f 250/256/236 234/240/220 248/254/234
f 251/257/237 252/258/238 253/259/239
f 251/257/237 226/230/212 242/248/228
f 254/260/240 255/261/241 256/262/242
f 257/263/243 258/264/244 259/265/245
f 254/260/240 260/266/246 255/261/241
f 261/267/247 262/268/248 260/266/246
f 261/267/247 263/269/249 262/268/248
f 264/270/250 265/271/251 266/272/252
f 266/272/252 267/273/253 264/270/250
f 263/269/249 268/274/254 262/268/248
f 269/275/255 256/262/242 250/256/236
f 256/262/242 269/275/255 254/260/240
f 254/260/240 270/276/256 271/277/257
f 254/260/240 271/277/257 261/267/247
f 267/273/253 272/278/258 258/264/244
f 267/273/253 273/279/259 272/278/258
f 273/280/259 266/281/252 263/269/249
f 263/269/249 274/282/260 273/280/259
f 270/276/256 269/275/255 275/283/261
f 275/284/261 269/285/255 259/265/245
f 270/276/256 254/260/240 269/275/255
f 275/284/261 258/264/244 272/278/258
f 272/278/258 276/286/262 275/284/261
f 276/287/262 261/267/247 271/277/257
f 273/279/259 276/286/262 272/278/258
f 271/277/257 270/276/256 275/288/261
f 275/288/261 276/287/262 271/277/257
f 241/247/227 257/263/243 242/248/228
f 240/246/226 239/245/225 243/249/229
f 277/289/263 257/263/243 241/247/227
f 262/268/248 245/251/231 243/249/229
f 244/250/230 264/270/250 277/289/263
f 247/253/233 265/271/251 244/250/230
f 198/199/184 278/290/264 193/194/179
f 279/291/265 280/292/266 201/203/187
f 281/293/267 185/185/171 280/292/266
f 200/294/186 282/295/268 199/200/185
f 283/296/269 284/297/270 285/298/271
f 278/290/264 198/199/184 286/299/272
f 287/300/273 288/301/274 279/291/265
f 286/299/272 289/302/275 290/303/276
f 289/302/275 286/299/272 291/304/277
f 291/304/277 199/200/185 282/295/268
f 292/305/278 281/293/267 293/306/279
f 293/306/279 200/201/186 292/305/278
f 200/294/186 294/307/280 282/295/268
f 200/201/186 293/306/279 294/308/280
f 295/309/281 296/310/282 284/297/270
f 284/297/270 283/296/269 295/309/281
f 297/311/283 298/312/284 296/310/282
f 296/310/282 295/309/281 297/311/283
f 279/291/265 296/313/282 287/300/273
f 299/314/285 300/315/286 289/302/275
f 301/316/287 299/314/285 289/302/275
f 298/312/284 297/311/283 300/315/286
f 287/300/273 298/317/284 302/318/288
f 301/319/287 302/318/288 303/320/289
f 303/320/289 304/321/290 301/319/287
f 300/315/286 305/322/291 303/323/289
f 306/324/292 307/325/293 308/326/294
f 309/327/295 310/328/296 311/329/297
f 311/329/297 312/330/298 313/331/299
f 312/330/298 314/332/300 313/331/299
f 315/333/301 316/334/302 317/335/303
f 313/331/299 314/332/300 318/336/304
f 315/333/301 319/337/305 320/338/306
f 320/338/306 319/337/305 321/339/307
f 320/338/306 321/339/307 322/340/308
f 323/341/309 320/338/306 322/340/308
f 324/342/310 325/343/311 326/344/312
f 327/345/313 328/346/314 329/347/315
f 330/348/316 331/349/317 325/343/311
f 327/345/313 329/347/315 332/350/318
f 325/343/311 331/349/317 333/351/319
f 332/350/318 334/352/320 306/324/292
f 335/353/321 336/354/322 331/349/317
f 335/353/321 337/355/323 336/354/322
f 338/356/324 339/357/325 340/358/326
f 341/359/327 342/360/328 343/361/329
f 344/362/330 345/363/331 346/364/332
f 347/365/333 348/366/334 343/361/329
f 349/367/335 348/366/334 347/365/333
f 349/367/335 347/365/333 350/368/336
f 351/369/337 352/370/338 353/371/339
f 354/372/340 350/368/336 355/373/341
f 351/369/337 356/374/342 352/370/338
f 357/375/343 354/372/340 355/373/341
f 358/376/344 357/375/343 355/373/341
f 359/377/345 360/378/346 361/379/347
f 362/380/348 363/381/349 364/382/350
f 359/377/345 365/383/351 360/378/346
f 359/377/345 366/384/352 365/383/351
f 367/385/353 339/357/325 368/386/354
f 369/387/355 370/388/356 371/389/357
f 372/390/358 370/388/356 369/387/355
f 373/391/359 374/392/360 375/393/361
f 373/391/359 375/393/361 376/394/362
f 377/395/363 378/396/364 379/397/365
f 379/397/365 378/396/364 380/398/366
f 378/396/364 381/399/367 380/398/366
f 382/400/368 383/401/369 384/402/370
f 382/400/368 384/402/370 385/403/371
f 380/398/366 386/404/372 379/397/365
f 385/403/371 384/402/370 387/405/373
f 385/403/371 387/405/373 388/406/374
f 389/407/375 386/404/372 380/398/366
f 386/404/372 390/408/376 391/409/377
f 386/404/372 391/409/377 379/397/365
f 392/410/378 379/397/365 393/411/379
f 394/412/380 395/413/381 396/414/382
f 397/415/383 398/416/384 399/417/385
f 400/418/386 401/419/387 402/420/388
f 403/421/389 404/422/390 405/423/391
f 406/424/392 407/425/393 408/426/394
f 409/427/395 410/428/396 411/429/397
f 412/430/398 413/431/399 414/432/400
f 415/433/401 416/434/402 417/435/403
f 418/436/404 419/437/405 420/438/406
f 421/439/407 422/440/408 423/441/409
f 424/442/410 425/443/411 426/444/412
f 427/445/413 428/446/414 429/447/415
f 430/448/416 431/449/417 432/450/418
f 433/451/419 434/452/420 435/453/421
f 436/454/422 437/455/423 438/456/424
f 439/457/425 440/458/426 441/459/427
f 442/460/428 443/461/429 444/462/430
f 445/463/431 446/464/432 447/465/433
f 448/466/434 449/467/435 450/468/436
f 451/469/437 452/470/438 453/471/439
f 454/472/440 455/473/441 456/474/442
f 457/475/443 458/476/444 459/477/445
f 460/478/446 461/479/447 462/480/448
f 463/481/449 464/482/450 465/483/451
f 466/484/452 467/485/453 468/486/454
f 469/487/455 467/485/453 466/484/452
f 470/488/456 471/489/457 472/490/458
f 473/491/459 474/492/460 475/493/461
f 476/494/462 477/495/463 478/496/464
f 479/497/465 480/498/466 473/491/459
f 477/495/463 476/494/462 481/499/467
f 482/500/468 483/501/469 475/493/461
f 475/493/461 474/492/460 482/500/468
f 484/502/470 485/503/471 486/504/472
f 486/504/472 485/503/471 478/496/464
f 475/493/461 483/501/469 487/505/473
f 488/506/474 489/507/475 490/508/476
f 490/508/476 491/509/477 488/506/474
f 492/510/478 493/511/479 494/512/480
f 493/511/479 492/510/478 495/513/481
f 495/513/481 496/514/482 493/511/479
f 492/510/478 497/515/483 495/513/481
f 496/514/482 498/516/484 499/517/485
f 499/517/485 500/518/486 496/514/482
f 501/519/487 502/520/488 503/521/489
f 504/522/490 505/523/491 506/524/492
f 507/525/493 508/526/494 509/527/495
f 507/525/493 509/527/495 510/528/496
f 511/529/497 512/530/498 513/531/499
f 514/532/500 515/533/501 511/529/497
f 516/534/502 517/535/503 518/536/504
f 518/536/504 519/537/505 516/534/502
f 518/536/504 517/535/503 520/538/506
f 515/533/501 521/539/507 522/540/508
f 522/540/508 523/541/509 515/533/501
f 518/536/504 524/542/510 525/543/511
f 522/540/508 526/544/512 523/541/509
f 522/540/508 527/545/513 528/546/514
f 529/547/515 530/548/516 531/549/517
f 532/550/518 533/551/519 534/552/520
f 535/553/521 536/554/522 537/555/523
f 534/552/520 538/556/524 539/557/525
f 534/552/520 540/558/526 541/559/527
f 541/559/527 538/556/524 534/552/520
f 542/560/528 543/561/529 544/562/530
f 545/563/531 538/556/524 541/559/527
f 545/563/531 546/564/532 547/565/533
f 547/565/533 548/566/534 545/563/531
f 549/567/535 550/568/536 551/569/537
f 547/565/533 552/570/538 548/566/534
f 506/524/492 505/523/491 552/570/538
f 549/567/535 551/569/537 507/525/493
f 553/571/539 552/570/538 505/523/491
f 554/572/540 505/523/491 555/573/541
f 513/531/499 556/574/542 555/573/541
f 557/575/543 558/576/544 509/527/495
f 559/577/545 517/535/503 558/576/544
f 560/578/546 513/531/499 512/530/498
f 559/577/545 520/538/506 517/535/503
f 523/541/509 561/579/547 512/530/498
f 562/580/548 524/542/510 520/538/506
f 563/581/549 523/541/509 526/544/512
f 524/542/510 564/582/550 530/548/516
f 565/583/551 526/544/512 566/584/552
f 530/548/516 564/582/550 531/549/517
f 567/585/553 531/549/517 568/586/554
f 569/587/555 570/588/556 566/584/552
f 571/589/557 572/590/558 567/585/553
f 539/557/525 570/588/556 569/587/555
f 572/590/558 573/591/559 543/561/529
f 574/592/560 539/557/525 538/556/524
f 575/593/561 544/562/530 543/561/529
f 576/594/562 538/556/524 548/566/534
f 552/570/538 553/571/539 548/566/534
f 577/595/563 508/526/494 578/596/564
f 579/597/565 580/598/566 581/599/567
f 582/600/568 583/601/569 584/602/570
f 585/603/571 582/604/568 586/605/572
f 580/598/566 579/597/565 587/606/573
f 587/606/573 588/607/574 580/598/566
f 588/607/574 587/606/573 589/608/575
f 590/609/576 591/610/577 582/600/568
f 589/608/575 592/611/578 588/607/574
f 592/611/578 589/608/575 593/612/579
f 593/612/579 594/613/580 592/611/578
f 594/613/580 595/614/581 596/615/582
f 597/616/583 598/617/584 599/618/585
f 594/613/580 593/612/579 600/619/586
f 601/620/587 602/621/588 598/617/584
f 603/622/589 600/619/586 604/623/590
f 605/624/591 606/625/592 601/620/587
f 607/626/593 603/622/589 608/627/594
f 609/628/595 605/624/591 610/629/596
f 608/627/594 604/623/590 611/630/597
f 609/628/595 612/631/598 605/624/591
f 609/628/595 610/629/596 613/632/599
f 608/627/594 611/630/597 614/633/600
f 609/628/595 615/634/601 612/631/598
f 616/635/602 614/633/600 617/636/603
f 613/632/599 618/637/604 609/628/595
f 618/637/604 613/632/599 619/638/605
f 614/633/600 620/639/606 621/640/607
f 618/637/604 622/641/608 615/634/601
f 618/637/604 619/638/605 623/642/609
f 621/640/607 624/643/610 625/644/611
f 626/645/612 625/644/611 627/646/613
f 628/647/614 623/642/609 629/648/615
f 628/647/614 630/649/616 631/650/617
f 630/649/616 628/647/614 632/651/618
f 632/651/618 629/648/615 633/652/619
f 634/653/620 635/654/621 636/655/622
f 632/651/618 637/656/623 630/649/616
f 638/657/624 633/652/619 639/658/625
f 637/656/623 632/651/618 638/657/624
f 640/659/626 641/660/627 636/655/622
f 638/657/624 642/661/628 637/656/623
f 643/662/629 638/657/624 644/663/630
f 636/655/622 645/664/631 646/665/632
f 642/661/628 638/657/624 643/662/629
f 647/666/633 646/665/632 648/667/634
f 643/662/629 649/668/635 642/661/628
f 646/665/632 650/669/636 651/670/637
f 649/668/635 643/662/629 652/671/638
f 648/667/634 651/670/637 653/672/639
f 652/671/638 654/673/640 649/668/635
f 652/671/638 655/674/641 656/675/642
f 651/670/637 657/676/643 658/677/644
f 658/677/644 659/678/645 653/672/639
f 660/679/646 654/673/640 652/671/638
f 658/677/644 657/676/643 661/680/647
f 658/677/644 581/599/567 659/678/645
f 661/680/647 581/599/567 658/677/644
f 584/602/570 662/681/648 660/679/646
f 581/599/567 661/680/647 579/597/565
f 663/682/649 504/522/490 506/524/492
f 664/683/650 663/682/649 665/684/651
f 664/683/650 666/685/652 663/682/649
f 667/686/653 507/525/493 510/528/496
f 668/687/654 504/522/490 666/685/652
f 666/685/652 669/688/655 668/687/654
f 670/689/656 510/528/496 516/534/502
f 671/690/657 672/691/658 669/688/655
f 519/537/505 673/692/659 674/693/660
f 671/690/657 675/694/661 672/691/658
f 519/537/505 518/536/504 676/695/662
f 675/694/661 521/539/507 514/532/500
f 676/695/662 518/536/504 677/696/663
f 677/696/663 525/543/511 678/697/664
f 679/698/665 527/545/513 521/539/507
f 678/697/664 680/699/666 681/700/667
f 679/698/665 682/701/668 527/545/513
f 683/702/669 680/699/666 684/703/670
f 685/704/671 680/699/666 683/702/669
f 686/705/672 532/550/518 528/546/514
f 686/705/672 528/546/514 682/701/668
f 683/702/669 684/703/670 687/706/673
f 685/704/671 683/702/669 688/707/674
f 689/708/675 532/550/518 686/705/672
f 683/702/669 687/706/673 536/554/522
f 683/702/669 536/554/522 690/709/676
f 688/707/674 690/709/676 691/710/677
f 692/711/678 540/558/526 533/551/519
f 693/712/679 690/709/676 535/553/521
f 692/711/678 694/713/680 695/714/681
f 693/712/679 696/715/682 697/716/683
f 693/712/679 535/553/521 537/555/523
f 696/715/682 693/712/679 698/717/684
f 540/558/526 695/714/681 541/559/527
f 537/555/523 542/560/528 698/717/684
f 696/715/682 698/717/684 699/718/685
f 695/714/681 700/719/686 541/559/527
f 700/719/686 546/564/532 541/559/527
f 701/720/687 702/721/688 549/567/535
f 703/722/689 701/720/687 704/723/690
f 665/684/651 705/724/691 706/725/692
f 707/726/693 708/727/694 709/728/695
f 664/683/650 710/729/696 711/730/697
f 709/731/695 712/732/698 713/733/699
f 713/733/699 712/732/698 714/734/700
f 714/734/700 712/732/698 715/735/701
f 716/736/702 717/737/703 718/738/704
f 719/739/705 679/698/665 717/737/703
f 720/740/706 682/701/668 719/739/705
f 721/741/707 686/705/672 720/740/706
f 691/710/677 722/742/708 723/743/709
f 693/712/679 697/716/683 722/742/708
f 696/715/682 724/744/710 697/716/683
f 725/745/711 700/719/686 726/746/712
f 727/747/713 700/719/686 725/745/711
f 699/718/685 701/720/687 728/748/714
f 729/749/715 710/750/696 730/751/716
f 731/752/717 707/753/693 586/754/572
f 710/755/696 729/756/715 732/757/718
f 733/758/719 734/759/720 735/760/721
f 736/761/722 737/762/723 738/763/724
f 607/626/593 716/736/702 739/764/725
f 740/765/726 737/762/723 736/761/722
f 741/766/727 717/737/703 716/736/702
f 717/737/703 617/636/603 719/739/705
f 742/767/728 619/638/605 613/632/599
f 613/632/599 681/700/667 742/767/728
f 719/739/705 617/636/603 720/740/706
f 619/638/605 742/767/728 743/768/729
f 743/768/729 623/642/609 619/638/605
f 623/642/609 743/768/729 744/769/730
f 744/769/730 633/652/619 623/642/609
f 721/741/707 745/770/731 746/771/732
f 633/652/619 744/769/730 723/743/709
f 723/743/709 639/658/625 633/652/619
f 640/659/626 694/713/680 641/660/627
f 697/716/683 644/663/630 639/658/625
f 653/672/639 725/745/711 648/667/634
f 659/678/645 730/751/716 706/725/692
f 747/772/733 728/748/714 731/752/717
f 730/751/716 659/678/645 729/749/715
f 748/773/734 749/774/735 750/775/736
f 750/775/736 751/776/737 752/777/738
f 479/497/465 753/778/739 754/779/740
f 754/779/740 480/498/466 479/497/465
f 479/497/465 502/520/488 501/519/487
f 501/519/487 753/778/739 479/497/465
f 755/780/741 751/776/737 749/774/735
f 756/781/742 757/782/743 466/484/452
f 758/783/744 759/784/745 760/785/746
f 761/786/747 497/515/483 492/510/478
f 492/510/478 762/787/748 761/786/747
f 763/788/749 764/789/750 758/783/744
f 485/503/471 765/790/751 478/496/464
f 468/486/454 467/485/453 474/492/460
f 474/492/460 467/485/453 482/500/468
f 759/784/745 765/790/751 485/503/471
f 488/506/474 472/490/458 489/507/475
f 500/518/486 766/791/752 767/792/753
f 767/792/753 752/777/738 500/518/486
f 500/518/486 499/517/485 766/791/752
f 476/494/462 768/793/754 769/794/755
f 769/794/755 768/793/754 770/795/756
f 771/796/757 468/486/454 772/797/758
f 748/773/734 750/775/736 768/793/754
f 768/793/754 476/494/462 748/773/734
f 753/778/739 773/798/759 772/797/758
f 772/797/758 774/799/760 771/796/757
f 762/787/748 494/512/480 760/785/746
f 482/500/468 775/800/761 776/801/762
f 776/801/762 775/800/761 777/802/763
f 760/785/746 484/502/470 778/803/764
f 775/800/761 482/500/468 467/485/453
f 779/804/765 780/805/766 781/806/767
f 782/807/768 588/607/574 783/808/769
f 784/809/770 785/810/771 786/811/772
f 787/812/773 580/813/566 788/814/774
f 789/815/775 779/816/765 784/809/770
f 788/817/774 588/607/574 782/807/768
f 786/811/772 590/609/576 790/818/776
f 782/807/768 791/819/777 788/817/774
f 792/820/778 793/821/779 711/730/697
f 714/734/700 794/822/780 713/733/699
f 794/822/780 795/823/781 709/731/695
f 793/821/779 792/820/778 796/824/782
f 781/806/767 709/728/695 795/825/781
f 779/804/765 781/806/767 795/825/781
f 710/755/696 732/757/718 787/812/773
f 786/811/772 785/810/771 797/826/783
f 798/827/784 799/828/785 800/829/786
f 801/830/787 802/831/788 803/832/789
f 803/832/789 804/833/790 801/830/787
f 805/834/791 806/835/792 807/836/793
f 804/837/790 803/838/789 808/839/794
f 809/840/795 805/834/791 810/841/796
f 811/842/797 808/839/794 812/843/798
f 813/844/799 814/845/800 812/843/798
f 815/846/801 810/841/796 816/847/802
f 817/848/803 816/849/802 818/850/804
f 819/851/805 818/850/804 820/852/806
f 821/853/807 820/852/806 807/854/793
f 822/855/808 823/856/809 824/857/810
f 824/857/810 825/858/811 826/859/812
f 827/860/813 828/861/814 829/862/815
f 825/858/811 824/857/810 823/856/809
f 830/863/816 822/864/808 831/865/817
f 832/866/818 833/867/819 834/868/820
f 826/869/812 807/854/793 835/870/821
f 826/859/812 805/834/791 807/836/793
f 814/845/800 827/860/813 811/842/797
f 836/871/822 814/845/800 837/872/823
f 830/873/816 816/847/802 823/856/809
f 830/863/816 818/850/804 816/849/802
f 838/874/824 834/868/820 837/875/823
f 839/876/825 820/852/806 818/850/804
f 832/866/818 838/874/824 801/830/787
f 835/870/821 807/854/793 839/876/825
f 840/877/826 841/878/827 842/879/828
f 843/880/829 844/881/830 845/882/831
f 845/882/831 846/883/832 843/880/829
f 847/884/833 848/885/834 849/886/835
f 849/886/835 850/887/836 847/884/833
f 851/888/837 842/879/828 841/878/827
f 852/889/838 853/890/839 843/880/829
f 852/889/838 854/891/840 853/890/839
f 855/892/841 856/893/842 857/894/843
f 858/895/844 859/896/845 860/897/846
f 842/879/828 858/895/844 840/877/826
f 861/898/847 862/899/848 863/900/849
f 845/882/831 861/901/847 846/883/832
f 864/902/850 850/887/836 849/886/835
f 864/903/850 842/879/828 851/888/837
f 865/904/851 866/905/852 850/906/836
f 865/904/851 850/906/836 841/878/827
f 849/907/835 848/908/834 867/909/853
f 868/910/854 863/900/849 856/893/842
f 868/910/854 856/893/842 869/911/855
f 851/888/837 841/878/827 850/906/836
f 862/899/848 870/912/856 844/913/830
f 857/894/843 871/914/857 843/915/829
f 865/904/851 840/877/826 866/905/852
f 840/877/826 860/897/846 866/905/852
f 853/916/839 854/917/840 872/918/858
f 872/918/858 854/917/840 873/919/859
f 874/920/860 875/921/861 859/896/845
f 854/917/840 869/911/855 873/919/859
f 870/922/856 861/901/847 845/882/831
f 851/923/837 850/887/836 864/902/850
f 870/912/856 862/899/848 861/898/847
f 846/924/832 861/898/847 863/900/849
f 876/925/862 864/902/850 849/886/835
f 877/926/863 878/927/864 879/928/865
f 880/929/866 878/927/864 877/926/863
f 880/929/866 881/930/867 878/927/864
f 882/931/868 881/930/867 880/929/866
f 883/932/869 884/933/870 881/930/867
f 885/934/871 886/935/872 887/936/873
f 888/937/874 889/938/875 887/936/873
f 890/939/876 886/935/872 879/928/865
f 886/935/872 877/926/863 879/928/865
f 877/926/863 891/940/877 880/929/866
f 880/929/866 891/940/877 882/931/868
f 884/933/870 887/936/873 892/941/878
f 892/941/878 887/936/873 890/939/876
f 893/942/879 894/943/880 895/944/881
f 896/945/882 897/946/883 898/947/884
f 899/948/885 894/943/880 900/949/886
f 894/943/880 899/948/885 901/950/887
f 895/944/881 896/945/882 893/942/879
f 902/951/888 903/952/889 904/953/890
f 905/954/891 906/955/892 907/956/893
f 905/954/891 907/956/893 908/957/894
f 909/958/895 910/959/896 911/960/897
f 912/961/898 911/960/897 913/962/899
f 914/963/900 915/964/901 916/965/902
f 902/951/888 917/966/903 903/952/889
f 918/967/904 916/965/902 903/952/889
f 919/968/905 920/969/906 921/970/907
f 922/971/908 923/972/8 924/973/909
f 924/973/909 925/974/8 926/975/910
f 926/975/910 927/976/8 928/977/911
f 928/977/911 929/978/8 930/979/912
f 930/979/912 931/980/8 932/981/913
f 932/981/913 933/982/8 934/983/914
f 934/983/914 935/984/8 936/985/915
f 936/985/915 937/986/8 922/971/908
f 938/987/916 939/988/8 940/989/917
f 941/990/918 942/991/8 938/987/916
f 943/992/919 944/993/8 941/990/918
f 945/994/920 946/995/8 943/992/919
f 947/996/921 948/997/8 945/994/920
f 949/998/922 950/999/8 947/996/921
f 951/1000/923 952/1001/8 949/998/922
f 940/989/917 953/1002/8 951/1000/923
f 954/1003/924 955/1004/925 956/1005/926
f 957/1006/927 958/1007/928 955/1004/925
f 959/1008/929 960/1009/8 961/1010/930
f 962/1011/931 963/1012/8 959/1008/929
f 964/1013/932 965/1014/8 962/1011/931
f 966/1015/933 967/1016/8 964/1013/932
f 968/1017/934 969/1018/8 966/1015/933
f 970/1019/935 971/1020/8 968/1017/934
f 972/1021/936 973/1022/8 970/1019/935
f 961/1010/930 974/1023/8 972/1021/936
f 975/1024/937 976/1025/938 977/1026/939
f 978/1027/940 979/1028/941 976/1025/938
f 980/1029/942 981/1030/943 982/1031/944
f 983/1032/945 984/1033/946 981/1030/943
f 985/1034/947 986/1035/8 987/1036/948
f 987/1036/948 988/1037/8 989/1038/949
f 989/1038/949 990/1039/8 991/1040/950
f 991/1040/950 992/1041/8 993/1042/951
f 993/1042/951 994/1043/8 995/1044/952
f 995/1044/952 996/1045/8 997/1046/953
f 997/1046/953 998/1047/8 999/1048/954
f 999/1048/954 1000/1049/8 985/1034/947
f 1001/1050/955 1002/1051/8 1003/1052/956
f 1004/1053/957 1005/1054/8 1001/1050/955
f 1006/1055/958 1007/1056/8 1004/1053/957
f 1008/1057/959 1009/1058/8 1006/1055/958
f 1010/1059/960 1011/1060/8 1008/1057/959
f 1012/1061/961 1013/1062/8 1010/1059/960
f 1014/1063/962 1015/1064/8 1012/1061/961
f 1003/1052/956 1016/1065/8 1014/1063/962
f 1017/1066/963 1018/1067/964 1019/1068/965
f 1020/1069/966 1021/1070/967 1022/1071/968
f 1023/1072/969 1024/1073/970 1021/1070/967
f 1025/1074/971 1026/1075/8 1027/1076/972
f 1027/1076/972 1028/1077/8 1029/1078/973
f 1029/1078/973 1030/1079/8 1031/1080/974
f 1031/1080/974 1032/1081/8 1033/1082/975
f 1033/1082/975 1034/1083/8 1035/1084/976
f 1035/1084/976 1036/1085/8 1037/1086/977
f 1037/1086/977 1038/1087/8 1039/1088/978
f 1039/1088/978 1040/1089/8 1025/1074/971
f 1041/1090/979 1042/1091/8 1043/1092/980
f 1044/1093/981 1045/1094/8 1041/1090/979
f 1046/1095/982 1047/1096/8 1044/1093/981
f 1048/1097/983 1049/1098/8 1046/1095/982
f 1050/1099/984 1051/1100/8 1048/1097/983
f 1052/1101/985 1053/1102/8 1050/1099/984
f 1054/1103/986 1055/1104/8 1052/1101/985
f 1043/1092/980 1056/1105/8 1054/1103/986
f 1057/1106/987 1058/1107/988 1059/1108/989
f 1057/1106/987 1059/1108/989 1060/1109/990
f 1061/1110/991 1060/1109/990 1062/1111/992
f 1063/1112/993 1064/1113/994 1065/1114/995
f 1066/1115/996 1067/1116/997 1064/1113/994
f 1068/1117/998 1069/1118/8 1070/1119/999
f 1070/1119/999 1071/1120/8 1072/1121/1000
f 1072/1121/1000 1073/1122/8 1074/1123/1001
f 1074/1123/1001 1075/1124/8 1076/1125/1002
f 1076/1125/1002 1077/1126/8 1078/1127/1003
f 1078/1127/1003 1079/1128/8 1080/1129/1004
f 1080/1129/1004 1081/1130/8 1082/1131/1005
f 1082/1131/1005 1083/1132/8 1068/1117/998
f 1084/1133/915 1085/1134/8 1086/1135/908
f 1087/1136/914 1088/1137/8 1084/1133/915
f 1089/1138/913 1090/1139/8 1087/1136/914
f 1091/1140/912 1092/1141/8 1089/1138/913
f 1093/1142/911 1094/1143/8 1091/1140/912
f 1095/1144/910 1096/1145/8 1093/1142/911
f 1097/1146/909 1098/1147/8 1095/1144/910
f 1086/1135/908 1099/1148/8 1097/1146/909
f 1100/1149/905 1101/1150/906 1102/1151/907
f 1103/1152/1006 1104/1153/1007 1105/1154/1008
f 1106/1155/1009 1107/1156/1010 1108/1157/1011
f 1104/1153/1007 1109/1158/1012 1110/1159/1013
f 1103/1152/1006 1105/1154/1008 1111/1160/1014
f 1106/1155/1009 1111/1160/1014 1107/1156/1010
f 1112/1161/1015 1108/1157/1011 1109/1158/1012
f 1113/1162/1016 1110/1159/1013 1109/1158/1012
f 1114/1163/1016 1105/1154/1008 1110/1159/1013
f 1105/1154/1008 1115/1164/1017 1107/1156/1010
f 1107/1156/1010 1113/1162/1016 1108/1157/1011
f 1107/1156/1010 1115/1164/1017 1113/1162/1016
f 1116/1165/1018 1117/1166/1019 1118/1167/1020
f 1119/1168/1021 1120/1169/1022 1121/1170/1020
f 1122/1171/1023 1123/1172/1024 1124/1173/1025
f 1125/1174/1026 1126/1175/1027 1127/1176/1028
f 1128/1177/1029 1129/1178/1030 1130/1179/1031
f 1131/1180/1032 1126/1175/1027 1125/1174/1026
f 1132/1181/1033 1133/1182/1034 1131/1180/1032
f 1134/1183/1035 1135/1184/1036 1136/1185/1037
f 1137/1186/1038 1138/1187/1039 1139/1188/1040
f 1140/1189/1038 1141/1190/1041 1142/1191/1042
f 1143/1192/1043 1133/1182/1034 1132/1181/1033
f 1144/1193/1044 1135/1184/1036 1134/1183/1035
f 1145/1194/1045 1142/1191/1042 1146/1195/1046
f 1144/1193/1044 1147/1196/1047 1135/1184/1036
f 1148/1197/1048 1149/1198/1049 1150/1199/1050
f 1151/1200/1051 1152/1201/1052 1153/1202/1053
f 1154/1203/1054 1155/1204/1055 1156/1205/1056
f 1157/1206/1057 1158/1207/1058 1159/1208/1059
f 1160/1209/1060 1161/1210/1061 1162/1211/1062
f 1163/1212/1054 1164/1213/1055 1165/1214/1063
f 1166/1215/1064 1167/1216/1065 1168/1217/1066
f 1169/1218/1067 1170/1219/1068 1171/1220/1069
f 1172/1221/1070 1173/1222/1071 1174/1223/1072
f 1175/1224/1073 1176/1225/1074 1177/1226/1075
f 1178/1227/1076 1166/1215/1064 1179/1228/1077
f 1170/1219/1068 1180/1229/1078 1181/1230/1079
f 1182/1231/1080 1183/1232/1081 1172/1221/1070
f 1184/1233/1082 1166/1215/1064 1178/1227/1076
f 1185/1234/1083 1186/1235/1084 1176/1225/1074
f 1170/1219/1068 1187/1236/1085 1180/1229/1078
f 1184/1233/1082 1188/1237/1086 1189/1238/1087
f 1190/1239/1088 1191/1240/1089 1192/1241/1090
f 1193/1242/1091 1186/1235/1084 1194/1243/1092
f 1195/1244/1093 1196/1245/1094 1187/1236/1085
f 1197/1246/1095 1198/1247/1096 1199/1248/1097
f 1193/1242/1091 1200/1249/1098 1201/1250/1099
f 1199/1248/1097 1202/1251/1100 1203/1252/1101
f 1204/1253/1102 1205/1254/1103 1206/1255/1104
f 1207/1256/1105 1208/1257/1106 1209/1258/1107
f 1210/1259/1108 1211/1260/1109 1212/1261/1110
f 1213/1262/1111 1214/1263/1112 1215/1264/1113
f 1216/1265/1114 1204/1253/1102 1217/1266/1115
f 1207/1256/1105 1218/1267/1116 1219/1268/1117
f 1169/1218/1067 1218/1267/1116 1207/1256/1105
f 1216/1265/1114 1220/1269/1118 1221/1270/1119
f 1222/1271/1120 1223/1272/1121 1224/1273/1122
f 1225/1274/1123 1226/1275/1124 1227/1276/1125
f 1222/1271/1120 1224/1273/1122 1228/1277/1126
f 1225/1274/1123 1227/1276/1125 1229/1278/1127
f 1230/1279/1128 1231/1280/1129 1232/1281/1130
f 1228/1277/1126 1233/1282/1131 1234/1283/1132
f 1230/1279/1128 1235/1284/1133 1231/1280/1129
f 1236/1285/1134 1237/1286/1135 1238/1287/1136
f 1239/1288/1137 1240/1289/1138 1241/1290/1139
f 1242/1291/1140 1243/1292/1141 1244/1293/1142
f 1245/1294/1143 1246/1295/1144 1247/1296/1145
f 1248/1297/1146 1239/1288/1137 1241/1290/1139
f 1249/1298/1147 1243/1292/1141 1242/1291/1140
f 1250/1299/1148 1251/1300/1149 1252/1301/1150
f 1245/1294/1143 1253/1302/1151 1246/1295/1144
f 1254/1303/1152 1239/1288/1137 1248/1297/1146
f 1255/1304/1153 1243/1292/1141 1249/1298/1147
f 1250/1299/1148 1256/1305/1154 1251/1300/1149
f 1257/1306/1155 1243/1292/1141 1255/1304/1153
f 1250/1299/1148 1258/1307/1156 1256/1305/1154
f 1259/1308/1157 1260/1309/1158 1261/1310/1159
f 1262/1311/1160 1263/1312/1161 1264/1313/1162
f 1265/1314/1163 1266/1315/1164 1267/1316/1165
f 1268/1317/1166 1269/1318/1167 1270/1319/1168
f 1265/1314/1163 1267/1316/1165 1271/1320/1169
f 1268/1317/1166 1270/1319/1168 1272/1321/1170
f 1273/1322/1171 1265/1314/1163 1271/1320/1169
f 1274/1323/1172 1275/1324/1173 1276/1325/1174
f 1277/1326/1175 1278/1327/1176 1279/1328/1177
f 1280/1329/1178 1216/1265/1114 1176/1225/1074
f 1281/1330/1179 1176/1225/1074 1186/1235/1084
f 1282/1331/1180 1182/1231/1080 1283/1332/1181
f 1284/1333/1182 1166/1215/1064 1184/1233/1082
f 1285/1334/1183 1187/1236/1085 1286/1335/1184
f 1287/1336/1185 1184/1233/1082 1197/1246/1095
f 1281/1330/1179 1186/1235/1084 1193/1242/1091
f 1288/1337/1186 1190/1239/1088 1282/1331/1180
f 1287/1336/1185 1197/1246/1095 1199/1248/1097
f 1289/1338/1187 1193/1242/1091 1204/1253/1102
f 1290/1339/1188 1214/1263/1112 1167/1216/1065
f 1286/1335/1184 1169/1218/1067 1291/1340/1189
f 1117/1166/1019 1292/1341/1190 1155/1204/1055
f 1120/1169/1022 1277/1326/1175 1164/1213/1055
f 1293/1342/1191 1225/1274/1123 1294/1343/1192
f 1135/1184/1036 1236/1285/1134 1129/1178/1030
f 1146/1195/1046 1294/1343/1192 1243/1292/1141
f 1295/1344/1193 1245/1294/1143 1133/1182/1034
f 1147/1196/1047 1250/1299/1148 1135/1184/1036
f 1296/1345/1194 1263/1312/1161 1265/1314/1163
f 1297/1346/1195 1257/1306/1155 1268/1317/1166
f 1156/1205/1056 1298/1347/1196 1299/1348/1197
f 1165/1214/1063 1300/1349/1198 1301/1350/1199
f 1302/1351/1200 1283/1332/1181 1303/1352/1201
f 1284/1333/1182 1304/1353/1202 1290/1339/1188
f 1281/1330/1179 1305/1354/1203 1280/1329/1178
f 1306/1355/1204 1286/1335/1184 1291/1340/1189
f 1307/1356/1205 1286/1335/1184 1306/1355/1204
f 1308/1357/1206 1281/1330/1179 1289/1338/1187
f 1309/1358/1207 1287/1336/1185 1290/1339/1188
f 1310/1359/1208 1289/1338/1187 1280/1329/1178
f 1303/1352/1201 1283/1332/1181 1288/1337/1186
f 1306/1355/1204 1291/1340/1189 1311/1360/1209
f 1312/1361/1210 1313/1362/1211 1314/1363/1212
f 1315/1364/1213 1313/1362/1211 1312/1361/1210
f 1316/1365/1214 1317/1366/1215 1318/1367/1216
f 1313/1362/1211 1319/1368/1217 1314/1363/1212
f 1313/1362/1211 1320/1369/1218 1319/1368/1217
f 1321/1370/1219 1318/1367/1216 1317/1366/1215
f 1322/1371/1220 1323/1372/1221 1324/1373/1222
f 1325/1374/1223 1326/1375/1224 1323/1372/1221
f 1327/1376/1225 1328/1377/1226 1329/1378/1227
f 1322/1371/1220 1324/1373/1222 1330/1379/1228
f 1330/1379/1228 1331/1380/1229 1322/1371/1220
f 1327/1376/1225 1312/1361/1210 1332/1381/1230
f 1332/1381/1230 1333/1382/1231 1327/1376/1225
f 1331/1380/1229 1334/1383/1232 1335/1384/1233
f 1316/1365/1214 1331/1380/1229 1335/1384/1233
f 1331/1380/1229 1316/1365/1214 1336/1385/1234
f 1315/1364/1213 1337/1386/1235 1313/1362/1211
f 1338/1387/1236 1336/1385/1234 1318/1367/1216
f 1339/1388/1237 1340/1389/1238 1341/1390/1239
f 1339/1388/1237 1342/1391/1240 1343/1392/1241
f 1343/1392/1241 1342/1391/1240 1344/1393/1242
f 1344/1393/1242 1342/1391/1240 1345/1394/1243
f 1343/1392/1241 1346/1395/1244 1340/1389/1238
f 1347/1396/1245 1340/1389/1238 1348/1397/1246
f 1347/1396/1245 1348/1397/1246 1349/1398/1247
f 1344/1393/1242 1350/1399/1248 1343/1392/1241
f 1351/1400/1249 1352/1401/1250 1353/1402/1251
f 1352/1401/1250 1351/1400/1249 1354/1403/1252
f 1353/1402/1251 1313/1362/1211 1351/1400/1249
f 1355/1404/1253 1356/1405/1254 1337/1386/1235
f 1357/1406/1255 1358/1407/1256 1338/1387/1236
f 1341/1390/1239 1359/1408/1257 1356/1405/1254
f 1345/1394/1243 1342/1391/1240 1357/1406/1255
f 1357/1406/1255 1338/1387/1236 1345/1394/1243
f 1338/1387/1236 1360/1409/1258 1336/1385/1234
f 1323/1372/1221 1361/1410/1259 1329/1378/1227
f 1362/1411/1260 1323/1372/1221 1322/1371/1220
f 1322/1371/1220 1363/1412/1261 1362/1411/1260
f 1329/1378/1227 1364/1413/1262 1327/1376/1225
f 1365/1414/1263 1366/1415/1264 1367/1416/1265
f 1368/1417/1266 1369/1418/1267 1370/1419/1268
f 1367/1416/1265 1371/1420/1269 1365/1414/1263
f 1372/1421/1270 1373/1422/1271 1374/1423/1272
f 1372/1421/1270 1374/1423/1272 1375/1424/1273
f 1375/1424/1273 1376/1425/1274 1377/1426/1275
f 1378/1427/1276 1379/1428/1277 1380/1429/1278
f 1381/1430/1279 1379/1428/1277 1378/1427/1276
f 1381/1430/1279 1382/1431/1280 1383/1432/1281
f 1384/1433/1282 1385/1434/1283 1386/1435/1284
f 1386/1435/1284 1387/1436/1285 1384/1433/1282
f 1388/1437/1286 1389/1438/1287 1390/1439/1288
f 1391/1440/1289 1385/1434/1283 1392/1441/1290
f 1392/1441/1290 1393/1442/1291 1391/1440/1289
f 1388/1437/1286 1377/1426/1275 1389/1438/1287
f 1379/1428/1277 1393/1442/1291 1392/1441/1290
f 1394/1443/1292 1379/1428/1277 1395/1444/1293
f 1377/1426/1275 1396/1445/1294 1397/1446/1295
f 1393/1442/1291 1379/1428/1277 1394/1443/1292
f 1377/1426/1275 1388/1437/1286 1396/1445/1294
f 1384/1433/1282 1398/1447/1296 1399/1448/1297
f 1377/1426/1275 1400/1449/1298 1389/1438/1287
f 1365/1414/1263 1401/1450/1299 1370/1419/1268
f 1384/1433/1282 1402/1451/1300 1403/1452/1301
f 1373/1422/1271 1404/1453/1302 1374/1423/1272
f 1405/1454/1303 1404/1453/1302 1373/1422/1271
f 1406/1455/1304 1400/1449/1298 1376/1425/1274
f 1407/1456/1305 1408/1457/1306 1409/1458/1307
f 1402/1451/1300 1410/1459/1308 1411/1460/1309
f 1403/1452/1301 1412/1461/1310 1413/1462/1311
f 1414/1463/1312 1415/1464/1313 1416/1465/1314
f 1403/1452/1301 1417/1466/1315 1418/1467/1316
f 1419/1468/1317 1373/1422/1271 1371/1420/1269
f 1371/1420/1269 1373/1422/1271 1372/1421/1270
f 1420/1469/1318 1421/1470/1319 1372/1421/1270
f 1398/1447/1296 1383/1432/1281 1382/1431/1280
f 1372/1421/1270 1421/1470/1319 1401/1450/1299
f 1401/1450/1299 1371/1420/1269 1372/1421/1270
f 1368/1417/1266 1399/1448/1297 1422/1471/1320
f 1370/1419/1268 1369/1418/1267 1365/1414/1263
f 1402/1451/1300 1370/1419/1268 1410/1459/1308
f 1365/1414/1263 1369/1418/1267 1366/1415/1264
f 1423/1472/1321 1410/1459/1308 1370/1419/1268
f 1424/1473/1322 1425/1474/1323 1426/1475/1324
f 1426/1475/1324 1425/1474/1323 1427/1476/1325
f 1428/1477/1326 1429/1478/1327 1430/1479/1328
f 1431/1480/1329 1432/1481/1330 1433/1482/1331
f 1434/1483/1332 1435/1484/1333 1436/1485/1334
f 1427/1476/1325 1437/1486/1335 1429/1478/1327
f 1438/1487/1336 1439/1488/1337 1429/1478/1327
f 1440/1489/1338 1441/1490/1339 1442/1491/1340
f 1441/1490/1339 1443/1492/1341 1444/1493/1342
f 1445/1494/1343 1442/1491/1340 1444/1493/1342
f 1446/1495/1344 1447/1496/1345 1448/1497/1346
f 1444/1493/1342 1442/1491/1340 1448/1497/1346
f 1441/1490/1339 1449/1498/1347 1450/1499/1348
f 1444/1493/1342 1451/1500/1349 1449/1498/1347
f 1444/1493/1342 1452/1501/1350 1451/1500/1349
f 1453/1502/1351 1454/1503/1352 1455/1504/1353
f 1456/1505/1354 1447/1496/1345 1454/1503/1352
f 1455/1504/1353 1457/1506/1355 1458/1507/1356
f 1454/1503/1352 1447/1496/1345 1457/1506/1355
f 1458/1507/1356 1459/1508/1357 1460/1509/1358
f 1457/1506/1355 1447/1496/1345 1459/1508/1357
f 1460/1509/1358 1461/1510/1359 1462/1511/1360
f 1462/1511/1360 1463/1512/1361 1464/1513/1362
f 1461/1510/1359 1450/1499/1348 1463/1512/1361
f 1464/1513/1362 1465/1514/1363 1437/1486/1335
f 1463/1512/1361 1450/1499/1348 1465/1514/1363
f 1437/1486/1335 1466/1515/1364 1438/1487/1336
f 1438/1487/1336 1467/1516/1365 1468/1517/1366
f 1466/1515/1364 1449/1498/1347 1467/1516/1365
f 1468/1517/1366 1469/1518/1367 1470/1519/1368
f 1467/1516/1365 1449/1498/1347 1469/1518/1367
f 1470/1519/1368 1471/1520/1369 1472/1521/1370
f 1472/1521/1370 1473/1522/1371 1474/1523/1372
f 1451/1500/1349 1473/1522/1371 1471/1520/1369
f 1474/1523/1372 1475/1524/1373 1476/1525/1374
f 1476/1525/1374 1477/1526/1375 1478/1527/1376
f 1475/1524/1373 1452/1501/1350 1477/1526/1375
f 1478/1527/1376 1479/1528/1377 1480/1529/1378
f 1480/1529/1378 1481/1530/1379 1482/1531/1380
f 1448/1497/1346 1481/1530/1379 1479/1528/1377
f 1482/1531/1380 1456/1505/1354 1453/1502/1351
f 1483/1532/1381 1484/1533/1382 1485/1534/1383
f 1486/1535/1384 1483/1532/1381 1485/1534/1383
f 1487/1536/1385 1484/1533/1382 1483/1532/1381
f 1486/1535/1384 1488/1537/1386 1483/1532/1381
f 1487/1536/1385 1489/1538/1387 1490/1539/1388
f 1491/1540/1389 1492/1541/1390 1489/1538/1387
f 1493/1542/1391 1490/1539/1388 1489/1538/1387
f 1494/1543/1392 1495/1544/1393 1493/1542/1391
f 1486/1535/1384 1495/1544/1393 1494/1543/1392
f 1496/1545/1394 1484/1533/1382 1490/1539/1388
f 1495/1544/1393 1485/1534/1383 1496/1545/1394
f 1497/1546/1395 1498/1547/1396 1499/1548/1397
f 1500/1549/1398 1497/1546/1395 1501/1550/1399
f 1502/1551/1400 1503/1552/1401 1500/1549/1398
f 1500/1549/1398 1504/1553/1402 1502/1551/1400
f 1501/1550/1399 1505/1554/1403 1504/1553/1402
f 1501/1550/1399 1499/1548/1397 1505/1554/1403
f 1506/1555/1404 1502/1551/1400 1504/1553/1402
f 1498/1547/1396 1505/1554/1403 1499/1548/1397
f 1507/1556/1405 1505/1554/1403 1498/1547/1396
f 1507/1556/1405 1498/1547/1396 1508/1557/1406
f 1509/1558/1407 1510/1559/1408 1511/1560/1409
f 146/146/132 159/159/145 126/126/112 1512/1561/1410
f 1512/1561/1410 126/126/112 151/151/137 1513/1562/1411
f 1513/1562/1411 151/151/137 92/92/78 91/91/77
f 87/87/73 85/85/71 88/88/74
f 152/152/138 137/137/123 89/89/75 88/88/74
f 98/98/84 100/100/86 97/97/83 96/96/82
f 137/137/123 152/152/138 95/95/81
f 94/94/80 91/91/77 90/90/76
f 1514/1563/1412 93/93/79 103/103/89 102/102/88
f 1515/1564/1413 119/119/105 149/149/135 1516/1565/1414
f 1514/1563/1412 94/94/80 93/93/79
f 99/99/85 105/105/91 104/104/90
f 109/109/95 108/108/94 101/101/87
f 106/106/92 113/113/99 112/112/98
f 111/111/97 108/108/94 107/107/93
f 116/116/102 111/111/97 110/110/96
f 114/114/100 140/140/126 1517/1566/1415
f 118/118/104 116/116/102 115/115/101
f 1517/1566/1415 140/140/126 163/163/149
f 120/120/106 118/118/104 117/117/103
f 82/82/68 122/122/108 158/158/144 83/83/69
f 1516/1565/1414 149/149/135 159/159/145 146/146/132
f 122/122/108 124/124/110 158/158/144
f 146/146/132 1513/1562/1411 1518/1567/1416 1519/1568/1417
f 83/83/69 143/143/129 1520/1569/1418
f 1519/1568/1417 144/144/130 146/146/132
f 1521/1570/1419 147/147/133 82/82/68
f 126/126/112 150/150/136 1522/1571/1420
f 83/83/69 1520/1569/1418 125/125/111
f 82/82/68 87/87/73 1523/1572/1421 1521/1570/1419
f 1513/1562/1411 94/94/80 1524/1573/1422 1525/1574/1423
f 126/126/112 1522/1571/1420 127/127/113
f 88/88/74 125/125/111 1526/1575/1424
f 1525/1574/1423 1518/1567/1416 1513/1562/1411
f 1527/1576/1425 1523/1572/1421 87/87/73
f 92/92/78 127/127/113 1528/1577/1426
f 88/88/74 1526/1575/1424 128/128/114
f 87/87/73 137/137/123 1529/1578/1427 1527/1576/1425
f 161/161/147 96/96/82 1530/1579/1428 1531/1580/1429
f 92/92/78 1528/1577/1426 130/130/116
f 129/129/115 128/128/114 131/131/117
f 134/134/120 1524/1573/1422 94/94/80
f 136/136/122 1529/1578/1427 137/137/123
f 90/90/76 130/130/116 132/132/118
f 96/96/82 131/131/117 1530/1579/1428
f 93/93/79 132/132/118 1532/1581/1430
f 160/160/146 93/93/79 1532/1581/1430 1533/1582/1431
f 133/133/119 102/102/88 153/153/139 1534/1583/1432
f 1531/1580/1429 1535/1584/1433 161/161/147
f 135/135/121 100/100/86 104/104/90 1536/1585/1434
f 162/162/148 161/161/147 1535/1584/1433 1537/1586/1435
f 1533/1582/1431 1538/1587/1436 160/160/146
f 1534/1583/1432 153/153/139 111/111/97 1539/1588/1437
f 1536/1585/1434 104/104/90 112/112/98 1540/1589/1438
f 110/110/96 160/160/146 1538/1587/1436 1541/1590/1439
f 140/140/126 162/162/148 1542/1591/1440 1543/1592/1441
f 1537/1586/1435 1542/1591/1440 162/162/148
f 111/111/97 1544/1593/1442 1539/1588/1437
f 112/112/98 1545/1594/1443 1540/1589/1438
f 1541/1590/1439 1546/1595/1444 110/110/96
f 1544/1593/1442 111/111/97 154/154/140 1547/1596/1445
f 1545/1594/1443 112/112/98 1517/1566/1415 1548/1597/1446
f 117/117/103 110/110/96 1546/1595/1444 1549/1598/1447
f 1550/1599/1448 154/154/140 155/155/141 1551/1600/1449
f 1543/1592/1441 138/138/124 140/140/126
f 154/154/140 1550/1599/1448 1547/1596/1445
f 1517/1566/1415 1552/1601/1450 1548/1597/1446
f 1549/1598/1447 141/141/127 117/117/103
f 1552/1601/1450 1517/1566/1415 157/157/143 1553/1602/1451
f 167/167/153 1554/1603/1452 202/204/188 194/195/180
f 155/155/141 1555/1604/1453 1551/1600/1449
f 157/157/143 1556/1605/1454 1553/1602/1451
f 124/124/110 139/139/125 1557/1606/1455
f 145/145/131 1555/1604/1453 155/155/141
f 148/148/134 1556/1605/1454 157/157/143
f 149/149/135 142/142/128 1558/1607/1456
f 124/124/110 1557/1606/1455 143/143/129
f 149/149/135 1558/1607/1456 150/150/136
f 1512/1561/1410 1513/1562/1411 146/146/132
f 86/86/72 87/87/73 82/82/68
f 91/91/77 94/94/80 1513/1562/1411
f 89/89/75 137/137/123 87/87/73
f 1514/1563/1412 102/102/88 94/94/80
f 97/97/83 100/100/86 137/137/123
f 98/98/84 96/96/82 161/161/147
f 103/103/89 93/93/79 160/160/146
f 105/105/91 161/161/147 162/162/148
f 107/107/93 160/160/146 110/110/96
f 113/113/99 162/162/148 140/140/126
f 115/115/101 110/110/96 117/117/103
f 140/140/126 139/139/125 156/156/142
f 117/117/103 142/142/128 121/121/107
f 142/142/128 149/149/135 121/121/107
f 1515/1564/1413 1516/1565/1414 155/155/141
f 1516/1565/1414 146/146/132 155/155/141
f 146/146/132 145/145/131 155/155/141
f 82/82/68 148/148/134 122/122/108
f 82/82/68 84/84/70 86/86/72
f 85/85/71 84/84/70 83/83/69
f 137/137/123 95/95/81 97/97/83
f 102/102/88 101/101/87 153/153/139
f 100/100/86 99/99/85 104/104/90
f 161/161/147 99/99/85 98/98/84
f 104/104/90 106/106/92 112/112/98
f 107/107/93 109/109/95 160/160/146
f 162/162/148 106/106/92 105/105/91
f 112/112/98 114/114/100 1517/1566/1415
f 140/140/126 114/114/100 113/113/99
f 118/118/104 120/120/106 155/155/141
f 1517/1566/1415 163/163/149 157/157/143
f 155/155/141 119/119/105 1515/1564/1413
f 157/157/143 123/123/109 122/122/108
f 124/124/110 123/123/109 156/156/142
f 149/149/135 119/119/105 121/121/107
f 1554/1603/1452 167/167/153 169/169/155
f 164/164/150 171/171/157 165/165/151
f 170/170/156 165/165/151 171/171/157
f 187/187/173 170/170/156 172/172/158
f 175/175/161 174/174/160 189/189/175
f 192/193/178 180/212/166 179/191/165
f 1559/1608/1457 192/193/178 191/192/177
f 184/184/170 183/183/169 166/166/152
f 1554/1603/1452 1559/1608/1457 202/204/188
f 184/184/170 166/166/152 165/165/151
f 1560/1609/1458 165/165/151 170/170/156 197/198/183
f 165/165/151 1560/1609/1458 184/184/170
f 168/168/154 167/167/153 194/195/180 185/185/171
f 176/227/162 173/173/159 190/190/176 177/202/163
f 188/188/174 187/187/173 178/178/164
f 188/188/174 178/178/164 177/177/163
f 193/194/179 184/184/170 1560/1609/1458 196/197/182
f 1561/1610/1459 179/179/165 181/181/167
f 181/181/167 182/182/168 1561/1610/1459
f 182/182/168 181/181/167 183/183/169
f 191/192/177 202/204/188 1559/1608/1457
f 194/195/180 202/204/188 201/203/187 195/196/181
f 179/179/165 1561/1610/1459 283/296/269 285/1611/271
f 1560/1609/1458 197/198/183 196/197/182
f 197/198/183 170/170/156 188/188/174
f 175/175/161 292/305/278 190/190/176
f 175/175/161 186/186/172 185/185/171
f 196/197/182 198/199/184 193/194/179
f 201/203/187 280/292/266 195/196/181
f 195/196/181 280/292/266 185/185/171
f 292/305/278 175/175/161 185/185/171
f 199/200/185 188/188/174 177/177/163
f 292/305/278 200/201/186 190/190/176
f 177/177/163 200/294/186 199/200/185
f 285/1612/271 203/205/189 191/192/177 179/191/165
f 182/182/168 193/194/179 283/296/269 1561/1610/1459
f 238/244/224 212/215/198 219/222/205 226/230/212
f 1559/1608/1457 1554/1603/1452 217/220/203
f 204/206/190 166/166/152 183/183/169
f 169/169/155 217/220/203 1554/1603/1452
f 169/169/155 168/168/154 218/221/204
f 206/208/192 207/209/193 172/172/158
f 186/186/172 208/210/194 168/168/154
f 1562/1613/1460 1563/1614/1461 181/181/167
f 181/181/167 180/180/166 1562/1613/1460
f 192/193/178 224/228/210 209/211/195
f 181/181/167 1563/1614/1461 205/207/191
f 217/220/203 192/193/178 1559/1608/1457
f 217/220/203 224/228/210 192/193/178
f 204/206/190 215/218/201 237/243/223
f 218/221/204 168/168/154 208/210/194
f 207/209/193 221/224/207 187/187/173
f 228/232/214 204/206/190 237/243/223
f 169/169/155 219/222/205 212/215/198
f 169/169/155 212/215/198 214/217/200
f 228/232/214 220/223/206 164/164/150
f 164/164/150 204/206/190 228/232/214
f 220/223/206 206/208/192 171/171/157
f 221/224/207 222/225/208 178/178/164
f 173/173/159 210/213/196 174/174/160
f 210/213/196 173/173/159 223/226/209
f 176/176/162 222/225/208 223/238/209
f 1564/1615/1462 215/218/201 205/207/191
f 205/207/191 1563/1614/1461 1564/1615/1462
f 228/232/214 237/243/223 235/241/221
f 206/208/192 220/223/206 227/231/213 231/235/217
f 227/231/213 228/232/214 235/241/221
f 208/210/194 232/236/218 229/233/215 218/221/204
f 229/233/215 219/222/205 218/221/204
f 1565/1616/1463 252/1617/238 250/256/236 249/255/235
f 211/214/197 189/189/175 174/174/160
f 238/244/224 226/230/212 251/257/237
f 241/247/227 226/230/212 225/229/211
f 231/235/217 227/231/213 240/246/226
f 229/233/215 277/289/263 241/247/227
f 230/234/216 231/235/217 243/249/229
f 243/249/229 245/251/231 230/234/216
f 232/236/218 244/250/230 277/289/263
f 277/289/263 229/233/215 232/236/218
f 221/224/207 230/234/216 245/251/231
f 211/214/197 247/253/233 244/250/230
f 221/224/207 246/252/232 222/225/208
f 247/253/233 210/213/196 233/239/219
f 233/239/219 246/1618/232 247/253/233
f 1566/1619/1464 252/258/238 259/265/245 269/285/255
f 252/258/238 1565/1620/1463 253/259/239
f 259/265/245 1567/1621/1465 257/263/243
f 257/263/243 267/273/253 258/264/244
f 260/266/246 254/260/240 261/267/247
f 257/263/243 264/270/250 267/273/253
f 263/269/249 266/281/252 265/1622/251
f 263/269/249 265/1622/251 268/274/254
f 269/275/255 250/256/236 1566/1623/1464
f 246/252/232 245/251/231 262/268/248 268/274/254
f 259/265/245 252/258/238 1567/1621/1465
f 259/265/245 258/264/244 275/284/261
f 274/282/260 263/269/249 261/267/247
f 267/273/253 266/272/252 273/279/259
f 276/287/262 274/282/260 261/267/247
f 273/280/259 274/282/260 276/287/262
f 239/245/225 234/240/220 256/262/242
f 256/262/242 255/261/241 239/245/225
f 242/248/228 257/263/243 1567/1621/1465
f 255/261/241 260/266/246 239/245/225
f 243/249/229 239/245/225 260/266/246
f 277/289/263 264/270/250 257/263/243
f 260/266/246 262/268/248 243/249/229
f 244/250/230 265/271/251 264/270/250
f 265/271/251 247/253/233 246/1618/232 268/1624/254
f 284/1625/270 279/291/265 201/203/187 203/205/189
f 252/258/238 1566/1619/1464 250/1626/236
f 251/257/237 1567/1621/1465 252/258/238
f 256/262/242 234/240/220 250/256/236
f 1567/1621/1465 251/257/237 242/248/228
f 291/304/277 198/199/184 197/198/183
f 291/304/277 197/198/183 199/200/185
f 292/305/278 185/185/171 281/293/267
f 203/205/189 285/1612/271 284/1625/270
f 193/194/179 278/290/264 283/296/269
f 286/299/272 290/303/276 297/311/283 278/290/264
f 288/301/274 287/300/273 1568/1627/1466 281/293/267
f 279/291/265 288/301/274 280/292/266
f 198/199/184 291/304/277 286/299/272
f 288/301/274 281/293/267 280/292/266
f 287/300/273 302/318/288 301/319/287 1568/1627/1466
f 289/302/275 291/304/277 282/295/268
f 293/306/279 281/293/267 1568/1627/1466
f 289/302/275 282/295/268 294/307/280
f 294/307/280 1568/1628/1466 289/302/275
f 294/308/280 293/306/279 1568/1627/1466
f 295/309/281 283/296/269 278/290/264
f 297/311/283 295/309/281 278/290/264
f 287/300/273 296/313/282 298/317/284
f 279/291/265 284/1625/270 296/313/282
f 300/315/286 297/311/283 290/303/276
f 289/302/275 300/315/286 290/303/276
f 338/356/324 340/358/326 1569/1629/1467 1570/1630/1468
f 301/316/287 289/302/275 1568/1628/1466
f 299/314/285 305/322/291 300/315/286
f 301/316/287 304/1631/290 299/314/285
f 303/323/289 298/312/284 300/315/286
f 302/318/288 298/317/284 303/320/289
f 307/325/293 306/324/292 334/352/320
f 1571/1632/1469 337/355/323 1572/1633/1470
f 1573/1634/1471 307/325/293 1574/1635/1472
f 1573/1634/1471 308/326/294 307/325/293
f 1572/1633/1470 337/355/323 310/328/296
f 1572/1633/1470 310/328/296 309/327/295
f 1573/1634/1471 1574/1635/1472 1575/1636/1473
f 316/334/302 1573/1634/1471 1575/1636/1473
f 311/329/297 310/328/296 312/330/298
f 316/334/302 1575/1636/1473 317/335/303
f 315/333/301 317/335/303 319/337/305
f 314/332/300 1576/1637/1474 318/336/304
f 318/336/304 1576/1637/1474 1577/1638/1475
f 1577/1638/1475 1576/1637/1474 1578/1639/1476
f 1576/1637/1474 324/342/310 1578/1639/1476
f 326/344/312 1578/1639/1476 324/342/310
f 327/345/313 322/340/308 328/346/314
f 323/341/309 322/340/308 327/345/313
f 325/343/311 324/342/310 330/348/316
f 332/350/318 329/347/315 1579/1640/1477
f 331/349/317 330/348/316 335/353/321
f 334/352/320 332/350/318 1579/1640/1477
f 333/351/319 331/349/317 336/354/322
f 336/354/322 337/355/323 1571/1632/1469
f 342/360/328 372/390/358 369/387/355
f 1570/1630/1468 1569/1629/1467 346/364/332 345/363/331
f 341/359/327 372/390/358 342/360/328
f 358/376/344 364/382/350 363/381/349 357/375/343
f 348/366/334 341/359/327 343/361/329
f 1580/1641/1478 344/362/330 346/364/332
f 1580/1641/1478 353/371/339 344/362/330
f 1580/1641/1478 351/369/337 353/371/339
f 350/368/336 354/372/340 349/367/335
f 356/374/342 1581/1642/1479 352/370/338
f 356/374/342 361/379/347 1581/1642/1479
f 361/379/347 360/378/346 1581/1642/1479
f 368/386/354 365/383/351 366/384/352 367/385/353
f 1582/1643/1480 362/380/348 364/382/350
f 362/380/348 1582/1643/1480 371/389/357 1583/1644/1481
f 374/392/360 1584/1645/1482 1585/1646/1483 387/405/373
f 371/389/357 370/388/356 1583/1644/1481
f 340/358/326 339/357/325 367/385/353
f 392/410/378 1586/1647/1484 379/397/365
f 1586/1647/1484 377/395/363 379/397/365
f 375/393/361 374/392/360 384/402/370
f 1587/1648/1485 375/393/361 384/402/370
f 383/401/369 1587/1648/1485 384/402/370
f 380/398/366 381/399/367 1588/1649/1486
f 380/398/366 1588/1649/1486 1589/1650/1487
f 1589/1650/1487 389/407/375 380/398/366
f 389/407/375 390/408/376 386/404/372
f 388/406/374 387/405/373 1585/1646/1483
f 387/405/373 384/402/370 374/392/360
f 1590/1651/1488 1591/1652/1489 1592/1653/1490 1593/1654/1491
f 391/409/377 393/411/379 379/397/365
f 1594/1655/1492 1584/1645/1482 374/392/360
f 1594/1655/1492 374/392/360 373/391/359
f 394/412/380 396/414/382 1595/1656/1493 395/413/381
f 395/413/381 1595/1656/1493 396/414/382
f 1593/1654/1491 1592/1653/1490 1591/1652/1489
f 1593/1654/1491 1591/1652/1489 1590/1651/1488
f 397/415/383 399/417/385 1596/1657/1494 398/416/384
f 1597/1658/1495 1598/1659/1496 1599/1660/1497
f 1599/1660/1497 1598/1659/1496 1600/1661/1498 1597/1658/1495
f 1597/1658/1495 1600/1661/1498 1598/1659/1496
f 398/416/384 1596/1657/1494 399/417/385
f 1601/1662/1499 1602/1663/1500 1603/1664/1501 1604/1665/1502
f 400/418/386 402/420/388 1605/1666/1503 401/419/387
f 401/419/387 1605/1666/1503 402/420/388
f 1604/1665/1502 1603/1664/1501 1602/1663/1500
f 1604/1665/1502 1602/1663/1500 1601/1662/1499
f 403/421/389 405/423/391 1606/1667/1504 404/422/390
f 1607/1668/1505 1608/1669/1506 1609/1670/1507
f 1609/1670/1507 1608/1669/1506 1610/1671/1508 1607/1668/1505
f 1607/1668/1505 1610/1671/1508 1608/1669/1506
f 404/422/390 1606/1667/1504 405/423/391
f 1611/1672/1509 1612/1673/1510 1613/1674/1511 1614/1675/1512
f 406/424/392 408/426/394 1615/1676/1513 407/425/393
f 407/425/393 1615/1676/1513 408/426/394
f 1614/1675/1512 1613/1674/1511 1612/1673/1510
f 1614/1675/1512 1612/1673/1510 1611/1672/1509
f 409/427/395 411/429/397 1616/1677/1514 410/428/396
f 1617/1678/1515 1618/1679/1516 1619/1680/1517
f 1619/1680/1517 1618/1679/1516 1620/1681/1518 1617/1678/1515
f 1617/1678/1515 1620/1681/1518 1618/1679/1516
f 410/428/396 1616/1677/1514 411/429/397
f 1621/1682/1519 1622/1683/1520 1623/1684/1521 1624/1685/1522
f 412/430/398 414/432/400 1625/1686/1523 413/431/399
f 413/431/399 1625/1686/1523 414/432/400
f 1624/1685/1522 1623/1684/1521 1622/1683/1520
f 1624/1685/1522 1622/1683/1520 1621/1682/1519
f 415/433/401 417/435/403 1626/1687/1524 416/434/402
f 1627/1688/1525 1628/1689/1526 1629/1690/1527
f 1629/1690/1527 1628/1689/1526 1630/1691/1528 1627/1688/1525
f 1627/1688/1525 1630/1691/1528 1628/1689/1526
f 416/434/402 1626/1687/1524 417/435/403
f 1631/1692/1529 1632/1693/1530 1633/1694/1531 1634/1695/1532
f 418/436/404 420/438/406 1635/1696/1533 419/437/405
f 419/437/405 1635/1696/1533 420/438/406
f 1634/1695/1532 1633/1694/1531 1632/1693/1530
f 1634/1695/1532 1632/1693/1530 1631/1692/1529
f 421/439/407 423/441/409 1636/1697/1534 422/440/408
f 1637/1698/1535 1638/1699/1536 1639/1700/1537
f 1639/1700/1537 1638/1699/1536 1640/1701/1538 1637/1698/1535
f 1637/1698/1535 1640/1701/1538 1638/1699/1536
f 422/440/408 1636/1697/1534 423/441/409
f 1641/1702/1539 1642/1703/1540 1643/1704/1541 1644/1705/1542
f 424/442/410 426/444/412 1645/1706/1543 425/443/411
f 425/443/411 1645/1706/1543 426/444/412
f 1644/1705/1542 1643/1704/1541 1642/1703/1540
f 1644/1705/1542 1642/1703/1540 1641/1702/1539
f 427/445/413 429/447/415 1646/1707/1544 428/446/414
f 1647/1708/1545 1648/1709/1546 1649/1710/1547
f 1649/1710/1547 1648/1709/1546 1650/1711/1548 1647/1708/1545
f 1647/1708/1545 1650/1711/1548 1648/1709/1546
f 428/446/414 1646/1707/1544 429/447/415
f 1651/1712/1549 1652/1713/1550 1653/1714/1551 1654/1715/1552
f 430/448/416 432/450/418 1655/1716/1553 431/449/417
f 431/449/417 1655/1716/1553 432/450/418
f 1654/1715/1552 1653/1714/1551 1652/1713/1550
f 1654/1715/1552 1652/1713/1550 1651/1712/1549
f 433/451/419 435/453/421 1656/1717/1554 434/452/420
f 1657/1718/1555 1658/1719/1556 1659/1720/1557
f 1659/1720/1557 1658/1719/1556 1660/1721/1558 1657/1718/1555
f 1657/1718/1555 1660/1721/1558 1658/1719/1556
f 434/452/420 1656/1717/1554 435/453/421
f 1661/1722/1559 1662/1723/1560 1663/1724/1561 1664/1725/1562
f 436/454/422 438/456/424 1665/1726/1563 437/455/423
f 437/455/423 1665/1726/1563 438/456/424
f 1664/1725/1562 1663/1724/1561 1662/1723/1560
f 1664/1725/1562 1662/1723/1560 1661/1722/1559
f 439/457/425 441/459/427 1666/1727/1564 440/458/426
f 1667/1728/1565 1668/1729/1566 1669/1730/1567
f 1669/1730/1567 1668/1729/1566 1670/1731/1568 1667/1728/1565
f 1667/1728/1565 1670/1731/1568 1668/1729/1566
f 440/458/426 1666/1727/1564 441/459/427
f 1671/1732/1569 1672/1733/1570 1673/1734/1571 1674/1735/1572
f 442/460/428 444/462/430 1675/1736/1573 443/461/429
f 443/461/429 1675/1736/1573 444/462/430
f 1674/1735/1572 1673/1734/1571 1672/1733/1570
f 1674/1735/1572 1672/1733/1570 1671/1732/1569
f 445/463/431 447/465/433 1676/1737/1574 446/464/432
f 1677/1738/1575 1678/1739/1576 1679/1740/1577
f 1679/1740/1577 1678/1739/1576 1680/1741/1578 1677/1738/1575
f 1677/1738/1575 1680/1741/1578 1678/1739/1576
f 446/464/432 1676/1737/1574 447/465/433
f 1681/1742/1579 1682/1743/1580 1683/1744/1581 1684/1745/1582
f 448/466/434 450/468/436 1685/1746/1583 449/467/435
f 449/467/435 1685/1746/1583 450/468/436
f 1684/1745/1582 1683/1744/1581 1682/1743/1580
f 1684/1745/1582 1682/1743/1580 1681/1742/1579
f 451/469/437 453/471/439 1686/1747/1584 452/470/438
f 1687/1748/1585 1688/1749/1586 1689/1750/1587
f 1689/1750/1587 1688/1749/1586 1690/1751/1588 1687/1748/1585
f 1687/1748/1585 1690/1751/1588 1688/1749/1586
f 452/470/438 1686/1747/1584 453/471/439
f 1691/1752/1589 1692/1753/1590 1693/1754/1591 1694/1755/1592
f 454/472/440 456/474/442 1695/1756/1593 455/473/441
f 455/473/441 1695/1756/1593 456/474/442
f 1694/1755/1592 1693/1754/1591 1692/1753/1590
f 1694/1755/1592 1692/1753/1590 1691/1752/1589
f 457/475/443 459/477/445 1696/1757/1594 458/476/444
f 1697/1758/1595 1698/1759/1596 1699/1760/1597
f 1699/1760/1597 1698/1759/1596 1700/1761/1598 1697/1758/1595
f 1697/1758/1595 1700/1761/1598 1698/1759/1596
f 458/476/444 1696/1757/1594 459/477/445
f 1701/1762/1599 1702/1763/1600 1703/1764/1601 1704/1765/1602
f 460/478/446 462/480/448 1705/1766/1603 461/479/447
f 461/479/447 1705/1766/1603 462/480/448
f 1704/1765/1602 1703/1764/1601 1702/1763/1600
f 1704/1765/1602 1702/1763/1600 1701/1762/1599
f 463/481/449 465/483/451 1706/1767/1604 464/482/450
f 1707/1768/1605 1708/1769/1606 1709/1770/1607
f 1709/1770/1607 1708/1769/1606 1710/1771/1608 1707/1768/1605
f 1707/1768/1605 1710/1771/1608 1708/1769/1606
f 464/482/450 1706/1767/1604 465/483/451
f 765/790/751 759/784/745 758/783/744 748/773/734
f 758/783/744 749/774/735 748/773/734
f 1711/1772/1609 752/777/738 751/776/737 763/788/749
f 470/488/456 756/781/742 471/489/457
f 1711/1772/1609 763/788/749 1712/1773/1610
f 1712/1773/1610 1713/1774/1611 1711/1772/1609
f 471/489/457 756/781/742 1714/1775/1612
f 1714/1775/1612 774/799/760 471/489/457
f 474/492/460 473/491/459 480/498/466 754/779/740
f 473/491/459 475/493/461 487/505/473 479/497/465
f 478/496/464 477/495/463 486/504/472
f 486/504/472 761/786/747 484/502/470
f 761/786/747 486/504/472 477/495/463 481/499/467
f 1715/1776/1613 1716/1777/1614 490/508/476 489/507/475
f 494/512/480 762/787/748 492/510/478
f 494/512/480 493/511/479 1717/1778/1615
f 491/509/477 490/508/476 1716/1777/1614 503/521/489
f 1718/1779/1616 1716/1777/1614 1715/1776/1613 773/798/759
f 493/511/479 496/514/482 1719/1780/1617
f 1719/1780/1617 1717/1778/1615 493/511/479
f 491/509/477 503/521/489 1720/1781/1618
f 495/513/481 497/515/483 1721/1782/1619
f 499/517/485 498/516/484 1721/1782/1619
f 501/519/487 503/521/489 1716/1777/1614 1718/1779/1616
f 1722/1783/1620 469/487/455 466/484/452 757/782/743
f 496/514/482 500/518/486 1719/1780/1617
f 496/514/482 495/513/481 498/516/484
f 503/521/489 502/520/488 1720/1781/1618
f 498/516/484 495/513/481 1721/1782/1619
f 749/774/735 758/783/744 764/789/750 755/780/741
f 756/781/742 470/488/456 469/487/455 1722/1783/1620
f 517/535/503 516/534/502 510/528/496 558/576/544
f 751/776/737 755/780/741 763/788/749
f 504/522/490 555/573/541 505/523/491
f 504/522/490 511/529/497 555/573/541
f 510/528/496 509/527/495 558/576/544
f 511/529/497 504/522/490 668/687/654
f 511/529/497 513/531/499 555/573/541
f 526/544/512 522/540/508 528/546/514 566/584/552
f 511/529/497 668/687/654 514/532/500
f 511/529/497 515/533/501 512/530/498
f 515/533/501 523/541/509 512/530/498
f 514/532/500 521/539/507 515/533/501
f 518/536/504 520/538/506 524/542/510
f 525/543/511 524/542/510 530/548/516
f 522/540/508 521/539/507 527/545/513
f 529/547/515 684/703/670 525/543/511
f 529/547/515 525/543/511 530/548/516
f 567/585/553 687/706/673 529/547/515 531/549/517
f 569/587/555 566/584/552 528/546/514 532/550/518
f 687/706/673 684/703/670 529/547/515
f 572/590/558 536/554/522 687/706/673 567/585/553
f 569/587/555 532/550/518 534/552/520 539/557/525
f 1723/1784/1621 578/596/564 551/569/537 550/568/536
f 534/552/520 533/551/519 540/558/526
f 537/555/523 572/590/558 543/561/529
f 537/555/523 536/554/522 572/590/558
f 542/560/528 537/555/523 543/561/529
f 542/560/528 544/562/530 1723/1784/1621
f 541/559/527 546/564/532 545/563/531
f 545/563/531 548/566/534 538/556/524
f 550/568/536 542/560/528 1723/1784/1621
f 557/575/543 509/527/495 508/526/494 1724/1785/1622
f 546/564/532 506/524/492 547/565/533
f 551/569/537 578/596/564 508/526/494
f 547/565/533 506/524/492 552/570/538
f 507/525/493 551/569/537 508/526/494
f 505/523/491 554/572/540 553/571/539
f 1725/1786/1623 1723/1784/1621 544/562/530 575/593/561
f 556/574/542 554/572/540 555/573/541
f 557/575/543 559/577/545 558/576/544
f 513/531/499 560/578/546 556/574/542
f 561/579/547 560/578/546 512/530/498
f 520/538/506 559/577/545 562/580/548
f 563/581/549 561/579/547 523/541/509
f 524/542/510 562/580/548 564/582/550
f 565/583/551 563/581/549 526/544/512
f 564/582/550 568/586/554 531/549/517
f 566/584/552 570/588/556 565/583/551
f 568/586/554 571/589/557 567/585/553
f 571/589/557 1726/1787/1624 572/590/558
f 539/557/525 574/592/560 570/588/556
f 1726/1787/1624 573/591/559 572/590/558
f 538/556/524 576/594/562 574/592/560
f 543/561/529 573/591/559 575/593/561
f 578/596/564 1723/1784/1621 1725/1786/1623 577/595/563
f 548/566/534 553/571/539 576/594/562
f 584/602/570 731/752/717 586/754/572 582/600/568
f 508/526/494 577/595/563 1724/1785/1622
f 581/599/567 580/598/566 732/1788/718
f 591/610/577 590/609/576 598/617/584 1727/1789/1625
f 582/600/568 1728/1790/1626 583/601/569
f 585/603/571 586/605/572 781/806/767
f 582/600/568 591/610/577 1728/1790/1626
f 590/609/576 582/600/568 585/1791/571
f 783/808/769 588/607/574 592/611/578
f 599/618/585 598/617/584 734/759/720
f 734/759/720 590/609/576 797/826/783
f 598/617/584 597/616/583 737/762/723 601/620/587
f 590/609/576 734/759/720 598/617/584
f 592/611/578 594/613/580 596/615/582
f 598/617/584 602/621/588 1727/1789/1625
f 607/626/593 595/614/581 594/613/580 603/622/589
f 601/620/587 737/762/723 610/629/596 605/624/591
f 603/622/589 594/613/580 600/619/586
f 601/620/587 606/625/592 602/621/588
f 614/633/600 616/635/602 741/766/727 608/627/594
f 608/627/594 603/622/589 604/623/590
f 605/624/591 612/631/598 606/625/592
f 741/766/727 607/626/593 608/627/594
f 625/644/611 626/645/612 617/636/603 621/640/607
f 614/633/600 611/630/597 620/639/606
f 609/628/595 618/637/604 615/634/601
f 617/636/603 614/633/600 621/640/607
f 621/640/607 620/639/606 624/643/610
f 631/650/617 622/641/608 618/637/604 628/647/614
f 635/654/621 634/653/620 625/644/611 1729/1792/1627
f 628/647/614 618/637/604 623/642/609
f 625/644/611 624/643/610 1729/1792/1627
f 627/646/613 625/644/611 634/653/620
f 632/651/618 628/647/614 629/648/615
f 646/665/632 647/666/633 640/659/626 636/655/622
f 636/655/622 641/660/627 634/653/620
f 638/657/624 632/651/618 633/652/619
f 636/655/622 635/654/621 1730/1793/1628
f 644/663/630 655/674/641 652/671/638 643/662/629
f 644/663/630 638/657/624 639/658/625
f 636/655/622 1730/1793/1628 645/664/631
f 648/667/634 646/665/632 651/670/637
f 660/679/646 747/772/733 731/752/717 584/602/570
f 646/665/632 645/664/631 650/669/636
f 653/672/639 651/670/637 658/677/644
f 651/670/637 650/669/636 657/676/643
f 747/772/733 660/679/646 652/671/638
f 652/671/638 656/675/642 747/772/733
f 660/679/646 662/681/648 654/673/640
f 704/723/690 667/686/653 708/1794/694 703/722/689
f 584/602/570 583/601/569 662/681/648
f 665/684/651 663/682/649 705/724/691
f 514/532/500 668/687/654 672/691/658 675/694/661
f 506/524/492 705/724/691 663/682/649
f 667/686/653 704/723/690 507/525/493
f 712/732/698 708/1794/694 667/686/653
f 712/732/698 667/686/653 670/689/656
f 663/682/649 666/685/652 504/522/490
f 670/689/656 667/686/653 510/528/496
f 735/760/721 712/732/698 670/689/656
f 735/760/721 670/689/656 674/693/660
f 668/687/654 669/688/655 672/691/658
f 674/693/660 670/689/656 516/534/502
f 673/692/659 735/760/721 674/693/660
f 674/693/660 516/534/502 519/537/505
f 711/730/697 793/821/779 666/685/652 664/683/650
f 519/537/505 676/695/662 673/692/659
f 521/539/507 675/694/661 718/738/704
f 677/696/663 518/536/504 525/543/511
f 718/738/704 717/737/703 679/698/665
f 521/539/507 718/738/704 679/698/665
f 678/697/664 525/543/511 684/703/670
f 527/545/513 682/701/668 528/546/514
f 680/699/666 678/697/664 684/703/670
f 686/705/672 746/771/732 689/708/675
f 688/707/674 683/702/669 690/709/676
f 689/708/675 533/551/519 532/550/518
f 746/771/732 692/711/678 533/551/519
f 746/771/732 533/551/519 689/708/675
f 691/710/677 690/709/676 693/712/679
f 690/709/676 536/554/522 535/553/521
f 692/711/678 695/714/681 540/558/526
f 695/714/681 694/713/680 726/746/712
f 698/717/684 693/712/679 537/555/523
f 695/714/681 726/746/712 700/719/686
f 699/718/685 698/717/684 702/721/688
f 702/721/688 698/717/684 542/560/528
f 702/721/688 542/560/528 550/568/536
f 700/719/686 1731/1795/1629 546/564/532
f 701/720/687 699/718/685 702/721/688
f 549/567/535 702/721/688 550/568/536
f 706/725/692 705/724/691 1731/1795/1629
f 546/564/532 705/724/691 506/524/492
f 546/564/532 1731/1795/1629 705/724/691
f 704/723/690 701/720/687 549/567/535
f 704/723/690 549/567/535 507/525/493
f 730/751/716 710/750/696 665/684/651
f 707/753/693 703/722/689 708/1794/694
f 664/1796/650 665/1797/651 710/755/696
f 709/731/695 708/1794/694 712/732/698
f 1732/1798/1630 1733/1799/1631 671/690/657 669/688/655
f 669/688/655 666/685/652 793/821/779
f 669/688/655 793/821/779 800/829/786
f 715/735/701 712/732/698 735/760/721
f 673/692/659 738/763/724 733/758/719 735/760/721
f 1733/1799/1631 739/764/725 675/694/661 671/690/657
f 676/695/662 736/761/722 738/763/724 673/692/659
f 739/764/725 716/736/702 718/738/704 675/694/661
f 677/696/663 740/765/726 736/761/722 676/695/662
f 743/768/729 742/767/728 680/699/666 685/704/671
f 740/765/726 677/696/663 678/697/664
f 681/700/667 740/765/726 678/697/664
f 681/700/667 680/699/666 742/767/728
f 719/739/705 682/701/668 679/698/665
f 744/769/730 743/768/729 685/704/671 688/707/674
f 720/740/706 686/705/672 682/701/668
f 723/743/709 744/769/730 688/707/674 691/710/677
f 721/741/707 746/771/732 686/705/672
f 783/808/769 592/611/578 669/688/655 800/829/786
f 694/713/680 692/711/678 746/771/732
f 691/710/677 693/712/679 722/742/708
f 696/715/682 699/718/685 724/744/710
f 727/747/713 1731/1795/1629 700/719/686
f 706/725/692 1731/1795/1629 727/747/713
f 728/748/714 701/720/687 703/722/689
f 665/684/651 706/725/692 730/751/716
f 581/599/567 732/1788/718 729/749/715
f 709/728/695 781/806/767 586/605/572
f 586/605/572 707/726/693 709/728/695
f 1732/1798/1630 669/688/655 592/611/578 596/615/582
f 797/826/783 715/735/701 735/760/721 734/759/720
f 1733/1799/1631 1732/1798/1630 596/615/582 595/614/581
f 733/758/719 599/618/585 734/759/720
f 599/618/585 733/758/719 738/763/724 597/616/583
f 739/764/725 1733/1799/1631 595/614/581 607/626/593
f 740/765/726 681/700/667 613/632/599 610/629/596
f 738/763/724 737/762/723 597/616/583
f 607/626/593 741/766/727 716/736/702
f 740/765/726 610/629/596 737/762/723
f 717/737/703 741/766/727 616/635/602
f 627/646/613 721/741/707 720/740/706 626/645/612
f 717/737/703 616/635/602 617/636/603
f 720/740/706 617/636/603 626/645/612
f 694/713/680 640/659/626 647/666/633 726/746/712
f 721/741/707 627/646/613 745/770/731
f 623/642/609 633/652/619 629/648/615
f 745/770/731 627/646/613 634/653/620
f 746/771/732 745/770/731 641/660/627
f 641/660/627 694/713/680 746/771/732
f 723/743/709 722/742/708 639/658/625
f 745/770/731 634/653/620 641/660/627
f 722/742/708 697/716/683 639/658/625
f 655/674/641 644/663/630 697/716/683 724/744/710
f 656/675/642 655/674/641 724/744/710 699/718/685
f 647/666/633 725/745/711 726/746/712
f 648/667/634 725/745/711 647/666/633
f 728/748/714 747/772/733 656/675/642 699/718/685
f 653/672/639 727/747/713 725/745/711
f 653/672/639 659/678/645 706/725/692 727/747/713
f 1721/1782/1619 481/499/467 770/795/756 499/517/485
f 731/752/717 728/748/714 703/722/689
f 731/752/717 703/722/689 707/753/693
f 729/749/715 659/678/645 581/599/567
f 771/796/757 466/484/452 468/486/454
f 771/796/757 1714/1775/1612 466/484/452
f 749/774/735 751/776/737 750/775/736
f 771/796/757 774/799/760 1714/1775/1612
f 752/777/738 767/792/753 750/775/736
f 753/778/739 501/519/487 1718/1779/1616
f 481/499/467 476/494/462 769/794/755
f 775/800/761 469/487/455 470/488/456 472/490/458
f 481/499/467 769/794/755 770/795/756
f 756/781/742 466/484/452 1714/1775/1612
f 1712/1773/1610 758/783/744 760/785/746 1713/1774/1611
f 1720/1781/1618 487/505/473 777/802/763 491/509/477
f 469/487/455 775/800/761 467/485/453
f 488/506/474 491/509/477 777/802/763
f 483/501/469 482/500/468 776/801/762
f 778/803/764 484/502/470 761/786/747
f 489/507/475 472/490/458 471/489/457 1715/1776/1613
f 762/787/748 778/803/764 761/786/747
f 487/505/473 483/501/469 776/801/762
f 487/505/473 776/801/762 777/802/763
f 763/788/749 758/783/744 1712/1773/1610
f 474/492/460 754/779/740 468/486/454
f 478/496/464 765/790/751 476/494/462
f 748/773/734 476/494/462 765/790/751
f 485/503/471 484/502/470 759/784/745
f 494/512/480 1717/1778/1615 1713/1774/1611
f 1717/1778/1615 1719/1780/1617 1711/1772/1609 1713/1774/1611
f 773/798/759 1715/1776/1613 471/489/457 774/799/760
f 500/518/486 752/777/738 1711/1772/1609 1719/1780/1617
f 780/1800/766 790/818/776 590/609/576 585/1791/571
f 754/779/740 753/778/739 772/797/758
f 772/797/758 468/486/454 754/779/740
f 753/778/739 1718/1779/1616 773/798/759
f 770/795/756 768/793/754 766/791/752
f 766/791/752 499/517/485 770/795/756
f 772/797/758 773/798/759 774/799/760
f 768/793/754 750/775/736 767/792/753
f 767/792/753 766/791/752 768/793/754
f 777/802/763 775/800/761 488/506/474
f 472/490/458 488/506/474 775/800/761
f 760/785/746 494/512/480 1713/1774/1611
f 778/803/764 762/787/748 760/785/746
f 760/785/746 759/784/745 484/502/470
f 787/1801/773 732/1802/718 580/1803/566
f 781/1804/767 780/1805/766 585/1806/571
f 782/807/768 783/808/769 799/828/785
f 786/811/772 797/826/783 590/609/576
f 799/828/785 791/819/777 782/807/768
f 788/814/774 580/813/566 588/1807/574
f 789/1808/775 790/1809/776 780/805/766
f 788/817/774 791/819/777 1734/1810/1632
f 1734/1810/1632 787/1811/773 788/817/774
f 789/815/775 780/1812/766 779/816/765
f 1735/1813/1633 792/820/778 711/730/697 710/729/696
f 790/818/776 789/815/775 784/809/770
f 784/809/770 786/811/772 790/818/776
f 800/829/786 793/821/779 796/824/782 798/827/784
f 713/733/699 794/822/780 709/731/695
f 1736/1814/1634 714/734/700 715/735/701 1737/1815/1635
f 814/845/800 813/844/799 1738/1816/1636 837/872/823
f 714/734/700 1736/1814/1634 794/822/780
f 787/812/773 1734/1817/1632 1735/1818/1633
f 1735/1818/1633 710/755/696 787/812/773
f 800/829/786 799/828/785 783/808/769
f 797/826/783 785/810/771 1737/1815/1635
f 1737/1815/1635 715/735/701 797/826/783
f 807/854/793 806/1819/792 821/853/807
f 805/834/791 809/840/795 806/835/792
f 811/842/797 804/837/790 808/839/794
f 810/841/796 1739/1820/1637 809/840/795
f 812/843/798 814/845/800 811/842/797
f 815/846/801 1739/1820/1637 810/841/796
f 837/875/823 1738/1821/1636 1740/1822/1638 838/874/824
f 817/1823/803 815/846/801 816/847/802
f 838/874/824 1740/1822/1638 802/831/788 801/830/787
f 819/851/805 817/848/803 818/850/804
f 1741/1824/1639 833/867/819 832/866/818 829/1825/815
f 821/853/807 819/851/805 820/852/806
f 824/1826/810 835/870/821 831/865/817
f 828/861/814 836/871/822 833/1827/819
f 801/830/787 804/833/790 829/1825/815 832/866/818
f 824/1826/810 826/869/812 835/870/821
f 829/862/815 828/861/814 1741/1828/1639
f 836/871/822 828/861/814 827/860/813
f 822/855/808 830/873/816 823/856/809
f 834/868/820 833/867/819 836/1829/822
f 839/876/825 830/863/816 831/865/817
f 831/865/817 835/870/821 839/876/825
f 829/862/815 804/837/790 811/842/797 827/860/813
f 810/841/796 805/834/791 826/859/812 825/858/811
f 871/914/857 857/894/843 862/899/848 844/913/830
f 825/858/811 823/856/809 810/841/796
f 836/871/822 827/860/813 814/845/800
f 823/856/809 816/847/802 810/841/796
f 834/1830/820 836/871/822 837/872/823
f 830/863/816 839/876/825 818/850/804
f 838/874/824 832/866/818 834/868/820
f 839/876/825 807/854/793 820/852/806
f 857/894/843 863/900/849 862/899/848
f 843/880/829 846/883/832 852/889/838
f 850/887/836 866/1831/852 847/884/833
f 840/877/826 858/895/844 860/897/846
f 863/900/849 857/894/843 856/893/842
f 848/885/834 847/884/833 874/1832/860
f 856/893/842 855/892/841 873/919/859
f 852/1833/838 846/924/832 868/910/854 869/911/855
f 865/904/851 841/878/827 840/877/826
f 871/914/857 844/913/830 843/915/829
f 858/895/844 876/1834/862 849/907/835 867/909/853
f 876/1834/862 858/895/844 842/879/828
f 855/892/841 857/894/843 843/915/829 853/916/839
f 868/910/854 846/924/832 863/900/849
f 844/913/830 870/912/856 845/1835/831
f 866/905/852 860/897/846 847/1836/833
f 1742/1837/1640 881/930/867 884/933/870 892/941/878
f 875/921/861 847/1836/833 860/897/846
f 855/892/841 853/916/839 872/918/858
f 860/897/846 859/896/845 875/921/861
f 873/919/859 855/892/841 872/918/858
f 874/920/860 847/1836/833 875/921/861
f 873/919/859 869/911/855 856/893/842
f 858/895/844 867/909/853 859/896/845
f 852/1833/838 869/911/855 854/917/840
f 874/1832/860 867/1838/853 848/885/834
f 874/1832/860 859/1839/845 867/1838/853
f 864/903/850 876/1834/862 842/879/828
f 890/939/876 878/927/864 1742/1837/1640
f 890/939/876 879/928/865 878/927/864
f 881/930/867 1742/1837/1640 878/927/864
f 883/932/869 881/930/867 882/931/868
f 1743/1840/1641 891/940/877 886/935/872 885/934/871
f 892/941/878 890/939/876 1742/1837/1640
f 889/938/875 888/937/874 891/940/877 1743/1840/1641
f 1744/1841/1642 897/946/883 896/945/882 901/950/887
f 889/938/875 885/934/871 887/936/873
f 886/935/872 891/940/877 877/926/863
f 882/931/868 891/940/877 883/932/869
f 891/940/877 888/937/874 883/932/869
f 883/932/869 888/937/874 884/933/870
f 888/937/874 887/936/873 884/933/870
f 887/936/873 886/935/872 890/939/876
f 895/944/881 894/943/880 1745/1842/1643
f 1746/1843/1644 900/949/886 1747/1844/1645 1748/1845/1646
f 1746/1843/1644 1749/1846/1647 899/948/885 900/949/886
f 1748/1845/1646 1747/1844/1645 1750/1847/1648 898/947/884
f 1744/1841/1642 901/950/887 899/948/885 1749/1846/1647
f 895/944/881 1745/1842/1643 901/950/887 896/945/882
f 1750/1847/1648 896/945/882 898/947/884
f 1747/1844/1645 900/949/886 894/943/880 893/942/879
f 908/957/894 910/959/896 909/958/895 905/954/891
f 1750/1847/1648 1747/1844/1645 893/942/879
f 1745/1842/1643 894/943/880 901/950/887
f 893/942/879 896/945/882 1750/1847/1648
f 906/955/892 902/951/888 904/953/890
f 905/954/891 902/951/888 906/955/892
f 1751/1848/1649 915/964/901 914/963/900 912/961/898
f 912/961/898 909/958/895 911/960/897
f 1751/1848/1649 912/961/898 913/962/899
f 903/952/889 917/966/903 1752/1849/1650 918/967/904
f 917/966/903 914/963/900 916/965/902
f 902/951/888 914/963/900 917/966/903
f 917/966/903 916/965/902 918/967/904 1752/1849/1650
f 1753/1850/1651 920/969/906 1754/1851/1652 1755/1852/1653
f 919/968/905 1754/1851/1652 920/969/906
f 1755/1852/1653 919/968/905 921/970/907 1753/1850/1651
f 1754/1851/1652 919/968/905 926/975/910 928/977/911
f 922/971/908 924/973/909 919/968/905
f 922/971/908 937/986/8 923/972/8
f 924/973/909 926/975/910 919/968/905
f 924/973/909 923/972/8 925/974/8
f 1755/1852/1653 1754/1851/1652 930/979/912 932/981/913
f 926/975/910 925/974/8 927/976/8
f 928/977/911 930/979/912 1754/1851/1652
f 928/977/911 927/976/8 929/978/8
f 919/968/905 1755/1852/1653 936/985/915 922/971/908
f 930/979/912 929/978/8 931/980/8
f 932/981/913 934/983/914 1755/1852/1653
f 932/981/913 931/980/8 933/982/8
f 934/983/914 936/985/915 1755/1852/1653
f 934/983/914 933/982/8 935/984/8
f 957/1006/927 954/1003/924 941/990/918 938/987/916
f 936/985/915 935/984/8 937/986/8
f 938/987/916 942/991/8 939/988/8
f 938/987/916 940/989/917 957/1006/927
f 941/990/918 944/993/8 942/991/8
f 954/1003/924 1756/1853/1654 945/994/920 943/992/919
f 943/992/919 946/995/8 944/993/8
f 943/992/919 941/990/918 954/1003/924
f 945/994/920 948/997/8 946/995/8
f 1756/1853/1654 957/1006/927 951/1000/923 949/998/922
f 947/996/921 950/999/8 948/997/8
f 947/996/921 945/994/920 1756/1853/1654
f 949/998/922 952/1001/8 950/999/8
f 949/998/922 947/996/921 1756/1853/1654
f 951/1000/923 953/1002/8 952/1001/8
f 956/1005/926 958/1007/928 1756/1853/1654 954/1003/924
f 940/989/917 939/988/8 953/1002/8
f 940/989/917 951/1000/923 957/1006/927
f 954/1003/924 957/1006/927 955/1004/925
f 978/1027/940 975/1024/937 962/1011/931 959/1008/929
f 957/1006/927 1756/1853/1654 958/1007/928
f 959/1008/929 963/1012/8 960/1009/8
f 959/1008/929 961/1010/930 978/1027/940
f 962/1011/931 965/1014/8 963/1012/8
f 975/1024/937 1757/1854/1655 966/1015/933 964/1013/932
f 964/1013/932 967/1016/8 965/1014/8
f 964/1013/932 962/1011/931 975/1024/937
f 966/1015/933 969/1018/8 967/1016/8
f 1757/1854/1655 978/1027/940 970/1019/935 968/1017/934
f 968/1017/934 971/1020/8 969/1018/8
f 968/1017/934 966/1015/933 1757/1854/1655
f 970/1019/935 973/1022/8 971/1020/8
f 977/1026/939 979/1028/941 1757/1854/1655 975/1024/937
f 972/1021/936 974/1023/8 973/1022/8
f 972/1021/936 970/1019/935 978/1027/940
f 961/1010/930 960/1009/8 974/1023/8
f 961/1010/930 972/1021/936 978/1027/940
f 975/1024/937 978/1027/940 976/1025/938
f 983/1032/945 980/1029/942 991/1040/950 993/1042/951
f 978/1027/940 1757/1854/1655 979/1028/941
f 980/1029/942 983/1032/945 981/1030/943
f 981/1030/943 984/1033/946 1758/1855/1656
f 982/1031/944 1758/1855/1656 984/1033/946
f 984/1033/946 980/1029/942 982/1031/944
f 985/1034/947 987/1036/948 980/1029/942
f 985/1034/947 1000/1049/8 986/1035/8
f 987/1036/948 989/1038/949 980/1029/942
f 987/1036/948 986/1035/8 988/1037/8
f 989/1038/949 991/1040/950 980/1029/942
f 989/1038/949 988/1037/8 990/1039/8
f 984/1033/946 983/1032/945 995/1044/952 997/1046/953
f 991/1040/950 990/1039/8 992/1041/8
f 993/1042/951 995/1044/952 983/1032/945
f 993/1042/951 992/1041/8 994/1043/8
f 980/1029/942 984/1033/946 999/1048/954 985/1034/947
f 995/1044/952 994/1043/8 996/1045/8
f 997/1046/953 999/1048/954 984/1033/946
f 997/1046/953 996/1045/8 998/1047/8
f 1017/1066/963 1759/1856/1657 1001/1050/955 1003/1052/956
f 999/1048/954 998/1047/8 1000/1049/8
f 1001/1050/955 1005/1054/8 1002/1051/8
f 1759/1856/1657 1760/1857/1658 1008/1057/959 1006/1055/958
f 1004/1053/957 1007/1056/8 1005/1054/8
f 1004/1053/957 1001/1050/955 1759/1856/1657
f 1006/1055/958 1009/1058/8 1007/1056/8
f 1006/1055/958 1004/1053/957 1759/1856/1657
f 1008/1057/959 1011/1060/8 1009/1058/8
f 1760/1857/1658 1017/1066/963 1012/1061/961 1010/1059/960
f 1010/1059/960 1013/1062/8 1011/1060/8
f 1010/1059/960 1008/1057/959 1760/1857/1658
f 1012/1061/961 1015/1064/8 1013/1062/8
f 1761/1858/1659 1018/1067/964 1760/1857/1658 1759/1856/1657
f 1014/1063/962 1016/1065/8 1015/1064/8
f 1014/1063/962 1012/1061/961 1017/1066/963
f 1003/1052/956 1002/1051/8 1016/1065/8
f 1003/1052/956 1014/1063/962 1017/1066/963
f 1759/1856/1657 1017/1066/963 1019/1068/965
f 1019/1068/965 1761/1858/1659 1759/1856/1657
f 1020/1069/966 1762/1859/1660 1025/1074/971 1027/1076/972
f 1017/1066/963 1760/1857/1658 1018/1067/964
f 1762/1859/1660 1020/1069/966 1024/1073/970
f 1024/1073/970 1020/1069/966 1022/1071/968
f 1020/1069/966 1023/1072/969 1021/1070/967
f 1023/1072/969 1762/1859/1660 1024/1073/970
f 1023/1072/969 1020/1069/966 1031/1080/974 1033/1082/975
f 1025/1074/971 1040/1089/8 1026/1075/8
f 1027/1076/972 1029/1078/973 1020/1069/966
f 1027/1076/972 1026/1075/8 1028/1077/8
f 1029/1078/973 1031/1080/974 1020/1069/966
f 1029/1078/973 1028/1077/8 1030/1079/8
f 1762/1859/1660 1023/1072/969 1037/1086/977 1039/1088/978
f 1031/1080/974 1030/1079/8 1032/1081/8
f 1033/1082/975 1035/1084/976 1023/1072/969
f 1033/1082/975 1032/1081/8 1034/1083/8
f 1035/1084/976 1037/1086/977 1023/1072/969
f 1035/1084/976 1034/1083/8 1036/1085/8
f 1058/1107/988 1057/1106/987 1044/1093/981 1041/1090/979
f 1037/1086/977 1036/1085/8 1038/1087/8
f 1039/1088/978 1025/1074/971 1762/1859/1660
f 1039/1088/978 1038/1087/8 1040/1089/8
f 1041/1090/979 1045/1094/8 1042/1091/8
f 1041/1090/979 1043/1092/980 1058/1107/988
f 1044/1093/981 1047/1096/8 1045/1094/8
f 1057/1106/987 1061/1110/991 1052/1101/985 1050/1099/984
f 1046/1095/982 1049/1098/8 1047/1096/8
f 1046/1095/982 1044/1093/981 1057/1106/987
f 1048/1097/983 1051/1100/8 1049/1098/8
f 1048/1097/983 1046/1095/982 1057/1106/987
f 1050/1099/984 1053/1102/8 1051/1100/8
f 1050/1099/984 1048/1097/983 1057/1106/987
f 1052/1101/985 1055/1104/8 1053/1102/8
f 1061/1110/991 1058/1107/988 1043/1092/980 1054/1103/986
f 1054/1103/986 1056/1105/8 1055/1104/8
f 1054/1103/986 1052/1101/985 1061/1110/991
f 1043/1092/980 1042/1091/8 1056/1105/8
f 1066/1115/996 1063/1112/993 1072/1121/1000 1074/1123/1001
f 1059/1108/989 1058/1107/988 1062/1111/992
f 1061/1110/991 1057/1106/987 1060/1109/990
f 1058/1107/988 1061/1110/991 1062/1111/992
f 1067/1116/997 1063/1112/993 1065/1114/995
f 1063/1112/993 1066/1115/996 1064/1113/994
f 1066/1115/996 1763/1860/1661 1067/1116/997
f 1763/1860/1661 1063/1112/993 1067/1116/997
f 1068/1117/998 1070/1119/999 1063/1112/993
f 1068/1117/998 1083/1132/8 1069/1118/8
f 1070/1119/999 1072/1121/1000 1063/1112/993
f 1070/1119/999 1069/1118/8 1071/1120/8
f 1763/1860/1661 1066/1115/996 1078/1127/1003 1080/1129/1004
f 1072/1121/1000 1071/1120/8 1073/1122/8
f 1074/1123/1001 1076/1125/1002 1066/1115/996
f 1074/1123/1001 1073/1122/8 1075/1124/8
f 1076/1125/1002 1078/1127/1003 1066/1115/996
f 1076/1125/1002 1075/1124/8 1077/1126/8
f 1063/1112/993 1763/1860/1661 1082/1131/1005 1068/1117/998
f 1078/1127/1003 1077/1126/8 1079/1128/8
f 1080/1129/1004 1082/1131/1005 1763/1860/1661
f 1080/1129/1004 1079/1128/8 1081/1130/8
f 1100/1149/905 1764/1861/1653 1084/1133/915 1086/1135/908
f 1082/1131/1005 1081/1130/8 1083/1132/8
f 1084/1133/915 1088/1137/8 1085/1134/8
f 1764/1861/1653 1765/1862/1652 1091/1140/912 1089/1138/913
f 1087/1136/914 1090/1139/8 1088/1137/8
f 1087/1136/914 1084/1133/915 1764/1861/1653
f 1089/1138/913 1092/1141/8 1090/1139/8
f 1089/1138/913 1087/1136/914 1764/1861/1653
f 1091/1140/912 1094/1143/8 1092/1141/8
f 1765/1862/1652 1100/1149/905 1095/1144/910 1093/1142/911
f 1093/1142/911 1096/1145/8 1094/1143/8
f 1093/1142/911 1091/1140/912 1765/1862/1652
f 1095/1144/910 1098/1147/8 1096/1145/8
f 1764/1861/1653 1100/1149/905 1102/1151/907 1766/1863/1651
f 1097/1146/909 1099/1148/8 1098/1147/8
f 1097/1146/909 1095/1144/910 1100/1149/905
f 1086/1135/908 1085/1134/8 1099/1148/8
f 1086/1135/908 1097/1146/909 1100/1149/905
f 1766/1863/1651 1101/1150/906 1765/1862/1652 1764/1861/1653
f 1155/1204/1055 1767/1864/1662 1118/1167/1020 1117/1166/1019
f 1100/1149/905 1765/1862/1652 1101/1150/906
f 1104/1153/1007 1112/1161/1015 1109/1158/1012
f 1106/1155/1009 1768/1865/1663 1111/1160/1014
f 1112/1161/1015 1106/1155/1009 1108/1157/1011
f 1105/1154/1008 1104/1153/1007 1110/1159/1013
f 1111/1160/1014 1768/1865/1663 1103/1152/1006
f 1113/1162/1016 1114/1163/1016 1110/1159/1013
f 1114/1163/1016 1115/1164/1017 1105/1154/1008
f 1105/1154/1008 1107/1156/1010 1111/1160/1014
f 1113/1162/1016 1109/1158/1012 1108/1157/1011
f 1157/1206/1057 1769/1866/1664 1770/1867/1665 1771/1868/1666
f 1160/1209/1060 1772/1869/1667 1773/1870/1668 1774/1871/1669
f 1164/1213/1055 1775/1872/1662 1121/1170/1020 1120/1169/1022
f 1127/1176/1028 1116/1165/1018 1776/1873/1670 1777/1874/1671
f 1124/1173/1025 1770/1867/1665 1769/1866/1664
f 1778/1875/1672 1773/1870/1668 1772/1869/1667
f 1779/1876/1673 1778/1875/1672 1780/1877/1674 1781/1878/1675
f 1130/1179/1031 1119/1168/1021 1782/1879/1676 1783/1880/1677
f 1117/1166/1019 1116/1165/1018 1127/1176/1028 1126/1175/1027
f 1772/1869/1667 1293/1342/1191 1780/1877/1674 1778/1875/1672
f 1122/1171/1023 1124/1173/1025 1769/1866/1664
f 1120/1169/1022 1119/1168/1021 1130/1179/1031 1129/1178/1030
f 1769/1866/1664 1784/1881/1678 1785/1882/1679 1122/1171/1023
f 1786/1883/1680 1785/1882/1679 1787/1884/1681 1788/1885/1682
f 1789/1886/1683 1780/1877/1674 1293/1342/1191
f 1125/1174/1026 1790/1887/1684 1131/1180/1032
f 1293/1342/1191 1146/1195/1046 1791/1888/1685 1789/1886/1683
f 1791/1888/1685 1792/1889/1686 1789/1886/1683
f 1128/1177/1029 1793/1890/1687 1136/1185/1037
f 1131/1180/1032 1133/1182/1034 1126/1175/1027
f 1784/1881/1678 1787/1884/1681 1785/1882/1679
f 1135/1184/1036 1129/1178/1030 1128/1177/1029 1136/1185/1037
f 1784/1881/1678 1794/1891/1688 1138/1187/1039 1787/1884/1681
f 1295/1344/1193 1133/1182/1034 1143/1192/1043 1795/1892/1689
f 1141/1190/1041 1791/1888/1685 1146/1195/1046
f 1796/1893/1690 1143/1192/1043 1132/1181/1033
f 1797/1894/1690 1144/1193/1044 1134/1183/1035
f 1139/1188/1040 1138/1187/1039 1794/1891/1688
f 1142/1191/1042 1141/1190/1041 1146/1195/1046
f 1139/1188/1040 1794/1891/1688 1798/1895/1691 1799/1896/1692
f 1299/1348/1197 1295/1344/1193 1800/1897/1693 1801/1898/1694
f 1145/1194/1045 1149/1198/1049 1142/1191/1042
f 1144/1193/1044 1802/1899/1695 1147/1196/1047
f 1803/1900/1696 1800/1897/1693 1795/1892/1689
f 1795/1892/1689 1800/1897/1693 1295/1344/1193
f 1798/1895/1691 1804/1901/1697 1799/1896/1692
f 1145/1194/1045 1150/1199/1050 1149/1198/1049
f 1802/1899/1695 1805/1902/1698 1147/1196/1047
f 1804/1901/1697 1798/1895/1691 1296/1345/1194 1806/1903/1699
f 1150/1199/1050 1145/1194/1045 1297/1346/1195 1152/1201/1052
f 1301/1350/1199 1147/1196/1047 1805/1902/1698 1807/1904/1700
f 1806/1903/1699 1808/1905/1701 1809/1906/1702 1810/1907/1703
f 1801/1898/1694 1811/1908/1704 1812/1909/1705
f 1807/1904/1700 1813/1910/1706 1814/1911/1704 1815/1912/1707
f 1299/1348/1197 1816/1913/1708 1817/1914/1709 1156/1205/1056
f 1801/1898/1694 1812/1909/1705 1299/1348/1197
f 1296/1345/1194 1808/1905/1701 1806/1903/1699
f 1297/1346/1195 1153/1202/1053 1152/1201/1052
f 1807/1904/1700 1815/1912/1707 1301/1350/1199
f 1812/1909/1705 1816/1913/1708 1299/1348/1197
f 1296/1345/1194 1818/1915/1710 1808/1905/1701
f 1297/1346/1195 1819/1916/1711 1153/1202/1053
f 1815/1912/1707 1820/1917/1712 1301/1350/1199
f 1296/1345/1194 1159/1208/1059 1821/1918/1713 1818/1915/1710
f 1297/1346/1195 1162/1211/1062 1822/1919/1714 1819/1916/1711
f 1301/1350/1199 1820/1917/1712 1823/1920/1715 1165/1214/1063
f 1154/1203/1054 1824/1921/1716 1825/1922/1717 1826/1923/1718
f 1817/1914/1709 1824/1921/1716 1156/1205/1056
f 1159/1208/1059 1827/1924/1719 1821/1918/1713
f 1162/1211/1062 1828/1925/1720 1822/1919/1714
f 1823/1920/1715 1829/1926/1721 1165/1214/1063
f 1830/1927/1722 1827/1924/1719 1158/1207/1058 1831/1928/1723
f 1832/1929/1724 1828/1925/1720 1161/1210/1061 1833/1930/1725
f 1163/1212/1054 1829/1926/1721 1834/1931/1726 1835/1932/1727
f 1767/1864/1662 1836/1933/1728 1837/1934/1729 1118/1167/1020
f 1824/1921/1716 1154/1203/1054 1156/1205/1056
f 1159/1208/1059 1158/1207/1058 1827/1924/1719
f 1162/1211/1062 1161/1210/1061 1828/1925/1720
f 1829/1926/1721 1163/1212/1054 1165/1214/1063
f 1154/1203/1054 1767/1864/1662 1155/1204/1055
f 1157/1206/1057 1771/1868/1666 1158/1207/1058
f 1160/1209/1060 1774/1871/1669 1161/1210/1061
f 1163/1212/1054 1775/1872/1662 1164/1213/1055
f 1771/1868/1666 1770/1867/1665 1838/1935/1730 1839/1936/1731
f 1774/1871/1669 1773/1870/1668 1840/1937/1732 1841/1938/1733
f 1775/1872/1662 1842/1939/1734 1843/1940/1735 1121/1170/1020
f 1118/1167/1020 1837/1934/1729 1844/1941/1736 1776/1873/1670
f 1770/1867/1665 1123/1172/1024 1845/1942/1737 1838/1935/1730
f 1773/1870/1668 1779/1876/1673 1846/1943/1738 1840/1937/1732
f 1121/1170/1020 1843/1940/1735 1847/1944/1739 1782/1879/1676
f 1776/1873/1670 1844/1941/1736 1848/1945/1740 1777/1874/1671
f 1123/1172/1024 1122/1171/1023 1849/1946/1741 1845/1942/1737
f 1779/1876/1673 1781/1878/1675 1850/1947/1742 1846/1943/1738
f 1782/1879/1676 1847/1944/1739 1851/1948/1743 1783/1880/1677
f 1777/1874/1671 1848/1945/1740 1852/1949/1744 1125/1174/1026
f 1122/1171/1023 1786/1883/1680 1853/1950/1745 1849/1946/1741
f 1781/1878/1675 1789/1886/1683 1854/1951/1746 1850/1947/1742
f 1783/1880/1677 1851/1948/1743 1855/1952/1747 1128/1177/1029
f 1790/1887/1684 1125/1174/1026 1852/1949/1744 1856/1953/1748
f 1786/1883/1680 1788/1885/1682 1857/1954/1749 1853/1950/1745
f 1854/1951/1746 1789/1886/1683 1792/1889/1686 1858/1955/1750
f 1128/1177/1029 1855/1952/1747 1859/1956/1751 1793/1890/1687
f 1790/1887/1684 1856/1953/1748 1860/1957/1752 1132/1181/1033
f 1788/1885/1682 1138/1187/1039 1861/1958/1753 1857/1954/1749
f 1792/1889/1686 1141/1190/1041 1862/1959/1754 1858/1955/1750
f 1793/1890/1687 1859/1956/1751 1863/1960/1755 1134/1183/1035
f 1796/1893/1690 1132/1181/1033 1860/1957/1752 1864/1961/1756
f 1861/1958/1753 1138/1187/1039 1137/1186/1038 1865/1962/1757
f 1862/1959/1754 1141/1190/1041 1140/1189/1038 1866/1963/1758
f 1797/1894/1690 1134/1183/1035 1863/1960/1755 1867/1964/1759
f 1795/1892/1689 1796/1893/1690 1864/1961/1756 1868/1965/1760
f 1865/1962/1757 1137/1186/1038 1799/1896/1692 1869/1966/1761
f 1866/1963/1758 1140/1189/1038 1149/1198/1049 1870/1967/1762
f 1802/1899/1695 1797/1894/1690 1867/1964/1759 1871/1968/1763
f 1803/1900/1696 1795/1892/1689 1868/1965/1760 1872/1969/1764
f 1869/1966/1761 1799/1896/1692 1804/1901/1697 1873/1970/1765
f 1870/1967/1762 1149/1198/1049 1148/1197/1048 1874/1971/1766
f 1805/1902/1698 1802/1899/1695 1871/1968/1763 1875/1972/1767
f 1801/1898/1694 1803/1900/1696 1872/1969/1764 1876/1973/1768
f 1873/1970/1765 1804/1901/1697 1810/1907/1703 1877/1974/1769
f 1874/1971/1766 1148/1197/1048 1152/1201/1052 1878/1975/1770
f 1813/1910/1706 1805/1902/1698 1875/1972/1767 1879/1976/1771
f 1811/1908/1704 1801/1898/1694 1876/1973/1768 1880/1977/1772
f 1877/1974/1769 1810/1907/1703 1809/1906/1702 1881/1978/1773
f 1878/1975/1770 1152/1201/1052 1151/1200/1051 1882/1979/1774
f 1814/1911/1704 1813/1910/1706 1879/1976/1771 1883/1980/1775
f 1811/1908/1704 1880/1977/1772 1884/1981/1776 1816/1913/1708
f 1809/1906/1702 1818/1915/1710 1885/1982/1777 1881/1978/1773
f 1151/1200/1051 1819/1916/1711 1886/1983/1778 1882/1979/1774
f 1814/1911/1704 1883/1980/1775 1887/1984/1779 1820/1917/1712
f 1817/1914/1709 1816/1913/1708 1884/1981/1776 1888/1985/1780
f 1885/1982/1777 1818/1915/1710 1821/1918/1713 1889/1986/1781
f 1886/1983/1778 1819/1916/1711 1822/1919/1714 1890/1987/1782
f 1823/1920/1715 1820/1917/1712 1887/1984/1779 1891/1988/1783
f 1825/1922/1717 1817/1914/1709 1888/1985/1780 1892/1989/1784
f 1889/1986/1781 1821/1918/1713 1830/1927/1722 1893/1990/1785
f 1890/1987/1782 1822/1919/1714 1832/1929/1724 1894/1991/1786
f 1834/1931/1726 1823/1920/1715 1891/1988/1783 1895/1992/1787
f 1825/1922/1717 1892/1989/1784 1896/1993/1788 1826/1923/1718
f 1830/1927/1722 1831/1928/1723 1897/1994/1789 1893/1990/1785
f 1832/1929/1724 1833/1930/1725 1898/1995/1790 1894/1991/1786
f 1834/1931/1726 1895/1992/1787 1899/1996/1791 1835/1932/1727
f 1826/1923/1718 1896/1993/1788 1836/1933/1728 1767/1864/1662
f 1831/1928/1723 1771/1868/1666 1839/1936/1731 1897/1994/1789
f 1833/1930/1725 1774/1871/1669 1841/1938/1733 1898/1995/1790
f 1835/1932/1727 1899/1996/1791 1842/1939/1734 1775/1872/1662
f 1837/1934/1729 1836/1933/1728 1900/1997/1792 1174/1223/1072
f 1168/1217/1066 1839/1936/1731 1838/1935/1730 1166/1215/1064
f 1221/1270/1119 1841/1938/1733 1840/1937/1732 1177/1226/1075
f 1843/1940/1735 1842/1939/1734 1171/1220/1069 1170/1219/1068
f 1844/1941/1736 1173/1222/1071 1172/1221/1070 1848/1945/1740
f 1845/1942/1737 1849/1946/1741 1178/1227/1076 1179/1228/1077
f 1846/1943/1738 1850/1947/1742 1176/1225/1074 1175/1224/1073
f 1847/1944/1739 1181/1230/1079 1180/1229/1078 1851/1948/1743
f 1856/1953/1748 1852/1949/1744 1183/1232/1081 1182/1231/1080
f 1184/1233/1082 1853/1950/1745 1857/1954/1749 1188/1237/1086
f 1185/1234/1083 1854/1951/1746 1858/1955/1750 1186/1235/1084
f 1859/1956/1751 1855/1952/1747 1187/1236/1085 1901/1998/1793
f 1860/1957/1752 1192/1241/1090 1191/1240/1089 1864/1961/1756
f 1861/1958/1753 1865/1962/1757 1197/1246/1095 1189/1238/1087
f 1862/1959/1754 1866/1963/1758 1193/1242/1091 1194/1243/1092
f 1863/1960/1755 1196/1245/1094 1195/1244/1093 1867/1964/1759
f 1872/1969/1764 1868/1965/1760 1190/1239/1088 1902/1999/1794
f 1198/1247/1096 1869/1966/1761 1873/1970/1765 1199/1248/1097
f 1200/1249/1098 1870/1967/1762 1874/1971/1766 1201/1250/1099
f 1875/1972/1767 1871/1968/1763 1903/2000/1795 1209/1258/1107
f 1876/1973/1768 1904/2001/1796 1905/2002/1797 1880/1977/1772
f 1877/1974/1769 1881/1978/1773 1203/1252/1101 1202/1251/1100
f 1878/1975/1770 1882/1979/1774 1206/1255/1104 1205/1254/1103
f 1879/1976/1771 1906/2003/1798 1208/1257/1106 1883/1980/1775
f 1888/1985/1780 1884/1981/1776 1210/1259/1108 1212/1261/1110
f 1214/1263/1112 1885/1982/1777 1889/1986/1781 1215/1264/1113
f 1204/1253/1102 1886/1983/1778 1890/1987/1782 1217/1266/1115
f 1891/1988/1783 1887/1984/1779 1207/1256/1105 1219/1268/1117
f 1892/1989/1784 1211/1260/1109 1907/2004/1799 1896/1993/1788
f 1893/1990/1785 1897/1994/1789 1167/1216/1065 1213/1262/1111
f 1894/1991/1786 1898/1995/1790 1220/1269/1118 1216/1265/1114
f 1895/1992/1787 1218/1267/1116 1169/1218/1067 1899/1996/1791
f 1174/1223/1072 1900/1997/1792 1211/1260/1109 1172/1221/1070
f 1216/1265/1114 1221/1270/1119 1177/1226/1075 1176/1225/1074
f 1902/1999/1794 1190/1239/1088 1210/1259/1108 1904/2001/1796
f 1182/1231/1080 1190/1239/1088 1192/1241/1090
f 1187/1236/1085 1196/1245/1094 1901/1998/1793
f 1197/1246/1095 1184/1233/1082 1189/1238/1087
f 1195/1244/1093 1209/1258/1107 1903/2000/1795
f 1201/1250/1099 1205/1254/1103 1204/1253/1102 1193/1242/1091
f 1908/2005/1800 1223/1272/1121 1222/1271/1120 1273/1322/1171
f 1210/1259/1108 1905/2002/1797 1904/2001/1796
f 1209/1258/1107 1208/1257/1106 1906/2003/1798
f 1214/1263/1112 1199/1248/1097 1203/1252/1101
f 1167/1216/1065 1214/1263/1112 1213/1262/1111
f 1211/1260/1109 1900/1997/1792 1907/2004/1799
f 1292/1341/1190 1909/2006/1801 1910/2007/1802
f 1276/1325/1174 1226/1275/1124 1225/1274/1123 1274/1323/1172
f 1911/2008/1803 1292/1341/1190 1230/1279/1128 1912/2009/1804
f 1277/1326/1175 1913/2010/1805 1278/1327/1176
f 1292/1341/1190 1911/2008/1803 1909/2006/1801
f 1277/1326/1175 1914/2011/1806 1913/2010/1805
f 1914/2011/1806 1277/1326/1175 1236/1285/1134 1915/2012/1807
f 1228/1277/1126 1234/1283/1132 1240/1289/1138 1239/1288/1137
f 1230/1279/1128 1232/1281/1130 1912/2009/1804
f 1294/1343/1192 1225/1274/1123 1229/1278/1127
f 1236/1285/1134 1916/2013/1808 1915/2012/1807
f 1236/1285/1134 1238/1287/1136 1916/2013/1808
f 1294/1343/1192 1917/2014/1809 1244/1293/1142 1243/1292/1141
f 1247/1296/1145 1235/1284/1133 1230/1279/1128 1245/1294/1143
f 1237/1286/1135 1236/1285/1134 1250/1299/1148 1252/1301/1150
f 1261/1310/1159 1253/1302/1151 1245/1294/1143 1259/1308/1157
f 1239/1288/1137 1254/1303/1152 1264/1313/1162 1263/1312/1161
f 1918/2015/1810 1260/1309/1158 1259/1308/1157 1298/1347/1196
f 1263/1312/1161 1262/1311/1160 1266/1315/1164 1265/1314/1163
f 1257/1306/1155 1919/2016/1811 1269/1318/1167 1268/1317/1166
f 1920/2017/1812 1921/2018/1813 1258/1307/1156 1300/1349/1198
f 1922/2019/1814 1298/1347/1196 1292/1341/1190 1923/2020/1815
f 1298/1347/1196 1924/2021/1816 1918/2015/1810
f 1300/1349/1198 1925/2022/1817 1920/2017/1812
f 1298/1347/1196 1922/2019/1814 1924/2021/1816
f 1300/1349/1198 1926/2023/1818 1925/2022/1817
f 1272/1321/1170 1275/1324/1173 1274/1323/1172 1268/1317/1166
f 1279/1328/1177 1926/2023/1818 1300/1349/1198 1277/1326/1175
f 1167/1216/1065 1166/1215/1064 1284/1333/1182 1290/1339/1188
f 1292/1341/1190 1910/2007/1802 1923/2020/1815
f 1283/1332/1181 1172/1221/1070 1211/1260/1109
f 1199/1248/1097 1214/1263/1112 1290/1339/1188 1287/1336/1185
f 1281/1330/1179 1280/1329/1178 1176/1225/1074
f 1286/1335/1184 1170/1219/1068 1169/1218/1067
f 1283/1332/1181 1182/1231/1080 1172/1221/1070
f 1286/1335/1184 1187/1236/1085 1170/1219/1068
f 1282/1331/1180 1190/1239/1088 1182/1231/1080
f 1184/1233/1082 1287/1336/1185 1284/1333/1182
f 1285/1334/1183 1195/1244/1093 1187/1236/1085
f 1289/1338/1187 1281/1330/1179 1193/1242/1091
f 1288/1337/1186 1210/1259/1108 1190/1239/1088
f 1285/1334/1183 1209/1258/1107 1195/1244/1093
f 1209/1258/1107 1285/1334/1183 1291/1340/1189 1207/1256/1105
f 1210/1259/1108 1288/1337/1186 1283/1332/1181 1211/1260/1109
f 1204/1253/1102 1216/1265/1114 1280/1329/1178 1289/1338/1187
f 1273/1322/1171 1222/1271/1120 1769/1866/1664 1157/1206/1057
f 1291/1340/1189 1169/1218/1067 1207/1256/1105
f 1133/1182/1034 1230/1279/1128 1126/1175/1027
f 1274/1323/1172 1225/1274/1123 1772/1869/1667 1160/1209/1060
f 1292/1341/1190 1117/1166/1019 1126/1175/1027 1230/1279/1128
f 1277/1326/1175 1120/1169/1022 1129/1178/1030 1236/1285/1134
f 1293/1342/1191 1772/1869/1667 1225/1274/1123
f 1222/1271/1120 1228/1277/1126 1784/1881/1678 1769/1866/1664
f 1228/1277/1126 1239/1288/1137 1794/1891/1688 1784/1881/1678
f 1146/1195/1046 1293/1342/1191 1294/1343/1192
f 1245/1294/1143 1295/1344/1193 1299/1348/1197 1259/1308/1157
f 1133/1182/1034 1245/1294/1143 1230/1279/1128
f 1135/1184/1036 1250/1299/1148 1236/1285/1134
f 1798/1895/1691 1794/1891/1688 1239/1288/1137
f 1145/1194/1045 1146/1195/1046 1243/1292/1141
f 1239/1288/1137 1263/1312/1161 1296/1345/1194 1798/1895/1691
f 1243/1292/1141 1257/1306/1155 1297/1346/1195 1145/1194/1045
f 1250/1299/1148 1147/1196/1047 1301/1350/1199 1258/1307/1156
f 1298/1347/1196 1156/1205/1056 1155/1204/1055 1292/1341/1190
f 1299/1348/1197 1298/1347/1196 1259/1308/1157
f 1301/1350/1199 1300/1349/1198 1258/1307/1156
f 1159/1208/1059 1296/1345/1194 1265/1314/1163
f 1162/1211/1062 1297/1346/1195 1268/1317/1166
f 1265/1314/1163 1273/1322/1171 1157/1206/1057 1159/1208/1059
f 1162/1211/1062 1268/1317/1166 1274/1323/1172 1160/1209/1060
f 1300/1349/1198 1165/1214/1063 1164/1213/1055 1277/1326/1175
f 1284/1333/1182 1287/1336/1185 1927/2024/1819 1928/2025/1820
f 1302/1351/1200 1282/1331/1180 1283/1332/1181
f 1928/2025/1820 1304/1353/1202 1284/1333/1182
f 1929/2026/1821 1305/1354/1203 1281/1330/1179
f 1302/1351/1200 1930/2027/1822 1282/1331/1180
f 1286/1335/1184 1307/1356/1205 1931/2028/1823 1285/1334/1183
f 1308/1357/1206 1929/2026/1821 1281/1330/1179
f 1288/1337/1186 1282/1331/1180 1930/2027/1822 1932/2029/1824
f 1325/1374/1223 1323/1372/1221 1329/1378/1227 1933/2030/1825
f 1287/1336/1185 1309/1358/1207 1927/2024/1819
f 1289/1338/1187 1310/1359/1208 1308/1357/1206
f 1931/2028/1823 1311/1360/1209 1285/1334/1183
f 1311/1360/1209 1291/1340/1189 1285/1334/1183
f 1932/2029/1824 1303/1352/1201 1288/1337/1186
f 1304/1353/1202 1309/1358/1207 1290/1339/1188
f 1305/1354/1203 1310/1359/1208 1280/1329/1178
f 1336/1385/1234 1316/1365/1214 1318/1367/1216
f 1318/1367/1216 1321/1370/1219 1934/2031/1826
f 1935/2032/1827 1936/2033/1828 1318/1367/1216 1937/2034/1829
f 1324/1373/1222 1323/1372/1221 1326/1375/1224
f 1327/1376/1225 1333/1382/1231 1328/1377/1226
f 1329/1378/1227 1328/1377/1226 1933/2030/1825
f 1330/1379/1228 1334/1383/1232 1331/1380/1229
f 1327/1376/1225 1315/1364/1213 1312/1361/1210
f 1343/1392/1241 1340/1389/1238 1339/1388/1237
f 1341/1390/1239 1340/1389/1238 1347/1396/1245
f 1338/1387/1236 1318/1367/1216 1936/2033/1828
f 1354/1403/1252 1359/1408/1257 1341/1390/1239
f 1341/1390/1239 1347/1396/1245 1354/1403/1252
f 1344/1393/1242 1345/1394/1243 1936/2033/1828
f 1359/1408/1257 1354/1403/1252 1351/1400/1249
f 1351/1400/1249 1337/1386/1235 1359/1408/1257
f 1345/1394/1243 1338/1387/1236 1936/2033/1828
f 1351/1400/1249 1313/1362/1211 1337/1386/1235
f 1343/1392/1241 1350/1399/1248 1346/1395/1244
f 1348/1397/1246 1340/1389/1238 1346/1395/1244
f 1344/1393/1242 1938/2035/1830 1350/1399/1248
f 1938/2035/1830 1344/1393/1242 1936/2033/1828 1935/2032/1827
f 1354/1403/1252 1347/1396/1245 1349/1398/1247
f 1349/1398/1247 1352/1401/1250 1354/1403/1252
f 1315/1364/1213 1327/1376/1225 1364/1413/1262 1939/2036/1831
f 1353/1402/1251 1320/1369/1218 1313/1362/1211
f 1318/1367/1216 1934/2031/1826 1937/2034/1829
f 1356/1405/1254 1359/1408/1257 1337/1386/1235
f 1337/1386/1235 1315/1364/1213 1940/2037/1832
f 1940/2037/1832 1355/1404/1253 1337/1386/1235
f 1338/1387/1236 1358/1407/1256 1360/1409/1258
f 1323/1372/1221 1362/1411/1260 1361/1410/1259
f 1329/1378/1227 1361/1410/1259 1364/1413/1262
f 1322/1371/1220 1331/1380/1229 1363/1412/1261
f 1939/2036/1831 1940/2037/1832 1315/1364/1213
f 1336/1385/1234 1360/1409/1258 1941/2038/1833
f 1363/1412/1261 1331/1380/1229 1336/1385/1234 1941/2038/1833
f 1942/2039/1834 1943/2040/1835 1375/1424/1273 1374/1423/1272
f 1419/1468/1317 1405/1454/1303 1373/1422/1271
f 1382/1431/1280 1404/1453/1302 1405/1454/1303
f 1375/1424/1273 1377/1426/1275 1372/1421/1270
f 1382/1431/1280 1381/1430/1279 1378/1427/1276
f 1382/1431/1280 1378/1427/1276 1404/1453/1302
f 1376/1425/1274 1400/1449/1298 1377/1426/1275
f 1379/1428/1277 1413/1462/1311 1380/1429/1278
f 1944/2041/1836 1404/1453/1302 1378/1427/1276 1945/2042/1837
f 1946/2043/1838 1376/1425/1274 1375/1424/1273 1947/2044/1839
f 1408/1457/1306 1948/2045/1840 1378/1427/1276 1380/1429/1278
f 1374/1423/1272 1404/1453/1302 1944/2041/1836 1942/2039/1834
f 1375/1424/1273 1943/2040/1835 1947/2044/1839
f 1948/2045/1840 1945/2042/1837 1378/1427/1276
f 1949/2046/1841 1950/2047/1842 1421/1470/1319 1951/2048/1843
f 1372/1421/1270 1377/1426/1275 1952/2049/1844
f 1952/2049/1844 1420/1469/1318 1372/1421/1270
f 1376/1425/1274 1946/2043/1838 1953/2050/1845 1406/1455/1304
f 1950/2047/1842 1949/2046/1841 1954/2051/1846
f 1384/1433/1282 1387/1436/1285 1398/1447/1296
f 1390/1439/1288 1389/1438/1287 1950/2047/1842
f 1950/2047/1842 1954/2051/1846 1390/1439/1288
f 1392/1441/1290 1385/1434/1283 1384/1433/1282
f 1381/1430/1279 1383/1432/1281 1395/1444/1293
f 1395/1444/1293 1379/1428/1277 1381/1430/1279
f 1397/1446/1295 1952/2049/1844 1377/1426/1275
f 1950/2047/1842 1401/1450/1299 1421/1470/1319
f 1379/1428/1277 1392/1441/1290 1413/1462/1311
f 1368/1417/1266 1370/1419/1268 1402/1451/1300
f 1399/1448/1297 1368/1417/1266 1402/1451/1300
f 1950/2047/1842 1414/1463/1312 1401/1450/1299
f 1384/1433/1282 1399/1448/1297 1402/1451/1300
f 1389/1438/1287 1400/1449/1298 1414/1463/1312
f 1414/1463/1312 1950/2047/1842 1389/1438/1287
f 1403/1452/1301 1413/1462/1311 1392/1441/1290
f 1392/1441/1290 1384/1433/1282 1403/1452/1301
f 1401/1450/1299 1365/1414/1263 1371/1420/1269
f 1406/1455/1304 1415/1464/1313 1400/1449/1298
f 1413/1462/1311 1412/1461/1310 1409/1458/1307
f 1409/1458/1307 1380/1429/1278 1413/1462/1311
f 1423/1472/1321 1370/1419/1268 1401/1450/1299 1955/2052/1847
f 1409/1458/1307 1408/1457/1306 1380/1429/1278
f 1955/2052/1847 1401/1450/1299 1414/1463/1312 1956/2053/1848
f 1414/1463/1312 1957/2054/1849 1956/2053/1848
f 1411/1460/1309 1958/2055/1850 1403/1452/1301 1402/1451/1300
f 1959/2056/1851 1960/2057/1852 1961/2058/1853 1962/2059/1854
f 1958/2055/1850 1417/1466/1315 1403/1452/1301
f 1414/1463/1312 1400/1449/1298 1415/1464/1313
f 1414/1463/1312 1416/1465/1314 1957/2054/1849
f 1403/1452/1301 1418/1467/1316 1412/1461/1310
f 1405/1454/1303 1963/2060/1855 1422/1471/1320
f 1420/1469/1318 1951/2048/1843 1421/1470/1319
f 1398/1447/1296 1387/1436/1285 1383/1432/1281
f 1382/1431/1280 1399/1448/1297 1398/1447/1296
f 1382/1431/1280 1405/1454/1303 1422/1471/1320
f 1422/1471/1320 1399/1448/1297 1382/1431/1280
f 1428/1477/1326 1426/1475/1324 1427/1476/1325 1429/1478/1327
f 1960/2057/1852 1959/2056/1851 1964/2061/1856
f 1424/1473/1322 1960/2057/1852 1964/2061/1856
f 1432/1481/1330 1431/1480/1329 1439/1488/1337 1965/2062/1857
f 1430/1479/1328 1429/1478/1327 1439/1488/1337
f 1434/1483/1332 1431/1480/1329 1433/1482/1331 1435/1484/1333
f 1966/2063/1858 1961/2058/1853 1436/1485/1334 1967/2064/1859
f 1959/2056/1851 1962/2059/1854 1453/1502/1351 1455/1504/1353
f 1961/2058/1853 1966/2063/1858 1962/2059/1854
f 1455/1504/1353 1458/1507/1356 1964/2061/1856 1959/2056/1851
f 1424/1473/1322 1964/2061/1856 1458/1507/1356 1460/1509/1358
f 1425/1474/1323 1424/1473/1322 1460/1509/1358 1462/1511/1360
f 1427/1476/1325 1425/1474/1323 1462/1511/1360 1464/1513/1362
f 1468/1517/1366 1470/1519/1368 1965/2062/1857 1439/1488/1337
f 1427/1476/1325 1464/1513/1362 1437/1486/1335
f 1437/1486/1335 1438/1487/1336 1429/1478/1327
f 1438/1487/1336 1468/1517/1366 1439/1488/1337
f 1472/1521/1370 1432/1481/1330 1965/2062/1857 1470/1519/1368
f 1474/1523/1372 1433/1482/1331 1432/1481/1330 1472/1521/1370
f 1476/1525/1374 1435/1484/1333 1433/1482/1331 1474/1523/1372
f 1436/1485/1334 1435/1484/1333 1476/1525/1374 1478/1527/1376
f 1967/2064/1859 1436/1485/1334 1478/1527/1376 1480/1529/1378
f 1482/1531/1380 1966/2063/1858 1967/2064/1859 1480/1529/1378
f 1453/1502/1351 1962/2059/1854 1966/2063/1858 1482/1531/1380
f 1450/1499/1348 1461/1510/1359 1459/1508/1357 1447/1496/1345
f 1442/1491/1340 1445/1494/1343 1440/1489/1338
f 1442/1491/1340 1441/1490/1339 1446/1495/1344
f 1441/1490/1339 1440/1489/1338 1443/1492/1341
f 1443/1492/1341 1445/1494/1343 1444/1493/1342
f 1446/1495/1344 1441/1490/1339 1447/1496/1345
f 1448/1497/1346 1442/1491/1340 1446/1495/1344
f 1447/1496/1345 1441/1490/1339 1450/1499/1348
f 1449/1498/1347 1441/1490/1339 1444/1493/1342
f 1452/1501/1350 1444/1493/1342 1448/1497/1346
f 1453/1502/1351 1456/1505/1354 1454/1503/1352
f 1455/1504/1353 1454/1503/1352 1457/1506/1355
f 1458/1507/1356 1457/1506/1355 1459/1508/1357
f 1460/1509/1358 1459/1508/1357 1461/1510/1359
f 1466/1515/1364 1465/1514/1363 1450/1499/1348 1449/1498/1347
f 1462/1511/1360 1461/1510/1359 1463/1512/1361
f 1464/1513/1362 1463/1512/1361 1465/1514/1363
f 1437/1486/1335 1465/1514/1363 1466/1515/1364
f 1471/1520/1369 1469/1518/1367 1449/1498/1347 1451/1500/1349
f 1438/1487/1336 1466/1515/1364 1467/1516/1365
f 1468/1517/1366 1467/1516/1365 1469/1518/1367
f 1470/1519/1368 1469/1518/1367 1471/1520/1369
f 1475/1524/1373 1473/1522/1371 1451/1500/1349 1452/1501/1350
f 1472/1521/1370 1471/1520/1369 1473/1522/1371
f 1474/1523/1372 1473/1522/1371 1475/1524/1373
f 1448/1497/1346 1479/1528/1377 1477/1526/1375 1452/1501/1350
f 1476/1525/1374 1475/1524/1373 1477/1526/1375
f 1478/1527/1376 1477/1526/1375 1479/1528/1377
f 1456/1505/1354 1481/1530/1379 1448/1497/1346 1447/1496/1345
f 1480/1529/1378 1479/1528/1377 1481/1530/1379
f 1482/1531/1380 1481/1530/1379 1456/1505/1354
f 1487/1536/1385 1488/1537/1386 1491/1540/1389 1489/1538/1387
f 1487/1536/1385 1490/1539/1388 1484/1533/1382
f 1488/1537/1386 1487/1536/1385 1483/1532/1381
f 1968/2065/1860 1969/2066/1861 1970/2067/1862 1971/2068/1863
f 1492/1541/1390 1493/1542/1391 1489/1538/1387
f 1491/1540/1389 1494/1543/1392 1492/1541/1390
f 1496/1545/1394 1490/1539/1388 1493/1542/1391
f 1494/1543/1392 1493/1542/1391 1492/1541/1390
f 1493/1542/1391 1495/1544/1393 1496/1545/1394
f 1496/1545/1394 1485/1534/1383 1484/1533/1382
f 1486/1535/1384 1485/1534/1383 1495/1544/1393
f 1497/1546/1395 1508/1557/1406 1498/1547/1396
f 1503/1552/1401 1508/1557/1406 1497/1546/1395
f 1503/1552/1401 1972/2069/1864 1508/1557/1406
f 1501/1550/1399 1497/1546/1395 1499/1548/1397
f 1500/1549/1398 1503/1552/1401 1497/1546/1395
f 1500/1549/1398 1501/1550/1399 1504/1553/1402
f 1506/1555/1404 1504/1553/1402 1505/1554/1403
f 1507/1556/1405 1506/1555/1404 1505/1554/1403
f 1972/2069/1864 1507/1556/1405 1508/1557/1406
f 1973/2070/1865 1968/2065/1860 1971/2068/1863
f 1969/2066/1861 1968/2065/1860 1973/2070/1865
f 1509/1558/1407 1511/1560/1409 1974/2071/1866
f 1975/2072/1867 1974/2071/1866 1511/1560/1409 1510/1559/1408
f 1973/2070/1865 1971/2068/1863 1970/2067/1862 1969/2066/1861
f 1509/1558/1407 1974/2071/1866 1975/2072/1867 1510/1559/1408
o glass_Circle.000
v 3.169692 0.944076 0.007024
v 3.169692 0.943120 0.008980
v 3.193147 0.949175 0.019247
v 3.193147 0.951834 0.015046
v 3.193147 0.953934 0.010149
v 3.169692 0.944796 0.004737
v 3.152546 0.937096 0.000161
v 3.152546 0.937070 0.000240
v 3.152546 0.937036 0.000308
v 3.169692 0.944076 -0.007023
v 3.169692 0.944796 -0.004736
v 3.193147 0.953934 -0.010148
v 3.193147 0.951834 -0.015046
v 3.193147 0.949175 -0.019246
v 3.169692 0.943120 -0.008979
v 3.152546 0.937036 -0.000307
v 3.152546 0.937070 -0.000240
v 3.152546 0.937096 -0.000161
v 3.169827 0.938744 -0.013326
v 3.169963 0.936793 -0.015235
v 3.156907 0.936830 -0.004183
v 3.152551 0.936887 -0.000457
v 3.152546 0.936949 -0.000398
v 3.169726 0.940522 -0.011630
v 3.193209 0.943001 -0.024711
v 3.193395 0.939546 -0.027633
v 3.193644 0.935972 -0.030752
v 3.169827 0.938744 0.013327
v 3.169963 0.936793 0.015235
v 3.193644 0.935972 0.030753
v 3.193395 0.939546 0.027633
v 3.193209 0.943001 0.024712
v 3.169726 0.940522 0.011631
v 3.152546 0.936949 0.000398
v 3.152551 0.936887 0.000458
v 3.156907 0.936830 0.004184
v 3.169692 0.945239 -0.002385
v 3.169692 0.945389 0.000000
v 3.193147 0.955664 0.000000
v 3.193147 0.955224 -0.005109
v 3.152546 0.937110 -0.000082
v 3.152546 0.937115 0.000000
v 3.169692 0.945239 0.002386
v 3.193147 0.955224 0.005110
v 3.152546 0.937110 0.000082
v 3.169692 0.941956 -0.010348
v 3.193147 0.946222 -0.022193
v 3.152546 0.936997 -0.000355
v 3.169692 0.941956 0.010349
v 3.193147 0.946222 0.022194
v 3.152546 0.936997 0.000356
v 3.956724 1.168122 -0.072635
v 3.761542 1.128585 -0.059669
v 3.761542 1.136658 0.000000
v 3.956724 1.178784 0.000000
v 4.160388 1.215117 0.000000
v 4.160094 1.202117 -0.082362
v 4.159242 1.165959 -0.159429
v 3.956724 1.138182 -0.139986
v 3.761542 1.105304 -0.114758
v 3.956724 1.168122 0.072636
v 3.761542 1.128585 0.059670
v 3.761542 1.105304 0.114758
v 3.956724 1.138182 0.139986
v 4.159242 1.165959 0.159430
v 4.160094 1.202117 0.082363
v 3.956724 1.091024 -0.196773
v 4.157867 1.109491 -0.225911
v 4.155981 1.029502 -0.276522
v 3.956724 1.025694 -0.240093
v 3.761542 1.017358 -0.195785
v 3.761542 1.067752 -0.160683
v 3.956724 1.091023 0.196774
v 3.761542 1.067752 0.160684
v 3.761542 1.017358 0.195786
v 3.956724 1.025694 0.240094
v 4.155981 1.029502 0.276523
v 4.157867 1.109491 0.225912
v 3.956295 0.837144 -0.288669
v 4.149935 0.792393 -0.327492
v 4.148916 0.782098 -0.330094
v 3.955868 0.827041 -0.291520
v 3.761257 0.868141 -0.240375
v 3.761401 0.878095 -0.237592
v 3.761506 0.902436 -0.231407
v 3.956616 0.868221 -0.281840
v 4.151360 0.830137 -0.320813
v 3.956295 0.837143 0.288669
v 3.956616 0.868220 0.281841
v 3.761506 0.902436 0.231408
v 3.761401 0.878095 0.237592
v 3.761257 0.868141 0.240376
v 3.955868 0.827040 0.291520
v 4.148916 0.782098 0.330095
v 4.149935 0.792392 0.327492
v 4.151360 0.830137 0.320813
v 3.956724 0.941251 -0.267048
v 4.153594 0.922778 -0.305993
v 3.761542 0.955557 -0.218416
v 3.956724 0.941251 0.267049
v 3.761542 0.955557 0.218417
v 4.153594 0.922778 0.305993
v 3.584755 1.083179 -0.044688
v 3.584755 1.089113 0.000000
v 3.584755 1.065844 -0.085849
v 3.440865 1.028316 -0.059043
v 3.440865 1.040627 -0.030690
v 3.440865 1.044842 0.000000
v 3.584755 1.083179 0.044689
v 3.440865 1.040627 0.030691
v 3.440865 1.028316 0.059043
v 3.584755 1.065844 0.085849
v 3.584755 1.037573 -0.119952
v 3.584755 1.001050 -0.146046
v 3.440865 0.983382 -0.100976
v 3.440865 1.008237 -0.082712
v 3.584755 1.037573 0.119952
v 3.440865 1.008237 0.082713
v 3.440865 0.983382 0.100977
v 3.584755 1.001050 0.146047
v 3.584789 0.905434 -0.178346
v 3.584763 0.923153 -0.173310
v 3.584825 0.896765 -0.180838
v 3.441175 0.914959 -0.126625
v 3.441023 0.922072 -0.124398
v 3.440904 0.934295 -0.120460
v 3.584789 0.905434 0.178346
v 3.441023 0.922072 0.124398
v 3.441175 0.914959 0.126626
v 3.584825 0.896765 0.180839
v 3.584763 0.923153 0.173310
v 3.440904 0.934295 0.120460
v 3.584755 0.958967 -0.163190
v 3.440865 0.956734 -0.113106
v 3.584755 0.958967 0.163190
v 3.440865 0.956734 0.113107
v 3.344382 1.009657 -0.020683
v 3.344382 1.012539 0.000000
v 3.344382 1.001240 -0.040130
v 3.279199 0.981488 -0.026921
v 3.279199 0.986885 -0.013674
v 3.279199 0.988731 0.000000
v 3.344382 1.009657 0.020683
v 3.279199 0.986885 0.013674
v 3.279199 0.981488 0.026922
v 3.344382 1.001240 0.040130
v 3.344382 0.987509 -0.057103
v 3.344382 0.970964 -0.070670
v 3.279199 0.962123 -0.049716
v 3.279199 0.972686 -0.039317
v 3.344382 0.987506 0.057104
v 3.279199 0.972686 0.039317
v 3.279199 0.962123 0.049717
v 3.344382 0.970961 0.070671
v 3.344653 0.930922 -0.089211
v 3.344450 0.939800 -0.085761
v 3.344924 0.924757 -0.091458
v 3.279882 0.929762 -0.067740
v 3.279541 0.935227 -0.065208
v 3.279284 0.942013 -0.061885
v 3.344653 0.930922 0.089211
v 3.279541 0.935227 0.065209
v 3.279882 0.929762 0.067741
v 3.344924 0.924757 0.091458
v 3.344450 0.939800 0.085762
v 3.279284 0.942013 0.061886
v 3.344382 0.954103 -0.079904
v 3.279199 0.951439 -0.056982
v 3.344382 0.954103 0.079904
v 3.279199 0.951439 0.056983
v 3.229218 0.968923 -0.008677
v 3.229218 0.969945 0.000000
v 3.229218 0.965942 -0.017236
v 3.229218 0.968923 0.008678
v 3.229218 0.965942 0.017237
v 3.229218 0.961081 -0.025555
v 3.229218 0.955184 -0.032700
v 3.229218 0.961081 0.025556
v 3.229218 0.955184 0.032700
v 3.229545 0.938239 -0.044804
v 3.229299 0.943289 -0.041501
v 3.229870 0.933564 -0.047878
v 3.229545 0.938239 0.044805
v 3.229870 0.933564 0.047879
v 3.229299 0.943289 0.041502
v 3.229218 0.949095 -0.037741
v 3.229218 0.949095 0.037742
v 4.754288 1.262657 -0.093634
v 4.923600 1.263636 -0.095808
v 4.910655 1.212861 -0.190106
v 4.744205 1.214561 -0.185219
v 4.553054 1.207402 -0.178371
v 4.559832 1.251938 -0.090667
v 4.562181 1.267204 0.000000
v 4.757782 1.278792 0.000000
v 4.928089 1.280525 0.000000
v 4.754288 1.262657 0.093635
v 4.559832 1.251938 0.090668
v 4.553054 1.207402 0.178372
v 4.744205 1.214561 0.185220
v 4.910655 1.212861 0.190106
v 4.923600 1.263636 0.095808
v 4.361449 1.230908 -0.087641
v 4.358042 1.190117 -0.171000
v 4.362629 1.245285 0.000000
v 4.361449 1.230908 0.087642
v 4.358042 1.190117 0.171001
v 4.727939 1.134818 -0.272705
v 4.889765 1.128096 -0.281380
v 4.860989 1.007357 -0.350300
v 4.705605 1.020650 -0.338927
v 4.527106 1.030408 -0.322176
v 4.542121 1.134857 -0.260141
v 4.727939 1.134817 0.272706
v 4.542121 1.134857 0.260142
v 4.527106 1.030408 0.322177
v 4.705605 1.020649 0.338928
v 4.860989 1.007357 0.350301
v 4.889765 1.128096 0.281381
v 4.352549 1.125259 -0.245787
v 4.345006 1.032215 -0.302631
v 4.352549 1.125259 0.245787
v 4.345006 1.032215 0.302631
v 4.641297 0.683633 -0.376807
v 4.778282 0.654363 -0.385578
v 4.772710 0.637750 -0.387232
v 4.636543 0.667949 -0.378323
v 4.480185 0.704582 -0.365259
v 4.483631 0.718301 -0.363833
v 4.491470 0.768125 -0.359833
v 4.652679 0.737889 -0.373524
v 4.792591 0.711244 -0.382738
v 4.641300 0.683633 0.376808
v 4.652679 0.737889 0.373525
v 4.491470 0.768124 0.359834
v 4.483631 0.718301 0.363834
v 4.480185 0.704582 0.365259
v 4.636543 0.667949 0.378324
v 4.772710 0.637750 0.387233
v 4.778282 0.654363 0.385578
v 4.792591 0.711244 0.382739
v 4.322779 0.753666 -0.349970
v 4.320664 0.741957 -0.351926
v 4.327004 0.797821 -0.344536
v 4.322779 0.753666 0.349971
v 4.327004 0.797821 0.344537
v 4.320664 0.741956 0.351927
v 4.677317 0.869285 -0.366715
v 4.824379 0.848658 -0.377533
v 4.508094 0.890163 -0.350676
v 4.677317 0.869285 0.366716
v 4.508094 0.890162 0.350676
v 4.824379 0.848658 0.377533
v 4.335451 0.906871 -0.332152
v 4.335451 0.906871 0.332153
v 5.240049 1.211379 -0.096248
v 5.333752 1.180082 -0.096141
v 5.313822 1.122428 -0.190320
v 5.221763 1.156455 -0.190851
v 5.128182 1.185248 -0.191300
v 5.144825 1.238044 -0.096352
v 5.150593 1.256074 0.000000
v 5.246387 1.230335 -0.000002
v 5.340662 1.200133 -0.000002
v 5.240049 1.212260 0.096243
v 5.144825 1.238264 0.096353
v 5.128182 1.185578 0.191377
v 5.221763 1.157779 0.191159
v 5.313822 1.125073 0.190945
v 5.333752 1.181846 0.096136
v 5.046562 1.255447 -0.096460
v 5.031564 1.203569 -0.191590
v 5.051759 1.272878 0.000000
v 5.046562 1.255447 0.096461
v 5.031564 1.203568 0.191591
v 5.192258 1.066631 -0.282165
v 5.281664 1.027910 -0.280593
v 5.237512 0.904063 -0.348005
v 5.151366 0.943526 -0.350577
v 5.063894 0.976116 -0.352643
v 5.101331 1.098750 -0.283427
v 5.192258 1.067515 0.283425
v 5.101331 1.098970 0.283744
v 5.063894 0.976170 0.353115
v 5.151366 0.943746 0.352458
v 5.237512 0.904503 0.351772
v 5.281664 1.029674 0.283103
v 5.007366 1.117657 -0.284059
v 4.973760 0.994953 -0.353713
v 5.007366 1.117657 0.284060
v 4.973760 0.994953 0.353714
v 5.036487 0.606908 -0.381389
v 5.116190 0.592771 -0.378436
v 5.093413 0.588937 -0.379322
v 5.032275 0.595664 -0.381736
v 4.951959 0.607673 -0.384909
v 4.956780 0.621045 -0.384229
v 4.973870 0.676195 -0.382546
v 5.054200 0.657990 -0.379980
v 5.134338 0.638738 -0.377166
v 5.036487 0.606908 0.381389
v 5.054200 0.657990 0.380294
v 4.973870 0.676195 0.382623
v 4.956780 0.621045 0.384229
v 4.951959 0.607673 0.384909
v 5.032275 0.595664 0.381736
v 5.093413 0.588937 0.379323
v 5.116190 0.592771 0.378431
v 5.134338 0.638738 0.377790
v 4.877077 0.635182 -0.386840
v 4.871643 0.619678 -0.388085
v 4.893162 0.692314 -0.384604
v 4.877077 0.635181 0.386840
v 4.871643 0.619678 0.388085
v 4.893162 0.692313 0.384604
v 5.098920 0.788754 -0.376443
v 5.181591 0.758420 -0.373609
v 5.015491 0.814908 -0.378848
v 5.098920 0.788754 0.377700
v 5.015491 0.814908 0.379165
v 5.181591 0.758419 0.376119
v 4.930539 0.832703 -0.380395
v 4.930539 0.832703 0.380396
v 5.578853 0.936683 -0.217211
v 5.582308 0.946228 -0.204059
v 5.684100 0.879312 -0.207994
v 5.680775 0.868932 -0.220056
v 5.677057 0.856031 -0.233533
v 5.574991 0.923619 -0.231904
v 5.491194 0.981113 -0.229072
v 5.495389 0.994194 -0.213854
v 5.499146 1.003303 -0.200237
v 5.570316 0.903512 -0.249682
v 5.672561 0.838089 -0.249837
v 5.664727 0.806527 -0.273888
v 5.562175 0.866699 -0.275867
v 5.477272 0.920892 -0.274896
v 5.486116 0.960093 -0.247483
v 5.774805 0.775340 -0.249329
v 5.767276 0.748884 -0.270560
v 5.779124 0.790592 -0.234755
v 5.881193 0.726566 -0.235664
v 5.877049 0.714154 -0.248305
v 5.869828 0.692562 -0.266484
v 5.782694 0.802363 -0.222710
v 5.785890 0.812398 -0.211929
v 5.887682 0.745485 -0.215861
v 5.884617 0.736616 -0.225214
v 5.986540 0.671323 -0.227616
v 5.983259 0.663224 -0.236350
v 5.989472 0.678569 -0.219797
v 6.091265 0.611656 -0.223732
v 6.088495 0.606250 -0.229792
v 6.085402 0.600212 -0.236564
v 5.979293 0.653423 -0.246922
v 5.972380 0.636353 -0.262258
v 6.081662 0.592903 -0.244759
v 6.075140 0.580172 -0.257073
v 6.184278 0.532350 -0.241403
v 6.187700 0.537177 -0.236048
v 6.270644 0.488706 -0.234967
v 6.267536 0.485745 -0.237945
v 6.262121 0.480585 -0.243514
v 6.178319 0.523935 -0.250114
v 6.190525 0.541169 -0.231624
v 6.193054 0.544743 -0.227664
v 6.275508 0.493347 -0.230301
v 6.273210 0.491156 -0.232505
v 6.311821 0.467074 -0.235481
v 6.314728 0.469378 -0.233476
v 6.339386 0.464624 -0.231783
v 6.336620 0.462374 -0.233510
v 6.331795 0.458453 -0.236519
v 6.306754 0.463063 -0.239396
v 6.317133 0.471283 -0.231819
v 6.319284 0.472988 -0.230337
v 6.337100 0.468940 -0.229711
v 6.341675 0.466484 -0.230354
v 5.438003 0.996328 -0.241849
v 5.443939 1.016274 -0.224231
v 5.427660 0.960602 -0.269374
v 5.395694 0.993067 -0.261578
v 5.407931 1.022386 -0.234498
v 5.414957 1.040269 -0.218385
v 5.448845 1.030038 -0.209668
v 5.453238 1.040709 -0.196635
v 5.420761 1.055049 -0.205067
v 5.431479 1.058078 -0.196999
v 5.485297 0.535371 0.368243
v 5.387451 0.551314 0.373045
v 5.385667 0.544119 0.372740
v 5.483778 0.528929 0.368113
v 5.589289 0.514687 0.361762
v 5.590751 0.520316 0.361575
v 5.597114 0.544779 0.360466
v 5.491909 0.563368 0.367608
v 5.395505 0.583325 0.372446
v 5.485297 0.535371 -0.368248
v 5.491909 0.563368 -0.367613
v 5.597114 0.544779 -0.360471
v 5.590751 0.520316 -0.361581
v 5.589289 0.514688 -0.361767
v 5.483778 0.528929 -0.368118
v 5.385667 0.544119 -0.372745
v 5.387451 0.551314 -0.373050
v 5.395505 0.583326 -0.372452
v 5.508698 0.634479 0.365451
v 5.416089 0.664963 0.370044
v 5.613269 0.606913 0.357511
v 5.633230 0.683859 0.343842
v 5.529441 0.723071 0.351571
v 5.440936 0.765265 0.355159
v 5.508698 0.634479 -0.365456
v 5.529441 0.723072 -0.351576
v 5.633230 0.683859 -0.343847
v 5.613269 0.606914 -0.357516
v 5.416089 0.664963 -0.370049
v 5.440936 0.765265 -0.355164
v 5.696202 0.505262 0.354908
v 5.694796 0.500446 0.355407
v 5.800307 0.486205 0.349056
v 5.801656 0.490207 0.348274
v 5.807519 0.507602 0.344881
v 5.702316 0.526191 0.352729
v 5.696202 0.505262 -0.354913
v 5.702316 0.526191 -0.352734
v 5.807519 0.507602 -0.344886
v 5.801656 0.490208 -0.348279
v 5.800307 0.486205 -0.349061
v 5.694796 0.500446 -0.355413
v 5.717839 0.579351 0.347199
v 5.822407 0.551786 0.336263
v 5.840800 0.606368 0.319966
v 5.737015 0.645022 0.332441
v 5.717839 0.579351 -0.347204
v 5.737015 0.645022 -0.332446
v 5.840800 0.606369 -0.319972
v 5.822407 0.551786 -0.336268
v 5.926977 0.524220 0.326450
v 6.032312 0.496551 0.313753
v 6.048925 0.528988 0.296858
v 5.944589 0.567715 0.309025
v 5.912721 0.489013 0.337400
v 6.018864 0.470298 0.325273
v 5.926977 0.524220 -0.326456
v 5.912721 0.489014 -0.337406
v 5.944589 0.567715 -0.309030
v 6.048925 0.528988 -0.296864
v 6.032312 0.496551 -0.313759
v 6.018864 0.470298 -0.325279
v 5.907107 0.475153 0.341711
v 6.013571 0.459958 0.329810
v 5.905817 0.471963 0.342702
v 6.012352 0.457581 0.330854
v 5.907107 0.475153 -0.341716
v 5.905817 0.471964 -0.342707
v 6.013571 0.459958 -0.329815
v 6.012352 0.457581 -0.330859
v 6.122054 0.444488 0.307165
v 6.120939 0.442916 0.308009
v 6.210001 0.430888 0.284980
v 6.211010 0.431853 0.284373
v 6.215406 0.436042 0.281733
v 6.126892 0.451320 0.303492
v 6.122054 0.444489 -0.307170
v 6.126892 0.451320 -0.303497
v 6.215406 0.436043 -0.281739
v 6.211010 0.431853 -0.284378
v 6.210001 0.430888 -0.284985
v 6.120939 0.442916 -0.308014
v 6.139180 0.468672 0.294163
v 6.226570 0.446685 0.275032
v 6.240360 0.459834 0.265341
v 6.154362 0.490109 0.280697
v 6.139180 0.468672 -0.294168
v 6.154362 0.490109 -0.280703
v 6.240360 0.459834 -0.265346
v 6.226570 0.446688 -0.275037
v 6.258904 0.425160 0.272040
v 6.257956 0.424412 0.272582
v 6.278734 0.421818 0.267128
v 6.286260 0.421443 0.264935
v 6.290175 0.424624 0.262490
v 6.263017 0.428421 0.269685
v 6.258904 0.425160 -0.272045
v 6.263017 0.428421 -0.269691
v 6.290175 0.424624 -0.262495
v 6.286260 0.421443 -0.264940
v 6.278734 0.421818 -0.267133
v 6.257956 0.424412 -0.272587
v 6.273467 0.436697 0.263707
v 6.300120 0.432709 0.256283
v 6.312408 0.442696 0.248616
v 6.286378 0.446925 0.255580
v 6.273467 0.436697 -0.263712
v 6.286378 0.446925 -0.255585
v 6.312408 0.442696 -0.248621
v 6.300120 0.432709 -0.256288
v 5.304817 0.569039 0.374117
v 5.229791 0.587653 0.373321
v 5.246257 0.576836 0.373496
v 5.302356 0.561205 0.373920
v 5.316696 0.606018 0.373265
v 5.246683 0.630078 0.372068
v 5.304817 0.569039 -0.374123
v 5.316696 0.606019 -0.373270
v 5.302356 0.561206 -0.373925
v 5.246257 0.576836 -0.373502
v 5.229791 0.587653 -0.373327
v 5.246683 0.630078 -0.372073
v 5.347400 0.701290 0.370309
v 5.290669 0.740536 0.368412
v 5.382994 0.813050 0.354143
v 5.340329 0.863633 0.350823
v 5.347400 0.701290 -0.370315
v 5.382994 0.813050 -0.354148
v 5.290669 0.740537 -0.368418
v 5.340329 0.863633 -0.350828
v 5.573774 0.913053 0.236528
v 5.675886 0.848472 0.237770
v 5.684100 0.879311 0.207989
v 5.582308 0.946227 0.204054
v 5.499146 1.003303 0.200232
v 5.489873 0.969206 0.233858
v 5.478209 0.923170 0.271484
v 5.563039 0.869084 0.272573
v 5.665557 0.809121 0.270866
v 5.547908 0.803515 0.315766
v 5.651000 0.752757 0.310592
v 5.461771 0.853259 0.317113
v 5.547908 0.803515 -0.315771
v 5.461771 0.853262 -0.317118
v 5.651000 0.752757 -0.310597
v 5.754087 0.703486 0.302578
v 5.857176 0.654964 0.293536
v 5.870596 0.694778 0.264141
v 5.768077 0.751393 0.267859
v 5.754087 0.703487 -0.302583
v 5.857176 0.654964 -0.293541
v 5.778000 0.785375 0.238541
v 5.880115 0.723023 0.238950
v 5.887682 0.745485 0.215856
v 5.785890 0.812398 0.211924
v 5.982226 0.660672 0.239097
v 6.084428 0.598309 0.238690
v 6.091265 0.611656 0.223726
v 5.989472 0.678569 0.219791
v 5.973114 0.638165 0.260300
v 6.075832 0.581524 0.255551
v 5.960267 0.606439 0.285293
v 6.063714 0.557863 0.276198
v 5.960267 0.606439 -0.285298
v 6.063714 0.557863 -0.276203
v 6.167877 0.509191 0.264610
v 6.252637 0.471540 0.253736
v 6.262697 0.481132 0.242959
v 6.178952 0.524827 0.249118
v 6.167877 0.509191 -0.264615
v 6.252637 0.471540 -0.253742
v 6.186807 0.535921 0.237437
v 6.269834 0.487935 0.235735
v 6.275508 0.493347 0.230295
v 6.193054 0.544743 0.227659
v 6.297873 0.456028 0.246784
v 6.323347 0.451585 0.241787
v 6.332310 0.458871 0.236195
v 6.307291 0.463486 0.239021
v 6.297873 0.456028 -0.246789
v 6.323347 0.451585 -0.241792
v 6.313972 0.468779 0.233993
v 6.338666 0.464037 0.232226
v 6.336349 0.468330 0.230174
v 6.319284 0.472988 0.230332
v 5.409534 0.899498 0.313649
v 5.374249 0.943980 0.307780
v 5.428758 0.963269 0.266109
v 5.396992 0.996376 0.258592
v 5.409534 0.899498 -0.313654
v 5.374249 0.943981 -0.307785
v 5.442395 1.006998 0.228811
v 5.413128 1.035613 0.222572
v 5.453238 1.040709 0.196630
v 5.429571 1.053220 0.201372
v 5.467603 1.086631 0.103464
v 5.433438 1.109406 0.102818
v 5.460823 1.081821 0.127633
v 5.484202 1.063300 0.136249
v 5.607990 0.980887 0.139281
v 5.602449 0.995718 0.107131
v 5.597317 1.008867 0.073646
v 5.454164 1.105635 0.070041
v 5.410576 1.133883 0.069392
v 5.938655 0.768528 0.116830
v 5.936603 0.761620 0.147348
v 6.263276 0.543625 0.155371
v 6.269518 0.544898 0.126459
v 6.274034 0.546230 0.092579
v 5.939604 0.775055 0.083151
v 5.447050 1.115992 0.035340
v 5.593012 1.018654 0.037488
v 5.591067 1.022707 -0.000002
v 5.445071 1.119007 -0.000002
v 5.399124 1.143862 -0.000002
v 5.400766 1.143083 0.034950
v 5.938336 0.780824 0.043153
v 6.275093 0.547687 0.048771
v 6.274757 0.548449 -0.000003
v 5.937150 0.783518 -0.000003
v 5.447050 1.115992 -0.035345
v 5.593012 1.018654 -0.037493
v 5.597317 1.008867 -0.073651
v 5.454164 1.105635 -0.070046
v 5.410576 1.133883 -0.069397
v 5.400766 1.143083 -0.034955
v 5.938336 0.780824 -0.043159
v 6.275093 0.547687 -0.048776
v 6.274034 0.546230 -0.092584
v 5.939604 0.775055 -0.083156
v 5.467603 1.086631 -0.103469
v 5.602449 0.995718 -0.107136
v 5.607990 0.980887 -0.139286
v 5.484202 1.063300 -0.136254
v 5.460823 1.081821 -0.127638
v 5.433438 1.109406 -0.102823
v 5.938655 0.768528 -0.116835
v 6.269518 0.544898 -0.126464
v 6.263276 0.543625 -0.155376
v 5.936603 0.761621 -0.147353
v 6.388326 0.464658 0.129911
v 6.401105 0.456119 0.130275
v 6.405797 0.456119 0.096291
v 6.393625 0.464421 0.095949
v 6.381238 0.465025 0.158264
v 6.393010 0.458343 0.151430
v 6.395352 0.464432 0.050778
v 6.407364 0.456119 0.050978
v 6.407364 0.456119 -0.000003
v 6.395321 0.464503 -0.000003
v 6.395352 0.464432 -0.050783
v 6.407364 0.456119 -0.050984
v 6.405797 0.456119 -0.096296
v 6.393625 0.464421 -0.095955
v 6.388326 0.464661 -0.129917
v 6.401105 0.456119 -0.130281
v 6.393010 0.458343 -0.151435
v 6.381238 0.465025 -0.158269
vt 0.422247 0.443674
vt 0.422247 0.443618
vt 0.421173 0.443973
vt 0.421173 0.444128
vt 0.421173 0.444251
vt 0.422247 0.443717
vt 0.423032 0.443266
vt 0.423032 0.443265
vt 0.423032 0.443263
vt 0.422247 0.443674
vt 0.422247 0.443717
vt 0.421173 0.444251
vt 0.421173 0.444128
vt 0.421173 0.443973
vt 0.422247 0.443618
vt 0.423032 0.443263
vt 0.423032 0.443265
vt 0.423032 0.443266
vt 0.422241 0.443362
vt 0.422234 0.443248
vt 0.422832 0.443251
vt 0.423031 0.443254
vt 0.423032 0.443257
vt 0.422245 0.443466
vt 0.421170 0.443611
vt 0.421162 0.443409
vt 0.421150 0.443200
vt 0.422241 0.443362
vt 0.422234 0.443248
vt 0.421150 0.443200
vt 0.421162 0.443409
vt 0.421170 0.443611
vt 0.422245 0.443466
vt 0.423032 0.443257
vt 0.423031 0.443254
vt 0.422832 0.443251
vt 0.422247 0.443742
vt 0.422247 0.443751
vt 0.421173 0.444352
vt 0.421173 0.444326
vt 0.423032 0.443267
vt 0.423032 0.443267
vt 0.422247 0.443742
vt 0.421173 0.444326
vt 0.423032 0.443267
vt 0.422247 0.443550
vt 0.421173 0.443800
vt 0.423032 0.443260
vt 0.422247 0.443550
vt 0.421173 0.443800
vt 0.423032 0.443260
vt 0.386224 0.456780
vt 0.395157 0.454467
vt 0.395157 0.454940
vt 0.386224 0.457404
vt 0.376902 0.459529
vt 0.376915 0.458769
vt 0.376954 0.456654
vt 0.386224 0.455029
vt 0.395157 0.453106
vt 0.386224 0.456780
vt 0.395157 0.454467
vt 0.395157 0.453106
vt 0.386224 0.455029
vt 0.376954 0.456654
vt 0.376915 0.458769
vt 0.386224 0.452270
vt 0.377017 0.453351
vt 0.377104 0.448671
vt 0.386224 0.448449
vt 0.395157 0.447961
vt 0.395157 0.450909
vt 0.386224 0.452270
vt 0.395157 0.450909
vt 0.395157 0.447961
vt 0.386224 0.448449
vt 0.377104 0.448671
vt 0.377017 0.453351
vt 0.386243 0.437419
vt 0.377380 0.434801
vt 0.377427 0.434199
vt 0.386263 0.436828
vt 0.395170 0.439232
vt 0.395164 0.439815
vt 0.395159 0.441239
vt 0.386229 0.439237
vt 0.377315 0.437009
vt 0.386243 0.437419
vt 0.386229 0.439237
vt 0.395159 0.441239
vt 0.395164 0.439815
vt 0.395170 0.439232
vt 0.386263 0.436828
vt 0.377427 0.434199
vt 0.377380 0.434801
vt 0.377315 0.437009
vt 0.386224 0.443509
vt 0.377213 0.442428
vt 0.395157 0.444346
vt 0.386224 0.443509
vt 0.395157 0.444346
vt 0.377213 0.442428
vt 0.403249 0.451811
vt 0.403249 0.452158
vt 0.403249 0.450797
vt 0.409835 0.448602
vt 0.409835 0.449322
vt 0.409835 0.449569
vt 0.403249 0.451811
vt 0.409835 0.449322
vt 0.409835 0.448602
vt 0.403249 0.450797
vt 0.403249 0.449143
vt 0.403249 0.447007
vt 0.409835 0.445974
vt 0.409835 0.447428
vt 0.403249 0.449143
vt 0.409835 0.447428
vt 0.409835 0.445974
vt 0.403249 0.447007
vt 0.403248 0.441414
vt 0.403249 0.442450
vt 0.403246 0.440907
vt 0.409821 0.441971
vt 0.409828 0.442387
vt 0.409833 0.443102
vt 0.403248 0.441414
vt 0.409828 0.442387
vt 0.409821 0.441971
vt 0.403246 0.440907
vt 0.403249 0.442450
vt 0.409833 0.443102
vt 0.403249 0.444545
vt 0.409835 0.444415
vt 0.403249 0.444545
vt 0.409835 0.444415
vt 0.414251 0.447511
vt 0.414251 0.447679
vt 0.414251 0.447018
vt 0.417235 0.445863
vt 0.417235 0.446178
vt 0.417235 0.446287
vt 0.414251 0.447511
vt 0.417235 0.446178
vt 0.417235 0.445863
vt 0.414251 0.447018
vt 0.414251 0.446215
vt 0.414251 0.445247
vt 0.417235 0.444730
vt 0.417235 0.445348
vt 0.414251 0.446215
vt 0.417235 0.445348
vt 0.417235 0.444730
vt 0.414251 0.445247
vt 0.414239 0.442905
vt 0.414248 0.443424
vt 0.414226 0.442544
vt 0.417203 0.442837
vt 0.417219 0.443157
vt 0.417231 0.443554
vt 0.414239 0.442905
vt 0.417219 0.443157
vt 0.417203 0.442837
vt 0.414226 0.442544
vt 0.414248 0.443424
vt 0.417231 0.443554
vt 0.414251 0.444261
vt 0.417235 0.444105
vt 0.414251 0.444261
vt 0.417235 0.444105
vt 0.419522 0.445128
vt 0.419522 0.445188
vt 0.419522 0.444954
vt 0.419522 0.445128
vt 0.419522 0.444954
vt 0.419522 0.444669
vt 0.419522 0.444324
vt 0.419522 0.444669
vt 0.419522 0.444324
vt 0.419507 0.443333
vt 0.419519 0.443628
vt 0.419492 0.443059
vt 0.419507 0.443333
vt 0.419492 0.443059
vt 0.419519 0.443628
vt 0.419522 0.443968
vt 0.419522 0.443968
vt 0.349719 0.462310
vt 0.341969 0.462367
vt 0.342562 0.459397
vt 0.350180 0.459497
vt 0.358929 0.459078
vt 0.358619 0.461683
vt 0.358512 0.462576
vt 0.349559 0.463254
vt 0.341764 0.463355
vt 0.349719 0.462310
vt 0.358619 0.461683
vt 0.358929 0.459078
vt 0.350180 0.459497
vt 0.342562 0.459397
vt 0.341969 0.462367
vt 0.367699 0.460453
vt 0.367855 0.458067
vt 0.367645 0.461294
vt 0.367699 0.460453
vt 0.367855 0.458067
vt 0.350925 0.454832
vt 0.343518 0.454439
vt 0.344835 0.447376
vt 0.351947 0.448154
vt 0.360117 0.448724
vt 0.359430 0.454834
vt 0.350925 0.454832
vt 0.359430 0.454834
vt 0.360117 0.448724
vt 0.351947 0.448154
vt 0.344835 0.447376
vt 0.343518 0.454439
vt 0.368107 0.454273
vt 0.368452 0.448830
vt 0.368107 0.454273
vt 0.368452 0.448830
vt 0.354890 0.428439
vt 0.348620 0.426727
vt 0.348875 0.425755
vt 0.355108 0.427522
vt 0.362265 0.429665
vt 0.362107 0.430467
vt 0.361748 0.433382
vt 0.354369 0.431613
vt 0.347966 0.430054
vt 0.354890 0.428439
vt 0.354369 0.431613
vt 0.361748 0.433382
vt 0.362107 0.430467
vt 0.362265 0.429665
vt 0.355108 0.427522
vt 0.348875 0.425755
vt 0.348620 0.426727
vt 0.347966 0.430054
vt 0.369469 0.432536
vt 0.369566 0.431851
vt 0.369276 0.435119
vt 0.369469 0.432536
vt 0.369276 0.435119
vt 0.369566 0.431851
vt 0.353242 0.439299
vt 0.346511 0.438093
vt 0.360987 0.440521
vt 0.353242 0.439299
vt 0.360987 0.440521
vt 0.346511 0.438093
vt 0.368889 0.441498
vt 0.368889 0.441498
vt 0.327485 0.459311
vt 0.323196 0.457480
vt 0.324108 0.454107
vt 0.328322 0.456098
vt 0.332605 0.457782
vt 0.331844 0.460870
vt 0.331579 0.461925
vt 0.327195 0.460419
vt 0.322880 0.458653
vt 0.327485 0.459362
vt 0.331844 0.460883
vt 0.332605 0.457801
vt 0.328322 0.456175
vt 0.324108 0.454262
vt 0.323196 0.457583
vt 0.336341 0.461888
vt 0.337028 0.458854
vt 0.336103 0.462908
vt 0.336341 0.461888
vt 0.337028 0.458854
vt 0.329672 0.450843
vt 0.325580 0.448578
vt 0.327601 0.441334
vt 0.331544 0.443642
vt 0.335548 0.445549
vt 0.333834 0.452722
vt 0.329672 0.450895
vt 0.333834 0.452735
vt 0.335548 0.445552
vt 0.331544 0.443655
vt 0.327601 0.441359
vt 0.325580 0.448681
vt 0.338135 0.453828
vt 0.339673 0.446650
vt 0.338135 0.453828
vt 0.339673 0.446650
vt 0.336802 0.423951
vt 0.333154 0.423124
vt 0.334197 0.422900
vt 0.336995 0.423294
vt 0.340671 0.423996
vt 0.340450 0.424778
vt 0.339668 0.428004
vt 0.335991 0.426939
vt 0.332323 0.425813
vt 0.336802 0.423951
vt 0.335991 0.426939
vt 0.339668 0.428004
vt 0.340450 0.424778
vt 0.340671 0.423996
vt 0.336995 0.423294
vt 0.334197 0.422900
vt 0.333154 0.423124
vt 0.332323 0.425813
vt 0.344098 0.425605
vt 0.344347 0.424698
vt 0.343362 0.428947
vt 0.344098 0.425605
vt 0.344347 0.424698
vt 0.343362 0.428947
vt 0.333945 0.434589
vt 0.330161 0.432814
vt 0.337763 0.436119
vt 0.333945 0.434589
vt 0.337763 0.436119
vt 0.330161 0.432814
vt 0.341651 0.437159
vt 0.341651 0.437159
vt 0.311978 0.443242
vt 0.311819 0.443800
vt 0.307160 0.439886
vt 0.307313 0.439279
vt 0.307483 0.438524
vt 0.312155 0.442478
vt 0.315990 0.445841
vt 0.315798 0.446606
vt 0.315626 0.447139
vt 0.312368 0.441301
vt 0.307689 0.437475
vt 0.308047 0.435628
vt 0.312741 0.439148
vt 0.316627 0.442318
vt 0.316222 0.444611
vt 0.303009 0.433804
vt 0.303353 0.432256
vt 0.302811 0.434696
vt 0.298139 0.430951
vt 0.298329 0.430225
vt 0.298660 0.428962
vt 0.302648 0.435385
vt 0.302501 0.435972
vt 0.297842 0.432057
vt 0.297983 0.431539
vt 0.293318 0.427719
vt 0.293468 0.427245
vt 0.293183 0.428143
vt 0.288524 0.424229
vt 0.288651 0.423913
vt 0.288793 0.423560
vt 0.293649 0.426672
vt 0.293966 0.425674
vt 0.288964 0.423132
vt 0.289262 0.422387
vt 0.284267 0.419590
vt 0.284110 0.419872
vt 0.280314 0.417037
vt 0.280456 0.416864
vt 0.280704 0.416562
vt 0.284540 0.419098
vt 0.283981 0.420106
vt 0.283865 0.420315
vt 0.280091 0.417308
vt 0.280196 0.417180
vt 0.278429 0.415772
vt 0.278296 0.415906
vt 0.277168 0.415628
vt 0.277294 0.415496
vt 0.277515 0.415267
vt 0.278661 0.415537
vt 0.278186 0.416018
vt 0.278088 0.416117
vt 0.277272 0.415881
vt 0.277063 0.415737
vt 0.318425 0.446731
vt 0.318153 0.447898
vt 0.318898 0.444641
vt 0.320361 0.446540
vt 0.319801 0.448255
vt 0.319479 0.449301
vt 0.317928 0.448703
vt 0.317727 0.449327
vt 0.319214 0.450166
vt 0.318723 0.450343
vt 0.316260 0.419766
vt 0.320738 0.420699
vt 0.320820 0.420278
vt 0.316329 0.419390
vt 0.311500 0.418557
vt 0.311433 0.418886
vt 0.311142 0.420317
vt 0.315957 0.421404
vt 0.320370 0.422572
vt 0.316260 0.419766
vt 0.315957 0.421404
vt 0.311142 0.420317
vt 0.311433 0.418886
vt 0.311500 0.418557
vt 0.316329 0.419390
vt 0.320820 0.420278
vt 0.320738 0.420699
vt 0.320370 0.422572
vt 0.315189 0.425564
vt 0.319427 0.427347
vt 0.310402 0.423952
vt 0.309489 0.428453
vt 0.314239 0.430746
vt 0.318290 0.433214
vt 0.315189 0.425564
vt 0.314239 0.430746
vt 0.309489 0.428453
vt 0.310402 0.423952
vt 0.319427 0.427347
vt 0.318290 0.433214
vt 0.306606 0.418005
vt 0.306671 0.417724
vt 0.301842 0.416890
vt 0.301780 0.417125
vt 0.301512 0.418142
vt 0.306327 0.419230
vt 0.306606 0.418005
vt 0.306327 0.419230
vt 0.301512 0.418142
vt 0.301780 0.417125
vt 0.301842 0.416890
vt 0.306671 0.417724
vt 0.305616 0.422339
vt 0.300830 0.420727
vt 0.299988 0.423920
vt 0.304739 0.426181
vt 0.305616 0.422339
vt 0.304739 0.426181
vt 0.299988 0.423920
vt 0.300830 0.420727
vt 0.296044 0.419114
vt 0.291223 0.417496
vt 0.290462 0.419393
vt 0.295238 0.421659
vt 0.296696 0.417055
vt 0.291838 0.415960
vt 0.296044 0.419114
vt 0.296696 0.417055
vt 0.295238 0.421659
vt 0.290462 0.419393
vt 0.291223 0.417496
vt 0.291838 0.415960
vt 0.296953 0.416244
vt 0.292080 0.415355
vt 0.297012 0.416057
vt 0.292136 0.415216
vt 0.296953 0.416244
vt 0.297012 0.416057
vt 0.292080 0.415355
vt 0.292136 0.415216
vt 0.287115 0.414450
vt 0.287166 0.414358
vt 0.283090 0.413655
vt 0.283043 0.413711
vt 0.282842 0.413956
vt 0.286894 0.414850
vt 0.287115 0.414450
vt 0.286894 0.414850
vt 0.282842 0.413956
vt 0.283043 0.413711
vt 0.283090 0.413655
vt 0.287166 0.414358
vt 0.286331 0.415865
vt 0.282331 0.414579
vt 0.281700 0.415348
vt 0.285636 0.417119
vt 0.286331 0.415865
vt 0.285636 0.417119
vt 0.281700 0.415348
vt 0.282331 0.414579
vt 0.280851 0.413320
vt 0.280895 0.413276
vt 0.279944 0.413124
vt 0.279599 0.413102
vt 0.279420 0.413288
vt 0.280663 0.413510
vt 0.280851 0.413320
vt 0.280663 0.413510
vt 0.279420 0.413288
vt 0.279599 0.413102
vt 0.279944 0.413124
vt 0.280895 0.413276
vt 0.280185 0.413995
vt 0.278965 0.413761
vt 0.278402 0.414345
vt 0.279594 0.414593
vt 0.280185 0.413995
vt 0.279594 0.414593
vt 0.278402 0.414345
vt 0.278965 0.413761
vt 0.324520 0.421736
vt 0.327955 0.422825
vt 0.327201 0.422192
vt 0.324633 0.421278
vt 0.323977 0.423899
vt 0.327181 0.425307
vt 0.324520 0.421736
vt 0.323977 0.423899
vt 0.324633 0.421278
vt 0.327201 0.422192
vt 0.327955 0.422825
vt 0.327181 0.425307
vt 0.322571 0.429472
vt 0.325168 0.431768
vt 0.320942 0.436010
vt 0.322895 0.438969
vt 0.322571 0.429472
vt 0.320942 0.436010
vt 0.325168 0.431768
vt 0.322895 0.438969
vt 0.312210 0.441860
vt 0.307536 0.438082
vt 0.307160 0.439886
vt 0.311819 0.443800
vt 0.315626 0.447139
vt 0.316050 0.445144
vt 0.316584 0.442451
vt 0.312701 0.439288
vt 0.308009 0.435780
vt 0.313394 0.435452
vt 0.308676 0.432483
vt 0.317337 0.438362
vt 0.313394 0.435452
vt 0.317337 0.438362
vt 0.308676 0.432483
vt 0.303957 0.429601
vt 0.299239 0.426762
vt 0.298624 0.429091
vt 0.303317 0.432403
vt 0.303957 0.429601
vt 0.299239 0.426762
vt 0.302863 0.434391
vt 0.298189 0.430744
vt 0.297842 0.432057
vt 0.302501 0.435972
vt 0.293515 0.427096
vt 0.288837 0.423448
vt 0.288524 0.424229
vt 0.293183 0.428143
vt 0.293932 0.425780
vt 0.289231 0.422466
vt 0.294520 0.423924
vt 0.289785 0.421082
vt 0.294520 0.423924
vt 0.289785 0.421082
vt 0.285018 0.418235
vt 0.281138 0.416033
vt 0.280678 0.416594
vt 0.284511 0.419150
vt 0.285018 0.418235
vt 0.281138 0.416033
vt 0.284151 0.419799
vt 0.280351 0.416992
vt 0.280091 0.417308
vt 0.283865 0.420315
vt 0.279068 0.415125
vt 0.277902 0.414865
vt 0.277491 0.415292
vt 0.278637 0.415562
vt 0.279068 0.415125
vt 0.277902 0.414865
vt 0.278331 0.415871
vt 0.277200 0.415594
vt 0.277307 0.415845
vt 0.278088 0.416117
vt 0.319728 0.441067
vt 0.321343 0.443669
vt 0.318848 0.444797
vt 0.320302 0.446734
vt 0.319728 0.441067
vt 0.321343 0.443669
vt 0.318224 0.447355
vt 0.319563 0.449029
vt 0.317727 0.449327
vt 0.318811 0.450059
vt 0.317070 0.452013
vt 0.318633 0.453346
vt 0.317380 0.451732
vt 0.316310 0.450649
vt 0.310644 0.445828
vt 0.310898 0.446695
vt 0.311133 0.447464
vt 0.317685 0.453125
vt 0.319680 0.454777
vt 0.295509 0.433405
vt 0.295603 0.433001
vt 0.280651 0.420249
vt 0.280365 0.420324
vt 0.280159 0.420402
vt 0.295466 0.433787
vt 0.318010 0.453731
vt 0.311330 0.448037
vt 0.311419 0.448274
vt 0.318101 0.453907
vt 0.320204 0.455361
vt 0.320129 0.455316
vt 0.295524 0.434125
vt 0.280110 0.420487
vt 0.280126 0.420532
vt 0.295578 0.434282
vt 0.318010 0.453731
vt 0.311330 0.448037
vt 0.311133 0.447464
vt 0.317685 0.453125
vt 0.319680 0.454777
vt 0.320129 0.455316
vt 0.295524 0.434125
vt 0.280110 0.420487
vt 0.280159 0.420402
vt 0.295466 0.433787
vt 0.317070 0.452013
vt 0.310898 0.446695
vt 0.310644 0.445828
vt 0.316310 0.450649
vt 0.317380 0.451732
vt 0.318633 0.453346
vt 0.295509 0.433405
vt 0.280365 0.420324
vt 0.280651 0.420249
vt 0.295603 0.433001
vt 0.274928 0.415630
vt 0.274343 0.415131
vt 0.274128 0.415131
vt 0.274685 0.415616
vt 0.275252 0.415652
vt 0.274713 0.415261
vt 0.274606 0.415617
vt 0.274056 0.415131
vt 0.274056 0.415131
vt 0.274607 0.415621
vt 0.274606 0.415617
vt 0.274056 0.415131
vt 0.274128 0.415131
vt 0.274685 0.415616
vt 0.274928 0.415630
vt 0.274343 0.415131
vt 0.274713 0.415261
vt 0.275252 0.415652
vn -0.4371 0.8223 0.3645
vn -0.4613 0.7253 0.5110
vn -0.3896 0.7053 0.5922
vn -0.3790 0.8073 0.4523
vn -0.3792 0.8694 0.3169
vn -0.4250 0.8713 0.2452
vn -0.4471 0.8688 0.2131
vn -0.4643 0.8254 0.3212
vn -0.4951 0.7346 0.4639
vn -0.4371 0.8222 -0.3645
vn -0.4250 0.8713 -0.2452
vn -0.3792 0.8694 -0.3169
vn -0.3790 0.8073 -0.4523
vn -0.3896 0.7053 -0.5923
vn -0.4613 0.7253 -0.5111
vn -0.4951 0.7348 -0.4636
vn -0.4644 0.8253 -0.3213
vn -0.4471 0.8688 -0.2131
vn -0.4832 0.5794 -0.6563
vn -0.4644 0.5862 -0.6638
vn -0.5277 0.5746 -0.6255
vn -0.5295 0.5696 -0.6286
vn -0.5313 0.5623 -0.6337
vn -0.4894 0.5669 -0.6626
vn -0.4034 0.5536 -0.7286
vn -0.3904 0.5673 -0.7251
vn -0.3702 0.5667 -0.7360
vn -0.4832 0.5794 0.6564
vn -0.4644 0.5862 0.6638
vn -0.3702 0.5668 0.7360
vn -0.3904 0.5673 0.7251
vn -0.4034 0.5535 0.7286
vn -0.4895 0.5669 0.6627
vn -0.5313 0.5622 0.6338
vn -0.5295 0.5698 0.6285
vn -0.5278 0.5745 0.6256
vn -0.4191 0.8991 -0.1264
vn -0.4171 0.9089 -0.0000
vn -0.3827 0.9239 -0.0000
vn -0.3815 0.9093 -0.1659
vn -0.4377 0.8925 -0.1090
vn -0.4346 0.9006 -0.0000
vn -0.4191 0.8991 0.1263
vn -0.3815 0.9094 0.1658
vn -0.4377 0.8925 0.1090
vn -0.4839 0.6076 -0.6298
vn -0.4035 0.5911 -0.6984
vn -0.5227 0.6127 -0.5928
vn -0.4839 0.6075 0.6299
vn -0.4035 0.5911 0.6984
vn -0.5228 0.6125 0.5929
vn -0.1888 0.9429 -0.2743
vn -0.2339 0.9368 -0.2604
vn -0.2339 0.9723 -0.0000
vn -0.1912 0.9816 -0.0000
vn -0.1599 0.9871 -0.0000
vn -0.1560 0.9447 -0.2884
vn -0.1493 0.8326 -0.5334
vn -0.1864 0.8339 -0.5194
vn -0.2363 0.8300 -0.5053
vn -0.1888 0.9429 0.2743
vn -0.2339 0.9368 0.2604
vn -0.2363 0.8300 0.5053
vn -0.1864 0.8339 0.5194
vn -0.1493 0.8326 0.5334
vn -0.1560 0.9447 0.2884
vn -0.1880 0.6558 -0.7312
vn -0.1469 0.6508 -0.7449
vn -0.1481 0.4030 -0.9031
vn -0.1917 0.4241 -0.8851
vn -0.2462 0.4442 -0.8614
vn -0.2413 0.6569 -0.7143
vn -0.1880 0.6558 0.7312
vn -0.2413 0.6569 0.7143
vn -0.2462 0.4442 0.8614
vn -0.1917 0.4241 0.8851
vn -0.1481 0.4030 0.9031
vn -0.1469 0.6508 0.7449
vn -0.1698 0.2378 -0.9564
vn -0.1143 0.2063 -0.9718
vn -0.1005 0.2361 -0.9665
vn -0.1560 0.2673 -0.9509
vn -0.2245 0.2679 -0.9369
vn -0.2355 0.2509 -0.9389
vn -0.2445 0.2312 -0.9417
vn -0.1854 0.2013 -0.9618
vn -0.1346 0.1655 -0.9770
vn -0.1698 0.2378 0.9564
vn -0.1854 0.2013 0.9618
vn -0.2445 0.2311 0.9417
vn -0.2355 0.2510 0.9389
vn -0.2245 0.2680 0.9369
vn -0.1560 0.2673 0.9509
vn -0.1005 0.2362 0.9665
vn -0.1143 0.2063 0.9718
vn -0.1346 0.1655 0.9770
vn -0.1923 0.2456 -0.9501
vn -0.1457 0.2116 -0.9664
vn -0.2481 0.2782 -0.9279
vn -0.1923 0.2456 0.9501
vn -0.2481 0.2782 0.9279
vn -0.1457 0.2116 0.9664
vn -0.2787 0.9263 -0.2537
vn -0.2766 0.9610 -0.0000
vn -0.2849 0.8189 -0.4983
vn -0.3131 0.8094 -0.4968
vn -0.3080 0.9168 -0.2544
vn -0.3059 0.9521 -0.0000
vn -0.2787 0.9263 0.2537
vn -0.3080 0.9168 0.2544
vn -0.3131 0.8094 0.4968
vn -0.2849 0.8189 0.4983
vn -0.2913 0.6516 -0.7004
vn -0.2961 0.4598 -0.8372
vn -0.3156 0.4838 -0.8163
vn -0.3154 0.6525 -0.6891
vn -0.2913 0.6516 0.7004
vn -0.3154 0.6524 0.6891
vn -0.3156 0.4838 0.8163
vn -0.2961 0.4598 0.8372
vn -0.2919 0.2626 -0.9197
vn -0.2963 0.2582 -0.9195
vn -0.2873 0.2661 -0.9201
vn -0.3070 0.2804 -0.9094
vn -0.3071 0.2864 -0.9076
vn -0.3105 0.2937 -0.9040
vn -0.2919 0.2626 0.9197
vn -0.3071 0.2864 0.9076
vn -0.3070 0.2805 0.9094
vn -0.2872 0.2662 0.9201
vn -0.2963 0.2582 0.9195
vn -0.3105 0.2937 0.9040
vn -0.2981 0.3080 -0.9035
vn -0.3141 0.3465 -0.8839
vn -0.2981 0.3080 0.9035
vn -0.3141 0.3465 0.8839
vn -0.3304 0.9095 -0.2523
vn -0.3298 0.9440 -0.0000
vn -0.3306 0.8098 -0.4847
vn -0.3403 0.8246 -0.4518
vn -0.3449 0.9076 -0.2392
vn -0.3464 0.9381 -0.0000
vn -0.3304 0.9095 0.2523
vn -0.3449 0.9076 0.2392
vn -0.3403 0.8246 0.4518
vn -0.3306 0.8098 0.4848
vn -0.3256 0.6734 -0.6637
vn -0.3193 0.5298 -0.7857
vn -0.3256 0.5925 -0.7368
vn -0.3317 0.7153 -0.6150
vn -0.3256 0.6734 0.6637
vn -0.3317 0.7153 0.6150
vn -0.3256 0.5925 0.7368
vn -0.3193 0.5298 0.7857
vn -0.3026 0.3316 -0.8936
vn -0.3076 0.3483 -0.8855
vn -0.3017 0.3185 -0.8986
vn -0.3041 0.3891 -0.8695
vn -0.3083 0.4054 -0.8606
vn -0.3171 0.4203 -0.8502
vn -0.3026 0.3316 0.8936
vn -0.3083 0.4054 0.8606
vn -0.3041 0.3891 0.8695
vn -0.3017 0.3185 0.8986
vn -0.3076 0.3483 0.8855
vn -0.3171 0.4203 0.8502
vn -0.3137 0.4050 -0.8588
vn -0.3228 0.4758 -0.8182
vn -0.3137 0.4050 0.8588
vn -0.3228 0.4758 0.8181
vn -0.3552 0.9109 -0.2099
vn -0.3579 0.9338 -0.0000
vn -0.3486 0.8498 -0.3953
vn -0.3552 0.9109 0.2099
vn -0.3486 0.8498 0.3953
vn -0.3410 0.7663 -0.5446
vn -0.3413 0.6564 -0.6728
vn -0.3410 0.7663 0.5446
vn -0.3413 0.6565 0.6727
vn -0.3290 0.4994 -0.8015
vn -0.3427 0.4982 -0.7965
vn -0.3191 0.4875 -0.8127
vn -0.3290 0.4994 0.8015
vn -0.3191 0.4876 0.8127
vn -0.3427 0.4982 0.7965
vn -0.3466 0.5432 -0.7647
vn -0.3466 0.5432 0.7647
vn -0.0317 0.9473 -0.3187
vn 0.0271 0.9439 -0.3290
vn 0.0228 0.8125 -0.5825
vn -0.0295 0.8212 -0.5699
vn -0.0726 0.8279 -0.5562
vn -0.0795 0.9480 -0.3083
vn -0.0829 0.9966 -0.0000
vn -0.0331 0.9995 -0.0000
vn 0.0282 0.9996 -0.0000
vn -0.0317 0.9473 0.3187
vn -0.0795 0.9480 0.3083
vn -0.0726 0.8279 0.5562
vn -0.0295 0.8212 0.5699
vn 0.0228 0.8125 0.5825
vn 0.0271 0.9439 0.3290
vn -0.1226 0.9464 -0.2988
vn -0.1137 0.8311 -0.5444
vn -0.1272 0.9919 -0.0000
vn -0.1226 0.9464 0.2988
vn -0.1137 0.8311 0.5444
vn -0.0341 0.6326 -0.7737
vn 0.0107 0.6216 -0.7833
vn -0.0139 0.3414 -0.9398
vn -0.0516 0.3561 -0.9330
vn -0.0787 0.3706 -0.9254
vn -0.0710 0.6420 -0.7634
vn -0.0341 0.6326 0.7737
vn -0.0710 0.6420 0.7634
vn -0.0787 0.3706 0.9254
vn -0.0516 0.3561 0.9330
vn -0.0139 0.3414 0.9398
vn 0.0107 0.6216 0.7833
vn -0.1090 0.6472 -0.7545
vn -0.1095 0.3856 -0.9161
vn -0.1090 0.6472 0.7545
vn -0.1095 0.3856 0.9162
vn -0.0533 0.0934 -0.9942
vn -0.0225 0.0777 -0.9967
vn -0.0190 0.1000 -0.9948
vn -0.0485 0.1127 -0.9924
vn -0.0538 0.1289 -0.9902
vn -0.0604 0.1116 -0.9919
vn -0.0742 0.0917 -0.9930
vn -0.0639 0.0702 -0.9955
vn -0.0335 0.0520 -0.9981
vn -0.0533 0.0934 0.9942
vn -0.0639 0.0702 0.9955
vn -0.0742 0.0917 0.9930
vn -0.0604 0.1116 0.9919
vn -0.0538 0.1289 0.9902
vn -0.0485 0.1127 0.9924
vn -0.0190 0.1000 0.9948
vn -0.0225 0.0777 0.9967
vn -0.0335 0.0520 0.9981
vn -0.0732 0.1539 -0.9854
vn -0.0636 0.1763 -0.9823
vn -0.0925 0.1253 -0.9878
vn -0.0732 0.1539 0.9854
vn -0.0925 0.1253 0.9878
vn -0.0636 0.1763 0.9823
vn -0.0660 0.1300 -0.9893
vn -0.0336 0.1121 -0.9931
vn -0.0827 0.1506 -0.9851
vn -0.0660 0.1300 0.9893
vn -0.0827 0.1506 0.9851
vn -0.0336 0.1121 0.9931
vn -0.1058 0.1786 -0.9782
vn -0.1058 0.1786 0.9782
vn 0.2766 0.8878 -0.3679
vn 0.2979 0.8773 -0.3764
vn 0.2742 0.7200 -0.6374
vn 0.2557 0.7369 -0.6257
vn 0.1941 0.7703 -0.6074
vn 0.2107 0.9118 -0.3523
vn 0.2176 0.9760 -0.0016
vn 0.2863 0.9581 -0.0045
vn 0.3090 0.9510 -0.0066
vn 0.2714 0.8920 0.3615
vn 0.2074 0.9135 0.3500
vn 0.1887 0.7727 0.6061
vn 0.2469 0.7426 0.6226
vn 0.2646 0.7277 0.6328
vn 0.2924 0.8833 0.3666
vn 0.1141 0.9335 -0.3398
vn 0.1026 0.7979 -0.5940
vn 0.1183 0.9930 -0.0003
vn 0.1132 0.9338 0.3394
vn 0.1011 0.7983 0.5938
vn 0.2201 0.5454 -0.8088
vn 0.2352 0.5252 -0.8178
vn 0.1468 0.2747 -0.9503
vn 0.1390 0.2894 -0.9471
vn 0.1027 0.3096 -0.9453
vn 0.1643 0.5798 -0.7980
vn 0.2083 0.5517 0.8076
vn 0.1571 0.5826 0.7974
vn 0.0943 0.3119 0.9454
vn 0.1244 0.2935 0.9478
vn 0.1298 0.2785 0.9516
vn 0.2221 0.5330 0.8164
vn 0.0810 0.6066 -0.7908
vn 0.0431 0.3271 -0.9440
vn 0.0791 0.6072 0.7906
vn 0.0409 0.3276 0.9439
vn 0.0393 0.0164 -0.9991
vn 0.0390 0.0128 -0.9992
vn 0.0397 0.0107 -0.9992
vn 0.0409 0.0197 -0.9990
vn 0.0433 0.0401 -0.9983
vn 0.0392 0.0292 -0.9988
vn 0.0328 0.0196 -0.9993
vn 0.0373 0.0149 -0.9992
vn 0.0389 0.0137 -0.9992
vn 0.0379 0.0138 0.9992
vn 0.0311 0.0099 0.9995
vn 0.0297 0.0182 0.9994
vn 0.0385 0.0284 0.9989
vn 0.0433 0.0401 0.9983
vn 0.0409 0.0198 0.9990
vn 0.0397 0.0110 0.9992
vn 0.0359 0.0059 0.9993
vn 0.0308 0.0060 0.9995
vn 0.0197 0.0520 -0.9985
vn 0.0230 0.0714 -0.9972
vn 0.0092 0.0324 -0.9994
vn 0.0196 0.0519 0.9985
vn 0.0230 0.0714 0.9972
vn 0.0085 0.0322 0.9994
vn 0.0593 0.0776 -0.9952
vn 0.0641 0.0767 -0.9950
vn 0.0455 0.0832 -0.9955
vn 0.0466 0.0760 0.9960
vn 0.0385 0.0834 0.9958
vn 0.0490 0.0733 0.9961
vn 0.0122 0.0950 -0.9954
vn 0.0106 0.0951 0.9954
vn 0.4145 0.6461 -0.6409
vn 0.4283 0.6683 -0.6082
vn 0.4034 0.6449 -0.6492
vn 0.3950 0.6281 -0.6704
vn 0.3757 0.5944 -0.7110
vn 0.3827 0.5964 -0.7055
vn 0.3778 0.5957 -0.7088
vn 0.4259 0.6420 -0.6375
vn 0.4494 0.6575 -0.6048
vn 0.3400 0.5370 -0.7720
vn 0.3431 0.5478 -0.7630
vn 0.3072 0.5008 -0.8092
vn 0.3006 0.4874 -0.8198
vn 0.3085 0.4846 -0.8185
vn 0.3309 0.5363 -0.7764
vn 0.3450 0.5605 -0.7529
vn 0.3132 0.5105 -0.8008
vn 0.3698 0.5968 -0.7121
vn 0.3694 0.6020 -0.7079
vn 0.3487 0.5707 -0.7435
vn 0.3160 0.5168 -0.7956
vn 0.3802 0.6136 -0.6921
vn 0.3847 0.6221 -0.6819
vn 0.3755 0.6112 -0.6967
vn 0.3737 0.6081 -0.7004
vn 0.3717 0.6061 -0.7032
vn 0.3710 0.6049 -0.7047
vn 0.3720 0.6068 -0.7024
vn 0.3669 0.5985 -0.7121
vn 0.3674 0.5977 -0.7126
vn 0.3691 0.5967 -0.7125
vn 0.3539 0.5769 -0.7361
vn 0.3222 0.5250 -0.7877
vn 0.3578 0.5735 -0.7369
vn 0.3343 0.5318 -0.7781
vn 0.3467 0.5547 -0.7564
vn 0.3484 0.5679 -0.7457
vn 0.2896 0.5245 -0.8006
vn 0.2994 0.5278 -0.7949
vn 0.3106 0.5315 -0.7881
vn 0.3385 0.5335 -0.7751
vn 0.3445 0.5705 -0.7455
vn 0.3424 0.5716 -0.7457
vn 0.2752 0.5279 -0.8035
vn 0.2841 0.5290 -0.7997
vn 0.2159 0.5085 -0.8336
vn 0.2023 0.5023 -0.8407
vn 0.1544 0.5040 -0.8498
vn 0.1641 0.5036 -0.8482
vn 0.1894 0.5070 -0.8409
vn 0.2441 0.5133 -0.8227
vn 0.1969 0.5086 -0.8382
vn 0.1812 0.5149 -0.8379
vn 0.1497 0.5174 -0.8425
vn 0.1519 0.5089 -0.8473
vn 0.3231 0.5486 -0.7712
vn 0.3548 0.5852 -0.7291
vn 0.3442 0.5016 -0.7937
vn 0.3519 0.5227 -0.7765
vn 0.3162 0.5590 -0.7665
vn 0.3434 0.5751 -0.7425
vn 0.4128 0.6059 -0.6800
vn 0.4449 0.6077 -0.6579
vn 0.3988 0.5797 -0.7105
vn 0.4350 0.5804 -0.6884
vn 0.0552 -0.0067 0.9985
vn 0.0285 -0.0135 0.9995
vn 0.0231 -0.0384 0.9990
vn 0.0503 -0.0269 0.9984
vn 0.0638 0.0161 0.9978
vn 0.0681 0.0264 0.9973
vn 0.0789 0.0336 0.9963
vn 0.0623 0.0151 0.9979
vn 0.0346 0.0165 0.9993
vn 0.0552 -0.0068 -0.9985
vn 0.0623 0.0151 -0.9979
vn 0.0789 0.0336 -0.9963
vn 0.0681 0.0264 -0.9973
vn 0.0638 0.0161 -0.9978
vn 0.0503 -0.0269 -0.9984
vn 0.0231 -0.0384 -0.9990
vn 0.0285 -0.0135 -0.9995
vn 0.0346 0.0165 -0.9993
vn 0.0855 0.0736 0.9936
vn 0.0591 0.0707 0.9957
vn 0.1101 0.0887 0.9900
vn 0.1831 0.2593 0.9483
vn 0.1592 0.2439 0.9566
vn 0.1514 0.2291 0.9615
vn 0.0855 0.0736 -0.9936
vn 0.1592 0.2439 -0.9566
vn 0.1831 0.2593 -0.9483
vn 0.1101 0.0887 -0.9900
vn 0.0592 0.0707 -0.9957
vn 0.1514 0.2291 -0.9615
vn 0.0771 0.0838 0.9935
vn 0.0723 0.0796 0.9942
vn 0.0824 0.1582 0.9840
vn 0.0877 0.1623 0.9828
vn 0.1050 0.1562 0.9821
vn 0.0927 0.0809 0.9924
vn 0.0771 0.0838 -0.9935
vn 0.0927 0.0809 -0.9924
vn 0.1050 0.1562 -0.9821
vn 0.0877 0.1623 -0.9828
vn 0.0824 0.1583 -0.9840
vn 0.0724 0.0797 -0.9942
vn 0.1326 0.1264 0.9831
vn 0.1463 0.1907 0.9707
vn 0.2156 0.3151 0.9242
vn 0.2065 0.2796 0.9377
vn 0.1326 0.1264 -0.9831
vn 0.2065 0.2796 -0.9377
vn 0.2156 0.3151 -0.9242
vn 0.1463 0.1907 -0.9707
vn 0.1711 0.2624 0.9497
vn 0.2226 0.3104 0.9242
vn 0.2631 0.3944 0.8805
vn 0.2297 0.3596 0.9044
vn 0.1360 0.2370 0.9619
vn 0.2014 0.2869 0.9365
vn 0.1711 0.2624 -0.9497
vn 0.1360 0.2370 -0.9619
vn 0.2297 0.3596 -0.9044
vn 0.2631 0.3944 -0.8805
vn 0.2226 0.3104 -0.9242
vn 0.2014 0.2869 -0.9366
vn 0.1208 0.2432 0.9624
vn 0.1928 0.2912 0.9370
vn 0.1121 0.2386 0.9646
vn 0.1795 0.2898 0.9401
vn 0.1208 0.2432 -0.9624
vn 0.1121 0.2387 -0.9646
vn 0.1928 0.2911 -0.9371
vn 0.1796 0.2898 -0.9401
vn 0.2565 0.2973 0.9197
vn 0.2490 0.2992 0.9211
vn 0.2763 0.2937 0.9151
vn 0.2764 0.2948 0.9147
vn 0.2769 0.2942 0.9148
vn 0.2583 0.2964 0.9195
vn 0.2565 0.2972 -0.9197
vn 0.2583 0.2963 -0.9195
vn 0.2769 0.2941 -0.9148
vn 0.2764 0.2947 -0.9147
vn 0.2763 0.2936 -0.9151
vn 0.2490 0.2991 -0.9212
vn 0.2668 0.3246 0.9074
vn 0.2824 0.3236 0.9031
vn 0.2990 0.4127 0.8604
vn 0.2922 0.4112 0.8635
vn 0.2668 0.3246 -0.9074
vn 0.2922 0.4112 -0.8634
vn 0.2990 0.4128 -0.8604
vn 0.2824 0.3236 -0.9030
vn 0.2782 0.3083 0.9097
vn 0.2770 0.3026 0.9120
vn 0.2783 0.3204 0.9055
vn 0.2815 0.3220 0.9039
vn 0.2885 0.3141 0.9045
vn 0.2819 0.3065 0.9092
vn 0.2782 0.3081 -0.9097
vn 0.2819 0.3064 -0.9092
vn 0.2885 0.3141 -0.9045
vn 0.2814 0.3223 -0.9038
vn 0.2782 0.3197 -0.9058
vn 0.2770 0.3025 -0.9120
vn 0.2893 0.3253 0.9003
vn 0.2949 0.3258 0.8983
vn 0.2782 0.3939 0.8761
vn 0.2936 0.3950 0.8705
vn 0.2894 0.3253 -0.9003
vn 0.2936 0.3950 -0.8705
vn 0.2782 0.3939 -0.8761
vn 0.2949 0.3258 -0.8983
vn 0.0011 -0.0005 1.0000
vn -0.0066 0.0211 0.9998
vn -0.0120 -0.0102 0.9999
vn -0.0033 -0.0221 0.9998
vn 0.0052 0.0261 0.9996
vn -0.0062 0.0315 0.9995
vn 0.0011 -0.0005 -1.0000
vn 0.0052 0.0261 -0.9996
vn -0.0033 -0.0222 -0.9997
vn -0.0120 -0.0102 -0.9999
vn -0.0066 0.0211 -0.9998
vn -0.0062 0.0315 -0.9995
vn 0.0347 0.0749 0.9966
vn 0.0300 0.0844 0.9960
vn 0.1636 0.2267 0.9601
vn 0.2213 0.2645 0.9386
vn 0.0347 0.0749 -0.9966
vn 0.1636 0.2267 -0.9601
vn 0.0300 0.0844 -0.9960
vn 0.2213 0.2645 -0.9386
vn 0.3545 0.5720 0.7397
vn 0.3508 0.5746 0.7394
vn 0.3657 0.5969 0.7141
vn 0.3728 0.5969 0.7105
vn 0.3891 0.5842 0.7123
vn 0.3653 0.5646 0.7401
vn 0.3302 0.5088 0.7951
vn 0.3139 0.5146 0.7979
vn 0.3162 0.5229 0.7916
vn 0.2517 0.4205 0.8717
vn 0.2635 0.4331 0.8620
vn 0.2706 0.4076 0.8722
vn 0.2486 0.4139 -0.8757
vn 0.2661 0.4018 -0.8762
vn 0.2612 0.4274 -0.8655
vn 0.2772 0.4404 0.8539
vn 0.2804 0.4502 0.8477
vn 0.3223 0.5312 0.7836
vn 0.3203 0.5277 0.7867
vn 0.2753 0.4355 -0.8571
vn 0.2785 0.4457 -0.8508
vn 0.3507 0.5779 0.7369
vn 0.3534 0.5822 0.7322
vn 0.3672 0.6025 0.7086
vn 0.3644 0.5980 0.7138
vn 0.3575 0.5852 0.7278
vn 0.3589 0.5805 0.7309
vn 0.3679 0.5979 0.7121
vn 0.3703 0.6051 0.7047
vn 0.3276 0.5371 0.7773
vn 0.3378 0.5414 0.7699
vn 0.2872 0.4674 0.8361
vn 0.3068 0.4851 0.8189
vn 0.2856 0.4634 -0.8389
vn 0.3057 0.4819 -0.8212
vn 0.3223 0.4978 0.8052
vn 0.3122 0.5014 0.8069
vn 0.3084 0.5310 0.7892
vn 0.3390 0.5388 0.7712
vn 0.3220 0.4961 -0.8063
vn 0.3126 0.5015 -0.8067
vn 0.3441 0.5599 0.7537
vn 0.2936 0.5297 0.7957
vn 0.2786 0.5250 0.8042
vn 0.3449 0.5699 0.7458
vn 0.2763 0.4748 0.8356
vn 0.2332 0.4711 0.8507
vn 0.1865 0.5039 0.8434
vn 0.2411 0.5100 0.8257
vn 0.2769 0.4760 -0.8347
vn 0.2338 0.4726 -0.8497
vn 0.2102 0.5105 0.8338
vn 0.1637 0.5110 0.8438
vn 0.1544 0.5130 0.8444
vn 0.1860 0.5108 0.8393
vn 0.3236 0.4074 0.8540
vn 0.3777 0.4386 0.8155
vn 0.3725 0.5111 0.7746
vn 0.3872 0.5194 0.7618
vn 0.3181 0.4044 -0.8575
vn 0.3709 0.4384 -0.8187
vn 0.3815 0.5511 0.7421
vn 0.3910 0.5429 0.7433
vn 0.4014 0.5599 0.7249
vn 0.4044 0.5472 0.7328
vn 0.5303 0.8037 0.2701
vn 0.5283 0.8101 0.2541
vn 0.5224 0.7963 0.3050
vn 0.5266 0.7981 0.2928
vn 0.5325 0.8039 0.2650
vn 0.5373 0.8067 0.2462
vn 0.5492 0.8161 0.1799
vn 0.5362 0.8232 0.1865
vn 0.5238 0.8385 0.1501
vn 0.5453 0.8150 0.1957
vn 0.5401 0.8129 0.2177
vn 0.5465 0.8207 0.1667
vn 0.5516 0.8222 0.1405
vn 0.5611 0.8235 0.0832
vn 0.5567 0.8197 0.1351
vn 0.5282 0.8452 0.0813
vn 0.5573 0.8250 0.0932
vn 0.5596 0.8288 0.0000
vn 0.5201 0.8541 0.0000
vn 0.4907 0.8713 0.0000
vn 0.5037 0.8618 0.0602
vn 0.5656 0.8220 0.0669
vn 0.5679 0.8225 0.0318
vn 0.5702 0.8215 -0.0000
vn 0.5689 0.8224 0.0000
vn 0.5282 0.8452 -0.0813
vn 0.5573 0.8250 -0.0932
vn 0.5492 0.8161 -0.1799
vn 0.5362 0.8232 -0.1865
vn 0.5238 0.8385 -0.1501
vn 0.5037 0.8618 -0.0602
vn 0.5656 0.8220 -0.0669
vn 0.5679 0.8225 -0.0318
vn 0.5611 0.8235 -0.0832
vn 0.5567 0.8197 -0.1351
vn 0.5303 0.8037 -0.2701
vn 0.5373 0.8067 -0.2462
vn 0.5325 0.8039 -0.2650
vn 0.5266 0.7981 -0.2928
vn 0.5224 0.7963 -0.3050
vn 0.5283 0.8101 -0.2541
vn 0.5453 0.8150 -0.1957
vn 0.5516 0.8222 -0.1405
vn 0.5465 0.8207 -0.1667
vn 0.5401 0.8129 -0.2177
vn 0.5524 0.8264 0.1093
vn 0.5521 0.8280 0.0982
vn 0.5614 0.8261 0.0489
vn 0.5617 0.8254 0.0560
vn 0.5481 0.8254 0.1352
vn 0.5463 0.8283 0.1242
vn 0.5682 0.8228 0.0143
vn 0.5681 0.8229 0.0105
vn 0.5703 0.8215 0.0000
vn 0.5682 0.8228 -0.0143
vn 0.5681 0.8229 -0.0105
vn 0.5614 0.8261 -0.0489
vn 0.5618 0.8254 -0.0560
vn 0.5525 0.8263 -0.1093
vn 0.5522 0.8279 -0.0983
vn 0.5464 0.8283 -0.1243
vn 0.5481 0.8254 -0.1353
usemtl glass_a10TS.JPG.001
s 1
f 1976/2073/1868 1977/2074/1869 1978/2075/1870 1979/2076/1871
f 1976/2073/1868 1979/2076/1871 1980/2077/1872 1981/2078/1873
f 1976/2073/1868 1981/2078/1873 1982/2079/1874 1983/2080/1875
f 1976/2073/1868 1983/2080/1875 1984/2081/1876 1977/2074/1869
f 1985/2082/1877 1986/2083/1878 1987/2084/1879 1988/2085/1880
f 1985/2082/1877 1988/2085/1880 1989/2086/1881 1990/2087/1882
f 1985/2082/1877 1990/2087/1882 1991/2088/1883 1992/2089/1884
f 1985/2082/1877 1992/2089/1884 1993/2090/1885 1986/2083/1878
f 1994/2091/1886 1995/2092/1887 1996/2093/1888 1997/2094/1889
f 1994/2091/1886 1997/2094/1889 1998/2095/1890 1999/2096/1891
f 1994/2091/1886 1999/2096/1891 2000/2097/1892 2001/2098/1893
f 1994/2091/1886 2001/2098/1893 2002/2099/1894 1995/2092/1887
f 2003/2100/1895 2004/2101/1896 2005/2102/1897 2006/2103/1898
f 2003/2100/1895 2006/2103/1898 2007/2104/1899 2008/2105/1900
f 2003/2100/1895 2008/2105/1900 2009/2106/1901 2010/2107/1902
f 2003/2100/1895 2010/2107/1902 2011/2108/1903 2004/2101/1896
f 2012/2109/1904 2013/2110/1905 2014/2111/1906 2015/2112/1907
f 2012/2109/1904 2015/2112/1907 1987/2084/1879 1986/2083/1878
f 2012/2109/1904 1986/2083/1878 1993/2090/1885 2016/2113/1908
f 2012/2109/1904 2016/2113/1908 2017/2114/1909 2013/2110/1905
f 2018/2115/1910 1981/2078/1873 1980/2077/1872 2019/2116/1911
f 2018/2115/1910 2019/2116/1911 2014/2111/1906 2013/2110/1905
f 2018/2115/1910 2013/2110/1905 2017/2114/1909 2020/2117/1912
f 2018/2115/1910 2020/2117/1912 1982/2079/1874 1981/2078/1873
f 2021/2118/1913 1990/2087/1882 1989/2086/1881 2022/2119/1914
f 2021/2118/1913 2022/2119/1914 2000/2097/1892 1999/2096/1891
f 2021/2118/1913 1999/2096/1891 1998/2095/1890 2023/2120/1915
f 2021/2118/1913 2023/2120/1915 1991/2088/1883 1990/2087/1882
f 2024/2121/1916 2008/2105/1900 2007/2104/1899 2025/2122/1917
f 2024/2121/1916 2025/2122/1917 1978/2075/1870 1977/2074/1869
f 2024/2121/1916 1977/2074/1869 1984/2081/1876 2026/2123/1918
f 2024/2121/1916 2026/2123/1918 2009/2106/1901 2008/2105/1900
f 2027/2124/1919 2028/2125/1920 2029/2126/1921 2030/2127/1922
f 2027/2124/1919 2030/2127/1922 2031/2128/1923 2032/2129/1924
f 2027/2124/1919 2032/2129/1924 2033/2130/1925 2034/2131/1926
f 2027/2124/1919 2034/2131/1926 2035/2132/1927 2028/2125/1920
f 2036/2133/1928 2030/2127/1922 2029/2126/1921 2037/2134/1929
f 2036/2133/1928 2037/2134/1929 2038/2135/1930 2039/2136/1931
f 2036/2133/1928 2039/2136/1931 2040/2137/1932 2041/2138/1933
f 2036/2133/1928 2041/2138/1933 2031/2128/1923 2030/2127/1922
f 2042/2139/1934 2043/2140/1935 2044/2141/1936 2045/2142/1937
f 2042/2139/1934 2045/2142/1937 2046/2143/1938 2047/2144/1939
f 2042/2139/1934 2047/2144/1939 2035/2132/1927 2034/2131/1926
f 2042/2139/1934 2034/2131/1926 2033/2130/1925 2043/2140/1935
f 2048/2145/1940 2039/2136/1931 2038/2135/1930 2049/2146/1941
f 2048/2145/1940 2049/2146/1941 2050/2147/1942 2051/2148/1943
f 2048/2145/1940 2051/2148/1943 2052/2149/1944 2053/2150/1945
f 2048/2145/1940 2053/2150/1945 2040/2137/1932 2039/2136/1931
f 2054/2151/1946 2055/2152/1947 2056/2153/1948 2057/2154/1949
f 2054/2151/1946 2057/2154/1949 2058/2155/1950 2059/2156/1951
f 2054/2151/1946 2059/2156/1951 2060/2157/1952 2061/2158/1953
f 2054/2151/1946 2061/2158/1953 2062/2159/1954 2055/2152/1947
f 2063/2160/1955 2064/2161/1956 2065/2162/1957 2066/2163/1958
f 2063/2160/1955 2066/2163/1958 2067/2164/1959 2068/2165/1960
f 2063/2160/1955 2068/2165/1960 2069/2166/1961 2070/2167/1962
f 2063/2160/1955 2070/2167/1962 2071/2168/1963 2064/2161/1956
f 2072/2169/1964 2045/2142/1937 2044/2141/1936 2073/2170/1965
f 2072/2169/1964 2073/2170/1965 2062/2159/1954 2061/2158/1953
f 2072/2169/1964 2061/2158/1953 2060/2157/1952 2074/2171/1966
f 2072/2169/1964 2074/2171/1966 2046/2143/1938 2045/2142/1937
f 2075/2172/1967 2076/2173/1968 2065/2162/1957 2064/2161/1956
f 2075/2172/1967 2064/2161/1956 2071/2168/1963 2077/2174/1969
f 2075/2172/1967 2077/2174/1969 2052/2149/1944 2051/2148/1943
f 2075/2172/1967 2051/2148/1943 2050/2147/1942 2076/2173/1968
f 2078/2175/1970 2079/2176/1971 2029/2126/1921 2028/2125/1920
f 2078/2175/1970 2028/2125/1920 2035/2132/1927 2080/2177/1972
f 2078/2175/1970 2080/2177/1972 2081/2178/1973 2082/2179/1974
f 2078/2175/1970 2082/2179/1974 2083/2180/1975 2079/2176/1971
f 2084/2181/1976 2037/2134/1929 2029/2126/1921 2079/2176/1971
f 2084/2181/1976 2079/2176/1971 2083/2180/1975 2085/2182/1977
f 2084/2181/1976 2085/2182/1977 2086/2183/1978 2087/2184/1979
f 2084/2181/1976 2087/2184/1979 2038/2135/1930 2037/2134/1929
f 2088/2185/1980 2080/2177/1972 2035/2132/1927 2047/2144/1939
f 2088/2185/1980 2047/2144/1939 2046/2143/1938 2089/2186/1981
f 2088/2185/1980 2089/2186/1981 2090/2187/1982 2091/2188/1983
f 2088/2185/1980 2091/2188/1983 2081/2178/1973 2080/2177/1972
f 2092/2189/1984 2093/2190/1985 2094/2191/1986 2095/2192/1987
f 2092/2189/1984 2095/2192/1987 2050/2147/1942 2049/2146/1941
f 2092/2189/1984 2049/2146/1941 2038/2135/1930 2087/2184/1979
f 2092/2189/1984 2087/2184/1979 2086/2183/1978 2093/2190/1985
f 2096/2193/1988 2097/2194/1989 2060/2157/1952 2059/2156/1951
f 2096/2193/1988 2059/2156/1951 2058/2155/1950 2098/2195/1990
f 2096/2193/1988 2098/2195/1990 2099/2196/1991 2100/2197/1992
f 2096/2193/1988 2100/2197/1992 2101/2198/1993 2097/2194/1989
f 2102/2199/1994 2103/2200/1995 2104/2201/1996 2105/2202/1997
f 2102/2199/1994 2105/2202/1997 2067/2164/1959 2066/2163/1958
f 2102/2199/1994 2066/2163/1958 2065/2162/1957 2106/2203/1998
f 2102/2199/1994 2106/2203/1998 2107/2204/1999 2103/2200/1995
f 2108/2205/2000 2089/2186/1981 2046/2143/1938 2074/2171/1966
f 2108/2205/2000 2074/2171/1966 2060/2157/1952 2097/2194/1989
f 2108/2205/2000 2097/2194/1989 2101/2198/1993 2109/2206/2001
f 2108/2205/2000 2109/2206/2001 2090/2187/1982 2089/2186/1981
f 2110/2207/2002 2111/2208/2003 2107/2204/1999 2106/2203/1998
f 2110/2207/2002 2106/2203/1998 2065/2162/1957 2076/2173/1968
f 2110/2207/2002 2076/2173/1968 2050/2147/1942 2095/2192/1987
f 2110/2207/2002 2095/2192/1987 2094/2191/1986 2111/2208/2003
f 2112/2209/2004 2113/2210/2005 2083/2180/1975 2082/2179/1974
f 2112/2209/2004 2082/2179/1974 2081/2178/1973 2114/2211/2006
f 2112/2209/2004 2114/2211/2006 2115/2212/2007 2116/2213/2008
f 2112/2209/2004 2116/2213/2008 2117/2214/2009 2113/2210/2005
f 2118/2215/2010 2119/2216/2011 2120/2217/2012 2121/2218/2013
f 2118/2215/2010 2121/2218/2013 2086/2183/1978 2085/2182/1977
f 2118/2215/2010 2085/2182/1977 2083/2180/1975 2113/2210/2005
f 2118/2215/2010 2113/2210/2005 2117/2214/2009 2119/2216/2011
f 2122/2219/2014 2114/2211/2006 2081/2178/1973 2091/2188/1983
f 2122/2219/2014 2091/2188/1983 2090/2187/1982 2123/2220/2015
f 2122/2219/2014 2123/2220/2015 2124/2221/2016 2125/2222/2017
f 2122/2219/2014 2125/2222/2017 2115/2212/2007 2114/2211/2006
f 2126/2223/2018 2127/2224/2019 2128/2225/2020 2129/2226/2021
f 2126/2223/2018 2129/2226/2021 2094/2191/1986 2093/2190/1985
f 2126/2223/2018 2093/2190/1985 2086/2183/1978 2121/2218/2013
f 2126/2223/2018 2121/2218/2013 2120/2217/2012 2127/2224/2019
f 2130/2227/2022 2131/2228/2023 2101/2198/1993 2100/2197/1992
f 2130/2227/2022 2100/2197/1992 2099/2196/1991 2132/2229/2024
f 2130/2227/2022 2132/2229/2024 2133/2230/2025 2134/2231/2026
f 2130/2227/2022 2134/2231/2026 2135/2232/2027 2131/2228/2023
f 2136/2233/2028 2137/2234/2029 2138/2235/2030 2139/2236/2031
f 2136/2233/2028 2139/2236/2031 2104/2201/1996 2103/2200/1995
f 2136/2233/2028 2103/2200/1995 2107/2204/1999 2140/2237/2032
f 2136/2233/2028 2140/2237/2032 2141/2238/2033 2137/2234/2029
f 2142/2239/2034 2123/2220/2015 2090/2187/1982 2109/2206/2001
f 2142/2239/2034 2109/2206/2001 2101/2198/1993 2131/2228/2023
f 2142/2239/2034 2131/2228/2023 2135/2232/2027 2143/2240/2035
f 2142/2239/2034 2143/2240/2035 2124/2221/2016 2123/2220/2015
f 2144/2241/2036 2145/2242/2037 2141/2238/2033 2140/2237/2032
f 2144/2241/2036 2140/2237/2032 2107/2204/1999 2111/2208/2003
f 2144/2241/2036 2111/2208/2003 2094/2191/1986 2129/2226/2021
f 2144/2241/2036 2129/2226/2021 2128/2225/2020 2145/2242/2037
f 2146/2243/2038 2147/2244/2039 2117/2214/2009 2116/2213/2008
f 2146/2243/2038 2116/2213/2008 2115/2212/2007 2148/2245/2040
f 2146/2243/2038 2148/2245/2040 1987/2084/1879 2015/2112/1907
f 2146/2243/2038 2015/2112/1907 2014/2111/1906 2147/2244/2039
f 2149/2246/2041 2019/2116/1911 1980/2077/1872 2150/2247/2042
f 2149/2246/2041 2150/2247/2042 2120/2217/2012 2119/2216/2011
f 2149/2246/2041 2119/2216/2011 2117/2214/2009 2147/2244/2039
f 2149/2246/2041 2147/2244/2039 2014/2111/1906 2019/2116/1911
f 2151/2248/2043 2148/2245/2040 2115/2212/2007 2125/2222/2017
f 2151/2248/2043 2125/2222/2017 2124/2221/2016 2152/2249/2044
f 2151/2248/2043 2152/2249/2044 1989/2086/1881 1988/2085/1880
f 2151/2248/2043 1988/2085/1880 1987/2084/1879 2148/2245/2040
f 2153/2250/2045 1979/2076/1871 1978/2075/1870 2154/2251/2046
f 2153/2250/2045 2154/2251/2046 2128/2225/2020 2127/2224/2019
f 2153/2250/2045 2127/2224/2019 2120/2217/2012 2150/2247/2042
f 2153/2250/2045 2150/2247/2042 1980/2077/1872 1979/2076/1871
f 2155/2252/2047 2156/2253/2048 2135/2232/2027 2134/2231/2026
f 2155/2252/2047 2134/2231/2026 2133/2230/2025 2157/2254/2049
f 2155/2252/2047 2157/2254/2049 2002/2099/1894 2001/2098/1893
f 2155/2252/2047 2001/2098/1893 2000/2097/1892 2156/2253/2048
f 2158/2255/2050 2006/2103/1898 2005/2102/1897 2159/2256/2051
f 2158/2255/2050 2159/2256/2051 2138/2235/2030 2137/2234/2029
f 2158/2255/2050 2137/2234/2029 2141/2238/2033 2160/2257/2052
f 2158/2255/2050 2160/2257/2052 2007/2104/1899 2006/2103/1898
f 2161/2258/2053 2152/2249/2044 2124/2221/2016 2143/2240/2035
f 2161/2258/2053 2143/2240/2035 2135/2232/2027 2156/2253/2048
f 2161/2258/2053 2156/2253/2048 2000/2097/1892 2022/2119/1914
f 2161/2258/2053 2022/2119/1914 1989/2086/1881 2152/2249/2044
f 2162/2259/2054 2025/2122/1917 2007/2104/1899 2160/2257/2052
f 2162/2259/2054 2160/2257/2052 2141/2238/2033 2145/2242/2037
f 2162/2259/2054 2145/2242/2037 2128/2225/2020 2154/2251/2046
f 2162/2259/2054 2154/2251/2046 1978/2075/1870 2025/2122/1917
f 2163/2260/2055 2164/2261/2056 2165/2262/2057 2166/2263/2058
f 2163/2260/2055 2166/2263/2058 2167/2264/2059 2168/2265/2060
f 2163/2260/2055 2168/2265/2060 2169/2266/2061 2170/2267/2062
f 2163/2260/2055 2170/2267/2062 2171/2268/2063 2164/2261/2056
f 2172/2269/2064 2170/2267/2062 2169/2266/2061 2173/2270/2065
f 2172/2269/2064 2173/2270/2065 2174/2271/2066 2175/2272/2067
f 2172/2269/2064 2175/2272/2067 2176/2273/2068 2177/2274/2069
f 2172/2269/2064 2177/2274/2069 2171/2268/2063 2170/2267/2062
f 2178/2275/2070 2168/2265/2060 2167/2264/2059 2179/2276/2071
f 2178/2275/2070 2179/2276/2071 2033/2130/1925 2032/2129/1924
f 2178/2275/2070 2032/2129/1924 2031/2128/1923 2180/2277/2072
f 2178/2275/2070 2180/2277/2072 2169/2266/2061 2168/2265/2060
f 2181/2278/2073 2180/2277/2072 2031/2128/1923 2041/2138/1933
f 2181/2278/2073 2041/2138/1933 2040/2137/1932 2182/2279/2074
f 2181/2278/2073 2182/2279/2074 2174/2271/2066 2173/2270/2065
f 2181/2278/2073 2173/2270/2065 2169/2266/2061 2180/2277/2072
f 2183/2280/2075 2184/2281/2076 2185/2282/2077 2186/2283/2078
f 2183/2280/2075 2186/2283/2078 2187/2284/2079 2188/2285/2080
f 2183/2280/2075 2188/2285/2080 2167/2264/2059 2166/2263/2058
f 2183/2280/2075 2166/2263/2058 2165/2262/2057 2184/2281/2076
f 2189/2286/2081 2175/2272/2067 2174/2271/2066 2190/2287/2082
f 2189/2286/2081 2190/2287/2082 2191/2288/2083 2192/2289/2084
f 2189/2286/2081 2192/2289/2084 2193/2290/2085 2194/2291/2086
f 2189/2286/2081 2194/2291/2086 2176/2273/2068 2175/2272/2067
f 2195/2292/2087 2188/2285/2080 2187/2284/2079 2196/2293/2088
f 2195/2292/2087 2196/2293/2088 2044/2141/1936 2043/2140/1935
f 2195/2292/2087 2043/2140/1935 2033/2130/1925 2179/2276/2071
f 2195/2292/2087 2179/2276/2071 2167/2264/2059 2188/2285/2080
f 2197/2294/2089 2182/2279/2074 2040/2137/1932 2053/2150/1945
f 2197/2294/2089 2053/2150/1945 2052/2149/1944 2198/2295/2090
f 2197/2294/2089 2198/2295/2090 2191/2288/2083 2190/2287/2082
f 2197/2294/2089 2190/2287/2082 2174/2271/2066 2182/2279/2074
f 2199/2296/2091 2200/2297/2092 2201/2298/2093 2202/2299/2094
f 2199/2296/2091 2202/2299/2094 2203/2300/2095 2204/2301/2096
f 2199/2296/2091 2204/2301/2096 2205/2302/2097 2206/2303/2098
f 2199/2296/2091 2206/2303/2098 2207/2304/2099 2200/2297/2092
f 2208/2305/2100 2209/2306/2101 2210/2307/2102 2211/2308/2103
f 2208/2305/2100 2211/2308/2103 2212/2309/2104 2213/2310/2105
f 2208/2305/2100 2213/2310/2105 2214/2311/2106 2215/2312/2107
f 2208/2305/2100 2215/2312/2107 2216/2313/2108 2209/2306/2101
f 2217/2314/2109 2204/2301/2096 2203/2300/2095 2218/2315/2110
f 2217/2314/2109 2218/2315/2110 2056/2153/1948 2055/2152/1947
f 2217/2314/2109 2055/2152/1947 2062/2159/1954 2219/2316/2111
f 2217/2314/2109 2219/2316/2111 2205/2302/2097 2204/2301/2096
f 2220/2317/2112 2221/2318/2113 2071/2168/1963 2070/2167/1962
f 2220/2317/2112 2070/2167/1962 2069/2166/1961 2222/2319/2114
f 2220/2317/2112 2222/2319/2114 2212/2309/2104 2211/2308/2103
f 2220/2317/2112 2211/2308/2103 2210/2307/2102 2221/2318/2113
f 2223/2320/2115 2224/2321/2116 2207/2304/2099 2206/2303/2098
f 2223/2320/2115 2206/2303/2098 2205/2302/2097 2225/2322/2117
f 2223/2320/2115 2225/2322/2117 2187/2284/2079 2186/2283/2078
f 2223/2320/2115 2186/2283/2078 2185/2282/2077 2224/2321/2116
f 2226/2323/2118 2192/2289/2084 2191/2288/2083 2227/2324/2119
f 2226/2323/2118 2227/2324/2119 2210/2307/2102 2209/2306/2101
f 2226/2323/2118 2209/2306/2101 2216/2313/2108 2228/2325/2120
f 2226/2323/2118 2228/2325/2120 2193/2290/2085 2192/2289/2084
f 2229/2326/2121 2225/2322/2117 2205/2302/2097 2219/2316/2111
f 2229/2326/2121 2219/2316/2111 2062/2159/1954 2073/2170/1965
f 2229/2326/2121 2073/2170/1965 2044/2141/1936 2196/2293/2088
f 2229/2326/2121 2196/2293/2088 2187/2284/2079 2225/2322/2117
f 2230/2327/2122 2198/2295/2090 2052/2149/1944 2077/2174/1969
f 2230/2327/2122 2077/2174/1969 2071/2168/1963 2221/2318/2113
f 2230/2327/2122 2221/2318/2113 2210/2307/2102 2227/2324/2119
f 2230/2327/2122 2227/2324/2119 2191/2288/2083 2198/2295/2090
f 2231/2328/2123 2232/2329/2124 2233/2330/2125 2234/2331/2126
f 2231/2328/2123 2234/2331/2126 2235/2332/2127 2236/2333/2128
f 2231/2328/2123 2236/2333/2128 2237/2334/2129 2238/2335/2130
f 2231/2328/2123 2238/2335/2130 2239/2336/2131 2232/2329/2124
f 2240/2337/2132 2238/2335/2130 2237/2334/2129 2241/2338/2133
f 2240/2337/2132 2241/2338/2133 2242/2339/2134 2243/2340/2135
f 2240/2337/2132 2243/2340/2135 2244/2341/2136 2245/2342/2137
f 2240/2337/2132 2245/2342/2137 2239/2336/2131 2238/2335/2130
f 2246/2343/2138 2236/2333/2128 2235/2332/2127 2247/2344/2139
f 2246/2343/2138 2247/2344/2139 2165/2262/2057 2164/2261/2056
f 2246/2343/2138 2164/2261/2056 2171/2268/2063 2248/2345/2140
f 2246/2343/2138 2248/2345/2140 2237/2334/2129 2236/2333/2128
f 2249/2346/2141 2248/2345/2140 2171/2268/2063 2177/2274/2069
f 2249/2346/2141 2177/2274/2069 2176/2273/2068 2250/2347/2142
f 2249/2346/2141 2250/2347/2142 2242/2339/2134 2241/2338/2133
f 2249/2346/2141 2241/2338/2133 2237/2334/2129 2248/2345/2140
f 2251/2348/2143 2252/2349/2144 2253/2350/2145 2254/2351/2146
f 2251/2348/2143 2254/2351/2146 2255/2352/2147 2256/2353/2148
f 2251/2348/2143 2256/2353/2148 2235/2332/2127 2234/2331/2126
f 2251/2348/2143 2234/2331/2126 2233/2330/2125 2252/2349/2144
f 2257/2354/2149 2243/2340/2135 2242/2339/2134 2258/2355/2150
f 2257/2354/2149 2258/2355/2150 2259/2356/2151 2260/2357/2152
f 2257/2354/2149 2260/2357/2152 2261/2358/2153 2262/2359/2154
f 2257/2354/2149 2262/2359/2154 2244/2341/2136 2243/2340/2135
f 2263/2360/2155 2256/2353/2148 2255/2352/2147 2264/2361/2156
f 2263/2360/2155 2264/2361/2156 2185/2282/2077 2184/2281/2076
f 2263/2360/2155 2184/2281/2076 2165/2262/2057 2247/2344/2139
f 2263/2360/2155 2247/2344/2139 2235/2332/2127 2256/2353/2148
f 2265/2362/2157 2250/2347/2142 2176/2273/2068 2194/2291/2086
f 2265/2362/2157 2194/2291/2086 2193/2290/2085 2266/2363/2158
f 2265/2362/2157 2266/2363/2158 2259/2356/2151 2258/2355/2150
f 2265/2362/2157 2258/2355/2150 2242/2339/2134 2250/2347/2142
f 2267/2364/2159 2268/2365/2160 2269/2366/2161 2270/2367/2162
f 2267/2364/2159 2270/2367/2162 2271/2368/2163 2272/2369/2164
f 2267/2364/2159 2272/2369/2164 2273/2370/2165 2274/2371/2166
f 2267/2364/2159 2274/2371/2166 2275/2372/2167 2268/2365/2160
f 2276/2373/2168 2277/2374/2169 2278/2375/2170 2279/2376/2171
f 2276/2373/2168 2279/2376/2171 2280/2377/2172 2281/2378/2173
f 2276/2373/2168 2281/2378/2173 2282/2379/2174 2283/2380/2175
f 2276/2373/2168 2283/2380/2175 2284/2381/2176 2277/2374/2169
f 2285/2382/2177 2272/2369/2164 2271/2368/2163 2286/2383/2178
f 2285/2382/2177 2286/2383/2178 2201/2298/2093 2200/2297/2092
f 2285/2382/2177 2200/2297/2092 2207/2304/2099 2287/2384/2179
f 2285/2382/2177 2287/2384/2179 2273/2370/2165 2272/2369/2164
f 2288/2385/2180 2289/2386/2181 2280/2377/2172 2279/2376/2171
f 2288/2385/2180 2279/2376/2171 2278/2375/2170 2290/2387/2182
f 2288/2385/2180 2290/2387/2182 2216/2313/2108 2215/2312/2107
f 2288/2385/2180 2215/2312/2107 2214/2311/2106 2289/2386/2181
f 2291/2388/2183 2292/2389/2184 2275/2372/2167 2274/2371/2166
f 2291/2388/2183 2274/2371/2166 2273/2370/2165 2293/2390/2185
f 2291/2388/2183 2293/2390/2185 2255/2352/2147 2254/2351/2146
f 2291/2388/2183 2254/2351/2146 2253/2350/2145 2292/2389/2184
f 2294/2391/2186 2260/2357/2152 2259/2356/2151 2295/2392/2187
f 2294/2391/2186 2295/2392/2187 2278/2375/2170 2277/2374/2169
f 2294/2391/2186 2277/2374/2169 2284/2381/2176 2296/2393/2188
f 2294/2391/2186 2296/2393/2188 2261/2358/2153 2260/2357/2152
f 2297/2394/2189 2293/2390/2185 2273/2370/2165 2287/2384/2179
f 2297/2394/2189 2287/2384/2179 2207/2304/2099 2224/2321/2116
f 2297/2394/2189 2224/2321/2116 2185/2282/2077 2264/2361/2156
f 2297/2394/2189 2264/2361/2156 2255/2352/2147 2293/2390/2185
f 2298/2395/2190 2290/2387/2182 2278/2375/2170 2295/2392/2187
f 2298/2395/2190 2295/2392/2187 2259/2356/2151 2266/2363/2158
f 2298/2395/2190 2266/2363/2158 2193/2290/2085 2228/2325/2120
f 2298/2395/2190 2228/2325/2120 2216/2313/2108 2290/2387/2182
f 2299/2396/2191 2300/2397/2192 2301/2398/2193 2302/2399/2194
f 2299/2396/2191 2302/2399/2194 2303/2400/2195 2304/2401/2196
f 2299/2396/2191 2304/2401/2196 2305/2402/2197 2306/2403/2198
f 2299/2396/2191 2306/2403/2198 2307/2404/2199 2300/2397/2192
f 2308/2405/2200 2304/2401/2196 2303/2400/2195 2309/2406/2201
f 2308/2405/2200 2309/2406/2201 2310/2407/2202 2311/2408/2203
f 2308/2405/2200 2311/2408/2203 2312/2409/2204 2313/2410/2205
f 2308/2405/2200 2313/2410/2205 2305/2402/2197 2304/2401/2196
f 2314/2411/2206 2315/2412/2207 2310/2407/2202 2309/2406/2201
f 2314/2411/2206 2309/2406/2201 2303/2400/2195 2316/2413/2208
f 2314/2411/2206 2316/2413/2208 2317/2414/2209 2318/2415/2210
f 2314/2411/2206 2318/2415/2210 2319/2416/2211 2315/2412/2207
f 2320/2417/2212 2316/2413/2208 2303/2400/2195 2302/2399/2194
f 2320/2417/2212 2302/2399/2194 2301/2398/2193 2321/2418/2213
f 2320/2417/2212 2321/2418/2213 2322/2419/2214 2323/2420/2215
f 2320/2417/2212 2323/2420/2215 2317/2414/2209 2316/2413/2208
f 2324/2421/2216 2325/2422/2217 2317/2414/2209 2323/2420/2215
f 2324/2421/2216 2323/2420/2215 2322/2419/2214 2326/2423/2218
f 2324/2421/2216 2326/2423/2218 2327/2424/2219 2328/2425/2220
f 2324/2421/2216 2328/2425/2220 2329/2426/2221 2325/2422/2217
f 2330/2427/2222 2331/2428/2223 2319/2416/2211 2318/2415/2210
f 2330/2427/2222 2318/2415/2210 2317/2414/2209 2325/2422/2217
f 2330/2427/2222 2325/2422/2217 2329/2426/2221 2332/2429/2224
f 2330/2427/2222 2332/2429/2224 2333/2430/2225 2331/2428/2223
f 2334/2431/2226 2335/2432/2227 2336/2433/2228 2337/2434/2229
f 2334/2431/2226 2337/2434/2229 2338/2435/2230 2339/2436/2231
f 2334/2431/2226 2339/2436/2231 2333/2430/2225 2332/2429/2224
f 2334/2431/2226 2332/2429/2224 2329/2426/2221 2335/2432/2227
f 2340/2437/2232 2341/2438/2233 2342/2439/2234 2343/2440/2235
f 2340/2437/2232 2343/2440/2235 2336/2433/2228 2335/2432/2227
f 2340/2437/2232 2335/2432/2227 2329/2426/2221 2328/2425/2220
f 2340/2437/2232 2328/2425/2220 2327/2424/2219 2341/2438/2233
f 2344/2441/2236 2345/2442/2237 2346/2443/2238 2347/2444/2239
f 2344/2441/2236 2347/2444/2239 2348/2445/2240 2349/2446/2241
f 2344/2441/2236 2349/2446/2241 2338/2435/2230 2337/2434/2229
f 2344/2441/2236 2337/2434/2229 2336/2433/2228 2345/2442/2237
f 2350/2447/2242 2351/2448/2243 2352/2449/2244 2353/2450/2245
f 2350/2447/2242 2353/2450/2245 2346/2443/2238 2345/2442/2237
f 2350/2447/2242 2345/2442/2237 2336/2433/2228 2343/2440/2235
f 2350/2447/2242 2343/2440/2235 2342/2439/2234 2351/2448/2243
f 2354/2451/2246 2355/2452/2247 2305/2402/2197 2313/2410/2205
f 2354/2451/2246 2313/2410/2205 2312/2409/2204 2356/2453/2248
f 2354/2451/2246 2356/2453/2248 2357/2454/2249 2358/2455/2250
f 2354/2451/2246 2358/2455/2250 2359/2456/2251 2355/2452/2247
f 2360/2457/2252 2361/2458/2253 2307/2404/2199 2306/2403/2198
f 2360/2457/2252 2306/2403/2198 2305/2402/2197 2355/2452/2247
f 2360/2457/2252 2355/2452/2247 2359/2456/2251 2362/2459/2254
f 2360/2457/2252 2362/2459/2254 2363/2460/2255 2361/2458/2253
f 2364/2461/2256 2365/2462/2257 2366/2463/2258 2367/2464/2259
f 2364/2461/2256 2367/2464/2259 2368/2465/2260 2369/2466/2261
f 2364/2461/2256 2369/2466/2261 2370/2467/2262 2371/2468/2263
f 2364/2461/2256 2371/2468/2263 2372/2469/2264 2365/2462/2257
f 2373/2470/2265 2374/2471/2266 2375/2472/2267 2376/2473/2268
f 2373/2470/2265 2376/2473/2268 2377/2474/2269 2378/2475/2270
f 2373/2470/2265 2378/2475/2270 2379/2476/2271 2380/2477/2272
f 2373/2470/2265 2380/2477/2272 2381/2478/2273 2374/2471/2266
f 2382/2479/2274 2383/2480/2275 2372/2469/2264 2371/2468/2263
f 2382/2479/2274 2371/2468/2263 2370/2467/2262 2384/2481/2276
f 2382/2479/2274 2384/2481/2276 2385/2482/2277 2386/2483/2278
f 2382/2479/2274 2386/2483/2278 2387/2484/2279 2383/2480/2275
f 2388/2485/2280 2389/2486/2281 2390/2487/2282 2391/2488/2283
f 2388/2485/2280 2391/2488/2283 2375/2472/2267 2374/2471/2266
f 2388/2485/2280 2374/2471/2266 2381/2478/2273 2392/2489/2284
f 2388/2485/2280 2392/2489/2284 2393/2490/2285 2389/2486/2281
f 2394/2491/2286 2369/2466/2261 2368/2465/2260 2395/2492/2287
f 2394/2491/2286 2395/2492/2287 2396/2493/2288 2397/2494/2289
f 2394/2491/2286 2397/2494/2289 2398/2495/2290 2399/2496/2291
f 2394/2491/2286 2399/2496/2291 2370/2467/2262 2369/2466/2261
f 2400/2497/2292 2401/2498/2293 2402/2499/2294 2403/2500/2295
f 2400/2497/2292 2403/2500/2295 2404/2501/2296 2405/2502/2297
f 2400/2497/2292 2405/2502/2297 2377/2474/2269 2376/2473/2268
f 2400/2497/2292 2376/2473/2268 2375/2472/2267 2401/2498/2293
f 2406/2503/2298 2384/2481/2276 2370/2467/2262 2399/2496/2291
f 2406/2503/2298 2399/2496/2291 2398/2495/2290 2407/2504/2299
f 2406/2503/2298 2407/2504/2299 2408/2505/2300 2409/2506/2301
f 2406/2503/2298 2409/2506/2301 2385/2482/2277 2384/2481/2276
f 2410/2507/2302 2411/2508/2303 2412/2509/2304 2413/2510/2305
f 2410/2507/2302 2413/2510/2305 2402/2499/2294 2401/2498/2293
f 2410/2507/2302 2401/2498/2293 2375/2472/2267 2391/2488/2283
f 2410/2507/2302 2391/2488/2283 2390/2487/2282 2411/2508/2303
f 2414/2511/2306 2415/2512/2307 2416/2513/2308 2417/2514/2309
f 2414/2511/2306 2417/2514/2309 2408/2505/2300 2407/2504/2299
f 2414/2511/2306 2407/2504/2299 2398/2495/2290 2418/2515/2310
f 2414/2511/2306 2418/2515/2310 2419/2516/2311 2415/2512/2307
f 2420/2517/2312 2421/2518/2313 2402/2499/2294 2413/2510/2305
f 2420/2517/2312 2413/2510/2305 2412/2509/2304 2422/2519/2314
f 2420/2517/2312 2422/2519/2314 2423/2520/2315 2424/2521/2316
f 2420/2517/2312 2424/2521/2316 2425/2522/2317 2421/2518/2313
f 2426/2523/2318 2427/2524/2319 2419/2516/2311 2418/2515/2310
f 2426/2523/2318 2418/2515/2310 2398/2495/2290 2397/2494/2289
f 2426/2523/2318 2397/2494/2289 2396/2493/2288 2428/2525/2320
f 2426/2523/2318 2428/2525/2320 2429/2526/2321 2427/2524/2319
f 2430/2527/2322 2431/2528/2323 2404/2501/2296 2403/2500/2295
f 2430/2527/2322 2403/2500/2295 2402/2499/2294 2421/2518/2313
f 2430/2527/2322 2421/2518/2313 2425/2522/2317 2432/2529/2324
f 2430/2527/2322 2432/2529/2324 2433/2530/2325 2431/2528/2323
f 2434/2531/2326 2427/2524/2319 2429/2526/2321 2435/2532/2327
f 2434/2531/2326 2435/2532/2327 2436/2533/2328 2437/2534/2329
f 2434/2531/2326 2437/2534/2329 2438/2535/2330 2439/2536/2331
f 2434/2531/2326 2439/2536/2331 2419/2516/2311 2427/2524/2319
f 2440/2537/2332 2441/2538/2333 2442/2539/2334 2443/2540/2335
f 2440/2537/2332 2443/2540/2335 2444/2541/2336 2445/2542/2337
f 2440/2537/2332 2445/2542/2337 2433/2530/2325 2432/2529/2324
f 2440/2537/2332 2432/2529/2324 2425/2522/2317 2441/2538/2333
f 2446/2543/2338 2415/2512/2307 2419/2516/2311 2439/2536/2331
f 2446/2543/2338 2439/2536/2331 2438/2535/2330 2447/2544/2339
f 2446/2543/2338 2447/2544/2339 2448/2545/2340 2449/2546/2341
f 2446/2543/2338 2449/2546/2341 2416/2513/2308 2415/2512/2307
f 2450/2547/2342 2451/2548/2343 2452/2549/2344 2453/2550/2345
f 2450/2547/2342 2453/2550/2345 2442/2539/2334 2441/2538/2333
f 2450/2547/2342 2441/2538/2333 2425/2522/2317 2424/2521/2316
f 2450/2547/2342 2424/2521/2316 2423/2520/2315 2451/2548/2343
f 2454/2551/2346 2437/2534/2329 2436/2533/2328 2455/2552/2347
f 2454/2551/2346 2455/2552/2347 2456/2553/2348 2457/2554/2349
f 2454/2551/2346 2457/2554/2349 2458/2555/2350 2459/2556/2351
f 2454/2551/2346 2459/2556/2351 2438/2535/2330 2437/2534/2329
f 2460/2557/2352 2461/2558/2353 2462/2559/2354 2463/2560/2355
f 2460/2557/2352 2463/2560/2355 2464/2561/2356 2465/2562/2357
f 2460/2557/2352 2465/2562/2357 2444/2541/2336 2443/2540/2335
f 2460/2557/2352 2443/2540/2335 2442/2539/2334 2461/2558/2353
f 2466/2563/2358 2447/2544/2339 2438/2535/2330 2459/2556/2351
f 2466/2563/2358 2459/2556/2351 2458/2555/2350 2467/2564/2359
f 2466/2563/2358 2467/2564/2359 2468/2565/2360 2469/2566/2361
f 2466/2563/2358 2469/2566/2361 2448/2545/2340 2447/2544/2339
f 2470/2567/2362 2471/2568/2363 2472/2569/2364 2473/2570/2365
f 2470/2567/2362 2473/2570/2365 2462/2559/2354 2461/2558/2353
f 2470/2567/2362 2461/2558/2353 2442/2539/2334 2453/2550/2345
f 2470/2567/2362 2453/2550/2345 2452/2549/2344 2471/2568/2363
f 2474/2571/2366 2475/2572/2367 2476/2573/2368 2477/2574/2369
f 2474/2571/2366 2477/2574/2369 2366/2463/2258 2365/2462/2257
f 2474/2571/2366 2365/2462/2257 2372/2469/2264 2478/2575/2370
f 2474/2571/2366 2478/2575/2370 2479/2576/2371 2475/2572/2367
f 2480/2577/2372 2481/2578/2373 2381/2478/2273 2380/2477/2272
f 2480/2577/2372 2380/2477/2272 2379/2476/2271 2482/2579/2374
f 2480/2577/2372 2482/2579/2374 2483/2580/2375 2484/2581/2376
f 2480/2577/2372 2484/2581/2376 2485/2582/2377 2481/2578/2373
f 2486/2583/2378 2487/2584/2379 2479/2576/2371 2478/2575/2370
f 2486/2583/2378 2478/2575/2370 2372/2469/2264 2383/2480/2275
f 2486/2583/2378 2383/2480/2275 2387/2484/2279 2488/2585/2380
f 2486/2583/2378 2488/2585/2380 2489/2586/2381 2487/2584/2379
f 2490/2587/2382 2491/2588/2383 2393/2490/2285 2392/2489/2284
f 2490/2587/2382 2392/2489/2284 2381/2478/2273 2481/2578/2373
f 2490/2587/2382 2481/2578/2373 2485/2582/2377 2492/2589/2384
f 2490/2587/2382 2492/2589/2384 2493/2590/2385 2491/2588/2383
f 2494/2591/2386 2495/2592/2387 2496/2593/2388 2497/2594/2389
f 2494/2591/2386 2497/2594/2389 2498/2595/2390 2499/2596/2391
f 2494/2591/2386 2499/2596/2391 2500/2597/2392 2501/2598/2393
f 2494/2591/2386 2501/2598/2393 2502/2599/2394 2495/2592/2387
f 2503/2600/2395 2504/2601/2396 2502/2599/2394 2501/2598/2393
f 2503/2600/2395 2501/2598/2393 2500/2597/2392 2505/2602/2397
f 2503/2600/2395 2505/2602/2397 2387/2484/2279 2386/2483/2278
f 2503/2600/2395 2386/2483/2278 2385/2482/2277 2504/2601/2396
f 2506/2603/2398 2389/2486/2281 2393/2490/2285 2507/2604/2399
f 2506/2603/2398 2507/2604/2399 2312/2409/2204 2311/2408/2203
f 2506/2603/2398 2311/2408/2203 2310/2407/2202 2508/2605/2400
f 2506/2603/2398 2508/2605/2400 2390/2487/2282 2389/2486/2281
f 2509/2606/2401 2504/2601/2396 2385/2482/2277 2409/2506/2301
f 2509/2606/2401 2409/2506/2301 2408/2505/2300 2510/2607/2402
f 2509/2606/2401 2510/2607/2402 2511/2608/2403 2512/2609/2404
f 2509/2606/2401 2512/2609/2404 2502/2599/2394 2504/2601/2396
f 2513/2610/2405 2315/2412/2207 2319/2416/2211 2514/2611/2406
f 2513/2610/2405 2514/2611/2406 2412/2509/2304 2411/2508/2303
f 2513/2610/2405 2411/2508/2303 2390/2487/2282 2508/2605/2400
f 2513/2610/2405 2508/2605/2400 2310/2407/2202 2315/2412/2207
f 2515/2612/2407 2495/2592/2387 2502/2599/2394 2512/2609/2404
f 2515/2612/2407 2512/2609/2404 2511/2608/2403 2516/2613/2408
f 2515/2612/2407 2516/2613/2408 2517/2614/2409 2518/2615/2410
f 2515/2612/2407 2518/2615/2410 2496/2593/2388 2495/2592/2387
f 2519/2616/2411 2520/2617/2412 2521/2618/2413 2522/2619/2414
f 2519/2616/2411 2522/2619/2414 2517/2614/2409 2516/2613/2408
f 2519/2616/2411 2516/2613/2408 2511/2608/2403 2523/2620/2415
f 2519/2616/2411 2523/2620/2415 2524/2621/2416 2520/2617/2412
f 2525/2622/2417 2526/2623/2418 2524/2621/2416 2523/2620/2415
f 2525/2622/2417 2523/2620/2415 2511/2608/2403 2510/2607/2402
f 2525/2622/2417 2510/2607/2402 2408/2505/2300 2417/2514/2309
f 2525/2622/2417 2417/2514/2309 2416/2513/2308 2526/2623/2418
f 2527/2624/2419 2422/2519/2314 2412/2509/2304 2514/2611/2406
f 2527/2624/2419 2514/2611/2406 2319/2416/2211 2331/2428/2223
f 2527/2624/2419 2331/2428/2223 2333/2430/2225 2528/2625/2420
f 2527/2624/2419 2528/2625/2420 2423/2520/2315 2422/2519/2314
f 2529/2626/2421 2526/2623/2418 2416/2513/2308 2449/2546/2341
f 2529/2626/2421 2449/2546/2341 2448/2545/2340 2530/2627/2422
f 2529/2626/2421 2530/2627/2422 2531/2628/2423 2532/2629/2424
f 2529/2626/2421 2532/2629/2424 2524/2621/2416 2526/2623/2418
f 2533/2630/2425 2339/2436/2231 2338/2435/2230 2534/2631/2426
f 2533/2630/2425 2534/2631/2426 2452/2549/2344 2451/2548/2343
f 2533/2630/2425 2451/2548/2343 2423/2520/2315 2528/2625/2420
f 2533/2630/2425 2528/2625/2420 2333/2430/2225 2339/2436/2231
f 2535/2632/2427 2520/2617/2412 2524/2621/2416 2532/2629/2424
f 2535/2632/2427 2532/2629/2424 2531/2628/2423 2536/2633/2428
f 2535/2632/2427 2536/2633/2428 2537/2634/2429 2538/2635/2430
f 2535/2632/2427 2538/2635/2430 2521/2618/2413 2520/2617/2412
f 2539/2636/2431 2530/2627/2422 2448/2545/2340 2469/2566/2361
f 2539/2636/2431 2469/2566/2361 2468/2565/2360 2540/2637/2432
f 2539/2636/2431 2540/2637/2432 2541/2638/2433 2542/2639/2434
f 2539/2636/2431 2542/2639/2434 2531/2628/2423 2530/2627/2422
f 2543/2640/2435 2349/2446/2241 2348/2445/2240 2544/2641/2436
f 2543/2640/2435 2544/2641/2436 2472/2569/2364 2471/2568/2363
f 2543/2640/2435 2471/2568/2363 2452/2549/2344 2534/2631/2426
f 2543/2640/2435 2534/2631/2426 2338/2435/2230 2349/2446/2241
f 2545/2642/2437 2536/2633/2428 2531/2628/2423 2542/2639/2434
f 2545/2642/2437 2542/2639/2434 2541/2638/2433 2546/2643/2438
f 2545/2642/2437 2546/2643/2438 2547/2644/2439 2548/2645/2440
f 2545/2642/2437 2548/2645/2440 2537/2634/2429 2536/2633/2428
f 2549/2646/2441 2550/2647/2442 2489/2586/2381 2488/2585/2380
f 2549/2646/2441 2488/2585/2380 2387/2484/2279 2505/2602/2397
f 2549/2646/2441 2505/2602/2397 2500/2597/2392 2551/2648/2443
f 2549/2646/2441 2551/2648/2443 2552/2649/2444 2550/2647/2442
f 2553/2650/2445 2356/2453/2248 2312/2409/2204 2507/2604/2399
f 2553/2650/2445 2507/2604/2399 2393/2490/2285 2491/2588/2383
f 2553/2650/2445 2491/2588/2383 2493/2590/2385 2554/2651/2446
f 2553/2650/2445 2554/2651/2446 2357/2454/2249 2356/2453/2248
f 2555/2652/2447 2556/2653/2448 2552/2649/2444 2551/2648/2443
f 2555/2652/2447 2551/2648/2443 2500/2597/2392 2499/2596/2391
f 2555/2652/2447 2499/2596/2391 2498/2595/2390 2557/2654/2449
f 2555/2652/2447 2557/2654/2449 2558/2655/2450 2556/2653/2448
f 2559/2656/2451 2560/2657/2452 2561/2658/2453 2562/2659/2454
f 2559/2656/2451 2562/2659/2454 2563/2660/2455 2564/2661/2456
f 2559/2656/2451 2564/2661/2456 2565/2662/2457 2566/2663/2458
f 2559/2656/2451 2566/2663/2458 2567/2664/2459 2560/2657/2452
f 2568/2665/2460 2564/2661/2456 2563/2660/2455 2569/2666/2461
f 2568/2665/2460 2569/2666/2461 2570/2667/2462 2571/2668/2463
f 2568/2665/2460 2571/2668/2463 2572/2669/2464 2573/2670/2465
f 2568/2665/2460 2573/2670/2465 2565/2662/2457 2564/2661/2456
f 2574/2671/2466 2575/2672/2467 2576/2673/2468 2577/2674/2469
f 2574/2671/2466 2577/2674/2469 2578/2675/2470 2579/2676/2471
f 2574/2671/2466 2579/2676/2471 2567/2664/2459 2566/2663/2458
f 2574/2671/2466 2566/2663/2458 2565/2662/2457 2575/2672/2467
f 2580/2677/2472 2581/2678/2473 2582/2679/2474 2583/2680/2475
f 2580/2677/2472 2583/2680/2475 2576/2673/2468 2575/2672/2467
f 2580/2677/2472 2575/2672/2467 2565/2662/2457 2573/2670/2465
f 2580/2677/2472 2573/2670/2465 2572/2669/2464 2581/2678/2473
f 2584/2681/2476 2585/2682/2477 2586/2683/2478 2587/2684/2479
f 2584/2681/2476 2587/2684/2479 2588/2685/2480 2589/2686/2481
f 2584/2681/2476 2589/2686/2481 2578/2675/2470 2577/2674/2469
f 2584/2681/2476 2577/2674/2469 2576/2673/2468 2585/2682/2477
f 2590/2687/2482 2591/2688/2483 2592/2689/2484 2593/2690/2485
f 2590/2687/2482 2593/2690/2485 2586/2683/2478 2585/2682/2477
f 2590/2687/2482 2585/2682/2477 2576/2673/2468 2583/2680/2475
f 2590/2687/2482 2583/2680/2475 2582/2679/2474 2591/2688/2483
f 2594/2691/2486 2595/2692/2487 2596/2693/2488 2597/2694/2489
f 2594/2691/2486 2597/2694/2489 2598/2695/2490 2599/2696/2491
f 2594/2691/2486 2599/2696/2491 2588/2685/2480 2587/2684/2479
f 2594/2691/2486 2587/2684/2479 2586/2683/2478 2595/2692/2487
f 2600/2697/2492 2601/2698/2493 2602/2699/2494 2603/2700/2495
f 2600/2697/2492 2603/2700/2495 2596/2693/2488 2595/2692/2487
f 2600/2697/2492 2595/2692/2487 2586/2683/2478 2593/2690/2485
f 2600/2697/2492 2593/2690/2485 2592/2689/2484 2601/2698/2493
f 2604/2701/2496 2605/2702/2497 2606/2703/2498 2607/2704/2499
f 2604/2701/2496 2607/2704/2499 2572/2669/2464 2571/2668/2463
f 2604/2701/2496 2571/2668/2463 2570/2667/2462 2608/2705/2500
f 2604/2701/2496 2608/2705/2500 2609/2706/2501 2605/2702/2497
f 2610/2707/2502 2611/2708/2503 2612/2709/2474 2613/2710/2504
f 2610/2707/2502 2613/2710/2504 2582/2679/2474 2581/2678/2473
f 2610/2707/2502 2581/2678/2473 2572/2669/2464 2607/2704/2499
f 2610/2707/2502 2607/2704/2499 2606/2703/2498 2611/2708/2503
f 2614/2711/2505 2615/2712/2506 2616/2713/2507 2617/2714/2508
f 2614/2711/2505 2617/2714/2508 2592/2689/2484 2591/2688/2483
f 2614/2711/2505 2591/2688/2483 2582/2679/2474 2613/2710/2504
f 2614/2711/2505 2613/2710/2504 2612/2709/2474 2615/2712/2506
f 2618/2715/2509 2601/2698/2493 2592/2689/2484 2617/2714/2508
f 2618/2715/2509 2617/2714/2508 2616/2713/2507 2619/2716/2510
f 2618/2715/2509 2619/2716/2510 2620/2717/2511 2621/2718/2512
f 2618/2715/2509 2621/2718/2512 2602/2699/2494 2601/2698/2493
o DEPOSITO_Circle.000
v -0.521655 -1.182799 -0.805971
v -0.250370 -1.201594 -0.830164
v -0.473986 -1.231212 -0.894935
v -0.250855 -1.197542 0.655524
v -0.521871 -1.163054 0.680475
v -0.473863 -1.227027 0.590917
v -0.521789 -1.174163 0.685702
v 1.496572 -1.132408 0.870555
v 1.314453 -1.048572 0.891244
v 1.187353 -1.195622 0.872726
v 1.175645 -1.251355 -0.793957
v 1.508122 -1.198377 -0.814195
v 1.501357 -1.217824 -0.738516
v 1.327785 -1.220627 -0.668357
v 1.372315 -1.074605 0.597990
v 1.160452 -0.945141 0.684464
v 1.511378 -0.971219 0.696707
v 1.398875 -0.970444 0.826258
v 1.705562 -1.033366 -0.800003
v 1.803269 -1.084489 -0.776572
v 1.395564 -1.121624 -0.889739
v 1.803011 -1.120009 -0.754788
v 1.804299 -1.111875 -0.727602
v 1.807832 -1.118515 0.740869
v 1.506842 -1.209038 0.701622
v 1.659965 -1.130810 0.664629
v 1.616273 -1.152087 -0.666294
v 1.808913 -1.071028 -0.719873
v 1.401309 -1.113360 -0.601563
v 1.441267 -1.018157 -0.624193
v -0.096531 -1.132655 -0.883191
v -0.615110 -1.060182 -0.799589
v -0.103150 -1.014586 -0.848153
v -0.613860 -1.165394 -0.800021
v 0.126252 -1.247856 -0.804432
v 0.053675 -1.251550 -0.725375
v -0.614149 -1.171742 -0.706243
v 0.454281 -1.265610 0.742908
v -0.106344 -1.241057 0.770872
v -0.101383 -1.200819 0.645307
v -0.101375 -1.200818 -0.645307
v -0.613775 -1.187349 0.731295
v -0.614739 -1.103362 0.673910
v 0.081822 -1.090491 -0.596530
v -0.614739 -1.103365 -0.673910
v 0.071075 -0.995242 0.641354
v -0.615113 -1.035752 0.746340
v 0.138753 -0.949316 -0.746341
v -0.615333 -1.044894 -0.719877
v 0.049843 -1.000623 -0.638935
v 0.489729 -1.039887 0.899933
v -0.080287 -0.984005 0.811972
v -0.092110 -1.080473 0.883113
v 0.443643 -1.018797 -0.893344
v 1.363628 -1.030560 -0.879960
v 0.518311 -1.177317 -0.889605
v 0.165777 -1.195629 0.872575
v 0.532591 -1.194622 -0.610558
v 0.532597 -1.194620 0.610555
v 1.186827 -1.195650 0.620714
v 0.081805 -1.090492 0.596530
v 0.159003 -0.946171 0.769038
v 1.350436 -0.944853 -0.760500
v 1.336204 -0.959633 -0.680393
v 1.816046 -1.089881 0.746848
v 1.815727 -1.087879 0.744736
v 1.816502 -1.089096 -0.744653
v 1.814403 -1.087240 -0.746535
v 1.804645 -1.065935 0.725473
v 1.815724 -1.087042 0.747501
v 1.692451 -1.130018 -0.812794
v 1.715886 -1.024220 -0.717904
v 1.695964 -1.011118 0.750181
v 1.806628 -1.085765 0.777097
v 1.709931 -1.054862 0.810534
v 1.536584 -1.208871 0.773417
v 1.250054 -1.247791 0.761264
v 1.353877 -0.974602 -0.833731
v -0.521834 -1.171607 -0.812025
v -0.521669 -1.182678 0.806043
v -0.521779 -1.171736 0.811920
v -0.473836 -1.231793 0.895016
v -0.232896 -1.172207 -0.811463
v -0.251150 -1.202532 0.830695
v -0.232017 -1.171627 0.812282
v -0.251314 -1.198313 -0.655031
v -0.473624 -1.227123 -0.590481
v -0.521912 -1.162921 -0.680397
v -0.233467 -1.161597 -0.680273
v -0.233780 -1.167447 0.683231
v -0.521882 -1.173918 -0.685536
v 1.740423 -1.143021 0.773075
v -0.614485 -1.117790 0.821407
v 1.694855 -1.067757 0.672195
v 1.816301 -1.089733 -0.747371
vt 0.578409 0.801002
vt 0.566154 0.799909
vt 0.576246 0.798231
vt 0.566154 0.800144
vt 0.578420 0.802145
vt 0.576250 0.798501
vt 0.578416 0.801493
vt 0.487481 0.803728
vt 0.495520 0.808778
vt 0.500851 0.800991
vt 0.502636 0.798002
vt 0.487022 0.800344
vt 0.486873 0.799446
vt 0.494659 0.799253
vt 0.493170 0.807252
vt 0.502757 0.814059
vt 0.488266 0.812325
vt 0.491568 0.812490
vt 0.478313 0.809313
vt 0.473177 0.806813
vt 0.491704 0.804504
vt 0.473284 0.805191
vt 0.473138 0.805618
vt 0.473120 0.805359
vt 0.486713 0.800044
vt 0.479834 0.804485
vt 0.481764 0.803027
vt 0.473252 0.807364
vt 0.491636 0.804935
vt 0.489796 0.809804
vt 0.557958 0.803909
vt 0.582648 0.807714
vt 0.558530 0.810637
vt 0.582609 0.802638
vt 0.549033 0.798544
vt 0.552180 0.797603
vt 0.582604 0.801921
vt 0.532433 0.796972
vt 0.558385 0.797985
vt 0.558231 0.800003
vt 0.558231 0.800003
vt 0.582602 0.801682
vt 0.582631 0.805563
vt 0.550696 0.805765
vt 0.582631 0.805562
vt 0.550982 0.811235
vt 0.582655 0.808666
vt 0.547400 0.813700
vt 0.582655 0.808722
vt 0.551824 0.811122
vt 0.531164 0.809093
vt 0.558317 0.812173
vt 0.558084 0.806520
vt 0.531647 0.810608
vt 0.493154 0.809790
vt 0.531106 0.801508
vt 0.547670 0.800742
vt 0.531100 0.800661
vt 0.531100 0.800661
vt 0.500569 0.801367
vt 0.550697 0.805765
vt 0.546922 0.813659
vt 0.493690 0.814115
vt 0.494481 0.813307
vt 0.472416 0.806398
vt 0.472417 0.806502
vt 0.472417 0.806441
vt 0.472418 0.806567
vt 0.473120 0.807342
vt 0.472418 0.806555
vt 0.478348 0.804111
vt 0.477333 0.809784
vt 0.478195 0.810450
vt 0.473200 0.806925
vt 0.477549 0.808229
vt 0.485164 0.800074
vt 0.498302 0.797725
vt 0.493581 0.812970
vt 0.578418 0.801637
vt 0.578410 0.801002
vt 0.578415 0.801637
vt 0.576250 0.798222
vt 0.565421 0.801652
vt 0.566160 0.799857
vt 0.565421 0.801697
vt 0.566149 0.800114
vt 0.576251 0.798491
vt 0.578421 0.802145
vt 0.565429 0.802257
vt 0.565422 0.801911
vt 0.578420 0.801493
vt 0.476516 0.803435
vt 0.582626 0.804813
vt 0.478207 0.807730
vt 0.472416 0.806406
vn 0.7412 0.6713 -0.0016
vn -0.7543 0.5496 0.3592
vn 0.1839 0.5028 0.8446
vn -0.0794 0.6264 0.7754
vn 0.6660 -0.3735 0.6457
vn 0.3802 0.4657 0.7991
vn 0.7691 0.6386 -0.0273
vn 0.2052 -0.3188 0.9254
vn 0.0584 0.2586 0.9642
vn 0.0350 -0.5984 0.8004
vn 0.0425 -0.9463 -0.3206
vn 0.2050 -0.8069 -0.5540
vn 0.2160 -0.9706 0.1058
vn 0.0799 -0.8378 0.5402
vn 0.1140 0.1528 -0.9817
vn 0.0233 0.9174 -0.3972
vn 0.1783 0.8986 -0.4010
vn 0.1230 0.8493 0.5133
vn 0.3542 0.6502 -0.6721
vn 0.6948 0.2267 -0.6826
vn 0.1251 -0.2476 -0.9608
vn 0.6477 -0.7220 -0.2434
vn 0.6371 -0.5539 0.5359
vn 0.7467 -0.6334 -0.2032
vn 0.1899 -0.8902 -0.4140
vn 0.3160 -0.4701 -0.8241
vn 0.3131 -0.5570 0.7692
vn 0.7383 0.4460 0.5060
vn 0.1153 -0.1855 0.9758
vn 0.1751 0.5196 0.8363
vn -0.0943 -0.2129 -0.9725
vn -0.1776 0.6380 -0.7493
vn -0.1102 0.6797 -0.7252
vn -0.1782 -0.6791 -0.7121
vn -0.0453 -0.8936 -0.4465
vn -0.0593 -0.9803 0.1885
vn -0.1483 -0.8539 0.4988
vn -0.0073 -1.0000 -0.0049
vn -0.0995 -0.9774 0.1867
vn -0.0893 -0.6875 -0.7207
vn -0.0973 -0.6521 0.7519
vn -0.1875 -0.9734 -0.1313
vn -0.1836 0.1122 -0.9766
vn -0.0532 0.0570 0.9970
vn -0.1506 0.1108 0.9824
vn -0.0749 0.7418 -0.6665
vn -0.1986 0.9785 0.0563
vn -0.0452 0.9985 -0.0302
vn -0.1521 0.9267 0.3435
vn -0.0781 0.7147 0.6951
vn -0.0083 0.3722 0.9281
vn -0.1113 0.8383 0.5337
vn -0.1054 0.1934 0.9755
vn -0.0151 0.5209 -0.8535
vn 0.1053 0.4011 -0.9100
vn -0.0016 -0.4411 -0.8975
vn -0.0287 -0.5825 0.8123
vn 0.0002 -0.5835 0.8121
vn 0.0004 -0.5778 -0.8162
vn 0.0414 -0.6310 -0.7746
vn -0.0568 0.0598 -0.9966
vn -0.0407 0.9879 0.1493
vn 0.0977 0.9896 -0.1056
vn 0.0618 0.8872 0.4572
vn 0.9627 -0.2665 0.0460
vn 0.9236 0.0545 -0.3794
vn 0.9953 -0.0250 0.0939
vn 0.7484 0.6254 -0.2208
vn 0.7285 0.5014 -0.4667
vn 0.9456 0.2557 0.2012
vn 0.3336 -0.4140 -0.8469
vn 0.3527 0.8682 0.3490
vn 0.3488 0.9357 0.0523
vn 0.7245 0.1319 0.6765
vn 0.3509 0.4345 0.8295
vn 0.2347 -0.9267 0.2936
vn 0.0649 -0.9962 0.0587
vn 0.0926 0.8040 -0.5873
vn 0.6810 -0.3231 0.6572
vn 0.7573 0.6515 0.0454
vn 0.6710 -0.2906 -0.6822
vn 0.2076 0.5799 -0.7878
vn -0.8104 0.1164 0.5743
vn -0.3890 0.5865 -0.7104
vn -0.3844 0.4020 -0.8311
vn -0.3922 -0.6159 0.6832
vn 0.1756 0.5493 -0.8170
vn 0.6566 -0.3366 -0.6749
vn -0.3061 -0.7495 0.5870
vn -0.0343 0.6108 0.7910
vn 0.7673 0.6412 0.0079
vn 0.3746 -0.8163 0.4396
vn -0.1813 -0.0941 0.9789
vn 0.3520 0.3188 -0.8800
vn 0.9812 -0.0733 -0.1785
usemtl FUSELAJE_a10TS.JPG.001
s 1
f 2622/2719/2513 2623/2720/2514 2624/2721/2515
f 2625/2722/2516 2626/2723/2517 2627/2724/2518
f 2628/2725/2519 2627/2724/2518 2626/2723/2517
f 2629/2726/2520 2630/2727/2521 2631/2728/2522
f 2632/2729/2523 2633/2730/2524 2634/2731/2525
f 2632/2729/2523 2634/2731/2525 2635/2732/2526
f 2636/2733/2527 2637/2734/2528 2638/2735/2529
f 2637/2734/2528 2639/2736/2530 2638/2735/2529
f 2640/2737/2531 2641/2738/2532 2642/2739/2533
f 2633/2730/2524 2643/2740/2534 2634/2731/2525
f 2634/2731/2525 2643/2740/2534 2644/2741/2535
f 2645/2742/2536 2646/2743/2537 2647/2744/2538
f 2648/2745/2539 2649/2746/2540 2650/2747/2541
f 2649/2746/2540 2651/2748/2542 2650/2747/2541
f 2652/2749/2543 2653/2750/2544 2654/2751/2545
f 2655/2752/2546 2652/2749/2543 2656/2753/2547
f 2657/2754/2548 2658/2755/2549 2655/2752/2546
f 2659/2756/2550 2660/2757/2551 2661/2758/2552
f 2662/2759/2553 2658/2755/2549 2657/2754/2548
f 2661/2758/2552 2663/2760/2554 2664/2761/2555
f 2665/2762/2556 2666/2763/2557 2662/2759/2553
f 2667/2764/2558 2664/2761/2555 2668/2765/2559
f 2669/2766/2560 2670/2767/2561 2671/2768/2562
f 2653/2750/2544 2669/2766/2560 2654/2751/2545
f 2672/2769/2563 2673/2770/2564 2674/2771/2565
f 2675/2772/2566 2652/2749/2543 2654/2751/2545
f 2642/2739/2533 2675/2772/2566 2676/2773/2567
f 2652/2749/2543 2675/2772/2566 2677/2774/2568
f 2632/2729/2523 2677/2774/2568 2642/2739/2533
f 2631/2728/2522 2678/2775/2569 2659/2756/2550
f 2659/2756/2550 2678/2775/2569 2660/2757/2551
f 2635/2732/2526 2679/2776/2570 2657/2754/2548
f 2680/2777/2571 2681/2778/2572 2659/2756/2550
f 2680/2777/2571 2661/2758/2552 2682/2779/2573
f 2650/2747/2541 2665/2762/2556 2679/2776/2570
f 2665/2762/2556 2650/2747/2541 2651/2748/2542
f 2651/2748/2542 2671/2768/2562 2665/2762/2556
f 2667/2764/2558 2636/2733/2527 2682/2779/2573
f 2683/2780/2574 2637/2734/2528 2667/2764/2558
f 2684/2781/2575 2669/2766/2560 2685/2782/2576
f 2686/2783/2577 2645/2742/2536 2687/2784/2578
f 2649/2746/2540 2688/2785/2579 2689/2786/2580
f 2687/2784/2578 2690/2787/2581 2691/2788/2582
f 2643/2740/2534 2692/2789/2583 2641/2738/2532
f 2645/2742/2536 2647/2744/2538 2690/2787/2581
f 2649/2746/2540 2640/2737/2531 2693/2790/2584
f 2690/2787/2581 2694/2791/2585 2695/2792/2586
f 2696/2793/2587 2639/2736/2530 2630/2727/2521
f 2676/2773/2567 2640/2737/2531 2642/2739/2533
f 2692/2789/2583 2633/2730/2524 2642/2739/2533
f 2697/2794/2588 2698/2795/2589 2646/2743/2537
f 2646/2743/2537 2681/2778/2572 2647/2744/2538
f 2635/2732/2526 2648/2745/2539 2650/2747/2541
f 2693/2790/2584 2684/2781/2575 2685/2782/2576
f 2684/2781/2575 2640/2737/2531 2699/2796/2590
f 2694/2791/2585 2638/2735/2529 2639/2736/2530
f 2699/2796/2590 2640/2737/2531 2676/2773/2567
f 2624/2721/2515 2700/2797/2591 2622/2719/2513
f 2701/2798/2592 2702/2799/2593 2703/2800/2594
f 2623/2720/2514 2704/2801/2595 2700/2797/2591
f 2622/2719/2513 2704/2801/2595 2623/2720/2514
f 2700/2797/2591 2624/2721/2515 2623/2720/2514
f 2701/2798/2592 2703/2800/2594 2705/2802/2596 2706/2803/2597
f 2707/2804/2598 2708/2805/2599 2709/2806/2600 2710/2807/2601
f 2625/2722/2516 2627/2724/2518 2628/2725/2519 2711/2808/2602
f 2712/2809/2603 2708/2805/2599 2707/2804/2598
f 2646/2743/2537 2645/2742/2536 2713/2810/2604 2697/2794/2588
f 2625/2722/2516 2711/2808/2602 2626/2723/2517
f 2707/2804/2598 2710/2807/2601 2712/2809/2603
f 2712/2809/2603 2709/2806/2600 2708/2805/2599
f 2642/2739/2533 2633/2730/2524 2632/2729/2523
f 2698/2795/2589 2681/2778/2572 2646/2743/2537
f 2642/2739/2533 2641/2738/2532 2692/2789/2583
f 2695/2792/2586 2696/2793/2587 2629/2726/2520
f 2713/2810/2604 2695/2792/2586 2629/2726/2520
f 2692/2789/2583 2643/2740/2534 2633/2730/2524
f 2713/2810/2604 2629/2726/2520 2697/2794/2588
f 2673/2770/2564 2668/2765/2559 2714/2811/2605 2674/2771/2565
f 2648/2745/2539 2634/2731/2525 2644/2741/2535
f 2651/2748/2542 2649/2746/2540 2693/2790/2584
f 2715/2812/2606 2638/2735/2529 2690/2787/2581
f 2690/2787/2581 2638/2735/2529 2694/2791/2585
f 2696/2793/2587 2694/2791/2585 2639/2736/2530
f 2678/2775/2569 2714/2811/2605 2663/2760/2554 2660/2757/2551
f 2652/2749/2543 2655/2752/2546 2653/2750/2544
f 2714/2811/2605 2678/2775/2569 2674/2771/2565
f 2631/2728/2522 2630/2727/2521 2672/2769/2563 2678/2775/2569
f 2656/2753/2547 2657/2754/2548 2655/2752/2546
f 2661/2758/2552 2660/2757/2551 2663/2760/2554
f 2662/2759/2553 2666/2763/2557 2658/2755/2549
f 2682/2779/2573 2661/2758/2552 2664/2761/2555
f 2665/2762/2556 2671/2768/2562 2666/2763/2557
f 2664/2761/2555 2667/2764/2558 2682/2779/2573
f 2671/2768/2562 2670/2767/2561 2666/2763/2557
f 2683/2780/2574 2667/2764/2558 2668/2765/2559
f 2669/2766/2560 2653/2750/2544 2670/2767/2561
f 2673/2770/2564 2683/2780/2574 2668/2765/2559
f 2669/2766/2560 2675/2772/2566 2654/2751/2545
f 2699/2796/2590 2676/2773/2567 2675/2772/2566
f 2672/2769/2563 2630/2727/2521 2639/2736/2530
f 2642/2739/2533 2677/2774/2568 2675/2772/2566
f 2681/2778/2572 2680/2777/2571 2682/2779/2573 2636/2733/2527
f 2674/2771/2565 2678/2775/2569 2672/2769/2563
f 2656/2753/2547 2652/2749/2543 2677/2774/2568
f 2656/2753/2547 2677/2774/2568 2632/2729/2523
f 2698/2795/2589 2631/2728/2522 2659/2756/2550
f 2632/2729/2523 2657/2754/2548 2656/2753/2547
f 2632/2729/2523 2635/2732/2526 2657/2754/2548
f 2659/2756/2550 2681/2778/2572 2698/2795/2589
f 2657/2754/2548 2679/2776/2570 2662/2759/2553
f 2661/2758/2552 2680/2777/2571 2659/2756/2550
f 2635/2732/2526 2650/2747/2541 2679/2776/2570
f 2679/2776/2570 2665/2762/2556 2662/2759/2553
f 2675/2772/2566 2669/2766/2560 2684/2781/2575 2699/2796/2590
f 2637/2734/2528 2636/2733/2527 2667/2764/2558
f 2651/2748/2542 2685/2782/2576 2671/2768/2562
f 2685/2782/2576 2669/2766/2560 2671/2768/2562
f 2705/2802/2596 2703/2800/2594 2702/2799/2593 2706/2803/2597
f 2683/2780/2574 2639/2736/2530 2637/2734/2528
f 2645/2742/2536 2686/2783/2577 2691/2788/2582 2695/2792/2586
f 2683/2780/2574 2672/2769/2563 2639/2736/2530
f 2683/2780/2574 2673/2770/2564 2672/2769/2563
f 2641/2738/2532 2689/2786/2580 2716/2813/2607
f 2643/2740/2534 2641/2738/2532 2716/2813/2607
f 2688/2785/2579 2644/2741/2535 2643/2740/2534 2716/2813/2607
f 2645/2742/2536 2690/2787/2581 2687/2784/2578
f 2649/2746/2540 2644/2741/2535 2688/2785/2579
f 2690/2787/2581 2695/2792/2586 2691/2788/2582
f 2641/2738/2532 2649/2746/2540 2689/2786/2580
f 2645/2742/2536 2695/2792/2586 2713/2810/2604
f 2644/2741/2535 2649/2746/2540 2648/2745/2539
f 2690/2787/2581 2647/2744/2538 2715/2812/2606
f 2695/2792/2586 2694/2791/2585 2696/2793/2587
f 2640/2737/2531 2649/2746/2540 2641/2738/2532
f 2696/2793/2587 2630/2727/2521 2629/2726/2520
f 2697/2794/2588 2629/2726/2520 2631/2728/2522
f 2697/2794/2588 2631/2728/2522 2698/2795/2589
f 2635/2732/2526 2634/2731/2525 2648/2745/2539
f 2636/2733/2527 2647/2744/2538 2681/2778/2572
f 2715/2812/2606 2647/2744/2538 2636/2733/2527
f 2715/2812/2606 2636/2733/2527 2638/2735/2529
f 2651/2748/2542 2693/2790/2584 2685/2782/2576
f 2684/2781/2575 2693/2790/2584 2640/2737/2531
o wings_Circle.000
v 1.044639 -0.256095 -2.244880
v 1.388740 -0.410853 -2.250062
v 1.045204 -0.385820 -2.247311
v 1.268078 -0.328510 -2.246158
v 1.268071 -0.328509 2.246116
v 1.389014 -0.410959 2.243083
v 1.046847 -0.259073 2.241037
v 1.234705 -0.457056 -2.245891
v 1.046122 -0.257788 2.250868
v 1.045510 -0.379342 2.246426
v 1.418147 -0.562825 -2.250272
v 1.083992 -0.747740 -2.250892
v 1.008218 -0.660232 -2.245781
v 1.215448 -0.569628 -2.246135
v 1.256952 -0.505651 2.245967
v 1.083684 -0.747345 2.251160
v 1.412803 -0.574679 2.250192
v 1.428851 -0.490395 2.249473
v 1.084352 -0.748068 2.242447
v 1.366077 -0.615479 2.241172
v 1.254163 -0.683379 2.246129
v 1.007751 -0.659684 2.246547
v 1.202685 -0.582982 2.245230
v 1.428780 -0.491143 -2.241803
v 1.326574 -0.648472 -2.242550
v 1.084313 -0.748061 -2.241798
v -1.215650 0.033715 8.392267
v -1.388160 -0.688605 2.899034
v -0.945247 -0.029595 8.380319
v -1.261612 0.089069 -8.391852
v -1.753011 -0.467006 -2.905261
v -1.215989 0.131740 -8.392458
v -0.627050 0.225913 8.388587
v -0.771257 -0.241858 2.951087
v -0.828509 -0.250050 2.879482
v -0.296641 -0.222485 2.954608
v -0.620242 0.224879 -8.389019
v -0.301758 -0.222443 -2.954340
v -0.200936 0.236146 -8.388950
v 0.567833 0.181421 -8.393957
v 0.777147 -0.290297 -2.952656
v 1.045140 -0.349116 -2.873035
v 0.806769 0.082676 8.388145
v 1.295981 -0.467026 2.905005
v 0.757621 0.132099 8.386969
v 0.768498 0.041586 8.395876
v 1.296398 -0.542509 2.897892
v 0.797154 0.063288 -8.388825
v 1.268635 -0.569118 -2.898618
v 0.730514 0.022585 -8.381334
v 0.596839 -0.011179 8.388672
v 1.094124 -0.646192 2.899999
v 0.931137 -0.688599 -2.899035
v 0.500436 -0.025726 -8.396323
v 0.822078 -0.708631 2.899163
v 0.439802 -0.755231 -2.899009
v 0.174792 -0.058187 -8.396003
v -0.151827 -0.782088 -2.899637
v -0.361673 -0.071197 -8.388390
v -0.545780 -0.063343 8.394071
v -0.305214 -0.782090 2.899641
v -0.115631 -0.069713 8.393950
v -0.896850 -0.755234 2.899008
v -1.169627 -0.000615 8.539762
v -0.949616 -0.057067 8.584046
v -1.251132 0.057648 -8.386734
v -1.243372 0.042021 -8.570424
v -1.233219 0.017279 -8.595730
v -1.173303 0.020346 -8.387300
v -1.234566 0.024917 8.588385
v -1.234421 0.052483 -8.603001
v -1.086312 0.139548 -8.541436
v -1.253190 0.080562 8.478971
v -1.208905 0.082835 8.577908
v -1.174010 0.144967 8.413425
v -1.250505 0.107668 8.389853
v -0.653869 0.191036 8.539372
v -0.977764 0.158535 8.539248
v -0.157518 0.192353 8.558693
v -0.005449 0.215815 8.483298
v -0.107365 0.219005 -8.483170
v 0.363557 0.164245 -8.538617
v -0.157453 0.192371 -8.558678
v 0.593204 0.117657 -8.537307
v 0.623418 0.107884 8.536315
v 0.641265 0.047045 8.561055
v 0.737790 0.063642 8.477611
v 0.409744 -0.035292 8.633563
v 0.253907 -0.068793 8.624586
v 0.266443 -0.069590 -8.642685
v 0.015658 -0.088508 8.602461
v 0.000977 -0.091307 -8.607549
v -0.473311 -0.096667 8.583194
v -0.773113 -0.046720 -8.397700
v -0.686360 -0.084337 -8.580686
v -0.341156 -0.091289 -8.569698
v -1.046506 -0.011087 -8.399536
v -0.989524 -0.053531 -8.580609
v -1.168223 -0.015005 -8.584252
v -1.126345 -0.098210 -8.675841
v -1.175498 -0.046203 8.639316
v -1.237366 -0.036781 8.687404
v -0.878266 0.098773 8.651299
v -1.158562 0.061210 8.637208
v -0.411767 0.149449 8.622000
v -0.300702 0.065564 -8.692970
v -0.861907 0.109508 -8.643692
v -0.135751 0.145475 -8.621936
v -0.332432 0.066015 8.693755
v 0.250745 0.104441 8.630102
v 0.473281 0.045779 8.625139
v 0.240882 0.006747 -8.690547
v 0.370840 0.094204 -8.617943
v 0.533526 0.033419 -8.608804
v 0.273872 -0.062713 8.699429
v 0.663013 0.048125 -8.547003
v 0.319771 -0.046411 -8.681067
v -0.820220 -0.127282 8.668354
v -1.085637 -0.114514 8.682554
v -1.167569 -0.217911 -8.754406
v -1.235973 -0.164326 -8.733778
v -1.240655 -0.069135 -8.694445
v -1.169926 -0.215418 8.755339
v -1.237253 -0.162646 8.735776
v -1.236125 -0.079890 8.696206
v -1.214697 -0.126003 -8.736073
v -1.159829 -0.010087 -8.695189
v -1.127936 -0.094021 8.736315
v -1.088432 0.003762 8.698898
v -0.893357 -0.010186 -8.720938
v -1.173955 0.055886 -8.637080
v -1.028679 -0.191786 -8.763802
v -0.989103 -0.225581 8.767287
v -0.561185 -0.050880 8.739917
v -0.678062 -0.223162 -8.770166
v -0.317567 -0.183305 -8.766131
v -0.174500 -0.034761 -8.730176
v -0.199766 -0.225220 8.767136
v -0.020276 -0.074530 8.736398
v 0.086001 0.013583 8.700831
v 0.110670 -0.172909 8.739590
v 0.104817 -0.115158 -8.737672
v -0.027834 -0.220492 -8.754279
v 0.117930 -0.168729 -8.734883
v 0.244937 -0.087677 8.686420
v 0.237253 -0.090600 -8.685893
v -0.044441 -0.132204 -8.680914
v -0.007001 -0.130032 8.680548
v -0.459144 -0.138135 8.669870
v -0.231925 -0.236657 8.756533
v -0.781487 -0.130999 -8.671000
v -0.983006 -0.232232 -8.761744
v -0.629457 -0.241063 -8.751754
v -0.710615 -0.231965 -8.761822
v -0.633815 -0.233836 -8.760029
v -0.945917 -0.236678 8.754630
v -0.697473 -0.232967 8.760902
v -0.696177 -0.230429 -8.763342
v -0.710237 -0.231008 8.762757
v -0.531407 -0.230129 8.763648
v -0.563797 -0.229872 -8.763883
v -0.230374 -0.230870 -8.763051
v -0.503293 -0.231893 -8.761937
v -0.568334 -0.233647 8.760227
v -1.664064 -0.664357 -0.647336
v -1.397010 -0.722563 -0.646054
v -1.843096 -0.644270 -0.626611
v -1.552898 -0.645701 -2.899033
v -1.279111 -0.708630 -2.899151
v -1.339458 -0.733953 0.645296
v -1.625782 -0.673458 0.645422
v -1.682342 -0.595693 -2.898981
v -1.624657 -0.621267 2.898833
v -1.777318 -0.618473 0.647121
v -1.851651 -0.565480 0.646957
v -1.975089 -0.574598 0.629228
v -1.823039 -0.591763 -0.647078
v -1.753441 -0.542508 -2.897907
v -1.725679 -0.569125 2.898604
v -1.864748 -0.517279 0.646744
v -1.864460 -0.542191 -0.644840
v -1.766050 -0.504903 -2.898750
v -1.766049 -0.516988 2.898658
v -1.752953 -0.466955 2.906384
v -1.823987 -0.465881 0.643841
v -1.851826 -0.491912 -0.646553
v -1.933116 -0.397992 -0.628520
v -1.739787 -0.418748 -0.646297
v -1.682366 -0.414081 2.899500
v -1.666926 -0.393701 0.646257
v -1.553022 -0.364101 2.899140
v -1.279217 -0.301136 2.899291
v -1.239146 -0.309437 0.646103
v -0.647414 -0.260045 0.646021
v -0.279050 -0.250621 -0.646367
v 0.614620 -0.212491 -0.619389
v 0.439359 -0.273741 -0.645807
v 0.107532 -0.255582 0.645969
v 0.625143 -0.292596 0.643398
v -0.411107 -0.187886 0.627232
v 0.603701 -0.270626 -2.876151
v 0.097184 -0.232217 -2.875175
v 0.526368 -0.263568 2.875262
v 1.023121 -0.348294 0.646005
v 1.013796 -0.299480 0.616562
v 0.908025 -0.329357 -0.643481
v 1.165736 -0.382326 -0.643553
v 1.095844 -0.364063 2.899331
v 1.279281 -0.419092 0.638460
v 1.353418 -0.454785 -0.644026
v 1.295933 -0.466979 -2.906044
v 1.225295 -0.414065 -2.899624
v 1.225239 -0.414042 2.899874
v 1.387706 -0.480524 0.642731
v 1.406312 -0.513166 -0.640066
v 1.407256 -0.542079 0.640527
v 1.309009 -0.504915 2.898670
v 1.366242 -0.591648 0.645659
v 1.209728 -0.663364 0.642114
v 1.225290 -0.595696 2.898998
v 0.785519 -0.746948 0.640393
v 0.187332 -0.797159 -0.641708
v 0.615697 -0.765029 -0.638819
v 0.297790 -0.765915 2.899070
v 0.353159 -0.786450 0.637108
v -0.177673 -0.806280 0.629819
v -0.569232 -0.803474 -0.605300
v -0.790614 -0.789792 0.644654
v -0.882568 -0.784711 -0.645985
v -0.754844 -0.765912 -2.899070
v -2.786599 -0.579171 -0.519549
v -2.772844 -0.578790 0.523537
v -3.507711 -0.360380 0.447551
v -3.338289 -0.448640 0.436544
v -3.099014 -0.421390 -0.521888
v -3.445800 -0.396666 -0.438822
v -3.512942 -0.351294 -0.438822
v -2.986483 -0.173071 -0.541714
v -3.602320 -0.208543 -0.447375
v -3.076273 -0.287364 0.539699
v -3.602319 -0.208560 0.447367
v -3.561410 -0.112966 0.438822
v -3.590641 -0.160633 0.438822
v -3.173856 -0.019645 -0.489583
v -3.175914 -0.020303 0.489495
v -3.445803 -0.020855 0.438822
v -3.512945 -0.066225 0.438822
v -2.421260 0.071337 0.539684
v -2.256665 0.075017 -0.545867
v -1.366318 -0.327912 -0.644089
v -1.796151 0.158485 0.544885
v -3.211992 0.080689 -0.438265
v -2.690095 0.139659 -0.489933
v -1.349507 0.193186 -0.539468
v -0.808105 0.029161 -0.581937
v -0.813662 -0.269422 -0.644669
v -2.626664 0.210897 -0.438575
v -2.018873 0.237449 -0.489961
v -2.023889 0.237282 0.489826
v -0.640632 0.162423 0.545615
v -1.264092 0.263205 -0.489831
v -1.729485 0.282296 -0.438249
v -1.264691 0.263275 0.489792
v 0.014271 0.093809 -0.543246
v -0.949545 0.262379 -0.439033
v -0.522196 0.214454 -0.489643
v -0.318764 0.190369 0.489784
v 0.062892 0.077701 0.545050
v 0.166738 0.077931 -0.488485
v -0.124533 0.140821 -0.438555
v 0.377853 0.006006 0.524802
v 0.017763 0.101081 0.438964
v 0.477844 -0.036282 -0.544783
v 0.668497 -0.128520 -0.542049
v 0.794992 -0.253961 0.542693
v 0.644314 -0.114215 0.543124
v 0.590486 -0.206545 0.485868
v 0.462707 -0.208760 0.438822
v 0.452901 -0.160633 0.438822
v 0.637832 -0.384540 -0.518050
v 1.366675 -0.591244 -0.641664
v 1.260126 -0.643791 -0.641852
v 0.584634 -0.433643 0.518590
v 0.423673 -0.304553 -0.438822
v 0.375207 -0.351294 -0.438822
v 0.343939 -0.575230 -0.528445
v 0.191341 -0.610059 0.521543
v 0.183254 -0.458286 0.439082
v 0.183326 -0.458257 -0.439081
v -0.054302 -0.536810 -0.438960
v 1.016497 -0.710060 -0.642693
v -0.096294 -0.675411 -0.523021
v -0.385497 -0.734618 0.531905
v -0.350726 -0.602385 0.438921
v -0.597280 -0.778725 -0.551890
v -1.068482 -0.780553 0.534374
v -0.693390 -0.652434 -0.438906
v -1.069518 -0.685260 -0.438893
v -1.069631 -0.685255 0.438904
v -1.464103 -0.699646 -0.438888
v -1.523820 -0.769011 -0.527223
v -1.481774 -0.776213 0.550972
v -1.860529 -0.695186 -0.438891
v -2.053151 -0.718329 0.492154
v -1.860116 -0.695168 0.438914
v -1.924580 -0.738613 -0.546572
v -2.375667 -0.662257 -0.438624
v -2.404349 -0.675410 -0.490877
v -2.308340 -0.685836 0.529430
v -2.370835 -0.662526 0.438703
v -3.087378 -0.536632 -0.439094
v -3.084190 -0.537759 0.439154
v -0.421375 -0.206779 -2.899363
v 0.312849 -0.222019 -2.907607
v 0.312264 -0.221968 2.907522
v -0.419049 -0.206902 2.899013
v -0.818126 -0.249329 -2.878541
v -0.478687 -0.232489 -2.875110
v 0.603813 -0.252141 -2.898215
v 0.097218 -0.232217 2.875179
v 0.601907 -0.251664 2.898851
v 0.873540 -0.311632 2.877946
v 1.293236 -0.429834 -5.955883
v 1.294662 -0.430108 -5.922673
v 1.561824 -0.650082 -5.941323
v -0.734758 -0.570343 5.888376
v -0.733755 -0.570467 5.990524
v -0.658686 -0.405971 5.989126
v -0.657969 -0.406210 -5.889647
v -0.659103 -0.406918 -5.989441
v -0.734763 -0.570333 -5.888376
v 0.742689 -0.599785 5.888376
v -0.651207 -0.396224 5.890351
v 1.203803 -0.432109 -5.889840
v 0.742686 -0.599775 -5.888376
v 1.202930 -0.432292 -5.989026
v 0.742686 -0.599775 -5.990524
v 1.454115 -0.642169 -5.888376
v 1.204233 -0.432504 5.889766
v 1.454121 -0.642179 5.888376
v 1.203808 -0.432118 5.989061
v 0.742689 -0.599785 5.990524
v 1.454121 -0.642179 5.990524
v 1.454115 -0.642169 -5.990524
v 1.293472 -0.430028 5.955906
v 1.561808 -0.650111 5.941169
v 1.012565 -0.208444 -5.941875
v 0.940759 -0.207400 -5.972618
v 0.940956 -0.207570 -5.906276
v -0.576748 -0.181150 -5.971486
v -0.576743 -0.181167 5.971472
v -0.572985 -0.182466 -5.907356
v -0.582874 -0.179155 5.903634
v 0.944812 -0.208169 5.907355
v 1.295354 -0.430674 5.922709
v 1.017007 -0.373231 -4.832221
v 0.839980 -0.383672 -4.803193
v 1.159258 -0.582323 -4.816814
v 1.160758 -0.584555 4.817391
v 0.968637 -0.595503 4.787616
v 0.852227 -0.383254 4.803310
v 0.840112 -0.383138 -4.861219
v 1.158216 -0.581569 -4.847662
v 1.017028 -0.373253 4.832223
v 0.839978 -0.383395 4.861191
v 1.158737 -0.582356 4.847703
v -0.717619 -0.568166 4.788180
v -0.725801 -0.579630 4.877051
v -0.643597 -0.354050 4.861529
v -0.649835 -0.352462 4.800056
v -0.725812 -0.579696 -4.787395
v 0.968962 -0.595434 -4.787693
v -0.726479 -0.579766 -4.877048
v 0.968596 -0.595379 -4.876742
v 0.968944 -0.595424 4.876747
v 0.675729 -0.773089 4.878085
v 1.090431 -0.788270 4.878085
v 0.675729 -0.773080 -4.786357
v 1.090428 -0.788261 -4.786357
v 0.675729 -0.773089 4.786356
v 1.090431 -0.788270 4.786356
v 0.675725 -0.773080 -4.878086
v -0.801720 -0.743648 4.786356
v -0.800717 -0.743773 4.878085
v 1.297269 -0.789431 -4.832373
v 1.227809 -0.722514 -3.680324
v 1.364230 -0.927828 -3.695550
v 1.225384 -0.719910 -3.710803
v -0.734761 -0.882042 3.649533
v -0.733758 -0.882166 3.741262
v -0.658841 -0.718023 3.740227
v -0.650680 -0.706600 -3.651356
v -0.658857 -0.718055 -3.740221
v -0.734761 -0.882036 -3.649534
v 0.742686 -0.911484 3.649533
v -0.650684 -0.706615 3.651355
v 1.035903 -0.733816 -3.650872
v 0.742688 -0.911478 -3.649534
v 1.035557 -0.733778 -3.739920
v 0.742688 -0.911478 -3.741263
v 1.035904 -0.733820 3.739924
v 0.742686 -0.911484 3.741262
v -0.582877 -0.490857 3.663236
v -0.577159 -0.494483 3.724268
v 0.905105 -0.520795 3.724683
v 1.157389 -0.926659 -3.649534
v 1.035585 -0.733887 3.650795
v 1.157389 -0.926665 3.649533
v 1.157389 -0.926665 3.741262
v 0.907072 -0.521536 -3.666402
v 1.081996 -0.511831 -3.693602
v 0.906939 -0.522070 -3.724427
v 1.083987 -0.511648 3.695400
v 0.918225 -0.521516 3.666477
v -0.582878 -0.490851 -3.663236
v -0.576584 -0.492224 -3.724917
v 1.225904 -0.720695 3.710844
v 1.227517 -0.723025 3.680531
v 1.190652 -0.626411 -1.747972
v 1.013971 -0.636346 -1.718979
v 1.331969 -0.835334 -1.732630
v 1.334412 -0.837741 1.733143
v 1.142290 -0.848681 1.703368
v 1.024900 -0.636296 1.719050
v 1.012876 -0.636740 -1.777009
v 1.331866 -0.834754 -1.763414
v 1.190674 -0.626427 1.747973
v 1.014207 -0.636652 1.776931
v 1.332383 -0.835531 1.763455
v -0.551242 -0.832605 -1.703254
v 1.142607 -0.848611 -1.703446
v -0.552172 -0.832841 -1.792797
v 1.142244 -0.848559 -1.792496
v 1.142596 -0.848601 1.792499
v 0.849375 -1.026262 1.793838
v 1.264077 -1.041443 1.793838
v 1.471231 -1.042510 -1.741350
v 0.849375 -1.026261 -1.702110
v 1.264077 -1.041442 -1.702110
v 0.849375 -1.026262 1.702109
v 1.264077 -1.041443 1.702109
v 0.849375 -1.026261 -1.793839
v -0.552155 -0.832805 1.792803
v -0.628073 -0.996821 1.702109
v -0.551241 -0.832606 1.703253
v -0.628073 -0.996819 -1.702110
v -0.627070 -0.996945 1.793838
v 1.331529 -0.835673 -0.758554
v 1.332387 -0.836536 -0.727704
v 1.471249 -1.043498 -0.750139
v 0.849375 -1.027261 0.697323
v -0.626930 -0.997962 0.697323
v -0.552845 -0.833920 0.698361
v 1.142612 -0.849616 -0.698660
v -0.552850 -0.833929 -0.698361
v 0.849375 -1.027260 -0.697323
v -0.552171 -0.833843 -0.788011
v 1.142242 -0.849560 -0.787709
v 0.849375 -1.027260 -0.789052
v 1.142594 -0.849602 0.787713
v -0.552155 -0.833805 0.788017
v 0.849375 -1.027261 0.789052
v -0.466066 -0.609182 0.713629
v -0.470473 -0.610261 0.772057
v 1.012688 -0.636661 0.772456
v 1.013760 -0.637323 -0.714190
v 1.012089 -0.636710 -0.772433
v -0.466066 -0.609181 -0.713630
v 1.264077 -1.042442 -0.697323
v 1.142281 -0.849674 0.698582
v 1.264077 -1.042442 0.697323
v 1.264077 -1.042442 0.789052
v 1.264077 -1.042442 -0.789052
v 1.190653 -0.627413 -0.743188
v 1.190674 -0.627429 0.743189
v 1.332386 -0.836535 0.758669
v 1.334409 -0.838737 0.728357
v 1.025867 -0.637431 0.714276
v 1.318789 -0.618507 5.763596
v 1.372768 -0.647982 5.933914
v -0.746072 -0.636078 5.767603
v 1.366792 -0.590648 -5.936827
v 1.295631 -0.605571 -5.761769
v 1.604082 -0.619962 -5.931327
v 1.176545 -0.629796 -5.765541
v -0.790829 -0.646634 -5.929668
v 1.380541 -0.647304 -5.934222
v 1.186371 -0.599484 5.765320
v -0.793915 -0.589488 5.933846
v 1.364036 -0.590380 5.936477
v -0.744811 -0.608284 -5.767553
v -0.746438 -0.637052 -5.768055
v -0.744914 -0.607972 5.767821
v -0.694331 -0.643105 -5.990506
v -0.692495 -0.592795 5.990507
v -0.791163 -0.646396 5.930799
v -0.694264 -0.643257 5.990585
v -0.793897 -0.589409 -5.933730
v -0.692725 -0.593296 -5.990235
v 1.373408 -0.604116 6.127577
v -0.620175 -0.605415 6.128102
v -0.620379 -0.605484 -6.127805
v 0.338706 -0.617466 -6.129429
v -0.621246 -0.636420 -6.128107
v 0.457544 -0.618154 -6.129429
v 0.338712 -0.617476 6.129429
v -0.621216 -0.636341 6.128136
v 0.457550 -0.618164 6.129429
v 0.465181 -0.616363 6.129429
v 1.230782 -0.631083 -6.127723
v -1.279236 -0.301134 -2.899481
v -0.968467 0.190419 -8.389672
v -1.552900 -0.364060 -2.899395
v -1.682305 -0.414052 -2.899716
v -1.023208 0.181253 8.386170
v -0.771542 -0.241961 -2.949464
v 0.306589 -0.239719 2.955273
v 0.044836 0.232482 8.393806
v 0.517238 0.189455 8.389755
v 0.774360 -0.289971 2.952472
v 0.309523 -0.239876 -2.955330
v 0.214427 0.221600 -8.389271
v -0.710075 0.186945 -8.539713
v 0.764869 0.127250 -8.385468
v 1.309039 -0.517570 -2.896529
v 0.803779 0.091292 -8.390512
v 1.167621 -0.621258 -2.898854
v 0.241445 -0.054056 8.390181
v 0.414405 0.157272 8.538193
v 0.732873 0.082496 -8.478427
v 0.587976 -0.001507 -8.541548
v -0.389315 -0.137941 -8.669537
v -0.020802 -0.216533 8.754659
v -0.503868 -0.231985 8.761830
v -1.592609 -0.284878 0.626552
v -0.480860 -0.232593 2.875022
v 1.405101 -0.546845 -0.645388
v -3.339890 -0.447535 -0.436128
v -3.561408 -0.304553 -0.438822
v -3.590639 -0.256889 -0.438822
v -3.445800 -0.396666 0.438822
v -3.561408 -0.304554 0.438822
v -3.590639 -0.256889 0.438822
v -3.512945 -0.066224 -0.438822
v -3.561410 -0.112965 -0.438822
v -3.590641 -0.160632 -0.438822
v -3.415409 -0.003050 -0.437854
v -3.322052 0.040008 0.437853
v -2.695410 0.138952 0.489761
v -3.085841 0.118319 0.438185
v -2.945457 0.152884 -0.438460
v -2.791659 0.183731 0.438396
v -2.451367 0.233848 0.438544
v -2.268325 0.252639 -0.438653
v -1.533287 0.284048 0.438495
v -2.078227 0.266913 0.438651
v -0.723903 0.242383 0.439010
v 0.194292 0.035458 -0.439235
v 0.357963 -0.053854 -0.440868
v 0.423673 -0.112966 0.438822
v 0.375207 -0.066225 0.438822
v 0.285824 -0.008600 0.439877
v 0.423673 -0.112965 -0.438822
v 0.452901 -0.160632 -0.438822
v 0.682080 -0.237083 -0.518491
v 0.452901 -0.256886 -0.438822
v 0.462707 -0.208759 -0.438822
v 0.452901 -0.256887 0.438822
v 0.423673 -0.304554 0.438822
v 0.308062 -0.396666 -0.438822
v 0.308062 -0.396666 0.438822
v 0.375207 -0.351295 0.438822
v -0.350536 -0.602348 -0.438924
v -0.054450 -0.536854 0.438955
v -0.693575 -0.652452 0.438909
v -1.464053 -0.699624 0.438906
v -0.733760 -0.570458 -5.990524
v 0.940765 -0.207410 5.972618
v 1.012509 -0.208420 5.941847
v -0.639577 -0.354540 -4.802680
v -0.643624 -0.354133 -4.861751
v 1.090431 -0.788261 -4.878086
v 1.297296 -0.789423 4.832219
v -0.800581 -0.743781 -4.878087
v -0.800721 -0.743764 -4.786357
v 1.364254 -0.927818 3.695397
v -0.733757 -0.882160 -3.741263
v 1.157389 -0.926659 -3.741263
v -0.466066 -0.608182 -1.718416
v -0.469896 -0.607006 -1.777491
v -0.469952 -0.607223 1.777279
v -0.466066 -0.608183 1.718415
v 1.264077 -1.041442 -1.793839
v 1.470942 -1.042596 1.747972
v -0.627072 -0.997944 -0.789052
v -0.626931 -0.997961 -0.697323
v -0.627069 -0.996943 -1.793839
v 1.470942 -1.043598 0.743186
v -0.627071 -0.997945 0.789052
v -0.470339 -0.609739 -0.771717
v 1.599298 -0.619364 5.932615
v 1.359197 -0.603173 -6.127993
v 1.247450 -0.631224 6.127425
v 0.465175 -0.616353 -6.129429
vt 0.121797 0.560057
vt 0.101777 0.548175
vt 0.121853 0.550409
vt 0.108823 0.554361
vt 0.108825 0.554363
vt 0.101768 0.548153
vt 0.121799 0.560039
vt 0.111352 0.543581
vt 0.121796 0.560043
vt 0.121940 0.550415
vt 0.099952 0.536929
vt 0.119613 0.522754
vt 0.124129 0.529446
vt 0.111712 0.536403
vt 0.109837 0.541903
vt 0.119619 0.522750
vt 0.100400 0.536364
vt 0.099359 0.542239
vt 0.119601 0.522725
vt 0.103048 0.532962
vt 0.109596 0.527840
vt 0.124130 0.529415
vt 0.112773 0.536095
vt 0.099352 0.542189
vt 0.105448 0.530871
vt 0.119612 0.522741
vt 0.203004 0.550403
vt 0.458377 0.551509
vt 0.202429 0.533678
vt 0.964244 0.958646
vt 0.707514 0.979207
vt 0.964870 0.955509
vt 0.023203 0.720206
vt 0.280543 0.723390
vt 0.283953 0.727294
vt 0.279993 0.695285
vt 0.965273 0.919619
vt 0.711948 0.892523
vt 0.965558 0.895506
vt 0.966709 0.850406
vt 0.712855 0.828989
vt 0.710808 0.812503
vt 0.022445 0.634224
vt 0.281385 0.599384
vt 0.022331 0.637725
vt 0.199997 0.432939
vt 0.454842 0.392089
vt 0.200389 0.430384
vt 0.556560 0.840341
vt 0.306971 0.803191
vt 0.556290 0.844512
vt 0.200566 0.443404
vt 0.455088 0.403907
vt 0.306521 0.822737
vt 0.556377 0.858426
vt 0.455444 0.420053
vt 0.305858 0.851305
vt 0.556289 0.877381
vt 0.305046 0.885871
vt 0.555266 0.907509
vt 0.201575 0.510267
vt 0.456943 0.487130
vt 0.200818 0.485628
vt 0.457723 0.522378
vt 0.195830 0.547839
vt 0.193664 0.535294
vt 0.553766 0.959306
vt 0.562101 0.959627
vt 0.563139 0.958425
vt 0.553841 0.954677
vt 0.193788 0.551658
vt 0.973812 0.957191
vt 0.971547 0.948386
vt 0.019505 0.758467
vt 0.015106 0.756176
vt 0.022497 0.753499
vt 0.023845 0.758312
vt 0.017044 0.723236
vt 0.017065 0.742716
vt 0.015028 0.692669
vt 0.018549 0.683415
vt 0.970022 0.889878
vt 0.973171 0.861949
vt 0.973554 0.892985
vt 0.973293 0.848406
vt 0.016026 0.645987
vt 0.013597 0.646292
vt 0.017976 0.638845
vt 0.196055 0.434993
vt 0.189454 0.454504
vt 0.190156 0.463616
vt 0.566884 0.871248
vt 0.191550 0.477789
vt 0.565069 0.887587
vt 0.193176 0.506919
vt 0.555274 0.930544
vt 0.563288 0.926874
vt 0.563258 0.906749
vt 0.554908 0.946752
vt 0.562815 0.944400
vt 0.562912 0.954795
vt 0.566628 0.951927
vt 0.191336 0.548188
vt 0.009982 0.757542
vt 0.011288 0.736679
vt 0.012095 0.752874
vt 0.012242 0.708076
vt 0.979294 0.901858
vt 0.976516 0.935093
vt 0.976510 0.891792
vt 0.009187 0.703463
vt 0.011305 0.668161
vt 0.011442 0.654772
vt 0.979804 0.869662
vt 0.976926 0.861623
vt 0.976878 0.852648
vt 0.008395 0.666036
vt 0.566359 0.856505
vt 0.563503 0.848443
vt 0.569176 0.868407
vt 0.192241 0.440158
vt 0.187108 0.461043
vt 0.189103 0.527315
vt 0.188893 0.543947
vt 0.570783 0.957821
vt 0.569646 0.959219
vt 0.567341 0.959095
vt 0.185720 0.551052
vt 0.186987 0.551374
vt 0.014691 0.757855
vt 0.009577 0.757756
vt 0.978411 0.957430
vt 0.980393 0.955865
vt 0.980536 0.957786
vt 0.981744 0.957319
vt 0.978621 0.952921
vt 0.007574 0.751207
vt 0.009233 0.748979
vt 0.007492 0.757908
vt 0.980177 0.936908
vt 0.975848 0.953698
vt 0.981933 0.945339
vt 0.006038 0.742333
vt 0.006855 0.717263
vt 0.982704 0.924509
vt 0.982713 0.901891
vt 0.981528 0.894272
vt 0.005373 0.695508
vt 0.006594 0.684013
vt 0.008193 0.678125
vt 0.006367 0.675626
vt 0.979782 0.864312
vt 0.982022 0.877703
vt 0.983286 0.882460
vt 0.982214 0.876069
vt 0.185186 0.472187
vt 0.187166 0.464206
vt 0.571404 0.880336
vt 0.569399 0.873317
vt 0.569076 0.890335
vt 0.572404 0.887390
vt 0.187856 0.479793
vt 0.188971 0.505954
vt 0.184241 0.493282
vt 0.567227 0.932752
vt 0.571246 0.944352
vt 0.571106 0.923845
vt 0.571591 0.928665
vt 0.571621 0.924164
vt 0.185295 0.536506
vt 0.185722 0.534794
vt 0.184914 0.520340
vt 0.982062 0.942218
vt 0.982453 0.925421
vt 0.005815 0.726236
vt 0.005627 0.715448
vt 0.982657 0.917529
vt 0.982960 0.897752
vt 0.005488 0.697253
vt 0.572250 0.901072
vt 0.571875 0.916552
vt 0.184787 0.512654
vt 0.200336 0.970200
vt 0.200809 0.951205
vt 0.199709 0.973846
vt 0.303137 0.967567
vt 0.303516 0.951649
vt 0.562887 0.548571
vt 0.563408 0.563151
vt 0.302960 0.975039
vt 0.458697 0.565525
vt 0.563578 0.571102
vt 0.563710 0.574754
vt 0.564188 0.573987
vt 0.200104 0.979562
vt 0.302855 0.979072
vt 0.458883 0.571741
vt 0.390241 0.787935
vt 0.390785 0.787777
vt 0.390236 0.787418
vt 0.200018 0.982056
vt 0.302753 0.980363
vt 0.283754 0.784000
vt 0.283764 0.783264
vt 0.390240 0.785586
vt 0.602308 0.981831
vt 0.601855 0.978570
vt 0.602431 0.974980
vt 0.283677 0.779118
vt 0.390132 0.775828
vt 0.283571 0.771369
vt 0.283358 0.754848
vt 0.389450 0.749642
vt 0.388187 0.714326
vt 0.604997 0.887140
vt 0.604470 0.850288
vt 0.606479 0.843985
vt 0.386924 0.666477
vt 0.388413 0.637649
vt 0.389564 0.692715
vt 0.709352 0.839211
vt 0.709017 0.869003
vt 0.283022 0.646060
vt 0.388065 0.613893
vt 0.388492 0.609379
vt 0.605649 0.818928
vt 0.605922 0.801936
vt 0.281504 0.611302
vt 0.387801 0.598871
vt 0.606132 0.790510
vt 0.711196 0.797648
vt 0.711152 0.801746
vt 0.281400 0.603551
vt 0.387799 0.591587
vt 0.606211 0.787596
vt 0.559404 0.381238
vt 0.454887 0.390766
vt 0.559477 0.383736
vt 0.559703 0.392411
vt 0.454922 0.396202
vt 0.560212 0.418124
vt 0.202682 0.859388
vt 0.203394 0.835970
vt 0.456136 0.451185
vt 0.560746 0.444049
vt 0.561479 0.472846
vt 0.202285 0.891868
vt 0.562156 0.512516
vt 0.201484 0.924978
vt 0.304230 0.921121
vt 0.360632 0.754389
vt 0.362636 0.731769
vt 0.362458 0.725958
vt 0.365594 0.692292
vt 0.366749 0.705119
vt 0.365615 0.689998
vt 0.367664 0.714762
vt 0.367680 0.712574
vt 0.360666 0.760639
vt 0.359402 0.767870
vt 0.359402 0.769236
vt 0.361075 0.760563
vt 0.362579 0.735236
vt 0.359402 0.771213
vt 0.366638 0.707861
vt 0.367680 0.716030
vt 0.365614 0.692348
vt 0.367680 0.715516
vt 0.367680 0.715901
vt 0.351377 0.773508
vt 0.352217 0.769374
vt 0.350570 0.782501
vt 0.367157 0.710349
vt 0.367680 0.713990
vt 0.367680 0.714876
vt 0.366641 0.700372
vt 0.352355 0.755253
vt 0.353702 0.739061
vt 0.353733 0.745241
vt 0.366142 0.689649
vt 0.350570 0.774393
vt 0.351377 0.763759
vt 0.352172 0.736511
vt 0.352943 0.725510
vt 0.353702 0.722160
vt 0.350570 0.762497
vt 0.351377 0.750131
vt 0.367157 0.695221
vt 0.365648 0.672330
vt 0.366661 0.676852
vt 0.351377 0.734794
vt 0.350570 0.744254
vt 0.367157 0.685211
vt 0.352200 0.708863
vt 0.352902 0.702979
vt 0.350570 0.728406
vt 0.351377 0.719720
vt 0.367157 0.672762
vt 0.366638 0.667680
vt 0.353702 0.690242
vt 0.351377 0.705780
vt 0.350570 0.711653
vt 0.366805 0.663573
vt 0.365623 0.653923
vt 0.367680 0.668311
vt 0.352255 0.699418
vt 0.351747 0.696381
vt 0.353706 0.681604
vt 0.353702 0.684701
vt 0.353703 0.680372
vt 0.365646 0.650261
vt 0.366627 0.658369
vt 0.366760 0.660472
vt 0.365819 0.653126
vt 0.365640 0.649813
vt 0.367157 0.660876
vt 0.367680 0.662416
vt 0.367680 0.662545
vt 0.360623 0.684949
vt 0.362542 0.669571
vt 0.362538 0.668752
vt 0.362657 0.673164
vt 0.365696 0.652811
vt 0.366913 0.660903
vt 0.359402 0.689182
vt 0.359402 0.690168
vt 0.360645 0.690731
vt 0.366902 0.666001
vt 0.367680 0.666113
vt 0.365680 0.658344
vt 0.359402 0.694085
vt 0.359402 0.698910
vt 0.362697 0.678336
vt 0.360641 0.699727
vt 0.362542 0.686094
vt 0.366876 0.673622
vt 0.367680 0.673153
vt 0.360904 0.711117
vt 0.365593 0.663717
vt 0.362534 0.694811
vt 0.366742 0.682600
vt 0.365698 0.671680
vt 0.359402 0.711901
vt 0.359402 0.719548
vt 0.367680 0.682637
vt 0.359402 0.727571
vt 0.360902 0.728811
vt 0.362182 0.709217
vt 0.366442 0.688073
vt 0.359402 0.735632
vt 0.367157 0.695605
vt 0.367680 0.693066
vt 0.362534 0.715746
vt 0.361215 0.736911
vt 0.359402 0.746095
vt 0.360209 0.746672
vt 0.366743 0.698961
vt 0.367680 0.699798
vt 0.365717 0.685402
vt 0.359402 0.760567
vt 0.367680 0.709208
vt 0.709813 0.900222
vt 0.710737 0.855623
vt 0.281402 0.658279
vt 0.282477 0.702848
vt 0.707759 0.922057
vt 0.707922 0.902514
vt 0.710126 0.838508
vt 0.283065 0.671674
vt 0.282118 0.640934
vt 0.282465 0.625579
vt 0.040059 0.827830
vt 0.039994 0.827774
vt 0.024319 0.812636
vt 0.155124 0.815118
vt 0.155122 0.815130
vt 0.151001 0.827154
vt 0.150993 0.827158
vt 0.151020 0.827074
vt 0.155124 0.815118
vt 0.071167 0.814824
vt 0.150721 0.827943
vt 0.045177 0.827690
vt 0.071167 0.814824
vt 0.045218 0.827795
vt 0.071167 0.814824
vt 0.030684 0.812647
vt 0.045155 0.827664
vt 0.030684 0.812647
vt 0.045177 0.827690
vt 0.071167 0.814824
vt 0.030684 0.812647
vt 0.030684 0.812647
vt 0.040045 0.827818
vt 0.024318 0.812635
vt 0.056447 0.843638
vt 0.060330 0.843543
vt 0.060318 0.843542
vt 0.146941 0.843646
vt 0.146941 0.843646
vt 0.146947 0.843606
vt 0.146934 0.843700
vt 0.060190 0.843357
vt 0.039955 0.827734
vt 0.046690 0.844041
vt 0.057663 0.843050
vt 0.037811 0.827529
vt 0.037730 0.827343
vt 0.049558 0.826929
vt 0.057334 0.842667
vt 0.057519 0.843175
vt 0.037862 0.827597
vt 0.046690 0.844041
vt 0.057617 0.843113
vt 0.037824 0.827543
vt 0.153746 0.828794
vt 0.154106 0.827801
vt 0.149442 0.845671
vt 0.149438 0.845697
vt 0.154108 0.827804
vt 0.049554 0.826949
vt 0.154119 0.827773
vt 0.049594 0.827039
vt 0.049555 0.826950
vt 0.067623 0.812517
vt 0.042028 0.811320
vt 0.067623 0.812517
vt 0.042028 0.811320
vt 0.067623 0.812517
vt 0.042028 0.811320
vt 0.067623 0.812517
vt 0.158752 0.814870
vt 0.158749 0.814883
vt 0.029147 0.811333
vt 0.037403 0.826867
vt 0.028750 0.810713
vt 0.037521 0.827110
vt 0.159356 0.814278
vt 0.159353 0.814291
vt 0.154678 0.827313
vt 0.154312 0.828305
vt 0.154676 0.827309
vt 0.159356 0.814278
vt 0.067524 0.811906
vt 0.154311 0.828298
vt 0.049316 0.826450
vt 0.067524 0.811906
vt 0.049354 0.826540
vt 0.067524 0.811906
vt 0.049316 0.826450
vt 0.067524 0.811906
vt 0.149970 0.845342
vt 0.149999 0.845152
vt 0.057423 0.842847
vt 0.041730 0.810700
vt 0.049319 0.826431
vt 0.041730 0.810700
vt 0.041730 0.810700
vt 0.057341 0.842801
vt 0.046418 0.843652
vt 0.057487 0.842674
vt 0.046429 0.843673
vt 0.057101 0.842414
vt 0.149970 0.845342
vt 0.149971 0.845333
vt 0.037489 0.827048
vt 0.037403 0.826846
vt 0.046016 0.844259
vt 0.057238 0.843278
vt 0.036928 0.827331
vt 0.036803 0.827105
vt 0.048962 0.826675
vt 0.056899 0.842974
vt 0.057252 0.843323
vt 0.036937 0.827370
vt 0.046016 0.844259
vt 0.057288 0.843229
vt 0.036911 0.827299
vt 0.156367 0.827624
vt 0.048959 0.826696
vt 0.156388 0.827572
vt 0.048999 0.826789
vt 0.048960 0.826697
vt 0.067525 0.811868
vt 0.041225 0.810637
vt 0.027990 0.810650
vt 0.067525 0.811868
vt 0.041225 0.810637
vt 0.067525 0.811868
vt 0.041225 0.810637
vt 0.067525 0.811868
vt 0.156387 0.827571
vt 0.161160 0.814285
vt 0.156367 0.827624
vt 0.161160 0.814285
vt 0.161157 0.814299
vt 0.030429 0.728964
vt 0.030372 0.728876
vt 0.020364 0.710178
vt 0.064745 0.711545
vt 0.169844 0.714274
vt 0.164512 0.729147
vt 0.043903 0.728190
vt 0.164513 0.729146
vt 0.064745 0.711545
vt 0.164499 0.729174
vt 0.043949 0.728295
vt 0.064745 0.711545
vt 0.043904 0.728192
vt 0.164498 0.729173
vt 0.064745 0.711545
vt 0.159120 0.749767
vt 0.159146 0.749598
vt 0.052986 0.747053
vt 0.053091 0.746906
vt 0.053175 0.746939
vt 0.159120 0.749767
vt 0.035222 0.710164
vt 0.043907 0.728168
vt 0.035222 0.710164
vt 0.035222 0.710164
vt 0.035222 0.710164
vt 0.040600 0.747906
vt 0.040600 0.747906
vt 0.030379 0.728868
vt 0.030258 0.728651
vt 0.052877 0.746320
vt 0.190196 0.458546
vt 0.180214 0.454040
vt 0.190045 0.608285
vt 0.854924 0.454434
vt 0.844837 0.460226
vt 0.854700 0.437825
vt 0.844904 0.468871
vt 0.853992 0.611952
vt 0.854619 0.453635
vt 0.190147 0.468167
vt 0.180842 0.612019
vt 0.180052 0.454612
vt 0.844989 0.608162
vt 0.845022 0.608309
vt 0.190061 0.608176
vt 0.857593 0.604542
vt 0.177473 0.604410
vt 0.181047 0.611988
vt 0.177473 0.604538
vt 0.854226 0.612016
vt 0.857593 0.604426
vt 0.169890 0.454572
vt 0.169925 0.599143
vt 0.865140 0.599162
vt 0.865477 0.529597
vt 0.865141 0.599227
vt 0.865477 0.520976
vt 0.169589 0.529597
vt 0.169924 0.599223
vt 0.169589 0.520976
vt 0.169589 0.520425
vt 0.865203 0.464895
vt 0.553677 0.960426
vt 0.024042 0.758321
vt 0.283801 0.782851
vt 0.707419 0.980552
vt 0.708117 0.951138
vt 0.964831 0.940255
vt 0.707787 0.967441
vt 0.707629 0.975096
vt 0.023774 0.744042
vt 0.710814 0.920372
vt 0.279507 0.658907
vt 0.022886 0.680905
vt 0.022161 0.652748
vt 0.279498 0.631295
vt 0.712631 0.856360
vt 0.965982 0.871422
vt 0.971977 0.925859
vt 0.966676 0.838205
vt 0.711194 0.796288
vt 0.966732 0.835411
vt 0.281434 0.598018
vt 0.306993 0.800720
vt 0.556456 0.839361
vt 0.306835 0.808992
vt 0.201018 0.464647
vt 0.972795 0.958045
vt 0.016230 0.658581
vt 0.971038 0.840016
vt 0.974647 0.844976
vt 0.560749 0.843882
vt 0.563220 0.852819
vt 0.567743 0.910526
vt 0.188989 0.551329
vt 0.006486 0.754080
vt 0.005310 0.682549
vt 0.184082 0.478538
vt 0.602262 0.983171
vt 0.005832 0.726172
vt 0.982401 0.926303
vt 0.982653 0.913936
vt 0.005655 0.713768
vt 0.184623 0.508810
vt 0.602868 0.952031
vt 0.390462 0.762586
vt 0.603973 0.919461
vt 0.283873 0.706154
vt 0.387753 0.589576
vt 0.204461 0.790804
vt 0.204394 0.793251
vt 0.204003 0.790000
vt 0.204262 0.799237
vt 0.209481 0.791311
vt 0.204058 0.814075
vt 0.359402 0.765723
vt 0.359402 0.770221
vt 0.359402 0.770816
vt 0.367680 0.713990
vt 0.367680 0.715516
vt 0.367680 0.715901
vt 0.350570 0.780524
vt 0.350570 0.781509
vt 0.353702 0.747248
vt 0.350570 0.782103
vt 0.350570 0.778521
vt 0.367680 0.712349
vt 0.365648 0.687593
vt 0.367157 0.704067
vt 0.367680 0.709236
vt 0.350570 0.768977
vt 0.367680 0.705356
vt 0.367680 0.700867
vt 0.350570 0.755211
vt 0.367680 0.688754
vt 0.367680 0.695944
vt 0.365648 0.659943
vt 0.367680 0.678086
vt 0.350570 0.705144
vt 0.350570 0.701813
vt 0.367680 0.662931
vt 0.367680 0.663571
vt 0.367680 0.664755
vt 0.350570 0.700470
vt 0.350570 0.699875
vt 0.351755 0.695476
vt 0.359402 0.688588
vt 0.360590 0.684264
vt 0.359402 0.688189
vt 0.350570 0.699477
vt 0.367680 0.662545
vt 0.367680 0.662931
vt 0.359402 0.691533
vt 0.367680 0.664457
vt 0.367680 0.663571
vt 0.359402 0.704931
vt 0.367680 0.669246
vt 0.367680 0.677676
vt 0.367680 0.687840
vt 0.365648 0.678503
vt 0.155122 0.815130
vt 0.060330 0.843543
vt 0.056447 0.843638
vt 0.149439 0.845693
vt 0.149443 0.845663
vt 0.042028 0.811320
vt 0.029147 0.811333
vt 0.158740 0.814883
vt 0.158749 0.814883
vt 0.028750 0.810713
vt 0.159353 0.814291
vt 0.041730 0.810700
vt 0.151597 0.845917
vt 0.151591 0.845951
vt 0.151594 0.845933
vt 0.151597 0.845917
vt 0.041225 0.810637
vt 0.027991 0.810651
vt 0.169854 0.714274
vt 0.169844 0.714274
vt 0.161157 0.814299
vt 0.020365 0.710179
vt 0.169854 0.714274
vt 0.159139 0.749646
vt 0.180379 0.438040
vt 0.865186 0.455603
vt 0.169884 0.463694
vt 0.865477 0.520425
vn -0.7038 0.7103 0.0099
vn 0.6809 0.7214 -0.1262
vn -0.9029 -0.4296 -0.0121
vn 0.3480 0.9374 0.0121
vn 0.4769 0.8782 0.0355
vn 0.7274 0.6806 -0.0873
vn -0.4683 0.6232 -0.6263
vn -0.6618 -0.7497 0.0082
vn -0.5060 0.6894 0.5184
vn -0.7387 -0.6741 -0.0035
vn 0.8554 -0.4981 -0.1420
vn 0.2265 -0.5541 -0.8010
vn -0.3939 0.9191 0.0028
vn -0.6005 0.7996 0.0084
vn -0.7510 -0.6137 0.2437
vn 0.2004 -0.5350 0.8207
vn 0.9315 -0.3415 0.1254
vn 0.9931 0.0945 0.0690
vn 0.2295 -0.6196 -0.7506
vn 0.5285 -0.7444 -0.4081
vn 0.4396 -0.8965 0.0556
vn -0.5063 0.8623 0.0010
vn -0.0173 0.0248 -0.9995
vn 0.9696 0.1682 0.1778
vn 0.4936 -0.8590 0.1361
vn 0.2453 -0.5909 0.7685
vn -0.5196 -0.8532 0.0463
vn -0.2040 -0.9760 0.0756
vn -0.1548 -0.9879 -0.0004
vn -0.9520 0.2901 -0.0975
vn -0.8162 0.5773 -0.0218
vn -0.4674 0.8797 -0.0873
vn -0.0573 0.9965 0.0603
vn -0.0600 0.9967 -0.0556
vn -0.0882 0.9951 -0.0456
vn 0.0017 0.9963 0.0861
vn -0.0617 0.9958 -0.0674
vn 0.0015 0.9961 -0.0884
vn -0.0045 0.9982 -0.0591
vn 0.1962 0.9705 -0.1398
vn 0.1771 0.9839 0.0257
vn 0.2687 0.9625 0.0362
vn 0.9397 0.0842 0.3316
vn 0.8176 0.5753 0.0227
vn 0.4869 0.8412 0.2350
vn 0.5512 -0.7950 0.2534
vn 0.8041 -0.5879 0.0888
vn 0.7706 -0.5475 -0.3261
vn 0.6279 -0.7733 -0.0881
vn 0.3904 -0.9003 -0.1923
vn 0.2237 -0.9686 0.1086
vn 0.2912 -0.9534 0.0785
vn 0.2028 -0.9764 -0.0744
vn 0.1695 -0.9832 -0.0674
vn 0.1657 -0.9834 0.0736
vn 0.0899 -0.9934 -0.0712
vn 0.0685 -0.9975 -0.0163
vn 0.0071 -0.9975 -0.0703
vn -0.0210 -0.9997 -0.0107
vn -0.0530 -0.9985 -0.0135
vn -0.0091 -0.9975 0.0701
vn 0.0188 -0.9998 0.0055
vn -0.0894 -0.9934 0.0715
vn -0.3317 -0.9150 -0.2296
vn -0.1262 -0.9160 -0.3809
vn -0.7645 -0.6430 -0.0461
vn -0.9958 -0.0394 -0.0830
vn -0.3583 -0.7922 0.4940
vn -0.3304 -0.9437 -0.0195
vn -0.1043 -0.8852 -0.4534
vn -0.6944 0.5875 -0.4156
vn -0.2216 0.9061 -0.3604
vn -0.9604 0.2418 0.1387
vn -0.5167 0.7524 0.4086
vn -0.3423 0.9327 0.1140
vn -0.7444 0.6636 0.0741
vn -0.0591 0.9210 0.3850
vn -0.1477 0.9168 0.3710
vn 0.0193 0.8748 0.4842
vn 0.0407 0.9504 0.3084
vn 0.0307 0.9644 -0.2626
vn 0.1137 0.8703 -0.4792
vn 0.0107 0.8827 -0.4699
vn 0.2992 0.7217 -0.6242
vn 0.3486 0.6945 0.6295
vn 0.5648 -0.2370 0.7905
vn 0.7167 -0.1574 0.6794
vn 0.3499 -0.8703 0.3466
vn 0.1491 -0.9723 -0.1799
vn 0.2388 -0.9666 0.0934
vn 0.0657 -0.9584 -0.2776
vn 0.0706 -0.9580 0.2780
vn -0.0189 -0.9539 -0.2996
vn -0.0888 -0.9959 0.0181
vn -0.0475 -0.9418 0.3327
vn 0.0003 -0.9632 0.2687
vn -0.1972 -0.9802 0.0192
vn -0.1345 -0.9202 0.3676
vn -0.3813 -0.8301 0.4069
vn -0.1761 -0.6459 0.7428
vn -0.2609 -0.7616 -0.5932
vn -0.7738 0.3252 0.5435
vn -0.0724 0.6990 0.7115
vn -0.2546 0.7222 0.6431
vn -0.0124 0.7635 0.6457
vn 0.0058 0.5223 -0.8528
vn -0.0774 0.7253 -0.6841
vn 0.0416 0.7126 -0.7003
vn 0.0178 0.5139 0.8576
vn 0.1065 0.6422 0.7591
vn 0.2756 0.3281 0.9035
vn 0.1420 0.3689 -0.9186
vn 0.1551 0.6069 -0.7795
vn 0.3808 0.0580 -0.9228
vn 0.3556 -0.2325 0.9052
vn 0.6054 -0.1887 -0.7732
vn 0.3907 -0.4837 -0.7832
vn -0.0487 -0.7220 -0.6901
vn -0.1363 -0.6315 -0.7633
vn -0.4154 -0.8574 -0.3038
vn -0.8552 -0.5053 -0.1149
vn -0.9910 -0.0741 -0.1116
vn -0.4524 -0.8315 0.3225
vn -0.8733 -0.4503 0.1861
vn -0.7647 -0.3660 -0.5304
vn -0.3216 0.2738 -0.9064
vn -0.2249 0.5154 -0.8269
vn -0.1120 0.3067 0.9452
vn -0.1145 0.5162 0.8488
vn -0.0407 0.4041 -0.9138
vn -0.2830 0.7096 -0.6453
vn -0.0437 0.0834 -0.9956
vn -0.0607 -0.4112 0.9095
vn -0.0113 0.2807 0.9597
vn -0.0028 -0.2994 -0.9541
vn 0.0128 0.1032 -0.9946
vn 0.0316 0.3037 -0.9522
vn 0.0539 -0.3555 0.9331
vn 0.0544 0.2327 0.9710
vn 0.0830 0.4053 0.9104
vn 0.3788 -0.8279 0.4137
vn 0.1334 0.1337 -0.9820
vn 0.2171 -0.9076 -0.3594
vn 0.4098 -0.8567 -0.3132
vn 0.3903 -0.9200 -0.0341
vn 0.3221 -0.8847 0.3369
vn 0.0702 -0.7733 0.6302
vn 0.0785 -0.7855 -0.6139
vn 0.0057 -0.7908 -0.6121
vn 0.0340 -0.9986 -0.0406
vn -0.0511 -0.7444 0.6658
vn -0.0682 -0.9120 -0.4044
vn -0.0076 -0.9947 0.1026
vn 0.0005 -0.6937 -0.7202
vn 0.0007 -0.7522 -0.6589
vn -0.0464 -0.9904 -0.1302
vn -0.0016 -0.8259 0.5639
vn -0.0002 -0.6856 -0.7280
vn -0.0006 -0.6603 0.7510
vn -0.0018 -0.4956 0.8685
vn -0.0005 -0.6861 -0.7275
vn 0.0616 -0.8123 -0.5800
vn -0.0001 -0.7215 -0.6924
vn -0.0014 -0.8338 0.5520
vn -0.2540 -0.8853 -0.3895
vn -0.1408 -0.9258 -0.3508
vn -0.1526 -0.4113 -0.8986
vn -0.2918 -0.9532 -0.0785
vn -0.1659 -0.9834 -0.0735
vn -0.1286 -0.9488 0.2884
vn -0.2238 -0.8521 0.4731
vn -0.4820 -0.8720 -0.0855
vn -0.3665 -0.9268 0.0814
vn -0.3652 -0.7881 0.4956
vn -0.5515 -0.4046 0.7295
vn -0.1180 -0.1536 0.9811
vn -0.5013 -0.6115 -0.6122
vn -0.8032 -0.5890 -0.0891
vn -0.6155 -0.7831 0.0891
vn -0.6713 0.2322 0.7039
vn -0.6082 -0.1945 -0.7696
vn -0.9974 -0.0238 -0.0687
vn -0.9684 -0.2361 0.0809
vn -0.8348 0.5499 0.0265
vn -0.4243 0.5585 0.7128
vn -0.5661 0.3695 -0.7369
vn -0.0638 0.1174 -0.9910
vn -0.2870 0.7030 -0.6507
vn -0.4873 0.8731 -0.0153
vn -0.2625 0.7373 0.6225
vn -0.2939 0.9553 -0.0329
vn -0.1698 0.9846 -0.0416
vn -0.1028 0.8040 0.5857
vn -0.0426 0.8133 0.5803
vn -0.0197 0.9932 -0.1151
vn 0.0519 0.3342 -0.9411
vn 0.0561 0.8200 -0.5696
vn 0.0438 0.8823 0.4686
vn 0.1023 0.8149 0.5705
vn 0.0006 0.2447 0.9696
vn 0.1170 0.9307 0.3467
vn 0.0321 0.9700 0.2411
vn 0.0891 0.9412 -0.3258
vn 0.1904 0.8569 0.4789
vn 0.2451 0.7248 0.6439
vn 0.1583 0.8380 -0.5222
vn 0.2922 0.8911 -0.3473
vn 0.2972 0.9542 -0.0335
vn 0.4268 0.8683 -0.2527
vn 0.5223 0.7126 0.4685
vn 0.8389 0.5437 -0.0274
vn 0.4815 0.8763 0.0177
vn 0.4874 0.8730 -0.0154
vn 0.6719 0.5168 -0.5306
vn 0.7774 0.2354 0.5833
vn 0.8105 -0.1674 -0.5613
vn 0.9976 -0.0124 0.0680
vn 0.4963 -0.6646 -0.5586
vn 0.2724 -0.7642 -0.5846
vn 0.4818 -0.8721 0.0854
vn 0.1350 -0.8448 -0.5178
vn 0.0503 -0.9462 0.3196
vn 0.1050 -0.8695 0.4827
vn 0.0674 -0.9952 0.0708
vn 0.0703 -0.9093 -0.4102
vn 0.0220 -0.9571 -0.2891
vn -0.0002 -0.9781 0.2082
vn -0.0467 -0.9981 0.0396
vn -0.0658 -0.9965 -0.0510
vn -0.0699 -0.9950 -0.0710
vn -0.1943 -0.6657 -0.7205
vn -0.1987 -0.6260 0.7541
vn -0.2154 -0.2026 0.9553
vn -0.2553 -0.5941 0.7628
vn -0.1882 -0.2610 -0.9468
vn -0.2419 -0.3799 -0.8928
vn -0.2318 -0.2571 -0.9382
vn -0.1068 0.1006 -0.9892
vn -0.2031 0.0159 -0.9790
vn -0.1336 -0.0326 0.9905
vn -0.2238 0.0195 0.9744
vn -0.1820 0.1691 0.9686
vn -0.4199 0.2575 0.8703
vn -0.1439 0.2790 -0.9494
vn -0.1359 0.2734 0.9523
vn -0.1777 0.2809 0.9432
vn -0.1690 0.1797 0.9691
vn -0.0629 0.2716 0.9604
vn -0.0503 0.2668 -0.9624
vn -0.1268 0.7501 -0.6491
vn -0.0262 0.3555 0.9343
vn -0.1515 0.4110 -0.8990
vn -0.1006 0.4581 -0.8832
vn -0.0114 0.4050 -0.9143
vn 0.0065 0.2555 -0.9668
vn -0.0513 0.7732 -0.6320
vn -0.0991 0.6431 -0.7593
vn -0.0518 0.6641 -0.7459
vn -0.0531 0.6737 0.7371
vn 0.0312 0.4966 0.8674
vn 0.0259 0.8417 -0.5393
vn -0.0276 0.8394 -0.5428
vn 0.0306 0.7839 0.6201
vn 0.1270 0.7073 -0.6954
vn 0.0629 0.9420 -0.3297
vn 0.1119 0.9303 -0.3493
vn 0.1570 0.9660 0.2056
vn 0.1516 0.6951 0.7028
vn 0.3066 0.9479 0.0859
vn 0.1988 0.9790 -0.0457
vn 0.3625 0.9210 0.1423
vn 0.2613 0.9630 -0.0660
vn 0.3486 0.8939 -0.2817
vn 0.4553 0.6986 0.5520
vn 0.2314 0.1291 -0.9643
vn 0.4719 0.8157 -0.3347
vn 0.3467 0.1053 -0.9320
vn 0.3455 -0.0009 -0.9384
vn 0.3726 0.1846 -0.9095
vn 0.1896 -0.1704 0.9670
vn 0.5174 -0.6167 0.5933
vn 0.3014 -0.7532 0.5847
vn 0.1844 -0.2134 -0.9594
vn 0.2635 -0.2238 0.9383
vn 0.2365 -0.3190 0.9178
vn 0.1387 -0.3714 0.9181
vn 0.1220 -0.4448 -0.8873
vn 0.1814 -0.4556 -0.8715
vn 0.1759 -0.4399 0.8807
vn 0.1318 -0.5307 0.8372
vn 0.1797 -0.8194 0.5444
vn 0.0946 -0.5456 0.8327
vn 0.0700 -0.6581 -0.7496
vn 0.1032 -0.5857 -0.8039
vn 0.0427 -0.7864 0.6163
vn 0.0092 -0.8971 -0.4418
vn 0.0670 -0.6338 0.7706
vn 0.0295 -0.7062 0.7074
vn 0.0364 -0.7034 -0.7099
vn 0.0033 -0.7832 0.6217
vn -0.0369 -0.9816 0.1875
vn -0.0772 -0.9970 0.0002
vn -0.0500 -0.8519 0.5213
vn -0.0878 -0.9669 -0.2394
vn -0.0342 -0.8594 -0.5102
vn -0.1335 -0.9455 -0.2971
vn -0.1151 -0.9436 0.3106
vn -0.1694 -0.9800 -0.1047
vn -0.1677 -0.8974 0.4080
vn -0.1584 -0.9736 -0.1645
vn -0.2669 -0.7706 -0.5788
vn -0.2628 -0.7666 0.5858
vn -0.0265 0.9747 0.2221
vn 0.0712 0.9854 0.1548
vn 0.0720 0.9852 -0.1556
vn -0.0256 0.9734 -0.2277
vn -0.0836 0.9954 0.0468
vn -0.0310 0.9268 0.3743
vn 0.1197 0.9754 0.1853
vn 0.0307 0.9695 -0.2431
vn 0.1252 0.9705 -0.2062
vn 0.1944 0.9800 -0.0434
vn 0.5437 0.6536 -0.5265
vn 0.5585 0.6799 0.4752
vn 0.6550 0.7554 0.0202
vn -0.7289 0.3449 -0.5914
vn -0.7259 0.3363 0.6000
vn -0.6396 0.2955 0.7096
vn -0.6267 0.2882 0.7240
vn -0.6369 0.2919 -0.7135
vn -0.7309 0.3410 0.5912
vn -0.0001 0.0086 -1.0000
vn -0.6228 0.2788 -0.7311
vn 0.1646 0.2254 0.9603
vn 0.0002 0.0080 1.0000
vn 0.1692 0.2331 -0.9576
vn 0.0003 0.0079 -1.0000
vn 0.3014 0.3373 0.8918
vn 0.1645 0.2258 -0.9602
vn 0.3013 0.3372 -0.8919
vn 0.1704 0.2349 0.9570
vn 0.0002 0.0082 1.0000
vn 0.3236 0.3916 0.8613
vn 0.3229 0.3926 -0.8612
vn 0.5445 0.6547 0.5243
vn 0.6556 0.7549 -0.0205
vn 0.4630 0.8842 -0.0617
vn 0.0679 0.7255 -0.6849
vn 0.0767 0.7251 0.6844
vn -0.4640 0.6852 -0.5614
vn -0.4461 0.6751 0.5876
vn -0.4409 0.6873 0.5773
vn -0.4939 0.6738 -0.5495
vn 0.0784 0.7283 -0.6808
vn 0.5586 0.6798 -0.4752
vn 0.5349 0.8449 0.0003
vn 0.0241 0.7161 0.6976
vn 0.6388 0.4276 0.6396
vn 0.6404 0.4276 -0.6380
vn 0.0775 0.0779 -0.9939
vn 0.0240 0.7185 -0.6951
vn 0.0243 0.7218 -0.6917
vn 0.6308 0.4230 -0.6505
vn 0.5386 0.8425 0.0043
vn 0.0275 0.7167 0.6968
vn 0.6307 0.4227 0.6508
vn -0.6228 0.2758 -0.7321
vn -0.6416 0.2942 0.7084
vn -0.4407 0.6725 0.5946
vn -0.4981 0.6731 -0.5466
vn -0.6313 0.2832 0.7219
vn 0.0772 0.0798 0.9938
vn -0.6405 0.2876 -0.7121
vn 0.0769 0.0796 -0.9939
vn 0.0772 0.0794 0.9939
vn 0.0002 0.0071 1.0000
vn 0.1258 0.0601 0.9902
vn 0.1260 0.0599 0.9902
vn -0.0001 0.0074 -1.0000
vn 0.1266 0.0613 -0.9901
vn 0.0002 0.0071 -1.0000
vn -0.7297 0.3441 -0.5909
vn -0.7262 0.3352 0.6002
vn 0.8918 0.4524 -0.0007
vn 0.6403 0.4300 0.6365
vn 0.8917 0.4527 -0.0007
vn 0.6288 0.4255 -0.6508
vn -0.6413 0.2944 0.7085
vn -0.6228 0.2757 0.7321
vn -0.6418 0.2934 -0.7085
vn -0.7297 0.3441 0.5909
vn -0.6229 0.2760 -0.7320
vn 0.0781 0.0808 0.9937
vn -0.0001 0.0078 1.0000
vn 0.0769 0.0797 -0.9938
vn 0.0772 0.0792 0.9939
vn -0.4967 0.6828 -0.5358
vn -0.4435 0.6604 0.6060
vn 0.0288 0.7236 0.6896
vn 0.1263 0.0605 0.9902
vn 0.0775 0.0781 -0.9939
vn 0.0239 0.7229 0.6905
vn 0.5340 0.8453 0.0180
vn 0.0261 0.7147 -0.6989
vn 0.5400 0.8417 0.0033
vn 0.0247 0.7125 -0.7012
vn -0.4987 0.6727 0.5465
vn -0.4403 0.6718 -0.5957
vn 0.6345 0.4251 0.6456
vn 0.6368 0.4253 -0.6432
vn 0.5356 0.8445 -0.0002
vn 0.0241 0.7190 0.6946
vn 0.6271 0.4193 0.6564
vn 0.6404 0.4277 -0.6380
vn 0.0238 0.7171 -0.6965
vn 0.0244 0.7189 -0.6947
vn 0.6394 0.4220 -0.6428
vn 0.5386 0.8425 0.0038
vn 0.0271 0.7195 0.6940
vn 0.6308 0.4227 0.6508
vn -0.6276 0.2850 0.7245
vn 0.0743 0.0804 0.9940
vn -0.6392 0.2894 -0.7125
vn 0.0798 0.0789 -0.9937
vn 0.0771 0.0793 0.9939
vn 0.8889 0.4576 0.0219
vn 0.0002 0.0072 1.0000
vn 0.1279 0.0874 0.9879
vn 0.0002 0.0068 -1.0000
vn -0.6390 0.2902 0.7124
vn -0.7315 0.3405 -0.5908
vn -0.6276 0.2851 -0.7244
vn -0.7315 0.3405 0.5907
vn 0.6270 0.4200 -0.6561
vn 0.6395 0.4214 0.6430
vn 0.8890 0.4573 -0.0232
vn 0.0002 0.0067 -1.0000
vn -0.7301 0.3352 -0.5955
vn -0.6343 0.2848 -0.7187
vn 0.0800 0.0787 0.9937
vn -0.6342 0.2847 0.7188
vn -0.6371 0.2874 -0.7152
vn 0.0740 0.0799 -0.9941
vn 0.0772 0.0791 0.9939
vn -0.6372 0.2872 0.7152
vn -0.4341 0.6959 -0.5721
vn -0.4678 0.6731 0.5729
vn 0.0282 0.7241 0.6891
vn 0.0245 0.7155 0.6982
vn 0.0255 0.7227 -0.6907
vn -0.4348 0.6936 0.5743
vn 0.1372 0.0560 0.9890
vn 0.1269 0.0871 -0.9881
vn 0.5368 0.8437 0.0002
vn 0.5399 0.8417 0.0033
vn 0.6309 0.4226 0.6507
vn 0.0241 0.7122 -0.7016
vn 0.3541 -0.0353 -0.9345
vn 0.0917 -0.9957 -0.0091
vn -0.4919 -0.5741 -0.6546
vn 0.0691 0.9974 0.0226
vn 0.3314 0.1380 0.9334
vn 0.9975 0.0053 0.0706
vn 0.0197 -0.7254 0.6881
vn -0.7405 -0.6155 -0.2698
vn 0.1107 -0.9934 0.0309
vn 0.0197 0.7167 -0.6971
vn -0.7421 0.6057 0.2871
vn 0.0772 0.9961 -0.0438
vn -0.4780 0.5445 0.6892
vn -0.4951 -0.5822 0.6449
vn -0.4829 0.5504 -0.6811
vn -0.4478 -0.7567 -0.4763
vn -0.4366 0.7641 0.4748
vn -0.7403 -0.6134 0.2753
vn -0.4455 -0.7558 0.4799
vn -0.7409 0.6060 -0.2897
vn -0.4386 0.7600 -0.4797
vn 0.4652 0.1208 0.8769
vn -0.4008 0.5816 0.7079
vn -0.4028 0.5837 -0.7050
vn -0.0003 0.0331 -0.9995
vn -0.4174 -0.5805 -0.6991
vn 0.0006 -0.0950 -0.9955
vn -0.0004 0.0059 1.0000
vn -0.4147 -0.5767 0.7038
vn 0.0008 -0.1038 0.9946
vn 0.0012 0.0633 0.9980
vn 0.0339 -0.6893 -0.7237
vn -0.1695 0.9846 0.0426
vn -0.1553 0.9862 -0.0571
vn -0.2955 0.9548 0.0331
vn -0.4798 0.8772 0.0164
vn -0.1710 0.9840 0.0493
vn -0.0564 0.9968 0.0573
vn 0.0652 0.9886 0.1360
vn 0.0513 0.9954 0.0805
vn 0.1750 0.9769 0.1226
vn 0.1611 0.9865 -0.0296
vn 0.0679 0.9886 -0.1345
vn 0.0805 0.9925 -0.0917
vn -0.0646 0.9192 -0.3885
vn 0.4555 0.8668 -0.2029
vn 0.9715 -0.2240 -0.0779
vn 0.8884 0.2975 -0.3495
vn 0.3633 -0.9282 -0.0805
vn 0.0918 -0.9950 0.0385
vn 0.1461 0.8563 0.4953
vn 0.6874 0.2791 -0.6705
vn 0.3552 -0.8797 -0.3163
vn 0.0106 -0.7894 0.6138
vn 0.2485 -0.8785 0.4081
vn 0.0020 -0.6996 0.7146
vn -0.0400 0.1888 0.9812
vn -0.0345 0.9275 -0.3723
vn 0.8117 -0.3271 0.4838
vn -0.2432 -0.5179 -0.8201
vn -0.2236 -0.1910 -0.9558
vn -0.2221 -0.1800 -0.9582
vn -0.3331 -0.7160 0.6136
vn -0.4061 -0.2513 0.8786
vn -0.1691 0.1838 -0.9683
vn -0.1817 0.1689 -0.9687
vn -0.4203 0.2578 -0.8700
vn -0.1785 0.3116 -0.9333
vn -0.1645 0.3801 0.9102
vn -0.1025 0.4858 0.8680
vn -0.1408 0.4362 0.8887
vn -0.1401 0.5360 -0.8325
vn -0.1263 0.6178 0.7761
vn -0.0950 0.6614 0.7440
vn -0.0851 0.7639 -0.6397
vn -0.0228 0.8668 0.4981
vn -0.0613 0.8362 0.5450
vn 0.0680 0.9676 0.2431
vn 0.3435 0.7629 0.5477
vn 0.3807 0.7003 0.6039
vn 0.4012 0.3185 -0.8588
vn 0.3878 0.5506 -0.7393
vn 0.3466 0.7729 -0.5315
vn 0.3793 0.3836 0.8420
vn 0.3783 0.1887 0.9063
vn 0.2786 0.0945 0.9558
vn 0.3124 -0.1271 0.9414
vn 0.3429 -0.0041 0.9394
vn 0.3499 -0.1294 -0.9278
vn 0.3025 -0.2087 -0.9300
vn 0.2219 -0.3912 0.8932
vn 0.2062 -0.3920 -0.8966
vn 0.2323 -0.3042 -0.9239
vn 0.0937 -0.6064 0.7897
vn 0.1268 -0.5243 -0.8420
vn 0.0611 -0.6389 -0.7668
vn -0.0052 -0.7733 -0.6340
vn -0.7264 0.3356 -0.5997
vn 0.0673 0.7233 0.6873
vn 0.4616 0.8849 0.0624
vn -0.4351 0.6877 0.5812
vn -0.4659 0.6803 -0.5658
vn 0.1256 0.0605 -0.9902
vn 0.8912 0.4537 0.0000
vn -0.7300 0.3354 -0.5955
vn -0.7291 0.3349 0.5969
vn -0.7262 0.3353 -0.6002
vn 0.1256 0.0604 -0.9902
vn -0.4389 0.6860 0.5803
vn -0.4641 0.6808 -0.5667
vn -0.4643 0.6811 0.5662
vn -0.4386 0.6869 -0.5796
vn 0.1367 0.0565 -0.9890
vn -0.7291 0.3348 -0.5970
vn -0.7301 0.3353 0.5955
vn -0.7291 0.3348 0.5969
vn -0.4671 0.6756 -0.5704
vn 0.9980 -0.0026 -0.0627
vn 0.4447 0.1300 -0.8862
vn 0.0363 -0.6924 0.7206
vn 0.0008 0.0537 -0.9986
usemtl FUSELAJE_a10TS.JPG.001
s 1
f 2717/2814/2608 2718/2815/2609 2719/2816/2610
f 2720/2817/2611 2718/2815/2609 2717/2814/2608
f 2721/2818/2612 2722/2819/2613 2723/2820/2614
f 2717/2814/2608 2719/2816/2610 2724/2821/2615
f 2725/2822/2616 2723/2820/2614 2726/2823/2617
f 2727/2824/2618 2728/2825/2619 2729/2826/2620
f 2729/2826/2620 2730/2827/2621 2727/2824/2618
f 2731/2828/2622 2732/2829/2623 2733/2830/2624
f 2733/2830/2624 2734/2831/2625 2725/2822/2616
f 2721/2818/2612 2734/2831/2625 2722/2819/2613
f 2735/2832/2626 2736/2833/2627 2737/2834/2628
f 2736/2833/2627 2735/2832/2626 2738/2835/2629
f 2738/2835/2629 2739/2836/2630 2736/2833/2627
f 2733/2830/2624 2736/2833/2627 2734/2831/2625
f 2740/2837/2631 2741/2838/2632 2727/2824/2618
f 2730/2827/2621 2741/2838/2632 2740/2837/2631
f 2740/2837/2631 2724/2821/2615 2730/2827/2621
f 2720/2817/2611 2740/2837/2631 2718/2815/2609
f 2731/2828/2622 2723/2820/2614 2736/2833/2627
f 2717/2814/2608 2724/2821/2615 2740/2837/2631
f 2739/2836/2630 2738/2835/2629 2731/2828/2622
f 2733/2830/2624 2737/2834/2628 2736/2833/2627
f 2742/2839/2633 2728/2825/2619 2741/2838/2632
f 2743/2840/2634 2744/2841/2635 2745/2842/2636
f 2746/2843/2637 2747/2844/2638 2748/2845/2639
f 2749/2846/2640 2750/2847/2641 2751/2848/2642
f 2749/2846/2640 2752/2849/2643 2750/2847/2641
f 2753/2850/2644 2754/2851/2645 2755/2852/2646
f 2756/2853/2647 2757/2854/2648 2758/2855/2649
f 2759/2856/2650 2760/2857/2651 2761/2858/2652
f 2762/2859/2653 2763/2860/2654 2759/2861/2650
f 2764/2862/2655 2765/2863/2656 2766/2864/2657
f 2767/2865/2658 2768/2866/2659 2762/2859/2653
f 2766/2864/2657 2769/2867/2660 2770/2868/2661
f 2771/2869/2662 2768/2866/2659 2767/2865/2658
f 2770/2868/2661 2772/2870/2663 2773/2871/2664
f 2773/2871/2664 2774/2872/2665 2775/2873/2666
f 2776/2874/2667 2777/2875/2668 2778/2876/2669
f 2745/2842/2636 2779/2877/2670 2776/2874/2667
f 2780/2878/2671 2745/2842/2636 2781/2879/2672
f 2782/2880/2673 2783/2881/2674 2784/2882/2675
f 2784/2882/2675 2785/2883/2676 2782/2880/2673
f 2786/2884/2677 2743/2840/2634 2780/2878/2671
f 2746/2843/2637 2748/2845/2639 2787/2885/2678
f 2748/2845/2639 2788/2886/2679 2787/2885/2678
f 2789/2887/2680 2790/2888/2681 2791/2889/2682
f 2791/2889/2682 2792/2890/2683 2789/2887/2680
f 2793/2891/2684 2749/2846/2640 2794/2892/2685
f 2793/2891/2684 2795/2893/2686 2796/2894/2687
f 2797/2895/2688 2798/2896/2689 2799/2897/2690
f 2756/2853/2647 2800/2898/2691 2798/2896/2689
f 2801/2899/2692 2802/2900/2693 2803/2901/2694
f 2803/2902/2694 2762/2859/2653 2759/2861/2650
f 2767/2865/2658 2762/2859/2653 2804/2903/2695
f 2767/2865/2658 2804/2903/2695 2805/2904/2696
f 2773/2871/2664 2806/2905/2697 2770/2868/2661
f 2805/2904/2696 2807/2906/2698 2767/2865/2658
f 2775/2873/2666 2808/2907/2699 2773/2871/2664
f 2809/2908/2700 2776/2874/2667 2778/2876/2669
f 2810/2909/2701 2811/2910/2702 2812/2911/2703
f 2809/2908/2700 2745/2842/2636 2776/2874/2667
f 2809/2908/2700 2781/2879/2672 2745/2842/2636
f 2813/2912/2704 2814/2913/2705 2810/2909/2701
f 2815/2914/2706 2816/2915/2707 2814/2913/2705
f 2815/2914/2706 2784/2882/2675 2816/2915/2707
f 2786/2884/2677 2780/2878/2671 2817/2916/2708
f 2790/2888/2681 2789/2887/2680 2818/2917/2709
f 2819/2918/2710 2794/2892/2685 2820/2919/2711
f 2821/2920/2712 2793/2891/2684 2819/2918/2710
f 2822/2921/2713 2823/2922/2714 2824/2923/2715
f 2821/2920/2712 2825/2924/2716 2826/2925/2717
f 2826/2925/2717 2795/2893/2686 2821/2920/2712
f 2827/2926/2718 2801/2899/2692 2826/2925/2717
f 2828/2927/2719 2829/2928/2720 2830/2929/2721
f 2827/2926/2718 2831/2930/2722 2802/2900/2693
f 2830/2931/2721 2832/2932/2723 2833/2933/2724
f 2802/2934/2693 2831/2935/2722 2804/2903/2695
f 2834/2936/2725 2781/2879/2672 2809/2908/2700
f 2835/2937/2726 2817/2916/2708 2781/2879/2672
f 2836/2938/2727 2816/2915/2707 2837/2939/2728
f 2837/2939/2728 2816/2915/2707 2838/2940/2729
f 2835/2937/2726 2839/2941/2730 2840/2942/2731
f 2818/2917/2709 2786/2943/2677 2841/2944/2732
f 2838/2945/2729 2842/2946/2733 2837/2947/2728
f 2842/2946/2733 2836/2948/2727 2837/2947/2728
f 2842/2946/2733 2838/2945/2729 2843/2949/2734
f 2818/2917/2709 2844/2950/2735 2845/2951/2736
f 2845/2951/2736 2820/2919/2711 2818/2917/2709
f 2844/2950/2735 2818/2917/2709 2840/2952/2731
f 2843/2949/2734 2846/2953/2737 2842/2946/2733
f 2843/2949/2734 2847/2954/2738 2823/2922/2714
f 2846/2953/2737 2848/2955/2739 2842/2946/2733
f 2825/2924/2716 2819/2918/2710 2845/2951/2736
f 2849/2956/2740 2850/2957/2741 2844/2950/2735
f 2851/2958/2742 2848/2955/2739 2852/2959/2743
f 2852/2959/2743 2846/2953/2737 2853/2960/2744
f 2850/2957/2741 2854/2961/2745 2855/2962/2746
f 2853/2960/2744 2822/2921/2713 2828/2927/2719
f 2831/2930/2722 2827/2926/2718 2856/2963/2747
f 2855/2962/2746 2854/2961/2745 2857/2964/2748
f 2828/2927/2719 2833/2965/2724 2858/2966/2749
f 2833/2965/2724 2828/2927/2719 2830/2929/2721
f 2859/2967/2750 2858/2966/2749 2860/2968/2751
f 2857/2969/2748 2861/2970/2752 2831/2935/2722
f 2860/2971/2751 2862/2972/2753 2863/2973/2754
f 2863/2973/2754 2859/2974/2750 2860/2971/2751
f 2857/2969/2748 2864/2975/2755 2861/2970/2752
f 2806/2905/2697 2808/2907/2699 2863/2973/2754
f 2864/2975/2755 2807/2906/2698 2805/2904/2696
f 2864/2975/2755 2865/2976/2756 2807/2906/2698
f 2866/2977/2757 2865/2976/2756 2864/2975/2755
f 2867/2978/2758 2816/2915/2707 2836/2938/2727
f 2868/2979/2759 2869/2980/2760 2836/2938/2727
f 2868/2979/2759 2870/2981/2761 2871/2982/2762
f 2871/2982/2762 2869/2980/2760 2868/2979/2759
f 2849/2983/2740 2839/2941/2730 2872/2984/2763
f 2872/2984/2763 2873/2985/2764 2849/2983/2740
f 2868/2986/2759 2848/2955/2739 2851/2958/2742
f 2851/2958/2742 2874/2987/2765 2868/2986/2759
f 2875/2988/2766 2854/2961/2745 2849/2956/2740
f 2854/2961/2745 2875/2988/2766 2876/2989/2767
f 2877/2990/2768 2851/2958/2742 2878/2991/2769
f 2854/2961/2745 2876/2989/2767 2866/2992/2757
f 2878/2991/2769 2852/2959/2743 2859/2967/2750
f 2878/2993/2769 2859/2974/2750 2869/2980/2760
f 2869/2980/2760 2879/2994/2770 2878/2993/2769
f 2880/2995/2771 2872/2984/2763 2866/2977/2757
f 2881/2996/2772 2882/2997/2773 2883/2998/2774
f 2881/2996/2772 2884/2999/2775 2885/3000/2776
f 2885/3000/2776 2882/2997/2773 2881/2996/2772
f 2886/3001/2777 2744/2841/2635 2887/3002/2778
f 2881/2996/2772 2888/3003/2779 2884/2999/2775
f 2887/3002/2778 2889/3004/2780 2890/3005/2781
f 2891/3006/2782 2892/3007/2783 2890/3005/2781
f 2893/3008/2784 2894/3009/2785 2888/3003/2779
f 2888/3003/2779 2881/2996/2772 2893/3008/2784
f 2890/3005/2781 2895/3010/2786 2891/3006/2782
f 2896/3011/2787 2892/3012/2783 2891/3013/2782
f 2897/3014/2788 2898/3015/2789 2894/3009/2785
f 2894/3009/2785 2893/3008/2784 2897/3014/2788
f 2891/3013/2782 2899/3016/2790 2896/3011/2787
f 2896/3011/2787 2899/3016/2790 2900/3017/2791
f 2900/3017/2791 2901/3018/2792 2896/3011/2787
f 2902/3019/2793 2903/3020/2794 2904/3021/2795
f 2901/3018/2792 2900/3017/2791 2905/3022/2796
f 2905/3022/2796 2906/3023/2797 2901/3018/2792
f 2906/3023/2797 2905/3022/2796 2907/3024/2798
f 2906/3023/2797 2907/3024/2798 2908/3025/2799
f 2908/3025/2799 2909/3026/2800 2906/3023/2797
f 2909/3026/2800 2908/3025/2799 2751/2848/2642
f 2751/2848/2642 2910/3027/2801 2909/3026/2800
f 2911/3028/2802 2912/3029/2803 2913/3030/2804
f 2914/3031/2805 2915/3032/2806 2916/3033/2807
f 2913/3030/2804 2917/3034/2808 2918/3035/2809
f 2914/3031/2805 2919/3036/2810 2915/3032/2806
f 2920/3037/2811 2921/3038/2812 2915/3032/2806
f 2922/3039/2813 2758/2855/2649 2917/3034/2808
f 2917/3034/2808 2913/3030/2804 2922/3039/2813
f 2758/2855/2649 2922/3039/2813 2923/3040/2814
f 2920/3037/2811 2924/3041/2815 2925/3042/2816
f 2926/3043/2817 2927/3044/2818 2928/3045/2819
f 2925/3042/2816 2929/3046/2820 2930/3047/2821
f 2927/3044/2818 2926/3043/2817 2931/3048/2822
f 2932/3049/2823 2933/3050/2824 2763/2860/2654
f 2763/2860/2654 2934/3051/2825 2932/3049/2823
f 2935/3052/2826 2932/3049/2823 2934/3051/2825
f 2934/3051/2825 2763/2860/2654 2936/3053/2827
f 2936/3053/2827 2935/3052/2826 2934/3051/2825
f 2935/3052/2826 2936/3053/2827 2768/2866/2659
f 2935/3052/2826 2768/2866/2659 2771/2869/2662
f 2771/2869/2662 2937/3054/2828 2935/3052/2826
f 2938/3055/2829 2772/2870/2663 2939/3056/2830
f 2937/3054/2828 2771/2869/2662 2940/3057/2831
f 2940/3057/2831 2941/3058/2832 2937/3054/2828
f 2940/3057/2831 2942/3059/2833 2941/3058/2832
f 2943/3060/2834 2774/2872/2665 2938/3055/2829
f 2942/3059/2833 2940/3057/2831 2777/2875/2668
f 2942/3059/2833 2777/2875/2668 2944/3061/2835
f 2945/3062/2836 2885/3000/2776 2946/3063/2837
f 2944/3061/2835 2779/2877/2670 2886/3001/2777
f 2885/3000/2776 2945/3062/2836 2882/2997/2773
f 2947/3064/2838 2883/3065/2774 2882/3066/2773
f 2892/3067/2783 2948/3068/2839 2887/3069/2778
f 2949/3070/2840 2950/3071/2841 2948/3068/2839
f 2951/3072/2842 2952/3073/2843 2953/3074/2844
f 2951/3072/2842 2954/3075/2845 2897/3076/2788
f 2955/3077/2846 2954/3075/2845 2951/3072/2842
f 2949/3070/2840 2956/3078/2847 2957/3079/2848
f 2956/3078/2847 2892/3067/2783 2901/3080/2792
f 2957/3079/2848 2958/3081/2849 2959/3082/2850
f 2960/3083/2851 2954/3084/2845 2955/3085/2846
f 2961/3086/2852 2962/3087/2853 2963/3088/2854
f 2961/3086/2852 2956/3078/2847 2964/3089/2855
f 2965/3090/2856 2966/3091/2857 2903/3092/2794
f 2964/3089/2855 2901/3080/2792 2967/3093/2858
f 2960/3083/2851 2968/3094/2859 2969/3095/2860
f 2965/3090/2856 2970/3096/2861 2971/3097/2862
f 2971/3097/2862 2972/3098/2863 2965/3090/2856
f 2969/3095/2860 2973/3099/2864 2974/3100/2865
f 2975/3101/2866 2964/3089/2855 2967/3093/2858
f 2916/3102/2807 2976/3103/2867 2967/3093/2858
f 2977/3104/2868 2970/3096/2861 2974/3100/2865
f 2974/3100/2865 2978/3105/2869 2977/3104/2868
f 2979/3106/2870 2967/3093/2858 2976/3103/2867
f 2971/3097/2862 2980/3107/2871 2912/3108/2803
f 2977/3104/2868 2981/3109/2872 2982/3110/2873
f 2983/3111/2874 2976/3103/2867 2984/3112/2875
f 2980/3107/2871 2922/3113/2813 2912/3108/2803
f 2985/3114/2876 2980/3107/2871 2982/3110/2873
f 2982/3110/2873 2986/3115/2877 2985/3114/2876
f 2987/3116/2878 2984/3112/2875 2921/3117/2812
f 2988/3118/2879 2983/3111/2874 2987/3116/2878
f 2989/3119/2880 2990/3120/2881 2926/3121/2817
f 2926/3121/2817 2923/3122/2814 2989/3119/2880
f 2926/3121/2817 2990/3120/2881 2931/3123/2822
f 2930/3124/2821 2991/3125/2882 2992/3126/2883
f 2992/3126/2883 2925/3127/2816 2930/3124/2821
f 2930/3124/2821 2932/3128/2823 2991/3125/2882
f 2993/3129/2884 2994/3130/2885 2995/3131/2886
f 2996/3132/2887 2997/3133/2888 2931/3134/2822
f 2996/3132/2887 2998/3135/2889 2997/3133/2888
f 2935/3136/2826 2999/3137/2890 2932/3128/2823
f 2996/3132/2887 3000/3138/2891 3001/3139/2892
f 2998/3135/2889 2996/3132/2887 3002/3140/2893
f 3003/3141/2894 3004/3142/2895 2999/3137/2890
f 2937/3143/2828 3003/3141/2894 2935/3136/2826
f 3002/3140/2893 3005/3144/2896 3006/3145/2897
f 3007/3146/2898 3002/3140/2893 3008/3147/2899
f 3008/3147/2899 2939/3148/2830 3007/3146/2898
f 3009/3149/2900 3010/3150/2901 3003/3141/2894
f 2939/3148/2830 3008/3147/2899 3011/3151/2902
f 2941/3152/2832 3009/3149/2900 2937/3143/2828
f 2938/3153/2829 2939/3148/2830 3011/3151/2902
f 3012/3154/2903 3009/3149/2900 2941/3152/2832
f 2941/3152/2832 2942/3155/2833 3012/3154/2903
f 3011/3151/2902 3013/3156/2904 3014/3157/2905
f 3012/3154/2903 3015/3158/2906 3009/3149/2900
f 3011/3151/2902 3014/3157/2905 3016/3159/2907
f 3016/3159/2907 3017/3160/2908 3011/3151/2902
f 2943/3161/2834 3011/3151/2902 3017/3160/2908
f 3018/3162/2909 3012/3154/2903 2942/3155/2833
f 3017/3160/2908 3016/3159/2907 3019/3163/2910
f 3020/3164/2911 3021/3165/2912 3012/3154/2903
f 3012/3154/2903 3018/3162/2909 3020/3164/2911
f 2945/3166/2836 2943/3161/2834 3022/3167/2913
f 3017/3160/2908 3019/3163/2910 3023/3168/2914
f 3023/3168/2914 3024/3169/2915 3017/3160/2908
f 3025/3170/2916 3026/3171/2917 3020/3164/2911
f 2887/3069/2778 3025/3170/2916 2886/3172/2777
f 3024/3169/2915 3023/3168/2914 3027/3173/2918
f 3027/3173/2918 2947/3064/2838 3024/3169/2915
f 3024/3169/2915 2947/3064/2838 3022/3167/2913
f 2948/3068/2839 3028/3174/2919 3025/3170/2916
f 3029/3175/2920 3030/3176/2921 2754/2851/2645
f 3031/3177/2922 3032/3178/2923 2752/2849/2643
f 3033/3179/2924 3034/3180/2925 3029/3175/2920
f 2918/3035/2809 3030/3176/2921 3029/3175/2920
f 3030/3176/2921 2918/3035/2809 3035/3181/2926
f 3035/3181/2926 2918/3035/2809 2917/3034/2808
f 3036/3182/2927 3031/3177/2922 3037/3183/2928
f 3038/3184/2929 2919/3036/2810 3037/3183/2928
f 3039/3185/2930 3040/3186/2931 3041/3187/2932
f 3042/3188/2933 3043/3189/2934 3044/3190/2935
f 3045/3191/2936 3046/3192/2937 3047/3193/2938
f 3048/3194/2939 3042/3188/2933 3049/3195/2940
f 3050/3196/2941 3045/3191/2936 3051/3197/2942
f 3046/3192/2937 3052/3198/2943 3053/3199/2944
f 3050/3196/2941 3051/3197/2942 3054/3200/2945
f 3048/3194/2939 3055/3201/2946 3056/3202/2947
f 3057/3203/2948 3058/3204/2949 3059/3205/2950
f 3041/3187/2932 3060/3206/2951 3052/3198/2943
f 3061/3207/2952 3057/3203/2948 3062/3208/2953
f 3063/3209/2954 3064/3210/2955 3065/3211/2956
f 3063/3209/2954 3040/3186/2931 3039/3185/2930
f 3066/3212/2957 3052/3198/2943 3046/3192/2937
f 3067/3213/2958 3044/3190/2935 3057/3203/2948
f 3068/3214/2959 3045/3191/2936 3050/3196/2941
f 3069/3215/2960 3070/3216/2961 3049/3195/2940
f 3049/3195/2940 3044/3190/2935 3067/3213/2958
f 3071/3217/2962 3055/3201/2946 3070/3216/2961
f 3063/3209/2954 3065/3211/2956 3040/3186/2931
f 3072/3218/2963 3073/3219/2964 3074/3220/2965
f 3075/3221/2966 3076/3222/2967 3077/3223/2968
f 3078/3224/2969 3072/3218/2963 3079/3225/2970
f 3080/3226/2971 3081/3227/2972 3082/3228/2973
f 3083/3229/2974 3084/3230/2975 3085/3231/2976
f 3086/3232/2977 3077/3223/2968 3083/3229/2974
f 3073/3219/2964 3087/3233/2978 3088/3234/2979
f 3089/3235/2980 3078/3224/2969 3090/3236/2981
f 3079/3225/2970 3072/3218/2963 3074/3220/2965
f 3080/3226/2971 3082/3228/2973 3075/3221/2966
f 3072/3218/2963 3078/3224/2969 3073/3219/2964
f 3091/3237/2982 3092/3238/2983 3093/3239/2984
f 3088/3234/2979 3094/3240/2983 3095/3241/2985
f 3096/3242/2986 3076/3222/2967 3097/3243/2987
f 3089/3235/2980 3090/3236/2981 3098/3244/2988
f 3091/3237/2982 3084/3230/2975 3092/3238/2983
f 3088/3234/2979 3087/3233/2978 3094/3240/2983
f 3096/3242/2986 3099/3245/2989 3083/3229/2974
f 3099/3245/2989 3100/3246/2990 3084/3230/2975
f 3074/3220/2965 3101/3247/2991 3079/3225/2970
f 3102/3248/2992 3103/3249/2993 3104/3250/2994
f 3105/3251/2989 3106/3252/2990 3107/3253/2995
f 3108/3254/2996 3109/3255/2997 3110/3256/2998
f 3111/3257/2986 3105/3251/2989 3112/3258/2999
f 3113/3259/3000 3108/3254/2996 3114/3260/3001
f 3109/3255/2997 3115/3261/3002 3116/3262/2988
f 3117/3263/3003 3107/3253/2995 3118/3264/2983
f 3119/3265/3004 3120/3266/3005 3121/3267/3006
f 3113/3259/3000 3114/3260/3001 3122/3268/3007
f 3111/3257/2986 3123/3269/3008 3124/3270/2987
f 3117/3263/3003 3118/3264/2983 3125/3271/2984
f 3126/3272/3009 3127/3273/3010 3128/3274/3011
f 3129/3275/3012 3130/3276/3013 3121/3267/3006
f 3104/3250/2994 3127/3273/3010 3102/3248/2992
f 3109/3255/2997 3128/3274/3011 3115/3261/3002
f 3126/3272/3009 3108/3254/2996 3113/3259/3000
f 3126/3272/3009 3131/3277/3014 3108/3254/2996
f 3119/3265/3004 3130/3276/3013 3112/3258/2999
f 3112/3258/2999 3107/3253/2995 3120/3266/3005
f 3131/3277/3014 3132/3278/3015 3108/3254/2996
f 3128/3274/3011 3127/3273/3010 3104/3250/2994
f 3129/3275/3012 3121/3267/3006 3133/3279/3016
f 3134/3280/3017 3123/3269/3008 3130/3276/3013
f 3135/3281/3018 3136/3282/3019 3137/3283/3020
f 3138/3284/3021 3139/3285/3008 3140/3286/3022
f 3141/3287/3023 3135/3281/3018 3142/3288/3024
f 3143/3289/3025 3144/3290/3026 3145/3291/3027
f 3136/3282/3019 3146/3292/3028 3147/3293/3029
f 3148/3294/3030 3141/3287/3023 3149/3295/3031
f 3142/3288/3024 3135/3281/3018 3137/3283/3020
f 3143/3289/3025 3145/3291/3027 3138/3284/3021
f 3135/3281/3018 3141/3287/3023 3136/3282/3019
f 3143/3289/3025 3140/3286/3022 3144/3290/3026
f 3150/3296/3032 3151/3297/2983 3152/3298/2984
f 3137/3283/3020 3147/3293/3029 3153/3299/3033
f 3147/3293/3029 3154/3300/3034 3155/3301/3035
f 3156/3302/3036 3139/3285/3008 3157/3303/2987
f 3148/3294/3030 3149/3295/3031 3158/3304/2988
f 3150/3296/3032 3159/3305/3037 3151/3297/2983
f 3147/3293/3029 3146/3292/3028 3154/3300/3034
f 3156/3302/3036 3160/3306/3038 3161/3307/3039
f 3146/3292/3028 3148/3294/3030 3162/3308/3040
f 3160/3306/3038 3163/3309/2990 3159/3305/3037
f 3142/3288/3024 3137/3283/3020 3153/3299/3033
f 3164/3310/3041 3165/3311/3042 3166/3312/3043
f 3167/3313/3044 3168/3314/3045 3169/3315/3046
f 3170/3316/3047 3171/3317/3048 3172/3318/2983
f 3173/3319/3049 3174/3320/3050 3175/3321/2988
f 3176/3322/3051 3177/3323/3052 3178/3324/2983
f 3179/3325/3053 3180/3326/3054 3181/3327/3055
f 3182/3328/3056 3183/3329/3057 3184/3330/3058
f 3170/3316/3047 3172/3318/2983 3185/3331/3059
f 3167/3313/3044 3186/3332/2967 3187/3333/2987
f 3176/3322/3051 3178/3324/2983 3188/3334/2984
f 3166/3312/3043 3189/3335/3060 3174/3320/3050
f 3182/3328/3056 3190/3336/3061 3183/3329/3057
f 3190/3336/3061 3165/3311/3042 3164/3310/3041
f 3191/3337/3062 3192/3338/3063 3193/3339/2966
f 3173/3319/3049 3183/3329/3057 3174/3320/3050
f 3182/3328/3056 3171/3317/3048 3170/3316/3047
f 3183/3329/3057 3190/3336/3061 3164/3310/3041
f 3191/3337/3062 3181/3327/3055 3192/3338/3063
f 3193/3339/2966 3186/3332/2967 3194/3340/3064
f 3190/3336/3061 3182/3328/3056 3165/3311/3042
f 3195/3341/3065 3196/3342/3066 3197/3343/3067
f 3198/3344/3068 3199/3345/3069 3200/3346/3070
f 3201/3347/3071 3202/3348/3072 3203/3349/3073
f 3204/3350/3074 3205/3351/3075 3206/3352/3076
f 3201/3347/3071 3207/3353/3077 3208/3354/3078
f 3197/3343/3067 3209/3355/3079 3204/3350/3074
f 3202/3348/3072 3210/3356/3080 3203/3349/3073
f 3205/3351/3075 3211/3357/3081 3206/3352/3076
f 3212/3358/3082 3196/3342/3066 3213/3359/3083
f 3214/3360/3084 3198/3344/3068 3215/3361/3085
f 3216/3362/3086 3206/3352/3076 3217/3363/3087
f 3218/3364/3088 3219/3365/3089 3220/3366/3090
f 3220/3366/3090 3219/3365/3089 3221/3367/3091
f 3222/3368/3092 3223/3369/3093 3224/3370/3094
f 3217/3363/3087 3222/3368/3092 3225/3371/3095
f 3220/3366/3090 3221/3367/3091 3226/3372/3096
f 2721/2818/2612 2725/2822/2616 2734/2831/2625
f 2720/2817/2611 2717/2814/2608 2740/2837/2631
f 2721/2818/2612 2723/2820/2614 2725/2822/2616
f 2731/2828/2622 2738/2835/2629 2732/2829/2623
f 2733/2830/2624 2732/2829/2623 2737/2834/2628
f 2741/2838/2632 2728/2825/2619 2727/2824/2618
f 2727/2824/2618 2730/2827/2621 2724/2821/2615
f 2718/2815/2609 2727/2824/2618 2724/2821/2615
f 2718/2815/2609 2740/2837/2631 2727/2824/2618
f 2898/3015/2789 2746/3373/2637 2782/2880/2673 2894/3009/2785
f 2724/2821/2615 2719/2816/2610 2718/2815/2609
f 2741/2838/2632 2729/2826/2620 2742/2839/2633
f 2730/2827/2621 2729/2826/2620 2741/2838/2632
f 2736/2833/2627 2739/2836/2630 2731/2828/2622
f 2722/2819/2613 2734/2831/2625 2736/2833/2627
f 2736/2833/2627 2723/2820/2614 2722/2819/2613
f 2731/2828/2622 2726/2823/2617 2723/2820/2614
f 2737/2834/2628 2732/2829/2623 2735/2832/2626
f 2885/3000/2776 2884/2999/2775 2813/2912/2704
f 2884/2999/2775 2888/3003/2779 2785/2883/2676
f 2785/2883/2676 2813/2912/2704 2884/2999/2775
f 2743/2840/2634 2889/3004/2780 2744/2841/2635
f 2888/3003/2779 2894/3009/2785 2782/2880/2673
f 2782/2880/2673 2785/2883/2676 2888/3003/2779
f 2743/2840/2634 2895/3010/2786 2889/3004/2780
f 2743/3374/2634 2789/2887/2680 2899/3016/2790 2895/3375/2786
f 2789/2887/2680 2792/2890/2683 2900/3017/2791 2899/3016/2790
f 2746/2843/2637 2898/3376/2789 2747/2844/2638
f 3227/3377/3097 3228/3378/3098 2748/2845/2639 3229/3379/3099
f 2748/2845/2639 2747/2844/2638 3230/3380/3100
f 2792/2890/2683 2791/2889/2682 2905/3022/2796
f 2905/3022/2796 2900/3017/2791 2792/2890/2683
f 2748/2845/2639 3230/3380/3100 3229/3379/3099
f 2791/2889/2682 3231/3381/3101 2907/3024/2798
f 2907/3024/2798 2905/3022/2796 2791/2889/2682
f 3033/3179/2924 2753/2850/2644 3228/3378/3098 3227/3377/3097
f 2908/3025/2799 2907/3024/2798 3231/3381/3101
f 3231/3381/3101 2749/2846/2640 2908/3025/2799
f 2753/2850/2644 3033/3179/2924 3232/3382/3102
f 3233/3383/3103 3234/3384/3104 3235/3385/3105 3236/3386/3106
f 2751/2848/2642 2908/3025/2799 2749/2846/2640
f 2753/2850/2644 3232/3382/3102 2754/2851/2645
f 2749/2846/2640 3234/3384/3104 2752/2849/2643
f 2754/2851/2645 3237/3387/3107 2755/2852/2646
f 3234/3384/3104 3233/3383/3103 2752/2849/2643
f 3238/3388/3108 2755/2852/2646 3237/3387/3107
f 3237/3387/3107 2757/2854/2648 3238/3388/3108
f 3038/3184/2929 3235/3385/3105 2761/2858/2652 2924/3041/2815
f 2756/2853/2647 3238/3388/3108 2757/2854/2648
f 3239/3389/3109 2788/2886/2679 3228/3378/3098 2753/2850/2644
f 3235/3385/3105 3038/3184/2929 3236/3386/3106
f 2758/2855/2649 2928/3045/2819 3240/3390/3110
f 3240/3390/3110 2756/2853/2647 2758/2855/2649
f 2761/2858/2652 2929/3046/2820 2924/3041/2815
f 2928/3045/2819 2927/3044/2818 3240/3390/3110
f 2761/2858/2652 2760/2857/2651 2929/3046/2820
f 2927/3044/2818 3241/3391/3111 3242/3392/3112
f 3242/3392/3112 3240/3390/3110 2927/3044/2818
f 2759/2856/2650 2933/3393/2824 2760/2857/2651
f 3241/3394/3111 2765/2863/2656 2764/2862/2655
f 2764/2862/2655 3242/3395/3112 3241/3394/3111
f 2759/2861/2650 2763/2860/2654 2933/3050/2824
f 2766/2864/2657 2765/2863/2656 3243/3396/3113
f 2936/3053/2827 2763/2860/2654 2762/2859/2653
f 2766/2864/2657 3243/3396/3113 2769/2867/2660
f 2768/2866/2659 2936/3053/2827 2762/2859/2653
f 2770/2868/2661 2769/2867/2660 2772/2870/2663
f 2767/2865/2658 3244/3397/3114 2771/2869/2662
f 2940/3057/2831 2771/2869/2662 3244/3397/3114
f 2773/2871/2664 2772/2870/2663 2774/2872/2665
f 3244/3397/3114 2778/2876/2669 2940/3057/2831
f 2777/2875/2668 2940/3057/2831 2778/2876/2669
f 2774/2872/2665 2946/3063/2837 2775/2873/2666
f 2776/2874/2667 2779/2877/2670 2777/2875/2668
f 2946/3063/2837 2885/3000/2776 2810/2909/2701
f 2810/2909/2701 2775/2873/2666 2946/3063/2837
f 2813/2912/2704 2810/2909/2701 2885/3000/2776
f 2745/2842/2636 2744/2841/2635 2779/2877/2670
f 2813/2912/2704 2785/2883/2676 2784/2882/2675
f 2813/2912/2704 2784/2882/2675 2815/2914/2706
f 2815/2914/2706 2814/2913/2705 2813/2912/2704
f 2780/2878/2671 2743/2840/2634 2745/2842/2636
f 2782/2880/2673 2746/3373/2637 2783/2881/2674
f 2786/2943/2677 2789/2887/2680 2743/3374/2634
f 2787/2885/2678 2783/3398/2674 2746/2843/2637
f 2748/2845/2639 3228/3378/3098 2788/2886/2679
f 2791/2889/2682 2790/2888/2681 2794/2892/2685
f 2794/2892/2685 3231/3381/3101 2791/2889/2682
f 2797/2895/2688 3239/3389/3109 2753/2850/2644 2755/2852/2646
f 2794/2892/2685 2749/2846/2640 3231/3381/3101
f 2749/2846/2640 2793/2891/2684 2796/2894/2687 3234/3384/3104
f 3239/3389/3109 2797/2895/2688 2799/2897/2690
f 2798/2896/2689 2797/2895/2688 3238/3388/3108 2756/2853/2647
f 2755/2852/2646 3238/3388/3108 2797/2895/2688
f 3234/3384/3104 2796/2894/2687 3245/3399/3115 3235/3385/3105
f 2796/2894/2687 2795/2893/2686 3245/3399/3115
f 3235/3385/3105 3245/3399/3115 2801/2899/2692 2761/2858/2652
f 2756/2853/2647 3240/3390/3110 2800/2898/2691
f 3246/3400/3116 2800/2898/2691 3240/3390/3110 3242/3392/3112
f 2761/2858/2652 2801/2899/2692 2803/2901/2694 2759/2856/2650
f 2800/2898/2691 3246/3400/3116 2832/3401/2723
f 2764/2862/2655 2832/2932/2723 3246/3402/3116 3242/3395/3112
f 2766/2864/2657 3247/3403/3117 2832/2932/2723 2764/2862/2655
f 2802/2934/2693 2804/2903/2695 2762/2859/2653 2803/2902/2694
f 2824/2923/2715 2829/2928/2720 2828/2927/2719 2822/2921/2713
f 2770/2868/2661 2806/2905/2697 3247/3403/3117
f 3247/3403/3117 2766/2864/2657 2770/2868/2661
f 2767/2865/2658 2807/2906/2698 3244/3397/3114
f 2773/2871/2664 2808/2907/2699 2806/2905/2697
f 2807/2906/2698 2778/2876/2669 3244/3397/3114
f 2807/2906/2698 2809/2908/2700 2778/2876/2669
f 2775/2873/2666 2812/2911/2703 2808/2907/2699
f 2812/2911/2703 2775/2873/2666 2810/2909/2701
f 2810/2909/2701 2814/2913/2705 2811/2910/2702
f 2731/2828/2622 2733/2830/2624 2725/2822/2616 2726/2823/2617
f 2781/2879/2672 2817/2916/2708 2780/2878/2671
f 2784/2882/2675 2783/2881/2674 2838/2940/2729
f 2818/2917/2709 2789/2887/2680 2786/2943/2677
f 2787/2885/2678 2838/2945/2729 2783/3398/2674
f 2787/2885/2678 2788/2886/2679 2847/2954/2738
f 2790/2888/2681 2818/2917/2709 2820/2919/2711
f 2820/2919/2711 2794/2892/2685 2790/2888/2681
f 2823/2922/2714 2847/2954/2738 2788/2886/2679
f 2788/2886/2679 3239/3389/3109 2823/2922/2714
f 2819/2918/2710 2793/2891/2684 2794/2892/2685
f 3239/3389/3109 2799/2897/2690 2823/2922/2714
f 2821/2920/2712 2795/2893/2686 2793/2891/2684
f 2824/2923/2715 2823/2922/2714 2799/2897/2690
f 2821/2920/2712 2819/2918/2710 2825/2924/2716
f 2799/2897/2690 2798/2896/2689 2824/2923/2715
f 2826/2925/2717 3245/3399/3115 2795/2893/2686
f 3248/3404/3118 2812/2911/2703 2811/2910/2702 2867/2978/2758
f 2829/2928/2720 2824/2923/2715 2798/2896/2689
f 2798/2896/2689 2800/2898/2691 2829/2928/2720
f 2826/2925/2717 2801/2899/2692 3245/3399/3115
f 2800/2898/2691 2832/3401/2723 2830/2929/2721
f 2830/2929/2721 2829/2928/2720 2800/2898/2691
f 2827/2926/2718 2802/2900/2693 2801/2899/2692
f 3247/3403/3117 2806/2905/2697 2833/2933/2724
f 2833/2933/2724 2832/2932/2723 3247/3403/3117
f 2812/2911/2703 3248/3404/3118 2808/2907/2699
f 2807/2906/2698 2865/2976/2756 2809/2908/2700
f 2867/2978/2758 2811/2910/2702 2814/2913/2705 2816/2915/2707
f 2865/2976/2756 2834/2936/2725 2809/2908/2700
f 2787/2885/2678 2847/2954/2738 2843/2949/2734 2838/2945/2729
f 2835/2937/2726 2834/2936/2725 2872/2984/2763
f 2835/2937/2726 2872/2984/2763 2839/2941/2730
f 2816/2915/2707 2784/2882/2675 2838/2940/2729
f 2817/2916/2708 2835/2937/2726 2841/3405/2732
f 2841/3405/2732 2786/2884/2677 2817/2916/2708
f 2840/2942/2731 2841/3405/2732 2835/2937/2726
f 2840/2952/2731 2818/2917/2709 2841/2944/2732
f 2850/2957/2741 2825/2924/2716 2845/2951/2736 2844/2950/2735
f 2842/2946/2733 2848/2955/2739 2836/2948/2727
f 2844/2950/2735 2840/2952/2731 2839/3406/2730
f 2839/3406/2730 2849/2956/2740 2844/2950/2735
f 2845/2951/2736 2819/2918/2710 2820/2919/2711
f 2846/2953/2737 2843/2949/2734 2823/2922/2714
f 2855/2962/2746 2856/2963/2747 2825/2924/2716 2850/2957/2741
f 2822/2921/2713 2846/2953/2737 2823/2922/2714
f 2852/2959/2743 2848/2955/2739 2846/2953/2737
f 2853/2960/2744 2846/2953/2737 2822/2921/2713
f 2850/2957/2741 2849/2956/2740 2854/2961/2745
f 2805/2904/2696 2804/2903/2695 2861/2970/2752 2864/2975/2755
f 2856/2963/2747 2826/2925/2717 2825/2924/2716
f 2858/2966/2749 2852/2959/2743 2853/2960/2744
f 2858/2966/2749 2853/2960/2744 2828/2927/2719
f 2856/2963/2747 2855/2962/2746 2831/2930/2722
f 2856/2963/2747 2827/2926/2718 2826/2925/2717
f 2859/2967/2750 2852/2959/2743 2858/2966/2749
f 2857/2964/2748 2831/2930/2722 2855/2962/2746
f 2857/2964/2748 2854/2961/2745 3249/3407/3119
f 2860/2968/2751 2858/2966/2749 2833/2965/2724
f 2831/2935/2722 2861/2970/2752 2804/2903/2695
f 2862/2972/2753 2833/2933/2724 2806/2905/2697
f 2860/2971/2751 2833/2933/2724 2862/2972/2753
f 2864/2975/2755 2857/2969/2748 3249/3408/3119 2866/2977/2757
f 2898/3376/2789 2897/3409/2788 2902/3019/2793 2747/2844/2638
f 2806/2905/2697 2863/2973/2754 2862/2972/2753
f 3248/3404/3118 2869/2980/2760 2859/2974/2750
f 2859/2974/2750 2863/2973/2754 3248/3404/3118
f 2863/2973/2754 2808/2907/2699 3248/3404/3118
f 2866/2977/2757 2872/2984/2763 2865/2976/2756
f 2869/2980/2760 3248/3404/3118 2867/2978/2758
f 2834/2936/2725 2865/2976/2756 2872/2984/2763
f 2834/2936/2725 2835/2937/2726 2781/2879/2672
f 2867/2978/2758 2836/2938/2727 2869/2980/2760
f 2849/2956/2740 2873/3410/2764 2875/2988/2766
f 2868/2986/2759 2874/2987/2765 2870/3411/2761
f 2868/2986/2759 2836/2948/2727 2848/2955/2739
f 2851/2958/2742 2877/2990/2768 2874/2987/2765
f 2878/2991/2769 2851/2958/2742 2852/2959/2743
f 2879/3412/2770 2877/2990/2768 2878/2991/2769
f 2866/2992/2757 2876/2989/2767 3250/3413/3120
f 2866/2992/2757 3249/3407/3119 2854/2961/2745
f 3250/3414/3120 2880/2995/2771 2866/2977/2757
f 2869/2980/2760 2871/2982/2762 2879/2994/2770
f 2872/2984/2763 2880/2995/2771 2873/2985/2764
f 2887/3002/2778 2744/2841/2635 2889/3004/2780
f 2883/2998/2774 2897/3014/2788 2893/3008/2784
f 2893/3008/2784 2881/2996/2772 2883/2998/2774
f 2890/3005/2781 2892/3007/2783 2887/3002/2778
f 2890/3005/2781 2889/3004/2780 2895/3010/2786
f 2891/3013/2782 2895/3375/2786 2899/3016/2790
f 2902/3019/2793 2897/3409/2788 2903/3020/2794
f 2901/3018/2792 2892/3012/2783 2896/3011/2787
f 2747/2844/2638 2902/3019/2793 2904/3021/2795 3230/3380/3100
f 3229/3379/3099 2904/3021/2795 2966/3415/2857 3227/3377/3097
f 2904/3021/2795 2903/3020/2794 2966/3415/2857
f 3251/3416/3121 2901/3018/2792 2906/3023/2797
f 2904/3021/2795 3229/3379/3099 3230/3380/3100
f 2906/3023/2797 2909/3026/2800 3251/3416/3121
f 2916/3033/2807 3251/3416/3121 2909/3026/2800 2910/3027/2801
f 3227/3377/3097 2966/3415/2857 2972/3417/2863 3033/3179/2924
f 3033/3179/2924 2972/3417/2863 2911/3028/2802 3034/3180/2925
f 2914/3031/2805 2910/3027/2801 3252/3418/3122 3036/3182/2927
f 2751/2848/2642 3252/3418/3122 2910/3027/2801
f 2910/3027/2801 2914/3031/2805 2916/3033/2807
f 2911/3028/2802 2918/3035/2809 3034/3180/2925
f 3038/3184/2929 2920/3037/2811 2915/3032/2806 2919/3036/2810
f 2911/3028/2802 2972/3417/2863 2912/3029/2803
f 2911/3028/2802 2913/3030/2804 2918/3035/2809
f 2914/3031/2805 3036/3182/2927 2919/3036/2810
f 2913/3030/2804 2912/3029/2803 2922/3039/2813
f 2928/3045/2819 2758/2855/2649 2923/3040/2814 2926/3043/2817
f 2920/3037/2811 3038/3184/2929 2924/3041/2815
f 2925/3042/2816 2921/3038/2812 2920/3037/2811
f 2933/3393/2824 2932/3419/2823 2930/3047/2821 2760/2857/2651
f 2925/3042/2816 2924/3041/2815 2929/3046/2820
f 2930/3047/2821 2929/3046/2820 2760/2857/2651
f 3241/3394/3111 3253/3420/3123 2997/3421/2888 2765/2863/2656
f 3253/3420/3123 2931/3422/2822 2997/3421/2888
f 2765/2863/2656 2997/3421/2888 2998/3423/2889 3243/3396/3113
f 3253/3420/3123 3241/3394/3111 2931/3424/2822
f 3243/3396/3113 2998/3423/2889 3007/3425/2898 2769/2867/2660
f 2769/2867/2660 3007/3425/2898 2939/3056/2830 2772/2870/2663
f 2946/3063/2837 2774/2872/2665 2943/3060/2834 2945/3062/2836
f 2938/3055/2829 2774/2872/2665 2772/2870/2663
f 2897/3076/2788 2883/3065/2774 2947/3064/2838 2951/3072/2842
f 2944/3061/2835 2777/2875/2668 2779/2877/2670
f 2886/3001/2777 2779/2877/2670 2744/2841/2635
f 2887/3069/2778 2948/3068/2839 3025/3170/2916
f 3027/3173/2918 3254/3426/3124 2947/3064/2838
f 2948/3068/2839 2950/3071/2841 3028/3174/2919
f 2951/3072/2842 2947/3064/2838 3254/3426/3124 2952/3073/2843
f 3255/3427/3125 3256/3428/3126 2955/3077/2846 2951/3072/2842
f 2949/3070/2840 3257/3429/3127 2950/3071/2841
f 2892/3067/2783 2956/3078/2847 2948/3068/2839
f 2953/3074/2844 3255/3427/3125 2951/3072/2842
f 2949/3070/2840 2948/3068/2839 2956/3078/2847
f 3258/3430/3128 2949/3070/2840 2957/3079/2848 3259/3431/3128
f 3260/3432/3129 2960/3083/2851 2955/3085/2846 3261/3433/3130
f 2954/3084/2845 2903/3092/2794 2897/3434/2788
f 2955/3085/2846 3262/3435/3131 3261/3433/3130
f 2957/3079/2848 2961/3086/2852 2963/3088/2854 2958/3081/2849
f 2960/3083/2851 3260/3432/3129 3263/3436/3132
f 2954/3084/2845 2960/3083/2851 2969/3095/2860 2965/3090/2856
f 2961/3086/2852 2957/3079/2848 2956/3078/2847
f 2964/3089/2855 2956/3078/2847 2901/3080/2792
f 2960/3083/2851 3263/3436/3132 2968/3094/2859
f 3264/3437/3133 2962/3087/2853 2961/3086/2852
f 2903/3092/2794 2954/3084/2845 2965/3090/2856
f 2967/3093/2858 2901/3080/2792 3251/3438/3121
f 2961/3086/2852 3265/3439/3134 3266/3440/3135 3264/3437/3133
f 2969/3095/2860 2968/3094/2859 3267/3441/3136
f 2965/3090/2856 2969/3095/2860 2974/3100/2865 2970/3096/2861
f 3265/3439/3134 2961/3086/2852 2964/3089/2855
f 2965/3090/2856 2972/3098/2863 2966/3091/2857
f 2969/3095/2860 3267/3441/3136 2973/3099/2864
f 3268/3442/3137 3266/3440/3135 3265/3439/3134
f 3251/3438/3121 2916/3102/2807 2967/3093/2858
f 3265/3439/3134 2975/3101/2866 3269/3443/3138 3268/3442/3137
f 2974/3100/2865 2973/3099/2864 3270/3444/3139
f 2975/3101/2866 2979/3106/2870 3271/3445/3140 3272/3446/3141
f 2975/3101/2866 3265/3439/3134 2964/3089/2855
f 2974/3100/2865 3270/3444/3139 2978/3105/2869
f 3272/3446/3141 3269/3443/3138 2975/3101/2866
f 2970/3096/2861 2977/3104/2868 2982/3110/2873 2980/3107/2871
f 2979/3106/2870 2975/3101/2866 2967/3093/2858
f 2971/3097/2862 2912/3108/2803 2972/3098/2863
f 2977/3104/2868 2978/3105/2869 2981/3109/2872
f 2971/3097/2862 2970/3096/2861 2980/3107/2871
f 2916/3102/2807 2915/3447/2806 2976/3103/2867
f 2979/3106/2870 2983/3111/2874 3273/3448/3142 3271/3445/3140
f 2922/3113/2813 2980/3107/2871 2989/3119/2880 2923/3122/2814
f 2983/3111/2874 2979/3106/2870 2976/3103/2867
f 2984/3112/2875 2976/3103/2867 2915/3447/2806
f 2982/3110/2873 2981/3109/2872 2986/3115/2877
f 2915/3447/2806 2921/3117/2812 2984/3112/2875
f 2988/3118/2879 3273/3448/3142 2983/3111/2874
f 2921/3117/2812 2925/3127/2816 2992/3126/2883 2987/3116/2878
f 2985/3114/2876 2989/3119/2880 2980/3107/2871
f 2985/3114/2876 2986/3115/2877 3274/3449/3143
f 2987/3116/2878 2983/3111/2874 2984/3112/2875
f 3275/3450/3144 2990/3120/2881 2985/3114/2876 3274/3449/3143
f 2985/3114/2876 2990/3120/2881 2989/3119/2880
f 3276/3451/3145 3277/3452/3146 2992/3126/2883 2993/3129/2884
f 2987/3116/2878 2992/3126/2883 3278/3453/3147
f 3278/3453/3147 2988/3118/2879 2987/3116/2878
f 2990/3120/2881 3275/3450/3144 3279/3454/3148
f 3280/3455/3149 3281/3456/3150 2990/3120/2881 3279/3454/3148
f 3277/3452/3146 3278/3453/3147 2992/3126/2883
f 2992/3126/2883 2991/3125/2882 2993/3129/2884
f 2931/3123/2822 2990/3120/2881 3281/3456/3150
f 3282/3457/3151 2996/3132/2887 3281/3458/3150 3283/3459/3152
f 3281/3456/3150 3280/3455/3149 3283/3460/3152
f 2995/3131/2886 3276/3451/3145 2993/3129/2884
f 2931/3134/2822 3281/3458/3150 2996/3132/2887
f 2932/3128/2823 2999/3137/2890 2991/3125/2882
f 3284/3461/3153 2993/3129/2884 2999/3137/2890 3285/3462/3154
f 3282/3457/3151 3000/3138/2891 2996/3132/2887
f 3286/3463/3155 3005/3144/2896 3002/3140/2893 2996/3132/2887
f 3284/3461/3153 2994/3130/2885 2993/3129/2884
f 2993/3129/2884 2991/3125/2882 2999/3137/2890
f 3001/3139/2892 3286/3463/3155 2996/3132/2887
f 2999/3137/2890 3287/3464/3156 3288/3465/3157
f 2999/3137/2890 3288/3465/3157 3285/3462/3154
f 2935/3136/2826 3003/3141/2894 2999/3137/2890
f 3006/3145/2897 3289/3466/3158 3008/3147/2899 3002/3140/2893
f 2999/3137/2890 3004/3142/2895 3287/3464/3156
f 3007/3146/2898 2998/3135/2889 3002/3140/2893
f 3003/3141/2894 3290/3467/3159 3004/3142/2895
f 2937/3143/2828 3009/3149/2900 3003/3141/2894
f 3289/3466/3158 3013/3156/2904 3011/3151/2902 3008/3147/2899
f 3003/3141/2894 3010/3150/2901 3290/3467/3159
f 2757/2854/2648 3237/3387/3107 3030/3176/2921 3035/3181/2926
f 3009/3149/2900 3291/3468/3160 3010/3150/2901
f 3009/3149/2900 3015/3158/2906 3291/3468/3160
f 2943/3161/2834 2938/3153/2829 3011/3151/2902
f 3012/3154/2903 3292/3469/3161 3015/3158/2906
f 3018/3162/2909 2942/3155/2833 2944/3470/2835
f 3012/3154/2903 3021/3165/2912 3292/3469/3161
f 3022/3167/2913 2943/3161/2834 3017/3160/2908
f 3017/3160/2908 3024/3169/2915 3022/3167/2913
f 3020/3164/2911 3026/3171/2917 3021/3165/2912
f 2886/3172/2777 3025/3170/2916 3018/3162/2909
f 3018/3162/2909 2944/3470/2835 2886/3172/2777
f 3020/3164/2911 3018/3162/2909 3025/3170/2916
f 2882/3066/2773 2945/3166/2836 3022/3167/2913
f 3022/3167/2913 2947/3064/2838 2882/3066/2773
f 3025/3170/2916 3028/3174/2919 3026/3171/2917
f 3029/3175/2920 2754/2851/2645 3232/3382/3102
f 3232/3382/3102 3033/3179/2924 3029/3175/2920
f 2750/2847/2641 2752/2849/2643 3032/3178/2923
f 3032/3178/2923 2751/2848/2642 2750/2847/2641
f 2754/2851/2645 3030/3176/2921 3237/3387/3107
f 3233/3383/3103 3031/3177/2922 2752/2849/2643
f 3236/3386/3106 3037/3183/2928 3031/3177/2922 3233/3383/3103
f 3043/3189/2934 3058/3204/2949 3057/3203/2948 3044/3190/2935
f 3035/3181/2926 2758/2855/2649 2757/2854/2648
f 3236/3386/3106 3038/3184/2929 3037/3183/2928
f 2751/2848/2642 3032/3178/2923 3252/3418/3122
f 2918/3035/2809 3029/3175/2920 3034/3180/2925
f 3252/3418/3122 3032/3178/2923 3036/3182/2927
f 3036/3182/2927 3032/3178/2923 3031/3177/2922
f 3037/3183/2928 2919/3036/2810 3036/3182/2927
f 2758/2855/2649 3035/3181/2926 2917/3034/2808
f 2927/3044/2818 2931/3048/2822 3241/3391/3111
f 3061/3207/2952 3062/3208/2953 3071/3217/2962
f 3047/3193/2938 3046/3192/2937 3293/3471/3162
f 3049/3195/2940 3042/3188/2933 3044/3190/2935
f 3051/3197/2942 3045/3191/2936 3047/3193/2938
f 3055/3201/2946 3048/3194/2939 3049/3195/2940
f 3293/3471/3162 3046/3192/2937 3053/3199/2944
f 3066/3212/2957 3068/3214/2959 3065/3211/2956 3064/3210/2955
f 3067/3213/2958 3294/3472/3163 3070/3216/2961 3069/3215/2960
f 3054/3200/2945 3041/3187/2932 3040/3186/2931 3050/3196/2941
f 3071/3217/2962 3062/3208/2953 3056/3202/2947 3055/3201/2946
f 3046/3192/2937 3045/3191/2936 3068/3214/2959 3066/3212/2957
f 3052/3198/2943 3060/3206/2951 3053/3199/2944
f 3062/3208/2953 3057/3203/2948 3059/3205/2950
f 3039/3185/2930 3041/3187/2932 3052/3198/2943
f 3295/3473/3164 3070/3216/2961 3294/3472/3163
f 3295/3473/3164 3061/3207/2952 3071/3217/2962
f 3070/3216/2961 3055/3201/2946 3049/3195/2940
f 3063/3209/2954 3039/3185/2930 3052/3198/2943 3064/3210/2955
f 3069/3215/2960 3049/3195/2940 3067/3213/2958
f 3057/3203/2948 3061/3207/2952 3295/3473/3164 3294/3472/3163
f 3089/3235/2980 3087/3233/2978 3296/3474/3165 3297/3475/3166
f 3052/3198/2943 3066/3212/2957 3064/3210/2955
f 3294/3472/3163 3067/3213/2958 3057/3203/2948
f 3065/3211/2956 3068/3214/2959 3050/3196/2941
f 3040/3186/2931 3065/3211/2956 3050/3196/2941
f 3295/3473/3164 3071/3217/2962 3070/3216/2961
f 3080/3226/2971 3075/3221/2966 3077/3223/2968
f 3074/3220/2965 3073/3219/2964 3088/3234/2979
f 3090/3236/2981 3078/3224/2969 3079/3225/2970
f 3082/3228/2973 3081/3227/2972 3091/3237/2982
f 3086/3232/2977 3083/3229/2974 3085/3231/2976
f 3084/3230/2975 3091/3237/2982 3081/3227/2972 3085/3231/2976
f 3087/3233/2978 3073/3219/2964 3296/3474/3165
f 3077/3223/2968 3076/3222/2967 3083/3229/2974
f 3298/3476/3167 3090/3236/2981 3079/3225/2970 3101/3247/2991
f 3297/3475/3166 3078/3224/2969 3089/3235/2980
f 3080/3226/2971 3077/3223/2968 3081/3227/2972
f 3093/3239/2984 3299/3477/3168 3082/3228/2973 3091/3237/2982
f 3095/3241/2985 3101/3247/2991 3074/3220/2965 3088/3234/2979
f 3090/3236/2981 3298/3476/3167 3098/3244/2988
f 3075/3221/2966 3299/3477/3168 3097/3243/2987 3076/3222/2967
f 3078/3224/2969 3297/3475/3166 3296/3474/3165 3073/3219/2964
f 3085/3231/2976 3081/3227/2972 3077/3223/2968 3086/3232/2977
f 3089/3235/2980 3300/3478/3169 3301/3479/3170 3087/3233/2978
f 3300/3478/3169 3089/3235/2980 3098/3244/2988
f 3092/3238/2983 3084/3230/2975 3100/3246/2990
f 3076/3222/2967 3096/3242/2986 3083/3229/2974
f 3094/3240/2983 3087/3233/2978 3301/3479/3170
f 3083/3229/2974 3099/3245/2989 3084/3230/2975
f 3132/3278/3015 3131/3277/3014 3126/3272/3009 3128/3274/3011
f 3075/3221/2966 3082/3228/2973 3299/3477/3168
f 3134/3280/3017 3133/3279/3016 3302/3480/3168
f 3110/3256/2998 3109/3255/2997 3303/3481/3171
f 3112/3258/2999 3105/3251/2989 3107/3253/2995
f 3114/3260/3001 3108/3254/2996 3110/3256/2998
f 3123/3269/3008 3111/3257/2986 3112/3258/2999
f 3303/3481/3171 3109/3255/2997 3116/3262/2988
f 3118/3264/2983 3107/3253/2995 3106/3252/2990
f 3122/3268/3007 3103/3249/2993 3102/3248/2992 3113/3259/3000
f 3130/3276/3013 3119/3265/3004 3121/3267/3006
f 3134/3280/3017 3302/3480/3168 3124/3270/2987 3123/3269/3008
f 3304/3482/3172 3115/3261/3002 3104/3250/2994 3103/3249/2993
f 3115/3261/3002 3304/3482/3172 3116/3262/2988
f 3125/3271/2984 3302/3480/3168 3133/3279/3016 3117/3263/3003
f 3107/3253/2995 3117/3263/3003 3121/3267/3006 3120/3266/3005
f 3129/3275/3012 3133/3279/3016 3134/3280/3017
f 3132/3278/3015 3128/3274/3011 3109/3255/2997
f 3113/3259/3000 3102/3248/2992 3127/3273/3010 3126/3272/3009
f 3130/3276/3013 3123/3269/3008 3112/3258/2999
f 3108/3254/2996 3132/3278/3015 3109/3255/2997
f 3119/3265/3004 3112/3258/2999 3120/3266/3005
f 3115/3261/3002 3128/3274/3011 3104/3250/2994
f 3133/3279/3016 3121/3267/3006 3117/3263/3003
f 3148/3294/3030 3146/3292/3028 3305/3483/3173 3306/3484/3174
f 3129/3275/3012 3134/3280/3017 3130/3276/3013
f 3143/3289/3025 3138/3284/3021 3140/3286/3022
f 3137/3283/3020 3136/3282/3019 3147/3293/3029
f 3149/3295/3031 3141/3287/3023 3142/3288/3024
f 3145/3291/3027 3144/3290/3026 3150/3296/3032
f 3159/3305/3037 3307/3485/3175 3308/3486/3176 3161/3307/3039
f 3159/3305/3037 3150/3296/3032 3144/3290/3026 3307/3485/3175
f 3146/3292/3028 3136/3282/3019 3305/3483/3173
f 3308/3486/3176 3140/3286/3022 3161/3307/3039
f 3140/3286/3022 3139/3285/3008 3161/3307/3039
f 3309/3487/3177 3149/3295/3031 3142/3288/3024 3153/3299/3033
f 3306/3484/3174 3141/3287/3023 3148/3294/3030
f 3152/3298/2984 3310/3488/3168 3145/3291/3027 3150/3296/3032
f 3138/3284/3021 3310/3488/3168 3157/3303/2987 3139/3285/3008
f 3149/3295/3031 3309/3487/3177 3158/3304/2988
f 3153/3299/3033 3147/3293/3029 3155/3301/3035
f 3306/3484/3174 3305/3483/3173 3136/3282/3019 3141/3287/3023
f 3307/3485/3175 3144/3290/3026 3140/3286/3022 3308/3486/3176
f 3311/3489/3178 3312/3490/3179 3171/3317/3048 3173/3319/3049
f 3313/3491/3171 3148/3294/3030 3158/3304/2988
f 3151/3297/2983 3159/3305/3037 3163/3309/2990
f 3139/3285/3008 3156/3302/3036 3161/3307/3039
f 3154/3300/3034 3146/3292/3028 3162/3308/3040
f 3161/3307/3039 3160/3306/3038 3159/3305/3037
f 3162/3308/3040 3148/3294/3030 3313/3491/3171
f 3138/3284/3021 3145/3291/3027 3310/3488/3168
f 3193/3339/2966 3192/3338/3063 3314/3492/3168
f 3315/3493/3180 3177/3323/3052 3169/3315/3046 3168/3314/3045
f 3185/3331/3059 3166/3312/3043 3165/3311/3042 3170/3316/3047
f 3172/3318/2983 3171/3317/3048 3312/3490/3179
f 3186/3332/2967 3167/3313/3044 3169/3315/3046
f 3311/3489/3178 3173/3319/3049 3175/3321/2988
f 3178/3324/2983 3177/3323/3052 3315/3493/3180
f 3184/3330/3058 3183/3329/3057 3316/3494/3181
f 3194/3340/3064 3179/3325/3053 3181/3327/3055
f 3193/3339/2966 3314/3492/3168 3187/3333/2987 3186/3332/2967
f 3188/3334/2984 3314/3492/3168 3192/3338/3063 3176/3322/3051
f 3174/3320/3050 3189/3335/3060 3175/3321/2988
f 3177/3323/3052 3176/3322/3051 3181/3327/3055 3180/3326/3054
f 3164/3310/3041 3166/3312/3043 3174/3320/3050
f 3191/3337/3062 3194/3340/3064 3181/3327/3055
f 3316/3494/3181 3183/3329/3057 3173/3319/3049
f 3173/3319/3049 3171/3317/3048 3184/3330/3058 3316/3494/3181
f 3194/3340/3064 3186/3332/2967 3169/3315/3046
f 3171/3317/3048 3182/3328/3056 3184/3330/3058
f 3179/3325/3053 3194/3340/3064 3169/3315/3046
f 3177/3323/3052 3180/3326/3054 3179/3325/3053 3169/3315/3046
f 3207/3353/3077 3214/3360/3084 3202/3348/3072 3208/3354/3078
f 3174/3320/3050 3183/3329/3057 3164/3310/3041
f 3192/3338/3063 3181/3327/3055 3176/3322/3051
f 3165/3311/3042 3182/3328/3056 3170/3316/3047
f 3191/3337/3062 3193/3339/2966 3194/3340/3064
f 3195/3341/3065 3197/3343/3067 3204/3350/3074
f 3212/3358/3082 3205/3351/3075 3209/3355/3079 3197/3343/3067
f 3203/3349/3073 3200/3346/3070 3199/3345/3069 3201/3347/3071
f 3201/3347/3071 3208/3354/3078 3202/3348/3072
f 3197/3343/3067 3196/3342/3066 3212/3358/3082
f 3206/3352/3076 3317/3495/3182 3195/3341/3065 3204/3350/3074
f 3195/3341/3065 3317/3495/3182 3196/3342/3066
f 3210/3356/3080 3202/3348/3072 3214/3360/3084 3215/3361/3085
f 3214/3360/3084 3207/3353/3077 3199/3345/3069
f 3204/3350/3074 3209/3355/3079 3205/3351/3075
f 3199/3345/3069 3198/3344/3068 3214/3360/3084
f 3201/3347/3071 3199/3345/3069 3207/3353/3077
f 3213/3359/3083 3211/3357/3081 3205/3351/3075 3212/3358/3082
f 3218/3364/3088 3220/3366/3090 3210/3356/3080 3215/3361/3085
f 3213/3359/3083 3223/3369/3093 3217/3363/3087 3211/3357/3081
f 3318/3496/3183 3200/3346/3070 3203/3349/3073 3226/3372/3096
f 3203/3349/3073 3210/3356/3080 3220/3366/3090
f 3216/3362/3086 3319/3497/3184 3196/3342/3066 3317/3495/3182
f 3319/3497/3184 3223/3369/3093 3213/3359/3083 3196/3342/3066
f 3198/3344/3068 3200/3346/3070 3318/3496/3183
f 3216/3362/3086 3317/3495/3182 3206/3352/3076
f 3215/3361/3085 3318/3496/3183 3218/3364/3088
f 3206/3352/3076 3211/3357/3081 3217/3363/3087
f 3203/3349/3073 3220/3366/3090 3226/3372/3096
f 3320/3498/3185 3318/3496/3183 3226/3372/3096 3221/3367/3091
f 3215/3361/3085 3198/3344/3068 3318/3496/3183
f 3217/3363/3087 3223/3369/3093 3222/3368/3092
f 3225/3371/3095 3224/3370/3094 3319/3497/3184 3216/3362/3086
f 3219/3365/3089 3218/3364/3088 3318/3496/3183 3320/3498/3185
f 3223/3369/3093 3319/3497/3184 3224/3370/3094
f 3225/3371/3095 3216/3362/3086 3217/3363/3087
o phoemix_Circle.000
v 1.049513 -0.738653 -4.930755
v -0.324627 -0.639729 -5.028135
v -0.385633 -0.926562 -4.793960
v -0.324623 -0.639758 5.028139
v 1.051645 -0.739373 4.936185
v -0.385626 -0.926564 4.793784
v 1.049522 -0.746601 -4.941539
v 1.055661 -1.016772 -4.728515
v 1.055673 -1.017903 4.730007
v -0.744268 -0.756700 -4.871512
v -0.745480 -0.876916 -4.837306
v -0.743161 -0.771588 -4.764896
v -0.745362 -0.883824 -4.824893
v -0.745479 -0.876925 4.837306
v -0.743561 -0.771712 4.765046
v -0.745365 -0.883831 4.824893
v -0.742148 -0.841128 -4.708820
v -0.742085 -0.886327 4.694815
v -0.740481 -0.930619 -4.710398
v -0.739390 -1.012126 -4.792666
v -0.738962 -1.012306 4.792614
v -0.745311 -0.889549 -4.835920
v -0.741705 -0.963301 -4.944377
v -0.742222 -0.829069 -4.951462
v 1.648524 -0.838029 -4.785648
v 1.756801 -0.875182 -4.837094
v 1.650507 -0.821304 -4.871189
v 1.758062 -0.872070 4.838426
v 1.620055 -0.816031 4.798757
v 1.650780 -0.821386 4.871142
v 1.631275 -0.917199 -4.778797
v 1.633348 -0.948856 -4.842974
v 1.757784 -0.882694 -4.839432
v 1.620893 -0.928628 4.784738
v 1.757724 -0.878933 4.834565
v 1.633346 -0.948866 4.842974
v 1.756905 -0.879236 4.842492
v 1.758122 -0.877055 -4.845064
v 1.649092 -0.898017 -4.902615
v 1.411031 -0.749945 -4.874664
v 1.411039 -0.749955 4.874662
v 1.402793 -0.840046 -4.712667
v 1.401875 -0.768389 -4.766856
v 1.630567 -0.869368 4.767656
v 1.403910 -0.929779 4.717230
v 1.402797 -0.840055 4.712666
v 1.404726 -0.995559 -4.778418
v 1.403911 -0.929771 -4.717232
v 1.404725 -0.995568 4.778417
v 1.420865 -1.000229 -4.889534
v 1.649085 -0.898028 4.902617
v 1.420867 -1.000238 4.889533
v 1.403669 -0.917503 -4.963655
v 1.402551 -0.827805 -4.959299
v 1.402550 -0.827812 4.959298
v -0.742751 -0.872658 4.969632
v 1.403671 -0.917513 4.963654
v 1.056195 -1.003240 -4.955348
v -0.311794 -1.133669 -5.090413
v 1.056015 -0.993039 -4.964033
v 1.058375 -0.998343 4.962866
v -0.311791 -1.133681 5.090391
v 1.049330 -0.773774 4.699070
v 1.048999 -0.772867 -4.699723
v -0.386823 -0.880639 -4.820265
v -0.386822 -0.880484 4.820293
v -0.315503 -1.144133 4.632534
v -0.315501 -1.144131 -4.632535
v -0.743996 -0.756586 4.871545
v -0.745308 -0.889558 4.835917
v -0.740948 -0.990755 4.906517
v 1.401878 -0.768397 4.766855
v -0.326907 -0.704762 -4.614153
v -0.326912 -0.704770 4.614161
vt 0.457777 0.768239
vt 0.483911 0.770601
vt 0.485045 0.763696
vt 0.483911 0.770601
vt 0.457776 0.768180
vt 0.485047 0.763693
vt 0.457775 0.768065
vt 0.457698 0.761548
vt 0.457698 0.761523
vt 0.658951 0.752064
vt 0.659337 0.739016
vt 0.658936 0.750957
vt 0.659331 0.738531
vt 0.659337 0.739016
vt 0.658967 0.750935
vt 0.659331 0.738531
vt 0.658847 0.743165
vt 0.658775 0.738158
vt 0.658704 0.733187
vt 0.658625 0.724992
vt 0.658588 0.724957
vt 0.659326 0.737929
vt 0.658750 0.730521
vt 0.658857 0.744519
vt 0.444085 0.743922
vt 0.430229 0.739585
vt 0.443546 0.746034
vt 0.430232 0.739842
vt 0.444114 0.746310
vt 0.443567 0.746119
vt 0.443784 0.734656
vt 0.443825 0.730872
vt 0.430219 0.738604
vt 0.444088 0.733330
vt 0.430223 0.739054
vt 0.443825 0.730872
vt 0.430223 0.738976
vt 0.430227 0.739282
vt 0.444025 0.736689
vt 0.462691 0.752535
vt 0.462691 0.752535
vt 0.463039 0.743347
vt 0.463120 0.751240
vt 0.443813 0.740277
vt 0.462941 0.733467
vt 0.463039 0.743347
vt 0.462868 0.726225
vt 0.462940 0.733467
vt 0.462868 0.726225
vt 0.462572 0.726048
vt 0.444026 0.736688
vt 0.462572 0.726048
vt 0.462960 0.734818
vt 0.463059 0.744696
vt 0.463059 0.744696
vt 0.658826 0.739529
vt 0.462960 0.734818
vt 0.410752 0.759719
vt 0.447706 0.755253
vt 0.410756 0.760033
vt 0.410754 0.759918
vt 0.447706 0.755254
vt 0.410991 0.767557
vt 0.410991 0.767587
vt 0.449692 0.763936
vt 0.449695 0.763930
vt 0.483752 0.758457
vt 0.483752 0.758457
vt 0.658926 0.752089
vt 0.659326 0.737929
vt 0.658736 0.726532
vt 0.463120 0.751240
vt 0.448129 0.769928
vt 0.448129 0.769928
vn 0.5952 0.7904 0.1449
vn -0.7687 0.4930 -0.4075
vn -0.4280 -0.7174 0.5497
vn -0.7254 0.5329 0.4358
vn 0.8189 0.4635 0.3384
vn -0.8502 -0.4086 -0.3320
vn 0.5937 0.0876 -0.7999
vn 0.7079 -0.5647 0.4242
vn 0.7931 -0.4878 -0.3648
vn -0.6264 0.7458 -0.2267
vn -1.0000 0.0016 -0.0087
vn -0.6278 0.6685 0.3987
vn -0.9996 -0.0163 0.0220
vn -1.0000 0.0012 0.0067
vn -0.6154 0.6622 -0.4276
vn -0.9996 -0.0191 -0.0200
vn -0.6297 0.2333 0.7410
vn -0.6026 -0.0466 -0.7967
vn -0.6145 -0.3155 0.7231
vn -0.5937 -0.7801 0.1973
vn -0.5852 -0.7627 -0.2754
vn -0.9994 -0.0331 -0.0034
vn -0.6003 -0.4778 -0.6413
vn -0.6104 0.3105 -0.7287
vn 0.4139 0.5702 0.7097
vn 0.6321 0.5271 0.5680
vn 0.4059 0.8079 -0.4273
vn 0.6388 0.7694 0.0058
vn 0.3461 0.8102 -0.4731
vn 0.4106 0.7776 0.4761
vn 0.3808 -0.4829 0.7885
vn 0.3891 -0.9185 -0.0707
vn 0.6526 -0.7427 0.1500
vn 0.3632 -0.6360 -0.6809
vn 0.6728 -0.2960 -0.6781
vn 0.3931 -0.9148 0.0929
vn 0.6421 -0.3700 0.6714
vn 0.6840 0.1700 -0.7094
vn 0.4090 -0.2540 -0.8765
vn 0.1414 0.9515 -0.2733
vn 0.1309 0.9455 0.2981
vn 0.1307 0.3002 0.9449
vn 0.1279 0.8533 0.5054
vn 0.3796 0.1276 -0.9163
vn 0.1217 -0.3734 -0.9196
vn 0.1256 0.2779 -0.9524
vn 0.1183 -0.8999 0.4197
vn 0.1337 -0.3744 0.9176
vn 0.1163 -0.8915 -0.4379
vn 0.1423 -0.9106 -0.3880
vn 0.4176 -0.2520 0.8730
vn 0.1420 -0.8981 0.4162
vn 0.1181 -0.3356 -0.9346
vn 0.1187 0.4024 -0.9077
vn 0.1186 0.4005 0.9086
vn -0.6185 0.0575 0.7837
vn 0.1169 -0.2901 0.9498
vn 0.6190 -0.7852 -0.0185
vn -0.7447 -0.4606 -0.4830
vn 0.6102 0.1087 -0.7847
vn 0.8496 -0.3364 0.4063
vn -0.6996 -0.4903 0.5197
vn 0.7559 0.4290 -0.4945
vn 0.6795 0.4803 0.5546
vn -0.4580 0.5853 0.6690
vn -0.8808 0.3225 -0.3468
vn -0.0773 -0.8008 -0.5939
vn -0.0771 -0.7973 0.5987
vn -0.6087 0.7504 0.2577
vn -0.9994 -0.0343 0.0027
vn -0.6037 -0.6697 0.4326
vn 0.1233 0.8355 -0.5354
vn -0.1119 0.6479 0.7534
vn -0.1115 0.6458 -0.7553
usemtl FUSELAJE_a10TS.JPG.001
s 1
f 3321/3499/3186 3322/3500/3187 3323/3501/3188
f 3324/3502/3189 3325/3503/3190 3326/3504/3191
f 3322/3500/3187 3327/3505/3192 3323/3501/3188
f 3321/3499/3186 3328/3506/3193 3327/3505/3192
f 3325/3503/3190 3324/3502/3189 3329/3507/3194
f 3327/3505/3192 3322/3500/3187 3321/3499/3186
f 3330/3508/3195 3331/3509/3196 3332/3510/3197
f 3332/3510/3197 3331/3509/3196 3333/3511/3198
f 3334/3512/3199 3335/3513/3200 3336/3514/3201
f 3332/3510/3197 3333/3511/3198 3337/3515/3202
f 3336/3514/3201 3335/3513/3200 3338/3516/3203
f 3337/3515/3202 3333/3511/3198 3339/3517/3204
f 3340/3518/3205 3339/3517/3204 3333/3511/3198
f 3336/3514/3201 3338/3516/3203 3341/3519/3206
f 3340/3518/3205 3342/3520/3207 3343/3521/3208
f 3343/3521/3208 3331/3509/3196 3344/3522/3209
f 3331/3509/3196 3330/3508/3195 3344/3522/3209
f 3345/3523/3210 3346/3524/3211 3347/3525/3212
f 3348/3526/3213 3349/3527/3214 3350/3528/3215
f 3351/3529/3216 3346/3524/3211 3345/3523/3210
f 3352/3530/3217 3353/3531/3218 3351/3529/3216
f 3354/3532/3219 3355/3533/3220 3356/3534/3221
f 3357/3535/3222 3356/3534/3221 3355/3533/3220
f 3358/3536/3223 3359/3537/3224 3347/3525/3212
f 3350/3528/3215 3357/3535/3222 3348/3526/3213
f 3345/3523/3210 3347/3525/3212 3360/3538/3225
f 3350/3528/3215 3349/3527/3214 3361/3539/3226
f 3362/3540/3227 3345/3523/3210 3363/3541/3228
f 3364/3542/3229 3365/3543/3230 3366/3544/3231
f 3365/3543/3230 3364/3542/3229 3354/3532/3219
f 3367/3545/3232 3351/3529/3216 3368/3546/3233
f 3354/3532/3219 3369/3547/3234 3365/3543/3230
f 3370/3548/3235 3352/3530/3217 3367/3545/3232
f 3370/3548/3235 3359/3537/3224 3352/3530/3217
f 3371/3549/3236 3372/3550/3237 3356/3534/3221
f 3359/3537/3224 3370/3548/3235 3373/3551/3238
f 3359/3537/3224 3373/3551/3238 3374/3552/3239
f 3350/3528/3215 3375/3553/3240 3371/3549/3236
f 3338/3516/3203 3366/3544/3231 3365/3543/3230
f 3370/3548/3235 3340/3518/3205 3343/3521/3208
f 3343/3521/3208 3373/3551/3238 3370/3548/3235
f 3375/3553/3240 3376/3554/3241 3377/3555/3242
f 3378/3556/3243 3379/3557/3244 3380/3558/3245
f 3381/3559/3246 3382/3560/3247 3383/3561/3248
f 3380/3558/3245 3384/3562/3249 3378/3556/3243
f 3379/3557/3244 3378/3556/3243 3385/3563/3250
f 3380/3558/3245 3379/3557/3244 3385/3563/3250
f 3382/3560/3247 3381/3559/3246 3386/3564/3251
f 3387/3565/3252 3326/3504/3191 3325/3503/3190 3329/3507/3194
f 3327/3505/3192 3328/3506/3193 3388/3566/3253 3323/3501/3188
f 3324/3502/3189 3326/3504/3191 3329/3507/3194
f 3348/3526/3213 3355/3533/3220 3364/3542/3229 3349/3527/3214
f 3329/3507/3194 3326/3504/3191 3387/3565/3252
f 3334/3512/3199 3389/3567/3254 3335/3513/3200
f 3388/3566/3253 3328/3506/3193 3321/3499/3186 3323/3501/3188
f 3340/3518/3205 3333/3511/3198 3342/3520/3207
f 3390/3568/3255 3336/3514/3201 3341/3519/3206
f 3390/3568/3255 3341/3519/3206 3391/3569/3256
f 3391/3569/3256 3376/3554/3241 3390/3568/3255
f 3343/3521/3208 3342/3520/3207 3331/3509/3196
f 3334/3512/3199 3390/3568/3255 3376/3554/3241
f 3334/3512/3199 3376/3554/3241 3389/3567/3254
f 3349/3527/3214 3364/3542/3229 3366/3544/3231 3392/3570/3257
f 3351/3529/3216 3353/3531/3218 3346/3524/3211
f 3354/3532/3219 3364/3542/3229 3355/3533/3220
f 3352/3530/3217 3359/3537/3224 3353/3531/3218
f 3357/3535/3222 3371/3549/3236 3356/3534/3221
f 3358/3536/3223 3353/3531/3218 3359/3537/3224
f 3357/3535/3222 3350/3528/3215 3371/3549/3236
f 3347/3525/3212 3346/3524/3211 3358/3536/3223
f 3363/3541/3228 3345/3523/3210 3360/3538/3225
f 3361/3539/3226 3349/3527/3214 3392/3570/3257
f 3345/3523/3210 3362/3540/3227 3368/3546/3233 3351/3529/3216
f 3360/3538/3225 3330/3508/3195 3332/3510/3197 3363/3541/3228
f 3367/3545/3232 3352/3530/3217 3351/3529/3216
f 3354/3532/3219 3356/3534/3221 3369/3547/3234
f 3372/3550/3237 3369/3547/3234 3356/3534/3221
f 3371/3549/3236 3377/3555/3242 3372/3550/3237
f 3371/3549/3236 3375/3553/3240 3377/3555/3242
f 3347/3525/3212 3359/3537/3224 3374/3552/3239
f 3374/3552/3239 3360/3538/3225 3347/3525/3212
f 3350/3528/3215 3361/3539/3226 3375/3553/3240
f 3361/3539/3226 3392/3570/3257 3335/3513/3200 3389/3567/3254
f 3363/3541/3228 3332/3510/3197 3337/3515/3202 3362/3540/3227
f 3338/3516/3203 3335/3513/3200 3392/3570/3257 3366/3544/3231
f 3362/3540/3227 3337/3515/3202 3339/3517/3204 3368/3546/3233
f 3368/3546/3233 3339/3517/3204 3340/3518/3205 3367/3545/3232
f 3365/3543/3230 3369/3547/3234 3341/3519/3206 3338/3516/3203
f 3391/3569/3256 3372/3550/3237 3377/3555/3242 3376/3554/3241
f 3340/3518/3205 3370/3548/3235 3367/3545/3232
f 3369/3547/3234 3372/3550/3237 3341/3519/3206
f 3372/3550/3237 3391/3569/3256 3341/3519/3206
f 3374/3552/3239 3373/3551/3238 3343/3521/3208 3344/3522/3209
f 3344/3522/3209 3330/3508/3195 3360/3538/3225 3374/3552/3239
f 3376/3554/3241 3375/3553/3240 3361/3539/3226 3389/3567/3254
f 3378/3556/3243 3384/3562/3249 3393/3571/3258 3385/3563/3250
f 3393/3571/3258 3384/3562/3249 3380/3558/3245 3385/3563/3250
f 3383/3561/3248 3386/3564/3251 3394/3572/3259
f 3382/3560/3247 3386/3564/3251 3383/3561/3248
f 3394/3572/3259 3386/3564/3251 3381/3559/3246 3383/3561/3248
o PAVEWAY_Circle.000
v -0.520807 -1.071839 3.833922
v -0.833074 -0.949681 3.815818
v -0.520810 -0.954662 3.801953
v -0.520803 -1.086367 -3.828155
v -0.833053 -1.001108 -3.836615
v -0.833059 -1.140718 -3.802026
v -0.520734 -1.144106 3.773554
v -0.833060 -1.130831 3.812367
v -0.520823 -1.170186 -3.760226
v -0.833060 -1.192901 -3.687457
v -0.520802 -1.178820 -3.636422
v -0.833067 -1.126821 -3.569419
v -0.520805 -1.123484 3.574417
v -0.833084 -1.193623 3.646769
v -0.520809 -1.191415 3.678929
v -0.833060 -1.049414 3.543964
v -0.833067 -0.963920 -3.561864
v -0.520808 -1.086368 -3.555537
v -0.520824 -0.979072 3.568438
v -0.833053 -0.911606 3.620533
v -0.520814 -0.927598 3.613385
v -0.833060 -0.899123 -3.716396
v -0.520800 -0.914243 -3.638891
v -0.520719 -1.032471 -3.819134
v -0.520825 -0.978945 -3.818242
v -0.520747 -1.094353 3.810942
v -0.520724 -1.032470 3.819132
v -0.520746 -1.136168 -3.783003
v -0.520756 -1.171453 -3.716989
v -0.520757 -1.136177 3.600690
v -0.520756 -1.070166 3.565411
v -0.520800 -1.043905 3.550758
v -0.520756 -1.019878 -3.565412
v -0.520809 -0.977703 -3.565892
v -0.520724 -0.963889 3.592968
v -0.520730 -1.007900 3.569447
v -0.520719 -0.917732 -3.679301
v -0.520812 -0.908920 -3.734495
v -0.520769 -0.925922 -3.741169
v -0.389739 -0.997919 -1.792458
v -0.389644 -1.006298 -1.776635
v -0.389737 -0.995663 -1.682861
v -0.389645 -1.029829 1.658350
v -0.389730 -1.038093 1.629101
v -0.389651 -1.068401 1.626695
v -0.389736 -1.075741 -1.608721
v -0.389668 -1.128695 -1.610590
v -0.389726 -1.185331 -1.606468
v -0.389640 -1.116148 1.612210
v -0.389721 -1.156851 1.597918
v -0.389690 -1.178024 1.620399
v -0.389678 -1.235880 -1.667885
v -0.389730 -1.265004 -1.698154
v -0.389645 -1.251092 1.702363
v -0.389682 -1.226760 1.656914
v -0.389725 -1.270275 1.711343
v -0.389640 -1.255985 -1.726967
v -0.389681 -1.248262 -1.801864
v -0.389645 -1.209845 1.838362
v -0.389673 -1.242521 1.798494
v -0.389707 -1.218168 1.850569
v -0.389640 -1.165833 1.861894
v -0.389740 -1.100544 1.881078
v -0.389615 -1.179078 -1.858527
v -0.389640 -1.116146 -1.866786
v -0.389719 -1.084608 -1.879688
v -0.389645 -1.116156 1.866786
v -0.389645 -1.068414 1.852307
v -0.389645 -1.029830 -1.820648
v -0.389739 -1.011273 1.817964
v -0.701997 -0.977673 1.698848
v -0.389730 -0.986940 1.725537
v -0.701983 -1.042881 -1.618979
v -0.702017 -0.982099 -1.800224
v -0.701975 -1.128698 1.590792
v -0.702017 -1.284322 1.708538
v -0.701986 -1.273866 -1.778723
v -0.701990 -1.209796 -1.609516
v -0.701982 -1.201067 1.866227
v -0.701975 -1.157701 -1.885347
v -0.701986 -1.061899 1.874225
v -0.520762 -0.905776 3.678118
v -0.520812 -0.910987 3.732500
v -0.520756 -0.973397 3.799021
v -0.520756 -0.973391 -3.799021
v -0.520756 -1.094363 -3.572753
v -0.520724 -1.143904 -3.610720
v -0.520730 -1.082134 -3.814247
v -0.520756 -1.171459 3.716988
v -0.520730 -1.167416 -3.654716
v -0.520724 -1.167422 3.654714
v -0.520724 -0.932223 -3.631544
v -0.520724 -0.963880 -3.592971
v -0.520747 -0.925929 3.642514
v -0.520724 -0.917737 3.704393
v -0.389640 -1.006299 1.702361
v -0.520730 -0.932228 3.752145
v -0.389677 -1.002266 1.764659
v -0.389651 -1.029830 1.820645
v -0.389667 -1.002264 -1.714337
v -0.389645 -1.029826 -1.658354
v -0.389651 -1.068399 -1.626695
v -0.389651 -1.188988 -1.626695
v -0.389640 -1.255986 1.752028
v -0.389690 -1.247793 -1.788823
v -0.389651 -1.068408 -1.852305
v 0.547318 -0.891252 3.628147
v 0.909796 -0.897750 3.756107
v 1.148134 -0.925898 3.626734
v 0.521184 -0.880813 -3.659187
v 1.159069 -0.936120 -3.607909
v 1.070173 -0.906391 -3.728591
v 0.561205 -0.983009 -3.536135
v 1.078249 -1.055699 -3.551620
v 0.569849 -1.169009 -3.571909
v 1.145095 -1.164422 -3.620197
v 0.546732 -1.188273 3.610008
v 0.924462 -1.090444 3.538148
v 1.105335 -1.175007 3.639524
v 0.547651 -1.199610 -3.755856
v 1.084590 -1.169673 -3.756741
v 0.895655 -1.096645 -3.846045
v 0.565889 -1.196452 3.769999
v 1.071293 -1.110297 3.817526
v 0.532774 -1.025889 3.861380
v 1.098153 -0.993608 3.823308
v 1.456891 -1.003530 -3.768274
v 1.088595 -0.998856 -3.827397
v 1.456891 -1.003533 3.768272
v 1.456887 -0.966413 -3.659285
v 1.456887 -1.061108 -3.608189
v 1.456883 -1.122547 3.667850
v 1.456887 -1.061117 3.608189
v 1.456885 -1.109730 -3.744955
v 1.456885 -1.109734 3.744955
v 1.100347 -1.169372 3.752449
v 1.823128 -0.980730 -3.746195
v 1.462990 -1.067761 -3.776448
v 1.462990 -0.964732 -3.722177
v 1.824928 -0.961806 3.718463
v 1.462990 -1.016930 3.774827
v 1.823839 -1.062985 3.775631
v 1.462990 -1.123236 3.727160
v 1.822693 -1.126510 3.706852
v 1.823752 -1.114243 -3.737360
v 1.462990 -1.129055 -3.686174
v 1.822696 -1.121110 -3.659051
v 1.462990 -1.029708 -3.599307
v 1.822691 -1.102773 3.632424
v 1.462990 -1.074449 3.605044
v 1.823838 -1.011046 3.613174
v 1.462990 -0.961416 3.672463
v 1.823265 -0.966617 -3.668653
v 1.982340 -1.040840 3.696120
v 1.982074 -1.041563 -3.696695
v 1.821650 -1.053649 -3.773151
v 1.982597 -1.051216 -3.693518
v 1.982164 -1.050821 3.694151
v 1.980697 -1.043380 -3.687373
v 1.823145 -1.035702 -3.604933
v 1.980895 -1.043015 3.687257
v -0.772344 -0.901636 -3.545674
v -0.443989 -0.905301 -3.545843
v -0.839046 -1.040908 -3.685570
v -0.443989 -0.905305 3.545841
v -0.772343 -0.901640 3.545671
v -0.839046 -1.040916 3.685569
v 1.644218 -1.199083 3.558685
v 1.498335 -1.200447 3.560318
v 1.644219 -1.201810 3.561951
v 1.498335 -0.889321 -3.820991
v 1.644218 -0.890683 -3.822624
v 1.644219 -0.887957 -3.819358
v 1.498335 -0.902825 -3.546455
v 1.644218 -0.901302 -3.547939
v 1.644219 -0.904347 -3.544970
v 1.644218 -1.188386 3.834914
v 1.498335 -1.186865 3.836400
v 1.644219 -1.185343 3.837886
v -0.772343 -0.889785 -3.819722
v -0.443989 -0.890253 -3.816084
v -0.839046 -1.040607 -3.692359
v -0.443989 -0.890261 3.816082
v -0.772343 -0.889792 3.819720
v -0.839046 -1.040615 3.692357
v -0.833065 -0.911844 -3.718025
v 0.564482 -0.935394 -3.821018
v -0.833057 -0.914439 3.719820
v -0.833059 -0.929637 3.629965
v -0.833057 -0.954753 -3.594103
v -0.833060 -1.052312 -3.560714
v -0.833055 -1.138377 3.597881
v -0.833059 -1.176455 3.680165
v -0.833054 -1.116593 -3.803457
v -0.833061 -1.002348 -3.818821
v -0.833059 -0.983026 3.808363
v -0.701982 -1.113428 1.869872
v 0.677379 -1.041432 1.877413
v -0.701988 -1.014131 1.812165
v -0.701980 -1.208643 -1.851851
v 0.663346 -1.035152 -1.884724
v 1.036806 -1.214988 -1.876613
v -0.701984 -1.222538 1.838465
v 0.678380 -1.161170 1.902743
v 0.678640 -1.281228 1.808083
v 0.678644 -1.293623 -1.767216
v -0.701983 -1.258510 1.714751
v 1.040434 -1.276088 1.677253
v -0.701984 -1.260011 -1.719592
v 0.678393 -1.246386 -1.621804
v 0.680641 -1.079053 -1.575859
v -0.701978 -1.201283 -1.628772
v -0.701986 -1.069755 -1.615946
v 0.678640 -0.963764 -1.711782
v -0.701981 -1.005417 1.689832
v 0.695588 -1.051309 1.588785
v -0.701977 -1.078912 1.617168
v 0.680640 -0.958517 1.756259
v -0.701985 -0.994000 -1.745287
v -0.641265 -0.973460 -1.867375
v -0.312912 -0.973928 -1.863736
v -0.707966 -1.124283 -1.740011
v -0.312912 -0.973930 1.863735
v -0.641265 -0.973462 1.867373
v -0.707966 -1.124285 1.740010
v 1.775298 -1.272057 1.882566
v 1.629412 -1.270536 1.884052
v 1.775297 -1.269014 1.885539
v 1.629412 -0.986499 -1.594107
v 1.775297 -0.984976 -1.595591
v 1.775298 -0.988022 -1.592622
v 1.629412 -0.972996 -1.868643
v 1.775298 -0.974360 -1.870276
v 1.775298 -0.971633 -1.867010
v 1.775298 -1.282753 1.606339
v 1.629413 -1.284117 1.607970
v 1.775297 -1.285480 1.609603
v -0.641265 -0.985309 -1.593326
v -0.312912 -0.988974 -1.593494
v -0.707966 -1.124585 -1.733223
v -0.312912 -0.988976 1.593493
v -0.641265 -0.985311 1.593325
v -0.707966 -1.124586 1.733221
v 1.953527 -1.047223 -1.732562
v 2.113113 -1.123402 -1.736816
v 1.954915 -1.082145 -1.811450
v 1.954913 -1.094715 -1.660827
v 2.111438 -1.128594 1.734862
v 1.953528 -1.075987 1.676988
v 1.956006 -1.045477 1.766117
v 1.954913 -1.160304 1.659849
v 1.953527 -1.179713 -1.675612
v 2.112916 -1.132928 -1.735699
v 1.954827 -1.211536 -1.738884
v 2.112700 -1.129459 -1.745216
v 1.952735 -1.175280 -1.808031
v 2.113353 -1.133160 1.743567
v 1.954208 -1.138164 1.823141
v 1.954917 -1.212976 1.754961
v 2.113417 -1.124128 1.743350
v 1.594070 -1.065257 1.684074
v 1.594070 -1.041271 -1.745305
v 1.594070 -1.114601 -1.654842
v 1.594070 -1.220144 -1.733465
v 1.594070 -1.125989 -1.825275
v 1.594070 -1.208083 1.785294
v 1.594070 -1.063352 1.800766
v 1.247521 -1.009480 -1.806623
v 1.587961 -1.064973 -1.789474
v 1.207610 -1.111373 -1.883783
v 1.587968 -1.087204 1.815926
v 1.209725 -1.008159 1.811776
v 1.229339 -1.101092 1.877936
v 1.587961 -1.142732 -1.823937
v 1.587964 -1.199225 1.787272
v 1.195056 -1.216131 1.851971
v 1.229402 -1.265563 1.765661
v 1.224015 -1.266035 -1.767010
v 1.587962 -1.212005 -1.747706
v 1.237971 -1.229907 -1.639304
v 1.587968 -1.183940 1.672175
v 1.265766 -1.104894 1.606133
v 1.587960 -1.090033 1.668139
v 1.587962 -1.103919 -1.659630
v 1.240854 -0.994712 -1.696797
v 1.235693 -1.091466 -1.603558
v 1.255400 -0.997971 1.686749
v 1.587960 -1.048079 1.723461
v 1.587960 -1.048079 -1.723460
v 1.456887 -0.966418 3.659284
v 0.903248 -0.993166 3.541285
v 1.456883 -1.122541 -3.667850
v 1.743385 -1.041965 -3.695873
v 1.743385 -1.039236 -3.692608
v 1.743385 -1.041970 3.695871
v 1.644218 -0.890690 3.822623
v 1.644219 -0.887964 3.819357
v 1.743385 -1.039242 3.692607
v 1.644218 -1.201804 -3.561953
v 1.644218 -1.199078 -3.558686
v 1.644218 -1.185338 -3.837888
v 1.644218 -1.188381 -3.834916
v 1.743385 -1.042460 -3.685953
v 1.743385 -1.039416 -3.688924
v 1.743385 -1.039421 3.688924
v 1.743385 -1.042465 3.685951
v 1.644218 -0.901308 3.547939
v 1.644219 -0.904352 3.544969
v -0.772344 -1.188052 -3.833388
v -0.445679 -1.184649 -3.833477
v -0.772344 -1.188057 3.833386
v -0.445679 -1.184654 3.833475
v 1.462990 -1.040600 -3.694240
v 1.498335 -1.200441 -3.560319
v 1.498335 -0.889327 3.820989
v 1.462990 -1.040606 3.694239
v 1.462990 -1.040938 -3.687438
v 1.498335 -1.186860 -3.836402
v 1.462990 -1.040943 3.687437
v 1.498335 -0.902830 3.546454
v -0.445680 -1.199782 -3.561199
v -0.445678 -1.199786 3.561200
v -0.772342 -1.199973 -3.557800
v -0.772343 -1.199977 3.557801
v -0.833065 -1.018560 3.558793
v -0.833057 -1.152862 -3.610392
v -0.833060 -1.172208 -3.724581
v 1.036403 -1.208938 1.599885
v -0.701985 -1.184966 1.616154
v -0.833060 -1.122909 3.806430
v -0.701983 -1.062698 -1.856277
v -0.641263 -1.283652 -1.605451
v -0.314601 -1.283459 -1.608852
v -0.641263 -1.283653 1.605449
v -0.314601 -1.283460 1.608851
v 1.594070 -1.124612 -1.735091
v 1.874462 -1.126134 -1.733605
v 1.775298 -1.272055 -1.882568
v 1.775297 -1.269012 -1.885540
v 1.629412 -1.270534 -1.884054
v 1.629412 -0.986501 1.594106
v 1.775297 -0.988023 1.592621
v 1.775297 -0.984979 1.595591
v 1.594070 -1.124614 1.735089
v 1.874462 -1.126135 1.733603
v 1.874462 -1.123091 -1.736577
v 1.874462 -1.123092 1.736576
v 1.775297 -1.285479 -1.609604
v 1.874462 -1.125640 -1.743524
v 1.594070 -1.124275 -1.741893
v 1.629413 -1.284116 -1.607972
v 1.594070 -1.124276 1.741891
v 1.874462 -1.125641 1.743523
v 1.775298 -1.282751 -1.606341
v 1.874462 -1.122911 -1.740261
v 1.874462 -1.122911 1.740260
v 1.775298 -0.974361 1.870275
v 1.629412 -0.972998 1.868642
v 1.775298 -0.971635 1.867009
v -0.314597 -1.268321 -1.881127
v -0.314597 -1.268323 1.881127
v -0.641266 -1.271725 -1.881040
v -0.641266 -1.271728 1.881040
v 1.594070 -1.164014 1.661284
v 1.587960 -1.179825 -1.676478
vt 0.578177 0.659802
vt 0.597314 0.668000
vt 0.578177 0.668547
vt 0.578177 0.658693
vt 0.597314 0.664887
vt 0.597314 0.654628
vt 0.578174 0.654083
vt 0.597314 0.655530
vt 0.578177 0.652438
vt 0.597314 0.651049
vt 0.578177 0.652089
vt 0.597314 0.655789
vt 0.578177 0.655810
vt 0.597314 0.652073
vt 0.578177 0.651507
vt 0.597314 0.661479
vt 0.597314 0.667281
vt 0.578177 0.658693
vt 0.578177 0.666906
vt 0.597314 0.671052
vt 0.578177 0.670745
vt 0.597314 0.672372
vt 0.578177 0.671775
vt 0.578174 0.662757
vt 0.578177 0.666719
vt 0.578174 0.658012
vt 0.578174 0.662758
vt 0.578174 0.654820
vt 0.578174 0.652132
vt 0.578174 0.654820
vt 0.578174 0.659859
vt 0.578177 0.661866
vt 0.578174 0.663710
vt 0.578177 0.666806
vt 0.578174 0.668078
vt 0.578174 0.664664
vt 0.578174 0.671657
vt 0.578177 0.671950
vt 0.578174 0.670875
vt 0.577553 0.672264
vt 0.577550 0.671770
vt 0.577553 0.671943
vt 0.577550 0.669952
vt 0.577553 0.669053
vt 0.577550 0.666973
vt 0.577553 0.666329
vt 0.577550 0.662321
vt 0.577553 0.658203
vt 0.577550 0.663284
vt 0.577553 0.660297
vt 0.577550 0.658559
vt 0.577550 0.654169
vt 0.577553 0.652156
vt 0.577550 0.652861
vt 0.577550 0.654674
vt 0.577553 0.652049
vt 0.577550 0.652483
vt 0.577553 0.653116
vt 0.577550 0.656046
vt 0.577550 0.653490
vt 0.577553 0.655665
vt 0.577550 0.659446
vt 0.577553 0.664393
vt 0.577552 0.658338
vt 0.577550 0.663284
vt 0.577553 0.665351
vt 0.577550 0.663284
vt 0.577550 0.666972
vt 0.577550 0.669952
vt 0.577553 0.671239
vt 0.596611 0.672018
vt 0.577553 0.672880
vt 0.596611 0.668537
vt 0.596611 0.671430
vt 0.596611 0.662284
vt 0.596611 0.652660
vt 0.596611 0.652155
vt 0.596611 0.656861
vt 0.596611 0.656924
vt 0.596611 0.660215
vt 0.596611 0.666977
vt 0.578177 0.672594
vt 0.578177 0.672179
vt 0.578174 0.667248
vt 0.578174 0.667248
vt 0.578174 0.658022
vt 0.578174 0.654113
vt 0.578174 0.658905
vt 0.578174 0.652132
vt 0.578174 0.652290
vt 0.578174 0.652290
vt 0.578174 0.670534
vt 0.578174 0.668078
vt 0.578174 0.670875
vt 0.578174 0.671657
vt 0.577550 0.671770
vt 0.578174 0.670534
vt 0.577550 0.671929
vt 0.577550 0.669952
vt 0.577550 0.671929
vt 0.577550 0.669952
vt 0.577550 0.666973
vt 0.577550 0.657658
vt 0.577550 0.652482
vt 0.577550 0.653262
vt 0.577550 0.666972
vt 0.512807 0.673039
vt 0.490519 0.671989
vt 0.478443 0.669997
vt 0.512807 0.673630
vt 0.478863 0.669948
vt 0.481027 0.671674
vt 0.512807 0.666375
vt 0.481322 0.661060
vt 0.512807 0.653316
vt 0.479049 0.652944
vt 0.512807 0.651081
vt 0.490048 0.658270
vt 0.479313 0.652268
vt 0.512807 0.650562
vt 0.480269 0.652646
vt 0.491474 0.657640
vt 0.512807 0.651250
vt 0.481165 0.657101
vt 0.512807 0.663039
vt 0.479788 0.665145
vt 0.457090 0.664464
vt 0.480261 0.664792
vt 0.457091 0.664476
vt 0.457093 0.667129
vt 0.457069 0.660684
vt 0.457101 0.655949
vt 0.457069 0.660684
vt 0.457077 0.657243
vt 0.457076 0.657244
vt 0.479379 0.652491
vt 0.434600 0.666297
vt 0.456617 0.660374
vt 0.456617 0.667193
vt 0.434600 0.667158
vt 0.456617 0.663657
vt 0.434600 0.660549
vt 0.456617 0.656521
vt 0.434600 0.655867
vt 0.434600 0.656755
vt 0.456617 0.655887
vt 0.434600 0.656263
vt 0.456617 0.662475
vt 0.434600 0.657580
vt 0.456617 0.660140
vt 0.434600 0.664061
vt 0.456617 0.667415
vt 0.434600 0.667639
vt 0.424914 0.661939
vt 0.425052 0.661995
vt 0.434600 0.661138
vt 0.425139 0.661422
vt 0.424909 0.661576
vt 0.424918 0.661869
vt 0.434600 0.662385
vt 0.424921 0.661861
vt 0.593594 0.673013
vt 0.573902 0.672614
vt 0.597681 0.662106
vt 0.573902 0.672614
vt 0.593594 0.673013
vt 0.597681 0.662106
vt 0.445512 0.649719
vt 0.454451 0.649612
vt 0.445512 0.649505
vt 0.454451 0.673977
vt 0.445512 0.673871
vt 0.445512 0.674084
vt 0.454451 0.672920
vt 0.445512 0.673039
vt 0.445512 0.672801
vt 0.445512 0.650556
vt 0.454451 0.650676
vt 0.445512 0.650795
vt 0.593594 0.673941
vt 0.573902 0.673767
vt 0.597681 0.662129
vt 0.573902 0.673767
vt 0.593594 0.673941
vt 0.597681 0.662129
vt 0.597291 0.671245
vt 0.512807 0.669458
vt 0.597176 0.671467
vt 0.597251 0.671083
vt 0.597247 0.668161
vt 0.597299 0.660800
vt 0.597143 0.654779
vt 0.597309 0.651797
vt 0.597186 0.656139
vt 0.597306 0.664745
vt 0.597313 0.666512
vt 0.596549 0.662572
vt 0.512454 0.668962
vt 0.596604 0.670311
vt 0.596568 0.656617
vt 0.512454 0.668447
vt 0.491112 0.655806
vt 0.596583 0.655324
vt 0.512454 0.659914
vt 0.512454 0.651302
vt 0.512454 0.650384
vt 0.596564 0.652654
vt 0.490274 0.652506
vt 0.596609 0.652563
vt 0.512454 0.653752
vt 0.512454 0.665739
vt 0.596493 0.656712
vt 0.596603 0.666235
vt 0.512454 0.674240
vt 0.596479 0.671012
vt 0.512454 0.667678
vt 0.596304 0.666920
vt 0.512454 0.674086
vt 0.596604 0.672017
vt 0.592906 0.674422
vt 0.573296 0.674249
vt 0.596976 0.662659
vt 0.573296 0.674249
vt 0.592906 0.674422
vt 0.596976 0.662659
vt 0.445438 0.651134
vt 0.454340 0.651253
vt 0.445438 0.651372
vt 0.454340 0.673405
vt 0.445438 0.673524
vt 0.445438 0.673286
vt 0.454340 0.674458
vt 0.445438 0.674352
vt 0.445438 0.674564
vt 0.445438 0.650300
vt 0.454340 0.650194
vt 0.445438 0.650088
vt 0.592906 0.673498
vt 0.573296 0.673100
vt 0.596976 0.662636
vt 0.573296 0.673100
vt 0.592906 0.673498
vt 0.596976 0.662636
vt 0.434571 0.668376
vt 0.424946 0.662536
vt 0.434571 0.665463
vt 0.434571 0.664620
vt 0.424918 0.662315
vt 0.434571 0.666238
vt 0.434571 0.667667
vt 0.434571 0.660212
vt 0.434571 0.658522
vt 0.424976 0.662099
vt 0.434571 0.656326
vt 0.425421 0.662128
vt 0.434571 0.658934
vt 0.424960 0.662115
vt 0.434571 0.661654
vt 0.434571 0.656645
vt 0.424921 0.662506
vt 0.456497 0.666751
vt 0.456497 0.667926
vt 0.456497 0.663278
vt 0.456497 0.657035
vt 0.456497 0.662522
vt 0.456497 0.657773
vt 0.456497 0.666328
vt 0.478367 0.671016
vt 0.456991 0.667121
vt 0.480422 0.663657
vt 0.456969 0.664996
vt 0.480218 0.671259
vt 0.479434 0.664816
vt 0.456951 0.661419
vt 0.456972 0.657546
vt 0.480944 0.655947
vt 0.479837 0.652230
vt 0.479449 0.652301
vt 0.456985 0.656463
vt 0.479815 0.655273
vt 0.456943 0.658753
vt 0.477799 0.664385
vt 0.456979 0.665210
vt 0.456959 0.664014
vt 0.479519 0.672007
vt 0.479456 0.665388
vt 0.479452 0.671391
vt 0.456968 0.668186
vt 0.456968 0.668186
vt 0.457067 0.667124
vt 0.491404 0.665335
vt 0.457101 0.655949
vt 0.439435 0.662023
vt 0.439435 0.662237
vt 0.439435 0.662023
vt 0.445512 0.673871
vt 0.445512 0.674084
vt 0.439435 0.662237
vt 0.445512 0.649505
vt 0.445512 0.649719
vt 0.445512 0.650795
vt 0.445512 0.650556
vt 0.439435 0.661984
vt 0.439435 0.662223
vt 0.439435 0.662223
vt 0.439435 0.661984
vt 0.445512 0.673039
vt 0.445512 0.672801
vt 0.593594 0.650582
vt 0.573956 0.650930
vt 0.593594 0.650582
vt 0.573956 0.650930
vt 0.456617 0.662130
vt 0.454451 0.649612
vt 0.454451 0.673978
vt 0.456617 0.662130
vt 0.456617 0.662103
vt 0.454451 0.650676
vt 0.456617 0.662104
vt 0.454451 0.672920
vt 0.573956 0.649768
vt 0.573956 0.649768
vt 0.593594 0.649649
vt 0.593594 0.649648
vt 0.597309 0.663636
vt 0.597313 0.653960
vt 0.597299 0.652147
vt 0.490761 0.657326
vt 0.596591 0.658610
vt 0.597293 0.656813
vt 0.596546 0.666475
vt 0.592906 0.650230
vt 0.573350 0.650349
vt 0.592906 0.650230
vt 0.573350 0.650349
vt 0.456497 0.662633
vt 0.439386 0.662515
vt 0.445438 0.651134
vt 0.445438 0.651372
vt 0.454340 0.651253
vt 0.454340 0.673405
vt 0.445438 0.673286
vt 0.445438 0.673524
vt 0.456497 0.662633
vt 0.439386 0.662515
vt 0.439386 0.662752
vt 0.439386 0.662752
vt 0.445438 0.650088
vt 0.439386 0.662553
vt 0.456497 0.662659
vt 0.454340 0.650194
vt 0.456497 0.662659
vt 0.439386 0.662553
vt 0.445438 0.650300
vt 0.439386 0.662766
vt 0.439386 0.662766
vt 0.445438 0.674352
vt 0.454340 0.674458
vt 0.445438 0.674564
vt 0.573350 0.651507
vt 0.573350 0.651507
vt 0.592906 0.651160
vt 0.592906 0.651160
vt 0.456497 0.659956
vt 0.456992 0.658475
vn -0.0470 -0.2629 -0.9637
vn 0.0393 0.2403 0.9699
vn -0.0680 0.6396 -0.7657
vn 0.0304 0.9096 0.4143
vn 0.0405 0.8719 -0.4881
vn -0.0619 0.8368 0.5439
vn 0.0582 0.5795 0.8129
vn 0.0384 0.0463 -0.9982
vn 0.0409 -0.4853 0.8734
vn -0.0164 -0.6576 0.7532
vn 0.0513 -0.9210 -0.3862
vn -0.9997 -0.0024 0.0235
vn -1.0000 0.0008 -0.0034
vn -0.9998 0.0119 0.0144
vn -0.9994 0.0341 0.0025
vn -0.9999 0.0112 0.0072
vn -1.0000 0.0020 0.0067
vn -0.9999 -0.0014 -0.0149
vn -1.0000 -0.0031 0.0060
vn -0.9999 -0.0150 -0.0007
vn -1.0000 -0.0038 0.0034
vn -0.9999 -0.0109 0.0002
vn -1.0000 -0.0029 0.0037
vn -0.9998 -0.0005 -0.0214
vn -1.0000 0.0011 0.0024
vn -0.9997 0.0179 -0.0156
vn -1.0000 0.0061 0.0041
vn -0.9998 0.0175 0.0024
vn -1.0000 0.0038 -0.0025
vn -0.9993 0.0091 -0.0363
vn -1.0000 0.0006 0.0076
vn -1.0000 0.0006 -0.0073
vn -1.0000 -0.0015 -0.0050
vn 0.9995 0.0225 -0.0221
vn -0.0069 -0.9670 -0.2546
vn 0.0781 -0.9452 -0.3170
vn -0.0449 -0.2537 0.9662
vn 0.0362 0.6030 0.7969
vn -0.0407 0.7804 0.6239
vn 0.0647 0.9332 -0.3534
vn 0.0008 0.9058 -0.4236
vn -0.0348 0.2509 -0.9674
vn 0.0855 -0.4346 0.8966
vn 0.0535 0.5765 0.8154
vn -0.0520 -0.0918 0.9944
vn 0.0653 0.0190 -0.9977
vn -0.0445 0.6290 0.7761
vn 0.0631 -0.9833 -0.1705
vn -0.0563 0.9960 0.0695
vn -0.0518 0.6576 -0.7516
vn -0.0259 0.2849 0.9582
vn -0.0170 -0.0948 -0.9953
vn -0.0163 -0.2631 0.9646
vn -0.0417 -0.7540 -0.6555
vn -0.0412 -0.9468 0.3192
vn -0.0345 -0.9979 -0.0556
vn -0.0149 0.7644 -0.6446
vn -0.0371 -0.8460 -0.5320
vn -0.9999 -0.0038 -0.0121
vn -1.0000 -0.0020 0.0042
vn -0.9999 0.0079 -0.0098
vn -1.0000 0.0007 0.0050
vn -1.0000 0.0028 0.0044
vn -0.9999 0.0065 -0.0089
vn -1.0000 0.0034 0.0016
vn -0.9997 0.0236 -0.0110
vn -1.0000 0.0063 0.0000
vn -1.0000 0.0032 -0.0003
vn -1.0000 0.0035 -0.0017
vn -0.9999 0.0100 0.0064
vn -1.0000 -0.0009 0.0055
vn -1.0000 0.0013 0.0025
vn -1.0000 0.0003 -0.0032
vn -0.9999 -0.0076 -0.0066
vn -1.0000 -0.0013 -0.0038
vn -1.0000 -0.0051 0.0047
vn -0.9995 -0.0300 0.0042
vn -1.0000 -0.0049 -0.0016
vn -1.0000 0.0040 -0.0005
vn -0.9999 -0.0122 0.0065
vn -1.0000 -0.0030 0.0012
vn -1.0000 -0.0055 -0.0018
vn -0.9999 -0.0091 -0.0057
vn 1.0000 0.0072 -0.0057
vn 1.0000 0.0025 0.0027
vn -1.0000 -0.0056 0.0030
vn -1.0000 -0.0050 -0.0020
vn -0.9999 -0.0128 0.0005
vn -0.9999 -0.0113 -0.0031
vn -1.0000 -0.0043 -0.0003
vn -1.0000 -0.0037 -0.0014
vn -0.9999 -0.0091 -0.0102
vn 0.9999 0.0085 0.0114
vn -1.0000 -0.0011 -0.0052
vn -0.9999 -0.0034 0.0106
vn -0.9997 -0.0062 0.0233
vn -1.0000 0.0007 -0.0038
vn -1.0000 0.0029 0.0042
vn -1.0000 0.0046 -0.0045
vn -1.0000 0.0038 -0.0019
vn -1.0000 0.0044 0.0005
vn -1.0000 -0.0089 -0.0004
vn -0.9989 0.0455 -0.0139
vn -1.0000 0.0021 -0.0037
vn -1.0000 -0.0012 0.0032
vn 1.0000 0.0037 -0.0046
vn 0.0207 -0.0423 -0.9989
vn 0.0534 0.7083 -0.7039
vn 0.0680 -0.8993 -0.4319
vn -0.0511 -0.9985 0.0206
vn -0.0661 -0.8815 0.4676
vn -0.0473 -0.6786 -0.7330
vn 0.0689 -0.5805 0.8113
vn -0.0089 0.6610 0.7503
vn 0.0075 0.6449 0.7642
vn -0.0527 0.7538 -0.6550
vn -0.0690 0.9849 0.1590
vn -0.0401 0.9521 -0.3032
vn 0.0250 0.8840 -0.4667
vn -0.0687 0.2180 0.9735
vn 0.0290 0.0574 -0.9979
vn 0.0122 0.9209 -0.3896
vn -0.0088 0.9165 -0.3998
vn 0.0536 0.9161 0.3973
vn 0.1487 0.8601 -0.4880
vn 0.0003 0.9828 0.1848
vn 0.1320 0.7671 0.6278
vn 0.1004 0.9572 -0.2716
vn 0.0038 0.3400 0.9404
vn 0.1011 -0.0657 0.9927
vn 0.0040 -0.7189 0.6951
vn 0.1269 -0.8668 0.4823
vn -0.0003 -0.8732 -0.4873
vn 0.0701 -0.3493 -0.9344
vn 0.1229 -0.9177 -0.3778
vn -0.0015 -0.9385 -0.3452
vn 0.1074 -0.8995 -0.4235
vn 0.0415 -0.3181 -0.9472
vn 0.0065 -0.8741 0.4858
vn 0.0990 -0.4224 0.9010
vn -0.0025 0.1081 0.9941
vn 0.1203 0.3483 0.9296
vn 0.2260 0.4688 -0.8539
vn 0.1283 0.3497 -0.9280
vn 0.2202 0.4812 0.8485
vn 0.2402 0.9033 0.3555
vn 0.2183 -0.1331 0.9668
vn 0.1730 -0.9280 -0.3300
vn 0.1897 -0.1288 -0.9734
vn 0.1869 -0.7418 -0.6441
vn 0.1985 -0.7343 0.6492
vn 0.1078 -0.9089 0.4028
vn 0.2188 0.7425 -0.6331
vn -0.0462 -0.2397 -0.9698
vn -0.0626 0.9510 -0.3029
vn 0.2451 0.9241 0.2931
vn -0.0592 0.3186 0.9460
vn 0.2317 -0.1612 0.9593
vn -0.0525 -0.9238 0.3794
vn 0.2064 -0.9605 0.1865
vn 0.2239 -0.8225 -0.5229
vn -0.0509 -0.9904 0.1284
vn 0.2145 -0.8732 0.4375
vn -0.0653 0.1743 0.9825
vn 0.2144 -0.6651 -0.7153
vn -0.0667 -0.3392 -0.9383
vn 0.2456 0.4216 -0.8729
vn -0.0705 0.9627 -0.2611
vn 0.2253 0.9228 0.3124
vn 0.6156 0.5721 0.5419
vn 0.6040 0.5531 -0.5738
vn 0.2106 -0.0821 -0.9741
vn 0.6534 -0.7436 -0.1418
vn 0.7664 -0.6294 0.1284
vn 0.4436 0.4081 0.7979
vn 0.2350 0.0868 0.9681
vn 0.4984 0.3994 -0.7695
vn 0.4420 -0.6327 -0.6359
vn -0.4489 -0.6231 -0.6405
vn 0.9952 -0.0685 -0.0696
vn -0.4490 -0.6230 0.6405
vn 0.4420 -0.6327 0.6359
vn 0.9951 -0.0690 0.0701
vn -0.4220 0.1256 0.8978
vn 0.8241 0.4342 0.3637
vn -0.4222 0.9058 -0.0349
vn 0.8292 -0.4285 0.3590
vn -0.4140 -0.1274 0.9013
vn -0.4141 -0.9096 -0.0338
vn 0.8292 -0.3912 -0.3993
vn -0.4140 -0.9085 -0.0573
vn -0.4141 -0.0367 -0.9095
vn -0.4220 0.9049 -0.0555
vn 0.8241 0.3964 -0.4047
vn -0.4221 0.0355 -0.9058
vn 0.4420 -0.6855 0.5785
vn -0.4490 -0.6893 0.5685
vn 0.9951 -0.0759 0.0633
vn -0.4489 -0.6894 -0.5685
vn 0.4420 -0.6855 -0.5785
vn 0.9951 -0.0757 -0.0630
vn -0.0405 0.9795 -0.1974
vn -0.0008 0.6389 -0.7693
vn -0.0257 0.9691 0.2455
vn -0.0242 0.8580 -0.5131
vn -0.0370 0.7047 0.7086
vn -0.0326 -0.0655 0.9973
vn -0.0285 -0.6626 -0.7484
vn -0.0358 -0.9992 -0.0191
vn -0.0279 -0.5166 -0.8558
vn -0.0328 0.3411 -0.9395
vn -0.0325 0.4393 0.8978
vn -0.0339 0.1232 0.9918
vn 0.0046 0.5548 0.8320
vn -0.0375 0.8468 0.5306
vn -0.0319 -0.5730 -0.8189
vn -0.0009 0.5444 -0.8388
vn 0.0393 -0.5311 -0.8464
vn -0.0372 -0.7052 0.7081
vn 0.0039 -0.2249 0.9744
vn -0.0021 -0.9135 0.4068
vn 0.0049 -0.9863 -0.1650
vn -0.0303 -0.9828 -0.1823
vn 0.0528 -0.9381 -0.3423
vn -0.0358 -0.9940 0.1031
vn 0.0151 -0.6940 0.7198
vn 0.0138 0.2863 0.9580
vn -0.0323 -0.5197 0.8538
vn -0.0350 0.4538 0.8904
vn 0.0115 0.9825 0.1858
vn -0.0347 0.9343 -0.3547
vn -0.0034 0.4805 -0.8770
vn -0.0232 0.3511 -0.9361
vn 0.0033 0.9987 0.0503
vn -0.0336 0.9993 -0.0132
vn 0.4421 -0.6855 0.5785
vn -0.4489 -0.6894 0.5686
vn 0.9951 -0.0761 0.0633
vn -0.4485 -0.6895 -0.5687
vn 0.4421 -0.6855 -0.5785
vn 0.9951 -0.0761 -0.0634
vn -0.4221 0.9048 -0.0554
vn 0.8241 0.3964 -0.4046
vn -0.4220 0.0356 -0.9059
vn 0.8292 -0.3911 -0.3993
vn -0.4141 -0.0366 -0.9095
vn -0.4141 -0.1273 0.9013
vn -0.4221 0.1254 0.8978
vn 0.8242 0.4341 0.3637
vn -0.4221 0.9059 -0.0348
vn 0.4421 -0.6326 -0.6359
vn 0.9951 -0.0693 -0.0706
vn -0.4489 -0.6230 0.6406
vn 0.4421 -0.6326 0.6359
vn 0.9951 -0.0694 0.0706
vn 0.2122 0.9733 0.0870
vn 0.6347 0.7081 0.3093
vn 0.2328 0.5188 -0.8226
vn 0.2204 0.3903 0.8939
vn 0.5925 0.0046 -0.8056
vn 0.2136 0.6430 -0.7355
vn 0.2415 0.9174 0.3164
vn 0.2149 -0.4218 -0.8808
vn 0.2151 -0.5824 0.7839
vn 0.6182 -0.6167 0.4873
vn 0.2278 -0.9736 -0.0120
vn 0.6406 -0.1114 -0.7598
vn 0.2168 -0.5274 -0.8215
vn 0.6152 -0.6602 0.4309
vn 0.2265 -0.0934 0.9695
vn 0.2218 -0.9611 0.1645
vn 0.5942 0.6990 0.3979
vn -0.0310 0.7657 -0.6425
vn -0.0475 0.9971 -0.0590
vn -0.0554 0.1334 0.9895
vn -0.0747 -0.9950 0.0658
vn -0.0673 -0.0062 -0.9977
vn -0.0658 -0.8693 0.4898
vn -0.0794 0.6800 0.7289
vn 0.1060 0.8376 -0.5358
vn 0.1838 0.7517 -0.6334
vn 0.1123 0.1715 -0.9788
vn 0.2173 0.4799 0.8500
vn 0.1035 0.8516 0.5140
vn 0.1197 0.1808 0.9762
vn 0.1974 -0.2216 -0.9549
vn 0.2205 -0.8206 0.5272
vn 0.1032 -0.5856 0.8040
vn 0.1347 -0.9738 0.1834
vn 0.1210 -0.9734 -0.1947
vn 0.1848 -0.9717 -0.1471
vn 0.1035 -0.6919 0.7145
vn 0.2142 -0.6476 -0.7313
vn 0.1254 0.2058 -0.9705
vn 0.1995 0.4197 -0.8855
vn 0.1731 0.2915 0.9408
vn 0.0967 0.9544 0.2826
vn 0.1001 0.2672 0.9584
vn 0.1297 0.9275 -0.3506
vn 0.1892 0.9674 -0.1686
vn 0.1831 0.9560 0.2291
vn 0.2068 0.9114 -0.3558
vn 0.0515 0.3957 -0.9169
vn 0.1866 -0.9281 0.3221
vn -0.7819 0.3936 0.4835
vn -0.7819 -0.4066 -0.4724
vn -0.7819 0.3935 -0.4834
vn -0.4140 -0.1274 -0.9013
vn -0.4141 -0.9096 0.0338
vn -0.7819 -0.4067 0.4725
vn -0.4221 0.9059 0.0351
vn -0.4221 0.1257 -0.8978
vn -0.4221 0.0355 0.9059
vn -0.4221 0.9048 0.0555
vn -0.7819 0.4396 -0.4420
vn -0.7819 -0.4515 0.4298
vn -0.7819 -0.4514 -0.4298
vn -0.7819 0.4396 0.4421
vn -0.4140 -0.9085 0.0571
vn -0.4141 -0.0368 0.9095
vn 0.4643 0.6247 0.6278
vn -0.4135 0.6348 0.6528
vn 0.4647 0.6246 -0.6277
vn -0.4135 0.6348 -0.6528
vn 1.0000 0.0029 -0.0024
vn 0.8242 0.4341 -0.3637
vn 0.8292 -0.4285 -0.3590
vn 0.0000 0.0000 0.0000
vn 1.0000 0.0027 0.0027
vn 0.8241 0.3964 0.4047
vn 0.8292 -0.3912 0.3993
vn -0.4133 0.7026 -0.5793
vn -0.4134 0.7025 0.5793
vn 0.4645 0.6767 -0.5712
vn 0.4643 0.6768 0.5713
vn -0.0232 0.1768 -0.9840
vn -0.0255 -0.8048 0.5931
vn -0.0243 -0.9758 -0.2173
vn 0.0468 -0.4321 -0.9006
vn -0.0192 -0.4703 -0.8823
vn -0.0439 -0.5575 0.8290
vn -0.0279 0.4710 -0.8817
vn 0.4644 0.6768 -0.5712
vn -0.4135 0.7025 -0.5792
vn 0.4644 0.6768 0.5712
vn -0.4136 0.7025 0.5792
vn -0.7819 0.4395 -0.4421
vn -0.4222 0.9048 0.0555
vn -0.4220 0.0355 0.9059
vn 0.8241 0.3964 0.4046
vn -0.4141 -0.9084 0.0571
vn -0.7819 0.4395 0.4421
vn -0.7819 -0.4515 0.4299
vn -0.7819 -0.4514 -0.4299
vn -0.4220 0.9059 0.0347
vn -0.7819 0.3936 0.4834
vn 1.0000 0.0030 -0.0025
vn 0.8241 0.4342 -0.3637
vn -0.7819 0.3936 -0.4834
vn -0.4222 0.1253 -0.8978
vn -0.7819 -0.4067 -0.4724
vn -0.7819 -0.4067 0.4724
vn -0.4141 -0.1274 -0.9013
vn 0.8292 -0.4284 -0.3589
vn -0.4137 0.6347 0.6527
vn -0.4136 0.6348 -0.6527
vn 0.4642 0.6247 0.6278
vn 0.4643 0.6247 -0.6278
vn -0.0186 -0.4567 -0.8894
vn 0.1726 -0.6194 0.7659
usemtl FUSELAJE_a10TS.JPG.001
s off
f 3395/3573/3260 3396/3574/3260 3397/3575/3260
f 3398/3576/3261 3399/3577/3261 3400/3578/3261
f 3401/3579/3262 3402/3580/3262 3395/3573/3262
f 3403/3581/3263 3400/3578/3263 3404/3582/3263
f 3405/3583/3264 3404/3582/3264 3406/3584/3264
f 3407/3585/3265 3408/3586/3265 3409/3587/3265
f 3407/3585/3266 3410/3588/3266 3408/3586/3266
f 3411/3589/3267 3412/3590/3267 3406/3584/3267
f 3413/3591/3268 3414/3592/3268 3410/3588/3268
f 3415/3593/3269 3414/3592/3269 3413/3591/3269
f 3416/3594/3270 3417/3595/3270 3411/3589/3270
f 3398/3576/3271 3418/3596/3271 3419/3597/3271
f 3420/3598/3272 3395/3573/3272 3421/3599/3272
f 3422/3600/3273 3398/3576/3273 3403/3581/3273
f 3405/3583/3274 3423/3601/3274 3403/3581/3274
f 3424/3602/3275 3407/3585/3275 3409/3587/3275
f 3425/3603/3276 3426/3604/3276 3407/3585/3276
f 3427/3605/3277 3412/3590/3277 3428/3606/3277
f 3429/3607/3278 3413/3591/3278 3430/3608/3278
f 3431/3609/3279 3417/3595/3279 3432/3610/3279
f 3433/3611/3280 3432/3610/3280 3419/3597/3280
f 3434/3612/3281 3435/3613/3281 3436/3614/3281
f 3437/3615/3282 3438/3616/3282 3439/3617/3282
f 3440/3618/3283 3441/3619/3283 3442/3620/3283
f 3443/3621/3284 3444/3622/3284 3445/3623/3284
f 3446/3624/3285 3447/3625/3285 3442/3620/3285
f 3448/3626/3286 3449/3627/3286 3450/3628/3286
f 3447/3625/3287 3451/3629/3287 3452/3630/3287
f 3453/3631/3288 3454/3632/3288 3455/3633/3288
f 3456/3634/3289 3455/3633/3289 3457/3635/3289
f 3458/3636/3290 3459/3637/3290 3460/3638/3290
f 3456/3634/3291 3457/3635/3291 3461/3639/3291
f 3461/3639/3292 3457/3635/3292 3462/3640/3292
f 3463/3641/3293 3460/3638/3293 3434/3612/3293
f 3464/3642/3294 3465/3643/3294 3466/3644/3294
f 3436/3614/3295 3467/3645/3295 3468/3646/3295
f 3438/3616/3296 3469/3647/3296 3444/3622/3296
f 3444/3622/3297 3469/3647/3297 3470/3648/3297
f 3449/3627/3298 3470/3648/3298 3450/3628/3298
f 3447/3625/3299 3471/3649/3299 3472/3650/3299
f 3454/3632/3300 3470/3648/3300 3455/3633/3300
f 3455/3633/3301 3473/3651/3301 3457/3635/3301
f 3474/3652/3302 3460/3638/3302 3468/3646/3302
f 3464/3642/3303 3475/3653/3303 3457/3635/3303
f 3399/3577/3304 3398/3576/3304 3419/3597/3304
f 3395/3573/3305 3402/3580/3305 3396/3574/3305
f 3403/3581/3306 3398/3576/3306 3400/3578/3306
f 3414/3592/3307 3476/3654/3307 3477/3655/3307 3396/3574/3307
f 3405/3583/3308 3403/3581/3308 3404/3582/3308
f 3406/3584/3309 3412/3590/3309 3405/3583/3309
f 3407/3585/3310 3426/3604/3310 3410/3588/3310
f 3428/3606/3311 3412/3590/3311 3411/3589/3311
f 3426/3604/3312 3413/3591/3312 3410/3588/3312
f 3411/3589/3313 3417/3595/3313 3428/3606/3313
f 3415/3593/3314 3476/3654/3314 3414/3592/3314
f 3416/3594/3315 3432/3610/3315 3417/3595/3315
f 3399/3577/3316 3416/3594/3316 3432/3610/3316 3419/3597/3316
f 3477/3655/3317 3397/3575/3317 3396/3574/3317
f 3397/3575/3318 3478/3656/3318 3421/3599/3318 3395/3573/3318
f 3418/3596/3319 3479/3657/3319 3419/3597/3319
f 3405/3583/3320 3412/3590/3320 3480/3658/3320 3481/3659/3320
f 3398/3576/3321 3482/3660/3321 3418/3596/3321
f 3422/3600/3322 3482/3660/3322 3398/3576/3322
f 3420/3598/3323 3401/3579/3323 3395/3573/3323
f 3403/3581/3324 3423/3601/3324 3422/3600/3324
f 3483/3661/3325 3409/3587/3325 3401/3579/3325
f 3405/3583/3326 3484/3662/3326 3423/3601/3326
f 3483/3661/3327 3485/3663/3327 3409/3587/3327
f 3481/3659/3328 3484/3662/3328 3405/3583/3328
f 3485/3663/3329 3424/3602/3329 3409/3587/3329
f 3413/3591/3330 3426/3604/3330 3425/3603/3330 3430/3608/3330
f 3424/3602/3331 3425/3603/3331 3407/3585/3331
f 3427/3605/3332 3480/3658/3332 3412/3590/3332
f 3428/3606/3333 3417/3595/3333 3486/3664/3333 3487/3665/3333
f 3487/3665/3334 3427/3605/3334 3428/3606/3334
f 3413/3591/3335 3429/3607/3335 3488/3666/3335 3415/3593/3335
f 3477/3655/3336 3415/3593/3336 3488/3666/3336 3489/3667/3336
f 3431/3609/3337 3486/3664/3337 3417/3595/3337
f 3415/3593/3338 3477/3655/3338 3476/3654/3338
f 3438/3616/3339 3437/3615/3339 3490/3668/3339 3466/3644/3339
f 3432/3610/3340 3433/3611/3340 3431/3609/3340
f 3489/3667/3341 3491/3669/3341 3477/3655/3341
f 3491/3669/3342 3397/3575/3342 3477/3655/3342
f 3419/3597/3343 3433/3611/3343 3479/3657/3343
f 3478/3656/3344 3491/3669/3344 3397/3575/3344
f 3434/3612/3345 3463/3641/3345 3435/3613/3345
f 3492/3670/3346 3493/3671/3346 3464/3642/3346
f 3436/3614/3347 3435/3613/3347 3494/3672/3347
f 3492/3670/3348 3464/3642/3348 3466/3644/3348
f 3490/3668/3349 3492/3670/3349 3466/3644/3349
f 3494/3672/3350 3495/3673/3350 3436/3614/3350
f 3440/3618/3351 3436/3614/3351 3495/3673/3351 3496/3674/3351
f 3464/3642/3352 3457/3635/3352 3462/3640/3352 3493/3671/3352
f 3440/3618/3353 3496/3674/3353 3441/3619/3353
f 3443/3621/3354 3439/3617/3354 3438/3616/3354
f 3443/3621/3355 3438/3616/3355 3444/3622/3355
f 3441/3619/3356 3497/3675/3356 3442/3620/3356
f 3445/3623/3357 3444/3622/3357 3449/3627/3357
f 3442/3620/3358 3497/3675/3358 3446/3624/3358
f 3447/3625/3359 3446/3624/3359 3451/3629/3359
f 3498/3676/3360 3448/3626/3360 3450/3628/3360
f 3451/3629/3361 3499/3677/3361 3452/3630/3361
f 3498/3676/3362 3450/3628/3362 3454/3632/3362
f 3456/3634/3363 3453/3631/3363 3455/3633/3363
f 3459/3637/3364 3500/3678/3364 3460/3638/3364
f 3463/3641/3365 3500/3678/3365 3460/3638/3365
f 3472/3650/3366 3467/3645/3366 3440/3618/3366 3442/3620/3366
f 3468/3646/3367 3434/3612/3367 3460/3638/3367
f 3464/3642/3368 3475/3653/3368 3465/3643/3368
f 3434/3612/3369 3436/3614/3369 3468/3646/3369
f 3438/3616/3370 3466/3644/3370 3465/3643/3370
f 3436/3614/3371 3440/3618/3371 3467/3645/3371
f 3438/3616/3372 3465/3643/3372 3469/3647/3372
f 3474/3652/3373 3471/3649/3373 3452/3630/3373 3458/3636/3373
f 3449/3627/3374 3444/3622/3374 3470/3648/3374
f 3442/3620/3375 3447/3625/3375 3472/3650/3375
f 3471/3649/3376 3447/3625/3376 3452/3630/3376
f 3454/3632/3377 3450/3628/3377 3470/3648/3377
f 3455/3633/3378 3470/3648/3378 3473/3651/3378
f 3458/3636/3379 3460/3638/3379 3474/3652/3379
f 3457/3635/3380 3473/3651/3380 3475/3653/3380
f 3402/3580/3381 3401/3579/3381 3409/3587/3381 3408/3586/3381
s 1
f 3501/3679/3382 3502/3680/3383 3503/3681/3384
f 3504/3682/3385 3505/3683/3386 3506/3684/3387
f 3505/3683/3386 3507/3685/3388 3508/3686/3389
f 3509/3687/3390 3510/3688/3391 3508/3686/3389
f 3511/3689/3392 3512/3690/3393 3513/3691/3394
f 3514/3692/3395 3515/3693/3396 3510/3688/3391
f 3514/3692/3395 3516/3694/3397 3515/3693/3396
f 3517/3695/3398 3518/3696/3399 3519/3697/3400
f 3519/3697/3400 3520/3698/3401 3502/3680/3383
f 3506/3684/3387 3521/3699/3402 3522/3700/3403
f 3523/3701/3404 3502/3680/3383 3520/3698/3401
f 3524/3702/3405 3506/3684/3387 3505/3683/3386
f 3525/3703/3406 3505/3683/3386 3508/3686/3389
f 3525/3703/3406 3508/3686/3389 3510/3688/3391
f 3526/3704/3407 3513/3691/3394 3527/3705/3408
f 3516/3694/3397 3528/3706/3409 3515/3693/3396
f 3529/3707/3410 3518/3696/3399 3530/3708/3411
f 3522/3700/3403 3521/3699/3402 3516/3694/3397
f 3523/3701/3404 3520/3698/3401 3518/3696/3399
f 3531/3709/3412 3532/3710/3413 3533/3711/3414
f 3534/3712/3415 3535/3713/3416 3536/3714/3417
f 3536/3714/3417 3537/3715/3418 3538/3716/3419
f 3539/3717/3420 3540/3718/3421 3532/3710/3413
f 3541/3719/3422 3542/3720/3423 3540/3718/3421
f 3543/3721/3424 3544/3722/3425 3545/3723/3426
f 3545/3723/3426 3546/3724/3427 3534/3712/3415
f 3547/3725/3428 3533/3711/3414 3542/3720/3423
f 3548/3726/3429 3534/3712/3415 3536/3714/3417
f 3531/3709/3412 3549/3727/3430 3550/3728/3431
f 3551/3729/3432 3539/3717/3420 3550/3728/3431
f 3552/3730/3433 3536/3714/3417 3538/3716/3419
f 3539/3717/3420 3551/3729/3432 3541/3719/3422
f 3552/3730/3433 3538/3716/3419 3543/3721/3424
f 3541/3719/3422 3553/3731/3434 3554/3732/3435
f 3549/3727/3430 3547/3725/3428 3554/3732/3435
f 3555/3733/3436 3545/3723/3426 3534/3712/3415
f 3555/3733/3436 3534/3712/3415 3548/3726/3429
f 3547/3725/3428 3549/3727/3430 3531/3709/3412
f 3556/3734/3437 3557/3735/3438 3558/3736/3439
f 3559/3737/3440 3560/3738/3441 3561/3739/3442
f 3562/3740/3443 3563/3741/3444 3564/3742/3445
f 3565/3743/3446 3566/3744/3447 3567/3745/3448
f 3568/3746/3449 3569/3747/3450 3570/3748/3451
f 3571/3749/3452 3572/3750/3453 3573/3751/3454
f 3574/3752/3455 3575/3753/3456 3576/3754/3457
f 3577/3755/3458 3578/3756/3459 3579/3757/3460
f 3580/3758/3461 3504/3682/3385 3581/3759/3462
f 3582/3760/3463 3502/3680/3383 3501/3679/3382
f 3582/3760/3463 3501/3679/3382 3583/3761/3464
f 3504/3682/3385 3584/3762/3465 3507/3685/3388
f 3507/3685/3388 3585/3763/3466 3509/3687/3390
f 3586/3764/3467 3511/3689/3392 3587/3765/3468
f 3588/3766/3469 3516/3694/3397 3514/3692/3395
f 3516/3694/3397 3589/3767/3470 3581/3759/3462
f 3590/3768/3471 3519/3697/3400 3502/3680/3383
f 3591/3769/3472 3592/3770/3473 3593/3771/3474
f 3594/3772/3475 3595/3773/3476 3596/3774/3477
f 3597/3775/3478 3598/3776/3479 3591/3769/3472
f 3597/3775/3478 3599/3777/3480 3598/3776/3479
f 3594/3772/3475 3596/3774/3477 3600/3778/3481
f 3601/3779/3482 3602/3780/3483 3599/3777/3480
f 3603/3781/3484 3600/3778/3481 3604/3782/3485
f 3605/3783/3486 3606/3784/3487 3604/3782/3485
f 3607/3785/3488 3605/3783/3486 3608/3786/3489
f 3609/3787/3490 3610/3788/3491 3611/3789/3492
f 3609/3787/3490 3612/3790/3493 3610/3788/3491
f 3613/3791/3494 3608/3786/3489 3595/3773/3476
f 3614/3792/3495 3615/3793/3496 3616/3794/3497
f 3617/3795/3498 3618/3796/3499 3619/3797/3500
f 3620/3798/3501 3621/3799/3502 3622/3800/3503
f 3623/3801/3504 3624/3802/3450 3625/3803/3505
f 3626/3804/3446 3627/3805/3506 3628/3806/3448
f 3629/3807/3507 3630/3808/3508 3631/3809/3509
f 3632/3810/3510 3633/3811/3438 3634/3812/3511
f 3635/3813/3512 3636/3814/3513 3637/3815/3514
f 3638/3816/3515 3639/3817/3516 3640/3818/3517
f 3641/3819/3518 3639/3817/3516 3638/3816/3515
f 3642/3820/3519 3643/3821/3520 3644/3822/3521
f 3642/3820/3519 3645/3823/3522 3643/3821/3520
f 3646/3824/3523 3647/3825/3524 3641/3819/3518
f 3648/3826/3525 3647/3825/3524 3646/3824/3523
f 3649/3827/3526 3648/3826/3525 3650/3828/3527
f 3651/3829/3528 3652/3830/3529 3653/3831/3530
f 3640/3818/3517 3649/3827/3526 3650/3828/3527
f 3654/3832/3531 3644/3822/3521 3652/3830/3529
f 3643/3821/3520 3655/3833/3532 3644/3822/3521
f 3641/3819/3518 3656/3834/3533 3657/3835/3534
f 3646/3824/3523 3657/3835/3534 3658/3836/3535
f 3650/3828/3527 3658/3836/3535 3659/3837/3536
f 3652/3830/3529 3660/3838/3537 3653/3831/3530
f 3644/3822/3521 3661/3839/3538 3652/3830/3529
f 3662/3840/3539 3663/3841/3540 3664/3842/3541
f 3665/3843/3542 3666/3844/3543 3667/3845/3544
f 3664/3842/3541 3668/3846/3545 3596/3774/3477
f 3669/3847/3546 3670/3848/3547 3671/3849/3548
f 3672/3850/3549 3673/3851/3550 3674/3852/3551
f 3675/3853/3552 3676/3854/3553 3677/3855/3554
f 3678/3856/3555 3679/3857/3556 3680/3858/3557
f 3677/3855/3554 3681/3859/3558 3682/3860/3559
f 3683/3861/3560 3662/3840/3539 3679/3857/3556
f 3664/3842/3541 3595/3773/3476 3662/3840/3539
f 3592/3770/3473 3667/3845/3544 3666/3844/3543
f 3599/3777/3480 3670/3848/3547 3598/3776/3479
f 3672/3850/3549 3600/3778/3481 3596/3774/3477
f 3602/3780/3483 3671/3849/3548 3599/3777/3480
f 3674/3852/3551 3605/3783/3486 3604/3782/3485
f 3680/3858/3557 3605/3783/3486 3674/3852/3551
f 3612/3790/3493 3681/3859/3558 3610/3788/3491
f 3666/3844/3543 3612/3790/3493 3592/3770/3473
f 3503/3681/3384 3684/3862/3561 3527/3705/3408 3685/3863/3562
f 3506/3684/3387 3522/3700/3403 3581/3759/3462
f 3581/3759/3462 3504/3682/3385 3506/3684/3387
f 3505/3683/3386 3504/3682/3385 3507/3685/3388
f 3685/3863/3562 3501/3679/3382 3503/3681/3384
f 3507/3685/3388 3509/3687/3390 3508/3686/3389
f 3509/3687/3390 3514/3692/3395 3510/3688/3391
f 3517/3695/3398 3511/3689/3392 3513/3691/3394
f 3517/3695/3398 3513/3691/3394 3530/3708/3411
f 3517/3695/3398 3530/3708/3411 3518/3696/3399
f 3519/3697/3400 3518/3696/3399 3520/3698/3401
f 3516/3694/3397 3581/3759/3462 3522/3700/3403
f 3506/3684/3387 3524/3702/3405 3521/3699/3402
f 3523/3701/3404 3684/3862/3561 3502/3680/3383
f 3684/3862/3561 3503/3681/3384 3502/3680/3383
f 3525/3703/3406 3524/3702/3405 3505/3683/3386
f 3510/3688/3391 3515/3693/3396 3528/3706/3409 3686/3864/3563
f 3527/3705/3408 3512/3690/3393 3685/3863/3562
f 3527/3705/3408 3513/3691/3394 3512/3690/3393
f 3686/3864/3563 3525/3703/3406 3510/3688/3391
f 3513/3691/3394 3526/3704/3407 3529/3707/3410 3530/3708/3411
f 3544/3722/3425 3543/3721/3424 3538/3716/3419 3537/3715/3418
f 3516/3694/3397 3521/3699/3402 3528/3706/3409
f 3529/3707/3410 3523/3701/3404 3518/3696/3399
f 3531/3709/3412 3550/3728/3431 3532/3710/3413
f 3550/3728/3431 3539/3717/3420 3532/3710/3413
f 3536/3714/3417 3535/3713/3416 3537/3715/3418
f 3539/3717/3420 3541/3719/3422 3540/3718/3421
f 3543/3721/3424 3545/3723/3426 3555/3733/3436 3552/3730/3433
f 3541/3719/3422 3554/3732/3435 3542/3720/3423
f 3545/3723/3426 3544/3722/3425 3546/3724/3427
f 3554/3732/3435 3547/3725/3428 3542/3720/3423
f 3547/3725/3428 3531/3709/3412 3533/3711/3414
f 3534/3712/3415 3546/3724/3427 3535/3713/3416
f 3552/3730/3433 3548/3726/3429 3536/3714/3417
f 3549/3727/3430 3551/3729/3432 3550/3728/3431
f 3551/3729/3432 3553/3731/3434 3541/3719/3422
f 3687/3865/3564 3688/3866/3565 3567/3745/3448 3566/3744/3447
f 3553/3731/3434 3549/3727/3430 3554/3732/3435
f 3689/3867/3566 3690/3868/3567 3691/3869/3568 3692/3870/3569
f 3693/3871/3570 3694/3872/3571 3688/3866/3565 3687/3865/3564
f 3564/3742/3445 3689/3867/3566 3692/3870/3569 3562/3740/3443
f 3695/3873/3572 3696/3874/3573 3697/3875/3574 3698/3876/3575
f 3573/3751/3454 3699/3877/3576 3700/3878/3577 3571/3749/3452
f 3698/3876/3575 3697/3875/3574 3570/3748/3451 3569/3747/3450
f 3699/3877/3576 3701/3879/3578 3702/3880/3579 3700/3878/3577
f 3703/3881/3580 3558/3736/3439 3557/3735/3438 3704/3882/3581
f 3704/3882/3581 3558/3736/3439 3703/3881/3580
f 3705/3883/3582 3561/3739/3442 3706/3884/3583
f 3705/3883/3582 3706/3884/3583 3559/3737/3440 3561/3739/3442
f 3704/3882/3581 3557/3735/3438 3556/3734/3437 3558/3736/3439
f 3706/3884/3583 3561/3739/3442 3560/3738/3441 3559/3737/3440
f 3707/3885/3584 3565/3743/3446 3567/3745/3448 3688/3866/3565
f 3694/3872/3571 3693/3871/3570 3708/3886/3585
f 3709/3887/3586 3691/3869/3568 3690/3868/3567
f 3710/3888/3587 3692/3870/3569 3691/3869/3568 3709/3887/3586
f 3707/3885/3584 3687/3865/3564 3566/3744/3447 3565/3743/3446
f 3690/3868/3567 3689/3867/3566 3710/3888/3587 3709/3887/3586
f 3694/3872/3571 3708/3886/3585 3707/3885/3584 3688/3866/3565
f 3710/3888/3587 3563/3741/3444 3562/3740/3443 3692/3870/3569
f 3693/3871/3570 3687/3865/3564 3707/3885/3584 3708/3886/3585
f 3564/3742/3445 3563/3741/3444 3710/3888/3587 3689/3867/3566
f 3695/3873/3572 3698/3876/3575 3711/3889/3588 3712/3890/3589
f 3573/3751/3454 3572/3750/3453 3713/3891/3587 3699/3877/3576
f 3696/3874/3573 3712/3890/3589 3711/3889/3588 3697/3875/3574
f 3713/3891/3587 3572/3750/3453 3571/3749/3452 3700/3878/3577
f 3711/3889/3588 3698/3876/3575 3569/3747/3450 3568/3746/3449
f 3701/3879/3578 3699/3877/3576 3713/3891/3587 3714/3892/3590
f 3711/3889/3588 3568/3746/3449 3570/3748/3451 3697/3875/3574
f 3713/3891/3587 3700/3878/3577 3702/3880/3579 3714/3892/3590
f 3715/3893/3591 3575/3753/3456 3574/3752/3455 3576/3754/3457
f 3714/3892/3590 3702/3880/3579 3701/3879/3578
f 3696/3874/3573 3695/3873/3572 3712/3890/3589
f 3716/3894/3592 3579/3757/3460 3578/3756/3459 3577/3755/3458
f 3717/3895/3593 3576/3754/3457 3575/3753/3456 3715/3893/3591
f 3718/3896/3594 3716/3894/3592 3577/3755/3458 3579/3757/3460
f 3685/3863/3562 3719/3897/3595 3583/3761/3464 3501/3679/3382
f 3715/3893/3591 3576/3754/3457 3717/3895/3593
f 3718/3896/3594 3579/3757/3460 3716/3894/3592
f 3589/3767/3470 3580/3758/3461 3581/3759/3462
f 3582/3760/3463 3590/3768/3471 3502/3680/3383
f 3580/3758/3461 3584/3762/3465 3504/3682/3385
f 3514/3692/3395 3509/3687/3390 3720/3898/3596 3721/3899/3597
f 3584/3762/3465 3585/3763/3466 3507/3685/3388
f 3719/3897/3595 3685/3863/3562 3512/3690/3393
f 3585/3763/3466 3720/3898/3596 3509/3687/3390
f 3586/3764/3467 3719/3897/3595 3512/3690/3393
f 3586/3764/3467 3512/3690/3393 3511/3689/3392
f 3722/3900/3598 3723/3901/3599 3611/3789/3492 3610/3788/3491
f 3587/3765/3468 3511/3689/3392 3517/3695/3398
f 3724/3902/3600 3587/3765/3468 3517/3695/3398
f 3721/3899/3597 3588/3766/3469 3514/3692/3395
f 3724/3902/3600 3517/3695/3398 3519/3697/3400
f 3516/3694/3397 3588/3766/3469 3589/3767/3470
f 3590/3768/3471 3724/3902/3600 3519/3697/3400
f 3591/3769/3472 3598/3776/3479 3592/3770/3473
f 3594/3772/3475 3725/3903/3601 3595/3773/3476
f 3600/3778/3481 3603/3781/3484 3594/3772/3475
f 3597/3775/3478 3601/3779/3482 3599/3777/3480
f 3604/3782/3485 3606/3784/3487 3603/3781/3484
f 3601/3779/3482 3723/3901/3599 3602/3780/3483
f 3723/3901/3599 3722/3900/3598 3602/3780/3483
f 3605/3783/3486 3607/3785/3488 3606/3784/3487
f 3726/3904/3602 3616/3794/3497 3615/3793/3496 3727/3905/3603
f 3613/3791/3494 3607/3785/3488 3608/3786/3489
f 3609/3787/3490 3593/3771/3474 3612/3790/3493
f 3725/3903/3601 3613/3791/3494 3595/3773/3476
f 3593/3771/3474 3592/3770/3473 3612/3790/3493
f 3727/3905/3603 3616/3794/3497 3726/3904/3602
f 3728/3906/3604 3619/3797/3500 3729/3907/3605
f 3728/3906/3604 3729/3907/3605 3617/3795/3498 3619/3797/3500
f 3727/3905/3603 3615/3793/3496 3614/3792/3495 3616/3794/3497
f 3729/3907/3605 3619/3797/3500 3618/3796/3499 3617/3795/3498
f 3730/3908/3588 3623/3801/3504 3625/3803/3505 3731/3909/3606
f 3732/3910/3607 3733/3911/3608 3734/3912/3609
f 3735/3913/3590 3736/3914/3579 3737/3915/3610
f 3738/3916/3587 3739/3917/3611 3736/3914/3579 3735/3913/3590
f 3730/3908/3588 3740/3918/3612 3624/3802/3450 3623/3801/3504
f 3737/3915/3610 3741/3919/3613 3738/3916/3587 3735/3913/3590
f 3732/3910/3607 3734/3912/3609 3730/3908/3588 3731/3909/3606
f 3738/3916/3587 3621/3799/3502 3620/3798/3501 3739/3917/3611
f 3733/3911/3608 3740/3918/3612 3730/3908/3588 3734/3912/3609
f 3622/3800/3503 3621/3799/3502 3738/3916/3587 3741/3919/3613
f 3742/3920/3614 3743/3921/3615 3744/3922/3616 3745/3923/3617
f 3631/3809/3509 3630/3808/3508 3746/3924/3587 3747/3925/3618
f 3748/3926/3619 3745/3923/3617 3744/3922/3616 3749/3927/3620
f 3746/3924/3587 3630/3808/3508 3629/3807/3507 3750/3928/3621
f 3744/3922/3616 3743/3921/3615 3627/3805/3506 3626/3804/3446
f 3751/3929/3622 3747/3925/3618 3746/3924/3587 3752/3930/3623
f 3744/3922/3616 3626/3804/3446 3628/3806/3448 3749/3927/3620
f 3746/3924/3587 3750/3928/3621 3753/3931/3568 3752/3930/3623
f 3754/3932/3624 3633/3811/3438 3632/3810/3510 3634/3812/3511
f 3752/3930/3623 3753/3931/3568 3751/3929/3622
f 3748/3926/3619 3742/3920/3614 3745/3923/3617
f 3755/3933/3625 3637/3815/3514 3636/3814/3513 3635/3813/3512
f 3756/3934/3626 3634/3812/3511 3633/3811/3438 3754/3932/3624
f 3757/3935/3627 3755/3933/3625 3635/3813/3512 3637/3815/3514
f 3740/3918/3612 3731/3909/3606 3625/3803/3505 3624/3802/3450
f 3754/3932/3624 3634/3812/3511 3756/3934/3626
f 3757/3935/3627 3637/3815/3514 3755/3933/3625
f 3741/3919/3613 3737/3915/3610 3736/3914/3579 3739/3917/3611
f 3733/3911/3608 3732/3910/3607 3731/3909/3606 3740/3918/3612
f 3622/3800/3503 3741/3919/3613 3739/3917/3611 3620/3798/3501
f 3742/3920/3614 3748/3926/3619 3749/3927/3620 3743/3921/3615
f 3631/3809/3509 3747/3925/3618 3750/3928/3621 3629/3807/3507
f 3743/3921/3615 3749/3927/3620 3628/3806/3448 3627/3805/3506
f 3747/3925/3618 3751/3929/3622 3753/3931/3568 3750/3928/3621
f 3653/3831/3530 3645/3823/3522 3642/3820/3519 3651/3829/3528
f 3640/3818/3517 3639/3817/3516 3649/3827/3526
f 3654/3832/3531 3642/3820/3519 3644/3822/3521
f 3641/3819/3518 3647/3825/3524 3639/3817/3516
f 3655/3833/3532 3643/3821/3520 3645/3823/3522 3758/3936/3628
f 3649/3827/3526 3647/3825/3524 3648/3826/3525
f 3651/3829/3528 3654/3832/3531 3652/3830/3529
f 3638/3816/3515 3640/3818/3517 3656/3834/3533
f 3644/3822/3521 3655/3833/3532 3661/3839/3538
f 3641/3819/3518 3638/3816/3515 3656/3834/3533
f 3758/3936/3628 3645/3823/3522 3653/3831/3530 3660/3838/3537
f 3646/3824/3523 3641/3819/3518 3657/3835/3534
f 3648/3826/3525 3646/3824/3523 3658/3836/3535
f 3667/3845/3544 3670/3848/3547 3669/3847/3546 3665/3843/3542
f 3650/3828/3527 3648/3826/3525 3658/3836/3535
f 3640/3818/3517 3650/3828/3527 3659/3837/3536
f 3652/3830/3529 3661/3839/3538 3660/3838/3537
f 3659/3837/3536 3656/3834/3533 3640/3818/3517
f 3664/3842/3541 3663/3841/3540 3668/3846/3545
f 3673/3851/3550 3672/3850/3549 3596/3774/3477 3668/3846/3545
f 3671/3849/3548 3602/3780/3483 3675/3853/3552 3669/3847/3546
f 3680/3858/3557 3674/3852/3551 3759/3937/3629 3678/3856/3555
f 3673/3851/3550 3759/3937/3629 3674/3852/3551
f 3675/3853/3552 3602/3780/3483 3722/3900/3598
f 3681/3859/3558 3666/3844/3543 3665/3843/3542 3682/3860/3559
f 3675/3853/3552 3722/3900/3598 3676/3854/3553
f 3677/3855/3554 3676/3854/3553 3681/3859/3558
f 3678/3856/3555 3683/3861/3560 3679/3857/3556
f 3662/3840/3539 3683/3861/3560 3663/3841/3540
f 3600/3778/3481 3672/3850/3549 3674/3852/3551 3604/3782/3485
f 3592/3770/3473 3598/3776/3479 3667/3845/3544
f 3596/3774/3477 3595/3773/3476 3664/3842/3541
f 3670/3848/3547 3667/3845/3544 3598/3776/3479
f 3599/3777/3480 3671/3849/3548 3670/3848/3547
f 3605/3783/3486 3680/3858/3557 3679/3857/3556 3608/3786/3489
f 3610/3788/3491 3676/3854/3553 3722/3900/3598
f 3610/3788/3491 3681/3859/3558 3676/3854/3553
f 3608/3786/3489 3679/3857/3556 3662/3840/3539 3595/3773/3476
f 3612/3790/3493 3666/3844/3543 3681/3859/3558
o cockpit_Cube.000
v 4.892366 0.676314 0.123881
v 4.801129 0.782397 0.195260
v 4.716537 0.755444 0.168019
v 4.891664 0.678920 -0.127787
v 4.718978 0.756402 -0.179767
v 4.804671 0.788212 -0.202116
v 4.825013 0.792492 -0.136438
v 4.930913 0.295103 -0.089633
v 4.937298 0.650321 -0.138261
v 4.923279 0.522250 -0.017873
v 4.930912 0.295103 0.084812
v 4.937298 0.650320 0.133443
v 4.824773 0.792612 0.131463
v 4.923817 0.521147 0.005372
v 4.694957 0.780292 0.012031
v 4.694957 0.780292 -0.016852
v 4.829815 0.733259 0.156112
v 4.837160 0.731899 0.222250
v 4.938898 0.386984 0.115298
v 5.048503 0.612213 -0.071748
v 4.880030 0.311401 -0.034794
v 4.878350 0.314300 -0.061333
v 5.018030 0.613373 -0.057343
v 4.843576 0.315379 -0.063721
v 5.018653 0.814962 -0.021092
v 4.978682 0.775519 -0.006707
v 5.014148 0.808723 0.028012
v 4.902825 0.813327 -0.096990
v 5.031517 0.824907 0.007665
v 4.963121 0.760050 -0.024745
v 4.906065 0.812813 0.094086
v 4.966210 0.757668 0.025374
v 4.923488 0.883810 -0.116473
v 4.937908 0.885824 0.010086
v 4.923338 0.886328 0.113147
v 4.958330 0.902319 -0.064298
v 4.981105 0.984508 -0.002410
v 4.943257 1.035591 0.082375
v 4.985029 0.967074 -0.002410
v 4.975691 1.001381 -0.002410
v 4.968840 1.017533 -0.002410
v 4.960617 1.032808 -0.002410
v 4.951104 1.047058 -0.002410
v 4.950754 1.035581 -0.064052
v 4.945026 1.047557 -0.002410
v 4.985526 0.897804 -0.002410
v 4.957542 0.896270 0.113785
v 4.979451 0.898304 -0.002410
v 4.978954 0.967574 -0.002410
v 4.981354 0.949748 -0.002410
v 4.975028 0.985008 -0.002410
v 4.969614 1.001883 -0.002410
v 4.962762 1.018033 -0.002410
v 4.954542 1.033307 -0.002410
v 4.945526 1.004525 -0.111134
v 4.984228 0.886765 -0.050240
v 4.934413 0.952671 -0.140594
v 4.809762 0.997224 -0.162253
v 4.701278 0.993594 -0.129336
v 4.960590 0.847042 -0.087483
v 4.882014 0.863361 -0.168536
v 4.960256 0.876692 -0.087353
v 4.954652 0.874205 -0.089541
v 4.820104 0.830588 -0.168733
v 4.913538 0.846885 -0.121362
v 4.852911 0.834502 -0.137458
v 4.927854 1.045670 -0.113784
v 4.793012 1.069809 -0.135420
v 4.854198 1.102630 0.029834
v 4.851260 0.937307 0.167571
v 4.914523 1.053637 0.092370
v 4.790258 1.091160 0.106002
v 4.945052 1.045878 0.018842
v 4.665719 0.863452 -0.002541
v 4.679817 1.026670 -0.074392
v 4.721180 0.828439 -0.125025
v 4.765306 0.832774 -0.118455
v 4.699109 0.980488 0.125804
v 4.860233 0.757803 -0.105933
v 4.909224 0.523506 -0.002411
v 4.902562 0.722194 -0.002410
v 4.866649 0.750064 0.095268
v 4.887007 0.725078 -0.206832
v 4.873019 0.530225 -0.249327
v 4.885627 0.725419 0.200976
v 4.891657 0.512724 0.208991
v 5.370709 0.418542 0.284666
v 5.121222 0.288753 0.213959
v 5.381410 0.256884 0.284498
v 4.984735 -0.152121 0.028022
v 4.995815 0.021570 -0.002411
v 5.002124 -0.166634 -0.002414
v 4.909458 0.082292 -0.179152
v 5.352880 0.028442 -0.171469
v 4.955127 -0.149926 -0.048815
v 5.334240 -0.152347 -0.251652
v 5.339042 -0.155272 -0.092003
v 5.332733 0.032932 0.087179
v 5.339042 -0.155272 0.087179
v 5.768159 -0.415113 -0.170880
v 4.626440 0.141488 -0.002411
v 4.594391 0.375683 -0.066543
v 4.597768 0.515557 -0.002411
v 4.666057 0.017603 -0.002411
v 4.771749 -0.155736 -0.253424
v 4.718853 0.519936 -0.234753
v 4.908116 0.087908 0.181653
v 4.999714 0.349079 -0.352274
v 5.043708 0.485047 -0.368166
v 4.798340 0.712104 -0.309194
v 5.117449 0.293965 -0.209722
v 5.047933 0.311405 0.359386
v 5.047092 0.484213 0.363527
v 5.002779 0.599213 0.274429
v 4.791126 0.711632 0.304545
v 5.003623 0.599052 -0.279436
v 4.895315 0.523553 0.324266
v 4.679377 0.769666 -0.002410
v 4.677537 0.751030 -0.102544
v 4.681540 0.786304 -0.002410
v 4.881077 0.792720 -0.002410
v 4.894505 0.775114 -0.002410
v 4.837944 0.901807 -0.002410
v 4.763164 0.899573 -0.097448
v 4.875031 0.903049 -0.002410
v 4.869103 0.902792 0.084006
v 4.806980 0.900768 -0.002410
v 4.935507 -0.167399 -0.002411
v 4.879891 -0.168037 -0.002411
v 4.792828 0.285485 -0.002411
v 4.900258 0.150668 -0.002411
v 4.787639 0.750458 -0.002410
v 4.682838 0.796268 -0.002410
v 4.879552 0.802730 -0.002410
v 4.895674 0.767438 -0.002410
v 4.749243 0.898832 -0.002410
v 4.695951 0.897045 -0.002410
v 4.776188 -0.169228 -0.002411
v 4.745101 -0.167379 0.239602
v 4.609489 0.341482 0.110711
v 4.678381 0.762024 -0.002410
v 4.672521 0.716977 -0.002410
v 5.832697 0.570512 -0.199888
v 5.501898 0.651758 0.269379
v 5.862347 0.550579 0.234654
v 5.566357 0.402046 -0.373991
v 5.503404 0.639838 -0.280934
v 6.091357 0.329677 -0.384523
v 5.599877 0.403579 -0.410924
v 5.566479 0.402086 0.369368
v 5.599890 0.403575 0.406101
v 6.091144 0.329993 0.379883
v 6.227660 0.323243 -0.298504
v 5.796415 0.576400 0.072387
v 5.782624 0.618057 0.000967
v 5.795089 0.575417 -0.077121
v 5.631002 0.681077 -0.072858
v 5.648334 0.796300 -0.065142
v 5.639616 0.737733 0.065838
v 5.411379 0.698790 -0.091970
v 5.552968 0.257010 0.359422
v 5.535884 0.264118 0.440291
v 5.538309 0.263437 -0.444782
v 4.532004 0.470537 -0.410929
v 5.089269 0.352745 -0.420522
v 5.550627 0.258023 -0.364509
v 5.089269 0.352745 0.415695
v 4.620962 0.315218 -0.231545
v 4.203297 0.573628 -0.210093
v 4.522482 0.708688 -0.173257
v 4.204591 0.570772 0.215475
v 4.619746 0.325617 0.226070
v 4.527932 0.709568 0.176009
v 4.418531 0.994147 0.126541
v 4.355491 0.981709 0.053021
v 4.238353 0.602641 0.052484
v 4.173460 0.579864 0.083781
v 4.151183 0.906989 0.097146
v 4.157836 0.905451 -0.105121
v 4.349799 0.953530 -0.208835
v 4.815220 -0.071028 0.225020
v 4.461270 -0.201243 0.225179
v 4.077341 0.873475 -0.013181
v 4.393309 0.992894 -0.135655
v 4.346462 0.974422 -0.070663
v 4.461616 -0.201263 -0.229902
v 4.815523 -0.071707 -0.227544
v 4.145952 0.899691 -0.237990
v 4.451431 -0.211559 -0.240649
v 4.542633 -0.180111 -0.255044
v 4.190079 0.575610 -0.051278
v 4.829567 0.733382 -0.160098
v 4.939254 0.387294 -0.118548
v 4.837160 0.731899 -0.227070
v 4.987428 0.949248 -0.002410
v 4.934584 0.970812 -0.128595
v 4.727167 0.840291 0.127360
v 4.892518 0.825169 0.113321
v 4.935859 0.895031 0.132830
v 4.844303 0.800438 0.138210
v 4.755046 0.822228 0.141247
v 4.680980 0.774148 0.101622
v 4.718721 0.520174 0.227549
v 5.373291 0.419104 -0.290175
v 5.375497 0.265345 -0.288962
v 4.680461 -0.170329 -0.002411
v 5.369214 -0.058730 0.249395
v 5.768159 -0.415113 0.166054
v 5.666950 0.765481 -0.052985
v 5.666590 0.764721 0.048203
v 5.764503 0.629738 0.048486
v 5.763308 0.628480 -0.052937
v 5.422179 0.701077 0.084156
v 5.503733 0.718810 -0.060854
v 6.346273 0.322345 -0.001901
v 6.233443 0.320390 0.287304
v 5.097469 0.500000 -0.434224
v 4.541915 0.616443 -0.423184
v 4.532004 0.470536 0.406108
v 4.541915 0.616443 0.418363
v 5.097469 0.500000 0.429406
v 4.054503 0.868657 -0.240651
v 4.542630 -0.180112 0.250227
v 4.145949 0.899690 0.233169
v 4.054506 0.868660 0.235832
v 4.451435 -0.211560 0.235829
vt 0.043209 0.529297
vt 0.040483 0.534635
vt 0.041150 0.533799
vt 0.053384 0.529374
vt 0.055565 0.533797
vt 0.056159 0.534656
vt 0.053572 0.535102
vt 0.051907 0.509586
vt 0.053710 0.528303
vt 0.048954 0.521635
vt 0.044696 0.509586
vt 0.042892 0.528303
vt 0.043028 0.535103
vt 0.047595 0.521507
vt 0.047705 0.535216
vt 0.048898 0.535216
vt 0.582942 0.673266
vt 0.580196 0.673074
vt 0.584507 0.655931
vt 0.572660 0.660455
vt 0.578435 0.647237
vt 0.578359 0.647234
vt 0.573402 0.660469
vt 0.579532 0.647361
vt 0.573865 0.669118
vt 0.574885 0.667086
vt 0.574112 0.668812
vt 0.577659 0.669139
vt 0.573922 0.670312
vt 0.575617 0.666891
vt 0.577593 0.669241
vt 0.575611 0.666983
vt 0.576901 0.672459
vt 0.575780 0.673804
vt 0.576900 0.672567
vt 0.575793 0.673119
vt 0.583433 0.671772
vt 0.576215 0.676308
vt 0.583433 0.669756
vt 0.583433 0.673724
vt 0.583433 0.675592
vt 0.583433 0.677358
vt 0.583433 0.679006
vt 0.588387 0.677268
vt 0.583433 0.679064
vt 0.583433 0.661744
vt 0.574381 0.663692
vt 0.583433 0.661802
vt 0.583433 0.669814
vt 0.583433 0.667752
vt 0.583433 0.671830
vt 0.583433 0.673782
vt 0.583433 0.675649
vt 0.583433 0.677416
vt 0.592586 0.674214
vt 0.587559 0.660585
vt 0.594931 0.668290
vt 0.596942 0.672700
vt 0.592561 0.672477
vt 0.591125 0.655840
vt 0.597748 0.657795
vt 0.591146 0.659002
vt 0.591318 0.659015
vt 0.378468 0.233645
vt 0.365828 0.235509
vt 0.373399 0.230666
vt 0.364023 0.269485
vt 0.381106 0.272252
vt 0.373983 0.279920
vt 0.374546 0.251379
vt 0.364851 0.273152
vt 0.382821 0.274146
vt 0.360427 0.272583
vt 0.401626 0.237383
vt 0.395616 0.265017
vt 0.392216 0.232353
vt 0.387490 0.229224
vt 0.393956 0.259605
vt 0.049442 0.496453
vt 0.047385 0.490381
vt 0.047385 0.495638
vt 0.045437 0.496424
vt 0.051530 0.495604
vt 0.052452 0.490397
vt 0.043191 0.495599
vt 0.042925 0.490179
vt 0.041595 0.488129
vt 0.042760 0.484455
vt 0.041491 0.483373
vt 0.046685 0.472476
vt 0.047385 0.477101
vt 0.047385 0.472122
vt 0.051288 0.478887
vt 0.050884 0.477402
vt 0.048094 0.472543
vt 0.052505 0.472420
vt 0.049239 0.472422
vt 0.045530 0.477402
vt 0.045530 0.472422
vt 0.050872 0.465548
vt 0.047385 0.480274
vt 0.049239 0.486550
vt 0.047385 0.490171
vt 0.047385 0.476996
vt 0.052211 0.472396
vt 0.052129 0.490271
vt 0.043502 0.478952
vt 0.054282 0.486167
vt 0.054742 0.489351
vt 0.053606 0.494996
vt 0.051895 0.484603
vt 0.040051 0.484996
vt 0.040038 0.489328
vt 0.041780 0.492352
vt 0.041190 0.495080
vt 0.052988 0.492360
vt 0.040689 0.490396
vt 0.047385 0.496894
vt 0.049394 0.496450
vt 0.047385 0.497334
vt 0.047385 0.497504
vt 0.047385 0.497038
vt 0.047385 0.500390
vt 0.049239 0.500324
vt 0.047385 0.500423
vt 0.045530 0.500417
vt 0.047385 0.500363
vt 0.047385 0.472101
vt 0.047385 0.472085
vt 0.047385 0.484083
vt 0.047385 0.480517
vt 0.047385 0.496386
vt 0.047385 0.497598
vt 0.047385 0.497769
vt 0.047385 0.496835
vt 0.047385 0.500311
vt 0.047385 0.500264
vt 0.047385 0.472053
vt 0.042566 0.472098
vt 0.045198 0.485625
vt 0.047385 0.496692
vt 0.047385 0.495500
vt 0.580761 0.656614
vt 0.581514 0.662078
vt 0.581029 0.656057
vt 0.583607 0.661099
vt 0.581631 0.662053
vt 0.583071 0.652516
vt 0.583933 0.660513
vt 0.583990 0.661155
vt 0.583933 0.660513
vt 0.583070 0.652522
vt 0.581918 0.650349
vt 0.579118 0.657481
vt 0.578893 0.657707
vt 0.579117 0.657483
vt 0.579091 0.660049
vt 0.579006 0.659744
vt 0.578984 0.659778
vt 0.579223 0.663427
vt 0.583794 0.661311
vt 0.584698 0.661623
vt 0.584696 0.661586
vt 0.584082 0.677923
vt 0.584062 0.668859
vt 0.583797 0.661348
vt 0.584062 0.668859
vt 0.715646 0.963375
vt 0.728759 0.974108
vt 0.718513 0.979867
vt 0.728876 0.973850
vt 0.715815 0.963735
vt 0.718481 0.979657
vt 0.721974 0.990993
vt 0.723899 0.990746
vt 0.727624 0.975155
vt 0.729704 0.974241
vt 0.730436 0.987330
vt 0.730407 0.987249
vt 0.724123 0.989206
vt 0.709369 0.947875
vt 0.720495 0.942681
vt 0.732570 0.985692
vt 0.722850 0.990661
vt 0.724245 0.990266
vt 0.720491 0.942669
vt 0.709354 0.947821
vt 0.730585 0.986737
vt 0.720714 0.942695
vt 0.718247 0.943815
vt 0.728900 0.974424
vt 0.592968 0.672409
vt 0.591380 0.655029
vt 0.595713 0.672215
vt 0.583433 0.667694
vt 0.594795 0.670172
vt 0.392136 0.234065
vt 0.367685 0.230024
vt 0.362326 0.243605
vt 0.375729 0.226552
vt 0.387272 0.228821
vt 0.045361 0.497022
vt 0.042627 0.490268
vt 0.053168 0.488162
vt 0.053280 0.483494
vt 0.047385 0.472024
vt 0.042264 0.474947
vt 0.043897 0.465548
vt 0.439501 0.673914
vt 0.426082 0.674957
vt 0.416273 0.646393
vt 0.429658 0.645192
vt 0.579194 0.663271
vt 0.578952 0.662097
vt 0.578187 0.648411
vt 0.581861 0.650282
vt 0.584238 0.668725
vt 0.584238 0.677788
vt 0.583647 0.661173
vt 0.584082 0.677923
vt 0.584238 0.677788
vt 0.584238 0.668725
vt 0.733069 0.985664
vt 0.718247 0.943815
vt 0.730585 0.986737
vt 0.733069 0.985664
vt 0.720714 0.942695
vn -0.6889 -0.5718 0.4455
vn 0.0701 0.4447 0.8929
vn -0.9677 -0.1440 0.2071
vn -0.6881 -0.5637 -0.4569
vn -0.9365 -0.1834 -0.2988
vn 0.1255 0.4915 -0.8618
vn 0.3214 0.7315 0.6014
vn 0.0392 -0.9989 -0.0244
vn 0.7555 0.3376 -0.5614
vn 0.0320 -0.0662 0.9973
vn 0.0381 -0.9987 0.0343
vn 0.7622 0.3209 0.5622
vn 0.2964 0.7787 -0.5529
vn 0.0336 -0.0741 -0.9967
vn -0.4251 0.0104 0.9051
vn -0.4197 0.0216 -0.9074
vn -0.0000 0.3714 -0.9285
vn -0.0000 0.4472 -0.8944
vn -0.0000 0.4062 -0.9138
vn 0.8063 -0.1882 -0.5608
vn 0.8740 -0.4824 0.0578
vn 0.8546 -0.4937 -0.1610
vn 0.4363 -0.6313 0.6412
vn 0.9460 -0.0145 0.3240
vn 0.5283 -0.2306 0.8172
vn 0.9202 -0.0778 0.3836
vn 0.3872 -0.0106 -0.9219
vn 0.5026 0.7804 0.3720
vn 0.9708 0.2394 -0.0122
vn 0.8542 -0.4442 -0.2702
vn 0.8168 0.1537 -0.5561
vn 0.6102 -0.3476 -0.7119
vn 0.9977 -0.0003 0.0680
vn 0.7071 -0.4918 -0.5081
vn 0.5566 -0.3321 0.7615
vn 0.7011 -0.5671 0.4323
vn 0.6953 -0.1873 -0.6939
vn 0.5392 0.8211 0.1871
vn 0.7337 0.1569 0.6611
vn 0.8211 0.4511 -0.3498
vn 0.8142 0.2060 0.5428
vn -0.2747 0.6499 0.7086
vn 0.8049 0.1528 0.5735
vn 0.8162 0.2902 0.4997
vn 0.7993 0.3745 0.4700
vn 0.7645 0.4554 0.4563
vn 0.4548 0.7696 0.4483
vn -0.1672 0.7091 0.6850
vn -0.8380 0.5442 -0.0411
vn 0.5886 0.7661 0.2582
vn 0.6546 -0.6213 0.4308
vn -0.1390 -0.5295 0.8368
vn -0.6568 -0.7214 0.2197
vn -0.9206 -0.1503 0.3603
vn -0.9326 -0.0963 0.3478
vn -0.8208 -0.1256 0.5573
vn -0.8488 -0.1293 0.5126
vn -0.8794 -0.2262 0.4190
vn -0.8511 -0.2122 0.4802
vn -0.8346 -0.2992 0.4625
vn -0.8563 -0.3025 0.4187
vn -0.7891 -0.3712 0.4895
vn -0.8381 -0.3922 0.3791
vn -0.7441 -0.4443 0.4989
vn -0.7983 -0.4779 0.3664
vn -0.7053 0.5136 0.4887
vn 0.1302 0.8726 -0.4708
vn 0.1920 -0.9804 -0.0453
vn 0.4209 -0.7144 -0.5590
vn -0.8794 -0.0444 0.4740
vn 0.8821 0.1572 0.4440
vn -0.8720 -0.1554 0.4642
vn 0.8651 0.2341 0.4436
vn -0.8550 -0.2314 0.4641
vn 0.8410 0.3105 0.4431
vn -0.8310 -0.3069 0.4639
vn 0.8094 0.3860 0.4425
vn -0.7997 -0.3813 0.4637
vn 0.7703 0.4599 0.4417
vn -0.7608 -0.4542 0.4635
vn 0.5028 0.7781 0.3765
vn -0.7997 0.5255 0.2904
vn -0.8850 -0.4655 0.0139
vn -0.4581 -0.5296 0.7139
vn 0.5748 -0.4895 -0.6558
vn -0.6889 -0.0250 -0.7245
vn 0.6498 0.3364 -0.6816
vn -0.6655 0.5139 0.5414
vn 0.0281 -0.6275 -0.7781
vn 0.4645 -0.1078 -0.8790
vn 0.1788 -0.9818 -0.0647
vn 0.3526 0.6524 -0.6708
vn -0.1765 0.6790 -0.7126
vn 0.1430 0.9890 0.0376
vn 0.1263 0.1147 0.9853
vn 0.4177 0.6898 0.5914
vn -0.2296 0.8073 0.5436
vn 0.5310 0.8473 0.0145
vn -0.9994 -0.0310 -0.0167
vn -0.8212 0.4602 -0.3374
vn -0.6392 -0.1852 -0.7464
vn 0.0704 -0.9903 0.1198
vn -0.7182 0.2707 0.6410
vn -0.7513 -0.4571 0.4760
vn -0.9191 -0.0568 -0.3900
vn -0.9835 -0.0859 -0.1595
vn -0.8223 -0.3778 -0.4255
vn -0.7555 -0.0565 -0.6527
vn -0.8350 -0.0346 -0.5491
vn -0.6828 -0.7302 -0.0252
vn 0.0547 0.8476 0.5279
vn -0.6651 -0.7438 -0.0664
vn -0.4060 0.8526 0.3291
vn -0.7978 -0.6028 0.0156
vn 0.1469 0.5672 0.8103
vn -0.7973 0.6034 -0.0157
vn -0.5987 0.7275 -0.3352
vn -0.9492 -0.2646 -0.1702
vn -0.7077 0.5914 -0.3864
vn -0.6725 -0.2865 0.6824
vn -0.4227 -0.9062 0.0056
vn -0.4253 0.8918 0.1541
vn -0.0134 0.4273 0.9040
vn -0.0319 0.4462 -0.8944
vn -0.3018 -0.6521 0.6954
vn -0.0013 0.7739 0.6333
vn -0.8043 0.5942 -0.0010
vn 0.9625 0.2632 0.0658
vn 0.9752 0.0231 0.2201
vn 0.9387 -0.1963 -0.2835
vn 0.9605 0.1905 -0.2030
vn 0.3883 0.5874 0.7101
vn 0.5227 0.0148 0.8524
vn -0.4160 -0.4119 -0.8107
vn 0.4804 0.6448 0.5944
vn -0.4443 -0.3737 0.8142
vn 0.2698 -0.5390 0.7979
vn 0.1282 0.6014 -0.7886
vn 0.3747 0.6647 -0.6464
vn -0.4336 -0.4055 -0.8047
vn -0.7753 -0.6276 -0.0713
vn 0.2615 -0.5703 -0.7787
vn -0.7799 -0.6209 0.0794
vn 0.4961 0.4203 -0.7597
vn 0.8895 -0.1159 -0.4420
vn 0.7796 -0.3845 0.4944
vn 0.8895 -0.1157 -0.4420
vn -0.8521 -0.3092 -0.4223
vn -0.8515 -0.3217 -0.4140
vn 0.0298 -0.8926 -0.4498
vn 0.0922 -0.7236 0.6841
vn -0.6809 -0.7266 0.0925
vn -0.4902 -0.6257 -0.6068
vn 0.0299 -0.8936 -0.4478
vn -0.6558 -0.6590 -0.3682
vn 0.0300 -0.8926 -0.4498
vn -0.0131 0.9667 -0.2556
vn -0.5786 0.3206 -0.7500
vn -0.0071 0.7183 -0.6957
vn -0.0119 0.9818 -0.1894
vn -0.0071 0.6724 -0.7401
vn -0.0261 0.8934 -0.4485
vn -0.0000 0.0000 -1.0000
vn -0.0318 0.8918 -0.4513
vn -0.8276 -0.1439 -0.5426
vn -0.8976 -0.0042 -0.4407
vn -0.7754 -0.1709 -0.6079
vn -0.8355 -0.2192 -0.5038
vn -0.8773 -0.2174 -0.4278
vn 0.9351 -0.2591 -0.2419
vn -0.9594 -0.2428 -0.1433
vn -0.8851 -0.0610 -0.4613
vn -0.8976 -0.1646 -0.4089
vn -0.8441 -0.2662 -0.4655
vn -0.8725 -0.2070 -0.4426
vn 0.6882 -0.7222 -0.0699
vn -0.0539 0.9144 -0.4011
vn -0.0508 0.8920 -0.4492
vn -0.0219 0.8940 -0.4474
vn 0.4125 0.5684 -0.7118
vn 0.8397 0.0529 -0.5405
vn 0.8869 -0.1155 -0.4472
vn 0.8869 -0.1156 -0.4472
vn 0.8544 -0.2112 -0.4747
vn 0.3412 0.8952 -0.2869
vn 0.2204 0.8802 0.4203
vn 0.3065 0.8444 0.4394
vn 0.0782 0.6743 -0.7343
vn 0.2011 0.8627 -0.4640
vn 0.3054 0.7819 -0.5434
vn 0.1379 0.9765 0.1657
vn 0.1492 0.7612 0.6312
vn 0.1375 0.9767 -0.1647
vn 0.3250 0.7204 0.6128
vn 0.4388 0.8433 -0.3102
vn -0.6320 0.4691 -0.6169
vn -0.8139 -0.5787 -0.0513
vn -0.6166 0.5177 0.5931
vn -0.0363 -0.6470 0.7616
vn 0.3456 -0.9364 0.0613
vn -0.2691 -0.8300 -0.4885
vn 0.8081 -0.0499 0.5870
vn -0.4707 -0.3186 -0.8228
vn -0.6346 0.7466 -0.1997
vn -0.4201 0.5368 -0.7317
vn -0.4404 0.5408 0.7166
vn 0.0405 0.0570 0.9976
vn 0.2016 0.9322 0.3007
vn -0.6262 0.7655 0.1477
vn 0.2015 0.9315 -0.3028
vn 0.6097 0.2633 -0.7476
vn -0.6290 -0.1018 -0.7707
vn 0.7325 0.2992 -0.6115
vn -0.6841 0.0214 0.7291
vn 0.6233 0.2567 0.7386
vn 0.6619 0.3712 0.6512
vn 0.5437 0.7728 0.3274
vn 0.2507 0.9638 -0.0911
vn -0.7114 0.4092 0.5715
vn -0.9188 0.1695 0.3566
vn -0.6215 0.5141 0.5912
vn -0.6890 0.5230 -0.5018
vn 0.0127 0.5740 -0.8188
vn 0.7631 -0.3033 0.5707
vn -0.3559 -0.7356 0.5763
vn -0.9586 0.2640 0.1072
vn 0.3938 0.8851 -0.2479
vn -0.2375 0.9698 -0.0563
vn -0.3529 -0.7362 -0.5775
vn 0.7648 -0.3055 -0.5672
vn -0.9640 -0.2650 0.0219
vn 0.9594 0.2640 -0.0995
vn 0.9589 0.2638 -0.1046
vn -0.9461 -0.2747 -0.1715
vn 0.9881 0.1500 -0.0327
vn 0.9967 0.0781 -0.0239
vn 0.9877 0.1494 -0.0464
vn 0.8100 0.0807 0.5808
vn 0.9398 0.1070 0.3245
vn 0.6343 -0.5897 0.4999
vn 0.9248 0.1739 0.3385
vn 0.8514 0.3377 0.4014
vn 0.9049 0.2405 0.3511
vn 0.8748 0.3221 0.3619
vn 0.8413 0.4039 0.3594
vn -0.6484 -0.5776 0.4960
vn -0.6339 -0.0463 0.7721
vn 0.8994 0.0455 0.4348
vn -0.7206 -0.6019 0.3442
vn 0.6064 -0.7268 0.3226
vn -0.7214 -0.0552 0.6903
vn 0.5877 -0.5343 0.6076
vn 0.4241 -0.0561 0.9039
vn 0.1909 -0.2858 0.9391
vn 0.9012 -0.1899 -0.3897
vn -0.2281 -0.1049 0.9680
vn 0.7809 -0.1509 -0.6062
vn 0.7275 -0.4718 -0.4982
vn 0.8267 -0.1446 -0.5437
vn 0.6057 0.1383 -0.7836
vn -0.8506 -0.5256 0.0159
vn -0.7299 0.6825 0.0374
vn 0.6725 0.7309 -0.1167
vn -0.8891 -0.2122 -0.4055
vn 0.6010 0.6553 -0.4576
vn 0.7471 0.1458 -0.6485
vn -0.4637 -0.2145 -0.8596
vn -0.8028 -0.0782 -0.5911
vn -0.7698 0.6369 -0.0426
vn -0.8421 -0.1204 -0.5257
vn 0.7019 0.2038 -0.6825
vn 0.8826 -0.1149 -0.4559
vn 0.8826 -0.1148 -0.4559
vn -0.7806 -0.2884 -0.5545
vn -0.8155 -0.3702 -0.4449
vn 0.0300 -0.8936 -0.4478
vn -0.6255 0.4109 -0.6632
vn 0.4454 -0.4379 -0.7809
vn -0.8734 -0.0525 -0.4842
vn 0.0299 -0.8939 -0.4472
vn -0.6573 -0.6708 -0.3434
vn 0.2486 -0.4649 -0.8497
vn 0.0300 -0.8939 -0.4472
vn -0.8491 -0.1200 -0.5145
vn 0.9059 -0.1271 -0.4039
vn 0.6319 0.6977 -0.3376
vn 0.8633 0.1687 -0.4756
vn 0.8896 0.1738 -0.4224
vn 0.6323 -0.6960 -0.3403
vn 0.8566 -0.3641 0.3656
vn 0.9910 0.1339 -0.0092
vn 0.9910 0.1337 0.0084
vn 0.9940 0.1086 0.0083
vn 0.9941 0.1084 -0.0091
vn 0.8272 -0.0918 -0.5543
vn 0.0027 -0.9165 0.4000
vn 0.4796 0.8775 0.0007
vn 0.4694 0.8273 0.3086
vn 0.0146 0.0014 0.9999
vn 0.0386 0.0479 0.9981
vn -0.4741 -0.3225 0.8193
vn 0.0406 0.0563 -0.9976
vn 0.0387 0.0470 -0.9981
vn 0.0147 0.0004 -0.9999
vn -0.9641 -0.2651 0.0168
vn 0.9589 0.2638 0.1046
vn -0.9640 -0.2651 -0.0219
vn -0.9641 -0.2651 -0.0167
vn 0.9594 0.2640 0.0995
usemtl FUSELAJE_a10TS.JPG.001
s 1
f 3760/3938/3630 3761/3939/3631 3762/3940/3632
f 3763/3941/3633 3764/3942/3634 3765/3943/3635
f 3766/3944/3636 3764/3942/3634 3763/3941/3633
f 3767/3945/3637 3768/3946/3638 3769/3947/3639
f 3770/3948/3640 3771/3949/3641 3760/3938/3630
f 3768/3946/3638 3767/3945/3637 3763/3941/3633
f 3767/3945/3637 3769/3947/3639 3763/3941/3633
f 3766/3944/3636 3768/3946/3638 3765/3943/3635
f 3760/3938/3630 3772/3950/3642 3773/3951/3643
f 3769/3947/3639 3768/3946/3638 3766/3944/3636
f 3764/3942/3634 3774/3952/3644 3765/3943/3635
f 3775/3953/3645 3761/3939/3631 3772/3950/3642
f 3775/3953/3645 3772/3950/3642 3762/3940/3632
f 3776/3954/3646 3777/3955/3647 3778/3956/3648
f 3779/3957/3649 3780/3958/3650 3781/3959/3651
f 3781/3959/3652 3782/3960/3653 3783/3961/3654
f 3784/3962/3655 3779/3957/3649 3782/3960/3656
f 3784/3962/3657 3785/3963/3658 3782/3960/3653
f 3784/3962/3655 3786/3964/3659 3779/3957/3649
f 3785/3963/3658 3786/3964/3660 3782/3960/3653
f 3787/3965/3661 3788/3966/3662 3789/3967/3663
f 3788/3966/3662 3790/3968/3664 3791/3969/3665
f 3787/3965/3661 3792/3970/3666 3788/3966/3662
f 3793/3971/3667 3794/3972/3668 3788/3966/3662
f 3788/3966/3662 3795/3973/3669 3793/3971/3667
f 3796/3974/3670 3797/3975/3671 3798/3976/3672
f 3799/3977/3673 3797/3975/3671 3796/3974/3670
f 3800/3978/3674 3797/3975/3671 3799/3977/3673
f 3801/3979/3675 3797/3975/3671 3800/3978/3674
f 3802/3980/3676 3797/3975/3671 3801/3979/3675
f 3803/3981/3677 3804/3982/3678 3802/3980/3679
f 3805/3983/3680 3806/3984/3681 3807/3985/3682
f 3797/3975/3671 3808/3986/3683 3809/3987/3684
f 3808/3986/3685 3803/3981/3677 3809/3987/3686
f 3797/3975/3671 3810/3988/3687 3808/3986/3683
f 3810/3988/3688 3803/3981/3677 3808/3986/3685
f 3797/3975/3671 3811/3989/3689 3810/3988/3687
f 3811/3989/3690 3803/3981/3677 3810/3988/3688
f 3797/3975/3671 3812/3990/3691 3811/3989/3689
f 3812/3990/3692 3803/3981/3677 3811/3989/3690
f 3797/3975/3671 3813/3991/3693 3812/3990/3691
f 3813/3991/3694 3803/3981/3677 3812/3990/3692
f 3797/3975/3671 3804/3982/3695 3813/3991/3693
f 3804/3982/3678 3803/3981/3677 3813/3991/3694
f 3814/3992/3696 3815/3993/3697 3816/3994/3698
f 3809/3987/3699 3798/3976/3700 3808/3986/3701
f 3808/3986/3701 3796/3974/3702 3810/3988/3703
f 3810/3988/3703 3799/3977/3704 3811/3989/3705
f 3811/3989/3705 3800/3978/3706 3812/3990/3707
f 3812/3990/3707 3801/3979/3708 3813/3991/3709
f 3813/3991/3709 3802/3980/3710 3804/3982/3711
f 3814/3992/3696 3816/3994/3698 3817/3995/3712
f 3816/3994/3698 3818/3996/3713 3817/3995/3712
f 3819/3997/3714 3820/3998/3715 3821/3999/3716
f 3820/3998/3715 3822/4000/3717 3821/3999/3716
f 3823/4001/3718 3824/4002/3719 3825/4003/3720
f 3826/4004/3721 3827/4005/3722 3828/4006/3723
f 3829/4007/3724 3830/4008/3725 3831/4009/3726
f 3830/4008/3725 3832/4010/3727 3828/4006/3723
f 3832/4010/3727 3826/4004/3721 3828/4006/3723
f 3833/4011/3728 3834/4012/3729 3835/4013/3730
f 3836/4014/3731 3835/4013/3730 3823/4001/3718
f 3835/4013/3730 3827/4005/3722 3823/4001/3718
f 3837/4015/3732 3829/4007/3724 3831/4009/3726
f 3825/4003/3720 3836/4014/3731 3823/4001/3718
f 3838/4016/3733 3839/4017/3734 3840/4018/3735
f 3841/4019/3736 3840/4018/3737 3839/4017/3738
f 3838/4016/3733 3842/4020/3739 3843/4021/3740
f 3844/4022/3741 3841/4019/3736 3845/4023/3742
f 3846/4024/3743 3847/4025/3744 3848/4026/3745
f 3849/4027/3746 3850/4028/3747 3851/4029/3748
f 3852/4030/3749 3853/4031/3750 3854/4032/3751
f 3855/4033/3752 3853/4031/3750 3852/4030/3749
f 3854/4032/3751 3853/4031/3750 3856/4034/3753
f 3857/4035/3754 3849/4027/3746 3858/4036/3755
f 3856/4034/3753 3859/4037/3756 3855/4033/3752
f 3855/4033/3752 3859/4037/3756 3853/4031/3750
f 3860/4038/3757 3861/4039/3758 3862/4040/3759
f 3863/4041/3760 3861/4039/3758 3860/4038/3757
f 3861/4039/3758 3864/4042/3761 3865/4043/3762
f 3841/4019/3736 3866/4044/3763 3845/4023/3742
f 3867/4045/3764 3868/4046/3765 3869/4047/3766
f 3870/4048/3767 3843/4021/3740 3842/4020/3739
f 3848/4026/3745 3847/4025/3744 3871/4049/3768
f 3846/4024/3743 3872/4050/3769 3847/4025/3744
f 3873/4051/3770 3874/4052/3771 3844/4022/3741
f 3870/4048/3767 3875/4053/3772 3868/4046/3765
f 3875/4053/3772 3869/4047/3766 3868/4046/3765
f 3847/4025/3744 3873/4051/3770 3844/4022/3741
f 3870/4048/3767 3867/4045/3764 3843/4021/3740
f 3871/4049/3768 3845/4023/3742 3876/4054/3773
f 3877/4055/3774 3878/4056/3775 3879/4057/3776
f 3880/4058/3777 3838/4016/3733 3881/4059/3778
f 3882/4060/3779 3883/4061/3780 3884/4062/3781
f 3885/4063/3782 3882/4060/3783 3884/4062/3784
f 3886/4064/3785 3883/4061/3780 3882/4060/3779
f 3854/4032/3751 3887/4065/3786 3851/4029/3787
f 3887/4065/3788 3849/4027/3746 3851/4029/3748
f 3854/4032/3751 3888/4066/3789 3887/4065/3786
f 3888/4066/3790 3849/4027/3746 3887/4065/3788
f 3854/4032/3751 3855/4033/3752 3864/4042/3761
f 3888/4066/3791 3889/4067/3792 3887/4065/3793
f 3890/4068/3794 3889/4067/3792 3839/4017/3795
f 3889/4067/3792 3890/4068/3794 3850/4028/3796
f 3891/4069/3792 3880/4058/3797 3881/4059/3798
f 3879/4057/3776 3878/4056/3775 3892/4070/3799
f 3893/4071/3800 3838/4016/3733 3880/4058/3777
f 3891/4069/3792 3893/4071/3801 3880/4058/3797
f 3881/4059/3778 3838/4016/3733 3894/4072/3802
f 3891/4069/3792 3894/4072/3803 3840/4018/3804
f 3891/4069/3792 3881/4059/3798 3894/4072/3803
f 3895/4073/3785 3883/4061/3780 3886/4064/3785
f 3896/4074/3805 3883/4061/3780 3895/4073/3785
f 3854/4032/3751 3897/4075/3806 3888/4066/3789
f 3897/4075/3807 3849/4027/3746 3888/4066/3790
f 3843/4021/3740 3869/4047/3766 3865/4043/3762
f 3897/4075/3808 3889/4067/3792 3888/4066/3791
f 3898/4076/3809 3899/4077/3810 3866/4044/3763
f 3892/4070/3811 3891/4069/3792 3879/4057/3812
f 3900/4078/3811 3891/4069/3792 3901/4079/3813
f 3877/4055/3811 3891/4069/3792 3900/4078/3811
f 3902/4080/3814 3903/4081/3815 3904/4082/3816
f 3905/4083/3817 3906/4084/3818 3907/4085/3819
f 3908/4086/3820 3905/4083/3817 3907/4085/3819
f 3909/4087/3821 3910/4088/3822 3911/4089/3823
f 3906/4084/3818 3902/4080/3814 3912/4090/3824
f 3913/4091/3825 3914/4092/3826 3915/4093/3827
f 3916/4094/3828 3917/4095/3829 3914/4092/3826
f 3916/4094/3828 3914/4092/3826 3918/4096/3830
f 3916/4094/3828 3919/4097/3831 3915/4093/3827
f 3909/4087/3832 3920/4098/3833 3921/4099/3834
f 3922/4100/3835 3923/4101/3836 3924/4102/3837
f 3922/4100/3835 3924/4102/3837 3925/4103/3838
f 3926/4104/3839 3921/4099/3834 3920/4098/3833
f 3927/4105/3840 3928/4106/3841 3929/4107/3842
f 3930/4108/3843 3931/4109/3844 3932/4110/3845
f 3933/4111/3846 3932/4110/3845 3934/4112/3847
f 3935/4113/3848 3936/4114/3849 3930/4108/3843
f 3935/4113/3848 3930/4108/3843 3937/4115/3850
f 3928/4106/3841 3938/4116/3851 3939/4117/3852
f 3937/4115/3850 3932/4110/3845 3933/4111/3846
f 3940/4118/3853 3931/4109/3844 3941/4119/3854
f 3934/4112/3847 3937/4115/3850 3933/4111/3846
f 3937/4115/3850 3942/4120/3855 3935/4113/3848
f 3934/4112/3847 3943/4121/3856 3944/4122/3857
f 3940/4118/3853 3945/4123/3858 3946/4124/3859
f 3940/4118/3853 3941/4119/3854 3945/4123/3858
f 3947/4125/3860 3948/4126/3861 3949/4127/3862
f 3936/4114/3849 3942/4120/3855 3950/4128/3863
f 3945/4123/3858 3930/4108/3843 3936/4114/3849
f 3938/4116/3851 3943/4121/3856 3939/4117/3852
f 3772/3950/3642 3760/3938/3630 3762/3940/3632
f 3770/3948/3640 3773/3951/3643 3771/3949/3641
f 3770/3948/3640 3760/3938/3630 3773/3951/3643
f 3772/3950/3642 3761/3939/3631 3771/3949/3641
f 3771/3949/3641 3761/3939/3631 3760/3938/3630
f 3763/3941/3633 3765/3943/3635 3768/3946/3638
f 3763/3941/3633 3769/3947/3639 3766/3944/3636
f 3773/3951/3643 3772/3950/3642 3771/3949/3641
f 3762/3940/3632 3761/3939/3631 3775/3953/3645
f 3774/3952/3644 3766/3944/3636 3765/3943/3635
f 3774/3952/3644 3764/3942/3634 3766/3944/3636
f 3951/4129/3864 3952/4130/3865 3953/4131/3866
f 3782/3960/3656 3779/3957/3649 3781/3959/3651
f 3780/3958/3650 3779/3957/3649 3786/3964/3659
f 3798/3976/3672 3797/3975/3671 3806/3984/3681 3954/4132/3867
f 3794/3972/3668 3790/3968/3664 3788/3966/3662
f 3788/3966/3662 3791/3969/3665 3789/3967/3663
f 3795/3973/3669 3788/3966/3662 3792/3970/3666
f 3806/3984/3681 3805/3983/3680 3954/4132/3867
f 3954/4132/3868 3805/3983/3869 3815/3993/3697
f 3815/3993/3697 3814/3992/3696 3798/3976/3870 3954/4132/3868
f 3814/3992/3696 3803/3981/3677 3802/3980/3679 3801/3979/3871
f 3796/3974/3872 3798/3976/3870 3814/3992/3696
f 3799/3977/3873 3796/3974/3872 3814/3992/3696
f 3800/3978/3874 3799/3977/3873 3814/3992/3696
f 3801/3979/3871 3800/3978/3874 3814/3992/3696
f 3809/3987/3684 3807/3985/3682 3806/3984/3681 3797/3975/3671
f 3797/3975/3671 3802/3980/3676 3804/3982/3695
f 3805/3983/3869 3807/3985/3875 3815/3993/3697
f 3815/3993/3697 3807/3985/3875 3809/3987/3686 3803/3981/3677
f 3816/3994/3698 3815/3993/3697 3803/3981/3677 3955/4133/3876
f 3814/3992/3696 3955/4133/3876 3803/3981/3677
f 3954/4132/3877 3809/3987/3699 3807/3985/3878 3805/3983/3879
f 3818/3996/3713 3955/4133/3876 3814/3992/3696 3817/3995/3712
f 3809/3987/3699 3954/4132/3877 3798/3976/3700
f 3808/3986/3701 3798/3976/3700 3796/3974/3702
f 3810/3988/3703 3796/3974/3702 3799/3977/3704
f 3811/3989/3705 3799/3977/3704 3800/3978/3706
f 3812/3990/3707 3800/3978/3706 3801/3979/3708
f 3813/3991/3709 3801/3979/3708 3802/3980/3710
f 3955/4133/3876 3818/3996/3713 3816/3994/3698
f 3837/4015/3732 3834/4012/3729 3833/4011/3728 3956/4134/3880
f 3820/3998/3715 3819/3997/3714 3822/4000/3717
f 3957/4135/3881 3958/4136/3882 3959/4137/3883
f 3823/4001/3718 3827/4005/3722 3826/4004/3721
f 3828/4006/3723 3831/4009/3726 3830/4008/3725
f 3829/4007/3724 3958/4136/3882 3830/4008/3725
f 3824/4002/3719 3823/4001/3718 3826/4004/3721
f 3829/4007/3724 3959/4137/3883 3958/4136/3882
f 3827/4005/3722 3834/4012/3729 3831/4009/3726 3828/4006/3723
f 3834/4012/3729 3837/4015/3732 3831/4009/3726
f 3878/4056/3775 3901/4079/3884 3862/4040/3759 3861/4039/3758
f 3837/4015/3732 3956/4134/3880 3960/4138/3885
f 3827/4005/3722 3835/4013/3730 3834/4012/3729
f 3837/4015/3732 3960/4138/3885 3829/4007/3724
f 3960/4138/3885 3959/4137/3883 3829/4007/3724
f 3901/4079/3886 3961/4139/3887 3899/4077/3810 3862/4040/3888
f 3865/4043/3762 3869/4047/3766 3878/4056/3775 3861/4039/3758
f 3961/4139/3887 3874/4052/3771 3962/4140/3889 3899/4077/3810
f 3963/4141/3890 3868/4046/3765 3867/4045/3764 3964/4142/3891
f 3963/4141/3890 3964/4142/3891 3870/4048/3767
f 3871/4049/3768 3872/4050/3769 3846/4024/3743 3848/4026/3745
f 3861/4039/3758 3863/4041/3760 3965/4143/3892 3864/4042/3761
f 3854/4032/3751 3851/4029/3787 3850/4028/3893
f 3899/4077/3810 3898/4076/3809 3965/4143/3894 3863/4041/3895
f 3857/4035/3754 3966/4144/3896 3866/4044/3763 3849/4027/3746
f 3898/4076/3809 3966/4144/3896 3858/4036/3755 3849/4027/3746
f 3898/4076/3809 3866/4044/3763 3966/4144/3896
f 3855/4033/3752 3854/4032/3751 3856/4034/3753
f 3839/4017/3734 3838/4016/3733 3854/4032/3751 3890/4068/3897
f 3858/4036/3755 3966/4144/3896 3967/4145/3898
f 3856/4034/3753 3853/4031/3750 3859/4037/3756
f 3967/4145/3898 3857/4035/3754 3858/4036/3755
f 3966/4144/3896 3857/4035/3754 3967/4145/3898
f 3839/4017/3738 3890/4068/3899 3866/4044/3763 3841/4019/3736
f 3890/4068/3899 3850/4028/3747 3849/4027/3746 3866/4044/3763
f 3854/4032/3751 3850/4028/3893 3890/4068/3897
f 3852/4030/3749 3854/4032/3751 3838/4016/3733 3843/4021/3740
f 3899/4077/3810 3860/4038/3900 3862/4040/3888
f 3863/4041/3895 3860/4038/3900 3899/4077/3810
f 3876/4054/3773 3874/4052/3771 3872/4050/3769 3871/4049/3768
f 3843/4021/3740 3867/4045/3764 3869/4047/3766
f 3891/4069/3792 3840/4018/3804 3839/4017/3795 3889/4067/3792
f 3847/4025/3744 3844/4022/3741 3845/4023/3742
f 3964/4142/3891 3867/4045/3764 3870/4048/3767
f 3963/4141/3890 3870/4048/3767 3868/4046/3765
f 3875/4053/3772 3842/4020/3739 3869/4047/3766
f 3847/4025/3744 3872/4050/3769 3873/4051/3770
f 3873/4051/3770 3872/4050/3769 3874/4052/3771
f 3870/4048/3767 3842/4020/3739 3875/4053/3772
f 3845/4023/3742 3871/4049/3768 3847/4025/3744
f 3877/4055/3901 3879/4057/3902 3961/4139/3887
f 3880/4058/3903 3881/4059/3904 3841/4019/3736
f 3886/4064/3905 3882/4060/3783 3885/4063/3782
f 3850/4028/3796 3851/4029/3906 3887/4065/3793 3889/4067/3792
f 3883/4061/3780 3896/4074/3805 3892/4070/3799 3878/4056/3775
f 3864/4042/3761 3855/4033/3752 3852/4030/3749
f 3962/4140/3889 3876/4054/3773 3845/4023/3742
f 3838/4016/3733 3893/4071/3800 3884/4062/3781 3883/4061/3780
f 3892/4070/3901 3896/4074/3907 3961/4139/3887
f 3879/4057/3902 3892/4070/3901 3961/4139/3887
f 3893/4071/3908 3880/4058/3903 3841/4019/3736
f 3841/4019/3736 3885/4063/3782 3884/4062/3784 3893/4071/3908
f 3891/4069/3792 3882/4060/3909 3884/4062/3910 3893/4071/3801
f 3885/4063/3782 3961/4139/3887 3896/4074/3907 3895/4073/3911
f 3891/4069/3792 3886/4064/3912 3882/4060/3909
f 3877/4055/3774 3900/4078/3774 3878/4056/3775
f 3961/4139/3887 3900/4078/3901 3877/4055/3901
f 3900/4078/3774 3901/4079/3884 3878/4056/3775
f 3961/4139/3887 3901/4079/3886 3900/4078/3901
f 3840/4018/3735 3894/4072/3802 3838/4016/3733
f 3841/4019/3736 3894/4072/3913 3840/4018/3737
f 3881/4059/3904 3894/4072/3913 3841/4019/3736
f 3895/4073/3911 3886/4064/3905 3885/4063/3782
f 3965/4143/3892 3897/4075/3806 3854/4032/3751 3864/4042/3761
f 3849/4027/3746 3897/4075/3807 3965/4143/3894 3898/4076/3809
f 3842/4020/3739 3838/4016/3733 3878/4056/3775 3869/4047/3766
f 3844/4022/3741 3874/4052/3771 3961/4139/3887 3841/4019/3736
f 3901/4079/3813 3891/4069/3792 3889/4067/3792 3862/4040/3914
f 3889/4067/3792 3897/4075/3808 3965/4143/3915 3863/4041/3916
f 3876/4054/3773 3962/4140/3889 3874/4052/3771
f 3865/4043/3762 3864/4042/3761 3852/4030/3749 3843/4021/3740
f 3860/4038/3917 3862/4040/3914 3889/4067/3792
f 3863/4041/3916 3860/4038/3917 3889/4067/3792
f 3899/4077/3810 3962/4140/3889 3845/4023/3742 3866/4044/3763
f 3891/4069/3792 3892/4070/3811 3896/4074/3918 3895/4073/3912
f 3780/3958/3919 3783/3961/3654 3782/3960/3653 3786/3964/3660
f 3891/4069/3792 3877/4055/3811 3879/4057/3812
f 3968/4146/3920 3969/4147/3921 3970/4148/3922 3971/4149/3923
f 3895/4073/3912 3886/4064/3912 3891/4069/3792
f 3883/4061/3780 3878/4056/3775 3838/4016/3733
f 3961/4139/3887 3885/4063/3782 3841/4019/3736
f 3904/4082/3816 3903/4081/3815 3909/4087/3821 3911/4089/3823
f 3902/4080/3814 3906/4084/3818 3903/4081/3815
f 3918/4096/3830 3972/4150/3924 3973/4151/3925 3916/4094/3828
f 3974/4152/3926 3902/4080/3814 3904/4082/3816
f 3912/4090/3824 3902/4080/3814 3974/4152/3926
f 3974/4152/3926 3904/4082/3816 3975/4153/3927
f 3975/4153/3927 3904/4082/3816 3911/4089/3823
f 3907/4085/3819 3906/4084/3818 3912/4090/3824
f 3972/4150/3924 3918/4096/3830 3913/4091/3825
f 3913/4091/3825 3915/4093/3827 3919/4097/3831
f 3915/4093/3827 3914/4092/3826 3917/4095/3829
f 3918/4096/3830 3914/4092/3826 3913/4091/3825
f 3916/4094/3828 3915/4093/3827 3917/4095/3829
f 3919/4097/3831 3972/4150/3924 3913/4091/3825
f 3973/4151/3925 3919/4097/3831 3916/4094/3828
f 3919/4097/3831 3973/4151/3925 3972/4150/3924
f 3923/4101/3836 3922/4100/3835 3976/4154/3928 3977/4155/3929
f 3905/4156/3930 3922/4100/3835 3925/4103/3838
f 3978/4157/3931 3979/4158/3932 3980/4159/3933 3921/4099/3834
f 3942/4120/3855 3938/4116/3851 3928/4106/3841 3950/4128/3863
f 3921/4099/3834 3926/4104/3839 3978/4157/3931
f 3905/4156/3930 3976/4154/3928 3922/4100/3835
f 3921/4099/3834 3980/4159/3933 3909/4087/3832
f 3929/4107/3842 3939/4117/3852 3943/4121/3856
f 3935/4113/3848 3942/4120/3855 3936/4114/3849
f 3930/4108/3843 3945/4123/3858 3941/4119/3854
f 3929/4107/3842 3943/4121/3856 3934/4112/3847 3932/4110/3845
f 3927/4105/3840 3945/4123/3858 3928/4106/3841
f 3930/4108/3843 3941/4119/3854 3931/4109/3844
f 3927/4105/3840 3946/4124/3859 3945/4123/3858
f 3938/4116/3851 3944/4122/3857 3943/4121/3856
f 3931/4109/3844 3940/4118/3853 3946/4124/3859 3927/4105/3840
f 3931/4109/3844 3927/4105/3840 3929/4107/3842
f 3981/4160/3934 3947/4125/3860 3949/4127/3862 3948/4126/3861
f 3937/4115/3850 3938/4116/3851 3942/4120/3855
f 3982/4161/3935 3983/4162/3936 3984/4163/3937 3985/4164/3938
f 3983/4162/3936 3982/4161/3935 3985/4164/3938
f 3981/4160/3934 3948/4126/3861 3947/4125/3860
f 3983/4162/3936 3985/4164/3938 3984/4163/3937
f 3938/4116/3851 3937/4115/3850 3934/4112/3847 3944/4122/3857
f 3929/4107/3842 3928/4106/3841 3939/4117/3852
f 3945/4123/3858 3950/4128/3863 3928/4106/3841
f 3931/4109/3844 3929/4107/3842 3932/4110/3845
f 3930/4108/3843 3932/4110/3845 3937/4115/3850
f 3936/4114/3849 3950/4128/3863 3945/4123/3858
