{"classification_output_loss": [3.091897964477539, 3.091829538345337, 3.0916945934295654, 3.0916800498962402, 3.0916011333465576, 3.091618299484253, 3.0916061401367188, 3.091540575027466, 3.091489315032959, 3.091538667678833, 3.0915231704711914, 3.0915303230285645, 3.0915324687957764, 3.0915286540985107, 3.091498851776123, 3.091548442840576, 3.091522693634033, 3.091534376144409, 3.0915699005126953, 3.0915844440460205, 3.091679334640503, 3.0916154384613037, 3.0916824340820312, 3.091719627380371, 3.0917062759399414, 3.091834545135498, 3.0917859077453613, 3.0918240547180176, 3.092003107070923, 3.091892957687378, 3.0921530723571777, 3.0920493602752686, 3.092115879058838, 3.092216968536377, 3.0922863483428955, 3.0922155380249023, 3.0923211574554443, 3.0923850536346436, 3.092435836791992, 3.092573642730713, 3.092700481414795], "classification_output_sparse_categorical_accuracy": [0.008146367967128754, 0.006810897495597601, 0.007144764997065067, 0.0069444444961845875, 0.007077991496771574, 0.006076388992369175, 0.008346688002347946, 0.006009615492075682, 0.007745726499706507, 0.007011217996478081, 0.0062099359929561615, 0.007011217996478081, 0.007011217996478081, 0.008146367967128754, 0.008079594001173973, 0.006076388992369175, 0.006677350495010614, 0.00861378200352192, 0.007278311997652054, 0.005809294991195202, 0.006009615492075682, 0.00741185899823904, 0.0072115384973585606, 0.005141559988260269, 0.006677350495010614, 0.0062099359929561615, 0.007545405998826027, 0.007144764997065067, 0.006477029994130135, 0.006410256493836641, 0.006810897495597601, 0.005876068491488695, 0.0062099359929561615, 0.006543803494423628, 0.007545405998826027, 0.0069444444961845875, 0.007345085497945547, 0.007011217996478081, 0.007478632498532534, 0.0076789529994130135, 0.007278311997652054], "loss": [0.3929327726364136, 0.38832712173461914, 0.38681530952453613, 0.38678449392318726, 0.3856491148471832, 0.385073184967041, 0.38434475660324097, 0.38376161456108093, 0.38329556584358215, 0.3828352689743042, 0.38273191452026367, 0.38200685381889343, 0.3818124234676361, 0.38171184062957764, 0.3811314105987549, 0.38110268115997314, 0.3804478347301483, 0.37984731793403625, 0.3795539140701294, 0.379285603761673, 0.37832432985305786, 0.3778569996356964, 0.37715089321136475, 0.3758884370326996, 0.37501469254493713, 0.3738510310649872, 0.372636079788208, 0.3711201250553131, 0.36911889910697937, 0.3679988980293274, 0.36537042260169983, 0.36420324444770813, 0.3619588017463684, 0.3592182993888855, 0.3567606508731842, 0.3542092740535736, 0.3520883619785309, 0.3478944003582001, 0.34534600377082825, 0.3419235944747925, 0.3385471999645233], "se3_loss": [0.34910285472869873, 0.3432997763156891, 0.34127044677734375, 0.3409946858882904, 0.33964458107948303, 0.33885815739631653, 0.33793386816978455, 0.3371862471103668, 0.3365844786167145, 0.3360847532749176, 0.33593136072158813, 0.33526504039764404, 0.33496081829071045, 0.3349124789237976, 0.3342823088169098, 0.33429470658302307, 0.3336823582649231, 0.3332030773162842, 0.33300065994262695, 0.332823783159256, 0.3320944905281067, 0.33169692754745483, 0.33126649260520935, 0.33021289110183716, 0.3295304775238037, 0.32870280742645264, 0.32791832089424133, 0.32655221223831177, 0.3253593146800995, 0.3242051601409912, 0.32246115803718567, 0.3213617503643036, 0.31977003812789917, 0.3174368441104889, 0.3155764043331146, 0.3134217858314514, 0.31181347370147705, 0.30835622549057007, 0.30631375312805176, 0.3036406636238098, 0.30072441697120667], "se3_root_mean_squared_error": [0.5908492207527161, 0.5859178900718689, 0.5841835737228394, 0.583947479724884, 0.5827903151512146, 0.5821152329444885, 0.5813207626342773, 0.5806773900985718, 0.5801589488983154, 0.5797281265258789, 0.5795958638191223, 0.5790207386016846, 0.5787580013275146, 0.5787162184715271, 0.5781714916229248, 0.5781821608543396, 0.5776523947715759, 0.5772374272346497, 0.5770620703697205, 0.5769087672233582, 0.5762763619422913, 0.5759313702583313, 0.5755575299263, 0.5746415257453918, 0.5740474462509155, 0.573326051235199, 0.5726414918899536, 0.571447491645813, 0.5704027414321899, 0.5693901777267456, 0.5678566098213196, 0.5668877363204956, 0.5654821395874023, 0.5634152889251709, 0.5617618560791016, 0.5598408579826355, 0.5584025979042053, 0.5552983283996582, 0.55345618724823, 0.5510359406471252, 0.5483834743499756], "segmentation_output_loss": [2.485626459121704, 2.4855234622955322, 2.4854280948638916, 2.4854378700256348, 2.4854016304016113, 2.485372543334961, 2.4853711128234863, 2.4853055477142334, 2.4852778911590576, 2.4852957725524902, 2.485306739807129, 2.4853007793426514, 2.485299587249756, 2.485290288925171, 2.485269069671631, 2.485304832458496, 2.485297679901123, 2.4853272438049316, 2.4853312969207764, 2.4853599071502686, 2.48541522026062, 2.485386848449707, 2.4854352474212646, 2.485475540161133, 2.4854915142059326, 2.485560894012451, 2.485572576522827, 2.485583782196045, 2.485701560974121, 2.4856488704681396, 2.485780715942383, 2.485779285430908, 2.485795259475708, 2.485867500305176, 2.4859185218811035, 2.485957384109497, 2.485963821411133, 2.486032247543335, 2.486072301864624, 2.4861316680908203, 2.4862301349639893], "segmentation_output_sparse_categorical_accuracy": [0.0005568643100559711, 0.0003701071545947343, 0.000373530579963699, 0.0004514384490903467, 0.0004529545549303293, 0.0004103081882931292, 0.0005036541260778904, 0.00046161096543073654, 0.0003942831826861948, 0.00044291242375038564, 0.00037423157482407987, 0.0004036732134409249, 0.0003874688991345465, 0.0003539191384334117, 0.00040623266249895096, 0.00048542837612330914, 0.00047491351142525673, 0.0005077460082247853, 0.0003632765437941998, 0.00036083123995922506, 0.0005417196080088615, 0.0004561497480608523, 0.00043331048800610006, 0.0004237248213030398, 0.00045202532783150673, 0.0004850045370403677, 0.0005448170122690499, 0.0005001818062737584, 0.0004338158469181508, 0.00041968192090280354, 0.00043337568058632314, 0.0003864907776005566, 0.0003978859749622643, 0.00045644320198334754, 0.0004917536280117929, 0.0004679524863604456, 0.00046467577340081334, 0.0005056267254985869, 0.00047792939585633576, 0.00045140585280023515, 0.00039599492447450757], "val_classification_output_loss": [3.091949701309204, 3.091783046722412, 3.09150767326355, 3.09162974357605, 3.091684341430664, 3.0918829441070557, 3.0914509296417236, 3.0914313793182373, 3.0914597511291504, 3.0915071964263916, 3.0914995670318604, 3.091402530670166, 3.091679811477661, 3.091639757156372, 3.0915133953094482, 3.09142804145813, 3.0914855003356934, 3.0914483070373535, 3.0915145874023438, 3.0915491580963135, 3.0915205478668213, 3.0916998386383057, 3.0915334224700928, 3.0916600227355957, 3.0916388034820557, 3.09171199798584, 3.0918965339660645, 3.0918023586273193, 3.0919487476348877, 3.0918920040130615, 3.0920698642730713, 3.0919270515441895, 3.0920541286468506, 3.0922536849975586, 3.0921881198883057, 3.0923101902008057, 3.0922837257385254, 3.0922460556030273, 3.0923192501068115, 3.0924911499023438, 3.0926644802093506], "val_classification_output_sparse_categorical_accuracy": [0.0, 0.0, 0.0, 0.0, 0.0, 0.0, 0.0, 0.0, 0.0, 0.0, 0.0, 0.0, 0.0, 0.0, 0.0, 0.0, 0.0, 0.0, 0.0, 0.0, 0.0, 0.0, 0.0, 0.0, 0.0, 0.0, 0.0, 0.0, 0.0, 0.0, 0.0, 0.0, 0.0, 0.0, 0.0, 0.0, 0.0, 0.0, 0.0, 0.0, 0.0],