{"classification_output_loss": [0.2891796827316284, 0.0034348482731729746, 0.0008565106545574963, 0.0002782556402962655, 9.112971747526899e-05, 3.2883126550586894e-05, 1.110641096602194e-05, 3.993583504779963e-06, 1.3363601283344906e-06, 4.595381994931813e-07, 1.7217843151229317e-07, 6.673494112874323e-08, 3.295152950499869e-08, 2.33452741582596e-08, 1.1963178003782104e-08, 9.117630206390004e-09, 6.661609042168948e-09, 6.437137045622876e-09, 6.2588632054882964e-09, 3.948112059504183e-09, 4.07355482678895e-09, 4.628133876138918e-09, 3.3935259047268573e-09, 3.5783844776204887e-09, 2.2183381798157598e-09, 3.2812896844092165e-09, 3.4529459291832154e-09, 3.3341076566273387e-09, 3.0039972731543685e-09, 3.4529454850940056e-09, 3.083219013433336e-09, 2.1127022353795155e-09, 2.0862938043819668e-09, 2.871954674077415e-09, 2.8059314871597962e-09, 2.4362090123020153e-09, 2.5550490612147314e-09, 2.363585771547605e-09, 2.350381445026528e-09, 1.9806585260795373e-09, 2.5352429045000235e-09, 2.0466806027741313e-09, 2.370188045830446e-09, 2.4824244881926916e-09], "classification_output_sparse_categorical_accuracy": [0.9474412798881531, 1.0, 1.0, 1.0, 1.0, 1.0, 1.0, 1.0, 1.0, 1.0, 1.0, 1.0, 1.0, 1.0, 1.0, 1.0, 1.0, 1.0, 1.0, 1.0, 1.0, 1.0, 1.0, 1.0, 1.0, 1.0, 1.0, 1.0, 1.0, 1.0, 1.0, 1.0, 1.0, 1.0, 1.0, 1.0, 1.0, 1.0, 1.0, 1.0, 1.0, 1.0, 1.0, 1.0], "loss": [0.2891796827316284, 0.0034348482731729746, 0.0008565106545574963, 0.0002782556402962655, 9.112971747526899e-05, 3.2883126550586894e-05, 1.110641096602194e-05, 3.993583504779963e-06, 1.3363601283344906e-06, 4.595381994931813e-07, 1.7217843151229317e-07, 6.673494112874323e-08, 3.295152950499869e-08, 2.33452741582596e-08, 1.1963178003782104e-08, 9.117630206390004e-09, 6.661609042168948e-09, 6.437137045622876e-09, 6.2588632054882964e-09, 3.948112059504183e-09, 4.07355482678895e-09, 4.628133876138918e-09, 3.3935259047268573e-09, 3.5783844776204887e-09, 2.2183381798157598e-09, 3.2812896844092165e-09, 3.4529459291832154e-09, 3.3341076566273387e-09, 3.0039972731543685e-09, 3.4529454850940056e-09, 3.083219013433336e-09, 2.1127022353795155e-09, 2.0862938043819668e-09, 2.871954674077415e-09, 2.8059314871597962e-09, 2.4362090123020153e-09, 2.5550490612147314e-09, 2.363585771547605e-09, 2.350381445026528e-09, 1.9806585260795373e-09, 2.5352429045000235e-09, 2.0466806027741313e-09, 2.370188045830446e-09, 2.4824244881926916e-09], "se3_loss": [1.926323652267456, 1.980360984802246, 2.0804944038391113, 2.0849387645721436, 2.1077826023101807, 2.1140313148498535, 2.2060415744781494, 2.2170052528381348, 2.3338887691497803, 2.382720708847046, 2.391850471496582, 2.405108690261841, 2.4484119415283203, 2.3785345554351807, 2.488503932952881, 2.4851973056793213, 2.5077309608459473, 2.4400832653045654, 2.518362045288086, 2.4726946353912354, 2.493637800216675, 2.507416248321533, 2.516644239425659, 2.50563383102417, 2.4767515659332275, 2.5061087608337402, 2.5021955966949463, 2.5210845470428467, 2.495377779006958, 2.4569973945617676, 2.5204203128814697, 2.5263733863830566, 2.4278616905212402, 2.4325878620147705, 2.4809329509735107, 2.5268239974975586, 2.4737119674682617, 2.515608310699463, 2.509934425354004, 2.461479425430298, 2.435058832168579, 2.5187437534332275, 2.508042573928833, 2.489917755126953], "se3_root_mean_squared_error": [1.3879207372665405, 1.4072530269622803, 1.4423918724060059, 1.4439316987991333, 1.4518203735351562, 1.4539707899093628, 1.4852749109268188, 1.4889612197875977, 1.5277069807052612, 1.5436062812805176, 1.5465608835220337, 1.5508413314819336, 1.5647400617599487, 1.5422496795654297, 1.577499270439148, 1.5764508247375488, 1.5835816860198975, 1.5620765686035156, 1.5869348049163818, 1.572480320930481, 1.5791256427764893, 1.583482265472412, 1.5863933563232422, 1.5829193592071533, 1.5737699270248413, 1.5830694437026978, 1.581833004951477, 1.5877925157546997, 1.5796765089035034, 1.567481279373169, 1.5875831842422485, 1.5894569158554077, 1.5581598281860352, 1.5596754550933838, 1.5750977993011475, 1.5895986557006836, 1.5728037357330322, 1.5860668420791626, 1.5842772722244263, 1.5689102411270142, 1.5604676008224487, 1.5870550870895386, 1.5836800336837769, 1.5779473781585693], "segmentation_output_loss": [4.485363006591797, 4.404660224914551, 4.398271560668945, 4.349209785461426, 4.347479343414307, 4.387783050537109, 4.344177722930908, 4.356307506561279, 4.343288421630859, 4.335335731506348, 4.32653284072876, 4.321555137634277, 4.336036682128906, 4.338931560516357, 4.326737403869629, 4.320296287536621, 4.313844680786133, 4.332342147827148, 4.307037830352783, 4.296358585357666, 4.309344291687012, 4.316775798797607, 4.2927470207214355, 4.31358528137207, 4.313159942626953, 4.3093719482421875, 4.299184322357178, 4.302549839019775, 4.296856880187988, 4.305734634399414, 4.301325798034668, 4.293025493621826, 4.326300144195557, 4.31894588470459, 4.305966854095459, 4.307164192199707, 4.312198638916016, 4.291128635406494, 4.291752815246582, 4.314582824707031, 4.317824363708496, 4.293904781341553, 4.307477951049805, 4.317780494689941], "segmentation_output_sparse_categorical_accuracy": [0.0019833382684737444, 0.0018929281504824758, 0.001841912278905511, 0.0013243507128208876, 0.0009432865772396326, 0.0011923962738364935, 0.00109542824793607, 0.0016641071997582912, 0.001191125251352787, 0.0009059610310941935, 0.0011433748295530677, 0.0008934267680160701, 0.0005760750500485301, 0.0008212365210056305, 0.0010670673800632358, 0.00093399069737643, 0.0010777694405987859, 0.0012220214121043682, 0.0011273520067334175, 0.0011423336109146476, 0.0010832319967448711, 0.0012883704621344805, 0.0010305395117029548, 0.001133173005655408, 0.0012317500077188015, 0.0009929841617122293, 0.001120591419748962, 0.0010903103975579143, 0.0009905772749334574, 0.001011515036225319, 0.0011546651367098093, 0.0011731148697435856, 0.001004267600364983, 0.001033446635119617, 0.0009361000265926123, 0.0010945561807602644, 0.0010511798318475485, 0.0008749296539463103, 0.0010259896516799927, 0.0011140943970531225, 0.0009219229104928672, 0.0010881335474550724, 0.001084584160707891, 0.0009570783004164696], "val_classification_output_loss": [0.005150666926056147, 0.0010496194008737803, 0.00029397752950899303, 9.329926979262382e-05, 1.976872590603307e-05, 6.4410064624098595e-06, 2.5641875254223123e-06, 1.1188755024704733e-06, 3.984325758210616e-07, 1.1844935698945847e-07, 7.1036572180105395e-09, 3.964831796210433e-10, 3.964831796210433e-10, 0.0, 0.0, 0.0, 0.0, 0.0, 0.0, 0.0, 0.0, 0.0, 0.0, 0.0, 0.0, 0.0, 0.0, 0.0, 0.0, 0.0, 0.0, 0.0, 0.0, 0.0, 0.0, 0.0, 0.0, 0.0, 0.0, 0.0, 0.0, 0.0, 0.0, 0.0], "val_classification_output_sparse_categorical_accuracy": [1.0, 1.0, 1.0, 1.0, 1.0, 1.0, 1.0, 1.0, 1.0, 1.0, 1.0, 1.0, 1.0, 1.0, 1.0, 1.0, 1.0, 1.0, 1.0, 1.0, 1.0, 1.0, 1.0, 1.0, 1.0, 1.0, 1.0, 1.0, 1.0, 1.0, 1.0, 1.0, 1.0, 1.0, 1.0, 1.0, 1.0, 1.0, 1.0, 1.0, 1.0, 1.0, 1.0, 1.0], "val_loss": [0.005150666926056147, 0.0010496194008737803, 0.00029397752950899303, 9.329926979262382e-05, 1.976872590603307e-05, 6.4410064624098595e-06, 2.5641875254223123e-06, 1.1188755024704733e-06, 3.984325758210616e-07, 1.1844935698945847e-07, 7.1036572180105395e-09, 3.964831796210433e-10, 3.964831796210433e-10, 0.0, 0.0, 0.0, 0.0, 0.0, 0.0, 0.0, 0.0, 0.0, 0.0, 0.0, 0.0, 0.0, 0.0, 0.0, 0.0, 0.0, 0.0, 0.0, 0.0, 0.0, 0.0, 0.0, 0.0, 0.0, 0.0, 0.0, 0.0, 0.0, 0.0, 0.0],