2026-02-12 11:42:46,210 - root - INFO - The following datasets were found in data/f15_scale_lidar_classification_pretrain:
2026-02-12 11:42:46,214 - root - INFO - 	-> pc_set.joblib	
2026-02-12 11:42:46,215 - root - INFO - Adding data set 1 of 5
2026-02-12 11:42:47,346 - root - INFO - Parsing frames in /mnt/d/pieschl_data_collects/sim_f15_scale_lidar/collect_2026.Jan.23_00.08.58.5551307.UTC...
2026-02-12 11:46:01,530 - root - INFO - Failed to add file /mnt/d/pieschl_data_collects/sim_f15_scale_lidar/collect_2026.Jan.23_00.08.58.5551307.UTC/Lidar/frame_5000.txt:
	FileNotFoundError : [Errno 2] No such file or directory: '/mnt/d/pieschl_data_collects/sim_f15_scale_lidar/collect_2026.Jan.23_00.08.58.5551307.UTC/Lidar/frame_5000.txt'
2026-02-12 11:46:01,532 - root - INFO - Failed to add file /mnt/d/pieschl_data_collects/sim_f15_scale_lidar/collect_2026.Jan.23_00.08.58.5551307.UTC/Lidar/frame_5001.txt:
	FileNotFoundError : [Errno 2] No such file or directory: '/mnt/d/pieschl_data_collects/sim_f15_scale_lidar/collect_2026.Jan.23_00.08.58.5551307.UTC/Lidar/frame_5001.txt'
2026-02-12 11:46:11,911 - root - INFO - Adding data set 2 of 5
2026-02-12 11:46:14,331 - root - INFO - Parsing frames in /mnt/d/pieschl_data_collects/sim_f15_scale_lidar/collect_2026.Jan.23_00.10.44.1530018.UTC...
2026-02-12 11:49:23,244 - root - INFO - Failed to add file /mnt/d/pieschl_data_collects/sim_f15_scale_lidar/collect_2026.Jan.23_00.10.44.1530018.UTC/Lidar/frame_5000.txt:
	FileNotFoundError : [Errno 2] No such file or directory: '/mnt/d/pieschl_data_collects/sim_f15_scale_lidar/collect_2026.Jan.23_00.10.44.1530018.UTC/Lidar/frame_5000.txt'
2026-02-12 11:49:23,246 - root - INFO - Failed to add file /mnt/d/pieschl_data_collects/sim_f15_scale_lidar/collect_2026.Jan.23_00.10.44.1530018.UTC/Lidar/frame_5001.txt:
	FileNotFoundError : [Errno 2] No such file or directory: '/mnt/d/pieschl_data_collects/sim_f15_scale_lidar/collect_2026.Jan.23_00.10.44.1530018.UTC/Lidar/frame_5001.txt'
2026-02-12 11:49:33,179 - root - INFO - Adding data set 3 of 5
2026-02-12 11:49:34,242 - root - INFO - Parsing frames in /mnt/d/pieschl_data_collects/sim_f15_scale_lidar/collect_2026.Jan.23_00.12.30.9675234.UTC...
2026-02-12 11:51:59,475 - root - INFO - Failed to add file /mnt/d/pieschl_data_collects/sim_f15_scale_lidar/collect_2026.Jan.23_00.12.30.9675234.UTC/Lidar/frame_5000.txt:
	FileNotFoundError : [Errno 2] No such file or directory: '/mnt/d/pieschl_data_collects/sim_f15_scale_lidar/collect_2026.Jan.23_00.12.30.9675234.UTC/Lidar/frame_5000.txt'
2026-02-12 11:51:59,477 - root - INFO - Failed to add file /mnt/d/pieschl_data_collects/sim_f15_scale_lidar/collect_2026.Jan.23_00.12.30.9675234.UTC/Lidar/frame_5001.txt:
	FileNotFoundError : [Errno 2] No such file or directory: '/mnt/d/pieschl_data_collects/sim_f15_scale_lidar/collect_2026.Jan.23_00.12.30.9675234.UTC/Lidar/frame_5001.txt'
2026-02-12 11:52:08,681 - root - INFO - Adding data set 4 of 5
2026-02-12 11:52:09,771 - root - INFO - Parsing frames in /mnt/d/pieschl_data_collects/sim_f15_scale_lidar/collect_2026.Jan.23_00.15.04.3562942.UTC...
2026-02-12 11:54:38,323 - root - INFO - Failed to add file /mnt/d/pieschl_data_collects/sim_f15_scale_lidar/collect_2026.Jan.23_00.15.04.3562942.UTC/Lidar/frame_5000.txt:
	FileNotFoundError : [Errno 2] No such file or directory: '/mnt/d/pieschl_data_collects/sim_f15_scale_lidar/collect_2026.Jan.23_00.15.04.3562942.UTC/Lidar/frame_5000.txt'
2026-02-12 11:54:38,324 - root - INFO - Failed to add file /mnt/d/pieschl_data_collects/sim_f15_scale_lidar/collect_2026.Jan.23_00.15.04.3562942.UTC/Lidar/frame_5001.txt:
	FileNotFoundError : [Errno 2] No such file or directory: '/mnt/d/pieschl_data_collects/sim_f15_scale_lidar/collect_2026.Jan.23_00.15.04.3562942.UTC/Lidar/frame_5001.txt'
2026-02-12 11:54:47,078 - root - INFO - Adding data set 5 of 5
2026-02-12 11:54:47,944 - root - INFO - Parsing frames in /mnt/d/pieschl_data_collects/sim_f15_scale_lidar/collect_2026.Jan.23_00.17.15.0324280.UTC...
2026-02-12 11:57:30,988 - root - INFO - Failed to add file /mnt/d/pieschl_data_collects/sim_f15_scale_lidar/collect_2026.Jan.23_00.17.15.0324280.UTC/Lidar/frame_5000.txt:
	FileNotFoundError : [Errno 2] No such file or directory: '/mnt/d/pieschl_data_collects/sim_f15_scale_lidar/collect_2026.Jan.23_00.17.15.0324280.UTC/Lidar/frame_5000.txt'
2026-02-12 11:57:30,992 - root - INFO - Failed to add file /mnt/d/pieschl_data_collects/sim_f15_scale_lidar/collect_2026.Jan.23_00.17.15.0324280.UTC/Lidar/frame_5001.txt:
	FileNotFoundError : [Errno 2] No such file or directory: '/mnt/d/pieschl_data_collects/sim_f15_scale_lidar/collect_2026.Jan.23_00.17.15.0324280.UTC/Lidar/frame_5001.txt'
2026-02-12 11:57:40,501 - root - INFO - 
Datasets added successfully:

2026-02-12 11:57:40,504 - root - INFO - classification_pretrain
Random seed: 42
Class labels: dict_keys(['f-15_model', 'a-10', 'b-1b', 'b-2', 'c-5', 'c-12', 'c-17a', 'c-32', 'c-130j', 'e-3', 'f-15e', 'f-16', 'f-18e', 'f-22', 'g-iii', 'kc-46', 'kc-135', 'lj-25', 'mig-29', 'mq-20', 'su-27', 'vc-25a', 'x-47b'])
Part labels: dict_keys(['wing', 'fuselage', 'engine', 'hstab', 'vstab', 'landing_gear', 'armament', 'boom_wing', 'boom_hull', 'boom_hose', 'dish', 'probe'])

--- Train Set ---
Specified proportion:  0.75
Actual proportion: 0.7498235562751692
Total count: 18061
Class count:
	f-15_model: 18061
Part count:
	wing: 34867955
	fuselage: 61962513
	engine: 24197851
	hstab: 12531848
	vstab: 14395545
	landing_gear: 0
	armament: 0
	boom_wing: 0
	boom_hull: 0
	boom_hose: 0
	dish: 0
	probe: 0

--- Validation Set ---
Specified proportion:  0.15
Actual proportion: 0.15008095653256945
Total count: 3615
Class count:
	f-15_model: 3615
Part count:
	wing: 7023833
	fuselage: 12425180
	engine: 4780629
	hstab: 2507921
	vstab: 2876517
	landing_gear: 0
	armament: 0
	boom_wing: 0
	boom_hull: 0
	boom_hose: 0
	dish: 0
	probe: 0

--- Test Set ---
Specified proportion:  0.1
Actual proportion: 0.10009548719226138
Total count: 2411
Class count:
	f-15_model: 2411
Part count:
	wing: 4680340
	fuselage: 8325652
	engine: 3185047
	hstab: 1655632
	vstab: 1904241
	landing_gear: 0
	armament: 0
	boom_wing: 0
	boom_hull: 0
	boom_hose: 0
	dish: 0
	probe: 0

2026-02-12 11:57:40,543 - root - INFO - The following datasets were found in data/f15_scale_lidar_final:
2026-02-12 11:57:40,544 - root - INFO - 	-> pc_set.joblib	
2026-02-12 11:57:40,545 - root - INFO - Adding data set 1 of 5
2026-02-12 11:57:40,887 - root - INFO - Parsing frames in /mnt/d/pieschl_data_collects/sim_f15_scale_lidar/collect_2026.Jan.23_00.08.58.5551307.UTC...
2026-02-12 11:58:44,988 - root - INFO - Failed to add file /mnt/d/pieschl_data_collects/sim_f15_scale_lidar/collect_2026.Jan.23_00.08.58.5551307.UTC/Lidar/frame_5000.txt:
	FileNotFoundError : [Errno 2] No such file or directory: '/mnt/d/pieschl_data_collects/sim_f15_scale_lidar/collect_2026.Jan.23_00.08.58.5551307.UTC/Lidar/frame_5000.txt'
2026-02-12 11:58:44,990 - root - INFO - Failed to add file /mnt/d/pieschl_data_collects/sim_f15_scale_lidar/collect_2026.Jan.23_00.08.58.5551307.UTC/Lidar/frame_5001.txt:
	FileNotFoundError : [Errno 2] No such file or directory: '/mnt/d/pieschl_data_collects/sim_f15_scale_lidar/collect_2026.Jan.23_00.08.58.5551307.UTC/Lidar/frame_5001.txt'
2026-02-12 11:58:54,650 - root - INFO - Adding data set 2 of 5
2026-02-12 11:58:54,953 - root - INFO - Parsing frames in /mnt/d/pieschl_data_collects/sim_f15_scale_lidar/collect_2026.Jan.23_00.10.44.1530018.UTC...
2026-02-12 11:59:57,825 - root - INFO - Failed to add file /mnt/d/pieschl_data_collects/sim_f15_scale_lidar/collect_2026.Jan.23_00.10.44.1530018.UTC/Lidar/frame_5000.txt:
	FileNotFoundError : [Errno 2] No such file or directory: '/mnt/d/pieschl_data_collects/sim_f15_scale_lidar/collect_2026.Jan.23_00.10.44.1530018.UTC/Lidar/frame_5000.txt'
2026-02-12 11:59:57,826 - root - INFO - Failed to add file /mnt/d/pieschl_data_collects/sim_f15_scale_lidar/collect_2026.Jan.23_00.10.44.1530018.UTC/Lidar/frame_5001.txt:
	FileNotFoundError : [Errno 2] No such file or directory: '/mnt/d/pieschl_data_collects/sim_f15_scale_lidar/collect_2026.Jan.23_00.10.44.1530018.UTC/Lidar/frame_5001.txt'
2026-02-12 12:00:07,399 - root - INFO - Adding data set 3 of 5
2026-02-12 12:00:07,734 - root - INFO - Parsing frames in /mnt/d/pieschl_data_collects/sim_f15_scale_lidar/collect_2026.Jan.23_00.12.30.9675234.UTC...
2026-02-12 12:00:36,331 - root - INFO - Failed to add file /mnt/d/pieschl_data_collects/sim_f15_scale_lidar/collect_2026.Jan.23_00.12.30.9675234.UTC/Lidar/frame_5000.txt:
	FileNotFoundError : [Errno 2] No such file or directory: '/mnt/d/pieschl_data_collects/sim_f15_scale_lidar/collect_2026.Jan.23_00.12.30.9675234.UTC/Lidar/frame_5000.txt'
2026-02-12 12:00:36,333 - root - INFO - Failed to add file /mnt/d/pieschl_data_collects/sim_f15_scale_lidar/collect_2026.Jan.23_00.12.30.9675234.UTC/Lidar/frame_5001.txt:
	FileNotFoundError : [Errno 2] No such file or directory: '/mnt/d/pieschl_data_collects/sim_f15_scale_lidar/collect_2026.Jan.23_00.12.30.9675234.UTC/Lidar/frame_5001.txt'
2026-02-12 12:00:45,288 - root - INFO - Adding data set 4 of 5
2026-02-12 12:00:45,624 - root - INFO - Parsing frames in /mnt/d/pieschl_data_collects/sim_f15_scale_lidar/collect_2026.Jan.23_00.15.04.3562942.UTC...
2026-02-12 12:01:22,784 - root - INFO - Failed to add file /mnt/d/pieschl_data_collects/sim_f15_scale_lidar/collect_2026.Jan.23_00.15.04.3562942.UTC/Lidar/frame_5000.txt:
	FileNotFoundError : [Errno 2] No such file or directory: '/mnt/d/pieschl_data_collects/sim_f15_scale_lidar/collect_2026.Jan.23_00.15.04.3562942.UTC/Lidar/frame_5000.txt'
2026-02-12 12:01:22,786 - root - INFO - Failed to add file /mnt/d/pieschl_data_collects/sim_f15_scale_lidar/collect_2026.Jan.23_00.15.04.3562942.UTC/Lidar/frame_5001.txt:
	FileNotFoundError : [Errno 2] No such file or directory: '/mnt/d/pieschl_data_collects/sim_f15_scale_lidar/collect_2026.Jan.23_00.15.04.3562942.UTC/Lidar/frame_5001.txt'
2026-02-12 12:01:31,897 - root - INFO - Adding data set 5 of 5
2026-02-12 12:01:32,213 - root - INFO - Parsing frames in /mnt/d/pieschl_data_collects/sim_f15_scale_lidar/collect_2026.Jan.23_00.17.15.0324280.UTC...
2026-02-12 12:02:14,209 - root - INFO - Failed to add file /mnt/d/pieschl_data_collects/sim_f15_scale_lidar/collect_2026.Jan.23_00.17.15.0324280.UTC/Lidar/frame_5000.txt:
	FileNotFoundError : [Errno 2] No such file or directory: '/mnt/d/pieschl_data_collects/sim_f15_scale_lidar/collect_2026.Jan.23_00.17.15.0324280.UTC/Lidar/frame_5000.txt'
2026-02-12 12:02:14,210 - root - INFO - Failed to add file /mnt/d/pieschl_data_collects/sim_f15_scale_lidar/collect_2026.Jan.23_00.17.15.0324280.UTC/Lidar/frame_5001.txt:
	FileNotFoundError : [Errno 2] No such file or directory: '/mnt/d/pieschl_data_collects/sim_f15_scale_lidar/collect_2026.Jan.23_00.17.15.0324280.UTC/Lidar/frame_5001.txt'
2026-02-12 12:02:23,882 - root - INFO - 
Datasets added successfully:

2026-02-12 12:02:23,890 - root - INFO - final
Random seed: 42
Class labels: dict_keys(['f-15_model', 'a-10', 'b-1b', 'b-2', 'c-5', 'c-12', 'c-17a', 'c-32', 'c-130j', 'e-3', 'f-15e', 'f-16', 'f-18e', 'f-22', 'g-iii', 'kc-46', 'kc-135', 'lj-25', 'mig-29', 'mq-20', 'su-27', 'vc-25a', 'x-47b'])
Part labels: dict_keys(['wing', 'fuselage', 'engine', 'hstab', 'vstab', 'landing_gear', 'armament', 'boom_wing', 'boom_hull', 'boom_hose', 'dish', 'probe'])

--- Train Set ---
Specified proportion:  0.75
Actual proportion: 0.7498235562751692
Total count: 18061
Class count:
	f-15_model: 18061
Part count:
	wing: 34869441
	fuselage: 62122774
	engine: 24128654
	hstab: 12461562
	vstab: 14373281
	landing_gear: 0
	armament: 0
	boom_wing: 0
	boom_hull: 0
	boom_hose: 0
	dish: 0
	probe: 0

--- Validation Set ---
Specified proportion:  0.15
Actual proportion: 0.15008095653256945
Total count: 3615
Class count:
	f-15_model: 3615
Part count:
	wing: 7026899
	fuselage: 12312360
	engine: 4850664
	hstab: 2561459
	vstab: 2862698
	landing_gear: 0
	armament: 0
	boom_wing: 0
	boom_hull: 0
	boom_hose: 0
	dish: 0
	probe: 0

--- Test Set ---
Specified proportion:  0.1
Actual proportion: 0.10009548719226138
Total count: 2411
Class count:
	f-15_model: 2411
Part count:
	wing: 4674206
	fuselage: 8277837
	engine: 3199282
	hstab: 1656371
	vstab: 1943216
	landing_gear: 0
	armament: 0
	boom_wing: 0
	boom_hull: 0
	boom_hose: 0
	dish: 0
	probe: 0

2026-02-12 12:02:24,974 - root - INFO - PointNet Build
2026-02-12 12:02:24,974 - root - INFO - 	Trainable Layers
2026-02-12 12:02:24,975 - root - INFO - 		-> input_normalization: False
2026-02-12 12:02:24,975 - root - INFO - 		-> input_transform: True
2026-02-12 12:02:24,976 - root - INFO - 		-> s1_l1_64_convolution_layer: True
2026-02-12 12:02:24,976 - root - INFO - 		-> s1_l2_64_convolution_layer: True
2026-02-12 12:02:24,977 - root - INFO - 		-> feature_transform: True
2026-02-12 12:02:24,977 - root - INFO - 		-> s2_l1_64_convolution_layer: True
2026-02-12 12:02:24,977 - root - INFO - 		-> s2_l2_128_convolution_layer: True
2026-02-12 12:02:24,977 - root - INFO - 		-> s2_l3_1024_convolution_layer: True
2026-02-12 12:02:24,977 - root - INFO - 		-> s3_l1_512_dense_layer: True
2026-02-12 12:02:24,978 - root - INFO - 		-> s3_l2_256_dense_layer: True
2026-02-12 12:02:24,978 - root - INFO - 		-> output_dense_layer: True
2026-02-12 12:02:24,978 - root - INFO - 		-> seg_l1_512_convolution_layer: False
2026-02-12 12:02:24,978 - root - INFO - 		-> seg_l2_256_convolution_layer: False
2026-02-12 12:02:24,978 - root - INFO - 		-> seg_l3_128_convolution_layer: False
2026-02-12 12:02:24,978 - root - INFO - 		-> seg_l4_128_convolution_layer: False
2026-02-12 12:02:24,979 - root - INFO - 		-> seg_l5_output_convolution_layer: False
2026-02-12 12:05:57,607 - h5py._conv - DEBUG - Creating converter from 5 to 3
2026-02-12 14:02:17,673 - tf2onnx.tfonnx - INFO - Using tensorflow=2.20.0, onnx=1.17.0, tf2onnx=1.16.1/15c810
2026-02-12 14:02:17,673 - tf2onnx.tfonnx - INFO - Using opset <onnx, 13>
2026-02-12 14:02:17,788 - tf2onnx.tf_utils - INFO - Computed 0 values for constant folding
2026-02-12 14:02:17,835 - tf2onnx.graph - DEBUG - Making node: Name=Identity, OP=Identity
2026-02-12 14:02:17,836 - tf2onnx.graph - DEBUG - Made node: Identity
OP=Identity
Name=Identity
Inputs:
	point_net_1/output_dense_layer_1/Softmax:0=Softmax, [-1, 23], 1
Outpus:
	Identity_raw_output___4:0=[-1, 23], 1
2026-02-12 14:02:17,837 - tf2onnx.graph - DEBUG - Making node: Name=Identity_graph_outputs_Identity__5, OP=Identity
2026-02-12 14:02:17,838 - tf2onnx.graph - DEBUG - Made node: Identity_graph_outputs_Identity__5
OP=Identity
Name=Identity_graph_outputs_Identity__5
Inputs:
	Identity_raw_output___4:0=Identity, [-1, 23], 1
Outpus:
	Identity:0=[-1, 23], 1
2026-02-12 14:02:17,839 - tf2onnx.graph - DEBUG - Making node: Name=Identity_2, OP=Identity
2026-02-12 14:02:17,840 - tf2onnx.graph - DEBUG - Made node: Identity_2
OP=Identity
Name=Identity_2
Inputs:
	point_net_1/Squeeze_2:0=Squeeze, [-1, 8192, 12], 1
Outpus:
	Identity_2_raw_output___6:0=[-1, 8192, 12], 1
2026-02-12 14:02:17,841 - tf2onnx.graph - DEBUG - Making node: Name=Identity_2_graph_outputs_Identity__7, OP=Identity
2026-02-12 14:02:17,842 - tf2onnx.graph - DEBUG - Made node: Identity_2_graph_outputs_Identity__7
OP=Identity
Name=Identity_2_graph_outputs_Identity__7
Inputs:
	Identity_2_raw_output___6:0=Identity, [-1, 8192, 12], 1
Outpus:
	Identity_2:0=[-1, 8192, 12], 1
2026-02-12 14:02:17,842 - tf2onnx.graph - DEBUG - Making node: Name=Identity_1, OP=Identity
2026-02-12 14:02:17,843 - tf2onnx.graph - DEBUG - Made node: Identity_1
OP=Identity
Name=Identity_1
Inputs:
	point_net_1/input_transform_1/add:0=AddV2, [-1, 3, 3], 1
Outpus:
	Identity_1_raw_output___8:0=[-1, 3, 3], 1
2026-02-12 14:02:17,844 - tf2onnx.graph - DEBUG - Making node: Name=Identity_1_graph_outputs_Identity__9, OP=Identity
2026-02-12 14:02:17,844 - tf2onnx.graph - DEBUG - Made node: Identity_1_graph_outputs_Identity__9
OP=Identity
Name=Identity_1_graph_outputs_Identity__9
Inputs:
	Identity_1_raw_output___8:0=Identity, [-1, 3, 3], 1
Outpus:
	Identity_1:0=[-1, 3, 3], 1
2026-02-12 14:02:17,847 - tf2onnx.tfonnx - ERROR - rewriter <function rewrite_constant_fold at 0x720fec285630>: exception `np.cast` was removed in the NumPy 2.0 release. Use `np.asarray(arr, dtype=dtype)` instead.
2026-02-12 14:02:17,916 - tf2onnx.tfonnx - INFO - ['Traceback (most recent call last):\n', '  File "/mnt/c/repos/PointCloudProcessing/point_cloud_analysis/.venv/lib/python3.10/site-packages/tf2onnx/tfonnx.py", line 375, in run_rewriters\n    ops = func(g, g.get_nodes())\n', '  File "/mnt/c/repos/PointCloudProcessing/point_cloud_analysis/.venv/lib/python3.10/site-packages/tf2onnx/tfonnx.py", line 77, in rewrite_constant_fold\n    "Cast": np.cast,\n', '  File "/mnt/c/repos/PointCloudProcessing/point_cloud_analysis/.venv/lib/python3.10/site-packages/numpy/__init__.py", line 400, in __getattr__\n    raise AttributeError(\n', 'AttributeError: `np.cast` was removed in the NumPy 2.0 release. Use `np.asarray(arr, dtype=dtype)` instead.\n']
2026-02-12 14:02:17,955 - tf2onnx.rewriter.lstm_rewriter - DEBUG - enter lstm rewriter
2026-02-12 14:02:17,961 - tf2onnx.rewriter.gru_rewriter - DEBUG - enter gru rewriter
2026-02-12 14:02:17,966 - tf2onnx.rewriter.custom_rnn_rewriter - DEBUG - enter custom rnn rewriter
2026-02-12 14:02:17,972 - tf2onnx.rewriter.loop_rewriter - DEBUG - enter loop rewriter
2026-02-12 14:02:17,978 - tf2onnx.rewriter.cond_rewriter - DEBUG - enter cond pre rewrite
2026-02-12 14:02:18,000 - tf2onnx.tfonnx - VERBOSE - Mapping TF node to ONNX node(s)
2026-02-12 14:02:18,001 - tf2onnx.tfonnx - DEBUG - Process node: point_net_1/seg_l5_output_convolution_layer_1/seg_l5_output_convolution_layer_1/convolution/ReadVariableOp
OP=Const
Name=point_net_1/seg_l5_output_convolution_layer_1/seg_l5_output_convolution_layer_1/convolution/ReadVariableOp
Outpus:
	point_net_1/seg_l5_output_convolution_layer_1/seg_l5_output_convolution_layer_1/convolution/ReadVariableOp:0=[1, 1, 128, 12], 1
2026-02-12 14:02:18,001 - tf2onnx.tfonnx - DEBUG - Process node: point_net_1/seg_l4_128_convolution_layer_1/seg_l4_128_convolution_layer_1/convolution/merged_input
OP=Const
Name=point_net_1/seg_l4_128_convolution_layer_1/seg_l4_128_convolution_layer_1/convolution/merged_input
Outpus:
	point_net_1/seg_l4_128_convolution_layer_1/seg_l4_128_convolution_layer_1/convolution/merged_input:0=[1, 1, 128, 128], 1
2026-02-12 14:02:18,002 - tf2onnx.tfonnx - DEBUG - Process node: point_net_1/seg_l3_128_convolution_layer_1/seg_l3_128_convolution_layer_1/convolution/merged_input
OP=Const
Name=point_net_1/seg_l3_128_convolution_layer_1/seg_l3_128_convolution_layer_1/convolution/merged_input
Outpus:
	point_net_1/seg_l3_128_convolution_layer_1/seg_l3_128_convolution_layer_1/convolution/merged_input:0=[1, 1, 256, 128], 1
2026-02-12 14:02:18,002 - tf2onnx.tfonnx - DEBUG - Process node: point_net_1/seg_l2_256_convolution_layer_1/seg_l2_256_convolution_layer_1/convolution/merged_input
OP=Const
Name=point_net_1/seg_l2_256_convolution_layer_1/seg_l2_256_convolution_layer_1/convolution/merged_input
Outpus:
	point_net_1/seg_l2_256_convolution_layer_1/seg_l2_256_convolution_layer_1/convolution/merged_input:0=[1, 1, 512, 256], 1
2026-02-12 14:02:18,003 - tf2onnx.tfonnx - DEBUG - Process node: point_net_1/seg_l1_512_convolution_layer_1/seg_l1_512_convolution_layer_1/convolution/merged_input
OP=Const
Name=point_net_1/seg_l1_512_convolution_layer_1/seg_l1_512_convolution_layer_1/convolution/merged_input
Outpus:
	point_net_1/seg_l1_512_convolution_layer_1/seg_l1_512_convolution_layer_1/convolution/merged_input:0=[1, 1, 1088, 512], 1
2026-02-12 14:02:18,003 - tf2onnx.tfonnx - DEBUG - Process node: point_net_1/s3_l2_256_dense_layer_1/s3_l2_256_dense_layer_1/Cast/ReadVariableOp
OP=Const
Name=point_net_1/s3_l2_256_dense_layer_1/s3_l2_256_dense_layer_1/Cast/ReadVariableOp
Outpus:
	point_net_1/s3_l2_256_dense_layer_1/s3_l2_256_dense_layer_1/Cast/ReadVariableOp:0=[512, 256], 1
2026-02-12 14:02:18,003 - tf2onnx.tfonnx - DEBUG - Process node: point_net_1/s3_l2_256_dense_layer_1/batch_normalization_16_1/batchnorm/sub
OP=Const
Name=point_net_1/s3_l2_256_dense_layer_1/batch_normalization_16_1/batchnorm/sub
Outpus:
	point_net_1/s3_l2_256_dense_layer_1/batch_normalization_16_1/batchnorm/sub:0=[256], 1
2026-02-12 14:02:18,004 - tf2onnx.tfonnx - DEBUG - Process node: point_net_1/s3_l2_256_dense_layer_1/batch_normalization_16_1/batchnorm/mul
OP=Const
Name=point_net_1/s3_l2_256_dense_layer_1/batch_normalization_16_1/batchnorm/mul
Outpus:
	point_net_1/s3_l2_256_dense_layer_1/batch_normalization_16_1/batchnorm/mul:0=[256], 1
2026-02-12 14:02:18,004 - tf2onnx.tfonnx - DEBUG - Process node: point_net_1/s3_l1_512_dense_layer_1/s3_l1_512_dense_layer_1/Cast/ReadVariableOp
OP=Const
Name=point_net_1/s3_l1_512_dense_layer_1/s3_l1_512_dense_layer_1/Cast/ReadVariableOp
Outpus:
	point_net_1/s3_l1_512_dense_layer_1/s3_l1_512_dense_layer_1/Cast/ReadVariableOp:0=[1024, 512], 1
2026-02-12 14:02:18,004 - tf2onnx.tfonnx - DEBUG - Process node: point_net_1/s3_l1_512_dense_layer_1/batch_normalization_15_1/batchnorm/sub
OP=Const
Name=point_net_1/s3_l1_512_dense_layer_1/batch_normalization_15_1/batchnorm/sub
Outpus:
	point_net_1/s3_l1_512_dense_layer_1/batch_normalization_15_1/batchnorm/sub:0=[512], 1
2026-02-12 14:02:18,005 - tf2onnx.tfonnx - DEBUG - Process node: point_net_1/s3_l1_512_dense_layer_1/batch_normalization_15_1/batchnorm/mul
OP=Const
Name=point_net_1/s3_l1_512_dense_layer_1/batch_normalization_15_1/batchnorm/mul
Outpus:
	point_net_1/s3_l1_512_dense_layer_1/batch_normalization_15_1/batchnorm/mul:0=[512], 1
2026-02-12 14:02:18,005 - tf2onnx.tfonnx - DEBUG - Process node: point_net_1/s2_l3_1024_convolution_layer_1/s2_l3_1024_convolution_layer_1/convolution/merged_input
OP=Const
Name=point_net_1/s2_l3_1024_convolution_layer_1/s2_l3_1024_convolution_layer_1/convolution/merged_input
Outpus:
	point_net_1/s2_l3_1024_convolution_layer_1/s2_l3_1024_convolution_layer_1/convolution/merged_input:0=[1, 1, 128, 1024], 1
2026-02-12 14:02:18,006 - tf2onnx.tfonnx - DEBUG - Process node: point_net_1/s2_l3_1024_convolution_layer_1/batch_normalization_14_1/batchnorm/sub
OP=Const
Name=point_net_1/s2_l3_1024_convolution_layer_1/batch_normalization_14_1/batchnorm/sub
Outpus:
	point_net_1/s2_l3_1024_convolution_layer_1/batch_normalization_14_1/batchnorm/sub:0=[1024], 1
2026-02-12 14:02:18,006 - tf2onnx.tfonnx - DEBUG - Process node: point_net_1/s2_l2_128_convolution_layer_1/s2_l2_128_convolution_layer_1/convolution/merged_input
OP=Const
Name=point_net_1/s2_l2_128_convolution_layer_1/s2_l2_128_convolution_layer_1/convolution/merged_input
Outpus:
	point_net_1/s2_l2_128_convolution_layer_1/s2_l2_128_convolution_layer_1/convolution/merged_input:0=[1, 1, 64, 128], 1
2026-02-12 14:02:18,007 - tf2onnx.tfonnx - DEBUG - Process node: point_net_1/s2_l2_128_convolution_layer_1/batch_normalization_13_1/batchnorm/sub
OP=Const
Name=point_net_1/s2_l2_128_convolution_layer_1/batch_normalization_13_1/batchnorm/sub
Outpus:
	point_net_1/s2_l2_128_convolution_layer_1/batch_normalization_13_1/batchnorm/sub:0=[128], 1
2026-02-12 14:02:18,007 - tf2onnx.tfonnx - DEBUG - Process node: point_net_1/s2_l1_64_convolution_layer_1/s2_l1_64_convolution_layer_1/convolution/merged_input
OP=Const
Name=point_net_1/s2_l1_64_convolution_layer_1/s2_l1_64_convolution_layer_1/convolution/merged_input
Outpus:
	point_net_1/s2_l1_64_convolution_layer_1/s2_l1_64_convolution_layer_1/convolution/merged_input:0=[1, 1, 64, 64], 1
2026-02-12 14:02:18,008 - tf2onnx.tfonnx - DEBUG - Process node: point_net_1/s2_l1_64_convolution_layer_1/batch_normalization_12_1/batchnorm/sub
OP=Const
Name=point_net_1/s2_l1_64_convolution_layer_1/batch_normalization_12_1/batchnorm/sub
Outpus:
	point_net_1/s2_l1_64_convolution_layer_1/batch_normalization_12_1/batchnorm/sub:0=[64], 1
2026-02-12 14:02:18,009 - tf2onnx.tfonnx - DEBUG - Process node: point_net_1/s1_l2_64_convolution_layer_1/s1_l2_64_convolution_layer_1/convolution/merged_input
OP=Const
Name=point_net_1/s1_l2_64_convolution_layer_1/s1_l2_64_convolution_layer_1/convolution/merged_input
Outpus:
	point_net_1/s1_l2_64_convolution_layer_1/s1_l2_64_convolution_layer_1/convolution/merged_input:0=[1, 1, 64, 64], 1
2026-02-12 14:02:18,009 - tf2onnx.tfonnx - DEBUG - Process node: point_net_1/s1_l2_64_convolution_layer_1/batch_normalization_6_1/batchnorm/sub
OP=Const
Name=point_net_1/s1_l2_64_convolution_layer_1/batch_normalization_6_1/batchnorm/sub
Outpus:
	point_net_1/s1_l2_64_convolution_layer_1/batch_normalization_6_1/batchnorm/sub:0=[64], 1
2026-02-12 14:02:18,009 - tf2onnx.tfonnx - DEBUG - Process node: point_net_1/s1_l1_64_convolution_layer_1/s1_l1_64_convolution_layer_1/convolution/merged_input
OP=Const
Name=point_net_1/s1_l1_64_convolution_layer_1/s1_l1_64_convolution_layer_1/convolution/merged_input
Outpus:
	point_net_1/s1_l1_64_convolution_layer_1/s1_l1_64_convolution_layer_1/convolution/merged_input:0=[1, 1, 3, 64], 1
2026-02-12 14:02:18,010 - tf2onnx.tfonnx - DEBUG - Process node: point_net_1/s1_l1_64_convolution_layer_1/batch_normalization_5_1/batchnorm/sub
OP=Const
Name=point_net_1/s1_l1_64_convolution_layer_1/batch_normalization_5_1/batchnorm/sub
Outpus:
	point_net_1/s1_l1_64_convolution_layer_1/batch_normalization_5_1/batchnorm/sub:0=[64], 1
2026-02-12 14:02:18,010 - tf2onnx.tfonnx - DEBUG - Process node: point_net_1/output_dense_layer_1/output_dense_layer_1/Cast/ReadVariableOp
OP=Const
Name=point_net_1/output_dense_layer_1/output_dense_layer_1/Cast/ReadVariableOp
Outpus:
	point_net_1/output_dense_layer_1/output_dense_layer_1/Cast/ReadVariableOp:0=[256, 23], 1
2026-02-12 14:02:18,010 - tf2onnx.tfonnx - DEBUG - Process node: point_net_1/output_dense_layer_1/output_dense_layer_1/BiasAdd/ReadVariableOp
OP=Const
Name=point_net_1/output_dense_layer_1/output_dense_layer_1/BiasAdd/ReadVariableOp
Outpus:
	point_net_1/output_dense_layer_1/output_dense_layer_1/BiasAdd/ReadVariableOp:0=[23], 1
2026-02-12 14:02:18,010 - tf2onnx.tfonnx - DEBUG - Process node: point_net_1/input_transform_1/input_transform_dense_layer_2_dense_layer_1/input_transform_dense_layer_2_dense_layer_1/Cast/ReadVariableOp
OP=Const
Name=point_net_1/input_transform_1/input_transform_dense_layer_2_dense_layer_1/input_transform_dense_layer_2_dense_layer_1/Cast/ReadVariableOp
Outpus:
	point_net_1/input_transform_1/input_transform_dense_layer_2_dense_layer_1/input_transform_dense_layer_2_dense_layer_1/Cast/ReadVariableOp:0=[512, 256], 1
2026-02-12 14:02:18,011 - tf2onnx.tfonnx - DEBUG - Process node: point_net_1/input_transform_1/input_transform_dense_layer_2_dense_layer_1/batch_normalization_4_1/batchnorm/sub
OP=Const
Name=point_net_1/input_transform_1/input_transform_dense_layer_2_dense_layer_1/batch_normalization_4_1/batchnorm/sub
Outpus:
	point_net_1/input_transform_1/input_transform_dense_layer_2_dense_layer_1/batch_normalization_4_1/batchnorm/sub:0=[256], 1
2026-02-12 14:02:18,011 - tf2onnx.tfonnx - DEBUG - Process node: point_net_1/input_transform_1/input_transform_dense_layer_2_dense_layer_1/batch_normalization_4_1/batchnorm/mul
OP=Const
Name=point_net_1/input_transform_1/input_transform_dense_layer_2_dense_layer_1/batch_normalization_4_1/batchnorm/mul
Outpus:
	point_net_1/input_transform_1/input_transform_dense_layer_2_dense_layer_1/batch_normalization_4_1/batchnorm/mul:0=[256], 1
2026-02-12 14:02:18,012 - tf2onnx.tfonnx - DEBUG - Process node: point_net_1/input_transform_1/input_transform_dense_layer_1_dense_layer_1/input_transform_dense_layer_1_dense_layer_1/Cast/ReadVariableOp
OP=Const
Name=point_net_1/input_transform_1/input_transform_dense_layer_1_dense_layer_1/input_transform_dense_layer_1_dense_layer_1/Cast/ReadVariableOp
Outpus:
	point_net_1/input_transform_1/input_transform_dense_layer_1_dense_layer_1/input_transform_dense_layer_1_dense_layer_1/Cast/ReadVariableOp:0=[1024, 512], 1
2026-02-12 14:02:18,012 - tf2onnx.tfonnx - DEBUG - Process node: point_net_1/input_transform_1/input_transform_dense_layer_1_dense_layer_1/batch_normalization_3_1/batchnorm/sub
OP=Const
Name=point_net_1/input_transform_1/input_transform_dense_layer_1_dense_layer_1/batch_normalization_3_1/batchnorm/sub
Outpus:
	point_net_1/input_transform_1/input_transform_dense_layer_1_dense_layer_1/batch_normalization_3_1/batchnorm/sub:0=[512], 1
2026-02-12 14:02:18,012 - tf2onnx.tfonnx - DEBUG - Process node: point_net_1/input_transform_1/input_transform_dense_layer_1_dense_layer_1/batch_normalization_3_1/batchnorm/mul
OP=Const
Name=point_net_1/input_transform_1/input_transform_dense_layer_1_dense_layer_1/batch_normalization_3_1/batchnorm/mul
Outpus:
	point_net_1/input_transform_1/input_transform_dense_layer_1_dense_layer_1/batch_normalization_3_1/batchnorm/mul:0=[512], 1
2026-02-12 14:02:18,013 - tf2onnx.tfonnx - DEBUG - Process node: point_net_1/input_transform_1/input_transform_convolution_layer_3_convolution_layer_1/input_transform_convolution_layer_3_convolution_layer_1/convolution/merged_input
OP=Const
Name=point_net_1/input_transform_1/input_transform_convolution_layer_3_convolution_layer_1/input_transform_convolution_layer_3_convolution_layer_1/convolution/merged_input
Outpus:
	point_net_1/input_transform_1/input_transform_convolution_layer_3_convolution_layer_1/input_transform_convolution_layer_3_convolution_layer_1/convolution/merged_input:0=[1, 1, 128, 1024], 1
2026-02-12 14:02:18,013 - tf2onnx.tfonnx - DEBUG - Process node: point_net_1/input_transform_1/input_transform_convolution_layer_3_convolution_layer_1/batch_normalization_2_1/batchnorm/sub
OP=Const
Name=point_net_1/input_transform_1/input_transform_convolution_layer_3_convolution_layer_1/batch_normalization_2_1/batchnorm/sub
Outpus:
	point_net_1/input_transform_1/input_transform_convolution_layer_3_convolution_layer_1/batch_normalization_2_1/batchnorm/sub:0=[1024], 1
2026-02-12 14:02:18,013 - tf2onnx.tfonnx - DEBUG - Process node: point_net_1/input_transform_1/input_transform_convolution_layer_2_convolution_layer_1/input_transform_convolution_layer_2_convolution_layer_1/convolution/merged_input
OP=Const
Name=point_net_1/input_transform_1/input_transform_convolution_layer_2_convolution_layer_1/input_transform_convolution_layer_2_convolution_layer_1/convolution/merged_input
Outpus:
	point_net_1/input_transform_1/input_transform_convolution_layer_2_convolution_layer_1/input_transform_convolution_layer_2_convolution_layer_1/convolution/merged_input:0=[1, 1, 64, 128], 1
2026-02-12 14:02:18,014 - tf2onnx.tfonnx - DEBUG - Process node: point_net_1/input_transform_1/input_transform_convolution_layer_2_convolution_layer_1/batch_normalization_1_1/batchnorm/sub
OP=Const
Name=point_net_1/input_transform_1/input_transform_convolution_layer_2_convolution_layer_1/batch_normalization_1_1/batchnorm/sub
Outpus:
	point_net_1/input_transform_1/input_transform_convolution_layer_2_convolution_layer_1/batch_normalization_1_1/batchnorm/sub:0=[128], 1
2026-02-12 14:02:18,014 - tf2onnx.tfonnx - DEBUG - Process node: point_net_1/input_transform_1/input_transform_convolution_layer_1_convolution_layer_1/input_transform_convolution_layer_1_convolution_layer_1/convolution/merged_input
OP=Const
Name=point_net_1/input_transform_1/input_transform_convolution_layer_1_convolution_layer_1/input_transform_convolution_layer_1_convolution_layer_1/convolution/merged_input
Outpus:
	point_net_1/input_transform_1/input_transform_convolution_layer_1_convolution_layer_1/input_transform_convolution_layer_1_convolution_layer_1/convolution/merged_input:0=[1, 1, 3, 64], 1
2026-02-12 14:02:18,014 - tf2onnx.tfonnx - DEBUG - Process node: point_net_1/input_transform_1/input_transform_convolution_layer_1_convolution_layer_1/batch_normalization_1/batchnorm/sub
OP=Const
Name=point_net_1/input_transform_1/input_transform_convolution_layer_1_convolution_layer_1/batch_normalization_1/batchnorm/sub
Outpus:
	point_net_1/input_transform_1/input_transform_convolution_layer_1_convolution_layer_1/batch_normalization_1/batchnorm/sub:0=[64], 1
2026-02-12 14:02:18,014 - tf2onnx.tfonnx - DEBUG - Process node: point_net_1/input_transform_1/add/ReadVariableOp
OP=Const
Name=point_net_1/input_transform_1/add/ReadVariableOp
Outpus:
	point_net_1/input_transform_1/add/ReadVariableOp:0=[3, 3], 1
2026-02-12 14:02:18,015 - tf2onnx.tfonnx - DEBUG - Process node: point_net_1/input_transform_1/Reshape/shape
OP=Const
Name=point_net_1/input_transform_1/Reshape/shape
Outpus:
	point_net_1/input_transform_1/Reshape/shape:0=[3], 6
2026-02-12 14:02:18,015 - tf2onnx.tfonnx - DEBUG - Process node: point_net_1/input_transform_1/Max/reduction_indices
OP=Const
Name=point_net_1/input_transform_1/Max/reduction_indices
Outpus:
	point_net_1/input_transform_1/Max/reduction_indices:0=[], 6
2026-02-12 14:02:18,016 - tf2onnx.tfonnx - DEBUG - Process node: point_net_1/input_transform_1/MatMul/ReadVariableOp
OP=Const
Name=point_net_1/input_transform_1/MatMul/ReadVariableOp
Outpus:
	point_net_1/input_transform_1/MatMul/ReadVariableOp:0=[256, 9], 1
2026-02-12 14:02:18,016 - tf2onnx.tfonnx - DEBUG - Process node: point_net_1/input_transform_1/ExpandDims_1/dim
OP=Const
Name=point_net_1/input_transform_1/ExpandDims_1/dim
Outpus:
	point_net_1/input_transform_1/ExpandDims_1/dim:0=[], 6
2026-02-12 14:02:18,016 - tf2onnx.tfonnx - DEBUG - Process node: point_net_1/input_transform_1/ExpandDims/dim
OP=Const
Name=point_net_1/input_transform_1/ExpandDims/dim
Outpus:
	point_net_1/input_transform_1/ExpandDims/dim:0=[], 6
2026-02-12 14:02:18,017 - tf2onnx.tfonnx - DEBUG - Process node: point_net_1/input_normalization_1/Sum/reduction_indices
OP=Const
Name=point_net_1/input_normalization_1/Sum/reduction_indices
Outpus:
	point_net_1/input_normalization_1/Sum/reduction_indices:0=[], 6
2026-02-12 14:02:18,017 - tf2onnx.tfonnx - DEBUG - Process node: point_net_1/input_normalization_1/Mean/reduction_indices
OP=Const
Name=point_net_1/input_normalization_1/Mean/reduction_indices
Outpus:
	point_net_1/input_normalization_1/Mean/reduction_indices:0=[], 6
2026-02-12 14:02:18,017 - tf2onnx.tfonnx - DEBUG - Process node: point_net_1/input_normalization_1/Maximum/y
OP=Const
Name=point_net_1/input_normalization_1/Maximum/y
Outpus:
	point_net_1/input_normalization_1/Maximum/y:0=[], 1
2026-02-12 14:02:18,017 - tf2onnx.tfonnx - DEBUG - Process node: point_net_1/input_normalization_1/Max/reduction_indices
OP=Const
Name=point_net_1/input_normalization_1/Max/reduction_indices
Outpus:
	point_net_1/input_normalization_1/Max/reduction_indices:0=[], 6
2026-02-12 14:02:18,018 - tf2onnx.tfonnx - DEBUG - Process node: point_net_1/input_normalization_1/ExpandDims/dim
OP=Const
Name=point_net_1/input_normalization_1/ExpandDims/dim
Outpus:
	point_net_1/input_normalization_1/ExpandDims/dim:0=[], 6
2026-02-12 14:02:18,018 - tf2onnx.tfonnx - DEBUG - Process node: point_net_1/feature_transform_1/feature_transform_dense_layer_2_dense_layer_1/feature_transform_dense_layer_2_dense_layer_1/Cast/ReadVariableOp
OP=Const
Name=point_net_1/feature_transform_1/feature_transform_dense_layer_2_dense_layer_1/feature_transform_dense_layer_2_dense_layer_1/Cast/ReadVariableOp
Outpus:
	point_net_1/feature_transform_1/feature_transform_dense_layer_2_dense_layer_1/feature_transform_dense_layer_2_dense_layer_1/Cast/ReadVariableOp:0=[512, 256], 1
2026-02-12 14:02:18,019 - tf2onnx.tfonnx - DEBUG - Process node: point_net_1/feature_transform_1/feature_transform_dense_layer_2_dense_layer_1/batch_normalization_11_1/batchnorm/sub
OP=Const
Name=point_net_1/feature_transform_1/feature_transform_dense_layer_2_dense_layer_1/batch_normalization_11_1/batchnorm/sub
Outpus:
	point_net_1/feature_transform_1/feature_transform_dense_layer_2_dense_layer_1/batch_normalization_11_1/batchnorm/sub:0=[256], 1
2026-02-12 14:02:18,019 - tf2onnx.tfonnx - DEBUG - Process node: point_net_1/feature_transform_1/feature_transform_dense_layer_2_dense_layer_1/batch_normalization_11_1/batchnorm/mul
OP=Const
Name=point_net_1/feature_transform_1/feature_transform_dense_layer_2_dense_layer_1/batch_normalization_11_1/batchnorm/mul
Outpus:
	point_net_1/feature_transform_1/feature_transform_dense_layer_2_dense_layer_1/batch_normalization_11_1/batchnorm/mul:0=[256], 1
2026-02-12 14:02:18,019 - tf2onnx.tfonnx - DEBUG - Process node: point_net_1/feature_transform_1/feature_transform_dense_layer_1_dense_layer_1/feature_transform_dense_layer_1_dense_layer_1/Cast/ReadVariableOp
OP=Const
Name=point_net_1/feature_transform_1/feature_transform_dense_layer_1_dense_layer_1/feature_transform_dense_layer_1_dense_layer_1/Cast/ReadVariableOp
Outpus:
	point_net_1/feature_transform_1/feature_transform_dense_layer_1_dense_layer_1/feature_transform_dense_layer_1_dense_layer_1/Cast/ReadVariableOp:0=[1024, 512], 1
2026-02-12 14:02:18,020 - tf2onnx.tfonnx - DEBUG - Process node: point_net_1/feature_transform_1/feature_transform_dense_layer_1_dense_layer_1/batch_normalization_10_1/batchnorm/sub
OP=Const
Name=point_net_1/feature_transform_1/feature_transform_dense_layer_1_dense_layer_1/batch_normalization_10_1/batchnorm/sub
Outpus:
	point_net_1/feature_transform_1/feature_transform_dense_layer_1_dense_layer_1/batch_normalization_10_1/batchnorm/sub:0=[512], 1
2026-02-12 14:02:18,020 - tf2onnx.tfonnx - DEBUG - Process node: point_net_1/feature_transform_1/feature_transform_dense_layer_1_dense_layer_1/batch_normalization_10_1/batchnorm/mul
OP=Const
Name=point_net_1/feature_transform_1/feature_transform_dense_layer_1_dense_layer_1/batch_normalization_10_1/batchnorm/mul
Outpus:
	point_net_1/feature_transform_1/feature_transform_dense_layer_1_dense_layer_1/batch_normalization_10_1/batchnorm/mul:0=[512], 1
2026-02-12 14:02:18,020 - tf2onnx.tfonnx - DEBUG - Process node: point_net_1/feature_transform_1/feature_transform_convolution_layer_3_convolution_layer_1/feature_transform_convolution_layer_3_convolution_layer_1/convolution/merged_input
OP=Const
Name=point_net_1/feature_transform_1/feature_transform_convolution_layer_3_convolution_layer_1/feature_transform_convolution_layer_3_convolution_layer_1/convolution/merged_input
Outpus:
	point_net_1/feature_transform_1/feature_transform_convolution_layer_3_convolution_layer_1/feature_transform_convolution_layer_3_convolution_layer_1/convolution/merged_input:0=[1, 1, 128, 1024], 1
2026-02-12 14:02:18,021 - tf2onnx.tfonnx - DEBUG - Process node: point_net_1/feature_transform_1/feature_transform_convolution_layer_3_convolution_layer_1/batch_normalization_9_1/batchnorm/sub
OP=Const
Name=point_net_1/feature_transform_1/feature_transform_convolution_layer_3_convolution_layer_1/batch_normalization_9_1/batchnorm/sub
Outpus:
	point_net_1/feature_transform_1/feature_transform_convolution_layer_3_convolution_layer_1/batch_normalization_9_1/batchnorm/sub:0=[1024], 1
2026-02-12 14:02:18,021 - tf2onnx.tfonnx - DEBUG - Process node: point_net_1/feature_transform_1/feature_transform_convolution_layer_2_convolution_layer_1/feature_transform_convolution_layer_2_convolution_layer_1/convolution/merged_input
OP=Const
Name=point_net_1/feature_transform_1/feature_transform_convolution_layer_2_convolution_layer_1/feature_transform_convolution_layer_2_convolution_layer_1/convolution/merged_input
Outpus:
	point_net_1/feature_transform_1/feature_transform_convolution_layer_2_convolution_layer_1/feature_transform_convolution_layer_2_convolution_layer_1/convolution/merged_input:0=[1, 1, 64, 128], 1
2026-02-12 14:02:18,021 - tf2onnx.tfonnx - DEBUG - Process node: point_net_1/feature_transform_1/feature_transform_convolution_layer_2_convolution_layer_1/batch_normalization_8_1/batchnorm/sub
OP=Const
Name=point_net_1/feature_transform_1/feature_transform_convolution_layer_2_convolution_layer_1/batch_normalization_8_1/batchnorm/sub
Outpus:
	point_net_1/feature_transform_1/feature_transform_convolution_layer_2_convolution_layer_1/batch_normalization_8_1/batchnorm/sub:0=[128], 1
2026-02-12 14:02:18,021 - tf2onnx.tfonnx - DEBUG - Process node: point_net_1/feature_transform_1/feature_transform_convolution_layer_1_convolution_layer_1/feature_transform_convolution_layer_1_convolution_layer_1/convolution/merged_input
OP=Const
Name=point_net_1/feature_transform_1/feature_transform_convolution_layer_1_convolution_layer_1/feature_transform_convolution_layer_1_convolution_layer_1/convolution/merged_input
Outpus:
	point_net_1/feature_transform_1/feature_transform_convolution_layer_1_convolution_layer_1/feature_transform_convolution_layer_1_convolution_layer_1/convolution/merged_input:0=[1, 1, 64, 64], 1
2026-02-12 14:02:18,021 - tf2onnx.tfonnx - DEBUG - Process node: point_net_1/feature_transform_1/feature_transform_convolution_layer_1_convolution_layer_1/batch_normalization_7_1/batchnorm/sub
OP=Const
Name=point_net_1/feature_transform_1/feature_transform_convolution_layer_1_convolution_layer_1/batch_normalization_7_1/batchnorm/sub
Outpus:
	point_net_1/feature_transform_1/feature_transform_convolution_layer_1_convolution_layer_1/batch_normalization_7_1/batchnorm/sub:0=[64], 1
2026-02-12 14:02:18,022 - tf2onnx.tfonnx - DEBUG - Process node: point_net_1/feature_transform_1/add/ReadVariableOp
OP=Const
Name=point_net_1/feature_transform_1/add/ReadVariableOp
Outpus:
	point_net_1/feature_transform_1/add/ReadVariableOp:0=[64, 64], 1
2026-02-12 14:02:18,023 - tf2onnx.tfonnx - DEBUG - Process node: point_net_1/feature_transform_1/Reshape/shape
OP=Const
Name=point_net_1/feature_transform_1/Reshape/shape
Outpus:
	point_net_1/feature_transform_1/Reshape/shape:0=[3], 6
2026-02-12 14:02:18,024 - tf2onnx.tfonnx - DEBUG - Process node: point_net_1/feature_transform_1/Max/reduction_indices
OP=Const
Name=point_net_1/feature_transform_1/Max/reduction_indices
Outpus:
	point_net_1/feature_transform_1/Max/reduction_indices:0=[], 6
2026-02-12 14:02:18,025 - tf2onnx.tfonnx - DEBUG - Process node: point_net_1/feature_transform_1/MatMul/ReadVariableOp
OP=Const
Name=point_net_1/feature_transform_1/MatMul/ReadVariableOp
Outpus:
	point_net_1/feature_transform_1/MatMul/ReadVariableOp:0=[256, 4096], 1
2026-02-12 14:02:18,025 - tf2onnx.tfonnx - DEBUG - Process node: point_net_1/feature_transform_1/ExpandDims_1/dim
OP=Const
Name=point_net_1/feature_transform_1/ExpandDims_1/dim
Outpus:
	point_net_1/feature_transform_1/ExpandDims_1/dim:0=[], 6
2026-02-12 14:02:18,025 - tf2onnx.tfonnx - DEBUG - Process node: point_net_1/feature_transform_1/ExpandDims/dim
OP=Const
Name=point_net_1/feature_transform_1/ExpandDims/dim
Outpus:
	point_net_1/feature_transform_1/ExpandDims/dim:0=[], 6
2026-02-12 14:02:18,025 - tf2onnx.tfonnx - DEBUG - Process node: point_net_1/concat/axis
OP=Const
Name=point_net_1/concat/axis
Outpus:
	point_net_1/concat/axis:0=[], 6
2026-02-12 14:02:18,026 - tf2onnx.tfonnx - DEBUG - Process node: point_net_1/Tile/multiples
OP=Const
Name=point_net_1/Tile/multiples
Outpus:
	point_net_1/Tile/multiples:0=[3], 6
2026-02-12 14:02:18,026 - tf2onnx.tfonnx - DEBUG - Process node: point_net_1/Max/reduction_indices
OP=Const
Name=point_net_1/Max/reduction_indices
Outpus:
	point_net_1/Max/reduction_indices:0=[], 6
2026-02-12 14:02:18,027 - tf2onnx.tfonnx - DEBUG - Process node: point_net_1/ExpandDims_3/dim
OP=Const
Name=point_net_1/ExpandDims_3/dim
Outpus:
	point_net_1/ExpandDims_3/dim:0=[], 6
2026-02-12 14:02:18,027 - tf2onnx.tfonnx - DEBUG - Process node: point_net_1/ExpandDims_2/dim
OP=Const
Name=point_net_1/ExpandDims_2/dim
Outpus:
	point_net_1/ExpandDims_2/dim:0=[], 6
2026-02-12 14:02:18,027 - tf2onnx.tfonnx - DEBUG - Process node: point_net_1/ExpandDims_1/dim
OP=Const
Name=point_net_1/ExpandDims_1/dim
Outpus:
	point_net_1/ExpandDims_1/dim:0=[], 6
2026-02-12 14:02:18,028 - tf2onnx.tfonnx - DEBUG - Process node: point_net_1/ExpandDims/dim
OP=Const
Name=point_net_1/ExpandDims/dim
Outpus:
	point_net_1/ExpandDims/dim:0=[], 6
2026-02-12 14:02:18,028 - tf2onnx.tfonnx - DEBUG - Process node: args_0
OP=Placeholder
Name=args_0
Outpus:
	args_0=[-1, 8192, 3], 1
2026-02-12 14:02:18,028 - tf2onnx.tfonnx - DEBUG - Process node: point_net_1/input_normalization_1/Mean
OP=Mean
Name=point_net_1/input_normalization_1/Mean
Inputs:
	args_0=Placeholder, [-1, 8192, 3], 1
	point_net_1/input_normalization_1/Mean/reduction_indices:0=Const, [], 6
Outpus:
	point_net_1/input_normalization_1/Mean:0=[-1, 1, 3], 1
2026-02-12 14:02:18,029 - tf2onnx.tfonnx - DEBUG - Process node: point_net_1/input_normalization_1/sub
OP=Sub
Name=point_net_1/input_normalization_1/sub
Inputs:
	args_0=Placeholder, [-1, 8192, 3], 1
	point_net_1/input_normalization_1/Mean:0=ReduceMean, [-1, 1, 3], 1
Outpus:
	point_net_1/input_normalization_1/sub:0=[-1, 8192, 3], 1
2026-02-12 14:02:18,029 - tf2onnx.tfonnx - DEBUG - Process node: point_net_1/input_normalization_1/Square
OP=Square
Name=point_net_1/input_normalization_1/Square
Inputs:
	point_net_1/input_normalization_1/sub:0=Sub, [-1, 8192, 3], 1
Outpus:
	point_net_1/input_normalization_1/Square:0=[-1, 8192, 3], 1
2026-02-12 14:02:18,030 - tf2onnx.tfonnx - DEBUG - Process node: point_net_1/input_normalization_1/Sum
OP=Sum
Name=point_net_1/input_normalization_1/Sum
Inputs:
	point_net_1/input_normalization_1/Square:0=Mul, [-1, 8192, 3], 1
	point_net_1/input_normalization_1/Sum/reduction_indices:0=Const, [], 6
Outpus:
	point_net_1/input_normalization_1/Sum:0=[-1, 8192], 1
2026-02-12 14:02:18,030 - tf2onnx.graph - DEBUG - Making node: Name=point_net_1/input_normalization_1/Sum__10, OP=Cast
2026-02-12 14:02:18,030 - tf2onnx.graph - DEBUG - Infer shape and dtype for [point_net_1/input_normalization_1/Sum__10]
2026-02-12 14:02:18,032 - tf2onnx.graph - DEBUG - Set dtype of [point_net_1/input_normalization_1/Sum__10:0] to 7
2026-02-12 14:02:18,032 - tf2onnx.graph - DEBUG - Set shape of [point_net_1/input_normalization_1/Sum__10:0] to []
2026-02-12 14:02:18,032 - tf2onnx.graph - DEBUG - Made node: point_net_1/input_normalization_1/Sum__10
OP=Cast
Name=point_net_1/input_normalization_1/Sum__10
Inputs:
	point_net_1/input_normalization_1/Sum/reduction_indices:0=Const, [], 6
Outpus:
	point_net_1/input_normalization_1/Sum__10:0=[], 7
2026-02-12 14:02:18,033 - tf2onnx.graph - DEBUG - Making node: Name=reshape_const__11, OP=Const
2026-02-12 14:02:18,033 - tf2onnx.graph - DEBUG - Made node: reshape_const__11
OP=Const
Name=reshape_const__11
Outpus:
	reshape_const__11=None, 7
2026-02-12 14:02:18,034 - tf2onnx.graph - DEBUG - Making node: Name=point_net_1/input_normalization_1/Sum__12, OP=Reshape
2026-02-12 14:02:18,034 - tf2onnx.graph - DEBUG - Infer shape and dtype for [point_net_1/input_normalization_1/Sum__12]
2026-02-12 14:02:18,034 - tf2onnx.graph - DEBUG - Set dtype of [point_net_1/input_normalization_1/Sum__12:0] to 7
2026-02-12 14:02:18,035 - tf2onnx.graph - DEBUG - Set shape of [point_net_1/input_normalization_1/Sum__12:0] to [1]
2026-02-12 14:02:18,035 - tf2onnx.graph - DEBUG - Made node: point_net_1/input_normalization_1/Sum__12
OP=Reshape
Name=point_net_1/input_normalization_1/Sum__12
Inputs:
	point_net_1/input_normalization_1/Sum__10:0=Cast, [], 7
	reshape_const__11=Const, [1], 7
Outpus:
	point_net_1/input_normalization_1/Sum__12:0=[1], 7
2026-02-12 14:02:18,035 - tf2onnx.tfonnx - DEBUG - Process node: point_net_1/input_normalization_1/Sqrt
OP=Sqrt
Name=point_net_1/input_normalization_1/Sqrt
Inputs:
	point_net_1/input_normalization_1/Sum:0=ReduceSum, [-1, 8192], 1
Outpus:
	point_net_1/input_normalization_1/Sqrt:0=[-1, 8192], 1
2026-02-12 14:02:18,036 - tf2onnx.tfonnx - DEBUG - Process node: point_net_1/input_normalization_1/Max
OP=Max
Name=point_net_1/input_normalization_1/Max
Inputs:
	point_net_1/input_normalization_1/Sqrt:0=Sqrt, [-1, 8192], 1
	point_net_1/input_normalization_1/Max/reduction_indices:0=Const, [], 6
Outpus:
	point_net_1/input_normalization_1/Max:0=[-1, 1], 1
2026-02-12 14:02:18,036 - tf2onnx.tfonnx - DEBUG - Process node: point_net_1/input_normalization_1/ExpandDims
OP=ExpandDims
Name=point_net_1/input_normalization_1/ExpandDims
Inputs:
	point_net_1/input_normalization_1/Max:0=ReduceMax, [-1, 1], 1
	point_net_1/input_normalization_1/ExpandDims/dim:0=Const, [], 6
Outpus:
	point_net_1/input_normalization_1/ExpandDims:0=[-1, 1, 1], 1
2026-02-12 14:02:18,036 - tf2onnx.graph - DEBUG - Making node: Name=point_net_1/input_normalization_1/ExpandDims__13, OP=Cast
2026-02-12 14:02:18,037 - tf2onnx.graph - DEBUG - Infer shape and dtype for [point_net_1/input_normalization_1/ExpandDims__13]
2026-02-12 14:02:18,037 - tf2onnx.graph - DEBUG - Set dtype of [point_net_1/input_normalization_1/ExpandDims__13:0] to 7
2026-02-12 14:02:18,037 - tf2onnx.graph - DEBUG - Set shape of [point_net_1/input_normalization_1/ExpandDims__13:0] to []
2026-02-12 14:02:18,038 - tf2onnx.graph - DEBUG - Made node: point_net_1/input_normalization_1/ExpandDims__13
OP=Cast
Name=point_net_1/input_normalization_1/ExpandDims__13
Inputs:
	point_net_1/input_normalization_1/ExpandDims/dim:0=Const, [], 6
Outpus:
	point_net_1/input_normalization_1/ExpandDims__13:0=[], 7
2026-02-12 14:02:18,038 - tf2onnx.graph - DEBUG - Making node: Name=reshape_const__14, OP=Const
2026-02-12 14:02:18,038 - tf2onnx.graph - DEBUG - Made node: reshape_const__14
OP=Const
Name=reshape_const__14
Outpus:
	reshape_const__14=None, 7
2026-02-12 14:02:18,038 - tf2onnx.graph - DEBUG - Making node: Name=Reshape__15, OP=Reshape
2026-02-12 14:02:18,039 - tf2onnx.graph - DEBUG - Infer shape and dtype for [Reshape__15]
2026-02-12 14:02:18,040 - tf2onnx.graph - DEBUG - Set dtype of [Reshape__15:0] to 7
2026-02-12 14:02:18,041 - tf2onnx.graph - DEBUG - Set shape of [Reshape__15:0] to [1]
2026-02-12 14:02:18,042 - tf2onnx.graph - DEBUG - Made node: Reshape__15
OP=Reshape
Name=Reshape__15
Inputs:
	point_net_1/input_normalization_1/ExpandDims__13:0=Cast, [], 7
	reshape_const__14=Const, [1], 7
Outpus:
	Reshape__15:0=[1], 7
2026-02-12 14:02:18,042 - tf2onnx.tfonnx - DEBUG - Process node: point_net_1/input_normalization_1/Maximum
OP=Maximum
Name=point_net_1/input_normalization_1/Maximum
Inputs:
	point_net_1/input_normalization_1/ExpandDims:0=Unsqueeze, [-1, 1, 1], 1
	point_net_1/input_normalization_1/Maximum/y:0=Const, [], 1
Outpus:
	point_net_1/input_normalization_1/Maximum:0=[-1, 1, 1], 1
2026-02-12 14:02:18,042 - tf2onnx.tfonnx - DEBUG - Process node: point_net_1/input_normalization_1/truediv
OP=RealDiv
Name=point_net_1/input_normalization_1/truediv
Inputs:
	point_net_1/input_normalization_1/sub:0=Sub, [-1, 8192, 3], 1
	point_net_1/input_normalization_1/Maximum:0=Max, [-1, 1, 1], 1
Outpus:
	point_net_1/input_normalization_1/truediv:0=[-1, 8192, 3], 1
2026-02-12 14:02:18,043 - tf2onnx.tfonnx - DEBUG - Process node: point_net_1/input_transform_1/ExpandDims
OP=ExpandDims
Name=point_net_1/input_transform_1/ExpandDims
Inputs:
	point_net_1/input_normalization_1/truediv:0=Div, [-1, 8192, 3], 1
	point_net_1/input_transform_1/ExpandDims/dim:0=Const, [], 6
Outpus:
	point_net_1/input_transform_1/ExpandDims:0=[-1, 8192, 1, 3], 1
2026-02-12 14:02:18,043 - tf2onnx.graph - DEBUG - Making node: Name=point_net_1/input_transform_1/ExpandDims__16, OP=Cast
2026-02-12 14:02:18,044 - tf2onnx.graph - DEBUG - Infer shape and dtype for [point_net_1/input_transform_1/ExpandDims__16]
2026-02-12 14:02:18,044 - tf2onnx.graph - DEBUG - Set dtype of [point_net_1/input_transform_1/ExpandDims__16:0] to 7
2026-02-12 14:02:18,045 - tf2onnx.graph - DEBUG - Set shape of [point_net_1/input_transform_1/ExpandDims__16:0] to []
2026-02-12 14:02:18,045 - tf2onnx.graph - DEBUG - Made node: point_net_1/input_transform_1/ExpandDims__16
OP=Cast
Name=point_net_1/input_transform_1/ExpandDims__16
Inputs:
	point_net_1/input_transform_1/ExpandDims/dim:0=Const, [], 6
Outpus:
	point_net_1/input_transform_1/ExpandDims__16:0=[], 7
2026-02-12 14:02:18,045 - tf2onnx.graph - DEBUG - Making node: Name=reshape_const__17, OP=Const
2026-02-12 14:02:18,046 - tf2onnx.graph - DEBUG - Made node: reshape_const__17
OP=Const
Name=reshape_const__17
Outpus:
	reshape_const__17=None, 7
2026-02-12 14:02:18,046 - tf2onnx.graph - DEBUG - Making node: Name=Reshape__18, OP=Reshape
2026-02-12 14:02:18,046 - tf2onnx.graph - DEBUG - Infer shape and dtype for [Reshape__18]
2026-02-12 14:02:18,047 - tf2onnx.graph - DEBUG - Set dtype of [Reshape__18:0] to 7
2026-02-12 14:02:18,049 - tf2onnx.graph - DEBUG - Set shape of [Reshape__18:0] to [1]
2026-02-12 14:02:18,050 - tf2onnx.graph - DEBUG - Made node: Reshape__18
OP=Reshape
Name=Reshape__18
Inputs:
	point_net_1/input_transform_1/ExpandDims__16:0=Cast, [], 7
	reshape_const__17=Const, [1], 7
Outpus:
	Reshape__18:0=[1], 7
2026-02-12 14:02:18,050 - tf2onnx.tfonnx - DEBUG - Process node: point_net_1/input_transform_1/input_transform_convolution_layer_1_convolution_layer_1/batch_normalization_1/batchnorm/mul_1
OP=Conv2D
Name=point_net_1/input_transform_1/input_transform_convolution_layer_1_convolution_layer_1/batch_normalization_1/batchnorm/mul_1
Inputs:
	point_net_1/input_transform_1/ExpandDims:0=Unsqueeze, [-1, 8192, 1, 3], 1
	point_net_1/input_transform_1/input_transform_convolution_layer_1_convolution_layer_1/input_transform_convolution_layer_1_convolution_layer_1/convolution/merged_input:0=Const, [1, 1, 3, 64], 1
Outpus:
	point_net_1/input_transform_1/input_transform_convolution_layer_1_convolution_layer_1/batch_normalization_1/batchnorm/mul_1:0=[-1, 8192, 1, 64], 1
2026-02-12 14:02:18,050 - tf2onnx.graph - DEBUG - Making node: Name=point_net_1/input_transform_1/input_transform_convolution_layer_1_convolution_layer_1/batch_normalization_1/batchnorm/mul_1__19, OP=Transpose
2026-02-12 14:02:18,051 - tf2onnx.graph - DEBUG - Infer shape and dtype for [point_net_1/input_transform_1/input_transform_convolution_layer_1_convolution_layer_1/batch_normalization_1/batchnorm/mul_1__19]
2026-02-12 14:02:18,051 - tf2onnx.graph - DEBUG - Set dtype of [point_net_1/input_transform_1/input_transform_convolution_layer_1_convolution_layer_1/batch_normalization_1/batchnorm/mul_1__19:0] to 1
2026-02-12 14:02:18,052 - tf2onnx.graph - DEBUG - Set shape of [point_net_1/input_transform_1/input_transform_convolution_layer_1_convolution_layer_1/batch_normalization_1/batchnorm/mul_1__19:0] to [3, 1, 8192, -1]
2026-02-12 14:02:18,052 - tf2onnx.graph - DEBUG - Made node: point_net_1/input_transform_1/input_transform_convolution_layer_1_convolution_layer_1/batch_normalization_1/batchnorm/mul_1__19
OP=Transpose
Name=point_net_1/input_transform_1/input_transform_convolution_layer_1_convolution_layer_1/batch_normalization_1/batchnorm/mul_1__19
Inputs:
	point_net_1/input_transform_1/ExpandDims:0=Unsqueeze, [-1, 8192, 1, 3], 1
Outpus:
	point_net_1/input_transform_1/input_transform_convolution_layer_1_convolution_layer_1/batch_normalization_1/batchnorm/mul_1__19:0=[3, 1, 8192, -1], 1
2026-02-12 14:02:18,053 - tf2onnx.graph - DEBUG - Making node: Name=point_net_1/input_transform_1/input_transform_convolution_layer_1_convolution_layer_1/batch_normalization_1/batchnorm/mul_1__21, OP=Transpose
2026-02-12 14:02:18,053 - tf2onnx.graph - DEBUG - Infer shape and dtype for [point_net_1/input_transform_1/input_transform_convolution_layer_1_convolution_layer_1/batch_normalization_1/batchnorm/mul_1__21]
2026-02-12 14:02:18,054 - tf2onnx.graph - DEBUG - Set dtype of [point_net_1/input_transform_1/input_transform_convolution_layer_1_convolution_layer_1/batch_normalization_1/batchnorm/mul_1__21:0] to 1
2026-02-12 14:02:18,054 - tf2onnx.graph - DEBUG - Set shape of [point_net_1/input_transform_1/input_transform_convolution_layer_1_convolution_layer_1/batch_normalization_1/batchnorm/mul_1__21:0] to [64, 1, 8192, -1]
2026-02-12 14:02:18,055 - tf2onnx.graph - DEBUG - Made node: point_net_1/input_transform_1/input_transform_convolution_layer_1_convolution_layer_1/batch_normalization_1/batchnorm/mul_1__21
OP=Transpose
Name=point_net_1/input_transform_1/input_transform_convolution_layer_1_convolution_layer_1/batch_normalization_1/batchnorm/mul_1__21
Inputs:
	point_net_1/input_transform_1/input_transform_convolution_layer_1_convolution_layer_1/batch_normalization_1/batchnorm/mul_1:0=Conv, [-1, 8192, 1, 64], 1
Outpus:
	point_net_1/input_transform_1/input_transform_convolution_layer_1_convolution_layer_1/batch_normalization_1/batchnorm/mul_1__21:0=[64, 1, 8192, -1], 1
2026-02-12 14:02:18,055 - tf2onnx.tfonnx - DEBUG - Process node: point_net_1/input_transform_1/input_transform_convolution_layer_1_convolution_layer_1/batch_normalization_1/batchnorm/add_1
OP=AddV2
Name=point_net_1/input_transform_1/input_transform_convolution_layer_1_convolution_layer_1/batch_normalization_1/batchnorm/add_1
Inputs:
	point_net_1/input_transform_1/input_transform_convolution_layer_1_convolution_layer_1/batch_normalization_1/batchnorm/mul_1__21:0=Transpose, [-1, 8192, 1, 64], 1
	point_net_1/input_transform_1/input_transform_convolution_layer_1_convolution_layer_1/batch_normalization_1/batchnorm/sub:0=Const, [64], 1
Outpus:
	point_net_1/input_transform_1/input_transform_convolution_layer_1_convolution_layer_1/batch_normalization_1/batchnorm/add_1:0=[-1, 8192, 1, 64], 1
2026-02-12 14:02:18,055 - tf2onnx.tfonnx - DEBUG - Process node: point_net_1/input_transform_1/input_transform_convolution_layer_1_convolution_layer_1/Relu
OP=Relu
Name=point_net_1/input_transform_1/input_transform_convolution_layer_1_convolution_layer_1/Relu
Inputs:
	point_net_1/input_transform_1/input_transform_convolution_layer_1_convolution_layer_1/batch_normalization_1/batchnorm/add_1:0=Add, [-1, 8192, 1, 64], 1
Outpus:
	point_net_1/input_transform_1/input_transform_convolution_layer_1_convolution_layer_1/Relu:0=[-1, 8192, 1, 64], 1
2026-02-12 14:02:18,056 - tf2onnx.tfonnx - DEBUG - Process node: point_net_1/input_transform_1/input_transform_convolution_layer_2_convolution_layer_1/batch_normalization_1_1/batchnorm/mul_1
OP=Conv2D
Name=point_net_1/input_transform_1/input_transform_convolution_layer_2_convolution_layer_1/batch_normalization_1_1/batchnorm/mul_1
Inputs:
	point_net_1/input_transform_1/input_transform_convolution_layer_1_convolution_layer_1/Relu:0=Relu, [-1, 8192, 1, 64], 1
	point_net_1/input_transform_1/input_transform_convolution_layer_2_convolution_layer_1/input_transform_convolution_layer_2_convolution_layer_1/convolution/merged_input:0=Const, [1, 1, 64, 128], 1
Outpus:
	point_net_1/input_transform_1/input_transform_convolution_layer_2_convolution_layer_1/batch_normalization_1_1/batchnorm/mul_1:0=[-1, 8192, 1, 128], 1
2026-02-12 14:02:18,056 - tf2onnx.graph - DEBUG - Making node: Name=point_net_1/input_transform_1/input_transform_convolution_layer_2_convolution_layer_1/batch_normalization_1_1/batchnorm/mul_1__23, OP=Transpose
2026-02-12 14:02:18,057 - tf2onnx.graph - DEBUG - Infer shape and dtype for [point_net_1/input_transform_1/input_transform_convolution_layer_2_convolution_layer_1/batch_normalization_1_1/batchnorm/mul_1__23]
2026-02-12 14:02:18,058 - tf2onnx.graph - DEBUG - Set dtype of [point_net_1/input_transform_1/input_transform_convolution_layer_2_convolution_layer_1/batch_normalization_1_1/batchnorm/mul_1__23:0] to 1
2026-02-12 14:02:18,058 - tf2onnx.graph - DEBUG - Set shape of [point_net_1/input_transform_1/input_transform_convolution_layer_2_convolution_layer_1/batch_normalization_1_1/batchnorm/mul_1__23:0] to [64, 1, 8192, -1]
2026-02-12 14:02:18,058 - tf2onnx.graph - DEBUG - Made node: point_net_1/input_transform_1/input_transform_convolution_layer_2_convolution_layer_1/batch_normalization_1_1/batchnorm/mul_1__23
OP=Transpose
Name=point_net_1/input_transform_1/input_transform_convolution_layer_2_convolution_layer_1/batch_normalization_1_1/batchnorm/mul_1__23
Inputs:
	point_net_1/input_transform_1/input_transform_convolution_layer_1_convolution_layer_1/Relu:0=Relu, [-1, 8192, 1, 64], 1
Outpus:
	point_net_1/input_transform_1/input_transform_convolution_layer_2_convolution_layer_1/batch_normalization_1_1/batchnorm/mul_1__23:0=[64, 1, 8192, -1], 1
2026-02-12 14:02:18,059 - tf2onnx.graph - DEBUG - Making node: Name=point_net_1/input_transform_1/input_transform_convolution_layer_2_convolution_layer_1/batch_normalization_1_1/batchnorm/mul_1__25, OP=Transpose
2026-02-12 14:02:18,060 - tf2onnx.graph - DEBUG - Infer shape and dtype for [point_net_1/input_transform_1/input_transform_convolution_layer_2_convolution_layer_1/batch_normalization_1_1/batchnorm/mul_1__25]
2026-02-12 14:02:18,060 - tf2onnx.graph - DEBUG - Set dtype of [point_net_1/input_transform_1/input_transform_convolution_layer_2_convolution_layer_1/batch_normalization_1_1/batchnorm/mul_1__25:0] to 1
2026-02-12 14:02:18,061 - tf2onnx.graph - DEBUG - Set shape of [point_net_1/input_transform_1/input_transform_convolution_layer_2_convolution_layer_1/batch_normalization_1_1/batchnorm/mul_1__25:0] to [128, 1, 8192, -1]
2026-02-12 14:02:18,061 - tf2onnx.graph - DEBUG - Made node: point_net_1/input_transform_1/input_transform_convolution_layer_2_convolution_layer_1/batch_normalization_1_1/batchnorm/mul_1__25
OP=Transpose
Name=point_net_1/input_transform_1/input_transform_convolution_layer_2_convolution_layer_1/batch_normalization_1_1/batchnorm/mul_1__25
Inputs:
	point_net_1/input_transform_1/input_transform_convolution_layer_2_convolution_layer_1/batch_normalization_1_1/batchnorm/mul_1:0=Conv, [-1, 8192, 1, 128], 1
Outpus:
	point_net_1/input_transform_1/input_transform_convolution_layer_2_convolution_layer_1/batch_normalization_1_1/batchnorm/mul_1__25:0=[128, 1, 8192, -1], 1
2026-02-12 14:02:18,062 - tf2onnx.tfonnx - DEBUG - Process node: point_net_1/input_transform_1/input_transform_convolution_layer_2_convolution_layer_1/batch_normalization_1_1/batchnorm/add_1
OP=AddV2
Name=point_net_1/input_transform_1/input_transform_convolution_layer_2_convolution_layer_1/batch_normalization_1_1/batchnorm/add_1
Inputs:
	point_net_1/input_transform_1/input_transform_convolution_layer_2_convolution_layer_1/batch_normalization_1_1/batchnorm/mul_1__25:0=Transpose, [-1, 8192, 1, 128], 1
	point_net_1/input_transform_1/input_transform_convolution_layer_2_convolution_layer_1/batch_normalization_1_1/batchnorm/sub:0=Const, [128], 1
Outpus:
	point_net_1/input_transform_1/input_transform_convolution_layer_2_convolution_layer_1/batch_normalization_1_1/batchnorm/add_1:0=[-1, 8192, 1, 128], 1
2026-02-12 14:02:18,062 - tf2onnx.tfonnx - DEBUG - Process node: point_net_1/input_transform_1/input_transform_convolution_layer_2_convolution_layer_1/Relu
OP=Relu
Name=point_net_1/input_transform_1/input_transform_convolution_layer_2_convolution_layer_1/Relu
Inputs:
	point_net_1/input_transform_1/input_transform_convolution_layer_2_convolution_layer_1/batch_normalization_1_1/batchnorm/add_1:0=Add, [-1, 8192, 1, 128], 1
Outpus:
	point_net_1/input_transform_1/input_transform_convolution_layer_2_convolution_layer_1/Relu:0=[-1, 8192, 1, 128], 1
2026-02-12 14:02:18,062 - tf2onnx.tfonnx - DEBUG - Process node: point_net_1/input_transform_1/input_transform_convolution_layer_3_convolution_layer_1/batch_normalization_2_1/batchnorm/mul_1
OP=Conv2D
Name=point_net_1/input_transform_1/input_transform_convolution_layer_3_convolution_layer_1/batch_normalization_2_1/batchnorm/mul_1
Inputs:
	point_net_1/input_transform_1/input_transform_convolution_layer_2_convolution_layer_1/Relu:0=Relu, [-1, 8192, 1, 128], 1
	point_net_1/input_transform_1/input_transform_convolution_layer_3_convolution_layer_1/input_transform_convolution_layer_3_convolution_layer_1/convolution/merged_input:0=Const, [1, 1, 128, 1024], 1
Outpus:
	point_net_1/input_transform_1/input_transform_convolution_layer_3_convolution_layer_1/batch_normalization_2_1/batchnorm/mul_1:0=[-1, 8192, 1, 1024], 1
2026-02-12 14:02:18,063 - tf2onnx.graph - DEBUG - Making node: Name=point_net_1/input_transform_1/input_transform_convolution_layer_3_convolution_layer_1/batch_normalization_2_1/batchnorm/mul_1__27, OP=Transpose
2026-02-12 14:02:18,063 - tf2onnx.graph - DEBUG - Infer shape and dtype for [point_net_1/input_transform_1/input_transform_convolution_layer_3_convolution_layer_1/batch_normalization_2_1/batchnorm/mul_1__27]
2026-02-12 14:02:18,063 - tf2onnx.graph - DEBUG - Set dtype of [point_net_1/input_transform_1/input_transform_convolution_layer_3_convolution_layer_1/batch_normalization_2_1/batchnorm/mul_1__27:0] to 1
2026-02-12 14:02:18,064 - tf2onnx.graph - DEBUG - Set shape of [point_net_1/input_transform_1/input_transform_convolution_layer_3_convolution_layer_1/batch_normalization_2_1/batchnorm/mul_1__27:0] to [128, 1, 8192, -1]
2026-02-12 14:02:18,064 - tf2onnx.graph - DEBUG - Made node: point_net_1/input_transform_1/input_transform_convolution_layer_3_convolution_layer_1/batch_normalization_2_1/batchnorm/mul_1__27
OP=Transpose
Name=point_net_1/input_transform_1/input_transform_convolution_layer_3_convolution_layer_1/batch_normalization_2_1/batchnorm/mul_1__27
Inputs:
	point_net_1/input_transform_1/input_transform_convolution_layer_2_convolution_layer_1/Relu:0=Relu, [-1, 8192, 1, 128], 1
Outpus:
	point_net_1/input_transform_1/input_transform_convolution_layer_3_convolution_layer_1/batch_normalization_2_1/batchnorm/mul_1__27:0=[128, 1, 8192, -1], 1
2026-02-12 14:02:18,065 - tf2onnx.graph - DEBUG - Making node: Name=point_net_1/input_transform_1/input_transform_convolution_layer_3_convolution_layer_1/batch_normalization_2_1/batchnorm/mul_1__29, OP=Transpose
2026-02-12 14:02:18,066 - tf2onnx.graph - DEBUG - Infer shape and dtype for [point_net_1/input_transform_1/input_transform_convolution_layer_3_convolution_layer_1/batch_normalization_2_1/batchnorm/mul_1__29]
2026-02-12 14:02:18,066 - tf2onnx.graph - DEBUG - Set dtype of [point_net_1/input_transform_1/input_transform_convolution_layer_3_convolution_layer_1/batch_normalization_2_1/batchnorm/mul_1__29:0] to 1
2026-02-12 14:02:18,067 - tf2onnx.graph - DEBUG - Set shape of [point_net_1/input_transform_1/input_transform_convolution_layer_3_convolution_layer_1/batch_normalization_2_1/batchnorm/mul_1__29:0] to [1024, 1, 8192, -1]
2026-02-12 14:02:18,067 - tf2onnx.graph - DEBUG - Made node: point_net_1/input_transform_1/input_transform_convolution_layer_3_convolution_layer_1/batch_normalization_2_1/batchnorm/mul_1__29
OP=Transpose
Name=point_net_1/input_transform_1/input_transform_convolution_layer_3_convolution_layer_1/batch_normalization_2_1/batchnorm/mul_1__29
Inputs:
	point_net_1/input_transform_1/input_transform_convolution_layer_3_convolution_layer_1/batch_normalization_2_1/batchnorm/mul_1:0=Conv, [-1, 8192, 1, 1024], 1
Outpus:
	point_net_1/input_transform_1/input_transform_convolution_layer_3_convolution_layer_1/batch_normalization_2_1/batchnorm/mul_1__29:0=[1024, 1, 8192, -1], 1
2026-02-12 14:02:18,068 - tf2onnx.tfonnx - DEBUG - Process node: point_net_1/input_transform_1/input_transform_convolution_layer_3_convolution_layer_1/batch_normalization_2_1/batchnorm/add_1
OP=AddV2
Name=point_net_1/input_transform_1/input_transform_convolution_layer_3_convolution_layer_1/batch_normalization_2_1/batchnorm/add_1
Inputs:
	point_net_1/input_transform_1/input_transform_convolution_layer_3_convolution_layer_1/batch_normalization_2_1/batchnorm/mul_1__29:0=Transpose, [-1, 8192, 1, 1024], 1
	point_net_1/input_transform_1/input_transform_convolution_layer_3_convolution_layer_1/batch_normalization_2_1/batchnorm/sub:0=Const, [1024], 1
Outpus:
	point_net_1/input_transform_1/input_transform_convolution_layer_3_convolution_layer_1/batch_normalization_2_1/batchnorm/add_1:0=[-1, 8192, 1, 1024], 1
2026-02-12 14:02:18,068 - tf2onnx.tfonnx - DEBUG - Process node: point_net_1/input_transform_1/input_transform_convolution_layer_3_convolution_layer_1/Relu
OP=Relu
Name=point_net_1/input_transform_1/input_transform_convolution_layer_3_convolution_layer_1/Relu
Inputs:
	point_net_1/input_transform_1/input_transform_convolution_layer_3_convolution_layer_1/batch_normalization_2_1/batchnorm/add_1:0=Add, [-1, 8192, 1, 1024], 1
Outpus:
	point_net_1/input_transform_1/input_transform_convolution_layer_3_convolution_layer_1/Relu:0=[-1, 8192, 1, 1024], 1
2026-02-12 14:02:18,068 - tf2onnx.tfonnx - DEBUG - Process node: point_net_1/input_transform_1/Squeeze
OP=Squeeze
Name=point_net_1/input_transform_1/Squeeze
Inputs:
	point_net_1/input_transform_1/input_transform_convolution_layer_3_convolution_layer_1/Relu:0=Relu, [-1, 8192, 1, 1024], 1
Outpus:
	point_net_1/input_transform_1/Squeeze:0=[-1, 8192, 1024], 1
2026-02-12 14:02:18,069 - tf2onnx.graph - DEBUG - Making node: Name=axes_const__31, OP=Const
2026-02-12 14:02:18,069 - tf2onnx.graph - DEBUG - Made node: axes_const__31
OP=Const
Name=axes_const__31
Outpus:
	axes_const__31=None, 7
2026-02-12 14:02:18,070 - tf2onnx.tfonnx - DEBUG - Process node: point_net_1/input_transform_1/Max
OP=Max
Name=point_net_1/input_transform_1/Max
Inputs:
	point_net_1/input_transform_1/Squeeze:0=Squeeze, [-1, 8192, 1024], 1
	point_net_1/input_transform_1/Max/reduction_indices:0=Const, [], 6
Outpus:
	point_net_1/input_transform_1/Max:0=[-1, 1024], 1
2026-02-12 14:02:18,070 - tf2onnx.tfonnx - DEBUG - Process node: point_net_1/input_transform_1/input_transform_dense_layer_1_dense_layer_1/input_transform_dense_layer_1_dense_layer_1/MatMul
OP=MatMul
Name=point_net_1/input_transform_1/input_transform_dense_layer_1_dense_layer_1/input_transform_dense_layer_1_dense_layer_1/MatMul
Inputs:
	point_net_1/input_transform_1/Max:0=ReduceMax, [-1, 1024], 1
	point_net_1/input_transform_1/input_transform_dense_layer_1_dense_layer_1/input_transform_dense_layer_1_dense_layer_1/Cast/ReadVariableOp:0=Const, [1024, 512], 1
Outpus:
	point_net_1/input_transform_1/input_transform_dense_layer_1_dense_layer_1/input_transform_dense_layer_1_dense_layer_1/MatMul:0=[-1, 512], 1
2026-02-12 14:02:18,070 - tf2onnx.tfonnx - DEBUG - Process node: point_net_1/input_transform_1/input_transform_dense_layer_1_dense_layer_1/batch_normalization_3_1/batchnorm/mul_1
OP=Mul
Name=point_net_1/input_transform_1/input_transform_dense_layer_1_dense_layer_1/batch_normalization_3_1/batchnorm/mul_1
Inputs:
	point_net_1/input_transform_1/input_transform_dense_layer_1_dense_layer_1/input_transform_dense_layer_1_dense_layer_1/MatMul:0=MatMul, [-1, 512], 1
	point_net_1/input_transform_1/input_transform_dense_layer_1_dense_layer_1/batch_normalization_3_1/batchnorm/mul:0=Const, [512], 1
Outpus:
	point_net_1/input_transform_1/input_transform_dense_layer_1_dense_layer_1/batch_normalization_3_1/batchnorm/mul_1:0=[-1, 512], 1
2026-02-12 14:02:18,071 - tf2onnx.tfonnx - DEBUG - Process node: point_net_1/input_transform_1/input_transform_dense_layer_1_dense_layer_1/batch_normalization_3_1/batchnorm/add_1
OP=AddV2
Name=point_net_1/input_transform_1/input_transform_dense_layer_1_dense_layer_1/batch_normalization_3_1/batchnorm/add_1
Inputs:
	point_net_1/input_transform_1/input_transform_dense_layer_1_dense_layer_1/batch_normalization_3_1/batchnorm/mul_1:0=Mul, [-1, 512], 1
	point_net_1/input_transform_1/input_transform_dense_layer_1_dense_layer_1/batch_normalization_3_1/batchnorm/sub:0=Const, [512], 1
Outpus:
	point_net_1/input_transform_1/input_transform_dense_layer_1_dense_layer_1/batch_normalization_3_1/batchnorm/add_1:0=[-1, 512], 1
2026-02-12 14:02:18,072 - tf2onnx.tfonnx - DEBUG - Process node: point_net_1/input_transform_1/input_transform_dense_layer_1_dense_layer_1/Relu
OP=Relu
Name=point_net_1/input_transform_1/input_transform_dense_layer_1_dense_layer_1/Relu
Inputs:
	point_net_1/input_transform_1/input_transform_dense_layer_1_dense_layer_1/batch_normalization_3_1/batchnorm/add_1:0=Add, [-1, 512], 1
Outpus:
	point_net_1/input_transform_1/input_transform_dense_layer_1_dense_layer_1/Relu:0=[-1, 512], 1
2026-02-12 14:02:18,073 - tf2onnx.tfonnx - DEBUG - Process node: point_net_1/input_transform_1/input_transform_dense_layer_2_dense_layer_1/input_transform_dense_layer_2_dense_layer_1/MatMul
OP=MatMul
Name=point_net_1/input_transform_1/input_transform_dense_layer_2_dense_layer_1/input_transform_dense_layer_2_dense_layer_1/MatMul
Inputs:
	point_net_1/input_transform_1/input_transform_dense_layer_1_dense_layer_1/Relu:0=Relu, [-1, 512], 1
	point_net_1/input_transform_1/input_transform_dense_layer_2_dense_layer_1/input_transform_dense_layer_2_dense_layer_1/Cast/ReadVariableOp:0=Const, [512, 256], 1
Outpus:
	point_net_1/input_transform_1/input_transform_dense_layer_2_dense_layer_1/input_transform_dense_layer_2_dense_layer_1/MatMul:0=[-1, 256], 1
2026-02-12 14:02:18,074 - tf2onnx.tfonnx - DEBUG - Process node: point_net_1/input_transform_1/input_transform_dense_layer_2_dense_layer_1/batch_normalization_4_1/batchnorm/mul_1
OP=Mul
Name=point_net_1/input_transform_1/input_transform_dense_layer_2_dense_layer_1/batch_normalization_4_1/batchnorm/mul_1
Inputs:
	point_net_1/input_transform_1/input_transform_dense_layer_2_dense_layer_1/input_transform_dense_layer_2_dense_layer_1/MatMul:0=MatMul, [-1, 256], 1
	point_net_1/input_transform_1/input_transform_dense_layer_2_dense_layer_1/batch_normalization_4_1/batchnorm/mul:0=Const, [256], 1
Outpus:
	point_net_1/input_transform_1/input_transform_dense_layer_2_dense_layer_1/batch_normalization_4_1/batchnorm/mul_1:0=[-1, 256], 1
2026-02-12 14:02:18,074 - tf2onnx.tfonnx - DEBUG - Process node: point_net_1/input_transform_1/input_transform_dense_layer_2_dense_layer_1/batch_normalization_4_1/batchnorm/add_1
OP=AddV2
Name=point_net_1/input_transform_1/input_transform_dense_layer_2_dense_layer_1/batch_normalization_4_1/batchnorm/add_1
Inputs:
	point_net_1/input_transform_1/input_transform_dense_layer_2_dense_layer_1/batch_normalization_4_1/batchnorm/mul_1:0=Mul, [-1, 256], 1
	point_net_1/input_transform_1/input_transform_dense_layer_2_dense_layer_1/batch_normalization_4_1/batchnorm/sub:0=Const, [256], 1
Outpus:
	point_net_1/input_transform_1/input_transform_dense_layer_2_dense_layer_1/batch_normalization_4_1/batchnorm/add_1:0=[-1, 256], 1
2026-02-12 14:02:18,075 - tf2onnx.tfonnx - DEBUG - Process node: point_net_1/input_transform_1/input_transform_dense_layer_2_dense_layer_1/Relu
OP=Relu
Name=point_net_1/input_transform_1/input_transform_dense_layer_2_dense_layer_1/Relu
Inputs:
	point_net_1/input_transform_1/input_transform_dense_layer_2_dense_layer_1/batch_normalization_4_1/batchnorm/add_1:0=Add, [-1, 256], 1
Outpus:
	point_net_1/input_transform_1/input_transform_dense_layer_2_dense_layer_1/Relu:0=[-1, 256], 1
2026-02-12 14:02:18,075 - tf2onnx.tfonnx - DEBUG - Process node: point_net_1/input_transform_1/ExpandDims_1
OP=ExpandDims
Name=point_net_1/input_transform_1/ExpandDims_1
Inputs:
	point_net_1/input_transform_1/input_transform_dense_layer_2_dense_layer_1/Relu:0=Relu, [-1, 256], 1
	point_net_1/input_transform_1/ExpandDims_1/dim:0=Const, [], 6
Outpus:
	point_net_1/input_transform_1/ExpandDims_1:0=[-1, 1, 256], 1
2026-02-12 14:02:18,076 - tf2onnx.graph - DEBUG - Making node: Name=point_net_1/input_transform_1/ExpandDims_1__32, OP=Cast
2026-02-12 14:02:18,076 - tf2onnx.graph - DEBUG - Infer shape and dtype for [point_net_1/input_transform_1/ExpandDims_1__32]
2026-02-12 14:02:18,077 - tf2onnx.graph - DEBUG - Set dtype of [point_net_1/input_transform_1/ExpandDims_1__32:0] to 7
2026-02-12 14:02:18,077 - tf2onnx.graph - DEBUG - Set shape of [point_net_1/input_transform_1/ExpandDims_1__32:0] to []
2026-02-12 14:02:18,077 - tf2onnx.graph - DEBUG - Made node: point_net_1/input_transform_1/ExpandDims_1__32
OP=Cast
Name=point_net_1/input_transform_1/ExpandDims_1__32
Inputs:
	point_net_1/input_transform_1/ExpandDims_1/dim:0=Const, [], 6
Outpus:
	point_net_1/input_transform_1/ExpandDims_1__32:0=[], 7
2026-02-12 14:02:18,078 - tf2onnx.graph - DEBUG - Making node: Name=reshape_const__33, OP=Const
2026-02-12 14:02:18,078 - tf2onnx.graph - DEBUG - Made node: reshape_const__33
OP=Const
Name=reshape_const__33
Outpus:
	reshape_const__33=None, 7
2026-02-12 14:02:18,078 - tf2onnx.graph - DEBUG - Making node: Name=Reshape__34, OP=Reshape
2026-02-12 14:02:18,079 - tf2onnx.graph - DEBUG - Infer shape and dtype for [Reshape__34]
2026-02-12 14:02:18,079 - tf2onnx.graph - DEBUG - Set dtype of [Reshape__34:0] to 7
2026-02-12 14:02:18,079 - tf2onnx.graph - DEBUG - Set shape of [Reshape__34:0] to [1]
2026-02-12 14:02:18,080 - tf2onnx.graph - DEBUG - Made node: Reshape__34
OP=Reshape
Name=Reshape__34
Inputs:
	point_net_1/input_transform_1/ExpandDims_1__32:0=Cast, [], 7
	reshape_const__33=Const, [1], 7
Outpus:
	Reshape__34:0=[1], 7
2026-02-12 14:02:18,080 - tf2onnx.tfonnx - DEBUG - Process node: point_net_1/input_transform_1/MatMul
OP=BatchMatMulV2
Name=point_net_1/input_transform_1/MatMul
Inputs:
	point_net_1/input_transform_1/ExpandDims_1:0=Unsqueeze, [-1, 1, 256], 1
	point_net_1/input_transform_1/MatMul/ReadVariableOp:0=Const, [256, 9], 1
Outpus:
	point_net_1/input_transform_1/MatMul:0=[-1, 1, 9], 1
2026-02-12 14:02:18,081 - tf2onnx.tfonnx - DEBUG - Process node: point_net_1/input_transform_1/Squeeze_1
OP=Squeeze
Name=point_net_1/input_transform_1/Squeeze_1
Inputs:
	point_net_1/input_transform_1/MatMul:0=MatMul, [-1, 1, 9], 1
Outpus:
	point_net_1/input_transform_1/Squeeze_1:0=[-1, 9], 1
2026-02-12 14:02:18,081 - tf2onnx.graph - DEBUG - Making node: Name=axes_const__35, OP=Const
2026-02-12 14:02:18,081 - tf2onnx.graph - DEBUG - Made node: axes_const__35
OP=Const
Name=axes_const__35
Outpus:
	axes_const__35=None, 7
2026-02-12 14:02:18,082 - tf2onnx.tfonnx - DEBUG - Process node: point_net_1/input_transform_1/Reshape
OP=Reshape
Name=point_net_1/input_transform_1/Reshape
Inputs:
	point_net_1/input_transform_1/Squeeze_1:0=Squeeze, [-1, 9], 1
	point_net_1/input_transform_1/Reshape/shape:0=Const, [3], 6
Outpus:
	point_net_1/input_transform_1/Reshape:0=[-1, 3, 3], 1
2026-02-12 14:02:18,082 - tf2onnx.graph - DEBUG - Making node: Name=point_net_1/input_transform_1/Reshape__36, OP=Cast
2026-02-12 14:02:18,082 - tf2onnx.graph - DEBUG - Infer shape and dtype for [point_net_1/input_transform_1/Reshape__36]
2026-02-12 14:02:18,083 - tf2onnx.graph - DEBUG - Set dtype of [point_net_1/input_transform_1/Reshape__36:0] to 7
2026-02-12 14:02:18,083 - tf2onnx.graph - DEBUG - Set shape of [point_net_1/input_transform_1/Reshape__36:0] to [3]
2026-02-12 14:02:18,083 - tf2onnx.graph - DEBUG - Made node: point_net_1/input_transform_1/Reshape__36
OP=Cast
Name=point_net_1/input_transform_1/Reshape__36
Inputs:
	point_net_1/input_transform_1/Reshape/shape:0=Const, [3], 6
Outpus:
	point_net_1/input_transform_1/Reshape__36:0=[3], 7
2026-02-12 14:02:18,084 - tf2onnx.tfonnx - DEBUG - Process node: point_net_1/input_transform_1/add
OP=AddV2
Name=point_net_1/input_transform_1/add
Inputs:
	point_net_1/input_transform_1/Reshape:0=Reshape, [-1, 3, 3], 1
	point_net_1/input_transform_1/add/ReadVariableOp:0=Const, [3, 3], 1
Outpus:
	point_net_1/input_transform_1/add:0=[-1, 3, 3], 1
2026-02-12 14:02:18,084 - tf2onnx.tfonnx - DEBUG - Process node: point_net_1/MatMul
OP=BatchMatMulV2
Name=point_net_1/MatMul
Inputs:
	point_net_1/input_normalization_1/truediv:0=Div, [-1, 8192, 3], 1
	point_net_1/input_transform_1/add:0=Add, [-1, 3, 3], 1
Outpus:
	point_net_1/MatMul:0=[-1, 8192, 3], 1
2026-02-12 14:02:18,084 - tf2onnx.tfonnx - DEBUG - Process node: point_net_1/ExpandDims
OP=ExpandDims
Name=point_net_1/ExpandDims
Inputs:
	point_net_1/MatMul:0=MatMul, [-1, 8192, 3], 1
	point_net_1/ExpandDims/dim:0=Const, [], 6
Outpus:
	point_net_1/ExpandDims:0=[-1, 8192, 1, 3], 1
2026-02-12 14:02:18,085 - tf2onnx.graph - DEBUG - Making node: Name=point_net_1/ExpandDims__37, OP=Cast
2026-02-12 14:02:18,085 - tf2onnx.graph - DEBUG - Infer shape and dtype for [point_net_1/ExpandDims__37]
2026-02-12 14:02:18,085 - tf2onnx.graph - DEBUG - Set dtype of [point_net_1/ExpandDims__37:0] to 7
2026-02-12 14:02:18,086 - tf2onnx.graph - DEBUG - Set shape of [point_net_1/ExpandDims__37:0] to []
2026-02-12 14:02:18,086 - tf2onnx.graph - DEBUG - Made node: point_net_1/ExpandDims__37
OP=Cast
Name=point_net_1/ExpandDims__37
Inputs:
	point_net_1/ExpandDims/dim:0=Const, [], 6
Outpus:
	point_net_1/ExpandDims__37:0=[], 7
2026-02-12 14:02:18,086 - tf2onnx.graph - DEBUG - Making node: Name=reshape_const__38, OP=Const
2026-02-12 14:02:18,087 - tf2onnx.graph - DEBUG - Made node: reshape_const__38
OP=Const
Name=reshape_const__38
Outpus:
	reshape_const__38=None, 7
2026-02-12 14:02:18,087 - tf2onnx.graph - DEBUG - Making node: Name=Reshape__39, OP=Reshape
2026-02-12 14:02:18,087 - tf2onnx.graph - DEBUG - Infer shape and dtype for [Reshape__39]
2026-02-12 14:02:18,088 - tf2onnx.graph - DEBUG - Set dtype of [Reshape__39:0] to 7
2026-02-12 14:02:18,088 - tf2onnx.graph - DEBUG - Set shape of [Reshape__39:0] to [1]
2026-02-12 14:02:18,088 - tf2onnx.graph - DEBUG - Made node: Reshape__39
OP=Reshape
Name=Reshape__39
Inputs:
	point_net_1/ExpandDims__37:0=Cast, [], 7
	reshape_const__38=Const, [1], 7
Outpus:
	Reshape__39:0=[1], 7
2026-02-12 14:02:18,089 - tf2onnx.tfonnx - DEBUG - Process node: point_net_1/s1_l1_64_convolution_layer_1/batch_normalization_5_1/batchnorm/mul_1
OP=Conv2D
Name=point_net_1/s1_l1_64_convolution_layer_1/batch_normalization_5_1/batchnorm/mul_1
Inputs:
	point_net_1/ExpandDims:0=Unsqueeze, [-1, 8192, 1, 3], 1
	point_net_1/s1_l1_64_convolution_layer_1/s1_l1_64_convolution_layer_1/convolution/merged_input:0=Const, [1, 1, 3, 64], 1
Outpus:
	point_net_1/s1_l1_64_convolution_layer_1/batch_normalization_5_1/batchnorm/mul_1:0=[-1, 8192, 1, 64], 1
2026-02-12 14:02:18,090 - tf2onnx.graph - DEBUG - Making node: Name=point_net_1/s1_l1_64_convolution_layer_1/batch_normalization_5_1/batchnorm/mul_1__40, OP=Transpose
2026-02-12 14:02:18,090 - tf2onnx.graph - DEBUG - Infer shape and dtype for [point_net_1/s1_l1_64_convolution_layer_1/batch_normalization_5_1/batchnorm/mul_1__40]
2026-02-12 14:02:18,091 - tf2onnx.graph - DEBUG - Set dtype of [point_net_1/s1_l1_64_convolution_layer_1/batch_normalization_5_1/batchnorm/mul_1__40:0] to 1
2026-02-12 14:02:18,091 - tf2onnx.graph - DEBUG - Set shape of [point_net_1/s1_l1_64_convolution_layer_1/batch_normalization_5_1/batchnorm/mul_1__40:0] to [3, 1, 8192, -1]
2026-02-12 14:02:18,091 - tf2onnx.graph - DEBUG - Made node: point_net_1/s1_l1_64_convolution_layer_1/batch_normalization_5_1/batchnorm/mul_1__40
OP=Transpose
Name=point_net_1/s1_l1_64_convolution_layer_1/batch_normalization_5_1/batchnorm/mul_1__40
Inputs:
	point_net_1/ExpandDims:0=Unsqueeze, [-1, 8192, 1, 3], 1
Outpus:
	point_net_1/s1_l1_64_convolution_layer_1/batch_normalization_5_1/batchnorm/mul_1__40:0=[3, 1, 8192, -1], 1
2026-02-12 14:02:18,092 - tf2onnx.graph - DEBUG - Making node: Name=point_net_1/s1_l1_64_convolution_layer_1/batch_normalization_5_1/batchnorm/mul_1__42, OP=Transpose
2026-02-12 14:02:18,092 - tf2onnx.graph - DEBUG - Infer shape and dtype for [point_net_1/s1_l1_64_convolution_layer_1/batch_normalization_5_1/batchnorm/mul_1__42]
2026-02-12 14:02:18,092 - tf2onnx.graph - DEBUG - Set dtype of [point_net_1/s1_l1_64_convolution_layer_1/batch_normalization_5_1/batchnorm/mul_1__42:0] to 1
2026-02-12 14:02:18,093 - tf2onnx.graph - DEBUG - Set shape of [point_net_1/s1_l1_64_convolution_layer_1/batch_normalization_5_1/batchnorm/mul_1__42:0] to [64, 1, 8192, -1]
2026-02-12 14:02:18,093 - tf2onnx.graph - DEBUG - Made node: point_net_1/s1_l1_64_convolution_layer_1/batch_normalization_5_1/batchnorm/mul_1__42
OP=Transpose
Name=point_net_1/s1_l1_64_convolution_layer_1/batch_normalization_5_1/batchnorm/mul_1__42
Inputs:
	point_net_1/s1_l1_64_convolution_layer_1/batch_normalization_5_1/batchnorm/mul_1:0=Conv, [-1, 8192, 1, 64], 1
Outpus:
	point_net_1/s1_l1_64_convolution_layer_1/batch_normalization_5_1/batchnorm/mul_1__42:0=[64, 1, 8192, -1], 1
2026-02-12 14:02:18,093 - tf2onnx.tfonnx - DEBUG - Process node: point_net_1/s1_l1_64_convolution_layer_1/batch_normalization_5_1/batchnorm/add_1
OP=AddV2
Name=point_net_1/s1_l1_64_convolution_layer_1/batch_normalization_5_1/batchnorm/add_1
Inputs:
	point_net_1/s1_l1_64_convolution_layer_1/batch_normalization_5_1/batchnorm/mul_1__42:0=Transpose, [-1, 8192, 1, 64], 1
	point_net_1/s1_l1_64_convolution_layer_1/batch_normalization_5_1/batchnorm/sub:0=Const, [64], 1
Outpus:
	point_net_1/s1_l1_64_convolution_layer_1/batch_normalization_5_1/batchnorm/add_1:0=[-1, 8192, 1, 64], 1
2026-02-12 14:02:18,094 - tf2onnx.tfonnx - DEBUG - Process node: point_net_1/s1_l1_64_convolution_layer_1/Relu
OP=Relu
Name=point_net_1/s1_l1_64_convolution_layer_1/Relu
Inputs:
	point_net_1/s1_l1_64_convolution_layer_1/batch_normalization_5_1/batchnorm/add_1:0=Add, [-1, 8192, 1, 64], 1
Outpus:
	point_net_1/s1_l1_64_convolution_layer_1/Relu:0=[-1, 8192, 1, 64], 1
2026-02-12 14:02:18,094 - tf2onnx.tfonnx - DEBUG - Process node: point_net_1/s1_l2_64_convolution_layer_1/batch_normalization_6_1/batchnorm/mul_1
OP=Conv2D
Name=point_net_1/s1_l2_64_convolution_layer_1/batch_normalization_6_1/batchnorm/mul_1
Inputs:
	point_net_1/s1_l1_64_convolution_layer_1/Relu:0=Relu, [-1, 8192, 1, 64], 1
	point_net_1/s1_l2_64_convolution_layer_1/s1_l2_64_convolution_layer_1/convolution/merged_input:0=Const, [1, 1, 64, 64], 1
Outpus:
	point_net_1/s1_l2_64_convolution_layer_1/batch_normalization_6_1/batchnorm/mul_1:0=[-1, 8192, 1, 64], 1
2026-02-12 14:02:18,094 - tf2onnx.graph - DEBUG - Making node: Name=point_net_1/s1_l2_64_convolution_layer_1/batch_normalization_6_1/batchnorm/mul_1__44, OP=Transpose
2026-02-12 14:02:18,095 - tf2onnx.graph - DEBUG - Infer shape and dtype for [point_net_1/s1_l2_64_convolution_layer_1/batch_normalization_6_1/batchnorm/mul_1__44]
2026-02-12 14:02:18,095 - tf2onnx.graph - DEBUG - Set dtype of [point_net_1/s1_l2_64_convolution_layer_1/batch_normalization_6_1/batchnorm/mul_1__44:0] to 1
2026-02-12 14:02:18,095 - tf2onnx.graph - DEBUG - Set shape of [point_net_1/s1_l2_64_convolution_layer_1/batch_normalization_6_1/batchnorm/mul_1__44:0] to [64, 1, 8192, -1]
2026-02-12 14:02:18,096 - tf2onnx.graph - DEBUG - Made node: point_net_1/s1_l2_64_convolution_layer_1/batch_normalization_6_1/batchnorm/mul_1__44
OP=Transpose
Name=point_net_1/s1_l2_64_convolution_layer_1/batch_normalization_6_1/batchnorm/mul_1__44
Inputs:
	point_net_1/s1_l1_64_convolution_layer_1/Relu:0=Relu, [-1, 8192, 1, 64], 1
Outpus:
	point_net_1/s1_l2_64_convolution_layer_1/batch_normalization_6_1/batchnorm/mul_1__44:0=[64, 1, 8192, -1], 1
2026-02-12 14:02:18,096 - tf2onnx.graph - DEBUG - Making node: Name=point_net_1/s1_l2_64_convolution_layer_1/batch_normalization_6_1/batchnorm/mul_1__46, OP=Transpose
2026-02-12 14:02:18,096 - tf2onnx.graph - DEBUG - Infer shape and dtype for [point_net_1/s1_l2_64_convolution_layer_1/batch_normalization_6_1/batchnorm/mul_1__46]
2026-02-12 14:02:18,097 - tf2onnx.graph - DEBUG - Set dtype of [point_net_1/s1_l2_64_convolution_layer_1/batch_normalization_6_1/batchnorm/mul_1__46:0] to 1
2026-02-12 14:02:18,097 - tf2onnx.graph - DEBUG - Set shape of [point_net_1/s1_l2_64_convolution_layer_1/batch_normalization_6_1/batchnorm/mul_1__46:0] to [64, 1, 8192, -1]
2026-02-12 14:02:18,097 - tf2onnx.graph - DEBUG - Made node: point_net_1/s1_l2_64_convolution_layer_1/batch_normalization_6_1/batchnorm/mul_1__46
OP=Transpose
Name=point_net_1/s1_l2_64_convolution_layer_1/batch_normalization_6_1/batchnorm/mul_1__46
Inputs:
	point_net_1/s1_l2_64_convolution_layer_1/batch_normalization_6_1/batchnorm/mul_1:0=Conv, [-1, 8192, 1, 64], 1
Outpus:
	point_net_1/s1_l2_64_convolution_layer_1/batch_normalization_6_1/batchnorm/mul_1__46:0=[64, 1, 8192, -1], 1
2026-02-12 14:02:18,098 - tf2onnx.tfonnx - DEBUG - Process node: point_net_1/s1_l2_64_convolution_layer_1/batch_normalization_6_1/batchnorm/add_1
OP=AddV2
Name=point_net_1/s1_l2_64_convolution_layer_1/batch_normalization_6_1/batchnorm/add_1
Inputs:
	point_net_1/s1_l2_64_convolution_layer_1/batch_normalization_6_1/batchnorm/mul_1__46:0=Transpose, [-1, 8192, 1, 64], 1
	point_net_1/s1_l2_64_convolution_layer_1/batch_normalization_6_1/batchnorm/sub:0=Const, [64], 1
Outpus:
	point_net_1/s1_l2_64_convolution_layer_1/batch_normalization_6_1/batchnorm/add_1:0=[-1, 8192, 1, 64], 1
2026-02-12 14:02:18,098 - tf2onnx.tfonnx - DEBUG - Process node: point_net_1/s1_l2_64_convolution_layer_1/Relu
OP=Relu
Name=point_net_1/s1_l2_64_convolution_layer_1/Relu
Inputs:
	point_net_1/s1_l2_64_convolution_layer_1/batch_normalization_6_1/batchnorm/add_1:0=Add, [-1, 8192, 1, 64], 1
Outpus:
	point_net_1/s1_l2_64_convolution_layer_1/Relu:0=[-1, 8192, 1, 64], 1
2026-02-12 14:02:18,098 - tf2onnx.tfonnx - DEBUG - Process node: point_net_1/Squeeze
OP=Squeeze
Name=point_net_1/Squeeze
Inputs:
	point_net_1/s1_l2_64_convolution_layer_1/Relu:0=Relu, [-1, 8192, 1, 64], 1
Outpus:
	point_net_1/Squeeze:0=[-1, 8192, 64], 1
2026-02-12 14:02:18,099 - tf2onnx.graph - DEBUG - Making node: Name=axes_const__48, OP=Const
2026-02-12 14:02:18,099 - tf2onnx.graph - DEBUG - Made node: axes_const__48
OP=Const
Name=axes_const__48
Outpus:
	axes_const__48=None, 7
2026-02-12 14:02:18,099 - tf2onnx.tfonnx - DEBUG - Process node: point_net_1/feature_transform_1/ExpandDims
OP=ExpandDims
Name=point_net_1/feature_transform_1/ExpandDims
Inputs:
	point_net_1/Squeeze:0=Squeeze, [-1, 8192, 64], 1
	point_net_1/feature_transform_1/ExpandDims/dim:0=Const, [], 6
Outpus:
	point_net_1/feature_transform_1/ExpandDims:0=[-1, 8192, 1, 64], 1
2026-02-12 14:02:18,100 - tf2onnx.graph - DEBUG - Making node: Name=point_net_1/feature_transform_1/ExpandDims__49, OP=Cast
2026-02-12 14:02:18,100 - tf2onnx.graph - DEBUG - Infer shape and dtype for [point_net_1/feature_transform_1/ExpandDims__49]
2026-02-12 14:02:18,101 - tf2onnx.graph - DEBUG - Set dtype of [point_net_1/feature_transform_1/ExpandDims__49:0] to 7
2026-02-12 14:02:18,101 - tf2onnx.graph - DEBUG - Set shape of [point_net_1/feature_transform_1/ExpandDims__49:0] to []
2026-02-12 14:02:18,101 - tf2onnx.graph - DEBUG - Made node: point_net_1/feature_transform_1/ExpandDims__49
OP=Cast
Name=point_net_1/feature_transform_1/ExpandDims__49
Inputs:
	point_net_1/feature_transform_1/ExpandDims/dim:0=Const, [], 6
Outpus:
	point_net_1/feature_transform_1/ExpandDims__49:0=[], 7
2026-02-12 14:02:18,101 - tf2onnx.graph - DEBUG - Making node: Name=reshape_const__50, OP=Const
2026-02-12 14:02:18,102 - tf2onnx.graph - DEBUG - Made node: reshape_const__50
OP=Const
Name=reshape_const__50
Outpus:
	reshape_const__50=None, 7
2026-02-12 14:02:18,102 - tf2onnx.graph - DEBUG - Making node: Name=Reshape__51, OP=Reshape
2026-02-12 14:02:18,102 - tf2onnx.graph - DEBUG - Infer shape and dtype for [Reshape__51]
2026-02-12 14:02:18,102 - tf2onnx.graph - DEBUG - Set dtype of [Reshape__51:0] to 7
2026-02-12 14:02:18,103 - tf2onnx.graph - DEBUG - Set shape of [Reshape__51:0] to [1]
2026-02-12 14:02:18,103 - tf2onnx.graph - DEBUG - Made node: Reshape__51
OP=Reshape
Name=Reshape__51
Inputs:
	point_net_1/feature_transform_1/ExpandDims__49:0=Cast, [], 7
	reshape_const__50=Const, [1], 7
Outpus:
	Reshape__51:0=[1], 7
2026-02-12 14:02:18,103 - tf2onnx.tfonnx - DEBUG - Process node: point_net_1/feature_transform_1/feature_transform_convolution_layer_1_convolution_layer_1/batch_normalization_7_1/batchnorm/mul_1
OP=Conv2D
Name=point_net_1/feature_transform_1/feature_transform_convolution_layer_1_convolution_layer_1/batch_normalization_7_1/batchnorm/mul_1
Inputs:
	point_net_1/feature_transform_1/ExpandDims:0=Unsqueeze, [-1, 8192, 1, 64], 1
	point_net_1/feature_transform_1/feature_transform_convolution_layer_1_convolution_layer_1/feature_transform_convolution_layer_1_convolution_layer_1/convolution/merged_input:0=Const, [1, 1, 64, 64], 1
Outpus:
	point_net_1/feature_transform_1/feature_transform_convolution_layer_1_convolution_layer_1/batch_normalization_7_1/batchnorm/mul_1:0=[-1, 8192, 1, 64], 1
2026-02-12 14:02:18,104 - tf2onnx.graph - DEBUG - Making node: Name=point_net_1/feature_transform_1/feature_transform_convolution_layer_1_convolution_layer_1/batch_normalization_7_1/batchnorm/mul_1__52, OP=Transpose
2026-02-12 14:02:18,104 - tf2onnx.graph - DEBUG - Infer shape and dtype for [point_net_1/feature_transform_1/feature_transform_convolution_layer_1_convolution_layer_1/batch_normalization_7_1/batchnorm/mul_1__52]
2026-02-12 14:02:18,104 - tf2onnx.graph - DEBUG - Set dtype of [point_net_1/feature_transform_1/feature_transform_convolution_layer_1_convolution_layer_1/batch_normalization_7_1/batchnorm/mul_1__52:0] to 1
2026-02-12 14:02:18,104 - tf2onnx.graph - DEBUG - Set shape of [point_net_1/feature_transform_1/feature_transform_convolution_layer_1_convolution_layer_1/batch_normalization_7_1/batchnorm/mul_1__52:0] to [64, 1, 8192, -1]
2026-02-12 14:02:18,105 - tf2onnx.graph - DEBUG - Made node: point_net_1/feature_transform_1/feature_transform_convolution_layer_1_convolution_layer_1/batch_normalization_7_1/batchnorm/mul_1__52
OP=Transpose
Name=point_net_1/feature_transform_1/feature_transform_convolution_layer_1_convolution_layer_1/batch_normalization_7_1/batchnorm/mul_1__52
Inputs:
	point_net_1/feature_transform_1/ExpandDims:0=Unsqueeze, [-1, 8192, 1, 64], 1
Outpus:
	point_net_1/feature_transform_1/feature_transform_convolution_layer_1_convolution_layer_1/batch_normalization_7_1/batchnorm/mul_1__52:0=[64, 1, 8192, -1], 1
2026-02-12 14:02:18,105 - tf2onnx.graph - DEBUG - Making node: Name=point_net_1/feature_transform_1/feature_transform_convolution_layer_1_convolution_layer_1/batch_normalization_7_1/batchnorm/mul_1__54, OP=Transpose
2026-02-12 14:02:18,106 - tf2onnx.graph - DEBUG - Infer shape and dtype for [point_net_1/feature_transform_1/feature_transform_convolution_layer_1_convolution_layer_1/batch_normalization_7_1/batchnorm/mul_1__54]
2026-02-12 14:02:18,107 - tf2onnx.graph - DEBUG - Set dtype of [point_net_1/feature_transform_1/feature_transform_convolution_layer_1_convolution_layer_1/batch_normalization_7_1/batchnorm/mul_1__54:0] to 1
2026-02-12 14:02:18,107 - tf2onnx.graph - DEBUG - Set shape of [point_net_1/feature_transform_1/feature_transform_convolution_layer_1_convolution_layer_1/batch_normalization_7_1/batchnorm/mul_1__54:0] to [64, 1, 8192, -1]
2026-02-12 14:02:18,108 - tf2onnx.graph - DEBUG - Made node: point_net_1/feature_transform_1/feature_transform_convolution_layer_1_convolution_layer_1/batch_normalization_7_1/batchnorm/mul_1__54
OP=Transpose
Name=point_net_1/feature_transform_1/feature_transform_convolution_layer_1_convolution_layer_1/batch_normalization_7_1/batchnorm/mul_1__54
Inputs:
	point_net_1/feature_transform_1/feature_transform_convolution_layer_1_convolution_layer_1/batch_normalization_7_1/batchnorm/mul_1:0=Conv, [-1, 8192, 1, 64], 1
Outpus:
	point_net_1/feature_transform_1/feature_transform_convolution_layer_1_convolution_layer_1/batch_normalization_7_1/batchnorm/mul_1__54:0=[64, 1, 8192, -1], 1
2026-02-12 14:02:18,108 - tf2onnx.tfonnx - DEBUG - Process node: point_net_1/feature_transform_1/feature_transform_convolution_layer_1_convolution_layer_1/batch_normalization_7_1/batchnorm/add_1
OP=AddV2
Name=point_net_1/feature_transform_1/feature_transform_convolution_layer_1_convolution_layer_1/batch_normalization_7_1/batchnorm/add_1
Inputs:
	point_net_1/feature_transform_1/feature_transform_convolution_layer_1_convolution_layer_1/batch_normalization_7_1/batchnorm/mul_1__54:0=Transpose, [-1, 8192, 1, 64], 1
	point_net_1/feature_transform_1/feature_transform_convolution_layer_1_convolution_layer_1/batch_normalization_7_1/batchnorm/sub:0=Const, [64], 1
Outpus:
	point_net_1/feature_transform_1/feature_transform_convolution_layer_1_convolution_layer_1/batch_normalization_7_1/batchnorm/add_1:0=[-1, 8192, 1, 64], 1
2026-02-12 14:02:18,108 - tf2onnx.tfonnx - DEBUG - Process node: point_net_1/feature_transform_1/feature_transform_convolution_layer_1_convolution_layer_1/Relu
OP=Relu
Name=point_net_1/feature_transform_1/feature_transform_convolution_layer_1_convolution_layer_1/Relu
Inputs:
	point_net_1/feature_transform_1/feature_transform_convolution_layer_1_convolution_layer_1/batch_normalization_7_1/batchnorm/add_1:0=Add, [-1, 8192, 1, 64], 1
Outpus:
	point_net_1/feature_transform_1/feature_transform_convolution_layer_1_convolution_layer_1/Relu:0=[-1, 8192, 1, 64], 1
2026-02-12 14:02:18,109 - tf2onnx.tfonnx - DEBUG - Process node: point_net_1/feature_transform_1/feature_transform_convolution_layer_2_convolution_layer_1/batch_normalization_8_1/batchnorm/mul_1
OP=Conv2D
Name=point_net_1/feature_transform_1/feature_transform_convolution_layer_2_convolution_layer_1/batch_normalization_8_1/batchnorm/mul_1
Inputs:
	point_net_1/feature_transform_1/feature_transform_convolution_layer_1_convolution_layer_1/Relu:0=Relu, [-1, 8192, 1, 64], 1
	point_net_1/feature_transform_1/feature_transform_convolution_layer_2_convolution_layer_1/feature_transform_convolution_layer_2_convolution_layer_1/convolution/merged_input:0=Const, [1, 1, 64, 128], 1
Outpus:
	point_net_1/feature_transform_1/feature_transform_convolution_layer_2_convolution_layer_1/batch_normalization_8_1/batchnorm/mul_1:0=[-1, 8192, 1, 128], 1
2026-02-12 14:02:18,109 - tf2onnx.graph - DEBUG - Making node: Name=point_net_1/feature_transform_1/feature_transform_convolution_layer_2_convolution_layer_1/batch_normalization_8_1/batchnorm/mul_1__56, OP=Transpose
2026-02-12 14:02:18,110 - tf2onnx.graph - DEBUG - Infer shape and dtype for [point_net_1/feature_transform_1/feature_transform_convolution_layer_2_convolution_layer_1/batch_normalization_8_1/batchnorm/mul_1__56]
2026-02-12 14:02:18,110 - tf2onnx.graph - DEBUG - Set dtype of [point_net_1/feature_transform_1/feature_transform_convolution_layer_2_convolution_layer_1/batch_normalization_8_1/batchnorm/mul_1__56:0] to 1
2026-02-12 14:02:18,110 - tf2onnx.graph - DEBUG - Set shape of [point_net_1/feature_transform_1/feature_transform_convolution_layer_2_convolution_layer_1/batch_normalization_8_1/batchnorm/mul_1__56:0] to [64, 1, 8192, -1]
2026-02-12 14:02:18,111 - tf2onnx.graph - DEBUG - Made node: point_net_1/feature_transform_1/feature_transform_convolution_layer_2_convolution_layer_1/batch_normalization_8_1/batchnorm/mul_1__56
OP=Transpose
Name=point_net_1/feature_transform_1/feature_transform_convolution_layer_2_convolution_layer_1/batch_normalization_8_1/batchnorm/mul_1__56
Inputs:
	point_net_1/feature_transform_1/feature_transform_convolution_layer_1_convolution_layer_1/Relu:0=Relu, [-1, 8192, 1, 64], 1
Outpus:
	point_net_1/feature_transform_1/feature_transform_convolution_layer_2_convolution_layer_1/batch_normalization_8_1/batchnorm/mul_1__56:0=[64, 1, 8192, -1], 1
2026-02-12 14:02:18,111 - tf2onnx.graph - DEBUG - Making node: Name=point_net_1/feature_transform_1/feature_transform_convolution_layer_2_convolution_layer_1/batch_normalization_8_1/batchnorm/mul_1__58, OP=Transpose
2026-02-12 14:02:18,112 - tf2onnx.graph - DEBUG - Infer shape and dtype for [point_net_1/feature_transform_1/feature_transform_convolution_layer_2_convolution_layer_1/batch_normalization_8_1/batchnorm/mul_1__58]
2026-02-12 14:02:18,112 - tf2onnx.graph - DEBUG - Set dtype of [point_net_1/feature_transform_1/feature_transform_convolution_layer_2_convolution_layer_1/batch_normalization_8_1/batchnorm/mul_1__58:0] to 1
2026-02-12 14:02:18,112 - tf2onnx.graph - DEBUG - Set shape of [point_net_1/feature_transform_1/feature_transform_convolution_layer_2_convolution_layer_1/batch_normalization_8_1/batchnorm/mul_1__58:0] to [128, 1, 8192, -1]
2026-02-12 14:02:18,113 - tf2onnx.graph - DEBUG - Made node: point_net_1/feature_transform_1/feature_transform_convolution_layer_2_convolution_layer_1/batch_normalization_8_1/batchnorm/mul_1__58
OP=Transpose
Name=point_net_1/feature_transform_1/feature_transform_convolution_layer_2_convolution_layer_1/batch_normalization_8_1/batchnorm/mul_1__58
Inputs:
	point_net_1/feature_transform_1/feature_transform_convolution_layer_2_convolution_layer_1/batch_normalization_8_1/batchnorm/mul_1:0=Conv, [-1, 8192, 1, 128], 1
Outpus:
	point_net_1/feature_transform_1/feature_transform_convolution_layer_2_convolution_layer_1/batch_normalization_8_1/batchnorm/mul_1__58:0=[128, 1, 8192, -1], 1
2026-02-12 14:02:18,113 - tf2onnx.tfonnx - DEBUG - Process node: point_net_1/feature_transform_1/feature_transform_convolution_layer_2_convolution_layer_1/batch_normalization_8_1/batchnorm/add_1
OP=AddV2
Name=point_net_1/feature_transform_1/feature_transform_convolution_layer_2_convolution_layer_1/batch_normalization_8_1/batchnorm/add_1
Inputs:
	point_net_1/feature_transform_1/feature_transform_convolution_layer_2_convolution_layer_1/batch_normalization_8_1/batchnorm/mul_1__58:0=Transpose, [-1, 8192, 1, 128], 1
	point_net_1/feature_transform_1/feature_transform_convolution_layer_2_convolution_layer_1/batch_normalization_8_1/batchnorm/sub:0=Const, [128], 1
Outpus:
	point_net_1/feature_transform_1/feature_transform_convolution_layer_2_convolution_layer_1/batch_normalization_8_1/batchnorm/add_1:0=[-1, 8192, 1, 128], 1
2026-02-12 14:02:18,113 - tf2onnx.tfonnx - DEBUG - Process node: point_net_1/feature_transform_1/feature_transform_convolution_layer_2_convolution_layer_1/Relu
OP=Relu
Name=point_net_1/feature_transform_1/feature_transform_convolution_layer_2_convolution_layer_1/Relu
Inputs:
	point_net_1/feature_transform_1/feature_transform_convolution_layer_2_convolution_layer_1/batch_normalization_8_1/batchnorm/add_1:0=Add, [-1, 8192, 1, 128], 1
Outpus:
	point_net_1/feature_transform_1/feature_transform_convolution_layer_2_convolution_layer_1/Relu:0=[-1, 8192, 1, 128], 1
2026-02-12 14:02:18,114 - tf2onnx.tfonnx - DEBUG - Process node: point_net_1/feature_transform_1/feature_transform_convolution_layer_3_convolution_layer_1/batch_normalization_9_1/batchnorm/mul_1
OP=Conv2D
Name=point_net_1/feature_transform_1/feature_transform_convolution_layer_3_convolution_layer_1/batch_normalization_9_1/batchnorm/mul_1
Inputs:
	point_net_1/feature_transform_1/feature_transform_convolution_layer_2_convolution_layer_1/Relu:0=Relu, [-1, 8192, 1, 128], 1
	point_net_1/feature_transform_1/feature_transform_convolution_layer_3_convolution_layer_1/feature_transform_convolution_layer_3_convolution_layer_1/convolution/merged_input:0=Const, [1, 1, 128, 1024], 1
Outpus:
	point_net_1/feature_transform_1/feature_transform_convolution_layer_3_convolution_layer_1/batch_normalization_9_1/batchnorm/mul_1:0=[-1, 8192, 1, 1024], 1
2026-02-12 14:02:18,114 - tf2onnx.graph - DEBUG - Making node: Name=point_net_1/feature_transform_1/feature_transform_convolution_layer_3_convolution_layer_1/batch_normalization_9_1/batchnorm/mul_1__60, OP=Transpose
2026-02-12 14:02:18,114 - tf2onnx.graph - DEBUG - Infer shape and dtype for [point_net_1/feature_transform_1/feature_transform_convolution_layer_3_convolution_layer_1/batch_normalization_9_1/batchnorm/mul_1__60]
2026-02-12 14:02:18,115 - tf2onnx.graph - DEBUG - Set dtype of [point_net_1/feature_transform_1/feature_transform_convolution_layer_3_convolution_layer_1/batch_normalization_9_1/batchnorm/mul_1__60:0] to 1
2026-02-12 14:02:18,115 - tf2onnx.graph - DEBUG - Set shape of [point_net_1/feature_transform_1/feature_transform_convolution_layer_3_convolution_layer_1/batch_normalization_9_1/batchnorm/mul_1__60:0] to [128, 1, 8192, -1]
2026-02-12 14:02:18,115 - tf2onnx.graph - DEBUG - Made node: point_net_1/feature_transform_1/feature_transform_convolution_layer_3_convolution_layer_1/batch_normalization_9_1/batchnorm/mul_1__60
OP=Transpose
Name=point_net_1/feature_transform_1/feature_transform_convolution_layer_3_convolution_layer_1/batch_normalization_9_1/batchnorm/mul_1__60
Inputs:
	point_net_1/feature_transform_1/feature_transform_convolution_layer_2_convolution_layer_1/Relu:0=Relu, [-1, 8192, 1, 128], 1
Outpus:
	point_net_1/feature_transform_1/feature_transform_convolution_layer_3_convolution_layer_1/batch_normalization_9_1/batchnorm/mul_1__60:0=[128, 1, 8192, -1], 1
2026-02-12 14:02:18,116 - tf2onnx.graph - DEBUG - Making node: Name=point_net_1/feature_transform_1/feature_transform_convolution_layer_3_convolution_layer_1/batch_normalization_9_1/batchnorm/mul_1__62, OP=Transpose
2026-02-12 14:02:18,117 - tf2onnx.graph - DEBUG - Infer shape and dtype for [point_net_1/feature_transform_1/feature_transform_convolution_layer_3_convolution_layer_1/batch_normalization_9_1/batchnorm/mul_1__62]
2026-02-12 14:02:18,117 - tf2onnx.graph - DEBUG - Set dtype of [point_net_1/feature_transform_1/feature_transform_convolution_layer_3_convolution_layer_1/batch_normalization_9_1/batchnorm/mul_1__62:0] to 1
2026-02-12 14:02:18,117 - tf2onnx.graph - DEBUG - Set shape of [point_net_1/feature_transform_1/feature_transform_convolution_layer_3_convolution_layer_1/batch_normalization_9_1/batchnorm/mul_1__62:0] to [1024, 1, 8192, -1]
2026-02-12 14:02:18,118 - tf2onnx.graph - DEBUG - Made node: point_net_1/feature_transform_1/feature_transform_convolution_layer_3_convolution_layer_1/batch_normalization_9_1/batchnorm/mul_1__62
OP=Transpose
Name=point_net_1/feature_transform_1/feature_transform_convolution_layer_3_convolution_layer_1/batch_normalization_9_1/batchnorm/mul_1__62
Inputs:
	point_net_1/feature_transform_1/feature_transform_convolution_layer_3_convolution_layer_1/batch_normalization_9_1/batchnorm/mul_1:0=Conv, [-1, 8192, 1, 1024], 1
Outpus:
	point_net_1/feature_transform_1/feature_transform_convolution_layer_3_convolution_layer_1/batch_normalization_9_1/batchnorm/mul_1__62:0=[1024, 1, 8192, -1], 1
2026-02-12 14:02:18,118 - tf2onnx.tfonnx - DEBUG - Process node: point_net_1/feature_transform_1/feature_transform_convolution_layer_3_convolution_layer_1/batch_normalization_9_1/batchnorm/add_1
OP=AddV2
Name=point_net_1/feature_transform_1/feature_transform_convolution_layer_3_convolution_layer_1/batch_normalization_9_1/batchnorm/add_1
Inputs:
	point_net_1/feature_transform_1/feature_transform_convolution_layer_3_convolution_layer_1/batch_normalization_9_1/batchnorm/mul_1__62:0=Transpose, [-1, 8192, 1, 1024], 1
	point_net_1/feature_transform_1/feature_transform_convolution_layer_3_convolution_layer_1/batch_normalization_9_1/batchnorm/sub:0=Const, [1024], 1
Outpus:
	point_net_1/feature_transform_1/feature_transform_convolution_layer_3_convolution_layer_1/batch_normalization_9_1/batchnorm/add_1:0=[-1, 8192, 1, 1024], 1
2026-02-12 14:02:18,118 - tf2onnx.tfonnx - DEBUG - Process node: point_net_1/feature_transform_1/feature_transform_convolution_layer_3_convolution_layer_1/Relu
OP=Relu
Name=point_net_1/feature_transform_1/feature_transform_convolution_layer_3_convolution_layer_1/Relu
Inputs:
	point_net_1/feature_transform_1/feature_transform_convolution_layer_3_convolution_layer_1/batch_normalization_9_1/batchnorm/add_1:0=Add, [-1, 8192, 1, 1024], 1
Outpus:
	point_net_1/feature_transform_1/feature_transform_convolution_layer_3_convolution_layer_1/Relu:0=[-1, 8192, 1, 1024], 1
2026-02-12 14:02:18,119 - tf2onnx.tfonnx - DEBUG - Process node: point_net_1/feature_transform_1/Squeeze
OP=Squeeze
Name=point_net_1/feature_transform_1/Squeeze
Inputs:
	point_net_1/feature_transform_1/feature_transform_convolution_layer_3_convolution_layer_1/Relu:0=Relu, [-1, 8192, 1, 1024], 1
Outpus:
	point_net_1/feature_transform_1/Squeeze:0=[-1, 8192, 1024], 1
2026-02-12 14:02:18,119 - tf2onnx.graph - DEBUG - Making node: Name=axes_const__64, OP=Const
2026-02-12 14:02:18,119 - tf2onnx.graph - DEBUG - Made node: axes_const__64
OP=Const
Name=axes_const__64
Outpus:
	axes_const__64=None, 7
2026-02-12 14:02:18,120 - tf2onnx.tfonnx - DEBUG - Process node: point_net_1/feature_transform_1/Max
OP=Max
Name=point_net_1/feature_transform_1/Max
Inputs:
	point_net_1/feature_transform_1/Squeeze:0=Squeeze, [-1, 8192, 1024], 1
	point_net_1/feature_transform_1/Max/reduction_indices:0=Const, [], 6
Outpus:
	point_net_1/feature_transform_1/Max:0=[-1, 1024], 1
2026-02-12 14:02:18,120 - tf2onnx.tfonnx - DEBUG - Process node: point_net_1/feature_transform_1/feature_transform_dense_layer_1_dense_layer_1/feature_transform_dense_layer_1_dense_layer_1/MatMul
OP=MatMul
Name=point_net_1/feature_transform_1/feature_transform_dense_layer_1_dense_layer_1/feature_transform_dense_layer_1_dense_layer_1/MatMul
Inputs:
	point_net_1/feature_transform_1/Max:0=ReduceMax, [-1, 1024], 1
	point_net_1/feature_transform_1/feature_transform_dense_layer_1_dense_layer_1/feature_transform_dense_layer_1_dense_layer_1/Cast/ReadVariableOp:0=Const, [1024, 512], 1
Outpus:
	point_net_1/feature_transform_1/feature_transform_dense_layer_1_dense_layer_1/feature_transform_dense_layer_1_dense_layer_1/MatMul:0=[-1, 512], 1
2026-02-12 14:02:18,120 - tf2onnx.tfonnx - DEBUG - Process node: point_net_1/feature_transform_1/feature_transform_dense_layer_1_dense_layer_1/batch_normalization_10_1/batchnorm/mul_1
OP=Mul
Name=point_net_1/feature_transform_1/feature_transform_dense_layer_1_dense_layer_1/batch_normalization_10_1/batchnorm/mul_1
Inputs:
	point_net_1/feature_transform_1/feature_transform_dense_layer_1_dense_layer_1/feature_transform_dense_layer_1_dense_layer_1/MatMul:0=MatMul, [-1, 512], 1
	point_net_1/feature_transform_1/feature_transform_dense_layer_1_dense_layer_1/batch_normalization_10_1/batchnorm/mul:0=Const, [512], 1
Outpus:
	point_net_1/feature_transform_1/feature_transform_dense_layer_1_dense_layer_1/batch_normalization_10_1/batchnorm/mul_1:0=[-1, 512], 1
2026-02-12 14:02:18,121 - tf2onnx.tfonnx - DEBUG - Process node: point_net_1/feature_transform_1/feature_transform_dense_layer_1_dense_layer_1/batch_normalization_10_1/batchnorm/add_1
OP=AddV2
Name=point_net_1/feature_transform_1/feature_transform_dense_layer_1_dense_layer_1/batch_normalization_10_1/batchnorm/add_1
Inputs:
	point_net_1/feature_transform_1/feature_transform_dense_layer_1_dense_layer_1/batch_normalization_10_1/batchnorm/mul_1:0=Mul, [-1, 512], 1
	point_net_1/feature_transform_1/feature_transform_dense_layer_1_dense_layer_1/batch_normalization_10_1/batchnorm/sub:0=Const, [512], 1
Outpus:
	point_net_1/feature_transform_1/feature_transform_dense_layer_1_dense_layer_1/batch_normalization_10_1/batchnorm/add_1:0=[-1, 512], 1
2026-02-12 14:02:18,121 - tf2onnx.tfonnx - DEBUG - Process node: point_net_1/feature_transform_1/feature_transform_dense_layer_1_dense_layer_1/Relu
OP=Relu
Name=point_net_1/feature_transform_1/feature_transform_dense_layer_1_dense_layer_1/Relu
Inputs:
	point_net_1/feature_transform_1/feature_transform_dense_layer_1_dense_layer_1/batch_normalization_10_1/batchnorm/add_1:0=Add, [-1, 512], 1
Outpus:
	point_net_1/feature_transform_1/feature_transform_dense_layer_1_dense_layer_1/Relu:0=[-1, 512], 1
2026-02-12 14:02:18,121 - tf2onnx.tfonnx - DEBUG - Process node: point_net_1/feature_transform_1/feature_transform_dense_layer_2_dense_layer_1/feature_transform_dense_layer_2_dense_layer_1/MatMul
OP=MatMul
Name=point_net_1/feature_transform_1/feature_transform_dense_layer_2_dense_layer_1/feature_transform_dense_layer_2_dense_layer_1/MatMul
Inputs:
	point_net_1/feature_transform_1/feature_transform_dense_layer_1_dense_layer_1/Relu:0=Relu, [-1, 512], 1
	point_net_1/feature_transform_1/feature_transform_dense_layer_2_dense_layer_1/feature_transform_dense_layer_2_dense_layer_1/Cast/ReadVariableOp:0=Const, [512, 256], 1
Outpus:
	point_net_1/feature_transform_1/feature_transform_dense_layer_2_dense_layer_1/feature_transform_dense_layer_2_dense_layer_1/MatMul:0=[-1, 256], 1
2026-02-12 14:02:18,122 - tf2onnx.tfonnx - DEBUG - Process node: point_net_1/feature_transform_1/feature_transform_dense_layer_2_dense_layer_1/batch_normalization_11_1/batchnorm/mul_1
OP=Mul
Name=point_net_1/feature_transform_1/feature_transform_dense_layer_2_dense_layer_1/batch_normalization_11_1/batchnorm/mul_1
Inputs:
	point_net_1/feature_transform_1/feature_transform_dense_layer_2_dense_layer_1/feature_transform_dense_layer_2_dense_layer_1/MatMul:0=MatMul, [-1, 256], 1
	point_net_1/feature_transform_1/feature_transform_dense_layer_2_dense_layer_1/batch_normalization_11_1/batchnorm/mul:0=Const, [256], 1
Outpus:
	point_net_1/feature_transform_1/feature_transform_dense_layer_2_dense_layer_1/batch_normalization_11_1/batchnorm/mul_1:0=[-1, 256], 1
2026-02-12 14:02:18,122 - tf2onnx.tfonnx - DEBUG - Process node: point_net_1/feature_transform_1/feature_transform_dense_layer_2_dense_layer_1/batch_normalization_11_1/batchnorm/add_1
OP=AddV2
Name=point_net_1/feature_transform_1/feature_transform_dense_layer_2_dense_layer_1/batch_normalization_11_1/batchnorm/add_1
Inputs:
	point_net_1/feature_transform_1/feature_transform_dense_layer_2_dense_layer_1/batch_normalization_11_1/batchnorm/mul_1:0=Mul, [-1, 256], 1
	point_net_1/feature_transform_1/feature_transform_dense_layer_2_dense_layer_1/batch_normalization_11_1/batchnorm/sub:0=Const, [256], 1
Outpus:
	point_net_1/feature_transform_1/feature_transform_dense_layer_2_dense_layer_1/batch_normalization_11_1/batchnorm/add_1:0=[-1, 256], 1
2026-02-12 14:02:18,122 - tf2onnx.tfonnx - DEBUG - Process node: point_net_1/feature_transform_1/feature_transform_dense_layer_2_dense_layer_1/Relu
OP=Relu
Name=point_net_1/feature_transform_1/feature_transform_dense_layer_2_dense_layer_1/Relu
Inputs:
	point_net_1/feature_transform_1/feature_transform_dense_layer_2_dense_layer_1/batch_normalization_11_1/batchnorm/add_1:0=Add, [-1, 256], 1
Outpus:
	point_net_1/feature_transform_1/feature_transform_dense_layer_2_dense_layer_1/Relu:0=[-1, 256], 1
2026-02-12 14:02:18,123 - tf2onnx.tfonnx - DEBUG - Process node: point_net_1/feature_transform_1/ExpandDims_1
OP=ExpandDims
Name=point_net_1/feature_transform_1/ExpandDims_1
Inputs:
	point_net_1/feature_transform_1/feature_transform_dense_layer_2_dense_layer_1/Relu:0=Relu, [-1, 256], 1
	point_net_1/feature_transform_1/ExpandDims_1/dim:0=Const, [], 6
Outpus:
	point_net_1/feature_transform_1/ExpandDims_1:0=[-1, 1, 256], 1
2026-02-12 14:02:18,123 - tf2onnx.graph - DEBUG - Making node: Name=point_net_1/feature_transform_1/ExpandDims_1__65, OP=Cast
2026-02-12 14:02:18,124 - tf2onnx.graph - DEBUG - Infer shape and dtype for [point_net_1/feature_transform_1/ExpandDims_1__65]
2026-02-12 14:02:18,124 - tf2onnx.graph - DEBUG - Set dtype of [point_net_1/feature_transform_1/ExpandDims_1__65:0] to 7
2026-02-12 14:02:18,124 - tf2onnx.graph - DEBUG - Set shape of [point_net_1/feature_transform_1/ExpandDims_1__65:0] to []
2026-02-12 14:02:18,135 - tf2onnx.graph - DEBUG - Made node: point_net_1/feature_transform_1/ExpandDims_1__65
OP=Cast
Name=point_net_1/feature_transform_1/ExpandDims_1__65
Inputs:
	point_net_1/feature_transform_1/ExpandDims_1/dim:0=Const, [], 6
Outpus:
	point_net_1/feature_transform_1/ExpandDims_1__65:0=[], 7
2026-02-12 14:02:18,136 - tf2onnx.graph - DEBUG - Making node: Name=reshape_const__66, OP=Const
2026-02-12 14:02:18,136 - tf2onnx.graph - DEBUG - Made node: reshape_const__66
OP=Const
Name=reshape_const__66
Outpus:
	reshape_const__66=None, 7
2026-02-12 14:02:18,137 - tf2onnx.graph - DEBUG - Making node: Name=Reshape__67, OP=Reshape
2026-02-12 14:02:18,137 - tf2onnx.graph - DEBUG - Infer shape and dtype for [Reshape__67]
2026-02-12 14:02:18,138 - tf2onnx.graph - DEBUG - Set dtype of [Reshape__67:0] to 7
2026-02-12 14:02:18,138 - tf2onnx.graph - DEBUG - Set shape of [Reshape__67:0] to [1]
2026-02-12 14:02:18,138 - tf2onnx.graph - DEBUG - Made node: Reshape__67
OP=Reshape
Name=Reshape__67
Inputs:
	point_net_1/feature_transform_1/ExpandDims_1__65:0=Cast, [], 7
	reshape_const__66=Const, [1], 7
Outpus:
	Reshape__67:0=[1], 7
2026-02-12 14:02:18,139 - tf2onnx.tfonnx - DEBUG - Process node: point_net_1/feature_transform_1/MatMul
OP=BatchMatMulV2
Name=point_net_1/feature_transform_1/MatMul
Inputs:
	point_net_1/feature_transform_1/ExpandDims_1:0=Unsqueeze, [-1, 1, 256], 1
	point_net_1/feature_transform_1/MatMul/ReadVariableOp:0=Const, [256, 4096], 1
Outpus:
	point_net_1/feature_transform_1/MatMul:0=[-1, 1, 4096], 1
2026-02-12 14:02:18,139 - tf2onnx.tfonnx - DEBUG - Process node: point_net_1/feature_transform_1/Squeeze_1
OP=Squeeze
Name=point_net_1/feature_transform_1/Squeeze_1
Inputs:
	point_net_1/feature_transform_1/MatMul:0=MatMul, [-1, 1, 4096], 1
Outpus:
	point_net_1/feature_transform_1/Squeeze_1:0=[-1, 4096], 1
2026-02-12 14:02:18,139 - tf2onnx.graph - DEBUG - Making node: Name=axes_const__68, OP=Const
2026-02-12 14:02:18,140 - tf2onnx.graph - DEBUG - Made node: axes_const__68
OP=Const
Name=axes_const__68
Outpus:
	axes_const__68=None, 7
2026-02-12 14:02:18,140 - tf2onnx.tfonnx - DEBUG - Process node: point_net_1/feature_transform_1/Reshape
OP=Reshape
Name=point_net_1/feature_transform_1/Reshape
Inputs:
	point_net_1/feature_transform_1/Squeeze_1:0=Squeeze, [-1, 4096], 1
	point_net_1/feature_transform_1/Reshape/shape:0=Const, [3], 6
Outpus:
	point_net_1/feature_transform_1/Reshape:0=[-1, 64, 64], 1
2026-02-12 14:02:18,141 - tf2onnx.graph - DEBUG - Making node: Name=point_net_1/feature_transform_1/Reshape__69, OP=Cast
2026-02-12 14:02:18,141 - tf2onnx.graph - DEBUG - Infer shape and dtype for [point_net_1/feature_transform_1/Reshape__69]
2026-02-12 14:02:18,142 - tf2onnx.graph - DEBUG - Set dtype of [point_net_1/feature_transform_1/Reshape__69:0] to 7
2026-02-12 14:02:18,142 - tf2onnx.graph - DEBUG - Set shape of [point_net_1/feature_transform_1/Reshape__69:0] to [3]
2026-02-12 14:02:18,143 - tf2onnx.graph - DEBUG - Made node: point_net_1/feature_transform_1/Reshape__69
OP=Cast
Name=point_net_1/feature_transform_1/Reshape__69
Inputs:
	point_net_1/feature_transform_1/Reshape/shape:0=Const, [3], 6
Outpus:
	point_net_1/feature_transform_1/Reshape__69:0=[3], 7
2026-02-12 14:02:18,143 - tf2onnx.tfonnx - DEBUG - Process node: point_net_1/feature_transform_1/add
OP=AddV2
Name=point_net_1/feature_transform_1/add
Inputs:
	point_net_1/feature_transform_1/Reshape:0=Reshape, [-1, 64, 64], 1
	point_net_1/feature_transform_1/add/ReadVariableOp:0=Const, [64, 64], 1
Outpus:
	point_net_1/feature_transform_1/add:0=[-1, 64, 64], 1
2026-02-12 14:02:18,143 - tf2onnx.tfonnx - DEBUG - Process node: point_net_1/MatMul_1
OP=BatchMatMulV2
Name=point_net_1/MatMul_1
Inputs:
	point_net_1/Squeeze:0=Squeeze, [-1, 8192, 64], 1
	point_net_1/feature_transform_1/add:0=Add, [-1, 64, 64], 1
Outpus:
	point_net_1/MatMul_1:0=[-1, 8192, 64], 1
2026-02-12 14:02:18,144 - tf2onnx.tfonnx - DEBUG - Process node: point_net_1/ExpandDims_1
OP=ExpandDims
Name=point_net_1/ExpandDims_1
Inputs:
	point_net_1/MatMul_1:0=MatMul, [-1, 8192, 64], 1
	point_net_1/ExpandDims_1/dim:0=Const, [], 6
Outpus:
	point_net_1/ExpandDims_1:0=[-1, 8192, 1, 64], 1
2026-02-12 14:02:18,144 - tf2onnx.graph - DEBUG - Making node: Name=point_net_1/ExpandDims_1__70, OP=Cast
2026-02-12 14:02:18,145 - tf2onnx.graph - DEBUG - Infer shape and dtype for [point_net_1/ExpandDims_1__70]
2026-02-12 14:02:18,145 - tf2onnx.graph - DEBUG - Set dtype of [point_net_1/ExpandDims_1__70:0] to 7
2026-02-12 14:02:18,145 - tf2onnx.graph - DEBUG - Set shape of [point_net_1/ExpandDims_1__70:0] to []
2026-02-12 14:02:18,146 - tf2onnx.graph - DEBUG - Made node: point_net_1/ExpandDims_1__70
OP=Cast
Name=point_net_1/ExpandDims_1__70
Inputs:
	point_net_1/ExpandDims_1/dim:0=Const, [], 6
Outpus:
	point_net_1/ExpandDims_1__70:0=[], 7
2026-02-12 14:02:18,146 - tf2onnx.graph - DEBUG - Making node: Name=reshape_const__71, OP=Const
2026-02-12 14:02:18,146 - tf2onnx.graph - DEBUG - Made node: reshape_const__71
OP=Const
Name=reshape_const__71
Outpus:
	reshape_const__71=None, 7
2026-02-12 14:02:18,146 - tf2onnx.graph - DEBUG - Making node: Name=Reshape__72, OP=Reshape
2026-02-12 14:02:18,147 - tf2onnx.graph - DEBUG - Infer shape and dtype for [Reshape__72]
2026-02-12 14:02:18,147 - tf2onnx.graph - DEBUG - Set dtype of [Reshape__72:0] to 7
2026-02-12 14:02:18,147 - tf2onnx.graph - DEBUG - Set shape of [Reshape__72:0] to [1]
2026-02-12 14:02:18,148 - tf2onnx.graph - DEBUG - Made node: Reshape__72
OP=Reshape
Name=Reshape__72
Inputs:
	point_net_1/ExpandDims_1__70:0=Cast, [], 7
	reshape_const__71=Const, [1], 7
Outpus:
	Reshape__72:0=[1], 7
2026-02-12 14:02:18,148 - tf2onnx.tfonnx - DEBUG - Process node: point_net_1/s2_l1_64_convolution_layer_1/batch_normalization_12_1/batchnorm/mul_1
OP=Conv2D
Name=point_net_1/s2_l1_64_convolution_layer_1/batch_normalization_12_1/batchnorm/mul_1
Inputs:
	point_net_1/ExpandDims_1:0=Unsqueeze, [-1, 8192, 1, 64], 1
	point_net_1/s2_l1_64_convolution_layer_1/s2_l1_64_convolution_layer_1/convolution/merged_input:0=Const, [1, 1, 64, 64], 1
Outpus:
	point_net_1/s2_l1_64_convolution_layer_1/batch_normalization_12_1/batchnorm/mul_1:0=[-1, 8192, 1, 64], 1
2026-02-12 14:02:18,148 - tf2onnx.graph - DEBUG - Making node: Name=point_net_1/s2_l1_64_convolution_layer_1/batch_normalization_12_1/batchnorm/mul_1__73, OP=Transpose
2026-02-12 14:02:18,149 - tf2onnx.graph - DEBUG - Infer shape and dtype for [point_net_1/s2_l1_64_convolution_layer_1/batch_normalization_12_1/batchnorm/mul_1__73]
2026-02-12 14:02:18,149 - tf2onnx.graph - DEBUG - Set dtype of [point_net_1/s2_l1_64_convolution_layer_1/batch_normalization_12_1/batchnorm/mul_1__73:0] to 1
2026-02-12 14:02:18,149 - tf2onnx.graph - DEBUG - Set shape of [point_net_1/s2_l1_64_convolution_layer_1/batch_normalization_12_1/batchnorm/mul_1__73:0] to [64, 1, 8192, -1]
2026-02-12 14:02:18,149 - tf2onnx.graph - DEBUG - Made node: point_net_1/s2_l1_64_convolution_layer_1/batch_normalization_12_1/batchnorm/mul_1__73
OP=Transpose
Name=point_net_1/s2_l1_64_convolution_layer_1/batch_normalization_12_1/batchnorm/mul_1__73
Inputs:
	point_net_1/ExpandDims_1:0=Unsqueeze, [-1, 8192, 1, 64], 1
Outpus:
	point_net_1/s2_l1_64_convolution_layer_1/batch_normalization_12_1/batchnorm/mul_1__73:0=[64, 1, 8192, -1], 1
2026-02-12 14:02:18,150 - tf2onnx.graph - DEBUG - Making node: Name=point_net_1/s2_l1_64_convolution_layer_1/batch_normalization_12_1/batchnorm/mul_1__75, OP=Transpose
2026-02-12 14:02:18,150 - tf2onnx.graph - DEBUG - Infer shape and dtype for [point_net_1/s2_l1_64_convolution_layer_1/batch_normalization_12_1/batchnorm/mul_1__75]
2026-02-12 14:02:18,151 - tf2onnx.graph - DEBUG - Set dtype of [point_net_1/s2_l1_64_convolution_layer_1/batch_normalization_12_1/batchnorm/mul_1__75:0] to 1
2026-02-12 14:02:18,151 - tf2onnx.graph - DEBUG - Set shape of [point_net_1/s2_l1_64_convolution_layer_1/batch_normalization_12_1/batchnorm/mul_1__75:0] to [64, 1, 8192, -1]
2026-02-12 14:02:18,151 - tf2onnx.graph - DEBUG - Made node: point_net_1/s2_l1_64_convolution_layer_1/batch_normalization_12_1/batchnorm/mul_1__75
OP=Transpose
Name=point_net_1/s2_l1_64_convolution_layer_1/batch_normalization_12_1/batchnorm/mul_1__75
Inputs:
	point_net_1/s2_l1_64_convolution_layer_1/batch_normalization_12_1/batchnorm/mul_1:0=Conv, [-1, 8192, 1, 64], 1
Outpus:
	point_net_1/s2_l1_64_convolution_layer_1/batch_normalization_12_1/batchnorm/mul_1__75:0=[64, 1, 8192, -1], 1
2026-02-12 14:02:18,152 - tf2onnx.tfonnx - DEBUG - Process node: point_net_1/s2_l1_64_convolution_layer_1/batch_normalization_12_1/batchnorm/add_1
OP=AddV2
Name=point_net_1/s2_l1_64_convolution_layer_1/batch_normalization_12_1/batchnorm/add_1
Inputs:
	point_net_1/s2_l1_64_convolution_layer_1/batch_normalization_12_1/batchnorm/mul_1__75:0=Transpose, [-1, 8192, 1, 64], 1
	point_net_1/s2_l1_64_convolution_layer_1/batch_normalization_12_1/batchnorm/sub:0=Const, [64], 1
Outpus:
	point_net_1/s2_l1_64_convolution_layer_1/batch_normalization_12_1/batchnorm/add_1:0=[-1, 8192, 1, 64], 1
2026-02-12 14:02:18,152 - tf2onnx.tfonnx - DEBUG - Process node: point_net_1/s2_l1_64_convolution_layer_1/Relu
OP=Relu
Name=point_net_1/s2_l1_64_convolution_layer_1/Relu
Inputs:
	point_net_1/s2_l1_64_convolution_layer_1/batch_normalization_12_1/batchnorm/add_1:0=Add, [-1, 8192, 1, 64], 1
Outpus:
	point_net_1/s2_l1_64_convolution_layer_1/Relu:0=[-1, 8192, 1, 64], 1
2026-02-12 14:02:18,152 - tf2onnx.tfonnx - DEBUG - Process node: point_net_1/s2_l2_128_convolution_layer_1/batch_normalization_13_1/batchnorm/mul_1
OP=Conv2D
Name=point_net_1/s2_l2_128_convolution_layer_1/batch_normalization_13_1/batchnorm/mul_1
Inputs:
	point_net_1/s2_l1_64_convolution_layer_1/Relu:0=Relu, [-1, 8192, 1, 64], 1
	point_net_1/s2_l2_128_convolution_layer_1/s2_l2_128_convolution_layer_1/convolution/merged_input:0=Const, [1, 1, 64, 128], 1
Outpus:
	point_net_1/s2_l2_128_convolution_layer_1/batch_normalization_13_1/batchnorm/mul_1:0=[-1, 8192, 1, 128], 1
2026-02-12 14:02:18,153 - tf2onnx.graph - DEBUG - Making node: Name=point_net_1/s2_l2_128_convolution_layer_1/batch_normalization_13_1/batchnorm/mul_1__77, OP=Transpose
2026-02-12 14:02:18,153 - tf2onnx.graph - DEBUG - Infer shape and dtype for [point_net_1/s2_l2_128_convolution_layer_1/batch_normalization_13_1/batchnorm/mul_1__77]
2026-02-12 14:02:18,154 - tf2onnx.graph - DEBUG - Set dtype of [point_net_1/s2_l2_128_convolution_layer_1/batch_normalization_13_1/batchnorm/mul_1__77:0] to 1
2026-02-12 14:02:18,154 - tf2onnx.graph - DEBUG - Set shape of [point_net_1/s2_l2_128_convolution_layer_1/batch_normalization_13_1/batchnorm/mul_1__77:0] to [64, 1, 8192, -1]
2026-02-12 14:02:18,154 - tf2onnx.graph - DEBUG - Made node: point_net_1/s2_l2_128_convolution_layer_1/batch_normalization_13_1/batchnorm/mul_1__77
OP=Transpose
Name=point_net_1/s2_l2_128_convolution_layer_1/batch_normalization_13_1/batchnorm/mul_1__77
Inputs:
	point_net_1/s2_l1_64_convolution_layer_1/Relu:0=Relu, [-1, 8192, 1, 64], 1
Outpus:
	point_net_1/s2_l2_128_convolution_layer_1/batch_normalization_13_1/batchnorm/mul_1__77:0=[64, 1, 8192, -1], 1
2026-02-12 14:02:18,155 - tf2onnx.graph - DEBUG - Making node: Name=point_net_1/s2_l2_128_convolution_layer_1/batch_normalization_13_1/batchnorm/mul_1__79, OP=Transpose
2026-02-12 14:02:18,155 - tf2onnx.graph - DEBUG - Infer shape and dtype for [point_net_1/s2_l2_128_convolution_layer_1/batch_normalization_13_1/batchnorm/mul_1__79]
2026-02-12 14:02:18,155 - tf2onnx.graph - DEBUG - Set dtype of [point_net_1/s2_l2_128_convolution_layer_1/batch_normalization_13_1/batchnorm/mul_1__79:0] to 1
2026-02-12 14:02:18,156 - tf2onnx.graph - DEBUG - Set shape of [point_net_1/s2_l2_128_convolution_layer_1/batch_normalization_13_1/batchnorm/mul_1__79:0] to [128, 1, 8192, -1]
2026-02-12 14:02:18,157 - tf2onnx.graph - DEBUG - Made node: point_net_1/s2_l2_128_convolution_layer_1/batch_normalization_13_1/batchnorm/mul_1__79
OP=Transpose
Name=point_net_1/s2_l2_128_convolution_layer_1/batch_normalization_13_1/batchnorm/mul_1__79
Inputs:
	point_net_1/s2_l2_128_convolution_layer_1/batch_normalization_13_1/batchnorm/mul_1:0=Conv, [-1, 8192, 1, 128], 1
Outpus:
	point_net_1/s2_l2_128_convolution_layer_1/batch_normalization_13_1/batchnorm/mul_1__79:0=[128, 1, 8192, -1], 1
2026-02-12 14:02:18,157 - tf2onnx.tfonnx - DEBUG - Process node: point_net_1/s2_l2_128_convolution_layer_1/batch_normalization_13_1/batchnorm/add_1
OP=AddV2
Name=point_net_1/s2_l2_128_convolution_layer_1/batch_normalization_13_1/batchnorm/add_1
Inputs:
	point_net_1/s2_l2_128_convolution_layer_1/batch_normalization_13_1/batchnorm/mul_1__79:0=Transpose, [-1, 8192, 1, 128], 1
	point_net_1/s2_l2_128_convolution_layer_1/batch_normalization_13_1/batchnorm/sub:0=Const, [128], 1
Outpus:
	point_net_1/s2_l2_128_convolution_layer_1/batch_normalization_13_1/batchnorm/add_1:0=[-1, 8192, 1, 128], 1
2026-02-12 14:02:18,157 - tf2onnx.tfonnx - DEBUG - Process node: point_net_1/s2_l2_128_convolution_layer_1/Relu
OP=Relu
Name=point_net_1/s2_l2_128_convolution_layer_1/Relu
Inputs:
	point_net_1/s2_l2_128_convolution_layer_1/batch_normalization_13_1/batchnorm/add_1:0=Add, [-1, 8192, 1, 128], 1
Outpus:
	point_net_1/s2_l2_128_convolution_layer_1/Relu:0=[-1, 8192, 1, 128], 1
2026-02-12 14:02:18,158 - tf2onnx.tfonnx - DEBUG - Process node: point_net_1/s2_l3_1024_convolution_layer_1/batch_normalization_14_1/batchnorm/mul_1
OP=Conv2D
Name=point_net_1/s2_l3_1024_convolution_layer_1/batch_normalization_14_1/batchnorm/mul_1
Inputs:
	point_net_1/s2_l2_128_convolution_layer_1/Relu:0=Relu, [-1, 8192, 1, 128], 1
	point_net_1/s2_l3_1024_convolution_layer_1/s2_l3_1024_convolution_layer_1/convolution/merged_input:0=Const, [1, 1, 128, 1024], 1
Outpus:
	point_net_1/s2_l3_1024_convolution_layer_1/batch_normalization_14_1/batchnorm/mul_1:0=[-1, 8192, 1, 1024], 1
2026-02-12 14:02:18,158 - tf2onnx.graph - DEBUG - Making node: Name=point_net_1/s2_l3_1024_convolution_layer_1/batch_normalization_14_1/batchnorm/mul_1__81, OP=Transpose
2026-02-12 14:02:18,159 - tf2onnx.graph - DEBUG - Infer shape and dtype for [point_net_1/s2_l3_1024_convolution_layer_1/batch_normalization_14_1/batchnorm/mul_1__81]
2026-02-12 14:02:18,159 - tf2onnx.graph - DEBUG - Set dtype of [point_net_1/s2_l3_1024_convolution_layer_1/batch_normalization_14_1/batchnorm/mul_1__81:0] to 1
2026-02-12 14:02:18,159 - tf2onnx.graph - DEBUG - Set shape of [point_net_1/s2_l3_1024_convolution_layer_1/batch_normalization_14_1/batchnorm/mul_1__81:0] to [128, 1, 8192, -1]
2026-02-12 14:02:18,160 - tf2onnx.graph - DEBUG - Made node: point_net_1/s2_l3_1024_convolution_layer_1/batch_normalization_14_1/batchnorm/mul_1__81
OP=Transpose
Name=point_net_1/s2_l3_1024_convolution_layer_1/batch_normalization_14_1/batchnorm/mul_1__81
Inputs:
	point_net_1/s2_l2_128_convolution_layer_1/Relu:0=Relu, [-1, 8192, 1, 128], 1
Outpus:
	point_net_1/s2_l3_1024_convolution_layer_1/batch_normalization_14_1/batchnorm/mul_1__81:0=[128, 1, 8192, -1], 1
2026-02-12 14:02:18,161 - tf2onnx.graph - DEBUG - Making node: Name=point_net_1/s2_l3_1024_convolution_layer_1/batch_normalization_14_1/batchnorm/mul_1__83, OP=Transpose
2026-02-12 14:02:18,161 - tf2onnx.graph - DEBUG - Infer shape and dtype for [point_net_1/s2_l3_1024_convolution_layer_1/batch_normalization_14_1/batchnorm/mul_1__83]
2026-02-12 14:02:18,162 - tf2onnx.graph - DEBUG - Set dtype of [point_net_1/s2_l3_1024_convolution_layer_1/batch_normalization_14_1/batchnorm/mul_1__83:0] to 1
2026-02-12 14:02:18,162 - tf2onnx.graph - DEBUG - Set shape of [point_net_1/s2_l3_1024_convolution_layer_1/batch_normalization_14_1/batchnorm/mul_1__83:0] to [1024, 1, 8192, -1]
2026-02-12 14:02:18,162 - tf2onnx.graph - DEBUG - Made node: point_net_1/s2_l3_1024_convolution_layer_1/batch_normalization_14_1/batchnorm/mul_1__83
OP=Transpose
Name=point_net_1/s2_l3_1024_convolution_layer_1/batch_normalization_14_1/batchnorm/mul_1__83
Inputs:
	point_net_1/s2_l3_1024_convolution_layer_1/batch_normalization_14_1/batchnorm/mul_1:0=Conv, [-1, 8192, 1, 1024], 1
Outpus:
	point_net_1/s2_l3_1024_convolution_layer_1/batch_normalization_14_1/batchnorm/mul_1__83:0=[1024, 1, 8192, -1], 1
2026-02-12 14:02:18,163 - tf2onnx.tfonnx - DEBUG - Process node: point_net_1/s2_l3_1024_convolution_layer_1/batch_normalization_14_1/batchnorm/add_1
OP=AddV2
Name=point_net_1/s2_l3_1024_convolution_layer_1/batch_normalization_14_1/batchnorm/add_1
Inputs:
	point_net_1/s2_l3_1024_convolution_layer_1/batch_normalization_14_1/batchnorm/mul_1__83:0=Transpose, [-1, 8192, 1, 1024], 1
	point_net_1/s2_l3_1024_convolution_layer_1/batch_normalization_14_1/batchnorm/sub:0=Const, [1024], 1
Outpus:
	point_net_1/s2_l3_1024_convolution_layer_1/batch_normalization_14_1/batchnorm/add_1:0=[-1, 8192, 1, 1024], 1
2026-02-12 14:02:18,163 - tf2onnx.tfonnx - DEBUG - Process node: point_net_1/s2_l3_1024_convolution_layer_1/Relu
OP=Relu
Name=point_net_1/s2_l3_1024_convolution_layer_1/Relu
Inputs:
	point_net_1/s2_l3_1024_convolution_layer_1/batch_normalization_14_1/batchnorm/add_1:0=Add, [-1, 8192, 1, 1024], 1
Outpus:
	point_net_1/s2_l3_1024_convolution_layer_1/Relu:0=[-1, 8192, 1, 1024], 1
2026-02-12 14:02:18,163 - tf2onnx.tfonnx - DEBUG - Process node: point_net_1/Squeeze_1
OP=Squeeze
Name=point_net_1/Squeeze_1
Inputs:
	point_net_1/s2_l3_1024_convolution_layer_1/Relu:0=Relu, [-1, 8192, 1, 1024], 1
Outpus:
	point_net_1/Squeeze_1:0=[-1, 8192, 1024], 1
2026-02-12 14:02:18,164 - tf2onnx.graph - DEBUG - Making node: Name=axes_const__85, OP=Const
2026-02-12 14:02:18,164 - tf2onnx.graph - DEBUG - Made node: axes_const__85
OP=Const
Name=axes_const__85
Outpus:
	axes_const__85=None, 7
2026-02-12 14:02:18,164 - tf2onnx.tfonnx - DEBUG - Process node: point_net_1/Max
OP=Max
Name=point_net_1/Max
Inputs:
	point_net_1/Squeeze_1:0=Squeeze, [-1, 8192, 1024], 1
	point_net_1/Max/reduction_indices:0=Const, [], 6
Outpus:
	point_net_1/Max:0=[-1, 1024], 1
2026-02-12 14:02:18,165 - tf2onnx.tfonnx - DEBUG - Process node: point_net_1/s3_l1_512_dense_layer_1/s3_l1_512_dense_layer_1/MatMul
OP=MatMul
Name=point_net_1/s3_l1_512_dense_layer_1/s3_l1_512_dense_layer_1/MatMul
Inputs:
	point_net_1/Max:0=ReduceMax, [-1, 1024], 1
	point_net_1/s3_l1_512_dense_layer_1/s3_l1_512_dense_layer_1/Cast/ReadVariableOp:0=Const, [1024, 512], 1
Outpus:
	point_net_1/s3_l1_512_dense_layer_1/s3_l1_512_dense_layer_1/MatMul:0=[-1, 512], 1
2026-02-12 14:02:18,165 - tf2onnx.tfonnx - DEBUG - Process node: point_net_1/s3_l1_512_dense_layer_1/batch_normalization_15_1/batchnorm/mul_1
OP=Mul
Name=point_net_1/s3_l1_512_dense_layer_1/batch_normalization_15_1/batchnorm/mul_1
Inputs:
	point_net_1/s3_l1_512_dense_layer_1/s3_l1_512_dense_layer_1/MatMul:0=MatMul, [-1, 512], 1
	point_net_1/s3_l1_512_dense_layer_1/batch_normalization_15_1/batchnorm/mul:0=Const, [512], 1
Outpus:
	point_net_1/s3_l1_512_dense_layer_1/batch_normalization_15_1/batchnorm/mul_1:0=[-1, 512], 1
2026-02-12 14:02:18,165 - tf2onnx.tfonnx - DEBUG - Process node: point_net_1/s3_l1_512_dense_layer_1/batch_normalization_15_1/batchnorm/add_1
OP=AddV2
Name=point_net_1/s3_l1_512_dense_layer_1/batch_normalization_15_1/batchnorm/add_1
Inputs:
	point_net_1/s3_l1_512_dense_layer_1/batch_normalization_15_1/batchnorm/mul_1:0=Mul, [-1, 512], 1
	point_net_1/s3_l1_512_dense_layer_1/batch_normalization_15_1/batchnorm/sub:0=Const, [512], 1
Outpus:
	point_net_1/s3_l1_512_dense_layer_1/batch_normalization_15_1/batchnorm/add_1:0=[-1, 512], 1
2026-02-12 14:02:18,166 - tf2onnx.tfonnx - DEBUG - Process node: point_net_1/s3_l1_512_dense_layer_1/Relu
OP=Relu
Name=point_net_1/s3_l1_512_dense_layer_1/Relu
Inputs:
	point_net_1/s3_l1_512_dense_layer_1/batch_normalization_15_1/batchnorm/add_1:0=Add, [-1, 512], 1
Outpus:
	point_net_1/s3_l1_512_dense_layer_1/Relu:0=[-1, 512], 1
2026-02-12 14:02:18,166 - tf2onnx.tfonnx - DEBUG - Process node: point_net_1/s3_l2_256_dense_layer_1/s3_l2_256_dense_layer_1/MatMul
OP=MatMul
Name=point_net_1/s3_l2_256_dense_layer_1/s3_l2_256_dense_layer_1/MatMul
Inputs:
	point_net_1/s3_l1_512_dense_layer_1/Relu:0=Relu, [-1, 512], 1
	point_net_1/s3_l2_256_dense_layer_1/s3_l2_256_dense_layer_1/Cast/ReadVariableOp:0=Const, [512, 256], 1
Outpus:
	point_net_1/s3_l2_256_dense_layer_1/s3_l2_256_dense_layer_1/MatMul:0=[-1, 256], 1
2026-02-12 14:02:18,166 - tf2onnx.tfonnx - DEBUG - Process node: point_net_1/s3_l2_256_dense_layer_1/batch_normalization_16_1/batchnorm/mul_1
OP=Mul
Name=point_net_1/s3_l2_256_dense_layer_1/batch_normalization_16_1/batchnorm/mul_1
Inputs:
	point_net_1/s3_l2_256_dense_layer_1/s3_l2_256_dense_layer_1/MatMul:0=MatMul, [-1, 256], 1
	point_net_1/s3_l2_256_dense_layer_1/batch_normalization_16_1/batchnorm/mul:0=Const, [256], 1
Outpus:
	point_net_1/s3_l2_256_dense_layer_1/batch_normalization_16_1/batchnorm/mul_1:0=[-1, 256], 1
2026-02-12 14:02:18,167 - tf2onnx.tfonnx - DEBUG - Process node: point_net_1/s3_l2_256_dense_layer_1/batch_normalization_16_1/batchnorm/add_1
OP=AddV2
Name=point_net_1/s3_l2_256_dense_layer_1/batch_normalization_16_1/batchnorm/add_1
Inputs:
	point_net_1/s3_l2_256_dense_layer_1/batch_normalization_16_1/batchnorm/mul_1:0=Mul, [-1, 256], 1
	point_net_1/s3_l2_256_dense_layer_1/batch_normalization_16_1/batchnorm/sub:0=Const, [256], 1
Outpus:
	point_net_1/s3_l2_256_dense_layer_1/batch_normalization_16_1/batchnorm/add_1:0=[-1, 256], 1
2026-02-12 14:02:18,167 - tf2onnx.tfonnx - DEBUG - Process node: point_net_1/s3_l2_256_dense_layer_1/Relu
OP=Relu
Name=point_net_1/s3_l2_256_dense_layer_1/Relu
Inputs:
	point_net_1/s3_l2_256_dense_layer_1/batch_normalization_16_1/batchnorm/add_1:0=Add, [-1, 256], 1
Outpus:
	point_net_1/s3_l2_256_dense_layer_1/Relu:0=[-1, 256], 1
2026-02-12 14:02:18,167 - tf2onnx.tfonnx - DEBUG - Process node: point_net_1/output_dense_layer_1/output_dense_layer_1/MatMul
OP=MatMul
Name=point_net_1/output_dense_layer_1/output_dense_layer_1/MatMul
Inputs:
	point_net_1/s3_l2_256_dense_layer_1/Relu:0=Relu, [-1, 256], 1
	point_net_1/output_dense_layer_1/output_dense_layer_1/Cast/ReadVariableOp:0=Const, [256, 23], 1
Outpus:
	point_net_1/output_dense_layer_1/output_dense_layer_1/MatMul:0=[-1, 23], 1
2026-02-12 14:02:18,168 - tf2onnx.tfonnx - DEBUG - Process node: point_net_1/output_dense_layer_1/output_dense_layer_1/BiasAdd
OP=BiasAdd
Name=point_net_1/output_dense_layer_1/output_dense_layer_1/BiasAdd
Inputs:
	point_net_1/output_dense_layer_1/output_dense_layer_1/MatMul:0=MatMul, [-1, 23], 1
	point_net_1/output_dense_layer_1/output_dense_layer_1/BiasAdd/ReadVariableOp:0=Const, [23], 1
Outpus:
	point_net_1/output_dense_layer_1/output_dense_layer_1/BiasAdd:0=[-1, 23], 1
2026-02-12 14:02:18,168 - tf2onnx.tfonnx - DEBUG - Process node: point_net_1/output_dense_layer_1/Softmax
OP=Softmax
Name=point_net_1/output_dense_layer_1/Softmax
Inputs:
	point_net_1/output_dense_layer_1/output_dense_layer_1/BiasAdd:0=Add, [-1, 23], 1
Outpus:
	point_net_1/output_dense_layer_1/Softmax:0=[-1, 23], 1
2026-02-12 14:02:18,168 - tf2onnx.tfonnx - DEBUG - Process node: point_net_1/ExpandDims_2
OP=ExpandDims
Name=point_net_1/ExpandDims_2
Inputs:
	point_net_1/Max:0=ReduceMax, [-1, 1024], 1
	point_net_1/ExpandDims_2/dim:0=Const, [], 6
Outpus:
	point_net_1/ExpandDims_2:0=[-1, 1, 1024], 1
2026-02-12 14:02:18,169 - tf2onnx.graph - DEBUG - Making node: Name=point_net_1/ExpandDims_2__86, OP=Cast
2026-02-12 14:02:18,169 - tf2onnx.graph - DEBUG - Infer shape and dtype for [point_net_1/ExpandDims_2__86]
2026-02-12 14:02:18,169 - tf2onnx.graph - DEBUG - Set dtype of [point_net_1/ExpandDims_2__86:0] to 7
2026-02-12 14:02:18,169 - tf2onnx.graph - DEBUG - Set shape of [point_net_1/ExpandDims_2__86:0] to []
2026-02-12 14:02:18,170 - tf2onnx.graph - DEBUG - Made node: point_net_1/ExpandDims_2__86
OP=Cast
Name=point_net_1/ExpandDims_2__86
Inputs:
	point_net_1/ExpandDims_2/dim:0=Const, [], 6
Outpus:
	point_net_1/ExpandDims_2__86:0=[], 7
2026-02-12 14:02:18,170 - tf2onnx.graph - DEBUG - Making node: Name=reshape_const__87, OP=Const
2026-02-12 14:02:18,170 - tf2onnx.graph - DEBUG - Made node: reshape_const__87
OP=Const
Name=reshape_const__87
Outpus:
	reshape_const__87=None, 7
2026-02-12 14:02:18,171 - tf2onnx.graph - DEBUG - Making node: Name=Reshape__88, OP=Reshape
2026-02-12 14:02:18,171 - tf2onnx.graph - DEBUG - Infer shape and dtype for [Reshape__88]
2026-02-12 14:02:18,171 - tf2onnx.graph - DEBUG - Set dtype of [Reshape__88:0] to 7
2026-02-12 14:02:18,173 - tf2onnx.graph - DEBUG - Set shape of [Reshape__88:0] to [1]
2026-02-12 14:02:18,174 - tf2onnx.graph - DEBUG - Made node: Reshape__88
OP=Reshape
Name=Reshape__88
Inputs:
	point_net_1/ExpandDims_2__86:0=Cast, [], 7
	reshape_const__87=Const, [1], 7
Outpus:
	Reshape__88:0=[1], 7
2026-02-12 14:02:18,174 - tf2onnx.tfonnx - DEBUG - Process node: point_net_1/Tile
OP=Tile
Name=point_net_1/Tile
Inputs:
	point_net_1/ExpandDims_2:0=Unsqueeze, [-1, 1, 1024], 1
	point_net_1/Tile/multiples:0=Const, [3], 6
Outpus:
	point_net_1/Tile:0=[-1, 8192, 1024], 1
2026-02-12 14:02:18,174 - tf2onnx.graph - DEBUG - Making node: Name=point_net_1/Tile__89, OP=Cast
2026-02-12 14:02:18,175 - tf2onnx.graph - DEBUG - Infer shape and dtype for [point_net_1/Tile__89]
2026-02-12 14:02:18,175 - tf2onnx.graph - DEBUG - Set dtype of [point_net_1/Tile__89:0] to 7
2026-02-12 14:02:18,175 - tf2onnx.graph - DEBUG - Set shape of [point_net_1/Tile__89:0] to [3]
2026-02-12 14:02:18,176 - tf2onnx.graph - DEBUG - Made node: point_net_1/Tile__89
OP=Cast
Name=point_net_1/Tile__89
Inputs:
	point_net_1/Tile/multiples:0=Const, [3], 6
Outpus:
	point_net_1/Tile__89:0=[3], 7
2026-02-12 14:02:18,179 - tf2onnx.tfonnx - DEBUG - Process node: point_net_1/concat
OP=ConcatV2
Name=point_net_1/concat
Inputs:
	point_net_1/MatMul_1:0=MatMul, [-1, 8192, 64], 1
	point_net_1/Tile:0=Tile, [-1, 8192, 1024], 1
	point_net_1/concat/axis:0=Const, [], 6
Outpus:
	point_net_1/concat:0=[-1, 8192, 1088], 1
2026-02-12 14:02:18,180 - tf2onnx.tfonnx - DEBUG - Process node: point_net_1/ExpandDims_3
OP=ExpandDims
Name=point_net_1/ExpandDims_3
Inputs:
	point_net_1/concat:0=Concat, [-1, 8192, 1088], 1
	point_net_1/ExpandDims_3/dim:0=Const, [], 6
Outpus:
	point_net_1/ExpandDims_3:0=[-1, 8192, 1, 1088], 1
2026-02-12 14:02:18,180 - tf2onnx.graph - DEBUG - Making node: Name=point_net_1/ExpandDims_3__90, OP=Cast
2026-02-12 14:02:18,180 - tf2onnx.graph - DEBUG - Infer shape and dtype for [point_net_1/ExpandDims_3__90]
2026-02-12 14:02:18,181 - tf2onnx.graph - DEBUG - Set dtype of [point_net_1/ExpandDims_3__90:0] to 7
2026-02-12 14:02:18,181 - tf2onnx.graph - DEBUG - Set shape of [point_net_1/ExpandDims_3__90:0] to []
2026-02-12 14:02:18,181 - tf2onnx.graph - DEBUG - Made node: point_net_1/ExpandDims_3__90
OP=Cast
Name=point_net_1/ExpandDims_3__90
Inputs:
	point_net_1/ExpandDims_3/dim:0=Const, [], 6
Outpus:
	point_net_1/ExpandDims_3__90:0=[], 7
2026-02-12 14:02:18,182 - tf2onnx.graph - DEBUG - Making node: Name=reshape_const__91, OP=Const
2026-02-12 14:02:18,182 - tf2onnx.graph - DEBUG - Made node: reshape_const__91
OP=Const
Name=reshape_const__91
Outpus:
	reshape_const__91=None, 7
2026-02-12 14:02:18,182 - tf2onnx.graph - DEBUG - Making node: Name=Reshape__92, OP=Reshape
2026-02-12 14:02:18,183 - tf2onnx.graph - DEBUG - Infer shape and dtype for [Reshape__92]
2026-02-12 14:02:18,183 - tf2onnx.graph - DEBUG - Set dtype of [Reshape__92:0] to 7
2026-02-12 14:02:18,183 - tf2onnx.graph - DEBUG - Set shape of [Reshape__92:0] to [1]
2026-02-12 14:02:18,184 - tf2onnx.graph - DEBUG - Made node: Reshape__92
OP=Reshape
Name=Reshape__92
Inputs:
	point_net_1/ExpandDims_3__90:0=Cast, [], 7
	reshape_const__91=Const, [1], 7
Outpus:
	Reshape__92:0=[1], 7
2026-02-12 14:02:18,184 - tf2onnx.tfonnx - DEBUG - Process node: point_net_1/seg_l1_512_convolution_layer_1/batch_normalization_17_1/batchnorm/mul_1
OP=Conv2D
Name=point_net_1/seg_l1_512_convolution_layer_1/batch_normalization_17_1/batchnorm/mul_1
Inputs:
	point_net_1/ExpandDims_3:0=Unsqueeze, [-1, 8192, 1, 1088], 1
	point_net_1/seg_l1_512_convolution_layer_1/seg_l1_512_convolution_layer_1/convolution/merged_input:0=Const, [1, 1, 1088, 512], 1
Outpus:
	point_net_1/seg_l1_512_convolution_layer_1/batch_normalization_17_1/batchnorm/mul_1:0=[-1, 8192, 1, 512], 1
2026-02-12 14:02:18,184 - tf2onnx.graph - DEBUG - Making node: Name=point_net_1/seg_l1_512_convolution_layer_1/batch_normalization_17_1/batchnorm/mul_1__93, OP=Transpose
2026-02-12 14:02:18,185 - tf2onnx.graph - DEBUG - Infer shape and dtype for [point_net_1/seg_l1_512_convolution_layer_1/batch_normalization_17_1/batchnorm/mul_1__93]
2026-02-12 14:02:18,185 - tf2onnx.graph - DEBUG - Set dtype of [point_net_1/seg_l1_512_convolution_layer_1/batch_normalization_17_1/batchnorm/mul_1__93:0] to 1
2026-02-12 14:02:18,185 - tf2onnx.graph - DEBUG - Set shape of [point_net_1/seg_l1_512_convolution_layer_1/batch_normalization_17_1/batchnorm/mul_1__93:0] to [1088, 1, 8192, -1]
2026-02-12 14:02:18,186 - tf2onnx.graph - DEBUG - Made node: point_net_1/seg_l1_512_convolution_layer_1/batch_normalization_17_1/batchnorm/mul_1__93
OP=Transpose
Name=point_net_1/seg_l1_512_convolution_layer_1/batch_normalization_17_1/batchnorm/mul_1__93
Inputs:
	point_net_1/ExpandDims_3:0=Unsqueeze, [-1, 8192, 1, 1088], 1
Outpus:
	point_net_1/seg_l1_512_convolution_layer_1/batch_normalization_17_1/batchnorm/mul_1__93:0=[1088, 1, 8192, -1], 1
2026-02-12 14:02:18,189 - tf2onnx.graph - DEBUG - Making node: Name=point_net_1/seg_l1_512_convolution_layer_1/batch_normalization_17_1/batchnorm/mul_1__95, OP=Transpose
2026-02-12 14:02:18,190 - tf2onnx.graph - DEBUG - Infer shape and dtype for [point_net_1/seg_l1_512_convolution_layer_1/batch_normalization_17_1/batchnorm/mul_1__95]
2026-02-12 14:02:18,191 - tf2onnx.graph - DEBUG - Set dtype of [point_net_1/seg_l1_512_convolution_layer_1/batch_normalization_17_1/batchnorm/mul_1__95:0] to 1
2026-02-12 14:02:18,191 - tf2onnx.graph - DEBUG - Set shape of [point_net_1/seg_l1_512_convolution_layer_1/batch_normalization_17_1/batchnorm/mul_1__95:0] to [512, 1, 8192, -1]
2026-02-12 14:02:18,191 - tf2onnx.graph - DEBUG - Made node: point_net_1/seg_l1_512_convolution_layer_1/batch_normalization_17_1/batchnorm/mul_1__95
OP=Transpose
Name=point_net_1/seg_l1_512_convolution_layer_1/batch_normalization_17_1/batchnorm/mul_1__95
Inputs:
	point_net_1/seg_l1_512_convolution_layer_1/batch_normalization_17_1/batchnorm/mul_1:0=Conv, [-1, 8192, 1, 512], 1
Outpus:
	point_net_1/seg_l1_512_convolution_layer_1/batch_normalization_17_1/batchnorm/mul_1__95:0=[512, 1, 8192, -1], 1
2026-02-12 14:02:18,192 - tf2onnx.tfonnx - DEBUG - Process node: point_net_1/seg_l1_512_convolution_layer_1/Relu
OP=Relu
Name=point_net_1/seg_l1_512_convolution_layer_1/Relu
Inputs:
	point_net_1/seg_l1_512_convolution_layer_1/batch_normalization_17_1/batchnorm/mul_1__95:0=Transpose, [-1, 8192, 1, 512], 1
Outpus:
	point_net_1/seg_l1_512_convolution_layer_1/Relu:0=[-1, 8192, 1, 512], 1
2026-02-12 14:02:18,192 - tf2onnx.tfonnx - DEBUG - Process node: point_net_1/seg_l2_256_convolution_layer_1/batch_normalization_18_1/batchnorm/mul_1
OP=Conv2D
Name=point_net_1/seg_l2_256_convolution_layer_1/batch_normalization_18_1/batchnorm/mul_1
Inputs:
	point_net_1/seg_l1_512_convolution_layer_1/Relu:0=Relu, [-1, 8192, 1, 512], 1
	point_net_1/seg_l2_256_convolution_layer_1/seg_l2_256_convolution_layer_1/convolution/merged_input:0=Const, [1, 1, 512, 256], 1
Outpus:
	point_net_1/seg_l2_256_convolution_layer_1/batch_normalization_18_1/batchnorm/mul_1:0=[-1, 8192, 1, 256], 1
2026-02-12 14:02:18,193 - tf2onnx.graph - DEBUG - Making node: Name=point_net_1/seg_l2_256_convolution_layer_1/batch_normalization_18_1/batchnorm/mul_1__97, OP=Transpose
2026-02-12 14:02:18,193 - tf2onnx.graph - DEBUG - Infer shape and dtype for [point_net_1/seg_l2_256_convolution_layer_1/batch_normalization_18_1/batchnorm/mul_1__97]
2026-02-12 14:02:18,194 - tf2onnx.graph - DEBUG - Set dtype of [point_net_1/seg_l2_256_convolution_layer_1/batch_normalization_18_1/batchnorm/mul_1__97:0] to 1
2026-02-12 14:02:18,194 - tf2onnx.graph - DEBUG - Set shape of [point_net_1/seg_l2_256_convolution_layer_1/batch_normalization_18_1/batchnorm/mul_1__97:0] to [512, 1, 8192, -1]
2026-02-12 14:02:18,194 - tf2onnx.graph - DEBUG - Made node: point_net_1/seg_l2_256_convolution_layer_1/batch_normalization_18_1/batchnorm/mul_1__97
OP=Transpose
Name=point_net_1/seg_l2_256_convolution_layer_1/batch_normalization_18_1/batchnorm/mul_1__97
Inputs:
	point_net_1/seg_l1_512_convolution_layer_1/Relu:0=Relu, [-1, 8192, 1, 512], 1
Outpus:
	point_net_1/seg_l2_256_convolution_layer_1/batch_normalization_18_1/batchnorm/mul_1__97:0=[512, 1, 8192, -1], 1
2026-02-12 14:02:18,195 - tf2onnx.graph - DEBUG - Making node: Name=point_net_1/seg_l2_256_convolution_layer_1/batch_normalization_18_1/batchnorm/mul_1__99, OP=Transpose
2026-02-12 14:02:18,196 - tf2onnx.graph - DEBUG - Infer shape and dtype for [point_net_1/seg_l2_256_convolution_layer_1/batch_normalization_18_1/batchnorm/mul_1__99]
2026-02-12 14:02:18,196 - tf2onnx.graph - DEBUG - Set dtype of [point_net_1/seg_l2_256_convolution_layer_1/batch_normalization_18_1/batchnorm/mul_1__99:0] to 1
2026-02-12 14:02:18,196 - tf2onnx.graph - DEBUG - Set shape of [point_net_1/seg_l2_256_convolution_layer_1/batch_normalization_18_1/batchnorm/mul_1__99:0] to [256, 1, 8192, -1]
2026-02-12 14:02:18,197 - tf2onnx.graph - DEBUG - Made node: point_net_1/seg_l2_256_convolution_layer_1/batch_normalization_18_1/batchnorm/mul_1__99
OP=Transpose
Name=point_net_1/seg_l2_256_convolution_layer_1/batch_normalization_18_1/batchnorm/mul_1__99
Inputs:
	point_net_1/seg_l2_256_convolution_layer_1/batch_normalization_18_1/batchnorm/mul_1:0=Conv, [-1, 8192, 1, 256], 1
Outpus:
	point_net_1/seg_l2_256_convolution_layer_1/batch_normalization_18_1/batchnorm/mul_1__99:0=[256, 1, 8192, -1], 1
2026-02-12 14:02:18,197 - tf2onnx.tfonnx - DEBUG - Process node: point_net_1/seg_l2_256_convolution_layer_1/Relu
OP=Relu
Name=point_net_1/seg_l2_256_convolution_layer_1/Relu
Inputs:
	point_net_1/seg_l2_256_convolution_layer_1/batch_normalization_18_1/batchnorm/mul_1__99:0=Transpose, [-1, 8192, 1, 256], 1
Outpus:
	point_net_1/seg_l2_256_convolution_layer_1/Relu:0=[-1, 8192, 1, 256], 1
2026-02-12 14:02:18,198 - tf2onnx.tfonnx - DEBUG - Process node: point_net_1/seg_l3_128_convolution_layer_1/batch_normalization_19_1/batchnorm/mul_1
OP=Conv2D
Name=point_net_1/seg_l3_128_convolution_layer_1/batch_normalization_19_1/batchnorm/mul_1
Inputs:
	point_net_1/seg_l2_256_convolution_layer_1/Relu:0=Relu, [-1, 8192, 1, 256], 1
	point_net_1/seg_l3_128_convolution_layer_1/seg_l3_128_convolution_layer_1/convolution/merged_input:0=Const, [1, 1, 256, 128], 1
Outpus:
	point_net_1/seg_l3_128_convolution_layer_1/batch_normalization_19_1/batchnorm/mul_1:0=[-1, 8192, 1, 128], 1
2026-02-12 14:02:18,198 - tf2onnx.graph - DEBUG - Making node: Name=point_net_1/seg_l3_128_convolution_layer_1/batch_normalization_19_1/batchnorm/mul_1__101, OP=Transpose
2026-02-12 14:02:18,198 - tf2onnx.graph - DEBUG - Infer shape and dtype for [point_net_1/seg_l3_128_convolution_layer_1/batch_normalization_19_1/batchnorm/mul_1__101]
2026-02-12 14:02:18,199 - tf2onnx.graph - DEBUG - Set dtype of [point_net_1/seg_l3_128_convolution_layer_1/batch_normalization_19_1/batchnorm/mul_1__101:0] to 1
2026-02-12 14:02:18,199 - tf2onnx.graph - DEBUG - Set shape of [point_net_1/seg_l3_128_convolution_layer_1/batch_normalization_19_1/batchnorm/mul_1__101:0] to [256, 1, 8192, -1]
2026-02-12 14:02:18,199 - tf2onnx.graph - DEBUG - Made node: point_net_1/seg_l3_128_convolution_layer_1/batch_normalization_19_1/batchnorm/mul_1__101
OP=Transpose
Name=point_net_1/seg_l3_128_convolution_layer_1/batch_normalization_19_1/batchnorm/mul_1__101
Inputs:
	point_net_1/seg_l2_256_convolution_layer_1/Relu:0=Relu, [-1, 8192, 1, 256], 1
Outpus:
	point_net_1/seg_l3_128_convolution_layer_1/batch_normalization_19_1/batchnorm/mul_1__101:0=[256, 1, 8192, -1], 1
2026-02-12 14:02:18,200 - tf2onnx.graph - DEBUG - Making node: Name=point_net_1/seg_l3_128_convolution_layer_1/batch_normalization_19_1/batchnorm/mul_1__103, OP=Transpose
2026-02-12 14:02:18,200 - tf2onnx.graph - DEBUG - Infer shape and dtype for [point_net_1/seg_l3_128_convolution_layer_1/batch_normalization_19_1/batchnorm/mul_1__103]
2026-02-12 14:02:18,201 - tf2onnx.graph - DEBUG - Set dtype of [point_net_1/seg_l3_128_convolution_layer_1/batch_normalization_19_1/batchnorm/mul_1__103:0] to 1
2026-02-12 14:02:18,201 - tf2onnx.graph - DEBUG - Set shape of [point_net_1/seg_l3_128_convolution_layer_1/batch_normalization_19_1/batchnorm/mul_1__103:0] to [128, 1, 8192, -1]
2026-02-12 14:02:18,202 - tf2onnx.graph - DEBUG - Made node: point_net_1/seg_l3_128_convolution_layer_1/batch_normalization_19_1/batchnorm/mul_1__103
OP=Transpose
Name=point_net_1/seg_l3_128_convolution_layer_1/batch_normalization_19_1/batchnorm/mul_1__103
Inputs:
	point_net_1/seg_l3_128_convolution_layer_1/batch_normalization_19_1/batchnorm/mul_1:0=Conv, [-1, 8192, 1, 128], 1
Outpus:
	point_net_1/seg_l3_128_convolution_layer_1/batch_normalization_19_1/batchnorm/mul_1__103:0=[128, 1, 8192, -1], 1
2026-02-12 14:02:18,202 - tf2onnx.tfonnx - DEBUG - Process node: point_net_1/seg_l3_128_convolution_layer_1/Relu
OP=Relu
Name=point_net_1/seg_l3_128_convolution_layer_1/Relu
Inputs:
	point_net_1/seg_l3_128_convolution_layer_1/batch_normalization_19_1/batchnorm/mul_1__103:0=Transpose, [-1, 8192, 1, 128], 1
Outpus:
	point_net_1/seg_l3_128_convolution_layer_1/Relu:0=[-1, 8192, 1, 128], 1
2026-02-12 14:02:18,204 - tf2onnx.tfonnx - DEBUG - Process node: point_net_1/seg_l4_128_convolution_layer_1/batch_normalization_20_1/batchnorm/mul_1
OP=Conv2D
Name=point_net_1/seg_l4_128_convolution_layer_1/batch_normalization_20_1/batchnorm/mul_1
Inputs:
	point_net_1/seg_l3_128_convolution_layer_1/Relu:0=Relu, [-1, 8192, 1, 128], 1
	point_net_1/seg_l4_128_convolution_layer_1/seg_l4_128_convolution_layer_1/convolution/merged_input:0=Const, [1, 1, 128, 128], 1
Outpus:
	point_net_1/seg_l4_128_convolution_layer_1/batch_normalization_20_1/batchnorm/mul_1:0=[-1, 8192, 1, 128], 1
2026-02-12 14:02:18,205 - tf2onnx.graph - DEBUG - Making node: Name=point_net_1/seg_l4_128_convolution_layer_1/batch_normalization_20_1/batchnorm/mul_1__105, OP=Transpose
2026-02-12 14:02:18,205 - tf2onnx.graph - DEBUG - Infer shape and dtype for [point_net_1/seg_l4_128_convolution_layer_1/batch_normalization_20_1/batchnorm/mul_1__105]
2026-02-12 14:02:18,206 - tf2onnx.graph - DEBUG - Set dtype of [point_net_1/seg_l4_128_convolution_layer_1/batch_normalization_20_1/batchnorm/mul_1__105:0] to 1
2026-02-12 14:02:18,208 - tf2onnx.graph - DEBUG - Set shape of [point_net_1/seg_l4_128_convolution_layer_1/batch_normalization_20_1/batchnorm/mul_1__105:0] to [128, 1, 8192, -1]
2026-02-12 14:02:18,208 - tf2onnx.graph - DEBUG - Made node: point_net_1/seg_l4_128_convolution_layer_1/batch_normalization_20_1/batchnorm/mul_1__105
OP=Transpose
Name=point_net_1/seg_l4_128_convolution_layer_1/batch_normalization_20_1/batchnorm/mul_1__105
Inputs:
	point_net_1/seg_l3_128_convolution_layer_1/Relu:0=Relu, [-1, 8192, 1, 128], 1
Outpus:
	point_net_1/seg_l4_128_convolution_layer_1/batch_normalization_20_1/batchnorm/mul_1__105:0=[128, 1, 8192, -1], 1
2026-02-12 14:02:18,209 - tf2onnx.graph - DEBUG - Making node: Name=point_net_1/seg_l4_128_convolution_layer_1/batch_normalization_20_1/batchnorm/mul_1__107, OP=Transpose
2026-02-12 14:02:18,210 - tf2onnx.graph - DEBUG - Infer shape and dtype for [point_net_1/seg_l4_128_convolution_layer_1/batch_normalization_20_1/batchnorm/mul_1__107]
2026-02-12 14:02:18,210 - tf2onnx.graph - DEBUG - Set dtype of [point_net_1/seg_l4_128_convolution_layer_1/batch_normalization_20_1/batchnorm/mul_1__107:0] to 1
2026-02-12 14:02:18,211 - tf2onnx.graph - DEBUG - Set shape of [point_net_1/seg_l4_128_convolution_layer_1/batch_normalization_20_1/batchnorm/mul_1__107:0] to [128, 1, 8192, -1]
2026-02-12 14:02:18,211 - tf2onnx.graph - DEBUG - Made node: point_net_1/seg_l4_128_convolution_layer_1/batch_normalization_20_1/batchnorm/mul_1__107
OP=Transpose
Name=point_net_1/seg_l4_128_convolution_layer_1/batch_normalization_20_1/batchnorm/mul_1__107
Inputs:
	point_net_1/seg_l4_128_convolution_layer_1/batch_normalization_20_1/batchnorm/mul_1:0=Conv, [-1, 8192, 1, 128], 1
Outpus:
	point_net_1/seg_l4_128_convolution_layer_1/batch_normalization_20_1/batchnorm/mul_1__107:0=[128, 1, 8192, -1], 1
2026-02-12 14:02:18,211 - tf2onnx.tfonnx - DEBUG - Process node: point_net_1/seg_l4_128_convolution_layer_1/Relu
OP=Relu
Name=point_net_1/seg_l4_128_convolution_layer_1/Relu
Inputs:
	point_net_1/seg_l4_128_convolution_layer_1/batch_normalization_20_1/batchnorm/mul_1__107:0=Transpose, [-1, 8192, 1, 128], 1
Outpus:
	point_net_1/seg_l4_128_convolution_layer_1/Relu:0=[-1, 8192, 1, 128], 1
2026-02-12 14:02:18,212 - tf2onnx.tfonnx - DEBUG - Process node: point_net_1/seg_l5_output_convolution_layer_1/seg_l5_output_convolution_layer_1/convolution
OP=Conv2D
Name=point_net_1/seg_l5_output_convolution_layer_1/seg_l5_output_convolution_layer_1/convolution
Inputs:
	point_net_1/seg_l4_128_convolution_layer_1/Relu:0=Relu, [-1, 8192, 1, 128], 1
	point_net_1/seg_l5_output_convolution_layer_1/seg_l5_output_convolution_layer_1/convolution/ReadVariableOp:0=Const, [1, 1, 128, 12], 1
Outpus:
	point_net_1/seg_l5_output_convolution_layer_1/seg_l5_output_convolution_layer_1/convolution:0=[-1, 8192, 1, 12], 1
2026-02-12 14:02:18,212 - tf2onnx.graph - DEBUG - Making node: Name=point_net_1/seg_l5_output_convolution_layer_1/seg_l5_output_convolution_layer_1/convolution__109, OP=Transpose
2026-02-12 14:02:18,212 - tf2onnx.graph - DEBUG - Infer shape and dtype for [point_net_1/seg_l5_output_convolution_layer_1/seg_l5_output_convolution_layer_1/convolution__109]
2026-02-12 14:02:18,213 - tf2onnx.graph - DEBUG - Set dtype of [point_net_1/seg_l5_output_convolution_layer_1/seg_l5_output_convolution_layer_1/convolution__109:0] to 1
2026-02-12 14:02:18,213 - tf2onnx.graph - DEBUG - Set shape of [point_net_1/seg_l5_output_convolution_layer_1/seg_l5_output_convolution_layer_1/convolution__109:0] to [128, 1, 8192, -1]
2026-02-12 14:02:18,213 - tf2onnx.graph - DEBUG - Made node: point_net_1/seg_l5_output_convolution_layer_1/seg_l5_output_convolution_layer_1/convolution__109
OP=Transpose
Name=point_net_1/seg_l5_output_convolution_layer_1/seg_l5_output_convolution_layer_1/convolution__109
Inputs:
	point_net_1/seg_l4_128_convolution_layer_1/Relu:0=Relu, [-1, 8192, 1, 128], 1
Outpus:
	point_net_1/seg_l5_output_convolution_layer_1/seg_l5_output_convolution_layer_1/convolution__109:0=[128, 1, 8192, -1], 1
2026-02-12 14:02:18,214 - tf2onnx.graph - DEBUG - Making node: Name=point_net_1/seg_l5_output_convolution_layer_1/seg_l5_output_convolution_layer_1/convolution__111, OP=Transpose
2026-02-12 14:02:18,214 - tf2onnx.graph - DEBUG - Infer shape and dtype for [point_net_1/seg_l5_output_convolution_layer_1/seg_l5_output_convolution_layer_1/convolution__111]
2026-02-12 14:02:18,214 - tf2onnx.graph - DEBUG - Set dtype of [point_net_1/seg_l5_output_convolution_layer_1/seg_l5_output_convolution_layer_1/convolution__111:0] to 1
2026-02-12 14:02:18,215 - tf2onnx.graph - DEBUG - Set shape of [point_net_1/seg_l5_output_convolution_layer_1/seg_l5_output_convolution_layer_1/convolution__111:0] to [12, 1, 8192, -1]
2026-02-12 14:02:18,215 - tf2onnx.graph - DEBUG - Made node: point_net_1/seg_l5_output_convolution_layer_1/seg_l5_output_convolution_layer_1/convolution__111
OP=Transpose
Name=point_net_1/seg_l5_output_convolution_layer_1/seg_l5_output_convolution_layer_1/convolution__111
Inputs:
	point_net_1/seg_l5_output_convolution_layer_1/seg_l5_output_convolution_layer_1/convolution:0=Conv, [-1, 8192, 1, 12], 1
Outpus:
	point_net_1/seg_l5_output_convolution_layer_1/seg_l5_output_convolution_layer_1/convolution__111:0=[12, 1, 8192, -1], 1
2026-02-12 14:02:18,215 - tf2onnx.tfonnx - DEBUG - Process node: point_net_1/seg_l5_output_convolution_layer_1/Softmax
OP=Softmax
Name=point_net_1/seg_l5_output_convolution_layer_1/Softmax
Inputs:
	point_net_1/seg_l5_output_convolution_layer_1/seg_l5_output_convolution_layer_1/convolution__111:0=Transpose, [-1, 8192, 1, 12], 1
Outpus:
	point_net_1/seg_l5_output_convolution_layer_1/Softmax:0=[-1, 8192, 1, 12], 1
2026-02-12 14:02:18,216 - tf2onnx.tfonnx - DEBUG - Process node: point_net_1/Squeeze_2
OP=Squeeze
Name=point_net_1/Squeeze_2
Inputs:
	point_net_1/seg_l5_output_convolution_layer_1/Softmax:0=Softmax, [-1, 8192, 1, 12], 1
Outpus:
	point_net_1/Squeeze_2:0=[-1, 8192, 12], 1
2026-02-12 14:02:18,216 - tf2onnx.graph - DEBUG - Making node: Name=axes_const__113, OP=Const
2026-02-12 14:02:18,216 - tf2onnx.graph - DEBUG - Made node: axes_const__113
OP=Const
Name=axes_const__113
Outpus:
	axes_const__113=None, 7
2026-02-12 14:02:18,217 - tf2onnx.tfonnx - DEBUG - Process node: Identity_2
OP=Identity
Name=Identity_2
Inputs:
	point_net_1/Squeeze_2:0=Squeeze, [-1, 8192, 12], 1
Outpus:
	Identity_2_raw_output___6:0=[-1, 8192, 12], 1
2026-02-12 14:02:18,217 - tf2onnx.tfonnx - DEBUG - Process node: Identity_2_graph_outputs_Identity__7
OP=Identity
Name=Identity_2_graph_outputs_Identity__7
Inputs:
	Identity_2_raw_output___6:0=Identity, [-1, 8192, 12], 1
Outpus:
	segmentation_output=[-1, 8192, 12], 1
2026-02-12 14:02:18,217 - tf2onnx.tfonnx - DEBUG - explicitly skip node Identity_2_graph_outputs_Identity__7
2026-02-12 14:02:18,218 - tf2onnx.tfonnx - DEBUG - Process node: Identity_1
OP=Identity
Name=Identity_1
Inputs:
	point_net_1/input_transform_1/add:0=Add, [-1, 3, 3], 1
Outpus:
	Identity_1_raw_output___8:0=[-1, 3, 3], 1
2026-02-12 14:02:18,218 - tf2onnx.tfonnx - DEBUG - Process node: Identity_1_graph_outputs_Identity__9
OP=Identity
Name=Identity_1_graph_outputs_Identity__9
Inputs:
	Identity_1_raw_output___8:0=Identity, [-1, 3, 3], 1
Outpus:
	se3=[-1, 3, 3], 1
2026-02-12 14:02:18,218 - tf2onnx.tfonnx - DEBUG - explicitly skip node Identity_1_graph_outputs_Identity__9
2026-02-12 14:02:18,218 - tf2onnx.tfonnx - DEBUG - Process node: Identity
OP=Identity
Name=Identity
Inputs:
	point_net_1/output_dense_layer_1/Softmax:0=Softmax, [-1, 23], 1
Outpus:
	Identity_raw_output___4:0=[-1, 23], 1
2026-02-12 14:02:18,219 - tf2onnx.tfonnx - DEBUG - Process node: Identity_graph_outputs_Identity__5
OP=Identity
Name=Identity_graph_outputs_Identity__5
Inputs:
	Identity_raw_output___4:0=Identity, [-1, 23], 1
Outpus:
	classification_output=[-1, 23], 1
2026-02-12 14:02:18,219 - tf2onnx.tfonnx - DEBUG - explicitly skip node Identity_graph_outputs_Identity__5
2026-02-12 14:02:18,233 - tf2onnx.tfonnx - VERBOSE - Summay Stats:
	tensorflow ops: Counter({'Const': 71, 'Relu': 21, 'AddV2': 19, 'Conv2D': 16, 'ExpandDims': 9, 'Squeeze': 7, 'MatMul': 7, 'Mul': 6, 'Identity': 6, 'Max': 4, 'BatchMatMulV2': 4, 'Reshape': 2, 'Softmax': 2, 'Placeholder': 1, 'Mean': 1, 'Sub': 1, 'Square': 1, 'Sum': 1, 'Sqrt': 1, 'Maximum': 1, 'RealDiv': 1, 'Tile': 1, 'ConcatV2': 1, 'BiasAdd': 1})
	tensorflow attr: Counter({'dtype': 72, 'value': 71, 'data_format': 17, 'dilations': 16, 'padding': 16, 'strides': 16, 'explicit_paddings': 16, 'Tidx': 7, 'squeeze_dims': 7, 'grad_a': 7, 'grad_b': 7, 'transpose_a': 7, 'transpose_b': 7, 'keep_dims': 6, 'adj_x': 4, 'adj_y': 4, 'grad_x': 4, 'grad_y': 4, 'shape': 1, 'N': 1})
	onnx mapped: Counter({'Const': 71, 'Relu': 21, 'AddV2': 19, 'Conv2D': 16, 'ExpandDims': 9, 'Squeeze': 7, 'MatMul': 7, 'Mul': 6, 'Max': 4, 'BatchMatMulV2': 4, 'Identity': 3, 'Reshape': 2, 'Softmax': 2, 'Placeholder': 1, 'Mean': 1, 'Sub': 1, 'Square': 1, 'Sum': 1, 'Sqrt': 1, 'Maximum': 1, 'RealDiv': 1, 'BiasAdd': 1, 'Tile': 1, 'ConcatV2': 1})
	onnx unmapped: Counter()
2026-02-12 14:02:18,234 - tf2onnx.optimizer - INFO - Optimizing ONNX model
2026-02-12 14:02:18,236 - tf2onnx.optimizer - VERBOSE - Apply optimize_transpose
2026-02-12 14:02:18,265 - tf2onnx.graph - DEBUG - Making node: Name=Conv__114, OP=Conv
2026-02-12 14:02:18,266 - tf2onnx.graph - DEBUG - Infer shape and dtype for [Conv__114]
2026-02-12 14:02:18,267 - tf2onnx.graph - DEBUG - Set dtype of [Conv__114:0] to 1
2026-02-12 14:02:18,267 - tf2onnx.graph - DEBUG - Set shape of [Conv__114:0] to [-1, 64, 8192, 1]
2026-02-12 14:02:18,268 - tf2onnx.graph - DEBUG - Made node: Conv__114
OP=Conv
Name=Conv__114
Inputs:
	point_net_1/input_transform_1/input_transform_convolution_layer_1_convolution_layer_1/batch_normalization_1/batchnorm/mul_1__19:0=Transpose, [-1, 3, 8192, 1], 1
	point_net_1/input_transform_1/input_transform_convolution_layer_1_convolution_layer_1/input_transform_convolution_layer_1_convolution_layer_1/convolution/merged_input:0=Const, [64, 3, 1, 1], 1
	point_net_1/input_transform_1/input_transform_convolution_layer_1_convolution_layer_1/batch_normalization_1/batchnorm/sub:0=Const, [64], 1
Outpus:
	Conv__114:0=[-1, 64, 8192, 1], 1
2026-02-12 14:02:18,270 - tf2onnx.graph - DEBUG - Making node: Name=Conv__116, OP=Conv
2026-02-12 14:02:18,270 - tf2onnx.graph - DEBUG - Infer shape and dtype for [Conv__116]
2026-02-12 14:02:18,271 - tf2onnx.graph - DEBUG - Set dtype of [Conv__116:0] to 1
2026-02-12 14:02:18,272 - tf2onnx.graph - DEBUG - Set shape of [Conv__116:0] to [-1, 128, 8192, 1]
2026-02-12 14:02:18,272 - tf2onnx.graph - DEBUG - Made node: Conv__116
OP=Conv
Name=Conv__116
Inputs:
	point_net_1/input_transform_1/input_transform_convolution_layer_2_convolution_layer_1/batch_normalization_1_1/batchnorm/mul_1__23:0=Transpose, [-1, 64, 8192, 1], 1
	point_net_1/input_transform_1/input_transform_convolution_layer_2_convolution_layer_1/input_transform_convolution_layer_2_convolution_layer_1/convolution/merged_input:0=Const, [128, 64, 1, 1], 1
	point_net_1/input_transform_1/input_transform_convolution_layer_2_convolution_layer_1/batch_normalization_1_1/batchnorm/sub:0=Const, [128], 1
Outpus:
	Conv__116:0=[-1, 128, 8192, 1], 1
2026-02-12 14:02:18,275 - tf2onnx.graph - DEBUG - Making node: Name=Conv__118, OP=Conv
2026-02-12 14:02:18,275 - tf2onnx.graph - DEBUG - Infer shape and dtype for [Conv__118]
2026-02-12 14:02:18,277 - tf2onnx.graph - DEBUG - Set dtype of [Conv__118:0] to 1
2026-02-12 14:02:18,278 - tf2onnx.graph - DEBUG - Set shape of [Conv__118:0] to [-1, 1024, 8192, 1]
2026-02-12 14:02:18,278 - tf2onnx.graph - DEBUG - Made node: Conv__118
OP=Conv
Name=Conv__118
Inputs:
	point_net_1/input_transform_1/input_transform_convolution_layer_3_convolution_layer_1/batch_normalization_2_1/batchnorm/mul_1__27:0=Transpose, [-1, 128, 8192, 1], 1
	point_net_1/input_transform_1/input_transform_convolution_layer_3_convolution_layer_1/input_transform_convolution_layer_3_convolution_layer_1/convolution/merged_input:0=Const, [1024, 128, 1, 1], 1
	point_net_1/input_transform_1/input_transform_convolution_layer_3_convolution_layer_1/batch_normalization_2_1/batchnorm/sub:0=Const, [1024], 1
Outpus:
	Conv__118:0=[-1, 1024, 8192, 1], 1
2026-02-12 14:02:18,280 - tf2onnx.graph - DEBUG - Making node: Name=axes_const__31__120, OP=Const
2026-02-12 14:02:18,281 - tf2onnx.graph - DEBUG - Made node: axes_const__31__120
OP=Const
Name=axes_const__31__120
Outpus:
	axes_const__31__120=None, 7
2026-02-12 14:02:18,283 - tf2onnx.graph - DEBUG - Making node: Name=Conv__121, OP=Conv
2026-02-12 14:02:18,284 - tf2onnx.graph - DEBUG - Infer shape and dtype for [Conv__121]
2026-02-12 14:02:18,285 - tf2onnx.graph - DEBUG - Set dtype of [Conv__121:0] to 1
2026-02-12 14:02:18,285 - tf2onnx.graph - DEBUG - Set shape of [Conv__121:0] to [-1, 64, 8192, 1]
2026-02-12 14:02:18,285 - tf2onnx.graph - DEBUG - Made node: Conv__121
OP=Conv
Name=Conv__121
Inputs:
	point_net_1/s1_l1_64_convolution_layer_1/batch_normalization_5_1/batchnorm/mul_1__40:0=Transpose, [-1, 3, 8192, 1], 1
	point_net_1/s1_l1_64_convolution_layer_1/s1_l1_64_convolution_layer_1/convolution/merged_input:0=Const, [64, 3, 1, 1], 1
	point_net_1/s1_l1_64_convolution_layer_1/batch_normalization_5_1/batchnorm/sub:0=Const, [64], 1
Outpus:
	Conv__121:0=[-1, 64, 8192, 1], 1
2026-02-12 14:02:18,287 - tf2onnx.graph - DEBUG - Making node: Name=Conv__123, OP=Conv
2026-02-12 14:02:18,288 - tf2onnx.graph - DEBUG - Infer shape and dtype for [Conv__123]
2026-02-12 14:02:18,288 - tf2onnx.graph - DEBUG - Set dtype of [Conv__123:0] to 1
2026-02-12 14:02:18,289 - tf2onnx.graph - DEBUG - Set shape of [Conv__123:0] to [-1, 64, 8192, 1]
2026-02-12 14:02:18,289 - tf2onnx.graph - DEBUG - Made node: Conv__123
OP=Conv
Name=Conv__123
Inputs:
	point_net_1/s1_l2_64_convolution_layer_1/batch_normalization_6_1/batchnorm/mul_1__44:0=Transpose, [-1, 64, 8192, 1], 1
	point_net_1/s1_l2_64_convolution_layer_1/s1_l2_64_convolution_layer_1/convolution/merged_input:0=Const, [64, 64, 1, 1], 1
	point_net_1/s1_l2_64_convolution_layer_1/batch_normalization_6_1/batchnorm/sub:0=Const, [64], 1
Outpus:
	Conv__123:0=[-1, 64, 8192, 1], 1
2026-02-12 14:02:18,291 - tf2onnx.graph - DEBUG - Making node: Name=axes_const__48__125, OP=Const
2026-02-12 14:02:18,292 - tf2onnx.graph - DEBUG - Made node: axes_const__48__125
OP=Const
Name=axes_const__48__125
Outpus:
	axes_const__48__125=None, 7
2026-02-12 14:02:18,293 - tf2onnx.graph - DEBUG - Making node: Name=Conv__126, OP=Conv
2026-02-12 14:02:18,294 - tf2onnx.graph - DEBUG - Infer shape and dtype for [Conv__126]
2026-02-12 14:02:18,294 - tf2onnx.graph - DEBUG - Set dtype of [Conv__126:0] to 1
2026-02-12 14:02:18,295 - tf2onnx.graph - DEBUG - Set shape of [Conv__126:0] to [-1, 64, 8192, 1]
2026-02-12 14:02:18,295 - tf2onnx.graph - DEBUG - Made node: Conv__126
OP=Conv
Name=Conv__126
Inputs:
	point_net_1/feature_transform_1/feature_transform_convolution_layer_1_convolution_layer_1/batch_normalization_7_1/batchnorm/mul_1__52:0=Transpose, [-1, 64, 8192, 1], 1
	point_net_1/feature_transform_1/feature_transform_convolution_layer_1_convolution_layer_1/feature_transform_convolution_layer_1_convolution_layer_1/convolution/merged_input:0=Const, [64, 64, 1, 1], 1
	point_net_1/feature_transform_1/feature_transform_convolution_layer_1_convolution_layer_1/batch_normalization_7_1/batchnorm/sub:0=Const, [64], 1
Outpus:
	Conv__126:0=[-1, 64, 8192, 1], 1
2026-02-12 14:02:18,297 - tf2onnx.graph - DEBUG - Making node: Name=Conv__128, OP=Conv
2026-02-12 14:02:18,298 - tf2onnx.graph - DEBUG - Infer shape and dtype for [Conv__128]
2026-02-12 14:02:18,298 - tf2onnx.graph - DEBUG - Set dtype of [Conv__128:0] to 1
2026-02-12 14:02:18,299 - tf2onnx.graph - DEBUG - Set shape of [Conv__128:0] to [-1, 128, 8192, 1]
2026-02-12 14:02:18,299 - tf2onnx.graph - DEBUG - Made node: Conv__128
OP=Conv
Name=Conv__128
Inputs:
	point_net_1/feature_transform_1/feature_transform_convolution_layer_2_convolution_layer_1/batch_normalization_8_1/batchnorm/mul_1__56:0=Transpose, [-1, 64, 8192, 1], 1
	point_net_1/feature_transform_1/feature_transform_convolution_layer_2_convolution_layer_1/feature_transform_convolution_layer_2_convolution_layer_1/convolution/merged_input:0=Const, [128, 64, 1, 1], 1
	point_net_1/feature_transform_1/feature_transform_convolution_layer_2_convolution_layer_1/batch_normalization_8_1/batchnorm/sub:0=Const, [128], 1
Outpus:
	Conv__128:0=[-1, 128, 8192, 1], 1
2026-02-12 14:02:18,301 - tf2onnx.graph - DEBUG - Making node: Name=Conv__130, OP=Conv
2026-02-12 14:02:18,302 - tf2onnx.graph - DEBUG - Infer shape and dtype for [Conv__130]
2026-02-12 14:02:18,303 - tf2onnx.graph - DEBUG - Set dtype of [Conv__130:0] to 1
2026-02-12 14:02:18,303 - tf2onnx.graph - DEBUG - Set shape of [Conv__130:0] to [-1, 1024, 8192, 1]
2026-02-12 14:02:18,304 - tf2onnx.graph - DEBUG - Made node: Conv__130
OP=Conv
Name=Conv__130
Inputs:
	point_net_1/feature_transform_1/feature_transform_convolution_layer_3_convolution_layer_1/batch_normalization_9_1/batchnorm/mul_1__60:0=Transpose, [-1, 128, 8192, 1], 1
	point_net_1/feature_transform_1/feature_transform_convolution_layer_3_convolution_layer_1/feature_transform_convolution_layer_3_convolution_layer_1/convolution/merged_input:0=Const, [1024, 128, 1, 1], 1
	point_net_1/feature_transform_1/feature_transform_convolution_layer_3_convolution_layer_1/batch_normalization_9_1/batchnorm/sub:0=Const, [1024], 1
Outpus:
	Conv__130:0=[-1, 1024, 8192, 1], 1
2026-02-12 14:02:18,306 - tf2onnx.graph - DEBUG - Making node: Name=axes_const__64__132, OP=Const
2026-02-12 14:02:18,306 - tf2onnx.graph - DEBUG - Made node: axes_const__64__132
OP=Const
Name=axes_const__64__132
Outpus:
	axes_const__64__132=None, 7
2026-02-12 14:02:18,310 - tf2onnx.graph - DEBUG - Making node: Name=Conv__133, OP=Conv
2026-02-12 14:02:18,310 - tf2onnx.graph - DEBUG - Infer shape and dtype for [Conv__133]
2026-02-12 14:02:18,311 - tf2onnx.graph - DEBUG - Set dtype of [Conv__133:0] to 1
2026-02-12 14:02:18,311 - tf2onnx.graph - DEBUG - Set shape of [Conv__133:0] to [-1, 64, 8192, 1]
2026-02-12 14:02:18,312 - tf2onnx.graph - DEBUG - Made node: Conv__133
OP=Conv
Name=Conv__133
Inputs:
	point_net_1/s2_l1_64_convolution_layer_1/batch_normalization_12_1/batchnorm/mul_1__73:0=Transpose, [-1, 64, 8192, 1], 1
	point_net_1/s2_l1_64_convolution_layer_1/s2_l1_64_convolution_layer_1/convolution/merged_input:0=Const, [64, 64, 1, 1], 1
	point_net_1/s2_l1_64_convolution_layer_1/batch_normalization_12_1/batchnorm/sub:0=Const, [64], 1
Outpus:
	Conv__133:0=[-1, 64, 8192, 1], 1
2026-02-12 14:02:18,314 - tf2onnx.graph - DEBUG - Making node: Name=Conv__135, OP=Conv
2026-02-12 14:02:18,315 - tf2onnx.graph - DEBUG - Infer shape and dtype for [Conv__135]
2026-02-12 14:02:18,315 - tf2onnx.graph - DEBUG - Set dtype of [Conv__135:0] to 1
2026-02-12 14:02:18,316 - tf2onnx.graph - DEBUG - Set shape of [Conv__135:0] to [-1, 128, 8192, 1]
2026-02-12 14:02:18,316 - tf2onnx.graph - DEBUG - Made node: Conv__135
OP=Conv
Name=Conv__135
Inputs:
	point_net_1/s2_l2_128_convolution_layer_1/batch_normalization_13_1/batchnorm/mul_1__77:0=Transpose, [-1, 64, 8192, 1], 1
	point_net_1/s2_l2_128_convolution_layer_1/s2_l2_128_convolution_layer_1/convolution/merged_input:0=Const, [128, 64, 1, 1], 1
	point_net_1/s2_l2_128_convolution_layer_1/batch_normalization_13_1/batchnorm/sub:0=Const, [128], 1
Outpus:
	Conv__135:0=[-1, 128, 8192, 1], 1
2026-02-12 14:02:18,319 - tf2onnx.graph - DEBUG - Making node: Name=Conv__137, OP=Conv
2026-02-12 14:02:18,319 - tf2onnx.graph - DEBUG - Infer shape and dtype for [Conv__137]
2026-02-12 14:02:18,320 - tf2onnx.graph - DEBUG - Set dtype of [Conv__137:0] to 1
2026-02-12 14:02:18,320 - tf2onnx.graph - DEBUG - Set shape of [Conv__137:0] to [-1, 1024, 8192, 1]
2026-02-12 14:02:18,321 - tf2onnx.graph - DEBUG - Made node: Conv__137
OP=Conv
Name=Conv__137
Inputs:
	point_net_1/s2_l3_1024_convolution_layer_1/batch_normalization_14_1/batchnorm/mul_1__81:0=Transpose, [-1, 128, 8192, 1], 1
	point_net_1/s2_l3_1024_convolution_layer_1/s2_l3_1024_convolution_layer_1/convolution/merged_input:0=Const, [1024, 128, 1, 1], 1
	point_net_1/s2_l3_1024_convolution_layer_1/batch_normalization_14_1/batchnorm/sub:0=Const, [1024], 1
Outpus:
	Conv__137:0=[-1, 1024, 8192, 1], 1
2026-02-12 14:02:18,323 - tf2onnx.graph - DEBUG - Making node: Name=axes_const__85__139, OP=Const
2026-02-12 14:02:18,324 - tf2onnx.graph - DEBUG - Made node: axes_const__85__139
OP=Const
Name=axes_const__85__139
Outpus:
	axes_const__85__139=None, 7
2026-02-12 14:02:18,333 - tf2onnx.graph - DEBUG - Making node: Name=axes_const__113__140, OP=Const
2026-02-12 14:02:18,334 - tf2onnx.graph - DEBUG - Made node: axes_const__113__140
OP=Const
Name=axes_const__113__140
Outpus:
	axes_const__113__140=None, 7
2026-02-12 14:02:18,337 - tf2onnx.optimizer.TransposeOptimizer - DEBUG - cannot move transpose down since it met output node Identity_2_graph_outputs_Identity__7
2026-02-12 14:02:18,338 - tf2onnx.optimizer.TransposeOptimizer - DEBUG - finish after 39 iteration(s)
2026-02-12 14:02:18,363 - tf2onnx.optimizer.TransposeOptimizer - VERBOSE - Add -11 (20->9), Const -6 (88->82), Identity -1 (6->5), Transpose -3 (32->29)
2026-02-12 14:02:18,364 - tf2onnx.optimizer - VERBOSE - Apply remove_redundant_upsample
2026-02-12 14:02:18,415 - tf2onnx.optimizer.UpsampleOptimizer - VERBOSE - no change
2026-02-12 14:02:18,416 - tf2onnx.optimizer - VERBOSE - Apply fold_constants
2026-02-12 14:02:18,445 - tf2onnx.graph - DEBUG - Making node: Name=const_fold_opt__141, OP=Const
2026-02-12 14:02:18,446 - tf2onnx.graph - DEBUG - Made node: const_fold_opt__141
OP=Const
Name=const_fold_opt__141
Outpus:
	const_fold_opt__141=None, 7
2026-02-12 14:02:18,447 - tf2onnx.graph - DEBUG - Making node: Name=const_fold_opt__142, OP=Const
2026-02-12 14:02:18,447 - tf2onnx.graph - DEBUG - Made node: const_fold_opt__142
OP=Const
Name=const_fold_opt__142
Outpus:
	const_fold_opt__142=None, 7
2026-02-12 14:02:18,448 - tf2onnx.graph - DEBUG - Making node: Name=const_fold_opt__143, OP=Const
2026-02-12 14:02:18,449 - tf2onnx.graph - DEBUG - Made node: const_fold_opt__143
OP=Const
Name=const_fold_opt__143
Outpus:
	const_fold_opt__143=None, 7
2026-02-12 14:02:18,449 - tf2onnx.graph - DEBUG - Making node: Name=const_fold_opt__144, OP=Const
2026-02-12 14:02:18,451 - tf2onnx.graph - DEBUG - Made node: const_fold_opt__144
OP=Const
Name=const_fold_opt__144
Outpus:
	const_fold_opt__144=None, 7
2026-02-12 14:02:18,451 - tf2onnx.graph - DEBUG - Making node: Name=const_fold_opt__145, OP=Const
2026-02-12 14:02:18,452 - tf2onnx.graph - DEBUG - Made node: const_fold_opt__145
OP=Const
Name=const_fold_opt__145
Outpus:
	const_fold_opt__145=None, 7
2026-02-12 14:02:18,452 - tf2onnx.graph - DEBUG - Making node: Name=const_fold_opt__146, OP=Const
2026-02-12 14:02:18,453 - tf2onnx.graph - DEBUG - Made node: const_fold_opt__146
OP=Const
Name=const_fold_opt__146
Outpus:
	const_fold_opt__146=None, 7
2026-02-12 14:02:18,453 - tf2onnx.graph - DEBUG - Making node: Name=const_fold_opt__147, OP=Const
2026-02-12 14:02:18,454 - tf2onnx.graph - DEBUG - Made node: const_fold_opt__147
OP=Const
Name=const_fold_opt__147
Outpus:
	const_fold_opt__147=None, 7
2026-02-12 14:02:18,454 - tf2onnx.graph - DEBUG - Making node: Name=const_fold_opt__148, OP=Const
2026-02-12 14:02:18,455 - tf2onnx.graph - DEBUG - Made node: const_fold_opt__148
OP=Const
Name=const_fold_opt__148
Outpus:
	const_fold_opt__148=None, 7
2026-02-12 14:02:18,455 - tf2onnx.graph - DEBUG - Making node: Name=const_fold_opt__149, OP=Const
2026-02-12 14:02:18,456 - tf2onnx.graph - DEBUG - Made node: const_fold_opt__149
OP=Const
Name=const_fold_opt__149
Outpus:
	const_fold_opt__149=None, 7
2026-02-12 14:02:18,457 - tf2onnx.graph - DEBUG - Making node: Name=const_fold_opt__150, OP=Const
2026-02-12 14:02:18,457 - tf2onnx.graph - DEBUG - Made node: const_fold_opt__150
OP=Const
Name=const_fold_opt__150
Outpus:
	const_fold_opt__150=None, 7
2026-02-12 14:02:18,458 - tf2onnx.graph - DEBUG - Making node: Name=const_fold_opt__151, OP=Const
2026-02-12 14:02:18,459 - tf2onnx.graph - DEBUG - Made node: const_fold_opt__151
OP=Const
Name=const_fold_opt__151
Outpus:
	const_fold_opt__151=None, 7
2026-02-12 14:02:18,459 - tf2onnx.graph - DEBUG - Making node: Name=const_fold_opt__152, OP=Const
2026-02-12 14:02:18,460 - tf2onnx.graph - DEBUG - Made node: const_fold_opt__152
OP=Const
Name=const_fold_opt__152
Outpus:
	const_fold_opt__152=None, 7
2026-02-12 14:02:18,461 - tf2onnx.graph - DEBUG - Making node: Name=const_fold_opt__153, OP=Const
2026-02-12 14:02:18,461 - tf2onnx.graph - DEBUG - Made node: const_fold_opt__153
OP=Const
Name=const_fold_opt__153
Outpus:
	const_fold_opt__153=None, 7
2026-02-12 14:02:18,462 - tf2onnx.graph - DEBUG - Making node: Name=const_fold_opt__154, OP=Const
2026-02-12 14:02:18,462 - tf2onnx.graph - DEBUG - Made node: const_fold_opt__154
OP=Const
Name=const_fold_opt__154
Outpus:
	const_fold_opt__154=None, 7
2026-02-12 14:02:18,463 - tf2onnx.graph - DEBUG - Making node: Name=const_fold_opt__155, OP=Const
2026-02-12 14:02:18,463 - tf2onnx.graph - DEBUG - Made node: const_fold_opt__155
OP=Const
Name=const_fold_opt__155
Outpus:
	const_fold_opt__155=None, 7
2026-02-12 14:02:18,464 - tf2onnx.graph - DEBUG - Making node: Name=const_fold_opt__156, OP=Const
2026-02-12 14:02:18,464 - tf2onnx.graph - DEBUG - Made node: const_fold_opt__156
OP=Const
Name=const_fold_opt__156
Outpus:
	const_fold_opt__156=None, 7
2026-02-12 14:02:18,465 - tf2onnx.graph - DEBUG - Making node: Name=const_fold_opt__157, OP=Const
2026-02-12 14:02:18,465 - tf2onnx.graph - DEBUG - Made node: const_fold_opt__157
OP=Const
Name=const_fold_opt__157
Outpus:
	const_fold_opt__157=None, 7
2026-02-12 14:02:18,466 - tf2onnx.graph - DEBUG - Making node: Name=const_fold_opt__158, OP=Const
2026-02-12 14:02:18,467 - tf2onnx.graph - DEBUG - Made node: const_fold_opt__158
OP=Const
Name=const_fold_opt__158
Outpus:
	const_fold_opt__158=None, 7
2026-02-12 14:02:18,468 - tf2onnx.graph - DEBUG - Making node: Name=const_fold_opt__159, OP=Const
2026-02-12 14:02:18,468 - tf2onnx.graph - DEBUG - Made node: const_fold_opt__159
OP=Const
Name=const_fold_opt__159
Outpus:
	const_fold_opt__159=None, 7
2026-02-12 14:02:18,469 - tf2onnx.graph - DEBUG - Making node: Name=const_fold_opt__160, OP=Const
2026-02-12 14:02:18,469 - tf2onnx.graph - DEBUG - Made node: const_fold_opt__160
OP=Const
Name=const_fold_opt__160
Outpus:
	const_fold_opt__160=None, 7
2026-02-12 14:02:18,470 - tf2onnx.graph - DEBUG - Making node: Name=const_fold_opt__161, OP=Const
2026-02-12 14:02:18,471 - tf2onnx.graph - DEBUG - Made node: const_fold_opt__161
OP=Const
Name=const_fold_opt__161
Outpus:
	const_fold_opt__161=None, 7
2026-02-12 14:02:18,471 - tf2onnx.graph - DEBUG - Making node: Name=const_fold_opt__162, OP=Const
2026-02-12 14:02:18,472 - tf2onnx.graph - DEBUG - Made node: const_fold_opt__162
OP=Const
Name=const_fold_opt__162
Outpus:
	const_fold_opt__162=None, 7
2026-02-12 14:02:18,472 - tf2onnx.graph - DEBUG - Making node: Name=const_fold_opt__163, OP=Const
2026-02-12 14:02:18,474 - tf2onnx.graph - DEBUG - Made node: const_fold_opt__163
OP=Const
Name=const_fold_opt__163
Outpus:
	const_fold_opt__163=None, 7
2026-02-12 14:02:18,496 - tf2onnx.optimizer.ConstFoldOptimizer - VERBOSE - Cast -13 (13->0), Const -10 (82->72), Reshape -10 (12->2)
2026-02-12 14:02:18,497 - tf2onnx.optimizer - VERBOSE - Apply const_dequantize_optimizer
2026-02-12 14:02:18,550 - tf2onnx.optimizer.ConstDequantizeOptimizer - VERBOSE - no change
2026-02-12 14:02:18,550 - tf2onnx.optimizer - VERBOSE - Apply loop_optimizer
2026-02-12 14:02:18,595 - tf2onnx.optimizer.LoopOptimizer - VERBOSE - no change
2026-02-12 14:02:18,596 - tf2onnx.optimizer - VERBOSE - Apply merge_duplication
2026-02-12 14:02:18,659 - tf2onnx.optimizer.MergeDuplicatedNodesOptimizer - VERBOSE - Const -13 (72->59)
2026-02-12 14:02:18,660 - tf2onnx.optimizer - VERBOSE - Apply reshape_optimizer
2026-02-12 14:02:18,700 - tf2onnx.optimizer.ReshapeOptimizer - VERBOSE - no change
2026-02-12 14:02:18,701 - tf2onnx.optimizer - VERBOSE - Apply global_pool_optimizer
2026-02-12 14:02:18,717 - tf2onnx.graph - DEBUG - Making node: Name=const_axes__164, OP=Const
2026-02-12 14:02:18,718 - tf2onnx.graph - DEBUG - Made node: const_axes__164
OP=Const
Name=const_axes__164
Outpus:
	const_axes__164=None, 7
2026-02-12 14:02:18,718 - tf2onnx.graph - DEBUG - Making node: Name=point_net_1/feature_transform_1/Max_Squeeze__165, OP=Squeeze
2026-02-12 14:02:18,719 - tf2onnx.graph - DEBUG - Made node: point_net_1/feature_transform_1/Max_Squeeze__165
OP=Squeeze
Name=point_net_1/feature_transform_1/Max_Squeeze__165
Inputs:
	point_net_1/feature_transform_1/Max:0=GlobalMaxPool, [-1, 1024, 1], 1
	const_axes__164=Const, [1], 7
Outpus:
	point_net_1/feature_transform_1/Max_Squeeze__165:0=[-1, 1024], 1
2026-02-12 14:02:18,720 - tf2onnx.graph - DEBUG - Making node: Name=const_axes__166, OP=Const
2026-02-12 14:02:18,720 - tf2onnx.graph - DEBUG - Made node: const_axes__166
OP=Const
Name=const_axes__166
Outpus:
	const_axes__166=None, 7
2026-02-12 14:02:18,721 - tf2onnx.graph - DEBUG - Making node: Name=point_net_1/Max_Squeeze__167, OP=Squeeze
2026-02-12 14:02:18,721 - tf2onnx.graph - DEBUG - Made node: point_net_1/Max_Squeeze__167
OP=Squeeze
Name=point_net_1/Max_Squeeze__167
Inputs:
	point_net_1/Max:0=GlobalMaxPool, [-1, 1024, 1], 1
	const_axes__166=Const, [1], 7
Outpus:
	point_net_1/Max_Squeeze__167:0=[-1, 1024], 1
2026-02-12 14:02:18,721 - tf2onnx.graph - DEBUG - Making node: Name=const_axes__168, OP=Const
2026-02-12 14:02:18,722 - tf2onnx.graph - DEBUG - Made node: const_axes__168
OP=Const
Name=const_axes__168
Outpus:
	const_axes__168=None, 7
2026-02-12 14:02:18,723 - tf2onnx.graph - DEBUG - Making node: Name=point_net_1/input_transform_1/Max_Squeeze__169, OP=Squeeze
2026-02-12 14:02:18,724 - tf2onnx.graph - DEBUG - Made node: point_net_1/input_transform_1/Max_Squeeze__169
OP=Squeeze
Name=point_net_1/input_transform_1/Max_Squeeze__169
Inputs:
	point_net_1/input_transform_1/Max:0=GlobalMaxPool, [-1, 1024, 1], 1
	const_axes__168=Const, [1], 7
Outpus:
	point_net_1/input_transform_1/Max_Squeeze__169:0=[-1, 1024], 1
2026-02-12 14:02:18,738 - tf2onnx.optimizer.GlobalPoolOptimizer - VERBOSE - Const +3 (59->62), GlobalMaxPool +3 (0->3), ReduceMax -3 (4->1), Squeeze +3 (7->10)
2026-02-12 14:02:18,739 - tf2onnx.optimizer - VERBOSE - Apply q_dq_optimizer
2026-02-12 14:02:18,782 - tf2onnx.optimizer.QDQOptimizer - VERBOSE - no change
2026-02-12 14:02:18,783 - tf2onnx.optimizer - VERBOSE - Apply remove_identity
2026-02-12 14:02:18,831 - tf2onnx.optimizer.IdentityOptimizer - VERBOSE - Identity -5 (5->0)
2026-02-12 14:02:18,832 - tf2onnx.optimizer - VERBOSE - Apply remove_back_to_back
2026-02-12 14:02:18,877 - tf2onnx.optimizer.BackToBackOptimizer - VERBOSE - Transpose -22 (29->7)
2026-02-12 14:02:18,878 - tf2onnx.optimizer - VERBOSE - Apply einsum_optimizer
2026-02-12 14:02:18,903 - tf2onnx.optimizer.EinsumOptimizer - VERBOSE - no change
2026-02-12 14:02:18,904 - tf2onnx.optimizer - VERBOSE - Apply optimize_transpose
2026-02-12 14:02:18,918 - tf2onnx.optimizer.TransposeOptimizer - DEBUG - segmentation_output connects to graph outputs, skip
2026-02-12 14:02:18,920 - tf2onnx.optimizer.TransposeOptimizer - DEBUG - finish after 0 iteration(s)
2026-02-12 14:02:18,940 - tf2onnx.optimizer.TransposeOptimizer - VERBOSE - no change
2026-02-12 14:02:18,940 - tf2onnx.optimizer - VERBOSE - Apply remove_redundant_upsample
2026-02-12 14:02:18,981 - tf2onnx.optimizer.UpsampleOptimizer - VERBOSE - no change
2026-02-12 14:02:18,982 - tf2onnx.optimizer - VERBOSE - Apply fold_constants
2026-02-12 14:02:19,021 - tf2onnx.optimizer.ConstFoldOptimizer - VERBOSE - no change
2026-02-12 14:02:19,021 - tf2onnx.optimizer - VERBOSE - Apply const_dequantize_optimizer
2026-02-12 14:02:19,047 - tf2onnx.optimizer.ConstDequantizeOptimizer - VERBOSE - no change
2026-02-12 14:02:19,048 - tf2onnx.optimizer - VERBOSE - Apply loop_optimizer
2026-02-12 14:02:19,079 - tf2onnx.optimizer.LoopOptimizer - VERBOSE - no change
2026-02-12 14:02:19,080 - tf2onnx.optimizer - VERBOSE - Apply merge_duplication
2026-02-12 14:02:19,136 - tf2onnx.optimizer.MergeDuplicatedNodesOptimizer - VERBOSE - Const -3 (62->59)
2026-02-12 14:02:19,137 - tf2onnx.optimizer - VERBOSE - Apply reshape_optimizer
2026-02-12 14:02:19,170 - tf2onnx.optimizer.ReshapeOptimizer - VERBOSE - no change
2026-02-12 14:02:19,172 - tf2onnx.optimizer - VERBOSE - Apply global_pool_optimizer
2026-02-12 14:02:19,195 - tf2onnx.optimizer.GlobalPoolOptimizer - VERBOSE - no change
2026-02-12 14:02:19,196 - tf2onnx.optimizer - VERBOSE - Apply q_dq_optimizer
2026-02-12 14:02:19,229 - tf2onnx.optimizer.QDQOptimizer - VERBOSE - no change
2026-02-12 14:02:19,230 - tf2onnx.optimizer - VERBOSE - Apply remove_identity
2026-02-12 14:02:19,268 - tf2onnx.optimizer.IdentityOptimizer - VERBOSE - no change
2026-02-12 14:02:19,269 - tf2onnx.optimizer - VERBOSE - Apply remove_back_to_back
2026-02-12 14:02:19,304 - tf2onnx.optimizer.BackToBackOptimizer - VERBOSE - no change
2026-02-12 14:02:19,304 - tf2onnx.optimizer - VERBOSE - Apply einsum_optimizer
2026-02-12 14:02:19,327 - tf2onnx.optimizer.EinsumOptimizer - VERBOSE - no change
2026-02-12 14:02:19,328 - tf2onnx.optimizer - VERBOSE - Apply optimize_transpose
2026-02-12 14:02:19,342 - tf2onnx.optimizer.TransposeOptimizer - DEBUG - segmentation_output connects to graph outputs, skip
2026-02-12 14:02:19,343 - tf2onnx.optimizer.TransposeOptimizer - DEBUG - finish after 0 iteration(s)
2026-02-12 14:02:19,364 - tf2onnx.optimizer.TransposeOptimizer - VERBOSE - no change
2026-02-12 14:02:19,364 - tf2onnx.optimizer - VERBOSE - Apply remove_redundant_upsample
2026-02-12 14:02:19,403 - tf2onnx.optimizer.UpsampleOptimizer - VERBOSE - no change
2026-02-12 14:02:19,404 - tf2onnx.optimizer - VERBOSE - Apply fold_constants
2026-02-12 14:02:19,448 - tf2onnx.optimizer.ConstFoldOptimizer - VERBOSE - no change
2026-02-12 14:02:19,449 - tf2onnx.optimizer - VERBOSE - Apply const_dequantize_optimizer
2026-02-12 14:02:19,484 - tf2onnx.optimizer.ConstDequantizeOptimizer - VERBOSE - no change
2026-02-12 14:02:19,485 - tf2onnx.optimizer - VERBOSE - Apply loop_optimizer
2026-02-12 14:02:19,518 - tf2onnx.optimizer.LoopOptimizer - VERBOSE - no change
2026-02-12 14:02:19,519 - tf2onnx.optimizer - VERBOSE - Apply merge_duplication
2026-02-12 14:02:19,575 - tf2onnx.optimizer.MergeDuplicatedNodesOptimizer - VERBOSE - no change
2026-02-12 14:02:19,575 - tf2onnx.optimizer - VERBOSE - Apply reshape_optimizer
2026-02-12 14:02:19,608 - tf2onnx.optimizer.ReshapeOptimizer - VERBOSE - no change
2026-02-12 14:02:19,608 - tf2onnx.optimizer - VERBOSE - Apply global_pool_optimizer
2026-02-12 14:02:19,632 - tf2onnx.optimizer.GlobalPoolOptimizer - VERBOSE - no change
2026-02-12 14:02:19,633 - tf2onnx.optimizer - VERBOSE - Apply q_dq_optimizer
2026-02-12 14:02:19,664 - tf2onnx.optimizer.QDQOptimizer - VERBOSE - no change
2026-02-12 14:02:19,664 - tf2onnx.optimizer - VERBOSE - Apply remove_identity
2026-02-12 14:02:19,706 - tf2onnx.optimizer.IdentityOptimizer - VERBOSE - no change
2026-02-12 14:02:19,707 - tf2onnx.optimizer - VERBOSE - Apply remove_back_to_back
2026-02-12 14:02:19,743 - tf2onnx.optimizer.BackToBackOptimizer - VERBOSE - no change
2026-02-12 14:02:19,744 - tf2onnx.optimizer - VERBOSE - Apply einsum_optimizer
2026-02-12 14:02:19,767 - tf2onnx.optimizer.EinsumOptimizer - VERBOSE - no change
2026-02-12 14:02:19,771 - tf2onnx.optimizer - INFO - After optimization: Add -11 (20->9), Cast -13 (13->0), Const -29 (88->59), GlobalMaxPool +3 (0->3), Identity -6 (6->0), ReduceMax -3 (4->1), Reshape -10 (12->2), Squeeze +3 (7->10), Transpose -25 (32->7)
2026-02-12 14:02:19,943 - root - INFO - Continuing training on model f15_scale_lidar/classification_pretrain/f15_scale_lidar_classification_pretrain.keras
2026-02-12 14:02:20,795 - root - INFO - PointNet Build
2026-02-12 14:02:20,796 - root - INFO - 	Trainable Layers
2026-02-12 14:02:20,796 - root - INFO - 		-> input_normalization: False
2026-02-12 14:02:20,797 - root - INFO - 		-> input_transform: True
2026-02-12 14:02:20,797 - root - INFO - 		-> s1_l1_64_convolution_layer: True
2026-02-12 14:02:20,797 - root - INFO - 		-> s1_l2_64_convolution_layer: True
2026-02-12 14:02:20,797 - root - INFO - 		-> feature_transform: True
2026-02-12 14:02:20,798 - root - INFO - 		-> s2_l1_64_convolution_layer: True
2026-02-12 14:02:20,798 - root - INFO - 		-> s2_l2_128_convolution_layer: True
2026-02-12 14:02:20,798 - root - INFO - 		-> s2_l3_1024_convolution_layer: True
2026-02-12 14:02:20,799 - root - INFO - 		-> s3_l1_512_dense_layer: False
2026-02-12 14:02:20,799 - root - INFO - 		-> s3_l2_256_dense_layer: False
2026-02-12 14:02:20,799 - root - INFO - 		-> output_dense_layer: False
2026-02-12 14:02:20,800 - root - INFO - 		-> seg_l1_512_convolution_layer: True
2026-02-12 14:02:20,800 - root - INFO - 		-> seg_l2_256_convolution_layer: True
2026-02-12 14:02:20,800 - root - INFO - 		-> seg_l3_128_convolution_layer: True
2026-02-12 14:02:20,801 - root - INFO - 		-> seg_l4_128_convolution_layer: True
2026-02-12 14:02:20,801 - root - INFO - 		-> seg_l5_output_convolution_layer: True
2026-02-13 00:45:37,833 - tf2onnx.tfonnx - INFO - Using tensorflow=2.20.0, onnx=1.17.0, tf2onnx=1.16.1/15c810
2026-02-13 00:45:37,833 - tf2onnx.tfonnx - INFO - Using opset <onnx, 13>
2026-02-13 00:45:37,891 - tf2onnx.tf_utils - INFO - Computed 0 values for constant folding
2026-02-13 00:45:37,940 - tf2onnx.graph - DEBUG - Making node: Name=Identity, OP=Identity
2026-02-13 00:45:37,941 - tf2onnx.graph - DEBUG - Made node: Identity
OP=Identity
Name=Identity
Inputs:
	point_net_1/output_dense_layer_1/Softmax:0=Softmax, [-1, 23], 1
Outpus:
	Identity_raw_output___175:0=[-1, 23], 1
2026-02-13 00:45:37,942 - tf2onnx.graph - DEBUG - Making node: Name=Identity_graph_outputs_Identity__176, OP=Identity
2026-02-13 00:45:37,942 - tf2onnx.graph - DEBUG - Made node: Identity_graph_outputs_Identity__176
OP=Identity
Name=Identity_graph_outputs_Identity__176
Inputs:
	Identity_raw_output___175:0=Identity, [-1, 23], 1
Outpus:
	Identity:0=[-1, 23], 1
2026-02-13 00:45:37,943 - tf2onnx.graph - DEBUG - Making node: Name=Identity_2, OP=Identity
2026-02-13 00:45:37,943 - tf2onnx.graph - DEBUG - Made node: Identity_2
OP=Identity
Name=Identity_2
Inputs:
	point_net_1/Squeeze_2:0=Squeeze, [-1, 8192, 12], 1
Outpus:
	Identity_2_raw_output___177:0=[-1, 8192, 12], 1
2026-02-13 00:45:37,944 - tf2onnx.graph - DEBUG - Making node: Name=Identity_2_graph_outputs_Identity__178, OP=Identity
2026-02-13 00:45:37,944 - tf2onnx.graph - DEBUG - Made node: Identity_2_graph_outputs_Identity__178
OP=Identity
Name=Identity_2_graph_outputs_Identity__178
Inputs:
	Identity_2_raw_output___177:0=Identity, [-1, 8192, 12], 1
Outpus:
	Identity_2:0=[-1, 8192, 12], 1
2026-02-13 00:45:37,945 - tf2onnx.graph - DEBUG - Making node: Name=Identity_1, OP=Identity
2026-02-13 00:45:37,945 - tf2onnx.graph - DEBUG - Made node: Identity_1
OP=Identity
Name=Identity_1
Inputs:
	point_net_1/input_transform_1/add:0=AddV2, [-1, 3, 3], 1
Outpus:
	Identity_1_raw_output___179:0=[-1, 3, 3], 1
2026-02-13 00:45:37,946 - tf2onnx.graph - DEBUG - Making node: Name=Identity_1_graph_outputs_Identity__180, OP=Identity
2026-02-13 00:45:37,946 - tf2onnx.graph - DEBUG - Made node: Identity_1_graph_outputs_Identity__180
OP=Identity
Name=Identity_1_graph_outputs_Identity__180
Inputs:
	Identity_1_raw_output___179:0=Identity, [-1, 3, 3], 1
Outpus:
	Identity_1:0=[-1, 3, 3], 1
2026-02-13 00:45:37,948 - tf2onnx.tfonnx - ERROR - rewriter <function rewrite_constant_fold at 0x720fec285630>: exception `np.cast` was removed in the NumPy 2.0 release. Use `np.asarray(arr, dtype=dtype)` instead.
2026-02-13 00:45:37,951 - tf2onnx.tfonnx - INFO - ['Traceback (most recent call last):\n', '  File "/mnt/c/repos/PointCloudProcessing/point_cloud_analysis/.venv/lib/python3.10/site-packages/tf2onnx/tfonnx.py", line 375, in run_rewriters\n    ops = func(g, g.get_nodes())\n', '  File "/mnt/c/repos/PointCloudProcessing/point_cloud_analysis/.venv/lib/python3.10/site-packages/tf2onnx/tfonnx.py", line 77, in rewrite_constant_fold\n    "Cast": np.cast,\n', '  File "/mnt/c/repos/PointCloudProcessing/point_cloud_analysis/.venv/lib/python3.10/site-packages/numpy/__init__.py", line 400, in __getattr__\n    raise AttributeError(\n', 'AttributeError: `np.cast` was removed in the NumPy 2.0 release. Use `np.asarray(arr, dtype=dtype)` instead.\n']
2026-02-13 00:45:37,984 - tf2onnx.rewriter.lstm_rewriter - DEBUG - enter lstm rewriter
2026-02-13 00:45:37,990 - tf2onnx.rewriter.gru_rewriter - DEBUG - enter gru rewriter
2026-02-13 00:45:37,996 - tf2onnx.rewriter.custom_rnn_rewriter - DEBUG - enter custom rnn rewriter
2026-02-13 00:45:38,003 - tf2onnx.rewriter.loop_rewriter - DEBUG - enter loop rewriter
2026-02-13 00:45:38,009 - tf2onnx.rewriter.cond_rewriter - DEBUG - enter cond pre rewrite
2026-02-13 00:45:38,016 - tf2onnx.graph - DEBUG - Making node: Name=point_net_1/seg_l5_output_convolution_layer_1/seg_l5_output_convolution_layer_1/BiasAdd, OP=Conv2D
2026-02-13 00:45:38,017 - tf2onnx.graph - DEBUG - Made node: point_net_1/seg_l5_output_convolution_layer_1/seg_l5_output_convolution_layer_1/BiasAdd
OP=Conv2D
Name=point_net_1/seg_l5_output_convolution_layer_1/seg_l5_output_convolution_layer_1/BiasAdd
Inputs:
	point_net_1/seg_l4_128_convolution_layer_1/Relu:0=Relu, [-1, 8192, 1, 128], 1
	point_net_1/seg_l5_output_convolution_layer_1/seg_l5_output_convolution_layer_1/convolution/ReadVariableOp:0=Const, [1, 1, 128, 12], 1
	point_net_1/seg_l5_output_convolution_layer_1/seg_l5_output_convolution_layer_1/Squeeze:0=Const, [12], 1
Outpus:
	point_net_1/seg_l5_output_convolution_layer_1/seg_l5_output_convolution_layer_1/BiasAdd:0=[-1, 8192, 1, 12], 1
2026-02-13 00:45:38,038 - tf2onnx.tfonnx - VERBOSE - Mapping TF node to ONNX node(s)
2026-02-13 00:45:38,039 - tf2onnx.tfonnx - DEBUG - Process node: point_net_1/seg_l5_output_convolution_layer_1/seg_l5_output_convolution_layer_1/convolution/ReadVariableOp
OP=Const
Name=point_net_1/seg_l5_output_convolution_layer_1/seg_l5_output_convolution_layer_1/convolution/ReadVariableOp
Outpus:
	point_net_1/seg_l5_output_convolution_layer_1/seg_l5_output_convolution_layer_1/convolution/ReadVariableOp:0=[1, 1, 128, 12], 1
2026-02-13 00:45:38,040 - tf2onnx.tfonnx - DEBUG - Process node: point_net_1/seg_l5_output_convolution_layer_1/seg_l5_output_convolution_layer_1/Squeeze
OP=Const
Name=point_net_1/seg_l5_output_convolution_layer_1/seg_l5_output_convolution_layer_1/Squeeze
Outpus:
	point_net_1/seg_l5_output_convolution_layer_1/seg_l5_output_convolution_layer_1/Squeeze:0=[12], 1
2026-02-13 00:45:38,041 - tf2onnx.tfonnx - DEBUG - Process node: point_net_1/seg_l4_128_convolution_layer_1/seg_l4_128_convolution_layer_1/convolution/merged_input
OP=Const
Name=point_net_1/seg_l4_128_convolution_layer_1/seg_l4_128_convolution_layer_1/convolution/merged_input
Outpus:
	point_net_1/seg_l4_128_convolution_layer_1/seg_l4_128_convolution_layer_1/convolution/merged_input:0=[1, 1, 128, 128], 1
2026-02-13 00:45:38,042 - tf2onnx.tfonnx - DEBUG - Process node: point_net_1/seg_l4_128_convolution_layer_1/batch_normalization_41_1/batchnorm/sub
OP=Const
Name=point_net_1/seg_l4_128_convolution_layer_1/batch_normalization_41_1/batchnorm/sub
Outpus:
	point_net_1/seg_l4_128_convolution_layer_1/batch_normalization_41_1/batchnorm/sub:0=[128], 1
2026-02-13 00:45:38,042 - tf2onnx.tfonnx - DEBUG - Process node: point_net_1/seg_l3_128_convolution_layer_1/seg_l3_128_convolution_layer_1/convolution/merged_input
OP=Const
Name=point_net_1/seg_l3_128_convolution_layer_1/seg_l3_128_convolution_layer_1/convolution/merged_input
Outpus:
	point_net_1/seg_l3_128_convolution_layer_1/seg_l3_128_convolution_layer_1/convolution/merged_input:0=[1, 1, 256, 128], 1
2026-02-13 00:45:38,043 - tf2onnx.tfonnx - DEBUG - Process node: point_net_1/seg_l3_128_convolution_layer_1/batch_normalization_40_1/batchnorm/sub
OP=Const
Name=point_net_1/seg_l3_128_convolution_layer_1/batch_normalization_40_1/batchnorm/sub
Outpus:
	point_net_1/seg_l3_128_convolution_layer_1/batch_normalization_40_1/batchnorm/sub:0=[128], 1
2026-02-13 00:45:38,044 - tf2onnx.tfonnx - DEBUG - Process node: point_net_1/seg_l2_256_convolution_layer_1/seg_l2_256_convolution_layer_1/convolution/merged_input
OP=Const
Name=point_net_1/seg_l2_256_convolution_layer_1/seg_l2_256_convolution_layer_1/convolution/merged_input
Outpus:
	point_net_1/seg_l2_256_convolution_layer_1/seg_l2_256_convolution_layer_1/convolution/merged_input:0=[1, 1, 512, 256], 1
2026-02-13 00:45:38,044 - tf2onnx.tfonnx - DEBUG - Process node: point_net_1/seg_l2_256_convolution_layer_1/batch_normalization_39_1/batchnorm/sub
OP=Const
Name=point_net_1/seg_l2_256_convolution_layer_1/batch_normalization_39_1/batchnorm/sub
Outpus:
	point_net_1/seg_l2_256_convolution_layer_1/batch_normalization_39_1/batchnorm/sub:0=[256], 1
2026-02-13 00:45:38,046 - tf2onnx.tfonnx - DEBUG - Process node: point_net_1/seg_l1_512_convolution_layer_1/seg_l1_512_convolution_layer_1/convolution/merged_input
OP=Const
Name=point_net_1/seg_l1_512_convolution_layer_1/seg_l1_512_convolution_layer_1/convolution/merged_input
Outpus:
	point_net_1/seg_l1_512_convolution_layer_1/seg_l1_512_convolution_layer_1/convolution/merged_input:0=[1, 1, 1088, 512], 1
2026-02-13 00:45:38,047 - tf2onnx.tfonnx - DEBUG - Process node: point_net_1/seg_l1_512_convolution_layer_1/batch_normalization_38_1/batchnorm/sub
OP=Const
Name=point_net_1/seg_l1_512_convolution_layer_1/batch_normalization_38_1/batchnorm/sub
Outpus:
	point_net_1/seg_l1_512_convolution_layer_1/batch_normalization_38_1/batchnorm/sub:0=[512], 1
2026-02-13 00:45:38,048 - tf2onnx.tfonnx - DEBUG - Process node: point_net_1/s3_l2_256_dense_layer_1/s3_l2_256_dense_layer_1/Cast/ReadVariableOp
OP=Const
Name=point_net_1/s3_l2_256_dense_layer_1/s3_l2_256_dense_layer_1/Cast/ReadVariableOp
Outpus:
	point_net_1/s3_l2_256_dense_layer_1/s3_l2_256_dense_layer_1/Cast/ReadVariableOp:0=[512, 256], 1
2026-02-13 00:45:38,048 - tf2onnx.tfonnx - DEBUG - Process node: point_net_1/s3_l2_256_dense_layer_1/batch_normalization_37_1/batchnorm/sub
OP=Const
Name=point_net_1/s3_l2_256_dense_layer_1/batch_normalization_37_1/batchnorm/sub
Outpus:
	point_net_1/s3_l2_256_dense_layer_1/batch_normalization_37_1/batchnorm/sub:0=[256], 1
2026-02-13 00:45:38,049 - tf2onnx.tfonnx - DEBUG - Process node: point_net_1/s3_l2_256_dense_layer_1/batch_normalization_37_1/batchnorm/mul
OP=Const
Name=point_net_1/s3_l2_256_dense_layer_1/batch_normalization_37_1/batchnorm/mul
Outpus:
	point_net_1/s3_l2_256_dense_layer_1/batch_normalization_37_1/batchnorm/mul:0=[256], 1
2026-02-13 00:45:38,050 - tf2onnx.tfonnx - DEBUG - Process node: point_net_1/s3_l1_512_dense_layer_1/s3_l1_512_dense_layer_1/Cast/ReadVariableOp
OP=Const
Name=point_net_1/s3_l1_512_dense_layer_1/s3_l1_512_dense_layer_1/Cast/ReadVariableOp
Outpus:
	point_net_1/s3_l1_512_dense_layer_1/s3_l1_512_dense_layer_1/Cast/ReadVariableOp:0=[1024, 512], 1
2026-02-13 00:45:38,050 - tf2onnx.tfonnx - DEBUG - Process node: point_net_1/s3_l1_512_dense_layer_1/batch_normalization_36_1/batchnorm/sub
OP=Const
Name=point_net_1/s3_l1_512_dense_layer_1/batch_normalization_36_1/batchnorm/sub
Outpus:
	point_net_1/s3_l1_512_dense_layer_1/batch_normalization_36_1/batchnorm/sub:0=[512], 1
2026-02-13 00:45:38,051 - tf2onnx.tfonnx - DEBUG - Process node: point_net_1/s3_l1_512_dense_layer_1/batch_normalization_36_1/batchnorm/mul
OP=Const
Name=point_net_1/s3_l1_512_dense_layer_1/batch_normalization_36_1/batchnorm/mul
Outpus:
	point_net_1/s3_l1_512_dense_layer_1/batch_normalization_36_1/batchnorm/mul:0=[512], 1
2026-02-13 00:45:38,052 - tf2onnx.tfonnx - DEBUG - Process node: point_net_1/s2_l3_1024_convolution_layer_1/s2_l3_1024_convolution_layer_1/convolution/merged_input
OP=Const
Name=point_net_1/s2_l3_1024_convolution_layer_1/s2_l3_1024_convolution_layer_1/convolution/merged_input
Outpus:
	point_net_1/s2_l3_1024_convolution_layer_1/s2_l3_1024_convolution_layer_1/convolution/merged_input:0=[1, 1, 128, 1024], 1
2026-02-13 00:45:38,052 - tf2onnx.tfonnx - DEBUG - Process node: point_net_1/s2_l3_1024_convolution_layer_1/batch_normalization_35_1/batchnorm/sub
OP=Const
Name=point_net_1/s2_l3_1024_convolution_layer_1/batch_normalization_35_1/batchnorm/sub
Outpus:
	point_net_1/s2_l3_1024_convolution_layer_1/batch_normalization_35_1/batchnorm/sub:0=[1024], 1
2026-02-13 00:45:38,053 - tf2onnx.tfonnx - DEBUG - Process node: point_net_1/s2_l2_128_convolution_layer_1/s2_l2_128_convolution_layer_1/convolution/merged_input
OP=Const
Name=point_net_1/s2_l2_128_convolution_layer_1/s2_l2_128_convolution_layer_1/convolution/merged_input
Outpus:
	point_net_1/s2_l2_128_convolution_layer_1/s2_l2_128_convolution_layer_1/convolution/merged_input:0=[1, 1, 64, 128], 1
2026-02-13 00:45:38,054 - tf2onnx.tfonnx - DEBUG - Process node: point_net_1/s2_l2_128_convolution_layer_1/batch_normalization_34_1/batchnorm/sub
OP=Const
Name=point_net_1/s2_l2_128_convolution_layer_1/batch_normalization_34_1/batchnorm/sub
Outpus:
	point_net_1/s2_l2_128_convolution_layer_1/batch_normalization_34_1/batchnorm/sub:0=[128], 1
2026-02-13 00:45:38,054 - tf2onnx.tfonnx - DEBUG - Process node: point_net_1/s2_l1_64_convolution_layer_1/s2_l1_64_convolution_layer_1/convolution/merged_input
OP=Const
Name=point_net_1/s2_l1_64_convolution_layer_1/s2_l1_64_convolution_layer_1/convolution/merged_input
Outpus:
	point_net_1/s2_l1_64_convolution_layer_1/s2_l1_64_convolution_layer_1/convolution/merged_input:0=[1, 1, 64, 64], 1
2026-02-13 00:45:38,055 - tf2onnx.tfonnx - DEBUG - Process node: point_net_1/s2_l1_64_convolution_layer_1/batch_normalization_33_1/batchnorm/sub
OP=Const
Name=point_net_1/s2_l1_64_convolution_layer_1/batch_normalization_33_1/batchnorm/sub
Outpus:
	point_net_1/s2_l1_64_convolution_layer_1/batch_normalization_33_1/batchnorm/sub:0=[64], 1
2026-02-13 00:45:38,055 - tf2onnx.tfonnx - DEBUG - Process node: point_net_1/s1_l2_64_convolution_layer_1/s1_l2_64_convolution_layer_1/convolution/merged_input
OP=Const
Name=point_net_1/s1_l2_64_convolution_layer_1/s1_l2_64_convolution_layer_1/convolution/merged_input
Outpus:
	point_net_1/s1_l2_64_convolution_layer_1/s1_l2_64_convolution_layer_1/convolution/merged_input:0=[1, 1, 64, 64], 1
2026-02-13 00:45:38,056 - tf2onnx.tfonnx - DEBUG - Process node: point_net_1/s1_l2_64_convolution_layer_1/batch_normalization_27_1/batchnorm/sub
OP=Const
Name=point_net_1/s1_l2_64_convolution_layer_1/batch_normalization_27_1/batchnorm/sub
Outpus:
	point_net_1/s1_l2_64_convolution_layer_1/batch_normalization_27_1/batchnorm/sub:0=[64], 1
2026-02-13 00:45:38,057 - tf2onnx.tfonnx - DEBUG - Process node: point_net_1/s1_l1_64_convolution_layer_1/s1_l1_64_convolution_layer_1/convolution/merged_input
OP=Const
Name=point_net_1/s1_l1_64_convolution_layer_1/s1_l1_64_convolution_layer_1/convolution/merged_input
Outpus:
	point_net_1/s1_l1_64_convolution_layer_1/s1_l1_64_convolution_layer_1/convolution/merged_input:0=[1, 1, 3, 64], 1
2026-02-13 00:45:38,058 - tf2onnx.tfonnx - DEBUG - Process node: point_net_1/s1_l1_64_convolution_layer_1/batch_normalization_26_1/batchnorm/sub
OP=Const
Name=point_net_1/s1_l1_64_convolution_layer_1/batch_normalization_26_1/batchnorm/sub
Outpus:
	point_net_1/s1_l1_64_convolution_layer_1/batch_normalization_26_1/batchnorm/sub:0=[64], 1
2026-02-13 00:45:38,058 - tf2onnx.tfonnx - DEBUG - Process node: point_net_1/output_dense_layer_1/output_dense_layer_1/Cast/ReadVariableOp
OP=Const
Name=point_net_1/output_dense_layer_1/output_dense_layer_1/Cast/ReadVariableOp
Outpus:
	point_net_1/output_dense_layer_1/output_dense_layer_1/Cast/ReadVariableOp:0=[256, 23], 1
2026-02-13 00:45:38,059 - tf2onnx.tfonnx - DEBUG - Process node: point_net_1/output_dense_layer_1/output_dense_layer_1/BiasAdd/ReadVariableOp
OP=Const
Name=point_net_1/output_dense_layer_1/output_dense_layer_1/BiasAdd/ReadVariableOp
Outpus:
	point_net_1/output_dense_layer_1/output_dense_layer_1/BiasAdd/ReadVariableOp:0=[23], 1
2026-02-13 00:45:38,060 - tf2onnx.tfonnx - DEBUG - Process node: point_net_1/input_transform_1/input_transform_dense_layer_2_dense_layer_1/input_transform_dense_layer_2_dense_layer_1/Cast/ReadVariableOp
OP=Const
Name=point_net_1/input_transform_1/input_transform_dense_layer_2_dense_layer_1/input_transform_dense_layer_2_dense_layer_1/Cast/ReadVariableOp
Outpus:
	point_net_1/input_transform_1/input_transform_dense_layer_2_dense_layer_1/input_transform_dense_layer_2_dense_layer_1/Cast/ReadVariableOp:0=[512, 256], 1
2026-02-13 00:45:38,060 - tf2onnx.tfonnx - DEBUG - Process node: point_net_1/input_transform_1/input_transform_dense_layer_2_dense_layer_1/batch_normalization_25_1/batchnorm/sub
OP=Const
Name=point_net_1/input_transform_1/input_transform_dense_layer_2_dense_layer_1/batch_normalization_25_1/batchnorm/sub
Outpus:
	point_net_1/input_transform_1/input_transform_dense_layer_2_dense_layer_1/batch_normalization_25_1/batchnorm/sub:0=[256], 1
2026-02-13 00:45:38,061 - tf2onnx.tfonnx - DEBUG - Process node: point_net_1/input_transform_1/input_transform_dense_layer_2_dense_layer_1/batch_normalization_25_1/batchnorm/mul
OP=Const
Name=point_net_1/input_transform_1/input_transform_dense_layer_2_dense_layer_1/batch_normalization_25_1/batchnorm/mul
Outpus:
	point_net_1/input_transform_1/input_transform_dense_layer_2_dense_layer_1/batch_normalization_25_1/batchnorm/mul:0=[256], 1
2026-02-13 00:45:38,062 - tf2onnx.tfonnx - DEBUG - Process node: point_net_1/input_transform_1/input_transform_dense_layer_1_dense_layer_1/input_transform_dense_layer_1_dense_layer_1/Cast/ReadVariableOp
OP=Const
Name=point_net_1/input_transform_1/input_transform_dense_layer_1_dense_layer_1/input_transform_dense_layer_1_dense_layer_1/Cast/ReadVariableOp
Outpus:
	point_net_1/input_transform_1/input_transform_dense_layer_1_dense_layer_1/input_transform_dense_layer_1_dense_layer_1/Cast/ReadVariableOp:0=[1024, 512], 1
2026-02-13 00:45:38,062 - tf2onnx.tfonnx - DEBUG - Process node: point_net_1/input_transform_1/input_transform_dense_layer_1_dense_layer_1/batch_normalization_24_1/batchnorm/sub
OP=Const
Name=point_net_1/input_transform_1/input_transform_dense_layer_1_dense_layer_1/batch_normalization_24_1/batchnorm/sub
Outpus:
	point_net_1/input_transform_1/input_transform_dense_layer_1_dense_layer_1/batch_normalization_24_1/batchnorm/sub:0=[512], 1
2026-02-13 00:45:38,063 - tf2onnx.tfonnx - DEBUG - Process node: point_net_1/input_transform_1/input_transform_dense_layer_1_dense_layer_1/batch_normalization_24_1/batchnorm/mul
OP=Const
Name=point_net_1/input_transform_1/input_transform_dense_layer_1_dense_layer_1/batch_normalization_24_1/batchnorm/mul
Outpus:
	point_net_1/input_transform_1/input_transform_dense_layer_1_dense_layer_1/batch_normalization_24_1/batchnorm/mul:0=[512], 1
2026-02-13 00:45:38,064 - tf2onnx.tfonnx - DEBUG - Process node: point_net_1/input_transform_1/input_transform_convolution_layer_3_convolution_layer_1/input_transform_convolution_layer_3_convolution_layer_1/convolution/merged_input
OP=Const
Name=point_net_1/input_transform_1/input_transform_convolution_layer_3_convolution_layer_1/input_transform_convolution_layer_3_convolution_layer_1/convolution/merged_input
Outpus:
	point_net_1/input_transform_1/input_transform_convolution_layer_3_convolution_layer_1/input_transform_convolution_layer_3_convolution_layer_1/convolution/merged_input:0=[1, 1, 128, 1024], 1
2026-02-13 00:45:38,064 - tf2onnx.tfonnx - DEBUG - Process node: point_net_1/input_transform_1/input_transform_convolution_layer_3_convolution_layer_1/batch_normalization_23_1/batchnorm/sub
OP=Const
Name=point_net_1/input_transform_1/input_transform_convolution_layer_3_convolution_layer_1/batch_normalization_23_1/batchnorm/sub
Outpus:
	point_net_1/input_transform_1/input_transform_convolution_layer_3_convolution_layer_1/batch_normalization_23_1/batchnorm/sub:0=[1024], 1
2026-02-13 00:45:38,065 - tf2onnx.tfonnx - DEBUG - Process node: point_net_1/input_transform_1/input_transform_convolution_layer_2_convolution_layer_1/input_transform_convolution_layer_2_convolution_layer_1/convolution/merged_input
OP=Const
Name=point_net_1/input_transform_1/input_transform_convolution_layer_2_convolution_layer_1/input_transform_convolution_layer_2_convolution_layer_1/convolution/merged_input
Outpus:
	point_net_1/input_transform_1/input_transform_convolution_layer_2_convolution_layer_1/input_transform_convolution_layer_2_convolution_layer_1/convolution/merged_input:0=[1, 1, 64, 128], 1
2026-02-13 00:45:38,066 - tf2onnx.tfonnx - DEBUG - Process node: point_net_1/input_transform_1/input_transform_convolution_layer_2_convolution_layer_1/batch_normalization_22_1/batchnorm/sub
OP=Const
Name=point_net_1/input_transform_1/input_transform_convolution_layer_2_convolution_layer_1/batch_normalization_22_1/batchnorm/sub
Outpus:
	point_net_1/input_transform_1/input_transform_convolution_layer_2_convolution_layer_1/batch_normalization_22_1/batchnorm/sub:0=[128], 1
2026-02-13 00:45:38,066 - tf2onnx.tfonnx - DEBUG - Process node: point_net_1/input_transform_1/input_transform_convolution_layer_1_convolution_layer_1/input_transform_convolution_layer_1_convolution_layer_1/convolution/merged_input
OP=Const
Name=point_net_1/input_transform_1/input_transform_convolution_layer_1_convolution_layer_1/input_transform_convolution_layer_1_convolution_layer_1/convolution/merged_input
Outpus:
	point_net_1/input_transform_1/input_transform_convolution_layer_1_convolution_layer_1/input_transform_convolution_layer_1_convolution_layer_1/convolution/merged_input:0=[1, 1, 3, 64], 1
2026-02-13 00:45:38,067 - tf2onnx.tfonnx - DEBUG - Process node: point_net_1/input_transform_1/input_transform_convolution_layer_1_convolution_layer_1/batch_normalization_21_1/batchnorm/sub
OP=Const
Name=point_net_1/input_transform_1/input_transform_convolution_layer_1_convolution_layer_1/batch_normalization_21_1/batchnorm/sub
Outpus:
	point_net_1/input_transform_1/input_transform_convolution_layer_1_convolution_layer_1/batch_normalization_21_1/batchnorm/sub:0=[64], 1
2026-02-13 00:45:38,067 - tf2onnx.tfonnx - DEBUG - Process node: point_net_1/input_transform_1/add/ReadVariableOp
OP=Const
Name=point_net_1/input_transform_1/add/ReadVariableOp
Outpus:
	point_net_1/input_transform_1/add/ReadVariableOp:0=[3, 3], 1
2026-02-13 00:45:38,068 - tf2onnx.tfonnx - DEBUG - Process node: point_net_1/input_transform_1/Reshape/shape
OP=Const
Name=point_net_1/input_transform_1/Reshape/shape
Outpus:
	point_net_1/input_transform_1/Reshape/shape:0=[3], 6
2026-02-13 00:45:38,069 - tf2onnx.tfonnx - DEBUG - Process node: point_net_1/input_transform_1/Max/reduction_indices
OP=Const
Name=point_net_1/input_transform_1/Max/reduction_indices
Outpus:
	point_net_1/input_transform_1/Max/reduction_indices:0=[], 6
2026-02-13 00:45:38,069 - tf2onnx.tfonnx - DEBUG - Process node: point_net_1/input_transform_1/MatMul/ReadVariableOp
OP=Const
Name=point_net_1/input_transform_1/MatMul/ReadVariableOp
Outpus:
	point_net_1/input_transform_1/MatMul/ReadVariableOp:0=[256, 9], 1
2026-02-13 00:45:38,070 - tf2onnx.tfonnx - DEBUG - Process node: point_net_1/input_transform_1/ExpandDims_1/dim
OP=Const
Name=point_net_1/input_transform_1/ExpandDims_1/dim
Outpus:
	point_net_1/input_transform_1/ExpandDims_1/dim:0=[], 6
2026-02-13 00:45:38,071 - tf2onnx.tfonnx - DEBUG - Process node: point_net_1/input_transform_1/ExpandDims/dim
OP=Const
Name=point_net_1/input_transform_1/ExpandDims/dim
Outpus:
	point_net_1/input_transform_1/ExpandDims/dim:0=[], 6
2026-02-13 00:45:38,072 - tf2onnx.tfonnx - DEBUG - Process node: point_net_1/input_normalization_1/Sum/reduction_indices
OP=Const
Name=point_net_1/input_normalization_1/Sum/reduction_indices
Outpus:
	point_net_1/input_normalization_1/Sum/reduction_indices:0=[], 6
2026-02-13 00:45:38,072 - tf2onnx.tfonnx - DEBUG - Process node: point_net_1/input_normalization_1/Mean/reduction_indices
OP=Const
Name=point_net_1/input_normalization_1/Mean/reduction_indices
Outpus:
	point_net_1/input_normalization_1/Mean/reduction_indices:0=[], 6
2026-02-13 00:45:38,073 - tf2onnx.tfonnx - DEBUG - Process node: point_net_1/input_normalization_1/Maximum/y
OP=Const
Name=point_net_1/input_normalization_1/Maximum/y
Outpus:
	point_net_1/input_normalization_1/Maximum/y:0=[], 1
2026-02-13 00:45:38,074 - tf2onnx.tfonnx - DEBUG - Process node: point_net_1/input_normalization_1/Max/reduction_indices
OP=Const
Name=point_net_1/input_normalization_1/Max/reduction_indices
Outpus:
	point_net_1/input_normalization_1/Max/reduction_indices:0=[], 6
2026-02-13 00:45:38,074 - tf2onnx.tfonnx - DEBUG - Process node: point_net_1/input_normalization_1/ExpandDims/dim
OP=Const
Name=point_net_1/input_normalization_1/ExpandDims/dim
Outpus:
	point_net_1/input_normalization_1/ExpandDims/dim:0=[], 6
2026-02-13 00:45:38,075 - tf2onnx.tfonnx - DEBUG - Process node: point_net_1/feature_transform_1/feature_transform_dense_layer_2_dense_layer_1/feature_transform_dense_layer_2_dense_layer_1/Cast/ReadVariableOp
OP=Const
Name=point_net_1/feature_transform_1/feature_transform_dense_layer_2_dense_layer_1/feature_transform_dense_layer_2_dense_layer_1/Cast/ReadVariableOp
Outpus:
	point_net_1/feature_transform_1/feature_transform_dense_layer_2_dense_layer_1/feature_transform_dense_layer_2_dense_layer_1/Cast/ReadVariableOp:0=[512, 256], 1
2026-02-13 00:45:38,076 - tf2onnx.tfonnx - DEBUG - Process node: point_net_1/feature_transform_1/feature_transform_dense_layer_2_dense_layer_1/batch_normalization_32_1/batchnorm/sub
OP=Const
Name=point_net_1/feature_transform_1/feature_transform_dense_layer_2_dense_layer_1/batch_normalization_32_1/batchnorm/sub
Outpus:
	point_net_1/feature_transform_1/feature_transform_dense_layer_2_dense_layer_1/batch_normalization_32_1/batchnorm/sub:0=[256], 1
2026-02-13 00:45:38,076 - tf2onnx.tfonnx - DEBUG - Process node: point_net_1/feature_transform_1/feature_transform_dense_layer_2_dense_layer_1/batch_normalization_32_1/batchnorm/mul
OP=Const
Name=point_net_1/feature_transform_1/feature_transform_dense_layer_2_dense_layer_1/batch_normalization_32_1/batchnorm/mul
Outpus:
	point_net_1/feature_transform_1/feature_transform_dense_layer_2_dense_layer_1/batch_normalization_32_1/batchnorm/mul:0=[256], 1
2026-02-13 00:45:38,077 - tf2onnx.tfonnx - DEBUG - Process node: point_net_1/feature_transform_1/feature_transform_dense_layer_1_dense_layer_1/feature_transform_dense_layer_1_dense_layer_1/Cast/ReadVariableOp
OP=Const
Name=point_net_1/feature_transform_1/feature_transform_dense_layer_1_dense_layer_1/feature_transform_dense_layer_1_dense_layer_1/Cast/ReadVariableOp
Outpus:
	point_net_1/feature_transform_1/feature_transform_dense_layer_1_dense_layer_1/feature_transform_dense_layer_1_dense_layer_1/Cast/ReadVariableOp:0=[1024, 512], 1
2026-02-13 00:45:38,078 - tf2onnx.tfonnx - DEBUG - Process node: point_net_1/feature_transform_1/feature_transform_dense_layer_1_dense_layer_1/batch_normalization_31_1/batchnorm/sub
OP=Const
Name=point_net_1/feature_transform_1/feature_transform_dense_layer_1_dense_layer_1/batch_normalization_31_1/batchnorm/sub
Outpus:
	point_net_1/feature_transform_1/feature_transform_dense_layer_1_dense_layer_1/batch_normalization_31_1/batchnorm/sub:0=[512], 1
2026-02-13 00:45:38,078 - tf2onnx.tfonnx - DEBUG - Process node: point_net_1/feature_transform_1/feature_transform_dense_layer_1_dense_layer_1/batch_normalization_31_1/batchnorm/mul
OP=Const
Name=point_net_1/feature_transform_1/feature_transform_dense_layer_1_dense_layer_1/batch_normalization_31_1/batchnorm/mul
Outpus:
	point_net_1/feature_transform_1/feature_transform_dense_layer_1_dense_layer_1/batch_normalization_31_1/batchnorm/mul:0=[512], 1
2026-02-13 00:45:38,079 - tf2onnx.tfonnx - DEBUG - Process node: point_net_1/feature_transform_1/feature_transform_convolution_layer_3_convolution_layer_1/feature_transform_convolution_layer_3_convolution_layer_1/convolution/merged_input
OP=Const
Name=point_net_1/feature_transform_1/feature_transform_convolution_layer_3_convolution_layer_1/feature_transform_convolution_layer_3_convolution_layer_1/convolution/merged_input
Outpus:
	point_net_1/feature_transform_1/feature_transform_convolution_layer_3_convolution_layer_1/feature_transform_convolution_layer_3_convolution_layer_1/convolution/merged_input:0=[1, 1, 128, 1024], 1
2026-02-13 00:45:38,080 - tf2onnx.tfonnx - DEBUG - Process node: point_net_1/feature_transform_1/feature_transform_convolution_layer_3_convolution_layer_1/batch_normalization_30_1/batchnorm/sub
OP=Const
Name=point_net_1/feature_transform_1/feature_transform_convolution_layer_3_convolution_layer_1/batch_normalization_30_1/batchnorm/sub
Outpus:
	point_net_1/feature_transform_1/feature_transform_convolution_layer_3_convolution_layer_1/batch_normalization_30_1/batchnorm/sub:0=[1024], 1
2026-02-13 00:45:38,080 - tf2onnx.tfonnx - DEBUG - Process node: point_net_1/feature_transform_1/feature_transform_convolution_layer_2_convolution_layer_1/feature_transform_convolution_layer_2_convolution_layer_1/convolution/merged_input
OP=Const
Name=point_net_1/feature_transform_1/feature_transform_convolution_layer_2_convolution_layer_1/feature_transform_convolution_layer_2_convolution_layer_1/convolution/merged_input
Outpus:
	point_net_1/feature_transform_1/feature_transform_convolution_layer_2_convolution_layer_1/feature_transform_convolution_layer_2_convolution_layer_1/convolution/merged_input:0=[1, 1, 64, 128], 1
2026-02-13 00:45:38,081 - tf2onnx.tfonnx - DEBUG - Process node: point_net_1/feature_transform_1/feature_transform_convolution_layer_2_convolution_layer_1/batch_normalization_29_1/batchnorm/sub
OP=Const
Name=point_net_1/feature_transform_1/feature_transform_convolution_layer_2_convolution_layer_1/batch_normalization_29_1/batchnorm/sub
Outpus:
	point_net_1/feature_transform_1/feature_transform_convolution_layer_2_convolution_layer_1/batch_normalization_29_1/batchnorm/sub:0=[128], 1
2026-02-13 00:45:38,082 - tf2onnx.tfonnx - DEBUG - Process node: point_net_1/feature_transform_1/feature_transform_convolution_layer_1_convolution_layer_1/feature_transform_convolution_layer_1_convolution_layer_1/convolution/merged_input
OP=Const
Name=point_net_1/feature_transform_1/feature_transform_convolution_layer_1_convolution_layer_1/feature_transform_convolution_layer_1_convolution_layer_1/convolution/merged_input
Outpus:
	point_net_1/feature_transform_1/feature_transform_convolution_layer_1_convolution_layer_1/feature_transform_convolution_layer_1_convolution_layer_1/convolution/merged_input:0=[1, 1, 64, 64], 1
2026-02-13 00:45:38,083 - tf2onnx.tfonnx - DEBUG - Process node: point_net_1/feature_transform_1/feature_transform_convolution_layer_1_convolution_layer_1/batch_normalization_28_1/batchnorm/sub
OP=Const
Name=point_net_1/feature_transform_1/feature_transform_convolution_layer_1_convolution_layer_1/batch_normalization_28_1/batchnorm/sub
Outpus:
	point_net_1/feature_transform_1/feature_transform_convolution_layer_1_convolution_layer_1/batch_normalization_28_1/batchnorm/sub:0=[64], 1
2026-02-13 00:45:38,083 - tf2onnx.tfonnx - DEBUG - Process node: point_net_1/feature_transform_1/add/ReadVariableOp
OP=Const
Name=point_net_1/feature_transform_1/add/ReadVariableOp
Outpus:
	point_net_1/feature_transform_1/add/ReadVariableOp:0=[64, 64], 1
2026-02-13 00:45:38,084 - tf2onnx.tfonnx - DEBUG - Process node: point_net_1/feature_transform_1/Reshape/shape
OP=Const
Name=point_net_1/feature_transform_1/Reshape/shape
Outpus:
	point_net_1/feature_transform_1/Reshape/shape:0=[3], 6
2026-02-13 00:45:38,085 - tf2onnx.tfonnx - DEBUG - Process node: point_net_1/feature_transform_1/Max/reduction_indices
OP=Const
Name=point_net_1/feature_transform_1/Max/reduction_indices
Outpus:
	point_net_1/feature_transform_1/Max/reduction_indices:0=[], 6
2026-02-13 00:45:38,085 - tf2onnx.tfonnx - DEBUG - Process node: point_net_1/feature_transform_1/MatMul/ReadVariableOp
OP=Const
Name=point_net_1/feature_transform_1/MatMul/ReadVariableOp
Outpus:
	point_net_1/feature_transform_1/MatMul/ReadVariableOp:0=[256, 4096], 1
2026-02-13 00:45:38,086 - tf2onnx.tfonnx - DEBUG - Process node: point_net_1/feature_transform_1/ExpandDims_1/dim
OP=Const
Name=point_net_1/feature_transform_1/ExpandDims_1/dim
Outpus:
	point_net_1/feature_transform_1/ExpandDims_1/dim:0=[], 6
2026-02-13 00:45:38,087 - tf2onnx.tfonnx - DEBUG - Process node: point_net_1/feature_transform_1/ExpandDims/dim
OP=Const
Name=point_net_1/feature_transform_1/ExpandDims/dim
Outpus:
	point_net_1/feature_transform_1/ExpandDims/dim:0=[], 6
2026-02-13 00:45:38,087 - tf2onnx.tfonnx - DEBUG - Process node: point_net_1/concat/axis
OP=Const
Name=point_net_1/concat/axis
Outpus:
	point_net_1/concat/axis:0=[], 6
2026-02-13 00:45:38,088 - tf2onnx.tfonnx - DEBUG - Process node: point_net_1/Tile/multiples
OP=Const
Name=point_net_1/Tile/multiples
Outpus:
	point_net_1/Tile/multiples:0=[3], 6
2026-02-13 00:45:38,089 - tf2onnx.tfonnx - DEBUG - Process node: point_net_1/Max/reduction_indices
OP=Const
Name=point_net_1/Max/reduction_indices
Outpus:
	point_net_1/Max/reduction_indices:0=[], 6
2026-02-13 00:45:38,090 - tf2onnx.tfonnx - DEBUG - Process node: point_net_1/ExpandDims_3/dim
OP=Const
Name=point_net_1/ExpandDims_3/dim
Outpus:
	point_net_1/ExpandDims_3/dim:0=[], 6
2026-02-13 00:45:38,090 - tf2onnx.tfonnx - DEBUG - Process node: point_net_1/ExpandDims_2/dim
OP=Const
Name=point_net_1/ExpandDims_2/dim
Outpus:
	point_net_1/ExpandDims_2/dim:0=[], 6
2026-02-13 00:45:38,091 - tf2onnx.tfonnx - DEBUG - Process node: point_net_1/ExpandDims_1/dim
OP=Const
Name=point_net_1/ExpandDims_1/dim
Outpus:
	point_net_1/ExpandDims_1/dim:0=[], 6
2026-02-13 00:45:38,092 - tf2onnx.tfonnx - DEBUG - Process node: point_net_1/ExpandDims/dim
OP=Const
Name=point_net_1/ExpandDims/dim
Outpus:
	point_net_1/ExpandDims/dim:0=[], 6
2026-02-13 00:45:38,093 - tf2onnx.tfonnx - DEBUG - Process node: args_0
OP=Placeholder
Name=args_0
Outpus:
	args_0=[-1, 8192, 3], 1
2026-02-13 00:45:38,094 - tf2onnx.tfonnx - DEBUG - Process node: point_net_1/input_normalization_1/Mean
OP=Mean
Name=point_net_1/input_normalization_1/Mean
Inputs:
	args_0=Placeholder, [-1, 8192, 3], 1
	point_net_1/input_normalization_1/Mean/reduction_indices:0=Const, [], 6
Outpus:
	point_net_1/input_normalization_1/Mean:0=[-1, 1, 3], 1
2026-02-13 00:45:38,095 - tf2onnx.tfonnx - DEBUG - Process node: point_net_1/input_normalization_1/sub
OP=Sub
Name=point_net_1/input_normalization_1/sub
Inputs:
	args_0=Placeholder, [-1, 8192, 3], 1
	point_net_1/input_normalization_1/Mean:0=ReduceMean, [-1, 1, 3], 1
Outpus:
	point_net_1/input_normalization_1/sub:0=[-1, 8192, 3], 1
2026-02-13 00:45:38,095 - tf2onnx.tfonnx - DEBUG - Process node: point_net_1/input_normalization_1/Square
OP=Square
Name=point_net_1/input_normalization_1/Square
Inputs:
	point_net_1/input_normalization_1/sub:0=Sub, [-1, 8192, 3], 1
Outpus:
	point_net_1/input_normalization_1/Square:0=[-1, 8192, 3], 1
2026-02-13 00:45:38,105 - tf2onnx.tfonnx - DEBUG - Process node: point_net_1/input_normalization_1/Sum
OP=Sum
Name=point_net_1/input_normalization_1/Sum
Inputs:
	point_net_1/input_normalization_1/Square:0=Mul, [-1, 8192, 3], 1
	point_net_1/input_normalization_1/Sum/reduction_indices:0=Const, [], 6
Outpus:
	point_net_1/input_normalization_1/Sum:0=[-1, 8192], 1
2026-02-13 00:45:38,106 - tf2onnx.graph - DEBUG - Making node: Name=point_net_1/input_normalization_1/Sum__181, OP=Cast
2026-02-13 00:45:38,106 - tf2onnx.graph - DEBUG - Infer shape and dtype for [point_net_1/input_normalization_1/Sum__181]
2026-02-13 00:45:38,107 - tf2onnx.graph - DEBUG - Set dtype of [point_net_1/input_normalization_1/Sum__181:0] to 7
2026-02-13 00:45:38,107 - tf2onnx.graph - DEBUG - Set shape of [point_net_1/input_normalization_1/Sum__181:0] to []
2026-02-13 00:45:38,108 - tf2onnx.graph - DEBUG - Made node: point_net_1/input_normalization_1/Sum__181
OP=Cast
Name=point_net_1/input_normalization_1/Sum__181
Inputs:
	point_net_1/input_normalization_1/Sum/reduction_indices:0=Const, [], 6
Outpus:
	point_net_1/input_normalization_1/Sum__181:0=[], 7
2026-02-13 00:45:38,108 - tf2onnx.graph - DEBUG - Making node: Name=reshape_const__182, OP=Const
2026-02-13 00:45:38,109 - tf2onnx.graph - DEBUG - Made node: reshape_const__182
OP=Const
Name=reshape_const__182
Outpus:
	reshape_const__182=None, 7
2026-02-13 00:45:38,109 - tf2onnx.graph - DEBUG - Making node: Name=point_net_1/input_normalization_1/Sum__183, OP=Reshape
2026-02-13 00:45:38,110 - tf2onnx.graph - DEBUG - Infer shape and dtype for [point_net_1/input_normalization_1/Sum__183]
2026-02-13 00:45:38,110 - tf2onnx.graph - DEBUG - Set dtype of [point_net_1/input_normalization_1/Sum__183:0] to 7
2026-02-13 00:45:38,111 - tf2onnx.graph - DEBUG - Set shape of [point_net_1/input_normalization_1/Sum__183:0] to [1]
2026-02-13 00:45:38,111 - tf2onnx.graph - DEBUG - Made node: point_net_1/input_normalization_1/Sum__183
OP=Reshape
Name=point_net_1/input_normalization_1/Sum__183
Inputs:
	point_net_1/input_normalization_1/Sum__181:0=Cast, [], 7
	reshape_const__182=Const, [1], 7
Outpus:
	point_net_1/input_normalization_1/Sum__183:0=[1], 7
2026-02-13 00:45:38,111 - tf2onnx.tfonnx - DEBUG - Process node: point_net_1/input_normalization_1/Sqrt
OP=Sqrt
Name=point_net_1/input_normalization_1/Sqrt
Inputs:
	point_net_1/input_normalization_1/Sum:0=ReduceSum, [-1, 8192], 1
Outpus:
	point_net_1/input_normalization_1/Sqrt:0=[-1, 8192], 1
2026-02-13 00:45:38,112 - tf2onnx.tfonnx - DEBUG - Process node: point_net_1/input_normalization_1/Max
OP=Max
Name=point_net_1/input_normalization_1/Max
Inputs:
	point_net_1/input_normalization_1/Sqrt:0=Sqrt, [-1, 8192], 1
	point_net_1/input_normalization_1/Max/reduction_indices:0=Const, [], 6
Outpus:
	point_net_1/input_normalization_1/Max:0=[-1, 1], 1
2026-02-13 00:45:38,112 - tf2onnx.tfonnx - DEBUG - Process node: point_net_1/input_normalization_1/ExpandDims
OP=ExpandDims
Name=point_net_1/input_normalization_1/ExpandDims
Inputs:
	point_net_1/input_normalization_1/Max:0=ReduceMax, [-1, 1], 1
	point_net_1/input_normalization_1/ExpandDims/dim:0=Const, [], 6
Outpus:
	point_net_1/input_normalization_1/ExpandDims:0=[-1, 1, 1], 1
2026-02-13 00:45:38,113 - tf2onnx.graph - DEBUG - Making node: Name=point_net_1/input_normalization_1/ExpandDims__184, OP=Cast
2026-02-13 00:45:38,113 - tf2onnx.graph - DEBUG - Infer shape and dtype for [point_net_1/input_normalization_1/ExpandDims__184]
2026-02-13 00:45:38,114 - tf2onnx.graph - DEBUG - Set dtype of [point_net_1/input_normalization_1/ExpandDims__184:0] to 7
2026-02-13 00:45:38,114 - tf2onnx.graph - DEBUG - Set shape of [point_net_1/input_normalization_1/ExpandDims__184:0] to []
2026-02-13 00:45:38,114 - tf2onnx.graph - DEBUG - Made node: point_net_1/input_normalization_1/ExpandDims__184
OP=Cast
Name=point_net_1/input_normalization_1/ExpandDims__184
Inputs:
	point_net_1/input_normalization_1/ExpandDims/dim:0=Const, [], 6
Outpus:
	point_net_1/input_normalization_1/ExpandDims__184:0=[], 7
2026-02-13 00:45:38,115 - tf2onnx.graph - DEBUG - Making node: Name=reshape_const__185, OP=Const
2026-02-13 00:45:38,115 - tf2onnx.graph - DEBUG - Made node: reshape_const__185
OP=Const
Name=reshape_const__185
Outpus:
	reshape_const__185=None, 7
2026-02-13 00:45:38,116 - tf2onnx.graph - DEBUG - Making node: Name=Reshape__186, OP=Reshape
2026-02-13 00:45:38,116 - tf2onnx.graph - DEBUG - Infer shape and dtype for [Reshape__186]
2026-02-13 00:45:38,116 - tf2onnx.graph - DEBUG - Set dtype of [Reshape__186:0] to 7
2026-02-13 00:45:38,117 - tf2onnx.graph - DEBUG - Set shape of [Reshape__186:0] to [1]
2026-02-13 00:45:38,117 - tf2onnx.graph - DEBUG - Made node: Reshape__186
OP=Reshape
Name=Reshape__186
Inputs:
	point_net_1/input_normalization_1/ExpandDims__184:0=Cast, [], 7
	reshape_const__185=Const, [1], 7
Outpus:
	Reshape__186:0=[1], 7
2026-02-13 00:45:38,117 - tf2onnx.tfonnx - DEBUG - Process node: point_net_1/input_normalization_1/Maximum
OP=Maximum
Name=point_net_1/input_normalization_1/Maximum
Inputs:
	point_net_1/input_normalization_1/ExpandDims:0=Unsqueeze, [-1, 1, 1], 1
	point_net_1/input_normalization_1/Maximum/y:0=Const, [], 1
Outpus:
	point_net_1/input_normalization_1/Maximum:0=[-1, 1, 1], 1
2026-02-13 00:45:38,118 - tf2onnx.tfonnx - DEBUG - Process node: point_net_1/input_normalization_1/truediv
OP=RealDiv
Name=point_net_1/input_normalization_1/truediv
Inputs:
	point_net_1/input_normalization_1/sub:0=Sub, [-1, 8192, 3], 1
	point_net_1/input_normalization_1/Maximum:0=Max, [-1, 1, 1], 1
Outpus:
	point_net_1/input_normalization_1/truediv:0=[-1, 8192, 3], 1
2026-02-13 00:45:38,118 - tf2onnx.tfonnx - DEBUG - Process node: point_net_1/input_transform_1/ExpandDims
OP=ExpandDims
Name=point_net_1/input_transform_1/ExpandDims
Inputs:
	point_net_1/input_normalization_1/truediv:0=Div, [-1, 8192, 3], 1
	point_net_1/input_transform_1/ExpandDims/dim:0=Const, [], 6
Outpus:
	point_net_1/input_transform_1/ExpandDims:0=[-1, 8192, 1, 3], 1
2026-02-13 00:45:38,118 - tf2onnx.graph - DEBUG - Making node: Name=point_net_1/input_transform_1/ExpandDims__187, OP=Cast
2026-02-13 00:45:38,119 - tf2onnx.graph - DEBUG - Infer shape and dtype for [point_net_1/input_transform_1/ExpandDims__187]
2026-02-13 00:45:38,119 - tf2onnx.graph - DEBUG - Set dtype of [point_net_1/input_transform_1/ExpandDims__187:0] to 7
2026-02-13 00:45:38,119 - tf2onnx.graph - DEBUG - Set shape of [point_net_1/input_transform_1/ExpandDims__187:0] to []
2026-02-13 00:45:38,120 - tf2onnx.graph - DEBUG - Made node: point_net_1/input_transform_1/ExpandDims__187
OP=Cast
Name=point_net_1/input_transform_1/ExpandDims__187
Inputs:
	point_net_1/input_transform_1/ExpandDims/dim:0=Const, [], 6
Outpus:
	point_net_1/input_transform_1/ExpandDims__187:0=[], 7
2026-02-13 00:45:38,120 - tf2onnx.graph - DEBUG - Making node: Name=reshape_const__188, OP=Const
2026-02-13 00:45:38,120 - tf2onnx.graph - DEBUG - Made node: reshape_const__188
OP=Const
Name=reshape_const__188
Outpus:
	reshape_const__188=None, 7
2026-02-13 00:45:38,121 - tf2onnx.graph - DEBUG - Making node: Name=Reshape__189, OP=Reshape
2026-02-13 00:45:38,121 - tf2onnx.graph - DEBUG - Infer shape and dtype for [Reshape__189]
2026-02-13 00:45:38,121 - tf2onnx.graph - DEBUG - Set dtype of [Reshape__189:0] to 7
2026-02-13 00:45:38,121 - tf2onnx.graph - DEBUG - Set shape of [Reshape__189:0] to [1]
2026-02-13 00:45:38,122 - tf2onnx.graph - DEBUG - Made node: Reshape__189
OP=Reshape
Name=Reshape__189
Inputs:
	point_net_1/input_transform_1/ExpandDims__187:0=Cast, [], 7
	reshape_const__188=Const, [1], 7
Outpus:
	Reshape__189:0=[1], 7
2026-02-13 00:45:38,122 - tf2onnx.tfonnx - DEBUG - Process node: point_net_1/input_transform_1/input_transform_convolution_layer_1_convolution_layer_1/batch_normalization_21_1/batchnorm/mul_1
OP=Conv2D
Name=point_net_1/input_transform_1/input_transform_convolution_layer_1_convolution_layer_1/batch_normalization_21_1/batchnorm/mul_1
Inputs:
	point_net_1/input_transform_1/ExpandDims:0=Unsqueeze, [-1, 8192, 1, 3], 1
	point_net_1/input_transform_1/input_transform_convolution_layer_1_convolution_layer_1/input_transform_convolution_layer_1_convolution_layer_1/convolution/merged_input:0=Const, [1, 1, 3, 64], 1
Outpus:
	point_net_1/input_transform_1/input_transform_convolution_layer_1_convolution_layer_1/batch_normalization_21_1/batchnorm/mul_1:0=[-1, 8192, 1, 64], 1
2026-02-13 00:45:38,122 - tf2onnx.graph - DEBUG - Making node: Name=point_net_1/input_transform_1/input_transform_convolution_layer_1_convolution_layer_1/batch_normalization_21_1/batchnorm/mul_1__190, OP=Transpose
2026-02-13 00:45:38,122 - tf2onnx.graph - DEBUG - Infer shape and dtype for [point_net_1/input_transform_1/input_transform_convolution_layer_1_convolution_layer_1/batch_normalization_21_1/batchnorm/mul_1__190]
2026-02-13 00:45:38,123 - tf2onnx.graph - DEBUG - Set dtype of [point_net_1/input_transform_1/input_transform_convolution_layer_1_convolution_layer_1/batch_normalization_21_1/batchnorm/mul_1__190:0] to 1
2026-02-13 00:45:38,123 - tf2onnx.graph - DEBUG - Set shape of [point_net_1/input_transform_1/input_transform_convolution_layer_1_convolution_layer_1/batch_normalization_21_1/batchnorm/mul_1__190:0] to [3, 1, 8192, -1]
2026-02-13 00:45:38,123 - tf2onnx.graph - DEBUG - Made node: point_net_1/input_transform_1/input_transform_convolution_layer_1_convolution_layer_1/batch_normalization_21_1/batchnorm/mul_1__190
OP=Transpose
Name=point_net_1/input_transform_1/input_transform_convolution_layer_1_convolution_layer_1/batch_normalization_21_1/batchnorm/mul_1__190
Inputs:
	point_net_1/input_transform_1/ExpandDims:0=Unsqueeze, [-1, 8192, 1, 3], 1
Outpus:
	point_net_1/input_transform_1/input_transform_convolution_layer_1_convolution_layer_1/batch_normalization_21_1/batchnorm/mul_1__190:0=[3, 1, 8192, -1], 1
2026-02-13 00:45:38,124 - tf2onnx.graph - DEBUG - Making node: Name=point_net_1/input_transform_1/input_transform_convolution_layer_1_convolution_layer_1/batch_normalization_21_1/batchnorm/mul_1__192, OP=Transpose
2026-02-13 00:45:38,124 - tf2onnx.graph - DEBUG - Infer shape and dtype for [point_net_1/input_transform_1/input_transform_convolution_layer_1_convolution_layer_1/batch_normalization_21_1/batchnorm/mul_1__192]
2026-02-13 00:45:38,124 - tf2onnx.graph - DEBUG - Set dtype of [point_net_1/input_transform_1/input_transform_convolution_layer_1_convolution_layer_1/batch_normalization_21_1/batchnorm/mul_1__192:0] to 1
2026-02-13 00:45:38,125 - tf2onnx.graph - DEBUG - Set shape of [point_net_1/input_transform_1/input_transform_convolution_layer_1_convolution_layer_1/batch_normalization_21_1/batchnorm/mul_1__192:0] to [64, 1, 8192, -1]
2026-02-13 00:45:38,125 - tf2onnx.graph - DEBUG - Made node: point_net_1/input_transform_1/input_transform_convolution_layer_1_convolution_layer_1/batch_normalization_21_1/batchnorm/mul_1__192
OP=Transpose
Name=point_net_1/input_transform_1/input_transform_convolution_layer_1_convolution_layer_1/batch_normalization_21_1/batchnorm/mul_1__192
Inputs:
	point_net_1/input_transform_1/input_transform_convolution_layer_1_convolution_layer_1/batch_normalization_21_1/batchnorm/mul_1:0=Conv, [-1, 8192, 1, 64], 1
Outpus:
	point_net_1/input_transform_1/input_transform_convolution_layer_1_convolution_layer_1/batch_normalization_21_1/batchnorm/mul_1__192:0=[64, 1, 8192, -1], 1
2026-02-13 00:45:38,125 - tf2onnx.tfonnx - DEBUG - Process node: point_net_1/input_transform_1/input_transform_convolution_layer_1_convolution_layer_1/batch_normalization_21_1/batchnorm/add_1
OP=AddV2
Name=point_net_1/input_transform_1/input_transform_convolution_layer_1_convolution_layer_1/batch_normalization_21_1/batchnorm/add_1
Inputs:
	point_net_1/input_transform_1/input_transform_convolution_layer_1_convolution_layer_1/batch_normalization_21_1/batchnorm/mul_1__192:0=Transpose, [-1, 8192, 1, 64], 1
	point_net_1/input_transform_1/input_transform_convolution_layer_1_convolution_layer_1/batch_normalization_21_1/batchnorm/sub:0=Const, [64], 1
Outpus:
	point_net_1/input_transform_1/input_transform_convolution_layer_1_convolution_layer_1/batch_normalization_21_1/batchnorm/add_1:0=[-1, 8192, 1, 64], 1
2026-02-13 00:45:38,126 - tf2onnx.tfonnx - DEBUG - Process node: point_net_1/input_transform_1/input_transform_convolution_layer_1_convolution_layer_1/Relu
OP=Relu
Name=point_net_1/input_transform_1/input_transform_convolution_layer_1_convolution_layer_1/Relu
Inputs:
	point_net_1/input_transform_1/input_transform_convolution_layer_1_convolution_layer_1/batch_normalization_21_1/batchnorm/add_1:0=Add, [-1, 8192, 1, 64], 1
Outpus:
	point_net_1/input_transform_1/input_transform_convolution_layer_1_convolution_layer_1/Relu:0=[-1, 8192, 1, 64], 1
2026-02-13 00:45:38,126 - tf2onnx.tfonnx - DEBUG - Process node: point_net_1/input_transform_1/input_transform_convolution_layer_2_convolution_layer_1/batch_normalization_22_1/batchnorm/mul_1
OP=Conv2D
Name=point_net_1/input_transform_1/input_transform_convolution_layer_2_convolution_layer_1/batch_normalization_22_1/batchnorm/mul_1
Inputs:
	point_net_1/input_transform_1/input_transform_convolution_layer_1_convolution_layer_1/Relu:0=Relu, [-1, 8192, 1, 64], 1
	point_net_1/input_transform_1/input_transform_convolution_layer_2_convolution_layer_1/input_transform_convolution_layer_2_convolution_layer_1/convolution/merged_input:0=Const, [1, 1, 64, 128], 1
Outpus:
	point_net_1/input_transform_1/input_transform_convolution_layer_2_convolution_layer_1/batch_normalization_22_1/batchnorm/mul_1:0=[-1, 8192, 1, 128], 1
2026-02-13 00:45:38,126 - tf2onnx.graph - DEBUG - Making node: Name=point_net_1/input_transform_1/input_transform_convolution_layer_2_convolution_layer_1/batch_normalization_22_1/batchnorm/mul_1__194, OP=Transpose
2026-02-13 00:45:38,126 - tf2onnx.graph - DEBUG - Infer shape and dtype for [point_net_1/input_transform_1/input_transform_convolution_layer_2_convolution_layer_1/batch_normalization_22_1/batchnorm/mul_1__194]
2026-02-13 00:45:38,127 - tf2onnx.graph - DEBUG - Set dtype of [point_net_1/input_transform_1/input_transform_convolution_layer_2_convolution_layer_1/batch_normalization_22_1/batchnorm/mul_1__194:0] to 1
2026-02-13 00:45:38,127 - tf2onnx.graph - DEBUG - Set shape of [point_net_1/input_transform_1/input_transform_convolution_layer_2_convolution_layer_1/batch_normalization_22_1/batchnorm/mul_1__194:0] to [64, 1, 8192, -1]
2026-02-13 00:45:38,127 - tf2onnx.graph - DEBUG - Made node: point_net_1/input_transform_1/input_transform_convolution_layer_2_convolution_layer_1/batch_normalization_22_1/batchnorm/mul_1__194
OP=Transpose
Name=point_net_1/input_transform_1/input_transform_convolution_layer_2_convolution_layer_1/batch_normalization_22_1/batchnorm/mul_1__194
Inputs:
	point_net_1/input_transform_1/input_transform_convolution_layer_1_convolution_layer_1/Relu:0=Relu, [-1, 8192, 1, 64], 1
Outpus:
	point_net_1/input_transform_1/input_transform_convolution_layer_2_convolution_layer_1/batch_normalization_22_1/batchnorm/mul_1__194:0=[64, 1, 8192, -1], 1
2026-02-13 00:45:38,128 - tf2onnx.graph - DEBUG - Making node: Name=point_net_1/input_transform_1/input_transform_convolution_layer_2_convolution_layer_1/batch_normalization_22_1/batchnorm/mul_1__196, OP=Transpose
2026-02-13 00:45:38,128 - tf2onnx.graph - DEBUG - Infer shape and dtype for [point_net_1/input_transform_1/input_transform_convolution_layer_2_convolution_layer_1/batch_normalization_22_1/batchnorm/mul_1__196]
2026-02-13 00:45:38,128 - tf2onnx.graph - DEBUG - Set dtype of [point_net_1/input_transform_1/input_transform_convolution_layer_2_convolution_layer_1/batch_normalization_22_1/batchnorm/mul_1__196:0] to 1
2026-02-13 00:45:38,129 - tf2onnx.graph - DEBUG - Set shape of [point_net_1/input_transform_1/input_transform_convolution_layer_2_convolution_layer_1/batch_normalization_22_1/batchnorm/mul_1__196:0] to [128, 1, 8192, -1]
2026-02-13 00:45:38,129 - tf2onnx.graph - DEBUG - Made node: point_net_1/input_transform_1/input_transform_convolution_layer_2_convolution_layer_1/batch_normalization_22_1/batchnorm/mul_1__196
OP=Transpose
Name=point_net_1/input_transform_1/input_transform_convolution_layer_2_convolution_layer_1/batch_normalization_22_1/batchnorm/mul_1__196
Inputs:
	point_net_1/input_transform_1/input_transform_convolution_layer_2_convolution_layer_1/batch_normalization_22_1/batchnorm/mul_1:0=Conv, [-1, 8192, 1, 128], 1
Outpus:
	point_net_1/input_transform_1/input_transform_convolution_layer_2_convolution_layer_1/batch_normalization_22_1/batchnorm/mul_1__196:0=[128, 1, 8192, -1], 1
2026-02-13 00:45:38,129 - tf2onnx.tfonnx - DEBUG - Process node: point_net_1/input_transform_1/input_transform_convolution_layer_2_convolution_layer_1/batch_normalization_22_1/batchnorm/add_1
OP=AddV2
Name=point_net_1/input_transform_1/input_transform_convolution_layer_2_convolution_layer_1/batch_normalization_22_1/batchnorm/add_1
Inputs:
	point_net_1/input_transform_1/input_transform_convolution_layer_2_convolution_layer_1/batch_normalization_22_1/batchnorm/mul_1__196:0=Transpose, [-1, 8192, 1, 128], 1
	point_net_1/input_transform_1/input_transform_convolution_layer_2_convolution_layer_1/batch_normalization_22_1/batchnorm/sub:0=Const, [128], 1
Outpus:
	point_net_1/input_transform_1/input_transform_convolution_layer_2_convolution_layer_1/batch_normalization_22_1/batchnorm/add_1:0=[-1, 8192, 1, 128], 1
2026-02-13 00:45:38,130 - tf2onnx.tfonnx - DEBUG - Process node: point_net_1/input_transform_1/input_transform_convolution_layer_2_convolution_layer_1/Relu
OP=Relu
Name=point_net_1/input_transform_1/input_transform_convolution_layer_2_convolution_layer_1/Relu
Inputs:
	point_net_1/input_transform_1/input_transform_convolution_layer_2_convolution_layer_1/batch_normalization_22_1/batchnorm/add_1:0=Add, [-1, 8192, 1, 128], 1
Outpus:
	point_net_1/input_transform_1/input_transform_convolution_layer_2_convolution_layer_1/Relu:0=[-1, 8192, 1, 128], 1
2026-02-13 00:45:38,130 - tf2onnx.tfonnx - DEBUG - Process node: point_net_1/input_transform_1/input_transform_convolution_layer_3_convolution_layer_1/batch_normalization_23_1/batchnorm/mul_1
OP=Conv2D
Name=point_net_1/input_transform_1/input_transform_convolution_layer_3_convolution_layer_1/batch_normalization_23_1/batchnorm/mul_1
Inputs:
	point_net_1/input_transform_1/input_transform_convolution_layer_2_convolution_layer_1/Relu:0=Relu, [-1, 8192, 1, 128], 1
	point_net_1/input_transform_1/input_transform_convolution_layer_3_convolution_layer_1/input_transform_convolution_layer_3_convolution_layer_1/convolution/merged_input:0=Const, [1, 1, 128, 1024], 1
Outpus:
	point_net_1/input_transform_1/input_transform_convolution_layer_3_convolution_layer_1/batch_normalization_23_1/batchnorm/mul_1:0=[-1, 8192, 1, 1024], 1
2026-02-13 00:45:38,130 - tf2onnx.graph - DEBUG - Making node: Name=point_net_1/input_transform_1/input_transform_convolution_layer_3_convolution_layer_1/batch_normalization_23_1/batchnorm/mul_1__198, OP=Transpose
2026-02-13 00:45:38,131 - tf2onnx.graph - DEBUG - Infer shape and dtype for [point_net_1/input_transform_1/input_transform_convolution_layer_3_convolution_layer_1/batch_normalization_23_1/batchnorm/mul_1__198]
2026-02-13 00:45:38,131 - tf2onnx.graph - DEBUG - Set dtype of [point_net_1/input_transform_1/input_transform_convolution_layer_3_convolution_layer_1/batch_normalization_23_1/batchnorm/mul_1__198:0] to 1
2026-02-13 00:45:38,131 - tf2onnx.graph - DEBUG - Set shape of [point_net_1/input_transform_1/input_transform_convolution_layer_3_convolution_layer_1/batch_normalization_23_1/batchnorm/mul_1__198:0] to [128, 1, 8192, -1]
2026-02-13 00:45:38,132 - tf2onnx.graph - DEBUG - Made node: point_net_1/input_transform_1/input_transform_convolution_layer_3_convolution_layer_1/batch_normalization_23_1/batchnorm/mul_1__198
OP=Transpose
Name=point_net_1/input_transform_1/input_transform_convolution_layer_3_convolution_layer_1/batch_normalization_23_1/batchnorm/mul_1__198
Inputs:
	point_net_1/input_transform_1/input_transform_convolution_layer_2_convolution_layer_1/Relu:0=Relu, [-1, 8192, 1, 128], 1
Outpus:
	point_net_1/input_transform_1/input_transform_convolution_layer_3_convolution_layer_1/batch_normalization_23_1/batchnorm/mul_1__198:0=[128, 1, 8192, -1], 1
2026-02-13 00:45:38,132 - tf2onnx.graph - DEBUG - Making node: Name=point_net_1/input_transform_1/input_transform_convolution_layer_3_convolution_layer_1/batch_normalization_23_1/batchnorm/mul_1__200, OP=Transpose
2026-02-13 00:45:38,133 - tf2onnx.graph - DEBUG - Infer shape and dtype for [point_net_1/input_transform_1/input_transform_convolution_layer_3_convolution_layer_1/batch_normalization_23_1/batchnorm/mul_1__200]
2026-02-13 00:45:38,133 - tf2onnx.graph - DEBUG - Set dtype of [point_net_1/input_transform_1/input_transform_convolution_layer_3_convolution_layer_1/batch_normalization_23_1/batchnorm/mul_1__200:0] to 1
2026-02-13 00:45:38,134 - tf2onnx.graph - DEBUG - Set shape of [point_net_1/input_transform_1/input_transform_convolution_layer_3_convolution_layer_1/batch_normalization_23_1/batchnorm/mul_1__200:0] to [1024, 1, 8192, -1]
2026-02-13 00:45:38,134 - tf2onnx.graph - DEBUG - Made node: point_net_1/input_transform_1/input_transform_convolution_layer_3_convolution_layer_1/batch_normalization_23_1/batchnorm/mul_1__200
OP=Transpose
Name=point_net_1/input_transform_1/input_transform_convolution_layer_3_convolution_layer_1/batch_normalization_23_1/batchnorm/mul_1__200
Inputs:
	point_net_1/input_transform_1/input_transform_convolution_layer_3_convolution_layer_1/batch_normalization_23_1/batchnorm/mul_1:0=Conv, [-1, 8192, 1, 1024], 1
Outpus:
	point_net_1/input_transform_1/input_transform_convolution_layer_3_convolution_layer_1/batch_normalization_23_1/batchnorm/mul_1__200:0=[1024, 1, 8192, -1], 1
2026-02-13 00:45:38,134 - tf2onnx.tfonnx - DEBUG - Process node: point_net_1/input_transform_1/input_transform_convolution_layer_3_convolution_layer_1/batch_normalization_23_1/batchnorm/add_1
OP=AddV2
Name=point_net_1/input_transform_1/input_transform_convolution_layer_3_convolution_layer_1/batch_normalization_23_1/batchnorm/add_1
Inputs:
	point_net_1/input_transform_1/input_transform_convolution_layer_3_convolution_layer_1/batch_normalization_23_1/batchnorm/mul_1__200:0=Transpose, [-1, 8192, 1, 1024], 1
	point_net_1/input_transform_1/input_transform_convolution_layer_3_convolution_layer_1/batch_normalization_23_1/batchnorm/sub:0=Const, [1024], 1
Outpus:
	point_net_1/input_transform_1/input_transform_convolution_layer_3_convolution_layer_1/batch_normalization_23_1/batchnorm/add_1:0=[-1, 8192, 1, 1024], 1
2026-02-13 00:45:38,134 - tf2onnx.tfonnx - DEBUG - Process node: point_net_1/input_transform_1/input_transform_convolution_layer_3_convolution_layer_1/Relu
OP=Relu
Name=point_net_1/input_transform_1/input_transform_convolution_layer_3_convolution_layer_1/Relu
Inputs:
	point_net_1/input_transform_1/input_transform_convolution_layer_3_convolution_layer_1/batch_normalization_23_1/batchnorm/add_1:0=Add, [-1, 8192, 1, 1024], 1
Outpus:
	point_net_1/input_transform_1/input_transform_convolution_layer_3_convolution_layer_1/Relu:0=[-1, 8192, 1, 1024], 1
2026-02-13 00:45:38,135 - tf2onnx.tfonnx - DEBUG - Process node: point_net_1/input_transform_1/Squeeze
OP=Squeeze
Name=point_net_1/input_transform_1/Squeeze
Inputs:
	point_net_1/input_transform_1/input_transform_convolution_layer_3_convolution_layer_1/Relu:0=Relu, [-1, 8192, 1, 1024], 1
Outpus:
	point_net_1/input_transform_1/Squeeze:0=[-1, 8192, 1024], 1
2026-02-13 00:45:38,135 - tf2onnx.graph - DEBUG - Making node: Name=axes_const__202, OP=Const
2026-02-13 00:45:38,135 - tf2onnx.graph - DEBUG - Made node: axes_const__202
OP=Const
Name=axes_const__202
Outpus:
	axes_const__202=None, 7
2026-02-13 00:45:38,136 - tf2onnx.tfonnx - DEBUG - Process node: point_net_1/input_transform_1/Max
OP=Max
Name=point_net_1/input_transform_1/Max
Inputs:
	point_net_1/input_transform_1/Squeeze:0=Squeeze, [-1, 8192, 1024], 1
	point_net_1/input_transform_1/Max/reduction_indices:0=Const, [], 6
Outpus:
	point_net_1/input_transform_1/Max:0=[-1, 1024], 1
2026-02-13 00:45:38,136 - tf2onnx.tfonnx - DEBUG - Process node: point_net_1/input_transform_1/input_transform_dense_layer_1_dense_layer_1/input_transform_dense_layer_1_dense_layer_1/MatMul
OP=MatMul
Name=point_net_1/input_transform_1/input_transform_dense_layer_1_dense_layer_1/input_transform_dense_layer_1_dense_layer_1/MatMul
Inputs:
	point_net_1/input_transform_1/Max:0=ReduceMax, [-1, 1024], 1
	point_net_1/input_transform_1/input_transform_dense_layer_1_dense_layer_1/input_transform_dense_layer_1_dense_layer_1/Cast/ReadVariableOp:0=Const, [1024, 512], 1
Outpus:
	point_net_1/input_transform_1/input_transform_dense_layer_1_dense_layer_1/input_transform_dense_layer_1_dense_layer_1/MatMul:0=[-1, 512], 1
2026-02-13 00:45:38,136 - tf2onnx.tfonnx - DEBUG - Process node: point_net_1/input_transform_1/input_transform_dense_layer_1_dense_layer_1/batch_normalization_24_1/batchnorm/mul_1
OP=Mul
Name=point_net_1/input_transform_1/input_transform_dense_layer_1_dense_layer_1/batch_normalization_24_1/batchnorm/mul_1
Inputs:
	point_net_1/input_transform_1/input_transform_dense_layer_1_dense_layer_1/input_transform_dense_layer_1_dense_layer_1/MatMul:0=MatMul, [-1, 512], 1
	point_net_1/input_transform_1/input_transform_dense_layer_1_dense_layer_1/batch_normalization_24_1/batchnorm/mul:0=Const, [512], 1
Outpus:
	point_net_1/input_transform_1/input_transform_dense_layer_1_dense_layer_1/batch_normalization_24_1/batchnorm/mul_1:0=[-1, 512], 1
2026-02-13 00:45:38,137 - tf2onnx.tfonnx - DEBUG - Process node: point_net_1/input_transform_1/input_transform_dense_layer_1_dense_layer_1/batch_normalization_24_1/batchnorm/add_1
OP=AddV2
Name=point_net_1/input_transform_1/input_transform_dense_layer_1_dense_layer_1/batch_normalization_24_1/batchnorm/add_1
Inputs:
	point_net_1/input_transform_1/input_transform_dense_layer_1_dense_layer_1/batch_normalization_24_1/batchnorm/mul_1:0=Mul, [-1, 512], 1
	point_net_1/input_transform_1/input_transform_dense_layer_1_dense_layer_1/batch_normalization_24_1/batchnorm/sub:0=Const, [512], 1
Outpus:
	point_net_1/input_transform_1/input_transform_dense_layer_1_dense_layer_1/batch_normalization_24_1/batchnorm/add_1:0=[-1, 512], 1
2026-02-13 00:45:38,137 - tf2onnx.tfonnx - DEBUG - Process node: point_net_1/input_transform_1/input_transform_dense_layer_1_dense_layer_1/Relu
OP=Relu
Name=point_net_1/input_transform_1/input_transform_dense_layer_1_dense_layer_1/Relu
Inputs:
	point_net_1/input_transform_1/input_transform_dense_layer_1_dense_layer_1/batch_normalization_24_1/batchnorm/add_1:0=Add, [-1, 512], 1
Outpus:
	point_net_1/input_transform_1/input_transform_dense_layer_1_dense_layer_1/Relu:0=[-1, 512], 1
2026-02-13 00:45:38,137 - tf2onnx.tfonnx - DEBUG - Process node: point_net_1/input_transform_1/input_transform_dense_layer_2_dense_layer_1/input_transform_dense_layer_2_dense_layer_1/MatMul
OP=MatMul
Name=point_net_1/input_transform_1/input_transform_dense_layer_2_dense_layer_1/input_transform_dense_layer_2_dense_layer_1/MatMul
Inputs:
	point_net_1/input_transform_1/input_transform_dense_layer_1_dense_layer_1/Relu:0=Relu, [-1, 512], 1
	point_net_1/input_transform_1/input_transform_dense_layer_2_dense_layer_1/input_transform_dense_layer_2_dense_layer_1/Cast/ReadVariableOp:0=Const, [512, 256], 1
Outpus:
	point_net_1/input_transform_1/input_transform_dense_layer_2_dense_layer_1/input_transform_dense_layer_2_dense_layer_1/MatMul:0=[-1, 256], 1
2026-02-13 00:45:38,137 - tf2onnx.tfonnx - DEBUG - Process node: point_net_1/input_transform_1/input_transform_dense_layer_2_dense_layer_1/batch_normalization_25_1/batchnorm/mul_1
OP=Mul
Name=point_net_1/input_transform_1/input_transform_dense_layer_2_dense_layer_1/batch_normalization_25_1/batchnorm/mul_1
Inputs:
	point_net_1/input_transform_1/input_transform_dense_layer_2_dense_layer_1/input_transform_dense_layer_2_dense_layer_1/MatMul:0=MatMul, [-1, 256], 1
	point_net_1/input_transform_1/input_transform_dense_layer_2_dense_layer_1/batch_normalization_25_1/batchnorm/mul:0=Const, [256], 1
Outpus:
	point_net_1/input_transform_1/input_transform_dense_layer_2_dense_layer_1/batch_normalization_25_1/batchnorm/mul_1:0=[-1, 256], 1
2026-02-13 00:45:38,138 - tf2onnx.tfonnx - DEBUG - Process node: point_net_1/input_transform_1/input_transform_dense_layer_2_dense_layer_1/batch_normalization_25_1/batchnorm/add_1
OP=AddV2
Name=point_net_1/input_transform_1/input_transform_dense_layer_2_dense_layer_1/batch_normalization_25_1/batchnorm/add_1
Inputs:
	point_net_1/input_transform_1/input_transform_dense_layer_2_dense_layer_1/batch_normalization_25_1/batchnorm/mul_1:0=Mul, [-1, 256], 1
	point_net_1/input_transform_1/input_transform_dense_layer_2_dense_layer_1/batch_normalization_25_1/batchnorm/sub:0=Const, [256], 1
Outpus:
	point_net_1/input_transform_1/input_transform_dense_layer_2_dense_layer_1/batch_normalization_25_1/batchnorm/add_1:0=[-1, 256], 1
2026-02-13 00:45:38,138 - tf2onnx.tfonnx - DEBUG - Process node: point_net_1/input_transform_1/input_transform_dense_layer_2_dense_layer_1/Relu
OP=Relu
Name=point_net_1/input_transform_1/input_transform_dense_layer_2_dense_layer_1/Relu
Inputs:
	point_net_1/input_transform_1/input_transform_dense_layer_2_dense_layer_1/batch_normalization_25_1/batchnorm/add_1:0=Add, [-1, 256], 1
Outpus:
	point_net_1/input_transform_1/input_transform_dense_layer_2_dense_layer_1/Relu:0=[-1, 256], 1
2026-02-13 00:45:38,138 - tf2onnx.tfonnx - DEBUG - Process node: point_net_1/input_transform_1/ExpandDims_1
OP=ExpandDims
Name=point_net_1/input_transform_1/ExpandDims_1
Inputs:
	point_net_1/input_transform_1/input_transform_dense_layer_2_dense_layer_1/Relu:0=Relu, [-1, 256], 1
	point_net_1/input_transform_1/ExpandDims_1/dim:0=Const, [], 6
Outpus:
	point_net_1/input_transform_1/ExpandDims_1:0=[-1, 1, 256], 1
2026-02-13 00:45:38,138 - tf2onnx.graph - DEBUG - Making node: Name=point_net_1/input_transform_1/ExpandDims_1__203, OP=Cast
2026-02-13 00:45:38,139 - tf2onnx.graph - DEBUG - Infer shape and dtype for [point_net_1/input_transform_1/ExpandDims_1__203]
2026-02-13 00:45:38,139 - tf2onnx.graph - DEBUG - Set dtype of [point_net_1/input_transform_1/ExpandDims_1__203:0] to 7
2026-02-13 00:45:38,139 - tf2onnx.graph - DEBUG - Set shape of [point_net_1/input_transform_1/ExpandDims_1__203:0] to []
2026-02-13 00:45:38,139 - tf2onnx.graph - DEBUG - Made node: point_net_1/input_transform_1/ExpandDims_1__203
OP=Cast
Name=point_net_1/input_transform_1/ExpandDims_1__203
Inputs:
	point_net_1/input_transform_1/ExpandDims_1/dim:0=Const, [], 6
Outpus:
	point_net_1/input_transform_1/ExpandDims_1__203:0=[], 7
2026-02-13 00:45:38,140 - tf2onnx.graph - DEBUG - Making node: Name=reshape_const__204, OP=Const
2026-02-13 00:45:38,140 - tf2onnx.graph - DEBUG - Made node: reshape_const__204
OP=Const
Name=reshape_const__204
Outpus:
	reshape_const__204=None, 7
2026-02-13 00:45:38,140 - tf2onnx.graph - DEBUG - Making node: Name=Reshape__205, OP=Reshape
2026-02-13 00:45:38,141 - tf2onnx.graph - DEBUG - Infer shape and dtype for [Reshape__205]
2026-02-13 00:45:38,141 - tf2onnx.graph - DEBUG - Set dtype of [Reshape__205:0] to 7
2026-02-13 00:45:38,141 - tf2onnx.graph - DEBUG - Set shape of [Reshape__205:0] to [1]
2026-02-13 00:45:38,141 - tf2onnx.graph - DEBUG - Made node: Reshape__205
OP=Reshape
Name=Reshape__205
Inputs:
	point_net_1/input_transform_1/ExpandDims_1__203:0=Cast, [], 7
	reshape_const__204=Const, [1], 7
Outpus:
	Reshape__205:0=[1], 7
2026-02-13 00:45:38,142 - tf2onnx.tfonnx - DEBUG - Process node: point_net_1/input_transform_1/MatMul
OP=BatchMatMulV2
Name=point_net_1/input_transform_1/MatMul
Inputs:
	point_net_1/input_transform_1/ExpandDims_1:0=Unsqueeze, [-1, 1, 256], 1
	point_net_1/input_transform_1/MatMul/ReadVariableOp:0=Const, [256, 9], 1
Outpus:
	point_net_1/input_transform_1/MatMul:0=[-1, 1, 9], 1
2026-02-13 00:45:38,142 - tf2onnx.tfonnx - DEBUG - Process node: point_net_1/input_transform_1/Squeeze_1
OP=Squeeze
Name=point_net_1/input_transform_1/Squeeze_1
Inputs:
	point_net_1/input_transform_1/MatMul:0=MatMul, [-1, 1, 9], 1
Outpus:
	point_net_1/input_transform_1/Squeeze_1:0=[-1, 9], 1
2026-02-13 00:45:38,142 - tf2onnx.graph - DEBUG - Making node: Name=axes_const__206, OP=Const
2026-02-13 00:45:38,143 - tf2onnx.graph - DEBUG - Made node: axes_const__206
OP=Const
Name=axes_const__206
Outpus:
	axes_const__206=None, 7
2026-02-13 00:45:38,143 - tf2onnx.tfonnx - DEBUG - Process node: point_net_1/input_transform_1/Reshape
OP=Reshape
Name=point_net_1/input_transform_1/Reshape
Inputs:
	point_net_1/input_transform_1/Squeeze_1:0=Squeeze, [-1, 9], 1
	point_net_1/input_transform_1/Reshape/shape:0=Const, [3], 6
Outpus:
	point_net_1/input_transform_1/Reshape:0=[-1, 3, 3], 1
2026-02-13 00:45:38,143 - tf2onnx.graph - DEBUG - Making node: Name=point_net_1/input_transform_1/Reshape__207, OP=Cast
2026-02-13 00:45:38,144 - tf2onnx.graph - DEBUG - Infer shape and dtype for [point_net_1/input_transform_1/Reshape__207]
2026-02-13 00:45:38,144 - tf2onnx.graph - DEBUG - Set dtype of [point_net_1/input_transform_1/Reshape__207:0] to 7
2026-02-13 00:45:38,144 - tf2onnx.graph - DEBUG - Set shape of [point_net_1/input_transform_1/Reshape__207:0] to [3]
2026-02-13 00:45:38,144 - tf2onnx.graph - DEBUG - Made node: point_net_1/input_transform_1/Reshape__207
OP=Cast
Name=point_net_1/input_transform_1/Reshape__207
Inputs:
	point_net_1/input_transform_1/Reshape/shape:0=Const, [3], 6
Outpus:
	point_net_1/input_transform_1/Reshape__207:0=[3], 7
2026-02-13 00:45:38,145 - tf2onnx.tfonnx - DEBUG - Process node: point_net_1/input_transform_1/add
OP=AddV2
Name=point_net_1/input_transform_1/add
Inputs:
	point_net_1/input_transform_1/Reshape:0=Reshape, [-1, 3, 3], 1
	point_net_1/input_transform_1/add/ReadVariableOp:0=Const, [3, 3], 1
Outpus:
	point_net_1/input_transform_1/add:0=[-1, 3, 3], 1
2026-02-13 00:45:38,145 - tf2onnx.tfonnx - DEBUG - Process node: point_net_1/MatMul
OP=BatchMatMulV2
Name=point_net_1/MatMul
Inputs:
	point_net_1/input_normalization_1/truediv:0=Div, [-1, 8192, 3], 1
	point_net_1/input_transform_1/add:0=Add, [-1, 3, 3], 1
Outpus:
	point_net_1/MatMul:0=[-1, 8192, 3], 1
2026-02-13 00:45:38,145 - tf2onnx.tfonnx - DEBUG - Process node: point_net_1/ExpandDims
OP=ExpandDims
Name=point_net_1/ExpandDims
Inputs:
	point_net_1/MatMul:0=MatMul, [-1, 8192, 3], 1
	point_net_1/ExpandDims/dim:0=Const, [], 6
Outpus:
	point_net_1/ExpandDims:0=[-1, 8192, 1, 3], 1
2026-02-13 00:45:38,146 - tf2onnx.graph - DEBUG - Making node: Name=point_net_1/ExpandDims__208, OP=Cast
2026-02-13 00:45:38,146 - tf2onnx.graph - DEBUG - Infer shape and dtype for [point_net_1/ExpandDims__208]
2026-02-13 00:45:38,146 - tf2onnx.graph - DEBUG - Set dtype of [point_net_1/ExpandDims__208:0] to 7
2026-02-13 00:45:38,147 - tf2onnx.graph - DEBUG - Set shape of [point_net_1/ExpandDims__208:0] to []
2026-02-13 00:45:38,147 - tf2onnx.graph - DEBUG - Made node: point_net_1/ExpandDims__208
OP=Cast
Name=point_net_1/ExpandDims__208
Inputs:
	point_net_1/ExpandDims/dim:0=Const, [], 6
Outpus:
	point_net_1/ExpandDims__208:0=[], 7
2026-02-13 00:45:38,147 - tf2onnx.graph - DEBUG - Making node: Name=reshape_const__209, OP=Const
2026-02-13 00:45:38,147 - tf2onnx.graph - DEBUG - Made node: reshape_const__209
OP=Const
Name=reshape_const__209
Outpus:
	reshape_const__209=None, 7
2026-02-13 00:45:38,148 - tf2onnx.graph - DEBUG - Making node: Name=Reshape__210, OP=Reshape
2026-02-13 00:45:38,148 - tf2onnx.graph - DEBUG - Infer shape and dtype for [Reshape__210]
2026-02-13 00:45:38,148 - tf2onnx.graph - DEBUG - Set dtype of [Reshape__210:0] to 7
2026-02-13 00:45:38,149 - tf2onnx.graph - DEBUG - Set shape of [Reshape__210:0] to [1]
2026-02-13 00:45:38,149 - tf2onnx.graph - DEBUG - Made node: Reshape__210
OP=Reshape
Name=Reshape__210
Inputs:
	point_net_1/ExpandDims__208:0=Cast, [], 7
	reshape_const__209=Const, [1], 7
Outpus:
	Reshape__210:0=[1], 7
2026-02-13 00:45:38,149 - tf2onnx.tfonnx - DEBUG - Process node: point_net_1/s1_l1_64_convolution_layer_1/batch_normalization_26_1/batchnorm/mul_1
OP=Conv2D
Name=point_net_1/s1_l1_64_convolution_layer_1/batch_normalization_26_1/batchnorm/mul_1
Inputs:
	point_net_1/ExpandDims:0=Unsqueeze, [-1, 8192, 1, 3], 1
	point_net_1/s1_l1_64_convolution_layer_1/s1_l1_64_convolution_layer_1/convolution/merged_input:0=Const, [1, 1, 3, 64], 1
Outpus:
	point_net_1/s1_l1_64_convolution_layer_1/batch_normalization_26_1/batchnorm/mul_1:0=[-1, 8192, 1, 64], 1
2026-02-13 00:45:38,149 - tf2onnx.graph - DEBUG - Making node: Name=point_net_1/s1_l1_64_convolution_layer_1/batch_normalization_26_1/batchnorm/mul_1__211, OP=Transpose
2026-02-13 00:45:38,150 - tf2onnx.graph - DEBUG - Infer shape and dtype for [point_net_1/s1_l1_64_convolution_layer_1/batch_normalization_26_1/batchnorm/mul_1__211]
2026-02-13 00:45:38,150 - tf2onnx.graph - DEBUG - Set dtype of [point_net_1/s1_l1_64_convolution_layer_1/batch_normalization_26_1/batchnorm/mul_1__211:0] to 1
2026-02-13 00:45:38,150 - tf2onnx.graph - DEBUG - Set shape of [point_net_1/s1_l1_64_convolution_layer_1/batch_normalization_26_1/batchnorm/mul_1__211:0] to [3, 1, 8192, -1]
2026-02-13 00:45:38,151 - tf2onnx.graph - DEBUG - Made node: point_net_1/s1_l1_64_convolution_layer_1/batch_normalization_26_1/batchnorm/mul_1__211
OP=Transpose
Name=point_net_1/s1_l1_64_convolution_layer_1/batch_normalization_26_1/batchnorm/mul_1__211
Inputs:
	point_net_1/ExpandDims:0=Unsqueeze, [-1, 8192, 1, 3], 1
Outpus:
	point_net_1/s1_l1_64_convolution_layer_1/batch_normalization_26_1/batchnorm/mul_1__211:0=[3, 1, 8192, -1], 1
2026-02-13 00:45:38,151 - tf2onnx.graph - DEBUG - Making node: Name=point_net_1/s1_l1_64_convolution_layer_1/batch_normalization_26_1/batchnorm/mul_1__213, OP=Transpose
2026-02-13 00:45:38,151 - tf2onnx.graph - DEBUG - Infer shape and dtype for [point_net_1/s1_l1_64_convolution_layer_1/batch_normalization_26_1/batchnorm/mul_1__213]
2026-02-13 00:45:38,152 - tf2onnx.graph - DEBUG - Set dtype of [point_net_1/s1_l1_64_convolution_layer_1/batch_normalization_26_1/batchnorm/mul_1__213:0] to 1
2026-02-13 00:45:38,152 - tf2onnx.graph - DEBUG - Set shape of [point_net_1/s1_l1_64_convolution_layer_1/batch_normalization_26_1/batchnorm/mul_1__213:0] to [64, 1, 8192, -1]
2026-02-13 00:45:38,152 - tf2onnx.graph - DEBUG - Made node: point_net_1/s1_l1_64_convolution_layer_1/batch_normalization_26_1/batchnorm/mul_1__213
OP=Transpose
Name=point_net_1/s1_l1_64_convolution_layer_1/batch_normalization_26_1/batchnorm/mul_1__213
Inputs:
	point_net_1/s1_l1_64_convolution_layer_1/batch_normalization_26_1/batchnorm/mul_1:0=Conv, [-1, 8192, 1, 64], 1
Outpus:
	point_net_1/s1_l1_64_convolution_layer_1/batch_normalization_26_1/batchnorm/mul_1__213:0=[64, 1, 8192, -1], 1
2026-02-13 00:45:38,152 - tf2onnx.tfonnx - DEBUG - Process node: point_net_1/s1_l1_64_convolution_layer_1/batch_normalization_26_1/batchnorm/add_1
OP=AddV2
Name=point_net_1/s1_l1_64_convolution_layer_1/batch_normalization_26_1/batchnorm/add_1
Inputs:
	point_net_1/s1_l1_64_convolution_layer_1/batch_normalization_26_1/batchnorm/mul_1__213:0=Transpose, [-1, 8192, 1, 64], 1
	point_net_1/s1_l1_64_convolution_layer_1/batch_normalization_26_1/batchnorm/sub:0=Const, [64], 1
Outpus:
	point_net_1/s1_l1_64_convolution_layer_1/batch_normalization_26_1/batchnorm/add_1:0=[-1, 8192, 1, 64], 1
2026-02-13 00:45:38,153 - tf2onnx.tfonnx - DEBUG - Process node: point_net_1/s1_l1_64_convolution_layer_1/Relu
OP=Relu
Name=point_net_1/s1_l1_64_convolution_layer_1/Relu
Inputs:
	point_net_1/s1_l1_64_convolution_layer_1/batch_normalization_26_1/batchnorm/add_1:0=Add, [-1, 8192, 1, 64], 1
Outpus:
	point_net_1/s1_l1_64_convolution_layer_1/Relu:0=[-1, 8192, 1, 64], 1
2026-02-13 00:45:38,153 - tf2onnx.tfonnx - DEBUG - Process node: point_net_1/s1_l2_64_convolution_layer_1/batch_normalization_27_1/batchnorm/mul_1
OP=Conv2D
Name=point_net_1/s1_l2_64_convolution_layer_1/batch_normalization_27_1/batchnorm/mul_1
Inputs:
	point_net_1/s1_l1_64_convolution_layer_1/Relu:0=Relu, [-1, 8192, 1, 64], 1
	point_net_1/s1_l2_64_convolution_layer_1/s1_l2_64_convolution_layer_1/convolution/merged_input:0=Const, [1, 1, 64, 64], 1
Outpus:
	point_net_1/s1_l2_64_convolution_layer_1/batch_normalization_27_1/batchnorm/mul_1:0=[-1, 8192, 1, 64], 1
2026-02-13 00:45:38,153 - tf2onnx.graph - DEBUG - Making node: Name=point_net_1/s1_l2_64_convolution_layer_1/batch_normalization_27_1/batchnorm/mul_1__215, OP=Transpose
2026-02-13 00:45:38,154 - tf2onnx.graph - DEBUG - Infer shape and dtype for [point_net_1/s1_l2_64_convolution_layer_1/batch_normalization_27_1/batchnorm/mul_1__215]
2026-02-13 00:45:38,154 - tf2onnx.graph - DEBUG - Set dtype of [point_net_1/s1_l2_64_convolution_layer_1/batch_normalization_27_1/batchnorm/mul_1__215:0] to 1
2026-02-13 00:45:38,154 - tf2onnx.graph - DEBUG - Set shape of [point_net_1/s1_l2_64_convolution_layer_1/batch_normalization_27_1/batchnorm/mul_1__215:0] to [64, 1, 8192, -1]
2026-02-13 00:45:38,155 - tf2onnx.graph - DEBUG - Made node: point_net_1/s1_l2_64_convolution_layer_1/batch_normalization_27_1/batchnorm/mul_1__215
OP=Transpose
Name=point_net_1/s1_l2_64_convolution_layer_1/batch_normalization_27_1/batchnorm/mul_1__215
Inputs:
	point_net_1/s1_l1_64_convolution_layer_1/Relu:0=Relu, [-1, 8192, 1, 64], 1
Outpus:
	point_net_1/s1_l2_64_convolution_layer_1/batch_normalization_27_1/batchnorm/mul_1__215:0=[64, 1, 8192, -1], 1
2026-02-13 00:45:38,155 - tf2onnx.graph - DEBUG - Making node: Name=point_net_1/s1_l2_64_convolution_layer_1/batch_normalization_27_1/batchnorm/mul_1__217, OP=Transpose
2026-02-13 00:45:38,155 - tf2onnx.graph - DEBUG - Infer shape and dtype for [point_net_1/s1_l2_64_convolution_layer_1/batch_normalization_27_1/batchnorm/mul_1__217]
2026-02-13 00:45:38,156 - tf2onnx.graph - DEBUG - Set dtype of [point_net_1/s1_l2_64_convolution_layer_1/batch_normalization_27_1/batchnorm/mul_1__217:0] to 1
2026-02-13 00:45:38,156 - tf2onnx.graph - DEBUG - Set shape of [point_net_1/s1_l2_64_convolution_layer_1/batch_normalization_27_1/batchnorm/mul_1__217:0] to [64, 1, 8192, -1]
2026-02-13 00:45:38,156 - tf2onnx.graph - DEBUG - Made node: point_net_1/s1_l2_64_convolution_layer_1/batch_normalization_27_1/batchnorm/mul_1__217
OP=Transpose
Name=point_net_1/s1_l2_64_convolution_layer_1/batch_normalization_27_1/batchnorm/mul_1__217
Inputs:
	point_net_1/s1_l2_64_convolution_layer_1/batch_normalization_27_1/batchnorm/mul_1:0=Conv, [-1, 8192, 1, 64], 1
Outpus:
	point_net_1/s1_l2_64_convolution_layer_1/batch_normalization_27_1/batchnorm/mul_1__217:0=[64, 1, 8192, -1], 1
2026-02-13 00:45:38,156 - tf2onnx.tfonnx - DEBUG - Process node: point_net_1/s1_l2_64_convolution_layer_1/batch_normalization_27_1/batchnorm/add_1
OP=AddV2
Name=point_net_1/s1_l2_64_convolution_layer_1/batch_normalization_27_1/batchnorm/add_1
Inputs:
	point_net_1/s1_l2_64_convolution_layer_1/batch_normalization_27_1/batchnorm/mul_1__217:0=Transpose, [-1, 8192, 1, 64], 1
	point_net_1/s1_l2_64_convolution_layer_1/batch_normalization_27_1/batchnorm/sub:0=Const, [64], 1
Outpus:
	point_net_1/s1_l2_64_convolution_layer_1/batch_normalization_27_1/batchnorm/add_1:0=[-1, 8192, 1, 64], 1
2026-02-13 00:45:38,157 - tf2onnx.tfonnx - DEBUG - Process node: point_net_1/s1_l2_64_convolution_layer_1/Relu
OP=Relu
Name=point_net_1/s1_l2_64_convolution_layer_1/Relu
Inputs:
	point_net_1/s1_l2_64_convolution_layer_1/batch_normalization_27_1/batchnorm/add_1:0=Add, [-1, 8192, 1, 64], 1
Outpus:
	point_net_1/s1_l2_64_convolution_layer_1/Relu:0=[-1, 8192, 1, 64], 1
2026-02-13 00:45:38,157 - tf2onnx.tfonnx - DEBUG - Process node: point_net_1/Squeeze
OP=Squeeze
Name=point_net_1/Squeeze
Inputs:
	point_net_1/s1_l2_64_convolution_layer_1/Relu:0=Relu, [-1, 8192, 1, 64], 1
Outpus:
	point_net_1/Squeeze:0=[-1, 8192, 64], 1
2026-02-13 00:45:38,158 - tf2onnx.graph - DEBUG - Making node: Name=axes_const__219, OP=Const
2026-02-13 00:45:38,158 - tf2onnx.graph - DEBUG - Made node: axes_const__219
OP=Const
Name=axes_const__219
Outpus:
	axes_const__219=None, 7
2026-02-13 00:45:38,158 - tf2onnx.tfonnx - DEBUG - Process node: point_net_1/feature_transform_1/ExpandDims
OP=ExpandDims
Name=point_net_1/feature_transform_1/ExpandDims
Inputs:
	point_net_1/Squeeze:0=Squeeze, [-1, 8192, 64], 1
	point_net_1/feature_transform_1/ExpandDims/dim:0=Const, [], 6
Outpus:
	point_net_1/feature_transform_1/ExpandDims:0=[-1, 8192, 1, 64], 1
2026-02-13 00:45:38,159 - tf2onnx.graph - DEBUG - Making node: Name=point_net_1/feature_transform_1/ExpandDims__220, OP=Cast
2026-02-13 00:45:38,159 - tf2onnx.graph - DEBUG - Infer shape and dtype for [point_net_1/feature_transform_1/ExpandDims__220]
2026-02-13 00:45:38,160 - tf2onnx.graph - DEBUG - Set dtype of [point_net_1/feature_transform_1/ExpandDims__220:0] to 7
2026-02-13 00:45:38,160 - tf2onnx.graph - DEBUG - Set shape of [point_net_1/feature_transform_1/ExpandDims__220:0] to []
2026-02-13 00:45:38,160 - tf2onnx.graph - DEBUG - Made node: point_net_1/feature_transform_1/ExpandDims__220
OP=Cast
Name=point_net_1/feature_transform_1/ExpandDims__220
Inputs:
	point_net_1/feature_transform_1/ExpandDims/dim:0=Const, [], 6
Outpus:
	point_net_1/feature_transform_1/ExpandDims__220:0=[], 7
2026-02-13 00:45:38,161 - tf2onnx.graph - DEBUG - Making node: Name=reshape_const__221, OP=Const
2026-02-13 00:45:38,161 - tf2onnx.graph - DEBUG - Made node: reshape_const__221
OP=Const
Name=reshape_const__221
Outpus:
	reshape_const__221=None, 7
2026-02-13 00:45:38,161 - tf2onnx.graph - DEBUG - Making node: Name=Reshape__222, OP=Reshape
2026-02-13 00:45:38,161 - tf2onnx.graph - DEBUG - Infer shape and dtype for [Reshape__222]
2026-02-13 00:45:38,162 - tf2onnx.graph - DEBUG - Set dtype of [Reshape__222:0] to 7
2026-02-13 00:45:38,162 - tf2onnx.graph - DEBUG - Set shape of [Reshape__222:0] to [1]
2026-02-13 00:45:38,162 - tf2onnx.graph - DEBUG - Made node: Reshape__222
OP=Reshape
Name=Reshape__222
Inputs:
	point_net_1/feature_transform_1/ExpandDims__220:0=Cast, [], 7
	reshape_const__221=Const, [1], 7
Outpus:
	Reshape__222:0=[1], 7
2026-02-13 00:45:38,162 - tf2onnx.tfonnx - DEBUG - Process node: point_net_1/feature_transform_1/feature_transform_convolution_layer_1_convolution_layer_1/batch_normalization_28_1/batchnorm/mul_1
OP=Conv2D
Name=point_net_1/feature_transform_1/feature_transform_convolution_layer_1_convolution_layer_1/batch_normalization_28_1/batchnorm/mul_1
Inputs:
	point_net_1/feature_transform_1/ExpandDims:0=Unsqueeze, [-1, 8192, 1, 64], 1
	point_net_1/feature_transform_1/feature_transform_convolution_layer_1_convolution_layer_1/feature_transform_convolution_layer_1_convolution_layer_1/convolution/merged_input:0=Const, [1, 1, 64, 64], 1
Outpus:
	point_net_1/feature_transform_1/feature_transform_convolution_layer_1_convolution_layer_1/batch_normalization_28_1/batchnorm/mul_1:0=[-1, 8192, 1, 64], 1
2026-02-13 00:45:38,163 - tf2onnx.graph - DEBUG - Making node: Name=point_net_1/feature_transform_1/feature_transform_convolution_layer_1_convolution_layer_1/batch_normalization_28_1/batchnorm/mul_1__223, OP=Transpose
2026-02-13 00:45:38,163 - tf2onnx.graph - DEBUG - Infer shape and dtype for [point_net_1/feature_transform_1/feature_transform_convolution_layer_1_convolution_layer_1/batch_normalization_28_1/batchnorm/mul_1__223]
2026-02-13 00:45:38,164 - tf2onnx.graph - DEBUG - Set dtype of [point_net_1/feature_transform_1/feature_transform_convolution_layer_1_convolution_layer_1/batch_normalization_28_1/batchnorm/mul_1__223:0] to 1
2026-02-13 00:45:38,164 - tf2onnx.graph - DEBUG - Set shape of [point_net_1/feature_transform_1/feature_transform_convolution_layer_1_convolution_layer_1/batch_normalization_28_1/batchnorm/mul_1__223:0] to [64, 1, 8192, -1]
2026-02-13 00:45:38,164 - tf2onnx.graph - DEBUG - Made node: point_net_1/feature_transform_1/feature_transform_convolution_layer_1_convolution_layer_1/batch_normalization_28_1/batchnorm/mul_1__223
OP=Transpose
Name=point_net_1/feature_transform_1/feature_transform_convolution_layer_1_convolution_layer_1/batch_normalization_28_1/batchnorm/mul_1__223
Inputs:
	point_net_1/feature_transform_1/ExpandDims:0=Unsqueeze, [-1, 8192, 1, 64], 1
Outpus:
	point_net_1/feature_transform_1/feature_transform_convolution_layer_1_convolution_layer_1/batch_normalization_28_1/batchnorm/mul_1__223:0=[64, 1, 8192, -1], 1
2026-02-13 00:45:38,164 - tf2onnx.graph - DEBUG - Making node: Name=point_net_1/feature_transform_1/feature_transform_convolution_layer_1_convolution_layer_1/batch_normalization_28_1/batchnorm/mul_1__225, OP=Transpose
2026-02-13 00:45:38,165 - tf2onnx.graph - DEBUG - Infer shape and dtype for [point_net_1/feature_transform_1/feature_transform_convolution_layer_1_convolution_layer_1/batch_normalization_28_1/batchnorm/mul_1__225]
2026-02-13 00:45:38,165 - tf2onnx.graph - DEBUG - Set dtype of [point_net_1/feature_transform_1/feature_transform_convolution_layer_1_convolution_layer_1/batch_normalization_28_1/batchnorm/mul_1__225:0] to 1
2026-02-13 00:45:38,165 - tf2onnx.graph - DEBUG - Set shape of [point_net_1/feature_transform_1/feature_transform_convolution_layer_1_convolution_layer_1/batch_normalization_28_1/batchnorm/mul_1__225:0] to [64, 1, 8192, -1]
2026-02-13 00:45:38,166 - tf2onnx.graph - DEBUG - Made node: point_net_1/feature_transform_1/feature_transform_convolution_layer_1_convolution_layer_1/batch_normalization_28_1/batchnorm/mul_1__225
OP=Transpose
Name=point_net_1/feature_transform_1/feature_transform_convolution_layer_1_convolution_layer_1/batch_normalization_28_1/batchnorm/mul_1__225
Inputs:
	point_net_1/feature_transform_1/feature_transform_convolution_layer_1_convolution_layer_1/batch_normalization_28_1/batchnorm/mul_1:0=Conv, [-1, 8192, 1, 64], 1
Outpus:
	point_net_1/feature_transform_1/feature_transform_convolution_layer_1_convolution_layer_1/batch_normalization_28_1/batchnorm/mul_1__225:0=[64, 1, 8192, -1], 1
2026-02-13 00:45:38,166 - tf2onnx.tfonnx - DEBUG - Process node: point_net_1/feature_transform_1/feature_transform_convolution_layer_1_convolution_layer_1/batch_normalization_28_1/batchnorm/add_1
OP=AddV2
Name=point_net_1/feature_transform_1/feature_transform_convolution_layer_1_convolution_layer_1/batch_normalization_28_1/batchnorm/add_1
Inputs:
	point_net_1/feature_transform_1/feature_transform_convolution_layer_1_convolution_layer_1/batch_normalization_28_1/batchnorm/mul_1__225:0=Transpose, [-1, 8192, 1, 64], 1
	point_net_1/feature_transform_1/feature_transform_convolution_layer_1_convolution_layer_1/batch_normalization_28_1/batchnorm/sub:0=Const, [64], 1
Outpus:
	point_net_1/feature_transform_1/feature_transform_convolution_layer_1_convolution_layer_1/batch_normalization_28_1/batchnorm/add_1:0=[-1, 8192, 1, 64], 1
2026-02-13 00:45:38,166 - tf2onnx.tfonnx - DEBUG - Process node: point_net_1/feature_transform_1/feature_transform_convolution_layer_1_convolution_layer_1/Relu
OP=Relu
Name=point_net_1/feature_transform_1/feature_transform_convolution_layer_1_convolution_layer_1/Relu
Inputs:
	point_net_1/feature_transform_1/feature_transform_convolution_layer_1_convolution_layer_1/batch_normalization_28_1/batchnorm/add_1:0=Add, [-1, 8192, 1, 64], 1
Outpus:
	point_net_1/feature_transform_1/feature_transform_convolution_layer_1_convolution_layer_1/Relu:0=[-1, 8192, 1, 64], 1
2026-02-13 00:45:38,167 - tf2onnx.tfonnx - DEBUG - Process node: point_net_1/feature_transform_1/feature_transform_convolution_layer_2_convolution_layer_1/batch_normalization_29_1/batchnorm/mul_1
OP=Conv2D
Name=point_net_1/feature_transform_1/feature_transform_convolution_layer_2_convolution_layer_1/batch_normalization_29_1/batchnorm/mul_1
Inputs:
	point_net_1/feature_transform_1/feature_transform_convolution_layer_1_convolution_layer_1/Relu:0=Relu, [-1, 8192, 1, 64], 1
	point_net_1/feature_transform_1/feature_transform_convolution_layer_2_convolution_layer_1/feature_transform_convolution_layer_2_convolution_layer_1/convolution/merged_input:0=Const, [1, 1, 64, 128], 1
Outpus:
	point_net_1/feature_transform_1/feature_transform_convolution_layer_2_convolution_layer_1/batch_normalization_29_1/batchnorm/mul_1:0=[-1, 8192, 1, 128], 1
2026-02-13 00:45:38,167 - tf2onnx.graph - DEBUG - Making node: Name=point_net_1/feature_transform_1/feature_transform_convolution_layer_2_convolution_layer_1/batch_normalization_29_1/batchnorm/mul_1__227, OP=Transpose
2026-02-13 00:45:38,167 - tf2onnx.graph - DEBUG - Infer shape and dtype for [point_net_1/feature_transform_1/feature_transform_convolution_layer_2_convolution_layer_1/batch_normalization_29_1/batchnorm/mul_1__227]
2026-02-13 00:45:38,168 - tf2onnx.graph - DEBUG - Set dtype of [point_net_1/feature_transform_1/feature_transform_convolution_layer_2_convolution_layer_1/batch_normalization_29_1/batchnorm/mul_1__227:0] to 1
2026-02-13 00:45:38,168 - tf2onnx.graph - DEBUG - Set shape of [point_net_1/feature_transform_1/feature_transform_convolution_layer_2_convolution_layer_1/batch_normalization_29_1/batchnorm/mul_1__227:0] to [64, 1, 8192, -1]
2026-02-13 00:45:38,168 - tf2onnx.graph - DEBUG - Made node: point_net_1/feature_transform_1/feature_transform_convolution_layer_2_convolution_layer_1/batch_normalization_29_1/batchnorm/mul_1__227
OP=Transpose
Name=point_net_1/feature_transform_1/feature_transform_convolution_layer_2_convolution_layer_1/batch_normalization_29_1/batchnorm/mul_1__227
Inputs:
	point_net_1/feature_transform_1/feature_transform_convolution_layer_1_convolution_layer_1/Relu:0=Relu, [-1, 8192, 1, 64], 1
Outpus:
	point_net_1/feature_transform_1/feature_transform_convolution_layer_2_convolution_layer_1/batch_normalization_29_1/batchnorm/mul_1__227:0=[64, 1, 8192, -1], 1
2026-02-13 00:45:38,168 - tf2onnx.graph - DEBUG - Making node: Name=point_net_1/feature_transform_1/feature_transform_convolution_layer_2_convolution_layer_1/batch_normalization_29_1/batchnorm/mul_1__229, OP=Transpose
2026-02-13 00:45:38,169 - tf2onnx.graph - DEBUG - Infer shape and dtype for [point_net_1/feature_transform_1/feature_transform_convolution_layer_2_convolution_layer_1/batch_normalization_29_1/batchnorm/mul_1__229]
2026-02-13 00:45:38,169 - tf2onnx.graph - DEBUG - Set dtype of [point_net_1/feature_transform_1/feature_transform_convolution_layer_2_convolution_layer_1/batch_normalization_29_1/batchnorm/mul_1__229:0] to 1
2026-02-13 00:45:38,169 - tf2onnx.graph - DEBUG - Set shape of [point_net_1/feature_transform_1/feature_transform_convolution_layer_2_convolution_layer_1/batch_normalization_29_1/batchnorm/mul_1__229:0] to [128, 1, 8192, -1]
2026-02-13 00:45:38,170 - tf2onnx.graph - DEBUG - Made node: point_net_1/feature_transform_1/feature_transform_convolution_layer_2_convolution_layer_1/batch_normalization_29_1/batchnorm/mul_1__229
OP=Transpose
Name=point_net_1/feature_transform_1/feature_transform_convolution_layer_2_convolution_layer_1/batch_normalization_29_1/batchnorm/mul_1__229
Inputs:
	point_net_1/feature_transform_1/feature_transform_convolution_layer_2_convolution_layer_1/batch_normalization_29_1/batchnorm/mul_1:0=Conv, [-1, 8192, 1, 128], 1
Outpus:
	point_net_1/feature_transform_1/feature_transform_convolution_layer_2_convolution_layer_1/batch_normalization_29_1/batchnorm/mul_1__229:0=[128, 1, 8192, -1], 1
2026-02-13 00:45:38,170 - tf2onnx.tfonnx - DEBUG - Process node: point_net_1/feature_transform_1/feature_transform_convolution_layer_2_convolution_layer_1/batch_normalization_29_1/batchnorm/add_1
OP=AddV2
Name=point_net_1/feature_transform_1/feature_transform_convolution_layer_2_convolution_layer_1/batch_normalization_29_1/batchnorm/add_1
Inputs:
	point_net_1/feature_transform_1/feature_transform_convolution_layer_2_convolution_layer_1/batch_normalization_29_1/batchnorm/mul_1__229:0=Transpose, [-1, 8192, 1, 128], 1
	point_net_1/feature_transform_1/feature_transform_convolution_layer_2_convolution_layer_1/batch_normalization_29_1/batchnorm/sub:0=Const, [128], 1
Outpus:
	point_net_1/feature_transform_1/feature_transform_convolution_layer_2_convolution_layer_1/batch_normalization_29_1/batchnorm/add_1:0=[-1, 8192, 1, 128], 1
2026-02-13 00:45:38,170 - tf2onnx.tfonnx - DEBUG - Process node: point_net_1/feature_transform_1/feature_transform_convolution_layer_2_convolution_layer_1/Relu
OP=Relu
Name=point_net_1/feature_transform_1/feature_transform_convolution_layer_2_convolution_layer_1/Relu
Inputs:
	point_net_1/feature_transform_1/feature_transform_convolution_layer_2_convolution_layer_1/batch_normalization_29_1/batchnorm/add_1:0=Add, [-1, 8192, 1, 128], 1
Outpus:
	point_net_1/feature_transform_1/feature_transform_convolution_layer_2_convolution_layer_1/Relu:0=[-1, 8192, 1, 128], 1
2026-02-13 00:45:38,170 - tf2onnx.tfonnx - DEBUG - Process node: point_net_1/feature_transform_1/feature_transform_convolution_layer_3_convolution_layer_1/batch_normalization_30_1/batchnorm/mul_1
OP=Conv2D
Name=point_net_1/feature_transform_1/feature_transform_convolution_layer_3_convolution_layer_1/batch_normalization_30_1/batchnorm/mul_1
Inputs:
	point_net_1/feature_transform_1/feature_transform_convolution_layer_2_convolution_layer_1/Relu:0=Relu, [-1, 8192, 1, 128], 1
	point_net_1/feature_transform_1/feature_transform_convolution_layer_3_convolution_layer_1/feature_transform_convolution_layer_3_convolution_layer_1/convolution/merged_input:0=Const, [1, 1, 128, 1024], 1
Outpus:
	point_net_1/feature_transform_1/feature_transform_convolution_layer_3_convolution_layer_1/batch_normalization_30_1/batchnorm/mul_1:0=[-1, 8192, 1, 1024], 1
2026-02-13 00:45:38,171 - tf2onnx.graph - DEBUG - Making node: Name=point_net_1/feature_transform_1/feature_transform_convolution_layer_3_convolution_layer_1/batch_normalization_30_1/batchnorm/mul_1__231, OP=Transpose
2026-02-13 00:45:38,171 - tf2onnx.graph - DEBUG - Infer shape and dtype for [point_net_1/feature_transform_1/feature_transform_convolution_layer_3_convolution_layer_1/batch_normalization_30_1/batchnorm/mul_1__231]
2026-02-13 00:45:38,171 - tf2onnx.graph - DEBUG - Set dtype of [point_net_1/feature_transform_1/feature_transform_convolution_layer_3_convolution_layer_1/batch_normalization_30_1/batchnorm/mul_1__231:0] to 1
2026-02-13 00:45:38,172 - tf2onnx.graph - DEBUG - Set shape of [point_net_1/feature_transform_1/feature_transform_convolution_layer_3_convolution_layer_1/batch_normalization_30_1/batchnorm/mul_1__231:0] to [128, 1, 8192, -1]
2026-02-13 00:45:38,172 - tf2onnx.graph - DEBUG - Made node: point_net_1/feature_transform_1/feature_transform_convolution_layer_3_convolution_layer_1/batch_normalization_30_1/batchnorm/mul_1__231
OP=Transpose
Name=point_net_1/feature_transform_1/feature_transform_convolution_layer_3_convolution_layer_1/batch_normalization_30_1/batchnorm/mul_1__231
Inputs:
	point_net_1/feature_transform_1/feature_transform_convolution_layer_2_convolution_layer_1/Relu:0=Relu, [-1, 8192, 1, 128], 1
Outpus:
	point_net_1/feature_transform_1/feature_transform_convolution_layer_3_convolution_layer_1/batch_normalization_30_1/batchnorm/mul_1__231:0=[128, 1, 8192, -1], 1
2026-02-13 00:45:38,173 - tf2onnx.graph - DEBUG - Making node: Name=point_net_1/feature_transform_1/feature_transform_convolution_layer_3_convolution_layer_1/batch_normalization_30_1/batchnorm/mul_1__233, OP=Transpose
2026-02-13 00:45:38,173 - tf2onnx.graph - DEBUG - Infer shape and dtype for [point_net_1/feature_transform_1/feature_transform_convolution_layer_3_convolution_layer_1/batch_normalization_30_1/batchnorm/mul_1__233]
2026-02-13 00:45:38,174 - tf2onnx.graph - DEBUG - Set dtype of [point_net_1/feature_transform_1/feature_transform_convolution_layer_3_convolution_layer_1/batch_normalization_30_1/batchnorm/mul_1__233:0] to 1
2026-02-13 00:45:38,174 - tf2onnx.graph - DEBUG - Set shape of [point_net_1/feature_transform_1/feature_transform_convolution_layer_3_convolution_layer_1/batch_normalization_30_1/batchnorm/mul_1__233:0] to [1024, 1, 8192, -1]
2026-02-13 00:45:38,174 - tf2onnx.graph - DEBUG - Made node: point_net_1/feature_transform_1/feature_transform_convolution_layer_3_convolution_layer_1/batch_normalization_30_1/batchnorm/mul_1__233
OP=Transpose
Name=point_net_1/feature_transform_1/feature_transform_convolution_layer_3_convolution_layer_1/batch_normalization_30_1/batchnorm/mul_1__233
Inputs:
	point_net_1/feature_transform_1/feature_transform_convolution_layer_3_convolution_layer_1/batch_normalization_30_1/batchnorm/mul_1:0=Conv, [-1, 8192, 1, 1024], 1
Outpus:
	point_net_1/feature_transform_1/feature_transform_convolution_layer_3_convolution_layer_1/batch_normalization_30_1/batchnorm/mul_1__233:0=[1024, 1, 8192, -1], 1
2026-02-13 00:45:38,175 - tf2onnx.tfonnx - DEBUG - Process node: point_net_1/feature_transform_1/feature_transform_convolution_layer_3_convolution_layer_1/batch_normalization_30_1/batchnorm/add_1
OP=AddV2
Name=point_net_1/feature_transform_1/feature_transform_convolution_layer_3_convolution_layer_1/batch_normalization_30_1/batchnorm/add_1
Inputs:
	point_net_1/feature_transform_1/feature_transform_convolution_layer_3_convolution_layer_1/batch_normalization_30_1/batchnorm/mul_1__233:0=Transpose, [-1, 8192, 1, 1024], 1
	point_net_1/feature_transform_1/feature_transform_convolution_layer_3_convolution_layer_1/batch_normalization_30_1/batchnorm/sub:0=Const, [1024], 1
Outpus:
	point_net_1/feature_transform_1/feature_transform_convolution_layer_3_convolution_layer_1/batch_normalization_30_1/batchnorm/add_1:0=[-1, 8192, 1, 1024], 1
2026-02-13 00:45:38,175 - tf2onnx.tfonnx - DEBUG - Process node: point_net_1/feature_transform_1/feature_transform_convolution_layer_3_convolution_layer_1/Relu
OP=Relu
Name=point_net_1/feature_transform_1/feature_transform_convolution_layer_3_convolution_layer_1/Relu
Inputs:
	point_net_1/feature_transform_1/feature_transform_convolution_layer_3_convolution_layer_1/batch_normalization_30_1/batchnorm/add_1:0=Add, [-1, 8192, 1, 1024], 1
Outpus:
	point_net_1/feature_transform_1/feature_transform_convolution_layer_3_convolution_layer_1/Relu:0=[-1, 8192, 1, 1024], 1
2026-02-13 00:45:38,175 - tf2onnx.tfonnx - DEBUG - Process node: point_net_1/feature_transform_1/Squeeze
OP=Squeeze
Name=point_net_1/feature_transform_1/Squeeze
Inputs:
	point_net_1/feature_transform_1/feature_transform_convolution_layer_3_convolution_layer_1/Relu:0=Relu, [-1, 8192, 1, 1024], 1
Outpus:
	point_net_1/feature_transform_1/Squeeze:0=[-1, 8192, 1024], 1
2026-02-13 00:45:38,176 - tf2onnx.graph - DEBUG - Making node: Name=axes_const__235, OP=Const
2026-02-13 00:45:38,176 - tf2onnx.graph - DEBUG - Made node: axes_const__235
OP=Const
Name=axes_const__235
Outpus:
	axes_const__235=None, 7
2026-02-13 00:45:38,176 - tf2onnx.tfonnx - DEBUG - Process node: point_net_1/feature_transform_1/Max
OP=Max
Name=point_net_1/feature_transform_1/Max
Inputs:
	point_net_1/feature_transform_1/Squeeze:0=Squeeze, [-1, 8192, 1024], 1
	point_net_1/feature_transform_1/Max/reduction_indices:0=Const, [], 6
Outpus:
	point_net_1/feature_transform_1/Max:0=[-1, 1024], 1
2026-02-13 00:45:38,177 - tf2onnx.tfonnx - DEBUG - Process node: point_net_1/feature_transform_1/feature_transform_dense_layer_1_dense_layer_1/feature_transform_dense_layer_1_dense_layer_1/MatMul
OP=MatMul
Name=point_net_1/feature_transform_1/feature_transform_dense_layer_1_dense_layer_1/feature_transform_dense_layer_1_dense_layer_1/MatMul
Inputs:
	point_net_1/feature_transform_1/Max:0=ReduceMax, [-1, 1024], 1
	point_net_1/feature_transform_1/feature_transform_dense_layer_1_dense_layer_1/feature_transform_dense_layer_1_dense_layer_1/Cast/ReadVariableOp:0=Const, [1024, 512], 1
Outpus:
	point_net_1/feature_transform_1/feature_transform_dense_layer_1_dense_layer_1/feature_transform_dense_layer_1_dense_layer_1/MatMul:0=[-1, 512], 1
2026-02-13 00:45:38,177 - tf2onnx.tfonnx - DEBUG - Process node: point_net_1/feature_transform_1/feature_transform_dense_layer_1_dense_layer_1/batch_normalization_31_1/batchnorm/mul_1
OP=Mul
Name=point_net_1/feature_transform_1/feature_transform_dense_layer_1_dense_layer_1/batch_normalization_31_1/batchnorm/mul_1
Inputs:
	point_net_1/feature_transform_1/feature_transform_dense_layer_1_dense_layer_1/feature_transform_dense_layer_1_dense_layer_1/MatMul:0=MatMul, [-1, 512], 1
	point_net_1/feature_transform_1/feature_transform_dense_layer_1_dense_layer_1/batch_normalization_31_1/batchnorm/mul:0=Const, [512], 1
Outpus:
	point_net_1/feature_transform_1/feature_transform_dense_layer_1_dense_layer_1/batch_normalization_31_1/batchnorm/mul_1:0=[-1, 512], 1
2026-02-13 00:45:38,177 - tf2onnx.tfonnx - DEBUG - Process node: point_net_1/feature_transform_1/feature_transform_dense_layer_1_dense_layer_1/batch_normalization_31_1/batchnorm/add_1
OP=AddV2
Name=point_net_1/feature_transform_1/feature_transform_dense_layer_1_dense_layer_1/batch_normalization_31_1/batchnorm/add_1
Inputs:
	point_net_1/feature_transform_1/feature_transform_dense_layer_1_dense_layer_1/batch_normalization_31_1/batchnorm/mul_1:0=Mul, [-1, 512], 1
	point_net_1/feature_transform_1/feature_transform_dense_layer_1_dense_layer_1/batch_normalization_31_1/batchnorm/sub:0=Const, [512], 1
Outpus:
	point_net_1/feature_transform_1/feature_transform_dense_layer_1_dense_layer_1/batch_normalization_31_1/batchnorm/add_1:0=[-1, 512], 1
2026-02-13 00:45:38,177 - tf2onnx.tfonnx - DEBUG - Process node: point_net_1/feature_transform_1/feature_transform_dense_layer_1_dense_layer_1/Relu
OP=Relu
Name=point_net_1/feature_transform_1/feature_transform_dense_layer_1_dense_layer_1/Relu
Inputs:
	point_net_1/feature_transform_1/feature_transform_dense_layer_1_dense_layer_1/batch_normalization_31_1/batchnorm/add_1:0=Add, [-1, 512], 1
Outpus:
	point_net_1/feature_transform_1/feature_transform_dense_layer_1_dense_layer_1/Relu:0=[-1, 512], 1
2026-02-13 00:45:38,178 - tf2onnx.tfonnx - DEBUG - Process node: point_net_1/feature_transform_1/feature_transform_dense_layer_2_dense_layer_1/feature_transform_dense_layer_2_dense_layer_1/MatMul
OP=MatMul
Name=point_net_1/feature_transform_1/feature_transform_dense_layer_2_dense_layer_1/feature_transform_dense_layer_2_dense_layer_1/MatMul
Inputs:
	point_net_1/feature_transform_1/feature_transform_dense_layer_1_dense_layer_1/Relu:0=Relu, [-1, 512], 1
	point_net_1/feature_transform_1/feature_transform_dense_layer_2_dense_layer_1/feature_transform_dense_layer_2_dense_layer_1/Cast/ReadVariableOp:0=Const, [512, 256], 1
Outpus:
	point_net_1/feature_transform_1/feature_transform_dense_layer_2_dense_layer_1/feature_transform_dense_layer_2_dense_layer_1/MatMul:0=[-1, 256], 1
2026-02-13 00:45:38,178 - tf2onnx.tfonnx - DEBUG - Process node: point_net_1/feature_transform_1/feature_transform_dense_layer_2_dense_layer_1/batch_normalization_32_1/batchnorm/mul_1
OP=Mul
Name=point_net_1/feature_transform_1/feature_transform_dense_layer_2_dense_layer_1/batch_normalization_32_1/batchnorm/mul_1
Inputs:
	point_net_1/feature_transform_1/feature_transform_dense_layer_2_dense_layer_1/feature_transform_dense_layer_2_dense_layer_1/MatMul:0=MatMul, [-1, 256], 1
	point_net_1/feature_transform_1/feature_transform_dense_layer_2_dense_layer_1/batch_normalization_32_1/batchnorm/mul:0=Const, [256], 1
Outpus:
	point_net_1/feature_transform_1/feature_transform_dense_layer_2_dense_layer_1/batch_normalization_32_1/batchnorm/mul_1:0=[-1, 256], 1
2026-02-13 00:45:38,178 - tf2onnx.tfonnx - DEBUG - Process node: point_net_1/feature_transform_1/feature_transform_dense_layer_2_dense_layer_1/batch_normalization_32_1/batchnorm/add_1
OP=AddV2
Name=point_net_1/feature_transform_1/feature_transform_dense_layer_2_dense_layer_1/batch_normalization_32_1/batchnorm/add_1
Inputs:
	point_net_1/feature_transform_1/feature_transform_dense_layer_2_dense_layer_1/batch_normalization_32_1/batchnorm/mul_1:0=Mul, [-1, 256], 1
	point_net_1/feature_transform_1/feature_transform_dense_layer_2_dense_layer_1/batch_normalization_32_1/batchnorm/sub:0=Const, [256], 1
Outpus:
	point_net_1/feature_transform_1/feature_transform_dense_layer_2_dense_layer_1/batch_normalization_32_1/batchnorm/add_1:0=[-1, 256], 1
2026-02-13 00:45:38,179 - tf2onnx.tfonnx - DEBUG - Process node: point_net_1/feature_transform_1/feature_transform_dense_layer_2_dense_layer_1/Relu
OP=Relu
Name=point_net_1/feature_transform_1/feature_transform_dense_layer_2_dense_layer_1/Relu
Inputs:
	point_net_1/feature_transform_1/feature_transform_dense_layer_2_dense_layer_1/batch_normalization_32_1/batchnorm/add_1:0=Add, [-1, 256], 1
Outpus:
	point_net_1/feature_transform_1/feature_transform_dense_layer_2_dense_layer_1/Relu:0=[-1, 256], 1
2026-02-13 00:45:38,179 - tf2onnx.tfonnx - DEBUG - Process node: point_net_1/feature_transform_1/ExpandDims_1
OP=ExpandDims
Name=point_net_1/feature_transform_1/ExpandDims_1
Inputs:
	point_net_1/feature_transform_1/feature_transform_dense_layer_2_dense_layer_1/Relu:0=Relu, [-1, 256], 1
	point_net_1/feature_transform_1/ExpandDims_1/dim:0=Const, [], 6
Outpus:
	point_net_1/feature_transform_1/ExpandDims_1:0=[-1, 1, 256], 1
2026-02-13 00:45:38,179 - tf2onnx.graph - DEBUG - Making node: Name=point_net_1/feature_transform_1/ExpandDims_1__236, OP=Cast
2026-02-13 00:45:38,180 - tf2onnx.graph - DEBUG - Infer shape and dtype for [point_net_1/feature_transform_1/ExpandDims_1__236]
2026-02-13 00:45:38,180 - tf2onnx.graph - DEBUG - Set dtype of [point_net_1/feature_transform_1/ExpandDims_1__236:0] to 7
2026-02-13 00:45:38,180 - tf2onnx.graph - DEBUG - Set shape of [point_net_1/feature_transform_1/ExpandDims_1__236:0] to []
2026-02-13 00:45:38,181 - tf2onnx.graph - DEBUG - Made node: point_net_1/feature_transform_1/ExpandDims_1__236
OP=Cast
Name=point_net_1/feature_transform_1/ExpandDims_1__236
Inputs:
	point_net_1/feature_transform_1/ExpandDims_1/dim:0=Const, [], 6
Outpus:
	point_net_1/feature_transform_1/ExpandDims_1__236:0=[], 7
2026-02-13 00:45:38,181 - tf2onnx.graph - DEBUG - Making node: Name=reshape_const__237, OP=Const
2026-02-13 00:45:38,181 - tf2onnx.graph - DEBUG - Made node: reshape_const__237
OP=Const
Name=reshape_const__237
Outpus:
	reshape_const__237=None, 7
2026-02-13 00:45:38,181 - tf2onnx.graph - DEBUG - Making node: Name=Reshape__238, OP=Reshape
2026-02-13 00:45:38,182 - tf2onnx.graph - DEBUG - Infer shape and dtype for [Reshape__238]
2026-02-13 00:45:38,182 - tf2onnx.graph - DEBUG - Set dtype of [Reshape__238:0] to 7
2026-02-13 00:45:38,182 - tf2onnx.graph - DEBUG - Set shape of [Reshape__238:0] to [1]
2026-02-13 00:45:38,183 - tf2onnx.graph - DEBUG - Made node: Reshape__238
OP=Reshape
Name=Reshape__238
Inputs:
	point_net_1/feature_transform_1/ExpandDims_1__236:0=Cast, [], 7
	reshape_const__237=Const, [1], 7
Outpus:
	Reshape__238:0=[1], 7
2026-02-13 00:45:38,183 - tf2onnx.tfonnx - DEBUG - Process node: point_net_1/feature_transform_1/MatMul
OP=BatchMatMulV2
Name=point_net_1/feature_transform_1/MatMul
Inputs:
	point_net_1/feature_transform_1/ExpandDims_1:0=Unsqueeze, [-1, 1, 256], 1
	point_net_1/feature_transform_1/MatMul/ReadVariableOp:0=Const, [256, 4096], 1
Outpus:
	point_net_1/feature_transform_1/MatMul:0=[-1, 1, 4096], 1
2026-02-13 00:45:38,183 - tf2onnx.tfonnx - DEBUG - Process node: point_net_1/feature_transform_1/Squeeze_1
OP=Squeeze
Name=point_net_1/feature_transform_1/Squeeze_1
Inputs:
	point_net_1/feature_transform_1/MatMul:0=MatMul, [-1, 1, 4096], 1
Outpus:
	point_net_1/feature_transform_1/Squeeze_1:0=[-1, 4096], 1
2026-02-13 00:45:38,184 - tf2onnx.graph - DEBUG - Making node: Name=axes_const__239, OP=Const
2026-02-13 00:45:38,184 - tf2onnx.graph - DEBUG - Made node: axes_const__239
OP=Const
Name=axes_const__239
Outpus:
	axes_const__239=None, 7
2026-02-13 00:45:38,184 - tf2onnx.tfonnx - DEBUG - Process node: point_net_1/feature_transform_1/Reshape
OP=Reshape
Name=point_net_1/feature_transform_1/Reshape
Inputs:
	point_net_1/feature_transform_1/Squeeze_1:0=Squeeze, [-1, 4096], 1
	point_net_1/feature_transform_1/Reshape/shape:0=Const, [3], 6
Outpus:
	point_net_1/feature_transform_1/Reshape:0=[-1, 64, 64], 1
2026-02-13 00:45:38,184 - tf2onnx.graph - DEBUG - Making node: Name=point_net_1/feature_transform_1/Reshape__240, OP=Cast
2026-02-13 00:45:38,185 - tf2onnx.graph - DEBUG - Infer shape and dtype for [point_net_1/feature_transform_1/Reshape__240]
2026-02-13 00:45:38,185 - tf2onnx.graph - DEBUG - Set dtype of [point_net_1/feature_transform_1/Reshape__240:0] to 7
2026-02-13 00:45:38,185 - tf2onnx.graph - DEBUG - Set shape of [point_net_1/feature_transform_1/Reshape__240:0] to [3]
2026-02-13 00:45:38,186 - tf2onnx.graph - DEBUG - Made node: point_net_1/feature_transform_1/Reshape__240
OP=Cast
Name=point_net_1/feature_transform_1/Reshape__240
Inputs:
	point_net_1/feature_transform_1/Reshape/shape:0=Const, [3], 6
Outpus:
	point_net_1/feature_transform_1/Reshape__240:0=[3], 7
2026-02-13 00:45:38,186 - tf2onnx.tfonnx - DEBUG - Process node: point_net_1/feature_transform_1/add
OP=AddV2
Name=point_net_1/feature_transform_1/add
Inputs:
	point_net_1/feature_transform_1/Reshape:0=Reshape, [-1, 64, 64], 1
	point_net_1/feature_transform_1/add/ReadVariableOp:0=Const, [64, 64], 1
Outpus:
	point_net_1/feature_transform_1/add:0=[-1, 64, 64], 1
2026-02-13 00:45:38,186 - tf2onnx.tfonnx - DEBUG - Process node: point_net_1/MatMul_1
OP=BatchMatMulV2
Name=point_net_1/MatMul_1
Inputs:
	point_net_1/Squeeze:0=Squeeze, [-1, 8192, 64], 1
	point_net_1/feature_transform_1/add:0=Add, [-1, 64, 64], 1
Outpus:
	point_net_1/MatMul_1:0=[-1, 8192, 64], 1
2026-02-13 00:45:38,187 - tf2onnx.tfonnx - DEBUG - Process node: point_net_1/ExpandDims_1
OP=ExpandDims
Name=point_net_1/ExpandDims_1
Inputs:
	point_net_1/MatMul_1:0=MatMul, [-1, 8192, 64], 1
	point_net_1/ExpandDims_1/dim:0=Const, [], 6
Outpus:
	point_net_1/ExpandDims_1:0=[-1, 8192, 1, 64], 1
2026-02-13 00:45:38,187 - tf2onnx.graph - DEBUG - Making node: Name=point_net_1/ExpandDims_1__241, OP=Cast
2026-02-13 00:45:38,187 - tf2onnx.graph - DEBUG - Infer shape and dtype for [point_net_1/ExpandDims_1__241]
2026-02-13 00:45:38,188 - tf2onnx.graph - DEBUG - Set dtype of [point_net_1/ExpandDims_1__241:0] to 7
2026-02-13 00:45:38,188 - tf2onnx.graph - DEBUG - Set shape of [point_net_1/ExpandDims_1__241:0] to []
2026-02-13 00:45:38,188 - tf2onnx.graph - DEBUG - Made node: point_net_1/ExpandDims_1__241
OP=Cast
Name=point_net_1/ExpandDims_1__241
Inputs:
	point_net_1/ExpandDims_1/dim:0=Const, [], 6
Outpus:
	point_net_1/ExpandDims_1__241:0=[], 7
2026-02-13 00:45:38,189 - tf2onnx.graph - DEBUG - Making node: Name=reshape_const__242, OP=Const
2026-02-13 00:45:38,189 - tf2onnx.graph - DEBUG - Made node: reshape_const__242
OP=Const
Name=reshape_const__242
Outpus:
	reshape_const__242=None, 7
2026-02-13 00:45:38,190 - tf2onnx.graph - DEBUG - Making node: Name=Reshape__243, OP=Reshape
2026-02-13 00:45:38,190 - tf2onnx.graph - DEBUG - Infer shape and dtype for [Reshape__243]
2026-02-13 00:45:38,190 - tf2onnx.graph - DEBUG - Set dtype of [Reshape__243:0] to 7
2026-02-13 00:45:38,191 - tf2onnx.graph - DEBUG - Set shape of [Reshape__243:0] to [1]
2026-02-13 00:45:38,191 - tf2onnx.graph - DEBUG - Made node: Reshape__243
OP=Reshape
Name=Reshape__243
Inputs:
	point_net_1/ExpandDims_1__241:0=Cast, [], 7
	reshape_const__242=Const, [1], 7
Outpus:
	Reshape__243:0=[1], 7
2026-02-13 00:45:38,191 - tf2onnx.tfonnx - DEBUG - Process node: point_net_1/s2_l1_64_convolution_layer_1/batch_normalization_33_1/batchnorm/mul_1
OP=Conv2D
Name=point_net_1/s2_l1_64_convolution_layer_1/batch_normalization_33_1/batchnorm/mul_1
Inputs:
	point_net_1/ExpandDims_1:0=Unsqueeze, [-1, 8192, 1, 64], 1
	point_net_1/s2_l1_64_convolution_layer_1/s2_l1_64_convolution_layer_1/convolution/merged_input:0=Const, [1, 1, 64, 64], 1
Outpus:
	point_net_1/s2_l1_64_convolution_layer_1/batch_normalization_33_1/batchnorm/mul_1:0=[-1, 8192, 1, 64], 1
2026-02-13 00:45:38,192 - tf2onnx.graph - DEBUG - Making node: Name=point_net_1/s2_l1_64_convolution_layer_1/batch_normalization_33_1/batchnorm/mul_1__244, OP=Transpose
2026-02-13 00:45:38,192 - tf2onnx.graph - DEBUG - Infer shape and dtype for [point_net_1/s2_l1_64_convolution_layer_1/batch_normalization_33_1/batchnorm/mul_1__244]
2026-02-13 00:45:38,192 - tf2onnx.graph - DEBUG - Set dtype of [point_net_1/s2_l1_64_convolution_layer_1/batch_normalization_33_1/batchnorm/mul_1__244:0] to 1
2026-02-13 00:45:38,193 - tf2onnx.graph - DEBUG - Set shape of [point_net_1/s2_l1_64_convolution_layer_1/batch_normalization_33_1/batchnorm/mul_1__244:0] to [64, 1, 8192, -1]
2026-02-13 00:45:38,193 - tf2onnx.graph - DEBUG - Made node: point_net_1/s2_l1_64_convolution_layer_1/batch_normalization_33_1/batchnorm/mul_1__244
OP=Transpose
Name=point_net_1/s2_l1_64_convolution_layer_1/batch_normalization_33_1/batchnorm/mul_1__244
Inputs:
	point_net_1/ExpandDims_1:0=Unsqueeze, [-1, 8192, 1, 64], 1
Outpus:
	point_net_1/s2_l1_64_convolution_layer_1/batch_normalization_33_1/batchnorm/mul_1__244:0=[64, 1, 8192, -1], 1
2026-02-13 00:45:38,193 - tf2onnx.graph - DEBUG - Making node: Name=point_net_1/s2_l1_64_convolution_layer_1/batch_normalization_33_1/batchnorm/mul_1__246, OP=Transpose
2026-02-13 00:45:38,194 - tf2onnx.graph - DEBUG - Infer shape and dtype for [point_net_1/s2_l1_64_convolution_layer_1/batch_normalization_33_1/batchnorm/mul_1__246]
2026-02-13 00:45:38,194 - tf2onnx.graph - DEBUG - Set dtype of [point_net_1/s2_l1_64_convolution_layer_1/batch_normalization_33_1/batchnorm/mul_1__246:0] to 1
2026-02-13 00:45:38,194 - tf2onnx.graph - DEBUG - Set shape of [point_net_1/s2_l1_64_convolution_layer_1/batch_normalization_33_1/batchnorm/mul_1__246:0] to [64, 1, 8192, -1]
2026-02-13 00:45:38,194 - tf2onnx.graph - DEBUG - Made node: point_net_1/s2_l1_64_convolution_layer_1/batch_normalization_33_1/batchnorm/mul_1__246
OP=Transpose
Name=point_net_1/s2_l1_64_convolution_layer_1/batch_normalization_33_1/batchnorm/mul_1__246
Inputs:
	point_net_1/s2_l1_64_convolution_layer_1/batch_normalization_33_1/batchnorm/mul_1:0=Conv, [-1, 8192, 1, 64], 1
Outpus:
	point_net_1/s2_l1_64_convolution_layer_1/batch_normalization_33_1/batchnorm/mul_1__246:0=[64, 1, 8192, -1], 1
2026-02-13 00:45:38,195 - tf2onnx.tfonnx - DEBUG - Process node: point_net_1/s2_l1_64_convolution_layer_1/batch_normalization_33_1/batchnorm/add_1
OP=AddV2
Name=point_net_1/s2_l1_64_convolution_layer_1/batch_normalization_33_1/batchnorm/add_1
Inputs:
	point_net_1/s2_l1_64_convolution_layer_1/batch_normalization_33_1/batchnorm/mul_1__246:0=Transpose, [-1, 8192, 1, 64], 1
	point_net_1/s2_l1_64_convolution_layer_1/batch_normalization_33_1/batchnorm/sub:0=Const, [64], 1
Outpus:
	point_net_1/s2_l1_64_convolution_layer_1/batch_normalization_33_1/batchnorm/add_1:0=[-1, 8192, 1, 64], 1
2026-02-13 00:45:38,195 - tf2onnx.tfonnx - DEBUG - Process node: point_net_1/s2_l1_64_convolution_layer_1/Relu
OP=Relu
Name=point_net_1/s2_l1_64_convolution_layer_1/Relu
Inputs:
	point_net_1/s2_l1_64_convolution_layer_1/batch_normalization_33_1/batchnorm/add_1:0=Add, [-1, 8192, 1, 64], 1
Outpus:
	point_net_1/s2_l1_64_convolution_layer_1/Relu:0=[-1, 8192, 1, 64], 1
2026-02-13 00:45:38,195 - tf2onnx.tfonnx - DEBUG - Process node: point_net_1/s2_l2_128_convolution_layer_1/batch_normalization_34_1/batchnorm/mul_1
OP=Conv2D
Name=point_net_1/s2_l2_128_convolution_layer_1/batch_normalization_34_1/batchnorm/mul_1
Inputs:
	point_net_1/s2_l1_64_convolution_layer_1/Relu:0=Relu, [-1, 8192, 1, 64], 1
	point_net_1/s2_l2_128_convolution_layer_1/s2_l2_128_convolution_layer_1/convolution/merged_input:0=Const, [1, 1, 64, 128], 1
Outpus:
	point_net_1/s2_l2_128_convolution_layer_1/batch_normalization_34_1/batchnorm/mul_1:0=[-1, 8192, 1, 128], 1
2026-02-13 00:45:38,196 - tf2onnx.graph - DEBUG - Making node: Name=point_net_1/s2_l2_128_convolution_layer_1/batch_normalization_34_1/batchnorm/mul_1__248, OP=Transpose
2026-02-13 00:45:38,196 - tf2onnx.graph - DEBUG - Infer shape and dtype for [point_net_1/s2_l2_128_convolution_layer_1/batch_normalization_34_1/batchnorm/mul_1__248]
2026-02-13 00:45:38,196 - tf2onnx.graph - DEBUG - Set dtype of [point_net_1/s2_l2_128_convolution_layer_1/batch_normalization_34_1/batchnorm/mul_1__248:0] to 1
2026-02-13 00:45:38,196 - tf2onnx.graph - DEBUG - Set shape of [point_net_1/s2_l2_128_convolution_layer_1/batch_normalization_34_1/batchnorm/mul_1__248:0] to [64, 1, 8192, -1]
2026-02-13 00:45:38,197 - tf2onnx.graph - DEBUG - Made node: point_net_1/s2_l2_128_convolution_layer_1/batch_normalization_34_1/batchnorm/mul_1__248
OP=Transpose
Name=point_net_1/s2_l2_128_convolution_layer_1/batch_normalization_34_1/batchnorm/mul_1__248
Inputs:
	point_net_1/s2_l1_64_convolution_layer_1/Relu:0=Relu, [-1, 8192, 1, 64], 1
Outpus:
	point_net_1/s2_l2_128_convolution_layer_1/batch_normalization_34_1/batchnorm/mul_1__248:0=[64, 1, 8192, -1], 1
2026-02-13 00:45:38,197 - tf2onnx.graph - DEBUG - Making node: Name=point_net_1/s2_l2_128_convolution_layer_1/batch_normalization_34_1/batchnorm/mul_1__250, OP=Transpose
2026-02-13 00:45:38,197 - tf2onnx.graph - DEBUG - Infer shape and dtype for [point_net_1/s2_l2_128_convolution_layer_1/batch_normalization_34_1/batchnorm/mul_1__250]
2026-02-13 00:45:38,198 - tf2onnx.graph - DEBUG - Set dtype of [point_net_1/s2_l2_128_convolution_layer_1/batch_normalization_34_1/batchnorm/mul_1__250:0] to 1
2026-02-13 00:45:38,198 - tf2onnx.graph - DEBUG - Set shape of [point_net_1/s2_l2_128_convolution_layer_1/batch_normalization_34_1/batchnorm/mul_1__250:0] to [128, 1, 8192, -1]
2026-02-13 00:45:38,198 - tf2onnx.graph - DEBUG - Made node: point_net_1/s2_l2_128_convolution_layer_1/batch_normalization_34_1/batchnorm/mul_1__250
OP=Transpose
Name=point_net_1/s2_l2_128_convolution_layer_1/batch_normalization_34_1/batchnorm/mul_1__250
Inputs:
	point_net_1/s2_l2_128_convolution_layer_1/batch_normalization_34_1/batchnorm/mul_1:0=Conv, [-1, 8192, 1, 128], 1
Outpus:
	point_net_1/s2_l2_128_convolution_layer_1/batch_normalization_34_1/batchnorm/mul_1__250:0=[128, 1, 8192, -1], 1
2026-02-13 00:45:38,199 - tf2onnx.tfonnx - DEBUG - Process node: point_net_1/s2_l2_128_convolution_layer_1/batch_normalization_34_1/batchnorm/add_1
OP=AddV2
Name=point_net_1/s2_l2_128_convolution_layer_1/batch_normalization_34_1/batchnorm/add_1
Inputs:
	point_net_1/s2_l2_128_convolution_layer_1/batch_normalization_34_1/batchnorm/mul_1__250:0=Transpose, [-1, 8192, 1, 128], 1
	point_net_1/s2_l2_128_convolution_layer_1/batch_normalization_34_1/batchnorm/sub:0=Const, [128], 1
Outpus:
	point_net_1/s2_l2_128_convolution_layer_1/batch_normalization_34_1/batchnorm/add_1:0=[-1, 8192, 1, 128], 1
2026-02-13 00:45:38,199 - tf2onnx.tfonnx - DEBUG - Process node: point_net_1/s2_l2_128_convolution_layer_1/Relu
OP=Relu
Name=point_net_1/s2_l2_128_convolution_layer_1/Relu
Inputs:
	point_net_1/s2_l2_128_convolution_layer_1/batch_normalization_34_1/batchnorm/add_1:0=Add, [-1, 8192, 1, 128], 1
Outpus:
	point_net_1/s2_l2_128_convolution_layer_1/Relu:0=[-1, 8192, 1, 128], 1
2026-02-13 00:45:38,199 - tf2onnx.tfonnx - DEBUG - Process node: point_net_1/s2_l3_1024_convolution_layer_1/batch_normalization_35_1/batchnorm/mul_1
OP=Conv2D
Name=point_net_1/s2_l3_1024_convolution_layer_1/batch_normalization_35_1/batchnorm/mul_1
Inputs:
	point_net_1/s2_l2_128_convolution_layer_1/Relu:0=Relu, [-1, 8192, 1, 128], 1
	point_net_1/s2_l3_1024_convolution_layer_1/s2_l3_1024_convolution_layer_1/convolution/merged_input:0=Const, [1, 1, 128, 1024], 1
Outpus:
	point_net_1/s2_l3_1024_convolution_layer_1/batch_normalization_35_1/batchnorm/mul_1:0=[-1, 8192, 1, 1024], 1
2026-02-13 00:45:38,200 - tf2onnx.graph - DEBUG - Making node: Name=point_net_1/s2_l3_1024_convolution_layer_1/batch_normalization_35_1/batchnorm/mul_1__252, OP=Transpose
2026-02-13 00:45:38,200 - tf2onnx.graph - DEBUG - Infer shape and dtype for [point_net_1/s2_l3_1024_convolution_layer_1/batch_normalization_35_1/batchnorm/mul_1__252]
2026-02-13 00:45:38,200 - tf2onnx.graph - DEBUG - Set dtype of [point_net_1/s2_l3_1024_convolution_layer_1/batch_normalization_35_1/batchnorm/mul_1__252:0] to 1
2026-02-13 00:45:38,201 - tf2onnx.graph - DEBUG - Set shape of [point_net_1/s2_l3_1024_convolution_layer_1/batch_normalization_35_1/batchnorm/mul_1__252:0] to [128, 1, 8192, -1]
2026-02-13 00:45:38,201 - tf2onnx.graph - DEBUG - Made node: point_net_1/s2_l3_1024_convolution_layer_1/batch_normalization_35_1/batchnorm/mul_1__252
OP=Transpose
Name=point_net_1/s2_l3_1024_convolution_layer_1/batch_normalization_35_1/batchnorm/mul_1__252
Inputs:
	point_net_1/s2_l2_128_convolution_layer_1/Relu:0=Relu, [-1, 8192, 1, 128], 1
Outpus:
	point_net_1/s2_l3_1024_convolution_layer_1/batch_normalization_35_1/batchnorm/mul_1__252:0=[128, 1, 8192, -1], 1
2026-02-13 00:45:38,202 - tf2onnx.graph - DEBUG - Making node: Name=point_net_1/s2_l3_1024_convolution_layer_1/batch_normalization_35_1/batchnorm/mul_1__254, OP=Transpose
2026-02-13 00:45:38,202 - tf2onnx.graph - DEBUG - Infer shape and dtype for [point_net_1/s2_l3_1024_convolution_layer_1/batch_normalization_35_1/batchnorm/mul_1__254]
2026-02-13 00:45:38,202 - tf2onnx.graph - DEBUG - Set dtype of [point_net_1/s2_l3_1024_convolution_layer_1/batch_normalization_35_1/batchnorm/mul_1__254:0] to 1
2026-02-13 00:45:38,203 - tf2onnx.graph - DEBUG - Set shape of [point_net_1/s2_l3_1024_convolution_layer_1/batch_normalization_35_1/batchnorm/mul_1__254:0] to [1024, 1, 8192, -1]
2026-02-13 00:45:38,203 - tf2onnx.graph - DEBUG - Made node: point_net_1/s2_l3_1024_convolution_layer_1/batch_normalization_35_1/batchnorm/mul_1__254
OP=Transpose
Name=point_net_1/s2_l3_1024_convolution_layer_1/batch_normalization_35_1/batchnorm/mul_1__254
Inputs:
	point_net_1/s2_l3_1024_convolution_layer_1/batch_normalization_35_1/batchnorm/mul_1:0=Conv, [-1, 8192, 1, 1024], 1
Outpus:
	point_net_1/s2_l3_1024_convolution_layer_1/batch_normalization_35_1/batchnorm/mul_1__254:0=[1024, 1, 8192, -1], 1
2026-02-13 00:45:38,203 - tf2onnx.tfonnx - DEBUG - Process node: point_net_1/s2_l3_1024_convolution_layer_1/batch_normalization_35_1/batchnorm/add_1
OP=AddV2
Name=point_net_1/s2_l3_1024_convolution_layer_1/batch_normalization_35_1/batchnorm/add_1
Inputs:
	point_net_1/s2_l3_1024_convolution_layer_1/batch_normalization_35_1/batchnorm/mul_1__254:0=Transpose, [-1, 8192, 1, 1024], 1
	point_net_1/s2_l3_1024_convolution_layer_1/batch_normalization_35_1/batchnorm/sub:0=Const, [1024], 1
Outpus:
	point_net_1/s2_l3_1024_convolution_layer_1/batch_normalization_35_1/batchnorm/add_1:0=[-1, 8192, 1, 1024], 1
2026-02-13 00:45:38,204 - tf2onnx.tfonnx - DEBUG - Process node: point_net_1/s2_l3_1024_convolution_layer_1/Relu
OP=Relu
Name=point_net_1/s2_l3_1024_convolution_layer_1/Relu
Inputs:
	point_net_1/s2_l3_1024_convolution_layer_1/batch_normalization_35_1/batchnorm/add_1:0=Add, [-1, 8192, 1, 1024], 1
Outpus:
	point_net_1/s2_l3_1024_convolution_layer_1/Relu:0=[-1, 8192, 1, 1024], 1
2026-02-13 00:45:38,204 - tf2onnx.tfonnx - DEBUG - Process node: point_net_1/Squeeze_1
OP=Squeeze
Name=point_net_1/Squeeze_1
Inputs:
	point_net_1/s2_l3_1024_convolution_layer_1/Relu:0=Relu, [-1, 8192, 1, 1024], 1
Outpus:
	point_net_1/Squeeze_1:0=[-1, 8192, 1024], 1
2026-02-13 00:45:38,204 - tf2onnx.graph - DEBUG - Making node: Name=axes_const__256, OP=Const
2026-02-13 00:45:38,205 - tf2onnx.graph - DEBUG - Made node: axes_const__256
OP=Const
Name=axes_const__256
Outpus:
	axes_const__256=None, 7
2026-02-13 00:45:38,205 - tf2onnx.tfonnx - DEBUG - Process node: point_net_1/Max
OP=Max
Name=point_net_1/Max
Inputs:
	point_net_1/Squeeze_1:0=Squeeze, [-1, 8192, 1024], 1
	point_net_1/Max/reduction_indices:0=Const, [], 6
Outpus:
	point_net_1/Max:0=[-1, 1024], 1
2026-02-13 00:45:38,206 - tf2onnx.tfonnx - DEBUG - Process node: point_net_1/s3_l1_512_dense_layer_1/s3_l1_512_dense_layer_1/MatMul
OP=MatMul
Name=point_net_1/s3_l1_512_dense_layer_1/s3_l1_512_dense_layer_1/MatMul
Inputs:
	point_net_1/Max:0=ReduceMax, [-1, 1024], 1
	point_net_1/s3_l1_512_dense_layer_1/s3_l1_512_dense_layer_1/Cast/ReadVariableOp:0=Const, [1024, 512], 1
Outpus:
	point_net_1/s3_l1_512_dense_layer_1/s3_l1_512_dense_layer_1/MatMul:0=[-1, 512], 1
2026-02-13 00:45:38,206 - tf2onnx.tfonnx - DEBUG - Process node: point_net_1/s3_l1_512_dense_layer_1/batch_normalization_36_1/batchnorm/mul_1
OP=Mul
Name=point_net_1/s3_l1_512_dense_layer_1/batch_normalization_36_1/batchnorm/mul_1
Inputs:
	point_net_1/s3_l1_512_dense_layer_1/s3_l1_512_dense_layer_1/MatMul:0=MatMul, [-1, 512], 1
	point_net_1/s3_l1_512_dense_layer_1/batch_normalization_36_1/batchnorm/mul:0=Const, [512], 1
Outpus:
	point_net_1/s3_l1_512_dense_layer_1/batch_normalization_36_1/batchnorm/mul_1:0=[-1, 512], 1
2026-02-13 00:45:38,206 - tf2onnx.tfonnx - DEBUG - Process node: point_net_1/s3_l1_512_dense_layer_1/batch_normalization_36_1/batchnorm/add_1
OP=AddV2
Name=point_net_1/s3_l1_512_dense_layer_1/batch_normalization_36_1/batchnorm/add_1
Inputs:
	point_net_1/s3_l1_512_dense_layer_1/batch_normalization_36_1/batchnorm/mul_1:0=Mul, [-1, 512], 1
	point_net_1/s3_l1_512_dense_layer_1/batch_normalization_36_1/batchnorm/sub:0=Const, [512], 1
Outpus:
	point_net_1/s3_l1_512_dense_layer_1/batch_normalization_36_1/batchnorm/add_1:0=[-1, 512], 1
2026-02-13 00:45:38,206 - tf2onnx.tfonnx - DEBUG - Process node: point_net_1/s3_l1_512_dense_layer_1/Relu
OP=Relu
Name=point_net_1/s3_l1_512_dense_layer_1/Relu
Inputs:
	point_net_1/s3_l1_512_dense_layer_1/batch_normalization_36_1/batchnorm/add_1:0=Add, [-1, 512], 1
Outpus:
	point_net_1/s3_l1_512_dense_layer_1/Relu:0=[-1, 512], 1
2026-02-13 00:45:38,207 - tf2onnx.tfonnx - DEBUG - Process node: point_net_1/s3_l2_256_dense_layer_1/s3_l2_256_dense_layer_1/MatMul
OP=MatMul
Name=point_net_1/s3_l2_256_dense_layer_1/s3_l2_256_dense_layer_1/MatMul
Inputs:
	point_net_1/s3_l1_512_dense_layer_1/Relu:0=Relu, [-1, 512], 1
	point_net_1/s3_l2_256_dense_layer_1/s3_l2_256_dense_layer_1/Cast/ReadVariableOp:0=Const, [512, 256], 1
Outpus:
	point_net_1/s3_l2_256_dense_layer_1/s3_l2_256_dense_layer_1/MatMul:0=[-1, 256], 1
2026-02-13 00:45:38,207 - tf2onnx.tfonnx - DEBUG - Process node: point_net_1/s3_l2_256_dense_layer_1/batch_normalization_37_1/batchnorm/mul_1
OP=Mul
Name=point_net_1/s3_l2_256_dense_layer_1/batch_normalization_37_1/batchnorm/mul_1
Inputs:
	point_net_1/s3_l2_256_dense_layer_1/s3_l2_256_dense_layer_1/MatMul:0=MatMul, [-1, 256], 1
	point_net_1/s3_l2_256_dense_layer_1/batch_normalization_37_1/batchnorm/mul:0=Const, [256], 1
Outpus:
	point_net_1/s3_l2_256_dense_layer_1/batch_normalization_37_1/batchnorm/mul_1:0=[-1, 256], 1
2026-02-13 00:45:38,207 - tf2onnx.tfonnx - DEBUG - Process node: point_net_1/s3_l2_256_dense_layer_1/batch_normalization_37_1/batchnorm/add_1
OP=AddV2
Name=point_net_1/s3_l2_256_dense_layer_1/batch_normalization_37_1/batchnorm/add_1
Inputs:
	point_net_1/s3_l2_256_dense_layer_1/batch_normalization_37_1/batchnorm/mul_1:0=Mul, [-1, 256], 1
	point_net_1/s3_l2_256_dense_layer_1/batch_normalization_37_1/batchnorm/sub:0=Const, [256], 1
Outpus:
	point_net_1/s3_l2_256_dense_layer_1/batch_normalization_37_1/batchnorm/add_1:0=[-1, 256], 1
2026-02-13 00:45:38,208 - tf2onnx.tfonnx - DEBUG - Process node: point_net_1/s3_l2_256_dense_layer_1/Relu
OP=Relu
Name=point_net_1/s3_l2_256_dense_layer_1/Relu
Inputs:
	point_net_1/s3_l2_256_dense_layer_1/batch_normalization_37_1/batchnorm/add_1:0=Add, [-1, 256], 1
Outpus:
	point_net_1/s3_l2_256_dense_layer_1/Relu:0=[-1, 256], 1
2026-02-13 00:45:38,208 - tf2onnx.tfonnx - DEBUG - Process node: point_net_1/output_dense_layer_1/output_dense_layer_1/MatMul
OP=MatMul
Name=point_net_1/output_dense_layer_1/output_dense_layer_1/MatMul
Inputs:
	point_net_1/s3_l2_256_dense_layer_1/Relu:0=Relu, [-1, 256], 1
	point_net_1/output_dense_layer_1/output_dense_layer_1/Cast/ReadVariableOp:0=Const, [256, 23], 1
Outpus:
	point_net_1/output_dense_layer_1/output_dense_layer_1/MatMul:0=[-1, 23], 1
2026-02-13 00:45:38,208 - tf2onnx.tfonnx - DEBUG - Process node: point_net_1/output_dense_layer_1/output_dense_layer_1/BiasAdd
OP=BiasAdd
Name=point_net_1/output_dense_layer_1/output_dense_layer_1/BiasAdd
Inputs:
	point_net_1/output_dense_layer_1/output_dense_layer_1/MatMul:0=MatMul, [-1, 23], 1
	point_net_1/output_dense_layer_1/output_dense_layer_1/BiasAdd/ReadVariableOp:0=Const, [23], 1
Outpus:
	point_net_1/output_dense_layer_1/output_dense_layer_1/BiasAdd:0=[-1, 23], 1
2026-02-13 00:45:38,208 - tf2onnx.tfonnx - DEBUG - Process node: point_net_1/output_dense_layer_1/Softmax
OP=Softmax
Name=point_net_1/output_dense_layer_1/Softmax
Inputs:
	point_net_1/output_dense_layer_1/output_dense_layer_1/BiasAdd:0=Add, [-1, 23], 1
Outpus:
	point_net_1/output_dense_layer_1/Softmax:0=[-1, 23], 1
2026-02-13 00:45:38,209 - tf2onnx.tfonnx - DEBUG - Process node: point_net_1/ExpandDims_2
OP=ExpandDims
Name=point_net_1/ExpandDims_2
Inputs:
	point_net_1/Max:0=ReduceMax, [-1, 1024], 1
	point_net_1/ExpandDims_2/dim:0=Const, [], 6
Outpus:
	point_net_1/ExpandDims_2:0=[-1, 1, 1024], 1
2026-02-13 00:45:38,209 - tf2onnx.graph - DEBUG - Making node: Name=point_net_1/ExpandDims_2__257, OP=Cast
2026-02-13 00:45:38,209 - tf2onnx.graph - DEBUG - Infer shape and dtype for [point_net_1/ExpandDims_2__257]
2026-02-13 00:45:38,209 - tf2onnx.graph - DEBUG - Set dtype of [point_net_1/ExpandDims_2__257:0] to 7
2026-02-13 00:45:38,210 - tf2onnx.graph - DEBUG - Set shape of [point_net_1/ExpandDims_2__257:0] to []
2026-02-13 00:45:38,210 - tf2onnx.graph - DEBUG - Made node: point_net_1/ExpandDims_2__257
OP=Cast
Name=point_net_1/ExpandDims_2__257
Inputs:
	point_net_1/ExpandDims_2/dim:0=Const, [], 6
Outpus:
	point_net_1/ExpandDims_2__257:0=[], 7
2026-02-13 00:45:38,210 - tf2onnx.graph - DEBUG - Making node: Name=reshape_const__258, OP=Const
2026-02-13 00:45:38,210 - tf2onnx.graph - DEBUG - Made node: reshape_const__258
OP=Const
Name=reshape_const__258
Outpus:
	reshape_const__258=None, 7
2026-02-13 00:45:38,211 - tf2onnx.graph - DEBUG - Making node: Name=Reshape__259, OP=Reshape
2026-02-13 00:45:38,211 - tf2onnx.graph - DEBUG - Infer shape and dtype for [Reshape__259]
2026-02-13 00:45:38,211 - tf2onnx.graph - DEBUG - Set dtype of [Reshape__259:0] to 7
2026-02-13 00:45:38,211 - tf2onnx.graph - DEBUG - Set shape of [Reshape__259:0] to [1]
2026-02-13 00:45:38,212 - tf2onnx.graph - DEBUG - Made node: Reshape__259
OP=Reshape
Name=Reshape__259
Inputs:
	point_net_1/ExpandDims_2__257:0=Cast, [], 7
	reshape_const__258=Const, [1], 7
Outpus:
	Reshape__259:0=[1], 7
2026-02-13 00:45:38,212 - tf2onnx.tfonnx - DEBUG - Process node: point_net_1/Tile
OP=Tile
Name=point_net_1/Tile
Inputs:
	point_net_1/ExpandDims_2:0=Unsqueeze, [-1, 1, 1024], 1
	point_net_1/Tile/multiples:0=Const, [3], 6
Outpus:
	point_net_1/Tile:0=[-1, 8192, 1024], 1
2026-02-13 00:45:38,212 - tf2onnx.graph - DEBUG - Making node: Name=point_net_1/Tile__260, OP=Cast
2026-02-13 00:45:38,213 - tf2onnx.graph - DEBUG - Infer shape and dtype for [point_net_1/Tile__260]
2026-02-13 00:45:38,213 - tf2onnx.graph - DEBUG - Set dtype of [point_net_1/Tile__260:0] to 7
2026-02-13 00:45:38,213 - tf2onnx.graph - DEBUG - Set shape of [point_net_1/Tile__260:0] to [3]
2026-02-13 00:45:38,213 - tf2onnx.graph - DEBUG - Made node: point_net_1/Tile__260
OP=Cast
Name=point_net_1/Tile__260
Inputs:
	point_net_1/Tile/multiples:0=Const, [3], 6
Outpus:
	point_net_1/Tile__260:0=[3], 7
2026-02-13 00:45:38,214 - tf2onnx.tfonnx - DEBUG - Process node: point_net_1/concat
OP=ConcatV2
Name=point_net_1/concat
Inputs:
	point_net_1/MatMul_1:0=MatMul, [-1, 8192, 64], 1
	point_net_1/Tile:0=Tile, [-1, 8192, 1024], 1
	point_net_1/concat/axis:0=Const, [], 6
Outpus:
	point_net_1/concat:0=[-1, 8192, 1088], 1
2026-02-13 00:45:38,214 - tf2onnx.tfonnx - DEBUG - Process node: point_net_1/ExpandDims_3
OP=ExpandDims
Name=point_net_1/ExpandDims_3
Inputs:
	point_net_1/concat:0=Concat, [-1, 8192, 1088], 1
	point_net_1/ExpandDims_3/dim:0=Const, [], 6
Outpus:
	point_net_1/ExpandDims_3:0=[-1, 8192, 1, 1088], 1
2026-02-13 00:45:38,214 - tf2onnx.graph - DEBUG - Making node: Name=point_net_1/ExpandDims_3__261, OP=Cast
2026-02-13 00:45:38,214 - tf2onnx.graph - DEBUG - Infer shape and dtype for [point_net_1/ExpandDims_3__261]
2026-02-13 00:45:38,215 - tf2onnx.graph - DEBUG - Set dtype of [point_net_1/ExpandDims_3__261:0] to 7
2026-02-13 00:45:38,215 - tf2onnx.graph - DEBUG - Set shape of [point_net_1/ExpandDims_3__261:0] to []
2026-02-13 00:45:38,215 - tf2onnx.graph - DEBUG - Made node: point_net_1/ExpandDims_3__261
OP=Cast
Name=point_net_1/ExpandDims_3__261
Inputs:
	point_net_1/ExpandDims_3/dim:0=Const, [], 6
Outpus:
	point_net_1/ExpandDims_3__261:0=[], 7
2026-02-13 00:45:38,216 - tf2onnx.graph - DEBUG - Making node: Name=reshape_const__262, OP=Const
2026-02-13 00:45:38,216 - tf2onnx.graph - DEBUG - Made node: reshape_const__262
OP=Const
Name=reshape_const__262
Outpus:
	reshape_const__262=None, 7
2026-02-13 00:45:38,216 - tf2onnx.graph - DEBUG - Making node: Name=Reshape__263, OP=Reshape
2026-02-13 00:45:38,216 - tf2onnx.graph - DEBUG - Infer shape and dtype for [Reshape__263]
2026-02-13 00:45:38,217 - tf2onnx.graph - DEBUG - Set dtype of [Reshape__263:0] to 7
2026-02-13 00:45:38,217 - tf2onnx.graph - DEBUG - Set shape of [Reshape__263:0] to [1]
2026-02-13 00:45:38,217 - tf2onnx.graph - DEBUG - Made node: Reshape__263
OP=Reshape
Name=Reshape__263
Inputs:
	point_net_1/ExpandDims_3__261:0=Cast, [], 7
	reshape_const__262=Const, [1], 7
Outpus:
	Reshape__263:0=[1], 7
2026-02-13 00:45:38,217 - tf2onnx.tfonnx - DEBUG - Process node: point_net_1/seg_l1_512_convolution_layer_1/batch_normalization_38_1/batchnorm/mul_1
OP=Conv2D
Name=point_net_1/seg_l1_512_convolution_layer_1/batch_normalization_38_1/batchnorm/mul_1
Inputs:
	point_net_1/ExpandDims_3:0=Unsqueeze, [-1, 8192, 1, 1088], 1
	point_net_1/seg_l1_512_convolution_layer_1/seg_l1_512_convolution_layer_1/convolution/merged_input:0=Const, [1, 1, 1088, 512], 1
Outpus:
	point_net_1/seg_l1_512_convolution_layer_1/batch_normalization_38_1/batchnorm/mul_1:0=[-1, 8192, 1, 512], 1
2026-02-13 00:45:38,218 - tf2onnx.graph - DEBUG - Making node: Name=point_net_1/seg_l1_512_convolution_layer_1/batch_normalization_38_1/batchnorm/mul_1__264, OP=Transpose
2026-02-13 00:45:38,218 - tf2onnx.graph - DEBUG - Infer shape and dtype for [point_net_1/seg_l1_512_convolution_layer_1/batch_normalization_38_1/batchnorm/mul_1__264]
2026-02-13 00:45:38,218 - tf2onnx.graph - DEBUG - Set dtype of [point_net_1/seg_l1_512_convolution_layer_1/batch_normalization_38_1/batchnorm/mul_1__264:0] to 1
2026-02-13 00:45:38,219 - tf2onnx.graph - DEBUG - Set shape of [point_net_1/seg_l1_512_convolution_layer_1/batch_normalization_38_1/batchnorm/mul_1__264:0] to [1088, 1, 8192, -1]
2026-02-13 00:45:38,219 - tf2onnx.graph - DEBUG - Made node: point_net_1/seg_l1_512_convolution_layer_1/batch_normalization_38_1/batchnorm/mul_1__264
OP=Transpose
Name=point_net_1/seg_l1_512_convolution_layer_1/batch_normalization_38_1/batchnorm/mul_1__264
Inputs:
	point_net_1/ExpandDims_3:0=Unsqueeze, [-1, 8192, 1, 1088], 1
Outpus:
	point_net_1/seg_l1_512_convolution_layer_1/batch_normalization_38_1/batchnorm/mul_1__264:0=[1088, 1, 8192, -1], 1
2026-02-13 00:45:38,223 - tf2onnx.graph - DEBUG - Making node: Name=point_net_1/seg_l1_512_convolution_layer_1/batch_normalization_38_1/batchnorm/mul_1__266, OP=Transpose
2026-02-13 00:45:38,223 - tf2onnx.graph - DEBUG - Infer shape and dtype for [point_net_1/seg_l1_512_convolution_layer_1/batch_normalization_38_1/batchnorm/mul_1__266]
2026-02-13 00:45:38,223 - tf2onnx.graph - DEBUG - Set dtype of [point_net_1/seg_l1_512_convolution_layer_1/batch_normalization_38_1/batchnorm/mul_1__266:0] to 1
2026-02-13 00:45:38,224 - tf2onnx.graph - DEBUG - Set shape of [point_net_1/seg_l1_512_convolution_layer_1/batch_normalization_38_1/batchnorm/mul_1__266:0] to [512, 1, 8192, -1]
2026-02-13 00:45:38,224 - tf2onnx.graph - DEBUG - Made node: point_net_1/seg_l1_512_convolution_layer_1/batch_normalization_38_1/batchnorm/mul_1__266
OP=Transpose
Name=point_net_1/seg_l1_512_convolution_layer_1/batch_normalization_38_1/batchnorm/mul_1__266
Inputs:
	point_net_1/seg_l1_512_convolution_layer_1/batch_normalization_38_1/batchnorm/mul_1:0=Conv, [-1, 8192, 1, 512], 1
Outpus:
	point_net_1/seg_l1_512_convolution_layer_1/batch_normalization_38_1/batchnorm/mul_1__266:0=[512, 1, 8192, -1], 1
2026-02-13 00:45:38,224 - tf2onnx.tfonnx - DEBUG - Process node: point_net_1/seg_l1_512_convolution_layer_1/batch_normalization_38_1/batchnorm/add_1
OP=AddV2
Name=point_net_1/seg_l1_512_convolution_layer_1/batch_normalization_38_1/batchnorm/add_1
Inputs:
	point_net_1/seg_l1_512_convolution_layer_1/batch_normalization_38_1/batchnorm/mul_1__266:0=Transpose, [-1, 8192, 1, 512], 1
	point_net_1/seg_l1_512_convolution_layer_1/batch_normalization_38_1/batchnorm/sub:0=Const, [512], 1
Outpus:
	point_net_1/seg_l1_512_convolution_layer_1/batch_normalization_38_1/batchnorm/add_1:0=[-1, 8192, 1, 512], 1
2026-02-13 00:45:38,225 - tf2onnx.tfonnx - DEBUG - Process node: point_net_1/seg_l1_512_convolution_layer_1/Relu
OP=Relu
Name=point_net_1/seg_l1_512_convolution_layer_1/Relu
Inputs:
	point_net_1/seg_l1_512_convolution_layer_1/batch_normalization_38_1/batchnorm/add_1:0=Add, [-1, 8192, 1, 512], 1
Outpus:
	point_net_1/seg_l1_512_convolution_layer_1/Relu:0=[-1, 8192, 1, 512], 1
2026-02-13 00:45:38,225 - tf2onnx.tfonnx - DEBUG - Process node: point_net_1/seg_l2_256_convolution_layer_1/batch_normalization_39_1/batchnorm/mul_1
OP=Conv2D
Name=point_net_1/seg_l2_256_convolution_layer_1/batch_normalization_39_1/batchnorm/mul_1
Inputs:
	point_net_1/seg_l1_512_convolution_layer_1/Relu:0=Relu, [-1, 8192, 1, 512], 1
	point_net_1/seg_l2_256_convolution_layer_1/seg_l2_256_convolution_layer_1/convolution/merged_input:0=Const, [1, 1, 512, 256], 1
Outpus:
	point_net_1/seg_l2_256_convolution_layer_1/batch_normalization_39_1/batchnorm/mul_1:0=[-1, 8192, 1, 256], 1
2026-02-13 00:45:38,225 - tf2onnx.graph - DEBUG - Making node: Name=point_net_1/seg_l2_256_convolution_layer_1/batch_normalization_39_1/batchnorm/mul_1__268, OP=Transpose
2026-02-13 00:45:38,225 - tf2onnx.graph - DEBUG - Infer shape and dtype for [point_net_1/seg_l2_256_convolution_layer_1/batch_normalization_39_1/batchnorm/mul_1__268]
2026-02-13 00:45:38,226 - tf2onnx.graph - DEBUG - Set dtype of [point_net_1/seg_l2_256_convolution_layer_1/batch_normalization_39_1/batchnorm/mul_1__268:0] to 1
2026-02-13 00:45:38,226 - tf2onnx.graph - DEBUG - Set shape of [point_net_1/seg_l2_256_convolution_layer_1/batch_normalization_39_1/batchnorm/mul_1__268:0] to [512, 1, 8192, -1]
2026-02-13 00:45:38,226 - tf2onnx.graph - DEBUG - Made node: point_net_1/seg_l2_256_convolution_layer_1/batch_normalization_39_1/batchnorm/mul_1__268
OP=Transpose
Name=point_net_1/seg_l2_256_convolution_layer_1/batch_normalization_39_1/batchnorm/mul_1__268
Inputs:
	point_net_1/seg_l1_512_convolution_layer_1/Relu:0=Relu, [-1, 8192, 1, 512], 1
Outpus:
	point_net_1/seg_l2_256_convolution_layer_1/batch_normalization_39_1/batchnorm/mul_1__268:0=[512, 1, 8192, -1], 1
2026-02-13 00:45:38,227 - tf2onnx.graph - DEBUG - Making node: Name=point_net_1/seg_l2_256_convolution_layer_1/batch_normalization_39_1/batchnorm/mul_1__270, OP=Transpose
2026-02-13 00:45:38,227 - tf2onnx.graph - DEBUG - Infer shape and dtype for [point_net_1/seg_l2_256_convolution_layer_1/batch_normalization_39_1/batchnorm/mul_1__270]
2026-02-13 00:45:38,228 - tf2onnx.graph - DEBUG - Set dtype of [point_net_1/seg_l2_256_convolution_layer_1/batch_normalization_39_1/batchnorm/mul_1__270:0] to 1
2026-02-13 00:45:38,228 - tf2onnx.graph - DEBUG - Set shape of [point_net_1/seg_l2_256_convolution_layer_1/batch_normalization_39_1/batchnorm/mul_1__270:0] to [256, 1, 8192, -1]
2026-02-13 00:45:38,228 - tf2onnx.graph - DEBUG - Made node: point_net_1/seg_l2_256_convolution_layer_1/batch_normalization_39_1/batchnorm/mul_1__270
OP=Transpose
Name=point_net_1/seg_l2_256_convolution_layer_1/batch_normalization_39_1/batchnorm/mul_1__270
Inputs:
	point_net_1/seg_l2_256_convolution_layer_1/batch_normalization_39_1/batchnorm/mul_1:0=Conv, [-1, 8192, 1, 256], 1
Outpus:
	point_net_1/seg_l2_256_convolution_layer_1/batch_normalization_39_1/batchnorm/mul_1__270:0=[256, 1, 8192, -1], 1
2026-02-13 00:45:38,229 - tf2onnx.tfonnx - DEBUG - Process node: point_net_1/seg_l2_256_convolution_layer_1/batch_normalization_39_1/batchnorm/add_1
OP=AddV2
Name=point_net_1/seg_l2_256_convolution_layer_1/batch_normalization_39_1/batchnorm/add_1
Inputs:
	point_net_1/seg_l2_256_convolution_layer_1/batch_normalization_39_1/batchnorm/mul_1__270:0=Transpose, [-1, 8192, 1, 256], 1
	point_net_1/seg_l2_256_convolution_layer_1/batch_normalization_39_1/batchnorm/sub:0=Const, [256], 1
Outpus:
	point_net_1/seg_l2_256_convolution_layer_1/batch_normalization_39_1/batchnorm/add_1:0=[-1, 8192, 1, 256], 1
2026-02-13 00:45:38,229 - tf2onnx.tfonnx - DEBUG - Process node: point_net_1/seg_l2_256_convolution_layer_1/Relu
OP=Relu
Name=point_net_1/seg_l2_256_convolution_layer_1/Relu
Inputs:
	point_net_1/seg_l2_256_convolution_layer_1/batch_normalization_39_1/batchnorm/add_1:0=Add, [-1, 8192, 1, 256], 1
Outpus:
	point_net_1/seg_l2_256_convolution_layer_1/Relu:0=[-1, 8192, 1, 256], 1
2026-02-13 00:45:38,229 - tf2onnx.tfonnx - DEBUG - Process node: point_net_1/seg_l3_128_convolution_layer_1/batch_normalization_40_1/batchnorm/mul_1
OP=Conv2D
Name=point_net_1/seg_l3_128_convolution_layer_1/batch_normalization_40_1/batchnorm/mul_1
Inputs:
	point_net_1/seg_l2_256_convolution_layer_1/Relu:0=Relu, [-1, 8192, 1, 256], 1
	point_net_1/seg_l3_128_convolution_layer_1/seg_l3_128_convolution_layer_1/convolution/merged_input:0=Const, [1, 1, 256, 128], 1
Outpus:
	point_net_1/seg_l3_128_convolution_layer_1/batch_normalization_40_1/batchnorm/mul_1:0=[-1, 8192, 1, 128], 1
2026-02-13 00:45:38,229 - tf2onnx.graph - DEBUG - Making node: Name=point_net_1/seg_l3_128_convolution_layer_1/batch_normalization_40_1/batchnorm/mul_1__272, OP=Transpose
2026-02-13 00:45:38,230 - tf2onnx.graph - DEBUG - Infer shape and dtype for [point_net_1/seg_l3_128_convolution_layer_1/batch_normalization_40_1/batchnorm/mul_1__272]
2026-02-13 00:45:38,230 - tf2onnx.graph - DEBUG - Set dtype of [point_net_1/seg_l3_128_convolution_layer_1/batch_normalization_40_1/batchnorm/mul_1__272:0] to 1
2026-02-13 00:45:38,230 - tf2onnx.graph - DEBUG - Set shape of [point_net_1/seg_l3_128_convolution_layer_1/batch_normalization_40_1/batchnorm/mul_1__272:0] to [256, 1, 8192, -1]
2026-02-13 00:45:38,231 - tf2onnx.graph - DEBUG - Made node: point_net_1/seg_l3_128_convolution_layer_1/batch_normalization_40_1/batchnorm/mul_1__272
OP=Transpose
Name=point_net_1/seg_l3_128_convolution_layer_1/batch_normalization_40_1/batchnorm/mul_1__272
Inputs:
	point_net_1/seg_l2_256_convolution_layer_1/Relu:0=Relu, [-1, 8192, 1, 256], 1
Outpus:
	point_net_1/seg_l3_128_convolution_layer_1/batch_normalization_40_1/batchnorm/mul_1__272:0=[256, 1, 8192, -1], 1
2026-02-13 00:45:38,231 - tf2onnx.graph - DEBUG - Making node: Name=point_net_1/seg_l3_128_convolution_layer_1/batch_normalization_40_1/batchnorm/mul_1__274, OP=Transpose
2026-02-13 00:45:38,231 - tf2onnx.graph - DEBUG - Infer shape and dtype for [point_net_1/seg_l3_128_convolution_layer_1/batch_normalization_40_1/batchnorm/mul_1__274]
2026-02-13 00:45:38,242 - tf2onnx.graph - DEBUG - Set dtype of [point_net_1/seg_l3_128_convolution_layer_1/batch_normalization_40_1/batchnorm/mul_1__274:0] to 1
2026-02-13 00:45:38,243 - tf2onnx.graph - DEBUG - Set shape of [point_net_1/seg_l3_128_convolution_layer_1/batch_normalization_40_1/batchnorm/mul_1__274:0] to [128, 1, 8192, -1]
2026-02-13 00:45:38,243 - tf2onnx.graph - DEBUG - Made node: point_net_1/seg_l3_128_convolution_layer_1/batch_normalization_40_1/batchnorm/mul_1__274
OP=Transpose
Name=point_net_1/seg_l3_128_convolution_layer_1/batch_normalization_40_1/batchnorm/mul_1__274
Inputs:
	point_net_1/seg_l3_128_convolution_layer_1/batch_normalization_40_1/batchnorm/mul_1:0=Conv, [-1, 8192, 1, 128], 1
Outpus:
	point_net_1/seg_l3_128_convolution_layer_1/batch_normalization_40_1/batchnorm/mul_1__274:0=[128, 1, 8192, -1], 1
2026-02-13 00:45:38,244 - tf2onnx.tfonnx - DEBUG - Process node: point_net_1/seg_l3_128_convolution_layer_1/batch_normalization_40_1/batchnorm/add_1
OP=AddV2
Name=point_net_1/seg_l3_128_convolution_layer_1/batch_normalization_40_1/batchnorm/add_1
Inputs:
	point_net_1/seg_l3_128_convolution_layer_1/batch_normalization_40_1/batchnorm/mul_1__274:0=Transpose, [-1, 8192, 1, 128], 1
	point_net_1/seg_l3_128_convolution_layer_1/batch_normalization_40_1/batchnorm/sub:0=Const, [128], 1
Outpus:
	point_net_1/seg_l3_128_convolution_layer_1/batch_normalization_40_1/batchnorm/add_1:0=[-1, 8192, 1, 128], 1
2026-02-13 00:45:38,244 - tf2onnx.tfonnx - DEBUG - Process node: point_net_1/seg_l3_128_convolution_layer_1/Relu
OP=Relu
Name=point_net_1/seg_l3_128_convolution_layer_1/Relu
Inputs:
	point_net_1/seg_l3_128_convolution_layer_1/batch_normalization_40_1/batchnorm/add_1:0=Add, [-1, 8192, 1, 128], 1
Outpus:
	point_net_1/seg_l3_128_convolution_layer_1/Relu:0=[-1, 8192, 1, 128], 1
2026-02-13 00:45:38,245 - tf2onnx.tfonnx - DEBUG - Process node: point_net_1/seg_l4_128_convolution_layer_1/batch_normalization_41_1/batchnorm/mul_1
OP=Conv2D
Name=point_net_1/seg_l4_128_convolution_layer_1/batch_normalization_41_1/batchnorm/mul_1
Inputs:
	point_net_1/seg_l3_128_convolution_layer_1/Relu:0=Relu, [-1, 8192, 1, 128], 1
	point_net_1/seg_l4_128_convolution_layer_1/seg_l4_128_convolution_layer_1/convolution/merged_input:0=Const, [1, 1, 128, 128], 1
Outpus:
	point_net_1/seg_l4_128_convolution_layer_1/batch_normalization_41_1/batchnorm/mul_1:0=[-1, 8192, 1, 128], 1
2026-02-13 00:45:38,245 - tf2onnx.graph - DEBUG - Making node: Name=point_net_1/seg_l4_128_convolution_layer_1/batch_normalization_41_1/batchnorm/mul_1__276, OP=Transpose
2026-02-13 00:45:38,246 - tf2onnx.graph - DEBUG - Infer shape and dtype for [point_net_1/seg_l4_128_convolution_layer_1/batch_normalization_41_1/batchnorm/mul_1__276]
2026-02-13 00:45:38,247 - tf2onnx.graph - DEBUG - Set dtype of [point_net_1/seg_l4_128_convolution_layer_1/batch_normalization_41_1/batchnorm/mul_1__276:0] to 1
2026-02-13 00:45:38,247 - tf2onnx.graph - DEBUG - Set shape of [point_net_1/seg_l4_128_convolution_layer_1/batch_normalization_41_1/batchnorm/mul_1__276:0] to [128, 1, 8192, -1]
2026-02-13 00:45:38,247 - tf2onnx.graph - DEBUG - Made node: point_net_1/seg_l4_128_convolution_layer_1/batch_normalization_41_1/batchnorm/mul_1__276
OP=Transpose
Name=point_net_1/seg_l4_128_convolution_layer_1/batch_normalization_41_1/batchnorm/mul_1__276
Inputs:
	point_net_1/seg_l3_128_convolution_layer_1/Relu:0=Relu, [-1, 8192, 1, 128], 1
Outpus:
	point_net_1/seg_l4_128_convolution_layer_1/batch_normalization_41_1/batchnorm/mul_1__276:0=[128, 1, 8192, -1], 1
2026-02-13 00:45:38,248 - tf2onnx.graph - DEBUG - Making node: Name=point_net_1/seg_l4_128_convolution_layer_1/batch_normalization_41_1/batchnorm/mul_1__278, OP=Transpose
2026-02-13 00:45:38,249 - tf2onnx.graph - DEBUG - Infer shape and dtype for [point_net_1/seg_l4_128_convolution_layer_1/batch_normalization_41_1/batchnorm/mul_1__278]
2026-02-13 00:45:38,250 - tf2onnx.graph - DEBUG - Set dtype of [point_net_1/seg_l4_128_convolution_layer_1/batch_normalization_41_1/batchnorm/mul_1__278:0] to 1
2026-02-13 00:45:38,251 - tf2onnx.graph - DEBUG - Set shape of [point_net_1/seg_l4_128_convolution_layer_1/batch_normalization_41_1/batchnorm/mul_1__278:0] to [128, 1, 8192, -1]
2026-02-13 00:45:38,251 - tf2onnx.graph - DEBUG - Made node: point_net_1/seg_l4_128_convolution_layer_1/batch_normalization_41_1/batchnorm/mul_1__278
OP=Transpose
Name=point_net_1/seg_l4_128_convolution_layer_1/batch_normalization_41_1/batchnorm/mul_1__278
Inputs:
	point_net_1/seg_l4_128_convolution_layer_1/batch_normalization_41_1/batchnorm/mul_1:0=Conv, [-1, 8192, 1, 128], 1
Outpus:
	point_net_1/seg_l4_128_convolution_layer_1/batch_normalization_41_1/batchnorm/mul_1__278:0=[128, 1, 8192, -1], 1
2026-02-13 00:45:38,252 - tf2onnx.tfonnx - DEBUG - Process node: point_net_1/seg_l4_128_convolution_layer_1/batch_normalization_41_1/batchnorm/add_1
OP=AddV2
Name=point_net_1/seg_l4_128_convolution_layer_1/batch_normalization_41_1/batchnorm/add_1
Inputs:
	point_net_1/seg_l4_128_convolution_layer_1/batch_normalization_41_1/batchnorm/mul_1__278:0=Transpose, [-1, 8192, 1, 128], 1
	point_net_1/seg_l4_128_convolution_layer_1/batch_normalization_41_1/batchnorm/sub:0=Const, [128], 1
Outpus:
	point_net_1/seg_l4_128_convolution_layer_1/batch_normalization_41_1/batchnorm/add_1:0=[-1, 8192, 1, 128], 1
2026-02-13 00:45:38,252 - tf2onnx.tfonnx - DEBUG - Process node: point_net_1/seg_l4_128_convolution_layer_1/Relu
OP=Relu
Name=point_net_1/seg_l4_128_convolution_layer_1/Relu
Inputs:
	point_net_1/seg_l4_128_convolution_layer_1/batch_normalization_41_1/batchnorm/add_1:0=Add, [-1, 8192, 1, 128], 1
Outpus:
	point_net_1/seg_l4_128_convolution_layer_1/Relu:0=[-1, 8192, 1, 128], 1
2026-02-13 00:45:38,253 - tf2onnx.tfonnx - DEBUG - Process node: point_net_1/seg_l5_output_convolution_layer_1/seg_l5_output_convolution_layer_1/BiasAdd
OP=Conv2D
Name=point_net_1/seg_l5_output_convolution_layer_1/seg_l5_output_convolution_layer_1/BiasAdd
Inputs:
	point_net_1/seg_l4_128_convolution_layer_1/Relu:0=Relu, [-1, 8192, 1, 128], 1
	point_net_1/seg_l5_output_convolution_layer_1/seg_l5_output_convolution_layer_1/convolution/ReadVariableOp:0=Const, [1, 1, 128, 12], 1
	point_net_1/seg_l5_output_convolution_layer_1/seg_l5_output_convolution_layer_1/Squeeze:0=Const, [12], 1
Outpus:
	point_net_1/seg_l5_output_convolution_layer_1/seg_l5_output_convolution_layer_1/BiasAdd:0=[-1, 8192, 1, 12], 1
2026-02-13 00:45:38,253 - tf2onnx.graph - DEBUG - Making node: Name=point_net_1/seg_l5_output_convolution_layer_1/seg_l5_output_convolution_layer_1/BiasAdd__280, OP=Transpose
2026-02-13 00:45:38,254 - tf2onnx.graph - DEBUG - Infer shape and dtype for [point_net_1/seg_l5_output_convolution_layer_1/seg_l5_output_convolution_layer_1/BiasAdd__280]
2026-02-13 00:45:38,254 - tf2onnx.graph - DEBUG - Set dtype of [point_net_1/seg_l5_output_convolution_layer_1/seg_l5_output_convolution_layer_1/BiasAdd__280:0] to 1
2026-02-13 00:45:38,255 - tf2onnx.graph - DEBUG - Set shape of [point_net_1/seg_l5_output_convolution_layer_1/seg_l5_output_convolution_layer_1/BiasAdd__280:0] to [128, 1, 8192, -1]
2026-02-13 00:45:38,255 - tf2onnx.graph - DEBUG - Made node: point_net_1/seg_l5_output_convolution_layer_1/seg_l5_output_convolution_layer_1/BiasAdd__280
OP=Transpose
Name=point_net_1/seg_l5_output_convolution_layer_1/seg_l5_output_convolution_layer_1/BiasAdd__280
Inputs:
	point_net_1/seg_l4_128_convolution_layer_1/Relu:0=Relu, [-1, 8192, 1, 128], 1
Outpus:
	point_net_1/seg_l5_output_convolution_layer_1/seg_l5_output_convolution_layer_1/BiasAdd__280:0=[128, 1, 8192, -1], 1
2026-02-13 00:45:38,256 - tf2onnx.graph - DEBUG - Making node: Name=point_net_1/seg_l5_output_convolution_layer_1/seg_l5_output_convolution_layer_1/BiasAdd__282, OP=Transpose
2026-02-13 00:45:38,256 - tf2onnx.graph - DEBUG - Infer shape and dtype for [point_net_1/seg_l5_output_convolution_layer_1/seg_l5_output_convolution_layer_1/BiasAdd__282]
2026-02-13 00:45:38,257 - tf2onnx.graph - DEBUG - Set dtype of [point_net_1/seg_l5_output_convolution_layer_1/seg_l5_output_convolution_layer_1/BiasAdd__282:0] to 1
2026-02-13 00:45:38,257 - tf2onnx.graph - DEBUG - Set shape of [point_net_1/seg_l5_output_convolution_layer_1/seg_l5_output_convolution_layer_1/BiasAdd__282:0] to [12, 1, 8192, -1]
2026-02-13 00:45:38,258 - tf2onnx.graph - DEBUG - Made node: point_net_1/seg_l5_output_convolution_layer_1/seg_l5_output_convolution_layer_1/BiasAdd__282
OP=Transpose
Name=point_net_1/seg_l5_output_convolution_layer_1/seg_l5_output_convolution_layer_1/BiasAdd__282
Inputs:
	point_net_1/seg_l5_output_convolution_layer_1/seg_l5_output_convolution_layer_1/BiasAdd:0=Conv, [-1, 8192, 1, 12], 1
Outpus:
	point_net_1/seg_l5_output_convolution_layer_1/seg_l5_output_convolution_layer_1/BiasAdd__282:0=[12, 1, 8192, -1], 1
2026-02-13 00:45:38,258 - tf2onnx.tfonnx - DEBUG - Process node: point_net_1/seg_l5_output_convolution_layer_1/Softmax
OP=Softmax
Name=point_net_1/seg_l5_output_convolution_layer_1/Softmax
Inputs:
	point_net_1/seg_l5_output_convolution_layer_1/seg_l5_output_convolution_layer_1/BiasAdd__282:0=Transpose, [-1, 8192, 1, 12], 1
Outpus:
	point_net_1/seg_l5_output_convolution_layer_1/Softmax:0=[-1, 8192, 1, 12], 1
2026-02-13 00:45:38,259 - tf2onnx.tfonnx - DEBUG - Process node: point_net_1/Squeeze_2
OP=Squeeze
Name=point_net_1/Squeeze_2
Inputs:
	point_net_1/seg_l5_output_convolution_layer_1/Softmax:0=Softmax, [-1, 8192, 1, 12], 1
Outpus:
	point_net_1/Squeeze_2:0=[-1, 8192, 12], 1
2026-02-13 00:45:38,259 - tf2onnx.graph - DEBUG - Making node: Name=axes_const__284, OP=Const
2026-02-13 00:45:38,260 - tf2onnx.graph - DEBUG - Made node: axes_const__284
OP=Const
Name=axes_const__284
Outpus:
	axes_const__284=None, 7
2026-02-13 00:45:38,260 - tf2onnx.tfonnx - DEBUG - Process node: Identity_2
OP=Identity
Name=Identity_2
Inputs:
	point_net_1/Squeeze_2:0=Squeeze, [-1, 8192, 12], 1
Outpus:
	Identity_2_raw_output___177:0=[-1, 8192, 12], 1
2026-02-13 00:45:38,261 - tf2onnx.tfonnx - DEBUG - Process node: Identity_2_graph_outputs_Identity__178
OP=Identity
Name=Identity_2_graph_outputs_Identity__178
Inputs:
	Identity_2_raw_output___177:0=Identity, [-1, 8192, 12], 1
Outpus:
	segmentation_output=[-1, 8192, 12], 1
2026-02-13 00:45:38,261 - tf2onnx.tfonnx - DEBUG - explicitly skip node Identity_2_graph_outputs_Identity__178
2026-02-13 00:45:38,261 - tf2onnx.tfonnx - DEBUG - Process node: Identity_1
OP=Identity
Name=Identity_1
Inputs:
	point_net_1/input_transform_1/add:0=Add, [-1, 3, 3], 1
Outpus:
	Identity_1_raw_output___179:0=[-1, 3, 3], 1
2026-02-13 00:45:38,262 - tf2onnx.tfonnx - DEBUG - Process node: Identity_1_graph_outputs_Identity__180
OP=Identity
Name=Identity_1_graph_outputs_Identity__180
Inputs:
	Identity_1_raw_output___179:0=Identity, [-1, 3, 3], 1
Outpus:
	se3=[-1, 3, 3], 1
2026-02-13 00:45:38,263 - tf2onnx.tfonnx - DEBUG - explicitly skip node Identity_1_graph_outputs_Identity__180
2026-02-13 00:45:38,263 - tf2onnx.tfonnx - DEBUG - Process node: Identity
OP=Identity
Name=Identity
Inputs:
	point_net_1/output_dense_layer_1/Softmax:0=Softmax, [-1, 23], 1
Outpus:
	Identity_raw_output___175:0=[-1, 23], 1
2026-02-13 00:45:38,264 - tf2onnx.tfonnx - DEBUG - Process node: Identity_graph_outputs_Identity__176
OP=Identity
Name=Identity_graph_outputs_Identity__176
Inputs:
	Identity_raw_output___175:0=Identity, [-1, 23], 1
Outpus:
	classification_output=[-1, 23], 1
2026-02-13 00:45:38,264 - tf2onnx.tfonnx - DEBUG - explicitly skip node Identity_graph_outputs_Identity__176
2026-02-13 00:45:38,287 - tf2onnx.tfonnx - VERBOSE - Summay Stats:
	tensorflow ops: Counter({'Const': 76, 'AddV2': 23, 'Relu': 21, 'Conv2D': 16, 'ExpandDims': 9, 'Squeeze': 7, 'MatMul': 7, 'Mul': 6, 'Identity': 6, 'Max': 4, 'BatchMatMulV2': 4, 'Reshape': 2, 'BiasAdd': 2, 'Softmax': 2, 'Placeholder': 1, 'Mean': 1, 'Sub': 1, 'Square': 1, 'Sum': 1, 'Sqrt': 1, 'Maximum': 1, 'RealDiv': 1, 'Tile': 1, 'ConcatV2': 1})
	tensorflow attr: Counter({'dtype': 77, 'value': 76, 'data_format': 18, 'dilations': 16, 'padding': 16, 'strides': 16, 'explicit_paddings': 16, 'Tidx': 7, 'squeeze_dims': 7, 'grad_a': 7, 'grad_b': 7, 'transpose_a': 7, 'transpose_b': 7, 'keep_dims': 6, 'adj_x': 4, 'adj_y': 4, 'grad_x': 4, 'grad_y': 4, 'shape': 1, 'N': 1})
	onnx mapped: Counter({'Const': 76, 'AddV2': 23, 'Relu': 21, 'Conv2D': 16, 'ExpandDims': 9, 'Squeeze': 7, 'MatMul': 7, 'Mul': 6, 'Max': 4, 'BatchMatMulV2': 4, 'Identity': 3, 'Reshape': 2, 'Softmax': 2, 'Placeholder': 1, 'Mean': 1, 'Sub': 1, 'Square': 1, 'Sum': 1, 'Sqrt': 1, 'Maximum': 1, 'RealDiv': 1, 'BiasAdd': 1, 'Tile': 1, 'ConcatV2': 1})
	onnx unmapped: Counter()
2026-02-13 00:45:38,288 - tf2onnx.optimizer - INFO - Optimizing ONNX model
2026-02-13 00:45:38,289 - tf2onnx.optimizer - VERBOSE - Apply optimize_transpose
2026-02-13 00:45:38,316 - tf2onnx.graph - DEBUG - Making node: Name=Conv__285, OP=Conv
2026-02-13 00:45:38,317 - tf2onnx.graph - DEBUG - Infer shape and dtype for [Conv__285]
2026-02-13 00:45:38,318 - tf2onnx.graph - DEBUG - Set dtype of [Conv__285:0] to 1
2026-02-13 00:45:38,318 - tf2onnx.graph - DEBUG - Set shape of [Conv__285:0] to [-1, 64, 8192, 1]
2026-02-13 00:45:38,319 - tf2onnx.graph - DEBUG - Made node: Conv__285
OP=Conv
Name=Conv__285
Inputs:
	point_net_1/input_transform_1/input_transform_convolution_layer_1_convolution_layer_1/batch_normalization_21_1/batchnorm/mul_1__190:0=Transpose, [-1, 3, 8192, 1], 1
	point_net_1/input_transform_1/input_transform_convolution_layer_1_convolution_layer_1/input_transform_convolution_layer_1_convolution_layer_1/convolution/merged_input:0=Const, [64, 3, 1, 1], 1
	point_net_1/input_transform_1/input_transform_convolution_layer_1_convolution_layer_1/batch_normalization_21_1/batchnorm/sub:0=Const, [64], 1
Outpus:
	Conv__285:0=[-1, 64, 8192, 1], 1
2026-02-13 00:45:38,320 - tf2onnx.graph - DEBUG - Making node: Name=Conv__287, OP=Conv
2026-02-13 00:45:38,321 - tf2onnx.graph - DEBUG - Infer shape and dtype for [Conv__287]
2026-02-13 00:45:38,322 - tf2onnx.graph - DEBUG - Set dtype of [Conv__287:0] to 1
2026-02-13 00:45:38,322 - tf2onnx.graph - DEBUG - Set shape of [Conv__287:0] to [-1, 128, 8192, 1]
2026-02-13 00:45:38,323 - tf2onnx.graph - DEBUG - Made node: Conv__287
OP=Conv
Name=Conv__287
Inputs:
	point_net_1/input_transform_1/input_transform_convolution_layer_2_convolution_layer_1/batch_normalization_22_1/batchnorm/mul_1__194:0=Transpose, [-1, 64, 8192, 1], 1
	point_net_1/input_transform_1/input_transform_convolution_layer_2_convolution_layer_1/input_transform_convolution_layer_2_convolution_layer_1/convolution/merged_input:0=Const, [128, 64, 1, 1], 1
	point_net_1/input_transform_1/input_transform_convolution_layer_2_convolution_layer_1/batch_normalization_22_1/batchnorm/sub:0=Const, [128], 1
Outpus:
	Conv__287:0=[-1, 128, 8192, 1], 1
2026-02-13 00:45:38,324 - tf2onnx.graph - DEBUG - Making node: Name=Conv__289, OP=Conv
2026-02-13 00:45:38,325 - tf2onnx.graph - DEBUG - Infer shape and dtype for [Conv__289]
2026-02-13 00:45:38,327 - tf2onnx.graph - DEBUG - Set dtype of [Conv__289:0] to 1
2026-02-13 00:45:38,328 - tf2onnx.graph - DEBUG - Set shape of [Conv__289:0] to [-1, 1024, 8192, 1]
2026-02-13 00:45:38,328 - tf2onnx.graph - DEBUG - Made node: Conv__289
OP=Conv
Name=Conv__289
Inputs:
	point_net_1/input_transform_1/input_transform_convolution_layer_3_convolution_layer_1/batch_normalization_23_1/batchnorm/mul_1__198:0=Transpose, [-1, 128, 8192, 1], 1
	point_net_1/input_transform_1/input_transform_convolution_layer_3_convolution_layer_1/input_transform_convolution_layer_3_convolution_layer_1/convolution/merged_input:0=Const, [1024, 128, 1, 1], 1
	point_net_1/input_transform_1/input_transform_convolution_layer_3_convolution_layer_1/batch_normalization_23_1/batchnorm/sub:0=Const, [1024], 1
Outpus:
	Conv__289:0=[-1, 1024, 8192, 1], 1
2026-02-13 00:45:38,330 - tf2onnx.graph - DEBUG - Making node: Name=axes_const__202__291, OP=Const
2026-02-13 00:45:38,330 - tf2onnx.graph - DEBUG - Made node: axes_const__202__291
OP=Const
Name=axes_const__202__291
Outpus:
	axes_const__202__291=None, 7
2026-02-13 00:45:38,333 - tf2onnx.graph - DEBUG - Making node: Name=Conv__292, OP=Conv
2026-02-13 00:45:38,333 - tf2onnx.graph - DEBUG - Infer shape and dtype for [Conv__292]
2026-02-13 00:45:38,334 - tf2onnx.graph - DEBUG - Set dtype of [Conv__292:0] to 1
2026-02-13 00:45:38,334 - tf2onnx.graph - DEBUG - Set shape of [Conv__292:0] to [-1, 64, 8192, 1]
2026-02-13 00:45:38,334 - tf2onnx.graph - DEBUG - Made node: Conv__292
OP=Conv
Name=Conv__292
Inputs:
	point_net_1/s1_l1_64_convolution_layer_1/batch_normalization_26_1/batchnorm/mul_1__211:0=Transpose, [-1, 3, 8192, 1], 1
	point_net_1/s1_l1_64_convolution_layer_1/s1_l1_64_convolution_layer_1/convolution/merged_input:0=Const, [64, 3, 1, 1], 1
	point_net_1/s1_l1_64_convolution_layer_1/batch_normalization_26_1/batchnorm/sub:0=Const, [64], 1
Outpus:
	Conv__292:0=[-1, 64, 8192, 1], 1
2026-02-13 00:45:38,336 - tf2onnx.graph - DEBUG - Making node: Name=Conv__294, OP=Conv
2026-02-13 00:45:38,337 - tf2onnx.graph - DEBUG - Infer shape and dtype for [Conv__294]
2026-02-13 00:45:38,337 - tf2onnx.graph - DEBUG - Set dtype of [Conv__294:0] to 1
2026-02-13 00:45:38,338 - tf2onnx.graph - DEBUG - Set shape of [Conv__294:0] to [-1, 64, 8192, 1]
2026-02-13 00:45:38,338 - tf2onnx.graph - DEBUG - Made node: Conv__294
OP=Conv
Name=Conv__294
Inputs:
	point_net_1/s1_l2_64_convolution_layer_1/batch_normalization_27_1/batchnorm/mul_1__215:0=Transpose, [-1, 64, 8192, 1], 1
	point_net_1/s1_l2_64_convolution_layer_1/s1_l2_64_convolution_layer_1/convolution/merged_input:0=Const, [64, 64, 1, 1], 1
	point_net_1/s1_l2_64_convolution_layer_1/batch_normalization_27_1/batchnorm/sub:0=Const, [64], 1
Outpus:
	Conv__294:0=[-1, 64, 8192, 1], 1
2026-02-13 00:45:38,340 - tf2onnx.graph - DEBUG - Making node: Name=axes_const__219__296, OP=Const
2026-02-13 00:45:38,340 - tf2onnx.graph - DEBUG - Made node: axes_const__219__296
OP=Const
Name=axes_const__219__296
Outpus:
	axes_const__219__296=None, 7
2026-02-13 00:45:38,342 - tf2onnx.graph - DEBUG - Making node: Name=Conv__297, OP=Conv
2026-02-13 00:45:38,342 - tf2onnx.graph - DEBUG - Infer shape and dtype for [Conv__297]
2026-02-13 00:45:38,343 - tf2onnx.graph - DEBUG - Set dtype of [Conv__297:0] to 1
2026-02-13 00:45:38,343 - tf2onnx.graph - DEBUG - Set shape of [Conv__297:0] to [-1, 64, 8192, 1]
2026-02-13 00:45:38,344 - tf2onnx.graph - DEBUG - Made node: Conv__297
OP=Conv
Name=Conv__297
Inputs:
	point_net_1/feature_transform_1/feature_transform_convolution_layer_1_convolution_layer_1/batch_normalization_28_1/batchnorm/mul_1__223:0=Transpose, [-1, 64, 8192, 1], 1
	point_net_1/feature_transform_1/feature_transform_convolution_layer_1_convolution_layer_1/feature_transform_convolution_layer_1_convolution_layer_1/convolution/merged_input:0=Const, [64, 64, 1, 1], 1
	point_net_1/feature_transform_1/feature_transform_convolution_layer_1_convolution_layer_1/batch_normalization_28_1/batchnorm/sub:0=Const, [64], 1
Outpus:
	Conv__297:0=[-1, 64, 8192, 1], 1
2026-02-13 00:45:38,346 - tf2onnx.graph - DEBUG - Making node: Name=Conv__299, OP=Conv
2026-02-13 00:45:38,346 - tf2onnx.graph - DEBUG - Infer shape and dtype for [Conv__299]
2026-02-13 00:45:38,346 - tf2onnx.graph - DEBUG - Set dtype of [Conv__299:0] to 1
2026-02-13 00:45:38,347 - tf2onnx.graph - DEBUG - Set shape of [Conv__299:0] to [-1, 128, 8192, 1]
2026-02-13 00:45:38,347 - tf2onnx.graph - DEBUG - Made node: Conv__299
OP=Conv
Name=Conv__299
Inputs:
	point_net_1/feature_transform_1/feature_transform_convolution_layer_2_convolution_layer_1/batch_normalization_29_1/batchnorm/mul_1__227:0=Transpose, [-1, 64, 8192, 1], 1
	point_net_1/feature_transform_1/feature_transform_convolution_layer_2_convolution_layer_1/feature_transform_convolution_layer_2_convolution_layer_1/convolution/merged_input:0=Const, [128, 64, 1, 1], 1
	point_net_1/feature_transform_1/feature_transform_convolution_layer_2_convolution_layer_1/batch_normalization_29_1/batchnorm/sub:0=Const, [128], 1
Outpus:
	Conv__299:0=[-1, 128, 8192, 1], 1
2026-02-13 00:45:38,349 - tf2onnx.graph - DEBUG - Making node: Name=Conv__301, OP=Conv
2026-02-13 00:45:38,349 - tf2onnx.graph - DEBUG - Infer shape and dtype for [Conv__301]
2026-02-13 00:45:38,350 - tf2onnx.graph - DEBUG - Set dtype of [Conv__301:0] to 1
2026-02-13 00:45:38,350 - tf2onnx.graph - DEBUG - Set shape of [Conv__301:0] to [-1, 1024, 8192, 1]
2026-02-13 00:45:38,351 - tf2onnx.graph - DEBUG - Made node: Conv__301
OP=Conv
Name=Conv__301
Inputs:
	point_net_1/feature_transform_1/feature_transform_convolution_layer_3_convolution_layer_1/batch_normalization_30_1/batchnorm/mul_1__231:0=Transpose, [-1, 128, 8192, 1], 1
	point_net_1/feature_transform_1/feature_transform_convolution_layer_3_convolution_layer_1/feature_transform_convolution_layer_3_convolution_layer_1/convolution/merged_input:0=Const, [1024, 128, 1, 1], 1
	point_net_1/feature_transform_1/feature_transform_convolution_layer_3_convolution_layer_1/batch_normalization_30_1/batchnorm/sub:0=Const, [1024], 1
Outpus:
	Conv__301:0=[-1, 1024, 8192, 1], 1
2026-02-13 00:45:38,353 - tf2onnx.graph - DEBUG - Making node: Name=axes_const__235__303, OP=Const
2026-02-13 00:45:38,353 - tf2onnx.graph - DEBUG - Made node: axes_const__235__303
OP=Const
Name=axes_const__235__303
Outpus:
	axes_const__235__303=None, 7
2026-02-13 00:45:38,356 - tf2onnx.graph - DEBUG - Making node: Name=Conv__304, OP=Conv
2026-02-13 00:45:38,356 - tf2onnx.graph - DEBUG - Infer shape and dtype for [Conv__304]
2026-02-13 00:45:38,357 - tf2onnx.graph - DEBUG - Set dtype of [Conv__304:0] to 1
2026-02-13 00:45:38,358 - tf2onnx.graph - DEBUG - Set shape of [Conv__304:0] to [-1, 64, 8192, 1]
2026-02-13 00:45:38,358 - tf2onnx.graph - DEBUG - Made node: Conv__304
OP=Conv
Name=Conv__304
Inputs:
	point_net_1/s2_l1_64_convolution_layer_1/batch_normalization_33_1/batchnorm/mul_1__244:0=Transpose, [-1, 64, 8192, 1], 1
	point_net_1/s2_l1_64_convolution_layer_1/s2_l1_64_convolution_layer_1/convolution/merged_input:0=Const, [64, 64, 1, 1], 1
	point_net_1/s2_l1_64_convolution_layer_1/batch_normalization_33_1/batchnorm/sub:0=Const, [64], 1
Outpus:
	Conv__304:0=[-1, 64, 8192, 1], 1
2026-02-13 00:45:38,360 - tf2onnx.graph - DEBUG - Making node: Name=Conv__306, OP=Conv
2026-02-13 00:45:38,361 - tf2onnx.graph - DEBUG - Infer shape and dtype for [Conv__306]
2026-02-13 00:45:38,362 - tf2onnx.graph - DEBUG - Set dtype of [Conv__306:0] to 1
2026-02-13 00:45:38,362 - tf2onnx.graph - DEBUG - Set shape of [Conv__306:0] to [-1, 128, 8192, 1]
2026-02-13 00:45:38,363 - tf2onnx.graph - DEBUG - Made node: Conv__306
OP=Conv
Name=Conv__306
Inputs:
	point_net_1/s2_l2_128_convolution_layer_1/batch_normalization_34_1/batchnorm/mul_1__248:0=Transpose, [-1, 64, 8192, 1], 1
	point_net_1/s2_l2_128_convolution_layer_1/s2_l2_128_convolution_layer_1/convolution/merged_input:0=Const, [128, 64, 1, 1], 1
	point_net_1/s2_l2_128_convolution_layer_1/batch_normalization_34_1/batchnorm/sub:0=Const, [128], 1
Outpus:
	Conv__306:0=[-1, 128, 8192, 1], 1
2026-02-13 00:45:38,365 - tf2onnx.graph - DEBUG - Making node: Name=Conv__308, OP=Conv
2026-02-13 00:45:38,365 - tf2onnx.graph - DEBUG - Infer shape and dtype for [Conv__308]
2026-02-13 00:45:38,366 - tf2onnx.graph - DEBUG - Set dtype of [Conv__308:0] to 1
2026-02-13 00:45:38,367 - tf2onnx.graph - DEBUG - Set shape of [Conv__308:0] to [-1, 1024, 8192, 1]
2026-02-13 00:45:38,367 - tf2onnx.graph - DEBUG - Made node: Conv__308
OP=Conv
Name=Conv__308
Inputs:
	point_net_1/s2_l3_1024_convolution_layer_1/batch_normalization_35_1/batchnorm/mul_1__252:0=Transpose, [-1, 128, 8192, 1], 1
	point_net_1/s2_l3_1024_convolution_layer_1/s2_l3_1024_convolution_layer_1/convolution/merged_input:0=Const, [1024, 128, 1, 1], 1
	point_net_1/s2_l3_1024_convolution_layer_1/batch_normalization_35_1/batchnorm/sub:0=Const, [1024], 1
Outpus:
	Conv__308:0=[-1, 1024, 8192, 1], 1
2026-02-13 00:45:38,370 - tf2onnx.graph - DEBUG - Making node: Name=axes_const__256__310, OP=Const
2026-02-13 00:45:38,370 - tf2onnx.graph - DEBUG - Made node: axes_const__256__310
OP=Const
Name=axes_const__256__310
Outpus:
	axes_const__256__310=None, 7
2026-02-13 00:45:38,373 - tf2onnx.graph - DEBUG - Making node: Name=Conv__311, OP=Conv
2026-02-13 00:45:38,374 - tf2onnx.graph - DEBUG - Infer shape and dtype for [Conv__311]
2026-02-13 00:45:38,380 - tf2onnx.graph - DEBUG - Set dtype of [Conv__311:0] to 1
2026-02-13 00:45:38,381 - tf2onnx.graph - DEBUG - Set shape of [Conv__311:0] to [-1, 512, 8192, 1]
2026-02-13 00:45:38,381 - tf2onnx.graph - DEBUG - Made node: Conv__311
OP=Conv
Name=Conv__311
Inputs:
	point_net_1/seg_l1_512_convolution_layer_1/batch_normalization_38_1/batchnorm/mul_1__264:0=Transpose, [-1, 1088, 8192, 1], 1
	point_net_1/seg_l1_512_convolution_layer_1/seg_l1_512_convolution_layer_1/convolution/merged_input:0=Const, [512, 1088, 1, 1], 1
	point_net_1/seg_l1_512_convolution_layer_1/batch_normalization_38_1/batchnorm/sub:0=Const, [512], 1
Outpus:
	Conv__311:0=[-1, 512, 8192, 1], 1
2026-02-13 00:45:38,384 - tf2onnx.graph - DEBUG - Making node: Name=Conv__313, OP=Conv
2026-02-13 00:45:38,384 - tf2onnx.graph - DEBUG - Infer shape and dtype for [Conv__313]
2026-02-13 00:45:38,385 - tf2onnx.graph - DEBUG - Set dtype of [Conv__313:0] to 1
2026-02-13 00:45:38,385 - tf2onnx.graph - DEBUG - Set shape of [Conv__313:0] to [-1, 256, 8192, 1]
2026-02-13 00:45:38,386 - tf2onnx.graph - DEBUG - Made node: Conv__313
OP=Conv
Name=Conv__313
Inputs:
	point_net_1/seg_l2_256_convolution_layer_1/batch_normalization_39_1/batchnorm/mul_1__268:0=Transpose, [-1, 512, 8192, 1], 1
	point_net_1/seg_l2_256_convolution_layer_1/seg_l2_256_convolution_layer_1/convolution/merged_input:0=Const, [256, 512, 1, 1], 1
	point_net_1/seg_l2_256_convolution_layer_1/batch_normalization_39_1/batchnorm/sub:0=Const, [256], 1
Outpus:
	Conv__313:0=[-1, 256, 8192, 1], 1
2026-02-13 00:45:38,388 - tf2onnx.graph - DEBUG - Making node: Name=Conv__315, OP=Conv
2026-02-13 00:45:38,389 - tf2onnx.graph - DEBUG - Infer shape and dtype for [Conv__315]
2026-02-13 00:45:38,390 - tf2onnx.graph - DEBUG - Set dtype of [Conv__315:0] to 1
2026-02-13 00:45:38,390 - tf2onnx.graph - DEBUG - Set shape of [Conv__315:0] to [-1, 128, 8192, 1]
2026-02-13 00:45:38,391 - tf2onnx.graph - DEBUG - Made node: Conv__315
OP=Conv
Name=Conv__315
Inputs:
	point_net_1/seg_l3_128_convolution_layer_1/batch_normalization_40_1/batchnorm/mul_1__272:0=Transpose, [-1, 256, 8192, 1], 1
	point_net_1/seg_l3_128_convolution_layer_1/seg_l3_128_convolution_layer_1/convolution/merged_input:0=Const, [128, 256, 1, 1], 1
	point_net_1/seg_l3_128_convolution_layer_1/batch_normalization_40_1/batchnorm/sub:0=Const, [128], 1
Outpus:
	Conv__315:0=[-1, 128, 8192, 1], 1
2026-02-13 00:45:38,393 - tf2onnx.graph - DEBUG - Making node: Name=Conv__317, OP=Conv
2026-02-13 00:45:38,394 - tf2onnx.graph - DEBUG - Infer shape and dtype for [Conv__317]
2026-02-13 00:45:38,394 - tf2onnx.graph - DEBUG - Set dtype of [Conv__317:0] to 1
2026-02-13 00:45:38,395 - tf2onnx.graph - DEBUG - Set shape of [Conv__317:0] to [-1, 128, 8192, 1]
2026-02-13 00:45:38,395 - tf2onnx.graph - DEBUG - Made node: Conv__317
OP=Conv
Name=Conv__317
Inputs:
	point_net_1/seg_l4_128_convolution_layer_1/batch_normalization_41_1/batchnorm/mul_1__276:0=Transpose, [-1, 128, 8192, 1], 1
	point_net_1/seg_l4_128_convolution_layer_1/seg_l4_128_convolution_layer_1/convolution/merged_input:0=Const, [128, 128, 1, 1], 1
	point_net_1/seg_l4_128_convolution_layer_1/batch_normalization_41_1/batchnorm/sub:0=Const, [128], 1
Outpus:
	Conv__317:0=[-1, 128, 8192, 1], 1
2026-02-13 00:45:38,399 - tf2onnx.graph - DEBUG - Making node: Name=axes_const__284__319, OP=Const
2026-02-13 00:45:38,399 - tf2onnx.graph - DEBUG - Made node: axes_const__284__319
OP=Const
Name=axes_const__284__319
Outpus:
	axes_const__284__319=None, 7
2026-02-13 00:45:38,402 - tf2onnx.optimizer.TransposeOptimizer - DEBUG - cannot move transpose down since it met output node Identity_2_graph_outputs_Identity__178
2026-02-13 00:45:38,403 - tf2onnx.optimizer.TransposeOptimizer - DEBUG - finish after 43 iteration(s)
2026-02-13 00:45:38,424 - tf2onnx.optimizer.TransposeOptimizer - VERBOSE - Add -15 (24->9), Const -6 (93->87), Identity -1 (6->5), Transpose -3 (32->29)
2026-02-13 00:45:38,425 - tf2onnx.optimizer - VERBOSE - Apply remove_redundant_upsample
2026-02-13 00:45:38,471 - tf2onnx.optimizer.UpsampleOptimizer - VERBOSE - no change
2026-02-13 00:45:38,471 - tf2onnx.optimizer - VERBOSE - Apply fold_constants
2026-02-13 00:45:38,489 - tf2onnx.graph - DEBUG - Making node: Name=const_fold_opt__320, OP=Const
2026-02-13 00:45:38,490 - tf2onnx.graph - DEBUG - Made node: const_fold_opt__320
OP=Const
Name=const_fold_opt__320
Outpus:
	const_fold_opt__320=None, 7
2026-02-13 00:45:38,491 - tf2onnx.graph - DEBUG - Making node: Name=const_fold_opt__321, OP=Const
2026-02-13 00:45:38,491 - tf2onnx.graph - DEBUG - Made node: const_fold_opt__321
OP=Const
Name=const_fold_opt__321
Outpus:
	const_fold_opt__321=None, 7
2026-02-13 00:45:38,492 - tf2onnx.graph - DEBUG - Making node: Name=const_fold_opt__322, OP=Const
2026-02-13 00:45:38,492 - tf2onnx.graph - DEBUG - Made node: const_fold_opt__322
OP=Const
Name=const_fold_opt__322
Outpus:
	const_fold_opt__322=None, 7
2026-02-13 00:45:38,493 - tf2onnx.graph - DEBUG - Making node: Name=const_fold_opt__323, OP=Const
2026-02-13 00:45:38,494 - tf2onnx.graph - DEBUG - Made node: const_fold_opt__323
OP=Const
Name=const_fold_opt__323
Outpus:
	const_fold_opt__323=None, 7
2026-02-13 00:45:38,495 - tf2onnx.graph - DEBUG - Making node: Name=const_fold_opt__324, OP=Const
2026-02-13 00:45:38,495 - tf2onnx.graph - DEBUG - Made node: const_fold_opt__324
OP=Const
Name=const_fold_opt__324
Outpus:
	const_fold_opt__324=None, 7
2026-02-13 00:45:38,496 - tf2onnx.graph - DEBUG - Making node: Name=const_fold_opt__325, OP=Const
2026-02-13 00:45:38,496 - tf2onnx.graph - DEBUG - Made node: const_fold_opt__325
OP=Const
Name=const_fold_opt__325
Outpus:
	const_fold_opt__325=None, 7
2026-02-13 00:45:38,497 - tf2onnx.graph - DEBUG - Making node: Name=const_fold_opt__326, OP=Const
2026-02-13 00:45:38,497 - tf2onnx.graph - DEBUG - Made node: const_fold_opt__326
OP=Const
Name=const_fold_opt__326
Outpus:
	const_fold_opt__326=None, 7
2026-02-13 00:45:38,498 - tf2onnx.graph - DEBUG - Making node: Name=const_fold_opt__327, OP=Const
2026-02-13 00:45:38,498 - tf2onnx.graph - DEBUG - Made node: const_fold_opt__327
OP=Const
Name=const_fold_opt__327
Outpus:
	const_fold_opt__327=None, 7
2026-02-13 00:45:38,499 - tf2onnx.graph - DEBUG - Making node: Name=const_fold_opt__328, OP=Const
2026-02-13 00:45:38,499 - tf2onnx.graph - DEBUG - Made node: const_fold_opt__328
OP=Const
Name=const_fold_opt__328
Outpus:
	const_fold_opt__328=None, 7
2026-02-13 00:45:38,499 - tf2onnx.graph - DEBUG - Making node: Name=const_fold_opt__329, OP=Const
2026-02-13 00:45:38,500 - tf2onnx.graph - DEBUG - Made node: const_fold_opt__329
OP=Const
Name=const_fold_opt__329
Outpus:
	const_fold_opt__329=None, 7
2026-02-13 00:45:38,500 - tf2onnx.graph - DEBUG - Making node: Name=const_fold_opt__330, OP=Const
2026-02-13 00:45:38,500 - tf2onnx.graph - DEBUG - Made node: const_fold_opt__330
OP=Const
Name=const_fold_opt__330
Outpus:
	const_fold_opt__330=None, 7
2026-02-13 00:45:38,501 - tf2onnx.graph - DEBUG - Making node: Name=const_fold_opt__331, OP=Const
2026-02-13 00:45:38,501 - tf2onnx.graph - DEBUG - Made node: const_fold_opt__331
OP=Const
Name=const_fold_opt__331
Outpus:
	const_fold_opt__331=None, 7
2026-02-13 00:45:38,502 - tf2onnx.graph - DEBUG - Making node: Name=const_fold_opt__332, OP=Const
2026-02-13 00:45:38,503 - tf2onnx.graph - DEBUG - Made node: const_fold_opt__332
OP=Const
Name=const_fold_opt__332
Outpus:
	const_fold_opt__332=None, 7
2026-02-13 00:45:38,503 - tf2onnx.graph - DEBUG - Making node: Name=const_fold_opt__333, OP=Const
2026-02-13 00:45:38,503 - tf2onnx.graph - DEBUG - Made node: const_fold_opt__333
OP=Const
Name=const_fold_opt__333
Outpus:
	const_fold_opt__333=None, 7
2026-02-13 00:45:38,504 - tf2onnx.graph - DEBUG - Making node: Name=const_fold_opt__334, OP=Const
2026-02-13 00:45:38,505 - tf2onnx.graph - DEBUG - Made node: const_fold_opt__334
OP=Const
Name=const_fold_opt__334
Outpus:
	const_fold_opt__334=None, 7
2026-02-13 00:45:38,505 - tf2onnx.graph - DEBUG - Making node: Name=const_fold_opt__335, OP=Const
2026-02-13 00:45:38,506 - tf2onnx.graph - DEBUG - Made node: const_fold_opt__335
OP=Const
Name=const_fold_opt__335
Outpus:
	const_fold_opt__335=None, 7
2026-02-13 00:45:38,506 - tf2onnx.graph - DEBUG - Making node: Name=const_fold_opt__336, OP=Const
2026-02-13 00:45:38,507 - tf2onnx.graph - DEBUG - Made node: const_fold_opt__336
OP=Const
Name=const_fold_opt__336
Outpus:
	const_fold_opt__336=None, 7
2026-02-13 00:45:38,507 - tf2onnx.graph - DEBUG - Making node: Name=const_fold_opt__337, OP=Const
2026-02-13 00:45:38,508 - tf2onnx.graph - DEBUG - Made node: const_fold_opt__337
OP=Const
Name=const_fold_opt__337
Outpus:
	const_fold_opt__337=None, 7
2026-02-13 00:45:38,508 - tf2onnx.graph - DEBUG - Making node: Name=const_fold_opt__338, OP=Const
2026-02-13 00:45:38,509 - tf2onnx.graph - DEBUG - Made node: const_fold_opt__338
OP=Const
Name=const_fold_opt__338
Outpus:
	const_fold_opt__338=None, 7
2026-02-13 00:45:38,510 - tf2onnx.graph - DEBUG - Making node: Name=const_fold_opt__339, OP=Const
2026-02-13 00:45:38,510 - tf2onnx.graph - DEBUG - Made node: const_fold_opt__339
OP=Const
Name=const_fold_opt__339
Outpus:
	const_fold_opt__339=None, 7
2026-02-13 00:45:38,511 - tf2onnx.graph - DEBUG - Making node: Name=const_fold_opt__340, OP=Const
2026-02-13 00:45:38,511 - tf2onnx.graph - DEBUG - Made node: const_fold_opt__340
OP=Const
Name=const_fold_opt__340
Outpus:
	const_fold_opt__340=None, 7
2026-02-13 00:45:38,512 - tf2onnx.graph - DEBUG - Making node: Name=const_fold_opt__341, OP=Const
2026-02-13 00:45:38,513 - tf2onnx.graph - DEBUG - Made node: const_fold_opt__341
OP=Const
Name=const_fold_opt__341
Outpus:
	const_fold_opt__341=None, 7
2026-02-13 00:45:38,513 - tf2onnx.graph - DEBUG - Making node: Name=const_fold_opt__342, OP=Const
2026-02-13 00:45:38,513 - tf2onnx.graph - DEBUG - Made node: const_fold_opt__342
OP=Const
Name=const_fold_opt__342
Outpus:
	const_fold_opt__342=None, 7
2026-02-13 00:45:38,533 - tf2onnx.optimizer.ConstFoldOptimizer - VERBOSE - Cast -13 (13->0), Const -10 (87->77), Reshape -10 (12->2)
2026-02-13 00:45:38,534 - tf2onnx.optimizer - VERBOSE - Apply const_dequantize_optimizer
2026-02-13 00:45:38,574 - tf2onnx.optimizer.ConstDequantizeOptimizer - VERBOSE - no change
2026-02-13 00:45:38,574 - tf2onnx.optimizer - VERBOSE - Apply loop_optimizer
2026-02-13 00:45:38,616 - tf2onnx.optimizer.LoopOptimizer - VERBOSE - no change
2026-02-13 00:45:38,616 - tf2onnx.optimizer - VERBOSE - Apply merge_duplication
2026-02-13 00:45:38,671 - tf2onnx.optimizer.MergeDuplicatedNodesOptimizer - VERBOSE - Const -13 (77->64)
2026-02-13 00:45:38,671 - tf2onnx.optimizer - VERBOSE - Apply reshape_optimizer
2026-02-13 00:45:38,705 - tf2onnx.optimizer.ReshapeOptimizer - VERBOSE - no change
2026-02-13 00:45:38,706 - tf2onnx.optimizer - VERBOSE - Apply global_pool_optimizer
2026-02-13 00:45:38,728 - tf2onnx.graph - DEBUG - Making node: Name=const_axes__343, OP=Const
2026-02-13 00:45:38,729 - tf2onnx.graph - DEBUG - Made node: const_axes__343
OP=Const
Name=const_axes__343
Outpus:
	const_axes__343=None, 7
2026-02-13 00:45:38,729 - tf2onnx.graph - DEBUG - Making node: Name=point_net_1/Max_Squeeze__344, OP=Squeeze
2026-02-13 00:45:38,730 - tf2onnx.graph - DEBUG - Made node: point_net_1/Max_Squeeze__344
OP=Squeeze
Name=point_net_1/Max_Squeeze__344
Inputs:
	point_net_1/Max:0=GlobalMaxPool, [-1, 1024, 1], 1
	const_axes__343=Const, [1], 7
Outpus:
	point_net_1/Max_Squeeze__344:0=[-1, 1024], 1
2026-02-13 00:45:38,730 - tf2onnx.graph - DEBUG - Making node: Name=const_axes__345, OP=Const
2026-02-13 00:45:38,731 - tf2onnx.graph - DEBUG - Made node: const_axes__345
OP=Const
Name=const_axes__345
Outpus:
	const_axes__345=None, 7
2026-02-13 00:45:38,731 - tf2onnx.graph - DEBUG - Making node: Name=point_net_1/input_transform_1/Max_Squeeze__346, OP=Squeeze
2026-02-13 00:45:38,732 - tf2onnx.graph - DEBUG - Made node: point_net_1/input_transform_1/Max_Squeeze__346
OP=Squeeze
Name=point_net_1/input_transform_1/Max_Squeeze__346
Inputs:
	point_net_1/input_transform_1/Max:0=GlobalMaxPool, [-1, 1024, 1], 1
	const_axes__345=Const, [1], 7
Outpus:
	point_net_1/input_transform_1/Max_Squeeze__346:0=[-1, 1024], 1
2026-02-13 00:45:38,732 - tf2onnx.graph - DEBUG - Making node: Name=const_axes__347, OP=Const
2026-02-13 00:45:38,733 - tf2onnx.graph - DEBUG - Made node: const_axes__347
OP=Const
Name=const_axes__347
Outpus:
	const_axes__347=None, 7
2026-02-13 00:45:38,733 - tf2onnx.graph - DEBUG - Making node: Name=point_net_1/feature_transform_1/Max_Squeeze__348, OP=Squeeze
2026-02-13 00:45:38,733 - tf2onnx.graph - DEBUG - Made node: point_net_1/feature_transform_1/Max_Squeeze__348
OP=Squeeze
Name=point_net_1/feature_transform_1/Max_Squeeze__348
Inputs:
	point_net_1/feature_transform_1/Max:0=GlobalMaxPool, [-1, 1024, 1], 1
	const_axes__347=Const, [1], 7
Outpus:
	point_net_1/feature_transform_1/Max_Squeeze__348:0=[-1, 1024], 1
2026-02-13 00:45:38,751 - tf2onnx.optimizer.GlobalPoolOptimizer - VERBOSE - Const +3 (64->67), GlobalMaxPool +3 (0->3), ReduceMax -3 (4->1), Squeeze +3 (7->10)
2026-02-13 00:45:38,751 - tf2onnx.optimizer - VERBOSE - Apply q_dq_optimizer
2026-02-13 00:45:38,791 - tf2onnx.optimizer.QDQOptimizer - VERBOSE - no change
2026-02-13 00:45:38,792 - tf2onnx.optimizer - VERBOSE - Apply remove_identity
2026-02-13 00:45:38,832 - tf2onnx.optimizer.IdentityOptimizer - VERBOSE - Identity -5 (5->0)
2026-02-13 00:45:38,832 - tf2onnx.optimizer - VERBOSE - Apply remove_back_to_back
2026-02-13 00:45:38,858 - tf2onnx.optimizer.BackToBackOptimizer - VERBOSE - Transpose -22 (29->7)
2026-02-13 00:45:38,859 - tf2onnx.optimizer - VERBOSE - Apply einsum_optimizer
2026-02-13 00:45:38,887 - tf2onnx.optimizer.EinsumOptimizer - VERBOSE - no change
2026-02-13 00:45:38,888 - tf2onnx.optimizer - VERBOSE - Apply optimize_transpose
2026-02-13 00:45:38,911 - tf2onnx.optimizer.TransposeOptimizer - DEBUG - segmentation_output connects to graph outputs, skip
2026-02-13 00:45:38,912 - tf2onnx.optimizer.TransposeOptimizer - DEBUG - finish after 0 iteration(s)
2026-02-13 00:45:38,930 - tf2onnx.optimizer.TransposeOptimizer - VERBOSE - no change
2026-02-13 00:45:38,930 - tf2onnx.optimizer - VERBOSE - Apply remove_redundant_upsample
2026-02-13 00:45:38,963 - tf2onnx.optimizer.UpsampleOptimizer - VERBOSE - no change
2026-02-13 00:45:38,964 - tf2onnx.optimizer - VERBOSE - Apply fold_constants
2026-02-13 00:45:38,988 - tf2onnx.optimizer.ConstFoldOptimizer - VERBOSE - no change
2026-02-13 00:45:38,989 - tf2onnx.optimizer - VERBOSE - Apply const_dequantize_optimizer
2026-02-13 00:45:39,018 - tf2onnx.optimizer.ConstDequantizeOptimizer - VERBOSE - no change
2026-02-13 00:45:39,018 - tf2onnx.optimizer - VERBOSE - Apply loop_optimizer
2026-02-13 00:45:39,054 - tf2onnx.optimizer.LoopOptimizer - VERBOSE - no change
2026-02-13 00:45:39,054 - tf2onnx.optimizer - VERBOSE - Apply merge_duplication
2026-02-13 00:45:39,104 - tf2onnx.optimizer.MergeDuplicatedNodesOptimizer - VERBOSE - Const -3 (67->64)
2026-02-13 00:45:39,105 - tf2onnx.optimizer - VERBOSE - Apply reshape_optimizer
2026-02-13 00:45:39,127 - tf2onnx.optimizer.ReshapeOptimizer - VERBOSE - no change
2026-02-13 00:45:39,128 - tf2onnx.optimizer - VERBOSE - Apply global_pool_optimizer
2026-02-13 00:45:39,157 - tf2onnx.optimizer.GlobalPoolOptimizer - VERBOSE - no change
2026-02-13 00:45:39,158 - tf2onnx.optimizer - VERBOSE - Apply q_dq_optimizer
2026-02-13 00:45:39,194 - tf2onnx.optimizer.QDQOptimizer - VERBOSE - no change
2026-02-13 00:45:39,194 - tf2onnx.optimizer - VERBOSE - Apply remove_identity
2026-02-13 00:45:39,229 - tf2onnx.optimizer.IdentityOptimizer - VERBOSE - no change
2026-02-13 00:45:39,229 - tf2onnx.optimizer - VERBOSE - Apply remove_back_to_back
2026-02-13 00:45:39,252 - tf2onnx.optimizer.BackToBackOptimizer - VERBOSE - no change
2026-02-13 00:45:39,253 - tf2onnx.optimizer - VERBOSE - Apply einsum_optimizer
2026-02-13 00:45:39,281 - tf2onnx.optimizer.EinsumOptimizer - VERBOSE - no change
2026-02-13 00:45:39,282 - tf2onnx.optimizer - VERBOSE - Apply optimize_transpose
2026-02-13 00:45:39,305 - tf2onnx.optimizer.TransposeOptimizer - DEBUG - segmentation_output connects to graph outputs, skip
2026-02-13 00:45:39,306 - tf2onnx.optimizer.TransposeOptimizer - DEBUG - finish after 0 iteration(s)
2026-02-13 00:45:39,326 - tf2onnx.optimizer.TransposeOptimizer - VERBOSE - no change
2026-02-13 00:45:39,327 - tf2onnx.optimizer - VERBOSE - Apply remove_redundant_upsample
2026-02-13 00:45:39,360 - tf2onnx.optimizer.UpsampleOptimizer - VERBOSE - no change
2026-02-13 00:45:39,360 - tf2onnx.optimizer - VERBOSE - Apply fold_constants
2026-02-13 00:45:39,383 - tf2onnx.optimizer.ConstFoldOptimizer - VERBOSE - no change
2026-02-13 00:45:39,384 - tf2onnx.optimizer - VERBOSE - Apply const_dequantize_optimizer
2026-02-13 00:45:39,412 - tf2onnx.optimizer.ConstDequantizeOptimizer - VERBOSE - no change
2026-02-13 00:45:39,413 - tf2onnx.optimizer - VERBOSE - Apply loop_optimizer
2026-02-13 00:45:39,447 - tf2onnx.optimizer.LoopOptimizer - VERBOSE - no change
2026-02-13 00:45:39,448 - tf2onnx.optimizer - VERBOSE - Apply merge_duplication
2026-02-13 00:45:39,488 - tf2onnx.optimizer.MergeDuplicatedNodesOptimizer - VERBOSE - no change
2026-02-13 00:45:39,489 - tf2onnx.optimizer - VERBOSE - Apply reshape_optimizer
2026-02-13 00:45:39,511 - tf2onnx.optimizer.ReshapeOptimizer - VERBOSE - no change
2026-02-13 00:45:39,512 - tf2onnx.optimizer - VERBOSE - Apply global_pool_optimizer
2026-02-13 00:45:39,540 - tf2onnx.optimizer.GlobalPoolOptimizer - VERBOSE - no change
2026-02-13 00:45:39,541 - tf2onnx.optimizer - VERBOSE - Apply q_dq_optimizer
2026-02-13 00:45:39,577 - tf2onnx.optimizer.QDQOptimizer - VERBOSE - no change
2026-02-13 00:45:39,578 - tf2onnx.optimizer - VERBOSE - Apply remove_identity
2026-02-13 00:45:39,611 - tf2onnx.optimizer.IdentityOptimizer - VERBOSE - no change
2026-02-13 00:45:39,611 - tf2onnx.optimizer - VERBOSE - Apply remove_back_to_back
2026-02-13 00:45:39,635 - tf2onnx.optimizer.BackToBackOptimizer - VERBOSE - no change
2026-02-13 00:45:39,635 - tf2onnx.optimizer - VERBOSE - Apply einsum_optimizer
2026-02-13 00:45:39,664 - tf2onnx.optimizer.EinsumOptimizer - VERBOSE - no change
2026-02-13 00:45:39,668 - tf2onnx.optimizer - INFO - After optimization: Add -15 (24->9), Cast -13 (13->0), Const -29 (93->64), GlobalMaxPool +3 (0->3), Identity -6 (6->0), ReduceMax -3 (4->1), Reshape -10 (12->2), Squeeze +3 (7->10), Transpose -25 (32->7)
