2026-01-29 09:14:41,754 - root - INFO - The following datasets were found in data/kc46_lidar_lr001_5_20_classification_pretrain:
2026-01-29 09:14:41,755 - root - INFO - 	-> pc_set.joblib	
2026-01-29 09:14:41,755 - root - INFO - Adding data set 1 of 4
2026-01-29 09:14:42,144 - root - INFO - Parsing frames in /mnt/d/pieschl_data_collects/sim_kc46_lidar/collect_2026.Jan.22_23.51.26.8719556.UTC...
2026-01-29 09:17:37,467 - root - INFO - Failed to add file /mnt/d/pieschl_data_collects/sim_kc46_lidar/collect_2026.Jan.22_23.51.26.8719556.UTC/Lidar/frame_5000.txt:
	FileNotFoundError : [Errno 2] No such file or directory: '/mnt/d/pieschl_data_collects/sim_kc46_lidar/collect_2026.Jan.22_23.51.26.8719556.UTC/Lidar/frame_5000.txt'
2026-01-29 09:17:37,468 - root - INFO - Failed to add file /mnt/d/pieschl_data_collects/sim_kc46_lidar/collect_2026.Jan.22_23.51.26.8719556.UTC/Lidar/frame_5001.txt:
	FileNotFoundError : [Errno 2] No such file or directory: '/mnt/d/pieschl_data_collects/sim_kc46_lidar/collect_2026.Jan.22_23.51.26.8719556.UTC/Lidar/frame_5001.txt'
2026-01-29 09:17:47,028 - root - INFO - Adding data set 2 of 4
2026-01-29 09:17:47,378 - root - INFO - Parsing frames in /mnt/d/pieschl_data_collects/sim_kc46_lidar/collect_2026.Jan.22_23.53.34.5658074.UTC...
2026-01-29 09:19:48,977 - root - INFO - Failed to add file /mnt/d/pieschl_data_collects/sim_kc46_lidar/collect_2026.Jan.22_23.53.34.5658074.UTC/Lidar/frame_5000.txt:
	FileNotFoundError : [Errno 2] No such file or directory: '/mnt/d/pieschl_data_collects/sim_kc46_lidar/collect_2026.Jan.22_23.53.34.5658074.UTC/Lidar/frame_5000.txt'
2026-01-29 09:19:48,978 - root - INFO - Failed to add file /mnt/d/pieschl_data_collects/sim_kc46_lidar/collect_2026.Jan.22_23.53.34.5658074.UTC/Lidar/frame_5001.txt:
	FileNotFoundError : [Errno 2] No such file or directory: '/mnt/d/pieschl_data_collects/sim_kc46_lidar/collect_2026.Jan.22_23.53.34.5658074.UTC/Lidar/frame_5001.txt'
2026-01-29 09:19:57,684 - root - INFO - Adding data set 3 of 4
2026-01-29 09:19:57,973 - root - INFO - Parsing frames in /mnt/d/pieschl_data_collects/sim_kc46_lidar/collect_2026.Jan.23_00.00.26.2538193.UTC...
2026-01-29 09:21:53,156 - root - INFO - Failed to add file /mnt/d/pieschl_data_collects/sim_kc46_lidar/collect_2026.Jan.23_00.00.26.2538193.UTC/Lidar/frame_5000.txt:
	FileNotFoundError : [Errno 2] No such file or directory: '/mnt/d/pieschl_data_collects/sim_kc46_lidar/collect_2026.Jan.23_00.00.26.2538193.UTC/Lidar/frame_5000.txt'
2026-01-29 09:21:53,157 - root - INFO - Failed to add file /mnt/d/pieschl_data_collects/sim_kc46_lidar/collect_2026.Jan.23_00.00.26.2538193.UTC/Lidar/frame_5001.txt:
	FileNotFoundError : [Errno 2] No such file or directory: '/mnt/d/pieschl_data_collects/sim_kc46_lidar/collect_2026.Jan.23_00.00.26.2538193.UTC/Lidar/frame_5001.txt'
2026-01-29 09:22:01,905 - root - INFO - Adding data set 4 of 4
2026-01-29 09:22:02,187 - root - INFO - Parsing frames in /mnt/d/pieschl_data_collects/sim_kc46_lidar/collect_2026.Jan.23_00.04.35.9506687.UTC...
2026-01-29 09:24:44,203 - root - INFO - Failed to add file /mnt/d/pieschl_data_collects/sim_kc46_lidar/collect_2026.Jan.23_00.04.35.9506687.UTC/Lidar/frame_5000.txt:
	FileNotFoundError : [Errno 2] No such file or directory: '/mnt/d/pieschl_data_collects/sim_kc46_lidar/collect_2026.Jan.23_00.04.35.9506687.UTC/Lidar/frame_5000.txt'
2026-01-29 09:24:44,204 - root - INFO - Failed to add file /mnt/d/pieschl_data_collects/sim_kc46_lidar/collect_2026.Jan.23_00.04.35.9506687.UTC/Lidar/frame_5001.txt:
	FileNotFoundError : [Errno 2] No such file or directory: '/mnt/d/pieschl_data_collects/sim_kc46_lidar/collect_2026.Jan.23_00.04.35.9506687.UTC/Lidar/frame_5001.txt'
2026-01-29 09:24:54,264 - root - INFO - 
Datasets added successfully:

2026-01-29 09:24:54,266 - root - INFO - classification_pretrain
Random seed: 42
Class labels: dict_keys(['f-15_model', 'a-10', 'b-1b', 'b-2', 'c-5', 'c-12', 'c-17a', 'c-32', 'c-130j', 'e-3', 'f-15e', 'f-16', 'f-18e', 'f-22', 'g-iii', 'kc-46', 'kc-135', 'lj-25', 'mig-29', 'mq-20', 'su-27', 'vc-25a', 'x-47b'])
Part labels: dict_keys(['wing', 'fuselage', 'engine', 'hstab', 'vstab', 'landing_gear', 'armament', 'boom_wing', 'boom_hull', 'boom_hose', 'dish', 'probe'])

--- Train Set ---
Specified proportion:  0.75
Actual proportion: 0.7499100765633832
Total count: 14594
Class count:
	kc-46: 14594
Part count:
	wing: 36748990
	fuselage: 52078205
	engine: 8644797
	hstab: 10790090
	vstab: 8593257
	landing_gear: 0
	armament: 0
	boom_wing: 1029453
	boom_hull: 1537332
	boom_hose: 131924
	dish: 0
	probe: 0

--- Validation Set ---
Specified proportion:  0.15
Actual proportion: 0.15004367709778532
Total count: 2920
Class count:
	kc-46: 2920
Part count:
	wing: 7426659
	fuselage: 10322640
	engine: 1723338
	hstab: 2180833
	vstab: 1729659
	landing_gear: 0
	armament: 0
	boom_wing: 199715
	boom_hull: 309889
	boom_hose: 27907
	dish: 0
	probe: 0

--- Test Set ---
Specified proportion:  0.1
Actual proportion: 0.10004624633883151
Total count: 1947
Class count:
	kc-46: 1947
Part count:
	wing: 4889704
	fuselage: 6972454
	engine: 1120632
	hstab: 1433744
	vstab: 1170707
	landing_gear: 0
	armament: 0
	boom_wing: 138353
	boom_hull: 206547
	boom_hose: 17683
	dish: 0
	probe: 0

2026-01-29 09:24:54,279 - root - INFO - The following datasets were found in data/kc46_lidar_lr001_5_20_final:
2026-01-29 09:24:54,279 - root - INFO - 	-> pc_set.joblib	
2026-01-29 09:24:54,279 - root - INFO - Adding data set 1 of 4
2026-01-29 09:24:54,624 - root - INFO - Parsing frames in /mnt/d/pieschl_data_collects/sim_kc46_lidar/collect_2026.Jan.22_23.51.26.8719556.UTC...
2026-01-29 09:25:42,547 - root - INFO - Failed to add file /mnt/d/pieschl_data_collects/sim_kc46_lidar/collect_2026.Jan.22_23.51.26.8719556.UTC/Lidar/frame_5000.txt:
	FileNotFoundError : [Errno 2] No such file or directory: '/mnt/d/pieschl_data_collects/sim_kc46_lidar/collect_2026.Jan.22_23.51.26.8719556.UTC/Lidar/frame_5000.txt'
2026-01-29 09:25:42,549 - root - INFO - Failed to add file /mnt/d/pieschl_data_collects/sim_kc46_lidar/collect_2026.Jan.22_23.51.26.8719556.UTC/Lidar/frame_5001.txt:
	FileNotFoundError : [Errno 2] No such file or directory: '/mnt/d/pieschl_data_collects/sim_kc46_lidar/collect_2026.Jan.22_23.51.26.8719556.UTC/Lidar/frame_5001.txt'
2026-01-29 09:25:52,010 - root - INFO - Adding data set 2 of 4
2026-01-29 09:25:52,732 - root - INFO - Parsing frames in /mnt/d/pieschl_data_collects/sim_kc46_lidar/collect_2026.Jan.22_23.53.34.5658074.UTC...
2026-01-29 09:26:18,493 - root - INFO - Failed to add file /mnt/d/pieschl_data_collects/sim_kc46_lidar/collect_2026.Jan.22_23.53.34.5658074.UTC/Lidar/frame_5000.txt:
	FileNotFoundError : [Errno 2] No such file or directory: '/mnt/d/pieschl_data_collects/sim_kc46_lidar/collect_2026.Jan.22_23.53.34.5658074.UTC/Lidar/frame_5000.txt'
2026-01-29 09:26:18,494 - root - INFO - Failed to add file /mnt/d/pieschl_data_collects/sim_kc46_lidar/collect_2026.Jan.22_23.53.34.5658074.UTC/Lidar/frame_5001.txt:
	FileNotFoundError : [Errno 2] No such file or directory: '/mnt/d/pieschl_data_collects/sim_kc46_lidar/collect_2026.Jan.22_23.53.34.5658074.UTC/Lidar/frame_5001.txt'
2026-01-29 09:26:27,946 - root - INFO - Adding data set 3 of 4
2026-01-29 09:26:28,228 - root - INFO - Parsing frames in /mnt/d/pieschl_data_collects/sim_kc46_lidar/collect_2026.Jan.23_00.00.26.2538193.UTC...
2026-01-29 09:26:50,742 - root - INFO - Failed to add file /mnt/d/pieschl_data_collects/sim_kc46_lidar/collect_2026.Jan.23_00.00.26.2538193.UTC/Lidar/frame_5000.txt:
	FileNotFoundError : [Errno 2] No such file or directory: '/mnt/d/pieschl_data_collects/sim_kc46_lidar/collect_2026.Jan.23_00.00.26.2538193.UTC/Lidar/frame_5000.txt'
2026-01-29 09:26:50,744 - root - INFO - Failed to add file /mnt/d/pieschl_data_collects/sim_kc46_lidar/collect_2026.Jan.23_00.00.26.2538193.UTC/Lidar/frame_5001.txt:
	FileNotFoundError : [Errno 2] No such file or directory: '/mnt/d/pieschl_data_collects/sim_kc46_lidar/collect_2026.Jan.23_00.00.26.2538193.UTC/Lidar/frame_5001.txt'
2026-01-29 09:26:59,827 - root - INFO - Adding data set 4 of 4
2026-01-29 09:27:00,105 - root - INFO - Parsing frames in /mnt/d/pieschl_data_collects/sim_kc46_lidar/collect_2026.Jan.23_00.04.35.9506687.UTC...
2026-01-29 09:27:48,734 - root - INFO - Failed to add file /mnt/d/pieschl_data_collects/sim_kc46_lidar/collect_2026.Jan.23_00.04.35.9506687.UTC/Lidar/frame_5000.txt:
	FileNotFoundError : [Errno 2] No such file or directory: '/mnt/d/pieschl_data_collects/sim_kc46_lidar/collect_2026.Jan.23_00.04.35.9506687.UTC/Lidar/frame_5000.txt'
2026-01-29 09:27:48,735 - root - INFO - Failed to add file /mnt/d/pieschl_data_collects/sim_kc46_lidar/collect_2026.Jan.23_00.04.35.9506687.UTC/Lidar/frame_5001.txt:
	FileNotFoundError : [Errno 2] No such file or directory: '/mnt/d/pieschl_data_collects/sim_kc46_lidar/collect_2026.Jan.23_00.04.35.9506687.UTC/Lidar/frame_5001.txt'
2026-01-29 09:27:58,569 - root - INFO - 
Datasets added successfully:

2026-01-29 09:27:58,570 - root - INFO - final
Random seed: 42
Class labels: dict_keys(['f-15_model', 'a-10', 'b-1b', 'b-2', 'c-5', 'c-12', 'c-17a', 'c-32', 'c-130j', 'e-3', 'f-15e', 'f-16', 'f-18e', 'f-22', 'g-iii', 'kc-46', 'kc-135', 'lj-25', 'mig-29', 'mq-20', 'su-27', 'vc-25a', 'x-47b'])
Part labels: dict_keys(['wing', 'fuselage', 'engine', 'hstab', 'vstab', 'landing_gear', 'armament', 'boom_wing', 'boom_hull', 'boom_hose', 'dish', 'probe'])

--- Train Set ---
Specified proportion:  0.75
Actual proportion: 0.7499100765633832
Total count: 14594
Class count:
	kc-46: 14594
Part count:
	wing: 36833274
	fuselage: 51998839
	engine: 8588203
	hstab: 10776584
	vstab: 8658758
	landing_gear: 0
	armament: 0
	boom_wing: 1026296
	boom_hull: 1539085
	boom_hose: 133009
	dish: 0
	probe: 0

--- Validation Set ---
Specified proportion:  0.15
Actual proportion: 0.15004367709778532
Total count: 2920
Class count:
	kc-46: 2920
Part count:
	wing: 7321460
	fuselage: 10437229
	engine: 1767844
	hstab: 2159547
	vstab: 1697143
	landing_gear: 0
	armament: 0
	boom_wing: 204175
	boom_hull: 306880
	boom_hose: 26362
	dish: 0
	probe: 0

--- Test Set ---
Specified proportion:  0.1
Actual proportion: 0.10004624633883151
Total count: 1947
Class count:
	kc-46: 1947
Part count:
	wing: 4918528
	fuselage: 6937978
	engine: 1131453
	hstab: 1461434
	vstab: 1139989
	landing_gear: 0
	armament: 0
	boom_wing: 136067
	boom_hull: 206327
	boom_hose: 18048
	dish: 0
	probe: 0

2026-01-29 09:27:59,342 - root - INFO - PointNet Build
2026-01-29 09:27:59,342 - root - INFO - 	Trainable Layers
2026-01-29 09:27:59,342 - root - INFO - 		-> input_normalization: False
2026-01-29 09:27:59,342 - root - INFO - 		-> input_transform: True
2026-01-29 09:27:59,343 - root - INFO - 		-> s1_l1_64_convolution_layer: True
2026-01-29 09:27:59,343 - root - INFO - 		-> s1_l2_64_convolution_layer: True
2026-01-29 09:27:59,343 - root - INFO - 		-> feature_transform: True
2026-01-29 09:27:59,343 - root - INFO - 		-> s2_l1_64_convolution_layer: True
2026-01-29 09:27:59,343 - root - INFO - 		-> s2_l2_128_convolution_layer: True
2026-01-29 09:27:59,343 - root - INFO - 		-> s2_l3_1024_convolution_layer: True
2026-01-29 09:27:59,343 - root - INFO - 		-> s3_l1_512_dense_layer: True
2026-01-29 09:27:59,344 - root - INFO - 		-> s3_l2_256_dense_layer: True
2026-01-29 09:27:59,344 - root - INFO - 		-> output_dense_layer: True
2026-01-29 09:27:59,344 - root - INFO - 		-> seg_l1_512_convolution_layer: False
2026-01-29 09:27:59,344 - root - INFO - 		-> seg_l2_256_convolution_layer: False
2026-01-29 09:27:59,344 - root - INFO - 		-> seg_l3_128_convolution_layer: False
2026-01-29 09:27:59,345 - root - INFO - 		-> seg_l4_128_convolution_layer: False
2026-01-29 09:27:59,345 - root - INFO - 		-> seg_l5_output_convolution_layer: False
2026-01-29 09:30:47,578 - h5py._conv - DEBUG - Creating converter from 5 to 3
2026-01-29 11:09:36,758 - tf2onnx.tfonnx - INFO - Using tensorflow=2.20.0, onnx=1.17.0, tf2onnx=1.16.1/15c810
2026-01-29 11:09:36,758 - tf2onnx.tfonnx - INFO - Using opset <onnx, 13>
2026-01-29 11:09:36,823 - tf2onnx.tf_utils - INFO - Computed 0 values for constant folding
2026-01-29 11:09:36,870 - tf2onnx.graph - DEBUG - Making node: Name=Identity, OP=Identity
2026-01-29 11:09:36,871 - tf2onnx.graph - DEBUG - Made node: Identity
OP=Identity
Name=Identity
Inputs:
	point_net_1/output_dense_layer_1/Softmax:0=Softmax, [-1, 23], 1
Outpus:
	Identity_raw_output___4:0=[-1, 23], 1
2026-01-29 11:09:36,872 - tf2onnx.graph - DEBUG - Making node: Name=Identity_graph_outputs_Identity__5, OP=Identity
2026-01-29 11:09:36,873 - tf2onnx.graph - DEBUG - Made node: Identity_graph_outputs_Identity__5
OP=Identity
Name=Identity_graph_outputs_Identity__5
Inputs:
	Identity_raw_output___4:0=Identity, [-1, 23], 1
Outpus:
	Identity:0=[-1, 23], 1
2026-01-29 11:09:36,873 - tf2onnx.graph - DEBUG - Making node: Name=Identity_2, OP=Identity
2026-01-29 11:09:36,873 - tf2onnx.graph - DEBUG - Made node: Identity_2
OP=Identity
Name=Identity_2
Inputs:
	point_net_1/Squeeze_2:0=Squeeze, [-1, 8192, 12], 1
Outpus:
	Identity_2_raw_output___6:0=[-1, 8192, 12], 1
2026-01-29 11:09:36,874 - tf2onnx.graph - DEBUG - Making node: Name=Identity_2_graph_outputs_Identity__7, OP=Identity
2026-01-29 11:09:36,874 - tf2onnx.graph - DEBUG - Made node: Identity_2_graph_outputs_Identity__7
OP=Identity
Name=Identity_2_graph_outputs_Identity__7
Inputs:
	Identity_2_raw_output___6:0=Identity, [-1, 8192, 12], 1
Outpus:
	Identity_2:0=[-1, 8192, 12], 1
2026-01-29 11:09:36,875 - tf2onnx.graph - DEBUG - Making node: Name=Identity_1, OP=Identity
2026-01-29 11:09:36,875 - tf2onnx.graph - DEBUG - Made node: Identity_1
OP=Identity
Name=Identity_1
Inputs:
	point_net_1/input_transform_1/add:0=AddV2, [-1, 3, 3], 1
Outpus:
	Identity_1_raw_output___8:0=[-1, 3, 3], 1
2026-01-29 11:09:36,875 - tf2onnx.graph - DEBUG - Making node: Name=Identity_1_graph_outputs_Identity__9, OP=Identity
2026-01-29 11:09:36,876 - tf2onnx.graph - DEBUG - Made node: Identity_1_graph_outputs_Identity__9
OP=Identity
Name=Identity_1_graph_outputs_Identity__9
Inputs:
	Identity_1_raw_output___8:0=Identity, [-1, 3, 3], 1
Outpus:
	Identity_1:0=[-1, 3, 3], 1
2026-01-29 11:09:36,877 - tf2onnx.tfonnx - ERROR - rewriter <function rewrite_constant_fold at 0x72f53c7fd6c0>: exception `np.cast` was removed in the NumPy 2.0 release. Use `np.asarray(arr, dtype=dtype)` instead.
2026-01-29 11:09:36,964 - tf2onnx.tfonnx - INFO - ['Traceback (most recent call last):\n', '  File "/mnt/c/repos/PointCloudProcessing/point_cloud_analysis/.venv/lib/python3.10/site-packages/tf2onnx/tfonnx.py", line 375, in run_rewriters\n    ops = func(g, g.get_nodes())\n', '  File "/mnt/c/repos/PointCloudProcessing/point_cloud_analysis/.venv/lib/python3.10/site-packages/tf2onnx/tfonnx.py", line 77, in rewrite_constant_fold\n    "Cast": np.cast,\n', '  File "/mnt/c/repos/PointCloudProcessing/point_cloud_analysis/.venv/lib/python3.10/site-packages/numpy/__init__.py", line 400, in __getattr__\n    raise AttributeError(\n', 'AttributeError: `np.cast` was removed in the NumPy 2.0 release. Use `np.asarray(arr, dtype=dtype)` instead.\n']
2026-01-29 11:09:36,979 - tf2onnx.rewriter.lstm_rewriter - DEBUG - enter lstm rewriter
2026-01-29 11:09:36,982 - tf2onnx.rewriter.gru_rewriter - DEBUG - enter gru rewriter
2026-01-29 11:09:36,984 - tf2onnx.rewriter.custom_rnn_rewriter - DEBUG - enter custom rnn rewriter
2026-01-29 11:09:36,986 - tf2onnx.rewriter.loop_rewriter - DEBUG - enter loop rewriter
2026-01-29 11:09:36,987 - tf2onnx.rewriter.cond_rewriter - DEBUG - enter cond pre rewrite
2026-01-29 11:09:36,995 - tf2onnx.tfonnx - VERBOSE - Mapping TF node to ONNX node(s)
2026-01-29 11:09:36,995 - tf2onnx.tfonnx - DEBUG - Process node: point_net_1/seg_l5_output_convolution_layer_1/seg_l5_output_convolution_layer_1/convolution/ReadVariableOp
OP=Const
Name=point_net_1/seg_l5_output_convolution_layer_1/seg_l5_output_convolution_layer_1/convolution/ReadVariableOp
Outpus:
	point_net_1/seg_l5_output_convolution_layer_1/seg_l5_output_convolution_layer_1/convolution/ReadVariableOp:0=[1, 1, 128, 12], 1
2026-01-29 11:09:36,996 - tf2onnx.tfonnx - DEBUG - Process node: point_net_1/seg_l4_128_convolution_layer_1/seg_l4_128_convolution_layer_1/convolution/merged_input
OP=Const
Name=point_net_1/seg_l4_128_convolution_layer_1/seg_l4_128_convolution_layer_1/convolution/merged_input
Outpus:
	point_net_1/seg_l4_128_convolution_layer_1/seg_l4_128_convolution_layer_1/convolution/merged_input:0=[1, 1, 128, 128], 1
2026-01-29 11:09:36,996 - tf2onnx.tfonnx - DEBUG - Process node: point_net_1/seg_l3_128_convolution_layer_1/seg_l3_128_convolution_layer_1/convolution/merged_input
OP=Const
Name=point_net_1/seg_l3_128_convolution_layer_1/seg_l3_128_convolution_layer_1/convolution/merged_input
Outpus:
	point_net_1/seg_l3_128_convolution_layer_1/seg_l3_128_convolution_layer_1/convolution/merged_input:0=[1, 1, 256, 128], 1
2026-01-29 11:09:36,996 - tf2onnx.tfonnx - DEBUG - Process node: point_net_1/seg_l2_256_convolution_layer_1/seg_l2_256_convolution_layer_1/convolution/merged_input
OP=Const
Name=point_net_1/seg_l2_256_convolution_layer_1/seg_l2_256_convolution_layer_1/convolution/merged_input
Outpus:
	point_net_1/seg_l2_256_convolution_layer_1/seg_l2_256_convolution_layer_1/convolution/merged_input:0=[1, 1, 512, 256], 1
2026-01-29 11:09:36,997 - tf2onnx.tfonnx - DEBUG - Process node: point_net_1/seg_l1_512_convolution_layer_1/seg_l1_512_convolution_layer_1/convolution/merged_input
OP=Const
Name=point_net_1/seg_l1_512_convolution_layer_1/seg_l1_512_convolution_layer_1/convolution/merged_input
Outpus:
	point_net_1/seg_l1_512_convolution_layer_1/seg_l1_512_convolution_layer_1/convolution/merged_input:0=[1, 1, 1088, 512], 1
2026-01-29 11:09:36,997 - tf2onnx.tfonnx - DEBUG - Process node: point_net_1/s3_l2_256_dense_layer_1/s3_l2_256_dense_layer_1/Cast/ReadVariableOp
OP=Const
Name=point_net_1/s3_l2_256_dense_layer_1/s3_l2_256_dense_layer_1/Cast/ReadVariableOp
Outpus:
	point_net_1/s3_l2_256_dense_layer_1/s3_l2_256_dense_layer_1/Cast/ReadVariableOp:0=[512, 256], 1
2026-01-29 11:09:36,997 - tf2onnx.tfonnx - DEBUG - Process node: point_net_1/s3_l2_256_dense_layer_1/batch_normalization_16_1/batchnorm/sub
OP=Const
Name=point_net_1/s3_l2_256_dense_layer_1/batch_normalization_16_1/batchnorm/sub
Outpus:
	point_net_1/s3_l2_256_dense_layer_1/batch_normalization_16_1/batchnorm/sub:0=[256], 1
2026-01-29 11:09:36,998 - tf2onnx.tfonnx - DEBUG - Process node: point_net_1/s3_l2_256_dense_layer_1/batch_normalization_16_1/batchnorm/mul
OP=Const
Name=point_net_1/s3_l2_256_dense_layer_1/batch_normalization_16_1/batchnorm/mul
Outpus:
	point_net_1/s3_l2_256_dense_layer_1/batch_normalization_16_1/batchnorm/mul:0=[256], 1
2026-01-29 11:09:36,998 - tf2onnx.tfonnx - DEBUG - Process node: point_net_1/s3_l1_512_dense_layer_1/s3_l1_512_dense_layer_1/Cast/ReadVariableOp
OP=Const
Name=point_net_1/s3_l1_512_dense_layer_1/s3_l1_512_dense_layer_1/Cast/ReadVariableOp
Outpus:
	point_net_1/s3_l1_512_dense_layer_1/s3_l1_512_dense_layer_1/Cast/ReadVariableOp:0=[1024, 512], 1
2026-01-29 11:09:36,998 - tf2onnx.tfonnx - DEBUG - Process node: point_net_1/s3_l1_512_dense_layer_1/batch_normalization_15_1/batchnorm/sub
OP=Const
Name=point_net_1/s3_l1_512_dense_layer_1/batch_normalization_15_1/batchnorm/sub
Outpus:
	point_net_1/s3_l1_512_dense_layer_1/batch_normalization_15_1/batchnorm/sub:0=[512], 1
2026-01-29 11:09:36,998 - tf2onnx.tfonnx - DEBUG - Process node: point_net_1/s3_l1_512_dense_layer_1/batch_normalization_15_1/batchnorm/mul
OP=Const
Name=point_net_1/s3_l1_512_dense_layer_1/batch_normalization_15_1/batchnorm/mul
Outpus:
	point_net_1/s3_l1_512_dense_layer_1/batch_normalization_15_1/batchnorm/mul:0=[512], 1
2026-01-29 11:09:36,999 - tf2onnx.tfonnx - DEBUG - Process node: point_net_1/s2_l3_1024_convolution_layer_1/s2_l3_1024_convolution_layer_1/convolution/merged_input
OP=Const
Name=point_net_1/s2_l3_1024_convolution_layer_1/s2_l3_1024_convolution_layer_1/convolution/merged_input
Outpus:
	point_net_1/s2_l3_1024_convolution_layer_1/s2_l3_1024_convolution_layer_1/convolution/merged_input:0=[1, 1, 128, 1024], 1
2026-01-29 11:09:36,999 - tf2onnx.tfonnx - DEBUG - Process node: point_net_1/s2_l3_1024_convolution_layer_1/batch_normalization_14_1/batchnorm/sub
OP=Const
Name=point_net_1/s2_l3_1024_convolution_layer_1/batch_normalization_14_1/batchnorm/sub
Outpus:
	point_net_1/s2_l3_1024_convolution_layer_1/batch_normalization_14_1/batchnorm/sub:0=[1024], 1
2026-01-29 11:09:36,999 - tf2onnx.tfonnx - DEBUG - Process node: point_net_1/s2_l2_128_convolution_layer_1/s2_l2_128_convolution_layer_1/convolution/merged_input
OP=Const
Name=point_net_1/s2_l2_128_convolution_layer_1/s2_l2_128_convolution_layer_1/convolution/merged_input
Outpus:
	point_net_1/s2_l2_128_convolution_layer_1/s2_l2_128_convolution_layer_1/convolution/merged_input:0=[1, 1, 64, 128], 1
2026-01-29 11:09:36,999 - tf2onnx.tfonnx - DEBUG - Process node: point_net_1/s2_l2_128_convolution_layer_1/batch_normalization_13_1/batchnorm/sub
OP=Const
Name=point_net_1/s2_l2_128_convolution_layer_1/batch_normalization_13_1/batchnorm/sub
Outpus:
	point_net_1/s2_l2_128_convolution_layer_1/batch_normalization_13_1/batchnorm/sub:0=[128], 1
2026-01-29 11:09:37,000 - tf2onnx.tfonnx - DEBUG - Process node: point_net_1/s2_l1_64_convolution_layer_1/s2_l1_64_convolution_layer_1/convolution/merged_input
OP=Const
Name=point_net_1/s2_l1_64_convolution_layer_1/s2_l1_64_convolution_layer_1/convolution/merged_input
Outpus:
	point_net_1/s2_l1_64_convolution_layer_1/s2_l1_64_convolution_layer_1/convolution/merged_input:0=[1, 1, 64, 64], 1
2026-01-29 11:09:37,000 - tf2onnx.tfonnx - DEBUG - Process node: point_net_1/s2_l1_64_convolution_layer_1/batch_normalization_12_1/batchnorm/sub
OP=Const
Name=point_net_1/s2_l1_64_convolution_layer_1/batch_normalization_12_1/batchnorm/sub
Outpus:
	point_net_1/s2_l1_64_convolution_layer_1/batch_normalization_12_1/batchnorm/sub:0=[64], 1
2026-01-29 11:09:37,000 - tf2onnx.tfonnx - DEBUG - Process node: point_net_1/s1_l2_64_convolution_layer_1/s1_l2_64_convolution_layer_1/convolution/merged_input
OP=Const
Name=point_net_1/s1_l2_64_convolution_layer_1/s1_l2_64_convolution_layer_1/convolution/merged_input
Outpus:
	point_net_1/s1_l2_64_convolution_layer_1/s1_l2_64_convolution_layer_1/convolution/merged_input:0=[1, 1, 64, 64], 1
2026-01-29 11:09:37,000 - tf2onnx.tfonnx - DEBUG - Process node: point_net_1/s1_l2_64_convolution_layer_1/batch_normalization_6_1/batchnorm/sub
OP=Const
Name=point_net_1/s1_l2_64_convolution_layer_1/batch_normalization_6_1/batchnorm/sub
Outpus:
	point_net_1/s1_l2_64_convolution_layer_1/batch_normalization_6_1/batchnorm/sub:0=[64], 1
2026-01-29 11:09:37,000 - tf2onnx.tfonnx - DEBUG - Process node: point_net_1/s1_l1_64_convolution_layer_1/s1_l1_64_convolution_layer_1/convolution/merged_input
OP=Const
Name=point_net_1/s1_l1_64_convolution_layer_1/s1_l1_64_convolution_layer_1/convolution/merged_input
Outpus:
	point_net_1/s1_l1_64_convolution_layer_1/s1_l1_64_convolution_layer_1/convolution/merged_input:0=[1, 1, 3, 64], 1
2026-01-29 11:09:37,001 - tf2onnx.tfonnx - DEBUG - Process node: point_net_1/s1_l1_64_convolution_layer_1/batch_normalization_5_1/batchnorm/sub
OP=Const
Name=point_net_1/s1_l1_64_convolution_layer_1/batch_normalization_5_1/batchnorm/sub
Outpus:
	point_net_1/s1_l1_64_convolution_layer_1/batch_normalization_5_1/batchnorm/sub:0=[64], 1
2026-01-29 11:09:37,001 - tf2onnx.tfonnx - DEBUG - Process node: point_net_1/output_dense_layer_1/output_dense_layer_1/Cast/ReadVariableOp
OP=Const
Name=point_net_1/output_dense_layer_1/output_dense_layer_1/Cast/ReadVariableOp
Outpus:
	point_net_1/output_dense_layer_1/output_dense_layer_1/Cast/ReadVariableOp:0=[256, 23], 1
2026-01-29 11:09:37,001 - tf2onnx.tfonnx - DEBUG - Process node: point_net_1/output_dense_layer_1/output_dense_layer_1/BiasAdd/ReadVariableOp
OP=Const
Name=point_net_1/output_dense_layer_1/output_dense_layer_1/BiasAdd/ReadVariableOp
Outpus:
	point_net_1/output_dense_layer_1/output_dense_layer_1/BiasAdd/ReadVariableOp:0=[23], 1
2026-01-29 11:09:37,001 - tf2onnx.tfonnx - DEBUG - Process node: point_net_1/input_transform_1/input_transform_dense_layer_2_dense_layer_1/input_transform_dense_layer_2_dense_layer_1/Cast/ReadVariableOp
OP=Const
Name=point_net_1/input_transform_1/input_transform_dense_layer_2_dense_layer_1/input_transform_dense_layer_2_dense_layer_1/Cast/ReadVariableOp
Outpus:
	point_net_1/input_transform_1/input_transform_dense_layer_2_dense_layer_1/input_transform_dense_layer_2_dense_layer_1/Cast/ReadVariableOp:0=[512, 256], 1
2026-01-29 11:09:37,002 - tf2onnx.tfonnx - DEBUG - Process node: point_net_1/input_transform_1/input_transform_dense_layer_2_dense_layer_1/batch_normalization_4_1/batchnorm/sub
OP=Const
Name=point_net_1/input_transform_1/input_transform_dense_layer_2_dense_layer_1/batch_normalization_4_1/batchnorm/sub
Outpus:
	point_net_1/input_transform_1/input_transform_dense_layer_2_dense_layer_1/batch_normalization_4_1/batchnorm/sub:0=[256], 1
2026-01-29 11:09:37,002 - tf2onnx.tfonnx - DEBUG - Process node: point_net_1/input_transform_1/input_transform_dense_layer_2_dense_layer_1/batch_normalization_4_1/batchnorm/mul
OP=Const
Name=point_net_1/input_transform_1/input_transform_dense_layer_2_dense_layer_1/batch_normalization_4_1/batchnorm/mul
Outpus:
	point_net_1/input_transform_1/input_transform_dense_layer_2_dense_layer_1/batch_normalization_4_1/batchnorm/mul:0=[256], 1
2026-01-29 11:09:37,002 - tf2onnx.tfonnx - DEBUG - Process node: point_net_1/input_transform_1/input_transform_dense_layer_1_dense_layer_1/input_transform_dense_layer_1_dense_layer_1/Cast/ReadVariableOp
OP=Const
Name=point_net_1/input_transform_1/input_transform_dense_layer_1_dense_layer_1/input_transform_dense_layer_1_dense_layer_1/Cast/ReadVariableOp
Outpus:
	point_net_1/input_transform_1/input_transform_dense_layer_1_dense_layer_1/input_transform_dense_layer_1_dense_layer_1/Cast/ReadVariableOp:0=[1024, 512], 1
2026-01-29 11:09:37,003 - tf2onnx.tfonnx - DEBUG - Process node: point_net_1/input_transform_1/input_transform_dense_layer_1_dense_layer_1/batch_normalization_3_1/batchnorm/sub
OP=Const
Name=point_net_1/input_transform_1/input_transform_dense_layer_1_dense_layer_1/batch_normalization_3_1/batchnorm/sub
Outpus:
	point_net_1/input_transform_1/input_transform_dense_layer_1_dense_layer_1/batch_normalization_3_1/batchnorm/sub:0=[512], 1
2026-01-29 11:09:37,003 - tf2onnx.tfonnx - DEBUG - Process node: point_net_1/input_transform_1/input_transform_dense_layer_1_dense_layer_1/batch_normalization_3_1/batchnorm/mul
OP=Const
Name=point_net_1/input_transform_1/input_transform_dense_layer_1_dense_layer_1/batch_normalization_3_1/batchnorm/mul
Outpus:
	point_net_1/input_transform_1/input_transform_dense_layer_1_dense_layer_1/batch_normalization_3_1/batchnorm/mul:0=[512], 1
2026-01-29 11:09:37,003 - tf2onnx.tfonnx - DEBUG - Process node: point_net_1/input_transform_1/input_transform_convolution_layer_3_convolution_layer_1/input_transform_convolution_layer_3_convolution_layer_1/convolution/merged_input
OP=Const
Name=point_net_1/input_transform_1/input_transform_convolution_layer_3_convolution_layer_1/input_transform_convolution_layer_3_convolution_layer_1/convolution/merged_input
Outpus:
	point_net_1/input_transform_1/input_transform_convolution_layer_3_convolution_layer_1/input_transform_convolution_layer_3_convolution_layer_1/convolution/merged_input:0=[1, 1, 128, 1024], 1
2026-01-29 11:09:37,003 - tf2onnx.tfonnx - DEBUG - Process node: point_net_1/input_transform_1/input_transform_convolution_layer_3_convolution_layer_1/batch_normalization_2_1/batchnorm/sub
OP=Const
Name=point_net_1/input_transform_1/input_transform_convolution_layer_3_convolution_layer_1/batch_normalization_2_1/batchnorm/sub
Outpus:
	point_net_1/input_transform_1/input_transform_convolution_layer_3_convolution_layer_1/batch_normalization_2_1/batchnorm/sub:0=[1024], 1
2026-01-29 11:09:37,003 - tf2onnx.tfonnx - DEBUG - Process node: point_net_1/input_transform_1/input_transform_convolution_layer_2_convolution_layer_1/input_transform_convolution_layer_2_convolution_layer_1/convolution/merged_input
OP=Const
Name=point_net_1/input_transform_1/input_transform_convolution_layer_2_convolution_layer_1/input_transform_convolution_layer_2_convolution_layer_1/convolution/merged_input
Outpus:
	point_net_1/input_transform_1/input_transform_convolution_layer_2_convolution_layer_1/input_transform_convolution_layer_2_convolution_layer_1/convolution/merged_input:0=[1, 1, 64, 128], 1
2026-01-29 11:09:37,004 - tf2onnx.tfonnx - DEBUG - Process node: point_net_1/input_transform_1/input_transform_convolution_layer_2_convolution_layer_1/batch_normalization_1_1/batchnorm/sub
OP=Const
Name=point_net_1/input_transform_1/input_transform_convolution_layer_2_convolution_layer_1/batch_normalization_1_1/batchnorm/sub
Outpus:
	point_net_1/input_transform_1/input_transform_convolution_layer_2_convolution_layer_1/batch_normalization_1_1/batchnorm/sub:0=[128], 1
2026-01-29 11:09:37,004 - tf2onnx.tfonnx - DEBUG - Process node: point_net_1/input_transform_1/input_transform_convolution_layer_1_convolution_layer_1/input_transform_convolution_layer_1_convolution_layer_1/convolution/merged_input
OP=Const
Name=point_net_1/input_transform_1/input_transform_convolution_layer_1_convolution_layer_1/input_transform_convolution_layer_1_convolution_layer_1/convolution/merged_input
Outpus:
	point_net_1/input_transform_1/input_transform_convolution_layer_1_convolution_layer_1/input_transform_convolution_layer_1_convolution_layer_1/convolution/merged_input:0=[1, 1, 3, 64], 1
2026-01-29 11:09:37,004 - tf2onnx.tfonnx - DEBUG - Process node: point_net_1/input_transform_1/input_transform_convolution_layer_1_convolution_layer_1/batch_normalization_1/batchnorm/sub
OP=Const
Name=point_net_1/input_transform_1/input_transform_convolution_layer_1_convolution_layer_1/batch_normalization_1/batchnorm/sub
Outpus:
	point_net_1/input_transform_1/input_transform_convolution_layer_1_convolution_layer_1/batch_normalization_1/batchnorm/sub:0=[64], 1
2026-01-29 11:09:37,005 - tf2onnx.tfonnx - DEBUG - Process node: point_net_1/input_transform_1/add/ReadVariableOp
OP=Const
Name=point_net_1/input_transform_1/add/ReadVariableOp
Outpus:
	point_net_1/input_transform_1/add/ReadVariableOp:0=[3, 3], 1
2026-01-29 11:09:37,005 - tf2onnx.tfonnx - DEBUG - Process node: point_net_1/input_transform_1/Reshape/shape
OP=Const
Name=point_net_1/input_transform_1/Reshape/shape
Outpus:
	point_net_1/input_transform_1/Reshape/shape:0=[3], 6
2026-01-29 11:09:37,005 - tf2onnx.tfonnx - DEBUG - Process node: point_net_1/input_transform_1/Max/reduction_indices
OP=Const
Name=point_net_1/input_transform_1/Max/reduction_indices
Outpus:
	point_net_1/input_transform_1/Max/reduction_indices:0=[], 6
2026-01-29 11:09:37,006 - tf2onnx.tfonnx - DEBUG - Process node: point_net_1/input_transform_1/MatMul/ReadVariableOp
OP=Const
Name=point_net_1/input_transform_1/MatMul/ReadVariableOp
Outpus:
	point_net_1/input_transform_1/MatMul/ReadVariableOp:0=[256, 9], 1
2026-01-29 11:09:37,006 - tf2onnx.tfonnx - DEBUG - Process node: point_net_1/input_transform_1/ExpandDims_1/dim
OP=Const
Name=point_net_1/input_transform_1/ExpandDims_1/dim
Outpus:
	point_net_1/input_transform_1/ExpandDims_1/dim:0=[], 6
2026-01-29 11:09:37,007 - tf2onnx.tfonnx - DEBUG - Process node: point_net_1/input_transform_1/ExpandDims/dim
OP=Const
Name=point_net_1/input_transform_1/ExpandDims/dim
Outpus:
	point_net_1/input_transform_1/ExpandDims/dim:0=[], 6
2026-01-29 11:09:37,008 - tf2onnx.tfonnx - DEBUG - Process node: point_net_1/input_normalization_1/Sum/reduction_indices
OP=Const
Name=point_net_1/input_normalization_1/Sum/reduction_indices
Outpus:
	point_net_1/input_normalization_1/Sum/reduction_indices:0=[], 6
2026-01-29 11:09:37,008 - tf2onnx.tfonnx - DEBUG - Process node: point_net_1/input_normalization_1/Mean/reduction_indices
OP=Const
Name=point_net_1/input_normalization_1/Mean/reduction_indices
Outpus:
	point_net_1/input_normalization_1/Mean/reduction_indices:0=[], 6
2026-01-29 11:09:37,008 - tf2onnx.tfonnx - DEBUG - Process node: point_net_1/input_normalization_1/Maximum/y
OP=Const
Name=point_net_1/input_normalization_1/Maximum/y
Outpus:
	point_net_1/input_normalization_1/Maximum/y:0=[], 1
2026-01-29 11:09:37,009 - tf2onnx.tfonnx - DEBUG - Process node: point_net_1/input_normalization_1/Max/reduction_indices
OP=Const
Name=point_net_1/input_normalization_1/Max/reduction_indices
Outpus:
	point_net_1/input_normalization_1/Max/reduction_indices:0=[], 6
2026-01-29 11:09:37,009 - tf2onnx.tfonnx - DEBUG - Process node: point_net_1/input_normalization_1/ExpandDims/dim
OP=Const
Name=point_net_1/input_normalization_1/ExpandDims/dim
Outpus:
	point_net_1/input_normalization_1/ExpandDims/dim:0=[], 6
2026-01-29 11:09:37,009 - tf2onnx.tfonnx - DEBUG - Process node: point_net_1/feature_transform_1/feature_transform_dense_layer_2_dense_layer_1/feature_transform_dense_layer_2_dense_layer_1/Cast/ReadVariableOp
OP=Const
Name=point_net_1/feature_transform_1/feature_transform_dense_layer_2_dense_layer_1/feature_transform_dense_layer_2_dense_layer_1/Cast/ReadVariableOp
Outpus:
	point_net_1/feature_transform_1/feature_transform_dense_layer_2_dense_layer_1/feature_transform_dense_layer_2_dense_layer_1/Cast/ReadVariableOp:0=[512, 256], 1
2026-01-29 11:09:37,009 - tf2onnx.tfonnx - DEBUG - Process node: point_net_1/feature_transform_1/feature_transform_dense_layer_2_dense_layer_1/batch_normalization_11_1/batchnorm/sub
OP=Const
Name=point_net_1/feature_transform_1/feature_transform_dense_layer_2_dense_layer_1/batch_normalization_11_1/batchnorm/sub
Outpus:
	point_net_1/feature_transform_1/feature_transform_dense_layer_2_dense_layer_1/batch_normalization_11_1/batchnorm/sub:0=[256], 1
2026-01-29 11:09:37,009 - tf2onnx.tfonnx - DEBUG - Process node: point_net_1/feature_transform_1/feature_transform_dense_layer_2_dense_layer_1/batch_normalization_11_1/batchnorm/mul
OP=Const
Name=point_net_1/feature_transform_1/feature_transform_dense_layer_2_dense_layer_1/batch_normalization_11_1/batchnorm/mul
Outpus:
	point_net_1/feature_transform_1/feature_transform_dense_layer_2_dense_layer_1/batch_normalization_11_1/batchnorm/mul:0=[256], 1
2026-01-29 11:09:37,009 - tf2onnx.tfonnx - DEBUG - Process node: point_net_1/feature_transform_1/feature_transform_dense_layer_1_dense_layer_1/feature_transform_dense_layer_1_dense_layer_1/Cast/ReadVariableOp
OP=Const
Name=point_net_1/feature_transform_1/feature_transform_dense_layer_1_dense_layer_1/feature_transform_dense_layer_1_dense_layer_1/Cast/ReadVariableOp
Outpus:
	point_net_1/feature_transform_1/feature_transform_dense_layer_1_dense_layer_1/feature_transform_dense_layer_1_dense_layer_1/Cast/ReadVariableOp:0=[1024, 512], 1
2026-01-29 11:09:37,009 - tf2onnx.tfonnx - DEBUG - Process node: point_net_1/feature_transform_1/feature_transform_dense_layer_1_dense_layer_1/batch_normalization_10_1/batchnorm/sub
OP=Const
Name=point_net_1/feature_transform_1/feature_transform_dense_layer_1_dense_layer_1/batch_normalization_10_1/batchnorm/sub
Outpus:
	point_net_1/feature_transform_1/feature_transform_dense_layer_1_dense_layer_1/batch_normalization_10_1/batchnorm/sub:0=[512], 1
2026-01-29 11:09:37,010 - tf2onnx.tfonnx - DEBUG - Process node: point_net_1/feature_transform_1/feature_transform_dense_layer_1_dense_layer_1/batch_normalization_10_1/batchnorm/mul
OP=Const
Name=point_net_1/feature_transform_1/feature_transform_dense_layer_1_dense_layer_1/batch_normalization_10_1/batchnorm/mul
Outpus:
	point_net_1/feature_transform_1/feature_transform_dense_layer_1_dense_layer_1/batch_normalization_10_1/batchnorm/mul:0=[512], 1
2026-01-29 11:09:37,010 - tf2onnx.tfonnx - DEBUG - Process node: point_net_1/feature_transform_1/feature_transform_convolution_layer_3_convolution_layer_1/feature_transform_convolution_layer_3_convolution_layer_1/convolution/merged_input
OP=Const
Name=point_net_1/feature_transform_1/feature_transform_convolution_layer_3_convolution_layer_1/feature_transform_convolution_layer_3_convolution_layer_1/convolution/merged_input
Outpus:
	point_net_1/feature_transform_1/feature_transform_convolution_layer_3_convolution_layer_1/feature_transform_convolution_layer_3_convolution_layer_1/convolution/merged_input:0=[1, 1, 128, 1024], 1
2026-01-29 11:09:37,010 - tf2onnx.tfonnx - DEBUG - Process node: point_net_1/feature_transform_1/feature_transform_convolution_layer_3_convolution_layer_1/batch_normalization_9_1/batchnorm/sub
OP=Const
Name=point_net_1/feature_transform_1/feature_transform_convolution_layer_3_convolution_layer_1/batch_normalization_9_1/batchnorm/sub
Outpus:
	point_net_1/feature_transform_1/feature_transform_convolution_layer_3_convolution_layer_1/batch_normalization_9_1/batchnorm/sub:0=[1024], 1
2026-01-29 11:09:37,010 - tf2onnx.tfonnx - DEBUG - Process node: point_net_1/feature_transform_1/feature_transform_convolution_layer_2_convolution_layer_1/feature_transform_convolution_layer_2_convolution_layer_1/convolution/merged_input
OP=Const
Name=point_net_1/feature_transform_1/feature_transform_convolution_layer_2_convolution_layer_1/feature_transform_convolution_layer_2_convolution_layer_1/convolution/merged_input
Outpus:
	point_net_1/feature_transform_1/feature_transform_convolution_layer_2_convolution_layer_1/feature_transform_convolution_layer_2_convolution_layer_1/convolution/merged_input:0=[1, 1, 64, 128], 1
2026-01-29 11:09:37,011 - tf2onnx.tfonnx - DEBUG - Process node: point_net_1/feature_transform_1/feature_transform_convolution_layer_2_convolution_layer_1/batch_normalization_8_1/batchnorm/sub
OP=Const
Name=point_net_1/feature_transform_1/feature_transform_convolution_layer_2_convolution_layer_1/batch_normalization_8_1/batchnorm/sub
Outpus:
	point_net_1/feature_transform_1/feature_transform_convolution_layer_2_convolution_layer_1/batch_normalization_8_1/batchnorm/sub:0=[128], 1
2026-01-29 11:09:37,011 - tf2onnx.tfonnx - DEBUG - Process node: point_net_1/feature_transform_1/feature_transform_convolution_layer_1_convolution_layer_1/feature_transform_convolution_layer_1_convolution_layer_1/convolution/merged_input
OP=Const
Name=point_net_1/feature_transform_1/feature_transform_convolution_layer_1_convolution_layer_1/feature_transform_convolution_layer_1_convolution_layer_1/convolution/merged_input
Outpus:
	point_net_1/feature_transform_1/feature_transform_convolution_layer_1_convolution_layer_1/feature_transform_convolution_layer_1_convolution_layer_1/convolution/merged_input:0=[1, 1, 64, 64], 1
2026-01-29 11:09:37,011 - tf2onnx.tfonnx - DEBUG - Process node: point_net_1/feature_transform_1/feature_transform_convolution_layer_1_convolution_layer_1/batch_normalization_7_1/batchnorm/sub
OP=Const
Name=point_net_1/feature_transform_1/feature_transform_convolution_layer_1_convolution_layer_1/batch_normalization_7_1/batchnorm/sub
Outpus:
	point_net_1/feature_transform_1/feature_transform_convolution_layer_1_convolution_layer_1/batch_normalization_7_1/batchnorm/sub:0=[64], 1
2026-01-29 11:09:37,012 - tf2onnx.tfonnx - DEBUG - Process node: point_net_1/feature_transform_1/add/ReadVariableOp
OP=Const
Name=point_net_1/feature_transform_1/add/ReadVariableOp
Outpus:
	point_net_1/feature_transform_1/add/ReadVariableOp:0=[64, 64], 1
2026-01-29 11:09:37,012 - tf2onnx.tfonnx - DEBUG - Process node: point_net_1/feature_transform_1/Reshape/shape
OP=Const
Name=point_net_1/feature_transform_1/Reshape/shape
Outpus:
	point_net_1/feature_transform_1/Reshape/shape:0=[3], 6
2026-01-29 11:09:37,012 - tf2onnx.tfonnx - DEBUG - Process node: point_net_1/feature_transform_1/Max/reduction_indices
OP=Const
Name=point_net_1/feature_transform_1/Max/reduction_indices
Outpus:
	point_net_1/feature_transform_1/Max/reduction_indices:0=[], 6
2026-01-29 11:09:37,012 - tf2onnx.tfonnx - DEBUG - Process node: point_net_1/feature_transform_1/MatMul/ReadVariableOp
OP=Const
Name=point_net_1/feature_transform_1/MatMul/ReadVariableOp
Outpus:
	point_net_1/feature_transform_1/MatMul/ReadVariableOp:0=[256, 4096], 1
2026-01-29 11:09:37,012 - tf2onnx.tfonnx - DEBUG - Process node: point_net_1/feature_transform_1/ExpandDims_1/dim
OP=Const
Name=point_net_1/feature_transform_1/ExpandDims_1/dim
Outpus:
	point_net_1/feature_transform_1/ExpandDims_1/dim:0=[], 6
2026-01-29 11:09:37,013 - tf2onnx.tfonnx - DEBUG - Process node: point_net_1/feature_transform_1/ExpandDims/dim
OP=Const
Name=point_net_1/feature_transform_1/ExpandDims/dim
Outpus:
	point_net_1/feature_transform_1/ExpandDims/dim:0=[], 6
2026-01-29 11:09:37,013 - tf2onnx.tfonnx - DEBUG - Process node: point_net_1/concat/axis
OP=Const
Name=point_net_1/concat/axis
Outpus:
	point_net_1/concat/axis:0=[], 6
2026-01-29 11:09:37,013 - tf2onnx.tfonnx - DEBUG - Process node: point_net_1/Tile/multiples
OP=Const
Name=point_net_1/Tile/multiples
Outpus:
	point_net_1/Tile/multiples:0=[3], 6
2026-01-29 11:09:37,014 - tf2onnx.tfonnx - DEBUG - Process node: point_net_1/Max/reduction_indices
OP=Const
Name=point_net_1/Max/reduction_indices
Outpus:
	point_net_1/Max/reduction_indices:0=[], 6
2026-01-29 11:09:37,014 - tf2onnx.tfonnx - DEBUG - Process node: point_net_1/ExpandDims_3/dim
OP=Const
Name=point_net_1/ExpandDims_3/dim
Outpus:
	point_net_1/ExpandDims_3/dim:0=[], 6
2026-01-29 11:09:37,014 - tf2onnx.tfonnx - DEBUG - Process node: point_net_1/ExpandDims_2/dim
OP=Const
Name=point_net_1/ExpandDims_2/dim
Outpus:
	point_net_1/ExpandDims_2/dim:0=[], 6
2026-01-29 11:09:37,015 - tf2onnx.tfonnx - DEBUG - Process node: point_net_1/ExpandDims_1/dim
OP=Const
Name=point_net_1/ExpandDims_1/dim
Outpus:
	point_net_1/ExpandDims_1/dim:0=[], 6
2026-01-29 11:09:37,015 - tf2onnx.tfonnx - DEBUG - Process node: point_net_1/ExpandDims/dim
OP=Const
Name=point_net_1/ExpandDims/dim
Outpus:
	point_net_1/ExpandDims/dim:0=[], 6
2026-01-29 11:09:37,015 - tf2onnx.tfonnx - DEBUG - Process node: args_0
OP=Placeholder
Name=args_0
Outpus:
	args_0=[-1, 8192, 3], 1
2026-01-29 11:09:37,015 - tf2onnx.tfonnx - DEBUG - Process node: point_net_1/input_normalization_1/Mean
OP=Mean
Name=point_net_1/input_normalization_1/Mean
Inputs:
	args_0=Placeholder, [-1, 8192, 3], 1
	point_net_1/input_normalization_1/Mean/reduction_indices:0=Const, [], 6
Outpus:
	point_net_1/input_normalization_1/Mean:0=[-1, 1, 3], 1
2026-01-29 11:09:37,016 - tf2onnx.tfonnx - DEBUG - Process node: point_net_1/input_normalization_1/sub
OP=Sub
Name=point_net_1/input_normalization_1/sub
Inputs:
	args_0=Placeholder, [-1, 8192, 3], 1
	point_net_1/input_normalization_1/Mean:0=ReduceMean, [-1, 1, 3], 1
Outpus:
	point_net_1/input_normalization_1/sub:0=[-1, 8192, 3], 1
2026-01-29 11:09:37,016 - tf2onnx.tfonnx - DEBUG - Process node: point_net_1/input_normalization_1/Square
OP=Square
Name=point_net_1/input_normalization_1/Square
Inputs:
	point_net_1/input_normalization_1/sub:0=Sub, [-1, 8192, 3], 1
Outpus:
	point_net_1/input_normalization_1/Square:0=[-1, 8192, 3], 1
2026-01-29 11:09:37,017 - tf2onnx.tfonnx - DEBUG - Process node: point_net_1/input_normalization_1/Sum
OP=Sum
Name=point_net_1/input_normalization_1/Sum
Inputs:
	point_net_1/input_normalization_1/Square:0=Mul, [-1, 8192, 3], 1
	point_net_1/input_normalization_1/Sum/reduction_indices:0=Const, [], 6
Outpus:
	point_net_1/input_normalization_1/Sum:0=[-1, 8192], 1
2026-01-29 11:09:37,017 - tf2onnx.graph - DEBUG - Making node: Name=point_net_1/input_normalization_1/Sum__10, OP=Cast
2026-01-29 11:09:37,017 - tf2onnx.graph - DEBUG - Infer shape and dtype for [point_net_1/input_normalization_1/Sum__10]
2026-01-29 11:09:37,018 - tf2onnx.graph - DEBUG - Set dtype of [point_net_1/input_normalization_1/Sum__10:0] to 7
2026-01-29 11:09:37,018 - tf2onnx.graph - DEBUG - Set shape of [point_net_1/input_normalization_1/Sum__10:0] to []
2026-01-29 11:09:37,018 - tf2onnx.graph - DEBUG - Made node: point_net_1/input_normalization_1/Sum__10
OP=Cast
Name=point_net_1/input_normalization_1/Sum__10
Inputs:
	point_net_1/input_normalization_1/Sum/reduction_indices:0=Const, [], 6
Outpus:
	point_net_1/input_normalization_1/Sum__10:0=[], 7
2026-01-29 11:09:37,019 - tf2onnx.graph - DEBUG - Making node: Name=reshape_const__11, OP=Const
2026-01-29 11:09:37,019 - tf2onnx.graph - DEBUG - Made node: reshape_const__11
OP=Const
Name=reshape_const__11
Outpus:
	reshape_const__11=None, 7
2026-01-29 11:09:37,019 - tf2onnx.graph - DEBUG - Making node: Name=point_net_1/input_normalization_1/Sum__12, OP=Reshape
2026-01-29 11:09:37,020 - tf2onnx.graph - DEBUG - Infer shape and dtype for [point_net_1/input_normalization_1/Sum__12]
2026-01-29 11:09:37,020 - tf2onnx.graph - DEBUG - Set dtype of [point_net_1/input_normalization_1/Sum__12:0] to 7
2026-01-29 11:09:37,020 - tf2onnx.graph - DEBUG - Set shape of [point_net_1/input_normalization_1/Sum__12:0] to [1]
2026-01-29 11:09:37,021 - tf2onnx.graph - DEBUG - Made node: point_net_1/input_normalization_1/Sum__12
OP=Reshape
Name=point_net_1/input_normalization_1/Sum__12
Inputs:
	point_net_1/input_normalization_1/Sum__10:0=Cast, [], 7
	reshape_const__11=Const, [1], 7
Outpus:
	point_net_1/input_normalization_1/Sum__12:0=[1], 7
2026-01-29 11:09:37,021 - tf2onnx.tfonnx - DEBUG - Process node: point_net_1/input_normalization_1/Sqrt
OP=Sqrt
Name=point_net_1/input_normalization_1/Sqrt
Inputs:
	point_net_1/input_normalization_1/Sum:0=ReduceSum, [-1, 8192], 1
Outpus:
	point_net_1/input_normalization_1/Sqrt:0=[-1, 8192], 1
2026-01-29 11:09:37,021 - tf2onnx.tfonnx - DEBUG - Process node: point_net_1/input_normalization_1/Max
OP=Max
Name=point_net_1/input_normalization_1/Max
Inputs:
	point_net_1/input_normalization_1/Sqrt:0=Sqrt, [-1, 8192], 1
	point_net_1/input_normalization_1/Max/reduction_indices:0=Const, [], 6
Outpus:
	point_net_1/input_normalization_1/Max:0=[-1, 1], 1
2026-01-29 11:09:37,022 - tf2onnx.tfonnx - DEBUG - Process node: point_net_1/input_normalization_1/ExpandDims
OP=ExpandDims
Name=point_net_1/input_normalization_1/ExpandDims
Inputs:
	point_net_1/input_normalization_1/Max:0=ReduceMax, [-1, 1], 1
	point_net_1/input_normalization_1/ExpandDims/dim:0=Const, [], 6
Outpus:
	point_net_1/input_normalization_1/ExpandDims:0=[-1, 1, 1], 1
2026-01-29 11:09:37,022 - tf2onnx.graph - DEBUG - Making node: Name=point_net_1/input_normalization_1/ExpandDims__13, OP=Cast
2026-01-29 11:09:37,022 - tf2onnx.graph - DEBUG - Infer shape and dtype for [point_net_1/input_normalization_1/ExpandDims__13]
2026-01-29 11:09:37,023 - tf2onnx.graph - DEBUG - Set dtype of [point_net_1/input_normalization_1/ExpandDims__13:0] to 7
2026-01-29 11:09:37,024 - tf2onnx.graph - DEBUG - Set shape of [point_net_1/input_normalization_1/ExpandDims__13:0] to []
2026-01-29 11:09:37,024 - tf2onnx.graph - DEBUG - Made node: point_net_1/input_normalization_1/ExpandDims__13
OP=Cast
Name=point_net_1/input_normalization_1/ExpandDims__13
Inputs:
	point_net_1/input_normalization_1/ExpandDims/dim:0=Const, [], 6
Outpus:
	point_net_1/input_normalization_1/ExpandDims__13:0=[], 7
2026-01-29 11:09:37,024 - tf2onnx.graph - DEBUG - Making node: Name=reshape_const__14, OP=Const
2026-01-29 11:09:37,025 - tf2onnx.graph - DEBUG - Made node: reshape_const__14
OP=Const
Name=reshape_const__14
Outpus:
	reshape_const__14=None, 7
2026-01-29 11:09:37,025 - tf2onnx.graph - DEBUG - Making node: Name=Reshape__15, OP=Reshape
2026-01-29 11:09:37,025 - tf2onnx.graph - DEBUG - Infer shape and dtype for [Reshape__15]
2026-01-29 11:09:37,026 - tf2onnx.graph - DEBUG - Set dtype of [Reshape__15:0] to 7
2026-01-29 11:09:37,026 - tf2onnx.graph - DEBUG - Set shape of [Reshape__15:0] to [1]
2026-01-29 11:09:37,026 - tf2onnx.graph - DEBUG - Made node: Reshape__15
OP=Reshape
Name=Reshape__15
Inputs:
	point_net_1/input_normalization_1/ExpandDims__13:0=Cast, [], 7
	reshape_const__14=Const, [1], 7
Outpus:
	Reshape__15:0=[1], 7
2026-01-29 11:09:37,026 - tf2onnx.tfonnx - DEBUG - Process node: point_net_1/input_normalization_1/Maximum
OP=Maximum
Name=point_net_1/input_normalization_1/Maximum
Inputs:
	point_net_1/input_normalization_1/ExpandDims:0=Unsqueeze, [-1, 1, 1], 1
	point_net_1/input_normalization_1/Maximum/y:0=Const, [], 1
Outpus:
	point_net_1/input_normalization_1/Maximum:0=[-1, 1, 1], 1
2026-01-29 11:09:37,026 - tf2onnx.tfonnx - DEBUG - Process node: point_net_1/input_normalization_1/truediv
OP=RealDiv
Name=point_net_1/input_normalization_1/truediv
Inputs:
	point_net_1/input_normalization_1/sub:0=Sub, [-1, 8192, 3], 1
	point_net_1/input_normalization_1/Maximum:0=Max, [-1, 1, 1], 1
Outpus:
	point_net_1/input_normalization_1/truediv:0=[-1, 8192, 3], 1
2026-01-29 11:09:37,027 - tf2onnx.tfonnx - DEBUG - Process node: point_net_1/input_transform_1/ExpandDims
OP=ExpandDims
Name=point_net_1/input_transform_1/ExpandDims
Inputs:
	point_net_1/input_normalization_1/truediv:0=Div, [-1, 8192, 3], 1
	point_net_1/input_transform_1/ExpandDims/dim:0=Const, [], 6
Outpus:
	point_net_1/input_transform_1/ExpandDims:0=[-1, 8192, 1, 3], 1
2026-01-29 11:09:37,027 - tf2onnx.graph - DEBUG - Making node: Name=point_net_1/input_transform_1/ExpandDims__16, OP=Cast
2026-01-29 11:09:37,028 - tf2onnx.graph - DEBUG - Infer shape and dtype for [point_net_1/input_transform_1/ExpandDims__16]
2026-01-29 11:09:37,028 - tf2onnx.graph - DEBUG - Set dtype of [point_net_1/input_transform_1/ExpandDims__16:0] to 7
2026-01-29 11:09:37,028 - tf2onnx.graph - DEBUG - Set shape of [point_net_1/input_transform_1/ExpandDims__16:0] to []
2026-01-29 11:09:37,029 - tf2onnx.graph - DEBUG - Made node: point_net_1/input_transform_1/ExpandDims__16
OP=Cast
Name=point_net_1/input_transform_1/ExpandDims__16
Inputs:
	point_net_1/input_transform_1/ExpandDims/dim:0=Const, [], 6
Outpus:
	point_net_1/input_transform_1/ExpandDims__16:0=[], 7
2026-01-29 11:09:37,029 - tf2onnx.graph - DEBUG - Making node: Name=reshape_const__17, OP=Const
2026-01-29 11:09:37,029 - tf2onnx.graph - DEBUG - Made node: reshape_const__17
OP=Const
Name=reshape_const__17
Outpus:
	reshape_const__17=None, 7
2026-01-29 11:09:37,029 - tf2onnx.graph - DEBUG - Making node: Name=Reshape__18, OP=Reshape
2026-01-29 11:09:37,029 - tf2onnx.graph - DEBUG - Infer shape and dtype for [Reshape__18]
2026-01-29 11:09:37,030 - tf2onnx.graph - DEBUG - Set dtype of [Reshape__18:0] to 7
2026-01-29 11:09:37,030 - tf2onnx.graph - DEBUG - Set shape of [Reshape__18:0] to [1]
2026-01-29 11:09:37,030 - tf2onnx.graph - DEBUG - Made node: Reshape__18
OP=Reshape
Name=Reshape__18
Inputs:
	point_net_1/input_transform_1/ExpandDims__16:0=Cast, [], 7
	reshape_const__17=Const, [1], 7
Outpus:
	Reshape__18:0=[1], 7
2026-01-29 11:09:37,030 - tf2onnx.tfonnx - DEBUG - Process node: point_net_1/input_transform_1/input_transform_convolution_layer_1_convolution_layer_1/batch_normalization_1/batchnorm/mul_1
OP=Conv2D
Name=point_net_1/input_transform_1/input_transform_convolution_layer_1_convolution_layer_1/batch_normalization_1/batchnorm/mul_1
Inputs:
	point_net_1/input_transform_1/ExpandDims:0=Unsqueeze, [-1, 8192, 1, 3], 1
	point_net_1/input_transform_1/input_transform_convolution_layer_1_convolution_layer_1/input_transform_convolution_layer_1_convolution_layer_1/convolution/merged_input:0=Const, [1, 1, 3, 64], 1
Outpus:
	point_net_1/input_transform_1/input_transform_convolution_layer_1_convolution_layer_1/batch_normalization_1/batchnorm/mul_1:0=[-1, 8192, 1, 64], 1
2026-01-29 11:09:37,030 - tf2onnx.graph - DEBUG - Making node: Name=point_net_1/input_transform_1/input_transform_convolution_layer_1_convolution_layer_1/batch_normalization_1/batchnorm/mul_1__19, OP=Transpose
2026-01-29 11:09:37,031 - tf2onnx.graph - DEBUG - Infer shape and dtype for [point_net_1/input_transform_1/input_transform_convolution_layer_1_convolution_layer_1/batch_normalization_1/batchnorm/mul_1__19]
2026-01-29 11:09:37,031 - tf2onnx.graph - DEBUG - Set dtype of [point_net_1/input_transform_1/input_transform_convolution_layer_1_convolution_layer_1/batch_normalization_1/batchnorm/mul_1__19:0] to 1
2026-01-29 11:09:37,031 - tf2onnx.graph - DEBUG - Set shape of [point_net_1/input_transform_1/input_transform_convolution_layer_1_convolution_layer_1/batch_normalization_1/batchnorm/mul_1__19:0] to [3, 1, 8192, -1]
2026-01-29 11:09:37,031 - tf2onnx.graph - DEBUG - Made node: point_net_1/input_transform_1/input_transform_convolution_layer_1_convolution_layer_1/batch_normalization_1/batchnorm/mul_1__19
OP=Transpose
Name=point_net_1/input_transform_1/input_transform_convolution_layer_1_convolution_layer_1/batch_normalization_1/batchnorm/mul_1__19
Inputs:
	point_net_1/input_transform_1/ExpandDims:0=Unsqueeze, [-1, 8192, 1, 3], 1
Outpus:
	point_net_1/input_transform_1/input_transform_convolution_layer_1_convolution_layer_1/batch_normalization_1/batchnorm/mul_1__19:0=[3, 1, 8192, -1], 1
2026-01-29 11:09:37,032 - tf2onnx.graph - DEBUG - Making node: Name=point_net_1/input_transform_1/input_transform_convolution_layer_1_convolution_layer_1/batch_normalization_1/batchnorm/mul_1__21, OP=Transpose
2026-01-29 11:09:37,032 - tf2onnx.graph - DEBUG - Infer shape and dtype for [point_net_1/input_transform_1/input_transform_convolution_layer_1_convolution_layer_1/batch_normalization_1/batchnorm/mul_1__21]
2026-01-29 11:09:37,032 - tf2onnx.graph - DEBUG - Set dtype of [point_net_1/input_transform_1/input_transform_convolution_layer_1_convolution_layer_1/batch_normalization_1/batchnorm/mul_1__21:0] to 1
2026-01-29 11:09:37,032 - tf2onnx.graph - DEBUG - Set shape of [point_net_1/input_transform_1/input_transform_convolution_layer_1_convolution_layer_1/batch_normalization_1/batchnorm/mul_1__21:0] to [64, 1, 8192, -1]
2026-01-29 11:09:37,033 - tf2onnx.graph - DEBUG - Made node: point_net_1/input_transform_1/input_transform_convolution_layer_1_convolution_layer_1/batch_normalization_1/batchnorm/mul_1__21
OP=Transpose
Name=point_net_1/input_transform_1/input_transform_convolution_layer_1_convolution_layer_1/batch_normalization_1/batchnorm/mul_1__21
Inputs:
	point_net_1/input_transform_1/input_transform_convolution_layer_1_convolution_layer_1/batch_normalization_1/batchnorm/mul_1:0=Conv, [-1, 8192, 1, 64], 1
Outpus:
	point_net_1/input_transform_1/input_transform_convolution_layer_1_convolution_layer_1/batch_normalization_1/batchnorm/mul_1__21:0=[64, 1, 8192, -1], 1
2026-01-29 11:09:37,033 - tf2onnx.tfonnx - DEBUG - Process node: point_net_1/input_transform_1/input_transform_convolution_layer_1_convolution_layer_1/batch_normalization_1/batchnorm/add_1
OP=AddV2
Name=point_net_1/input_transform_1/input_transform_convolution_layer_1_convolution_layer_1/batch_normalization_1/batchnorm/add_1
Inputs:
	point_net_1/input_transform_1/input_transform_convolution_layer_1_convolution_layer_1/batch_normalization_1/batchnorm/mul_1__21:0=Transpose, [-1, 8192, 1, 64], 1
	point_net_1/input_transform_1/input_transform_convolution_layer_1_convolution_layer_1/batch_normalization_1/batchnorm/sub:0=Const, [64], 1
Outpus:
	point_net_1/input_transform_1/input_transform_convolution_layer_1_convolution_layer_1/batch_normalization_1/batchnorm/add_1:0=[-1, 8192, 1, 64], 1
2026-01-29 11:09:37,033 - tf2onnx.tfonnx - DEBUG - Process node: point_net_1/input_transform_1/input_transform_convolution_layer_1_convolution_layer_1/Relu
OP=Relu
Name=point_net_1/input_transform_1/input_transform_convolution_layer_1_convolution_layer_1/Relu
Inputs:
	point_net_1/input_transform_1/input_transform_convolution_layer_1_convolution_layer_1/batch_normalization_1/batchnorm/add_1:0=Add, [-1, 8192, 1, 64], 1
Outpus:
	point_net_1/input_transform_1/input_transform_convolution_layer_1_convolution_layer_1/Relu:0=[-1, 8192, 1, 64], 1
2026-01-29 11:09:37,034 - tf2onnx.tfonnx - DEBUG - Process node: point_net_1/input_transform_1/input_transform_convolution_layer_2_convolution_layer_1/batch_normalization_1_1/batchnorm/mul_1
OP=Conv2D
Name=point_net_1/input_transform_1/input_transform_convolution_layer_2_convolution_layer_1/batch_normalization_1_1/batchnorm/mul_1
Inputs:
	point_net_1/input_transform_1/input_transform_convolution_layer_1_convolution_layer_1/Relu:0=Relu, [-1, 8192, 1, 64], 1
	point_net_1/input_transform_1/input_transform_convolution_layer_2_convolution_layer_1/input_transform_convolution_layer_2_convolution_layer_1/convolution/merged_input:0=Const, [1, 1, 64, 128], 1
Outpus:
	point_net_1/input_transform_1/input_transform_convolution_layer_2_convolution_layer_1/batch_normalization_1_1/batchnorm/mul_1:0=[-1, 8192, 1, 128], 1
2026-01-29 11:09:37,034 - tf2onnx.graph - DEBUG - Making node: Name=point_net_1/input_transform_1/input_transform_convolution_layer_2_convolution_layer_1/batch_normalization_1_1/batchnorm/mul_1__23, OP=Transpose
2026-01-29 11:09:37,034 - tf2onnx.graph - DEBUG - Infer shape and dtype for [point_net_1/input_transform_1/input_transform_convolution_layer_2_convolution_layer_1/batch_normalization_1_1/batchnorm/mul_1__23]
2026-01-29 11:09:37,034 - tf2onnx.graph - DEBUG - Set dtype of [point_net_1/input_transform_1/input_transform_convolution_layer_2_convolution_layer_1/batch_normalization_1_1/batchnorm/mul_1__23:0] to 1
2026-01-29 11:09:37,035 - tf2onnx.graph - DEBUG - Set shape of [point_net_1/input_transform_1/input_transform_convolution_layer_2_convolution_layer_1/batch_normalization_1_1/batchnorm/mul_1__23:0] to [64, 1, 8192, -1]
2026-01-29 11:09:37,035 - tf2onnx.graph - DEBUG - Made node: point_net_1/input_transform_1/input_transform_convolution_layer_2_convolution_layer_1/batch_normalization_1_1/batchnorm/mul_1__23
OP=Transpose
Name=point_net_1/input_transform_1/input_transform_convolution_layer_2_convolution_layer_1/batch_normalization_1_1/batchnorm/mul_1__23
Inputs:
	point_net_1/input_transform_1/input_transform_convolution_layer_1_convolution_layer_1/Relu:0=Relu, [-1, 8192, 1, 64], 1
Outpus:
	point_net_1/input_transform_1/input_transform_convolution_layer_2_convolution_layer_1/batch_normalization_1_1/batchnorm/mul_1__23:0=[64, 1, 8192, -1], 1
2026-01-29 11:09:37,035 - tf2onnx.graph - DEBUG - Making node: Name=point_net_1/input_transform_1/input_transform_convolution_layer_2_convolution_layer_1/batch_normalization_1_1/batchnorm/mul_1__25, OP=Transpose
2026-01-29 11:09:37,035 - tf2onnx.graph - DEBUG - Infer shape and dtype for [point_net_1/input_transform_1/input_transform_convolution_layer_2_convolution_layer_1/batch_normalization_1_1/batchnorm/mul_1__25]
2026-01-29 11:09:37,036 - tf2onnx.graph - DEBUG - Set dtype of [point_net_1/input_transform_1/input_transform_convolution_layer_2_convolution_layer_1/batch_normalization_1_1/batchnorm/mul_1__25:0] to 1
2026-01-29 11:09:37,036 - tf2onnx.graph - DEBUG - Set shape of [point_net_1/input_transform_1/input_transform_convolution_layer_2_convolution_layer_1/batch_normalization_1_1/batchnorm/mul_1__25:0] to [128, 1, 8192, -1]
2026-01-29 11:09:37,036 - tf2onnx.graph - DEBUG - Made node: point_net_1/input_transform_1/input_transform_convolution_layer_2_convolution_layer_1/batch_normalization_1_1/batchnorm/mul_1__25
OP=Transpose
Name=point_net_1/input_transform_1/input_transform_convolution_layer_2_convolution_layer_1/batch_normalization_1_1/batchnorm/mul_1__25
Inputs:
	point_net_1/input_transform_1/input_transform_convolution_layer_2_convolution_layer_1/batch_normalization_1_1/batchnorm/mul_1:0=Conv, [-1, 8192, 1, 128], 1
Outpus:
	point_net_1/input_transform_1/input_transform_convolution_layer_2_convolution_layer_1/batch_normalization_1_1/batchnorm/mul_1__25:0=[128, 1, 8192, -1], 1
2026-01-29 11:09:37,036 - tf2onnx.tfonnx - DEBUG - Process node: point_net_1/input_transform_1/input_transform_convolution_layer_2_convolution_layer_1/batch_normalization_1_1/batchnorm/add_1
OP=AddV2
Name=point_net_1/input_transform_1/input_transform_convolution_layer_2_convolution_layer_1/batch_normalization_1_1/batchnorm/add_1
Inputs:
	point_net_1/input_transform_1/input_transform_convolution_layer_2_convolution_layer_1/batch_normalization_1_1/batchnorm/mul_1__25:0=Transpose, [-1, 8192, 1, 128], 1
	point_net_1/input_transform_1/input_transform_convolution_layer_2_convolution_layer_1/batch_normalization_1_1/batchnorm/sub:0=Const, [128], 1
Outpus:
	point_net_1/input_transform_1/input_transform_convolution_layer_2_convolution_layer_1/batch_normalization_1_1/batchnorm/add_1:0=[-1, 8192, 1, 128], 1
2026-01-29 11:09:37,037 - tf2onnx.tfonnx - DEBUG - Process node: point_net_1/input_transform_1/input_transform_convolution_layer_2_convolution_layer_1/Relu
OP=Relu
Name=point_net_1/input_transform_1/input_transform_convolution_layer_2_convolution_layer_1/Relu
Inputs:
	point_net_1/input_transform_1/input_transform_convolution_layer_2_convolution_layer_1/batch_normalization_1_1/batchnorm/add_1:0=Add, [-1, 8192, 1, 128], 1
Outpus:
	point_net_1/input_transform_1/input_transform_convolution_layer_2_convolution_layer_1/Relu:0=[-1, 8192, 1, 128], 1
2026-01-29 11:09:37,037 - tf2onnx.tfonnx - DEBUG - Process node: point_net_1/input_transform_1/input_transform_convolution_layer_3_convolution_layer_1/batch_normalization_2_1/batchnorm/mul_1
OP=Conv2D
Name=point_net_1/input_transform_1/input_transform_convolution_layer_3_convolution_layer_1/batch_normalization_2_1/batchnorm/mul_1
Inputs:
	point_net_1/input_transform_1/input_transform_convolution_layer_2_convolution_layer_1/Relu:0=Relu, [-1, 8192, 1, 128], 1
	point_net_1/input_transform_1/input_transform_convolution_layer_3_convolution_layer_1/input_transform_convolution_layer_3_convolution_layer_1/convolution/merged_input:0=Const, [1, 1, 128, 1024], 1
Outpus:
	point_net_1/input_transform_1/input_transform_convolution_layer_3_convolution_layer_1/batch_normalization_2_1/batchnorm/mul_1:0=[-1, 8192, 1, 1024], 1
2026-01-29 11:09:37,037 - tf2onnx.graph - DEBUG - Making node: Name=point_net_1/input_transform_1/input_transform_convolution_layer_3_convolution_layer_1/batch_normalization_2_1/batchnorm/mul_1__27, OP=Transpose
2026-01-29 11:09:37,037 - tf2onnx.graph - DEBUG - Infer shape and dtype for [point_net_1/input_transform_1/input_transform_convolution_layer_3_convolution_layer_1/batch_normalization_2_1/batchnorm/mul_1__27]
2026-01-29 11:09:37,038 - tf2onnx.graph - DEBUG - Set dtype of [point_net_1/input_transform_1/input_transform_convolution_layer_3_convolution_layer_1/batch_normalization_2_1/batchnorm/mul_1__27:0] to 1
2026-01-29 11:09:37,038 - tf2onnx.graph - DEBUG - Set shape of [point_net_1/input_transform_1/input_transform_convolution_layer_3_convolution_layer_1/batch_normalization_2_1/batchnorm/mul_1__27:0] to [128, 1, 8192, -1]
2026-01-29 11:09:37,038 - tf2onnx.graph - DEBUG - Made node: point_net_1/input_transform_1/input_transform_convolution_layer_3_convolution_layer_1/batch_normalization_2_1/batchnorm/mul_1__27
OP=Transpose
Name=point_net_1/input_transform_1/input_transform_convolution_layer_3_convolution_layer_1/batch_normalization_2_1/batchnorm/mul_1__27
Inputs:
	point_net_1/input_transform_1/input_transform_convolution_layer_2_convolution_layer_1/Relu:0=Relu, [-1, 8192, 1, 128], 1
Outpus:
	point_net_1/input_transform_1/input_transform_convolution_layer_3_convolution_layer_1/batch_normalization_2_1/batchnorm/mul_1__27:0=[128, 1, 8192, -1], 1
2026-01-29 11:09:37,039 - tf2onnx.graph - DEBUG - Making node: Name=point_net_1/input_transform_1/input_transform_convolution_layer_3_convolution_layer_1/batch_normalization_2_1/batchnorm/mul_1__29, OP=Transpose
2026-01-29 11:09:37,040 - tf2onnx.graph - DEBUG - Infer shape and dtype for [point_net_1/input_transform_1/input_transform_convolution_layer_3_convolution_layer_1/batch_normalization_2_1/batchnorm/mul_1__29]
2026-01-29 11:09:37,041 - tf2onnx.graph - DEBUG - Set dtype of [point_net_1/input_transform_1/input_transform_convolution_layer_3_convolution_layer_1/batch_normalization_2_1/batchnorm/mul_1__29:0] to 1
2026-01-29 11:09:37,041 - tf2onnx.graph - DEBUG - Set shape of [point_net_1/input_transform_1/input_transform_convolution_layer_3_convolution_layer_1/batch_normalization_2_1/batchnorm/mul_1__29:0] to [1024, 1, 8192, -1]
2026-01-29 11:09:37,041 - tf2onnx.graph - DEBUG - Made node: point_net_1/input_transform_1/input_transform_convolution_layer_3_convolution_layer_1/batch_normalization_2_1/batchnorm/mul_1__29
OP=Transpose
Name=point_net_1/input_transform_1/input_transform_convolution_layer_3_convolution_layer_1/batch_normalization_2_1/batchnorm/mul_1__29
Inputs:
	point_net_1/input_transform_1/input_transform_convolution_layer_3_convolution_layer_1/batch_normalization_2_1/batchnorm/mul_1:0=Conv, [-1, 8192, 1, 1024], 1
Outpus:
	point_net_1/input_transform_1/input_transform_convolution_layer_3_convolution_layer_1/batch_normalization_2_1/batchnorm/mul_1__29:0=[1024, 1, 8192, -1], 1
2026-01-29 11:09:37,041 - tf2onnx.tfonnx - DEBUG - Process node: point_net_1/input_transform_1/input_transform_convolution_layer_3_convolution_layer_1/batch_normalization_2_1/batchnorm/add_1
OP=AddV2
Name=point_net_1/input_transform_1/input_transform_convolution_layer_3_convolution_layer_1/batch_normalization_2_1/batchnorm/add_1
Inputs:
	point_net_1/input_transform_1/input_transform_convolution_layer_3_convolution_layer_1/batch_normalization_2_1/batchnorm/mul_1__29:0=Transpose, [-1, 8192, 1, 1024], 1
	point_net_1/input_transform_1/input_transform_convolution_layer_3_convolution_layer_1/batch_normalization_2_1/batchnorm/sub:0=Const, [1024], 1
Outpus:
	point_net_1/input_transform_1/input_transform_convolution_layer_3_convolution_layer_1/batch_normalization_2_1/batchnorm/add_1:0=[-1, 8192, 1, 1024], 1
2026-01-29 11:09:37,041 - tf2onnx.tfonnx - DEBUG - Process node: point_net_1/input_transform_1/input_transform_convolution_layer_3_convolution_layer_1/Relu
OP=Relu
Name=point_net_1/input_transform_1/input_transform_convolution_layer_3_convolution_layer_1/Relu
Inputs:
	point_net_1/input_transform_1/input_transform_convolution_layer_3_convolution_layer_1/batch_normalization_2_1/batchnorm/add_1:0=Add, [-1, 8192, 1, 1024], 1
Outpus:
	point_net_1/input_transform_1/input_transform_convolution_layer_3_convolution_layer_1/Relu:0=[-1, 8192, 1, 1024], 1
2026-01-29 11:09:37,042 - tf2onnx.tfonnx - DEBUG - Process node: point_net_1/input_transform_1/Squeeze
OP=Squeeze
Name=point_net_1/input_transform_1/Squeeze
Inputs:
	point_net_1/input_transform_1/input_transform_convolution_layer_3_convolution_layer_1/Relu:0=Relu, [-1, 8192, 1, 1024], 1
Outpus:
	point_net_1/input_transform_1/Squeeze:0=[-1, 8192, 1024], 1
2026-01-29 11:09:37,042 - tf2onnx.graph - DEBUG - Making node: Name=axes_const__31, OP=Const
2026-01-29 11:09:37,042 - tf2onnx.graph - DEBUG - Made node: axes_const__31
OP=Const
Name=axes_const__31
Outpus:
	axes_const__31=None, 7
2026-01-29 11:09:37,043 - tf2onnx.tfonnx - DEBUG - Process node: point_net_1/input_transform_1/Max
OP=Max
Name=point_net_1/input_transform_1/Max
Inputs:
	point_net_1/input_transform_1/Squeeze:0=Squeeze, [-1, 8192, 1024], 1
	point_net_1/input_transform_1/Max/reduction_indices:0=Const, [], 6
Outpus:
	point_net_1/input_transform_1/Max:0=[-1, 1024], 1
2026-01-29 11:09:37,043 - tf2onnx.tfonnx - DEBUG - Process node: point_net_1/input_transform_1/input_transform_dense_layer_1_dense_layer_1/input_transform_dense_layer_1_dense_layer_1/MatMul
OP=MatMul
Name=point_net_1/input_transform_1/input_transform_dense_layer_1_dense_layer_1/input_transform_dense_layer_1_dense_layer_1/MatMul
Inputs:
	point_net_1/input_transform_1/Max:0=ReduceMax, [-1, 1024], 1
	point_net_1/input_transform_1/input_transform_dense_layer_1_dense_layer_1/input_transform_dense_layer_1_dense_layer_1/Cast/ReadVariableOp:0=Const, [1024, 512], 1
Outpus:
	point_net_1/input_transform_1/input_transform_dense_layer_1_dense_layer_1/input_transform_dense_layer_1_dense_layer_1/MatMul:0=[-1, 512], 1
2026-01-29 11:09:37,043 - tf2onnx.tfonnx - DEBUG - Process node: point_net_1/input_transform_1/input_transform_dense_layer_1_dense_layer_1/batch_normalization_3_1/batchnorm/mul_1
OP=Mul
Name=point_net_1/input_transform_1/input_transform_dense_layer_1_dense_layer_1/batch_normalization_3_1/batchnorm/mul_1
Inputs:
	point_net_1/input_transform_1/input_transform_dense_layer_1_dense_layer_1/input_transform_dense_layer_1_dense_layer_1/MatMul:0=MatMul, [-1, 512], 1
	point_net_1/input_transform_1/input_transform_dense_layer_1_dense_layer_1/batch_normalization_3_1/batchnorm/mul:0=Const, [512], 1
Outpus:
	point_net_1/input_transform_1/input_transform_dense_layer_1_dense_layer_1/batch_normalization_3_1/batchnorm/mul_1:0=[-1, 512], 1
2026-01-29 11:09:37,043 - tf2onnx.tfonnx - DEBUG - Process node: point_net_1/input_transform_1/input_transform_dense_layer_1_dense_layer_1/batch_normalization_3_1/batchnorm/add_1
OP=AddV2
Name=point_net_1/input_transform_1/input_transform_dense_layer_1_dense_layer_1/batch_normalization_3_1/batchnorm/add_1
Inputs:
	point_net_1/input_transform_1/input_transform_dense_layer_1_dense_layer_1/batch_normalization_3_1/batchnorm/mul_1:0=Mul, [-1, 512], 1
	point_net_1/input_transform_1/input_transform_dense_layer_1_dense_layer_1/batch_normalization_3_1/batchnorm/sub:0=Const, [512], 1
Outpus:
	point_net_1/input_transform_1/input_transform_dense_layer_1_dense_layer_1/batch_normalization_3_1/batchnorm/add_1:0=[-1, 512], 1
2026-01-29 11:09:37,043 - tf2onnx.tfonnx - DEBUG - Process node: point_net_1/input_transform_1/input_transform_dense_layer_1_dense_layer_1/Relu
OP=Relu
Name=point_net_1/input_transform_1/input_transform_dense_layer_1_dense_layer_1/Relu
Inputs:
	point_net_1/input_transform_1/input_transform_dense_layer_1_dense_layer_1/batch_normalization_3_1/batchnorm/add_1:0=Add, [-1, 512], 1
Outpus:
	point_net_1/input_transform_1/input_transform_dense_layer_1_dense_layer_1/Relu:0=[-1, 512], 1
2026-01-29 11:09:37,044 - tf2onnx.tfonnx - DEBUG - Process node: point_net_1/input_transform_1/input_transform_dense_layer_2_dense_layer_1/input_transform_dense_layer_2_dense_layer_1/MatMul
OP=MatMul
Name=point_net_1/input_transform_1/input_transform_dense_layer_2_dense_layer_1/input_transform_dense_layer_2_dense_layer_1/MatMul
Inputs:
	point_net_1/input_transform_1/input_transform_dense_layer_1_dense_layer_1/Relu:0=Relu, [-1, 512], 1
	point_net_1/input_transform_1/input_transform_dense_layer_2_dense_layer_1/input_transform_dense_layer_2_dense_layer_1/Cast/ReadVariableOp:0=Const, [512, 256], 1
Outpus:
	point_net_1/input_transform_1/input_transform_dense_layer_2_dense_layer_1/input_transform_dense_layer_2_dense_layer_1/MatMul:0=[-1, 256], 1
2026-01-29 11:09:37,044 - tf2onnx.tfonnx - DEBUG - Process node: point_net_1/input_transform_1/input_transform_dense_layer_2_dense_layer_1/batch_normalization_4_1/batchnorm/mul_1
OP=Mul
Name=point_net_1/input_transform_1/input_transform_dense_layer_2_dense_layer_1/batch_normalization_4_1/batchnorm/mul_1
Inputs:
	point_net_1/input_transform_1/input_transform_dense_layer_2_dense_layer_1/input_transform_dense_layer_2_dense_layer_1/MatMul:0=MatMul, [-1, 256], 1
	point_net_1/input_transform_1/input_transform_dense_layer_2_dense_layer_1/batch_normalization_4_1/batchnorm/mul:0=Const, [256], 1
Outpus:
	point_net_1/input_transform_1/input_transform_dense_layer_2_dense_layer_1/batch_normalization_4_1/batchnorm/mul_1:0=[-1, 256], 1
2026-01-29 11:09:37,044 - tf2onnx.tfonnx - DEBUG - Process node: point_net_1/input_transform_1/input_transform_dense_layer_2_dense_layer_1/batch_normalization_4_1/batchnorm/add_1
OP=AddV2
Name=point_net_1/input_transform_1/input_transform_dense_layer_2_dense_layer_1/batch_normalization_4_1/batchnorm/add_1
Inputs:
	point_net_1/input_transform_1/input_transform_dense_layer_2_dense_layer_1/batch_normalization_4_1/batchnorm/mul_1:0=Mul, [-1, 256], 1
	point_net_1/input_transform_1/input_transform_dense_layer_2_dense_layer_1/batch_normalization_4_1/batchnorm/sub:0=Const, [256], 1
Outpus:
	point_net_1/input_transform_1/input_transform_dense_layer_2_dense_layer_1/batch_normalization_4_1/batchnorm/add_1:0=[-1, 256], 1
2026-01-29 11:09:37,044 - tf2onnx.tfonnx - DEBUG - Process node: point_net_1/input_transform_1/input_transform_dense_layer_2_dense_layer_1/Relu
OP=Relu
Name=point_net_1/input_transform_1/input_transform_dense_layer_2_dense_layer_1/Relu
Inputs:
	point_net_1/input_transform_1/input_transform_dense_layer_2_dense_layer_1/batch_normalization_4_1/batchnorm/add_1:0=Add, [-1, 256], 1
Outpus:
	point_net_1/input_transform_1/input_transform_dense_layer_2_dense_layer_1/Relu:0=[-1, 256], 1
2026-01-29 11:09:37,044 - tf2onnx.tfonnx - DEBUG - Process node: point_net_1/input_transform_1/ExpandDims_1
OP=ExpandDims
Name=point_net_1/input_transform_1/ExpandDims_1
Inputs:
	point_net_1/input_transform_1/input_transform_dense_layer_2_dense_layer_1/Relu:0=Relu, [-1, 256], 1
	point_net_1/input_transform_1/ExpandDims_1/dim:0=Const, [], 6
Outpus:
	point_net_1/input_transform_1/ExpandDims_1:0=[-1, 1, 256], 1
2026-01-29 11:09:37,044 - tf2onnx.graph - DEBUG - Making node: Name=point_net_1/input_transform_1/ExpandDims_1__32, OP=Cast
2026-01-29 11:09:37,045 - tf2onnx.graph - DEBUG - Infer shape and dtype for [point_net_1/input_transform_1/ExpandDims_1__32]
2026-01-29 11:09:37,045 - tf2onnx.graph - DEBUG - Set dtype of [point_net_1/input_transform_1/ExpandDims_1__32:0] to 7
2026-01-29 11:09:37,045 - tf2onnx.graph - DEBUG - Set shape of [point_net_1/input_transform_1/ExpandDims_1__32:0] to []
2026-01-29 11:09:37,045 - tf2onnx.graph - DEBUG - Made node: point_net_1/input_transform_1/ExpandDims_1__32
OP=Cast
Name=point_net_1/input_transform_1/ExpandDims_1__32
Inputs:
	point_net_1/input_transform_1/ExpandDims_1/dim:0=Const, [], 6
Outpus:
	point_net_1/input_transform_1/ExpandDims_1__32:0=[], 7
2026-01-29 11:09:37,045 - tf2onnx.graph - DEBUG - Making node: Name=reshape_const__33, OP=Const
2026-01-29 11:09:37,046 - tf2onnx.graph - DEBUG - Made node: reshape_const__33
OP=Const
Name=reshape_const__33
Outpus:
	reshape_const__33=None, 7
2026-01-29 11:09:37,046 - tf2onnx.graph - DEBUG - Making node: Name=Reshape__34, OP=Reshape
2026-01-29 11:09:37,046 - tf2onnx.graph - DEBUG - Infer shape and dtype for [Reshape__34]
2026-01-29 11:09:37,046 - tf2onnx.graph - DEBUG - Set dtype of [Reshape__34:0] to 7
2026-01-29 11:09:37,046 - tf2onnx.graph - DEBUG - Set shape of [Reshape__34:0] to [1]
2026-01-29 11:09:37,046 - tf2onnx.graph - DEBUG - Made node: Reshape__34
OP=Reshape
Name=Reshape__34
Inputs:
	point_net_1/input_transform_1/ExpandDims_1__32:0=Cast, [], 7
	reshape_const__33=Const, [1], 7
Outpus:
	Reshape__34:0=[1], 7
2026-01-29 11:09:37,047 - tf2onnx.tfonnx - DEBUG - Process node: point_net_1/input_transform_1/MatMul
OP=BatchMatMulV2
Name=point_net_1/input_transform_1/MatMul
Inputs:
	point_net_1/input_transform_1/ExpandDims_1:0=Unsqueeze, [-1, 1, 256], 1
	point_net_1/input_transform_1/MatMul/ReadVariableOp:0=Const, [256, 9], 1
Outpus:
	point_net_1/input_transform_1/MatMul:0=[-1, 1, 9], 1
2026-01-29 11:09:37,047 - tf2onnx.tfonnx - DEBUG - Process node: point_net_1/input_transform_1/Squeeze_1
OP=Squeeze
Name=point_net_1/input_transform_1/Squeeze_1
Inputs:
	point_net_1/input_transform_1/MatMul:0=MatMul, [-1, 1, 9], 1
Outpus:
	point_net_1/input_transform_1/Squeeze_1:0=[-1, 9], 1
2026-01-29 11:09:37,047 - tf2onnx.graph - DEBUG - Making node: Name=axes_const__35, OP=Const
2026-01-29 11:09:37,047 - tf2onnx.graph - DEBUG - Made node: axes_const__35
OP=Const
Name=axes_const__35
Outpus:
	axes_const__35=None, 7
2026-01-29 11:09:37,048 - tf2onnx.tfonnx - DEBUG - Process node: point_net_1/input_transform_1/Reshape
OP=Reshape
Name=point_net_1/input_transform_1/Reshape
Inputs:
	point_net_1/input_transform_1/Squeeze_1:0=Squeeze, [-1, 9], 1
	point_net_1/input_transform_1/Reshape/shape:0=Const, [3], 6
Outpus:
	point_net_1/input_transform_1/Reshape:0=[-1, 3, 3], 1
2026-01-29 11:09:37,048 - tf2onnx.graph - DEBUG - Making node: Name=point_net_1/input_transform_1/Reshape__36, OP=Cast
2026-01-29 11:09:37,048 - tf2onnx.graph - DEBUG - Infer shape and dtype for [point_net_1/input_transform_1/Reshape__36]
2026-01-29 11:09:37,048 - tf2onnx.graph - DEBUG - Set dtype of [point_net_1/input_transform_1/Reshape__36:0] to 7
2026-01-29 11:09:37,048 - tf2onnx.graph - DEBUG - Set shape of [point_net_1/input_transform_1/Reshape__36:0] to [3]
2026-01-29 11:09:37,049 - tf2onnx.graph - DEBUG - Made node: point_net_1/input_transform_1/Reshape__36
OP=Cast
Name=point_net_1/input_transform_1/Reshape__36
Inputs:
	point_net_1/input_transform_1/Reshape/shape:0=Const, [3], 6
Outpus:
	point_net_1/input_transform_1/Reshape__36:0=[3], 7
2026-01-29 11:09:37,049 - tf2onnx.tfonnx - DEBUG - Process node: point_net_1/input_transform_1/add
OP=AddV2
Name=point_net_1/input_transform_1/add
Inputs:
	point_net_1/input_transform_1/Reshape:0=Reshape, [-1, 3, 3], 1
	point_net_1/input_transform_1/add/ReadVariableOp:0=Const, [3, 3], 1
Outpus:
	point_net_1/input_transform_1/add:0=[-1, 3, 3], 1
2026-01-29 11:09:37,049 - tf2onnx.tfonnx - DEBUG - Process node: point_net_1/MatMul
OP=BatchMatMulV2
Name=point_net_1/MatMul
Inputs:
	point_net_1/input_normalization_1/truediv:0=Div, [-1, 8192, 3], 1
	point_net_1/input_transform_1/add:0=Add, [-1, 3, 3], 1
Outpus:
	point_net_1/MatMul:0=[-1, 8192, 3], 1
2026-01-29 11:09:37,049 - tf2onnx.tfonnx - DEBUG - Process node: point_net_1/ExpandDims
OP=ExpandDims
Name=point_net_1/ExpandDims
Inputs:
	point_net_1/MatMul:0=MatMul, [-1, 8192, 3], 1
	point_net_1/ExpandDims/dim:0=Const, [], 6
Outpus:
	point_net_1/ExpandDims:0=[-1, 8192, 1, 3], 1
2026-01-29 11:09:37,050 - tf2onnx.graph - DEBUG - Making node: Name=point_net_1/ExpandDims__37, OP=Cast
2026-01-29 11:09:37,050 - tf2onnx.graph - DEBUG - Infer shape and dtype for [point_net_1/ExpandDims__37]
2026-01-29 11:09:37,050 - tf2onnx.graph - DEBUG - Set dtype of [point_net_1/ExpandDims__37:0] to 7
2026-01-29 11:09:37,050 - tf2onnx.graph - DEBUG - Set shape of [point_net_1/ExpandDims__37:0] to []
2026-01-29 11:09:37,050 - tf2onnx.graph - DEBUG - Made node: point_net_1/ExpandDims__37
OP=Cast
Name=point_net_1/ExpandDims__37
Inputs:
	point_net_1/ExpandDims/dim:0=Const, [], 6
Outpus:
	point_net_1/ExpandDims__37:0=[], 7
2026-01-29 11:09:37,051 - tf2onnx.graph - DEBUG - Making node: Name=reshape_const__38, OP=Const
2026-01-29 11:09:37,051 - tf2onnx.graph - DEBUG - Made node: reshape_const__38
OP=Const
Name=reshape_const__38
Outpus:
	reshape_const__38=None, 7
2026-01-29 11:09:37,051 - tf2onnx.graph - DEBUG - Making node: Name=Reshape__39, OP=Reshape
2026-01-29 11:09:37,052 - tf2onnx.graph - DEBUG - Infer shape and dtype for [Reshape__39]
2026-01-29 11:09:37,052 - tf2onnx.graph - DEBUG - Set dtype of [Reshape__39:0] to 7
2026-01-29 11:09:37,052 - tf2onnx.graph - DEBUG - Set shape of [Reshape__39:0] to [1]
2026-01-29 11:09:37,052 - tf2onnx.graph - DEBUG - Made node: Reshape__39
OP=Reshape
Name=Reshape__39
Inputs:
	point_net_1/ExpandDims__37:0=Cast, [], 7
	reshape_const__38=Const, [1], 7
Outpus:
	Reshape__39:0=[1], 7
2026-01-29 11:09:37,053 - tf2onnx.tfonnx - DEBUG - Process node: point_net_1/s1_l1_64_convolution_layer_1/batch_normalization_5_1/batchnorm/mul_1
OP=Conv2D
Name=point_net_1/s1_l1_64_convolution_layer_1/batch_normalization_5_1/batchnorm/mul_1
Inputs:
	point_net_1/ExpandDims:0=Unsqueeze, [-1, 8192, 1, 3], 1
	point_net_1/s1_l1_64_convolution_layer_1/s1_l1_64_convolution_layer_1/convolution/merged_input:0=Const, [1, 1, 3, 64], 1
Outpus:
	point_net_1/s1_l1_64_convolution_layer_1/batch_normalization_5_1/batchnorm/mul_1:0=[-1, 8192, 1, 64], 1
2026-01-29 11:09:37,053 - tf2onnx.graph - DEBUG - Making node: Name=point_net_1/s1_l1_64_convolution_layer_1/batch_normalization_5_1/batchnorm/mul_1__40, OP=Transpose
2026-01-29 11:09:37,053 - tf2onnx.graph - DEBUG - Infer shape and dtype for [point_net_1/s1_l1_64_convolution_layer_1/batch_normalization_5_1/batchnorm/mul_1__40]
2026-01-29 11:09:37,054 - tf2onnx.graph - DEBUG - Set dtype of [point_net_1/s1_l1_64_convolution_layer_1/batch_normalization_5_1/batchnorm/mul_1__40:0] to 1
2026-01-29 11:09:37,054 - tf2onnx.graph - DEBUG - Set shape of [point_net_1/s1_l1_64_convolution_layer_1/batch_normalization_5_1/batchnorm/mul_1__40:0] to [3, 1, 8192, -1]
2026-01-29 11:09:37,054 - tf2onnx.graph - DEBUG - Made node: point_net_1/s1_l1_64_convolution_layer_1/batch_normalization_5_1/batchnorm/mul_1__40
OP=Transpose
Name=point_net_1/s1_l1_64_convolution_layer_1/batch_normalization_5_1/batchnorm/mul_1__40
Inputs:
	point_net_1/ExpandDims:0=Unsqueeze, [-1, 8192, 1, 3], 1
Outpus:
	point_net_1/s1_l1_64_convolution_layer_1/batch_normalization_5_1/batchnorm/mul_1__40:0=[3, 1, 8192, -1], 1
2026-01-29 11:09:37,054 - tf2onnx.graph - DEBUG - Making node: Name=point_net_1/s1_l1_64_convolution_layer_1/batch_normalization_5_1/batchnorm/mul_1__42, OP=Transpose
2026-01-29 11:09:37,055 - tf2onnx.graph - DEBUG - Infer shape and dtype for [point_net_1/s1_l1_64_convolution_layer_1/batch_normalization_5_1/batchnorm/mul_1__42]
2026-01-29 11:09:37,055 - tf2onnx.graph - DEBUG - Set dtype of [point_net_1/s1_l1_64_convolution_layer_1/batch_normalization_5_1/batchnorm/mul_1__42:0] to 1
2026-01-29 11:09:37,055 - tf2onnx.graph - DEBUG - Set shape of [point_net_1/s1_l1_64_convolution_layer_1/batch_normalization_5_1/batchnorm/mul_1__42:0] to [64, 1, 8192, -1]
2026-01-29 11:09:37,055 - tf2onnx.graph - DEBUG - Made node: point_net_1/s1_l1_64_convolution_layer_1/batch_normalization_5_1/batchnorm/mul_1__42
OP=Transpose
Name=point_net_1/s1_l1_64_convolution_layer_1/batch_normalization_5_1/batchnorm/mul_1__42
Inputs:
	point_net_1/s1_l1_64_convolution_layer_1/batch_normalization_5_1/batchnorm/mul_1:0=Conv, [-1, 8192, 1, 64], 1
Outpus:
	point_net_1/s1_l1_64_convolution_layer_1/batch_normalization_5_1/batchnorm/mul_1__42:0=[64, 1, 8192, -1], 1
2026-01-29 11:09:37,056 - tf2onnx.tfonnx - DEBUG - Process node: point_net_1/s1_l1_64_convolution_layer_1/batch_normalization_5_1/batchnorm/add_1
OP=AddV2
Name=point_net_1/s1_l1_64_convolution_layer_1/batch_normalization_5_1/batchnorm/add_1
Inputs:
	point_net_1/s1_l1_64_convolution_layer_1/batch_normalization_5_1/batchnorm/mul_1__42:0=Transpose, [-1, 8192, 1, 64], 1
	point_net_1/s1_l1_64_convolution_layer_1/batch_normalization_5_1/batchnorm/sub:0=Const, [64], 1
Outpus:
	point_net_1/s1_l1_64_convolution_layer_1/batch_normalization_5_1/batchnorm/add_1:0=[-1, 8192, 1, 64], 1
2026-01-29 11:09:37,056 - tf2onnx.tfonnx - DEBUG - Process node: point_net_1/s1_l1_64_convolution_layer_1/Relu
OP=Relu
Name=point_net_1/s1_l1_64_convolution_layer_1/Relu
Inputs:
	point_net_1/s1_l1_64_convolution_layer_1/batch_normalization_5_1/batchnorm/add_1:0=Add, [-1, 8192, 1, 64], 1
Outpus:
	point_net_1/s1_l1_64_convolution_layer_1/Relu:0=[-1, 8192, 1, 64], 1
2026-01-29 11:09:37,057 - tf2onnx.tfonnx - DEBUG - Process node: point_net_1/s1_l2_64_convolution_layer_1/batch_normalization_6_1/batchnorm/mul_1
OP=Conv2D
Name=point_net_1/s1_l2_64_convolution_layer_1/batch_normalization_6_1/batchnorm/mul_1
Inputs:
	point_net_1/s1_l1_64_convolution_layer_1/Relu:0=Relu, [-1, 8192, 1, 64], 1
	point_net_1/s1_l2_64_convolution_layer_1/s1_l2_64_convolution_layer_1/convolution/merged_input:0=Const, [1, 1, 64, 64], 1
Outpus:
	point_net_1/s1_l2_64_convolution_layer_1/batch_normalization_6_1/batchnorm/mul_1:0=[-1, 8192, 1, 64], 1
2026-01-29 11:09:37,057 - tf2onnx.graph - DEBUG - Making node: Name=point_net_1/s1_l2_64_convolution_layer_1/batch_normalization_6_1/batchnorm/mul_1__44, OP=Transpose
2026-01-29 11:09:37,058 - tf2onnx.graph - DEBUG - Infer shape and dtype for [point_net_1/s1_l2_64_convolution_layer_1/batch_normalization_6_1/batchnorm/mul_1__44]
2026-01-29 11:09:37,058 - tf2onnx.graph - DEBUG - Set dtype of [point_net_1/s1_l2_64_convolution_layer_1/batch_normalization_6_1/batchnorm/mul_1__44:0] to 1
2026-01-29 11:09:37,058 - tf2onnx.graph - DEBUG - Set shape of [point_net_1/s1_l2_64_convolution_layer_1/batch_normalization_6_1/batchnorm/mul_1__44:0] to [64, 1, 8192, -1]
2026-01-29 11:09:37,058 - tf2onnx.graph - DEBUG - Made node: point_net_1/s1_l2_64_convolution_layer_1/batch_normalization_6_1/batchnorm/mul_1__44
OP=Transpose
Name=point_net_1/s1_l2_64_convolution_layer_1/batch_normalization_6_1/batchnorm/mul_1__44
Inputs:
	point_net_1/s1_l1_64_convolution_layer_1/Relu:0=Relu, [-1, 8192, 1, 64], 1
Outpus:
	point_net_1/s1_l2_64_convolution_layer_1/batch_normalization_6_1/batchnorm/mul_1__44:0=[64, 1, 8192, -1], 1
2026-01-29 11:09:37,059 - tf2onnx.graph - DEBUG - Making node: Name=point_net_1/s1_l2_64_convolution_layer_1/batch_normalization_6_1/batchnorm/mul_1__46, OP=Transpose
2026-01-29 11:09:37,059 - tf2onnx.graph - DEBUG - Infer shape and dtype for [point_net_1/s1_l2_64_convolution_layer_1/batch_normalization_6_1/batchnorm/mul_1__46]
2026-01-29 11:09:37,059 - tf2onnx.graph - DEBUG - Set dtype of [point_net_1/s1_l2_64_convolution_layer_1/batch_normalization_6_1/batchnorm/mul_1__46:0] to 1
2026-01-29 11:09:37,060 - tf2onnx.graph - DEBUG - Set shape of [point_net_1/s1_l2_64_convolution_layer_1/batch_normalization_6_1/batchnorm/mul_1__46:0] to [64, 1, 8192, -1]
2026-01-29 11:09:37,060 - tf2onnx.graph - DEBUG - Made node: point_net_1/s1_l2_64_convolution_layer_1/batch_normalization_6_1/batchnorm/mul_1__46
OP=Transpose
Name=point_net_1/s1_l2_64_convolution_layer_1/batch_normalization_6_1/batchnorm/mul_1__46
Inputs:
	point_net_1/s1_l2_64_convolution_layer_1/batch_normalization_6_1/batchnorm/mul_1:0=Conv, [-1, 8192, 1, 64], 1
Outpus:
	point_net_1/s1_l2_64_convolution_layer_1/batch_normalization_6_1/batchnorm/mul_1__46:0=[64, 1, 8192, -1], 1
2026-01-29 11:09:37,060 - tf2onnx.tfonnx - DEBUG - Process node: point_net_1/s1_l2_64_convolution_layer_1/batch_normalization_6_1/batchnorm/add_1
OP=AddV2
Name=point_net_1/s1_l2_64_convolution_layer_1/batch_normalization_6_1/batchnorm/add_1
Inputs:
	point_net_1/s1_l2_64_convolution_layer_1/batch_normalization_6_1/batchnorm/mul_1__46:0=Transpose, [-1, 8192, 1, 64], 1
	point_net_1/s1_l2_64_convolution_layer_1/batch_normalization_6_1/batchnorm/sub:0=Const, [64], 1
Outpus:
	point_net_1/s1_l2_64_convolution_layer_1/batch_normalization_6_1/batchnorm/add_1:0=[-1, 8192, 1, 64], 1
2026-01-29 11:09:37,060 - tf2onnx.tfonnx - DEBUG - Process node: point_net_1/s1_l2_64_convolution_layer_1/Relu
OP=Relu
Name=point_net_1/s1_l2_64_convolution_layer_1/Relu
Inputs:
	point_net_1/s1_l2_64_convolution_layer_1/batch_normalization_6_1/batchnorm/add_1:0=Add, [-1, 8192, 1, 64], 1
Outpus:
	point_net_1/s1_l2_64_convolution_layer_1/Relu:0=[-1, 8192, 1, 64], 1
2026-01-29 11:09:37,060 - tf2onnx.tfonnx - DEBUG - Process node: point_net_1/Squeeze
OP=Squeeze
Name=point_net_1/Squeeze
Inputs:
	point_net_1/s1_l2_64_convolution_layer_1/Relu:0=Relu, [-1, 8192, 1, 64], 1
Outpus:
	point_net_1/Squeeze:0=[-1, 8192, 64], 1
2026-01-29 11:09:37,060 - tf2onnx.graph - DEBUG - Making node: Name=axes_const__48, OP=Const
2026-01-29 11:09:37,061 - tf2onnx.graph - DEBUG - Made node: axes_const__48
OP=Const
Name=axes_const__48
Outpus:
	axes_const__48=None, 7
2026-01-29 11:09:37,061 - tf2onnx.tfonnx - DEBUG - Process node: point_net_1/feature_transform_1/ExpandDims
OP=ExpandDims
Name=point_net_1/feature_transform_1/ExpandDims
Inputs:
	point_net_1/Squeeze:0=Squeeze, [-1, 8192, 64], 1
	point_net_1/feature_transform_1/ExpandDims/dim:0=Const, [], 6
Outpus:
	point_net_1/feature_transform_1/ExpandDims:0=[-1, 8192, 1, 64], 1
2026-01-29 11:09:37,061 - tf2onnx.graph - DEBUG - Making node: Name=point_net_1/feature_transform_1/ExpandDims__49, OP=Cast
2026-01-29 11:09:37,061 - tf2onnx.graph - DEBUG - Infer shape and dtype for [point_net_1/feature_transform_1/ExpandDims__49]
2026-01-29 11:09:37,062 - tf2onnx.graph - DEBUG - Set dtype of [point_net_1/feature_transform_1/ExpandDims__49:0] to 7
2026-01-29 11:09:37,062 - tf2onnx.graph - DEBUG - Set shape of [point_net_1/feature_transform_1/ExpandDims__49:0] to []
2026-01-29 11:09:37,062 - tf2onnx.graph - DEBUG - Made node: point_net_1/feature_transform_1/ExpandDims__49
OP=Cast
Name=point_net_1/feature_transform_1/ExpandDims__49
Inputs:
	point_net_1/feature_transform_1/ExpandDims/dim:0=Const, [], 6
Outpus:
	point_net_1/feature_transform_1/ExpandDims__49:0=[], 7
2026-01-29 11:09:37,062 - tf2onnx.graph - DEBUG - Making node: Name=reshape_const__50, OP=Const
2026-01-29 11:09:37,062 - tf2onnx.graph - DEBUG - Made node: reshape_const__50
OP=Const
Name=reshape_const__50
Outpus:
	reshape_const__50=None, 7
2026-01-29 11:09:37,062 - tf2onnx.graph - DEBUG - Making node: Name=Reshape__51, OP=Reshape
2026-01-29 11:09:37,063 - tf2onnx.graph - DEBUG - Infer shape and dtype for [Reshape__51]
2026-01-29 11:09:37,063 - tf2onnx.graph - DEBUG - Set dtype of [Reshape__51:0] to 7
2026-01-29 11:09:37,063 - tf2onnx.graph - DEBUG - Set shape of [Reshape__51:0] to [1]
2026-01-29 11:09:37,064 - tf2onnx.graph - DEBUG - Made node: Reshape__51
OP=Reshape
Name=Reshape__51
Inputs:
	point_net_1/feature_transform_1/ExpandDims__49:0=Cast, [], 7
	reshape_const__50=Const, [1], 7
Outpus:
	Reshape__51:0=[1], 7
2026-01-29 11:09:37,064 - tf2onnx.tfonnx - DEBUG - Process node: point_net_1/feature_transform_1/feature_transform_convolution_layer_1_convolution_layer_1/batch_normalization_7_1/batchnorm/mul_1
OP=Conv2D
Name=point_net_1/feature_transform_1/feature_transform_convolution_layer_1_convolution_layer_1/batch_normalization_7_1/batchnorm/mul_1
Inputs:
	point_net_1/feature_transform_1/ExpandDims:0=Unsqueeze, [-1, 8192, 1, 64], 1
	point_net_1/feature_transform_1/feature_transform_convolution_layer_1_convolution_layer_1/feature_transform_convolution_layer_1_convolution_layer_1/convolution/merged_input:0=Const, [1, 1, 64, 64], 1
Outpus:
	point_net_1/feature_transform_1/feature_transform_convolution_layer_1_convolution_layer_1/batch_normalization_7_1/batchnorm/mul_1:0=[-1, 8192, 1, 64], 1
2026-01-29 11:09:37,064 - tf2onnx.graph - DEBUG - Making node: Name=point_net_1/feature_transform_1/feature_transform_convolution_layer_1_convolution_layer_1/batch_normalization_7_1/batchnorm/mul_1__52, OP=Transpose
2026-01-29 11:09:37,064 - tf2onnx.graph - DEBUG - Infer shape and dtype for [point_net_1/feature_transform_1/feature_transform_convolution_layer_1_convolution_layer_1/batch_normalization_7_1/batchnorm/mul_1__52]
2026-01-29 11:09:37,065 - tf2onnx.graph - DEBUG - Set dtype of [point_net_1/feature_transform_1/feature_transform_convolution_layer_1_convolution_layer_1/batch_normalization_7_1/batchnorm/mul_1__52:0] to 1
2026-01-29 11:09:37,065 - tf2onnx.graph - DEBUG - Set shape of [point_net_1/feature_transform_1/feature_transform_convolution_layer_1_convolution_layer_1/batch_normalization_7_1/batchnorm/mul_1__52:0] to [64, 1, 8192, -1]
2026-01-29 11:09:37,065 - tf2onnx.graph - DEBUG - Made node: point_net_1/feature_transform_1/feature_transform_convolution_layer_1_convolution_layer_1/batch_normalization_7_1/batchnorm/mul_1__52
OP=Transpose
Name=point_net_1/feature_transform_1/feature_transform_convolution_layer_1_convolution_layer_1/batch_normalization_7_1/batchnorm/mul_1__52
Inputs:
	point_net_1/feature_transform_1/ExpandDims:0=Unsqueeze, [-1, 8192, 1, 64], 1
Outpus:
	point_net_1/feature_transform_1/feature_transform_convolution_layer_1_convolution_layer_1/batch_normalization_7_1/batchnorm/mul_1__52:0=[64, 1, 8192, -1], 1
2026-01-29 11:09:37,065 - tf2onnx.graph - DEBUG - Making node: Name=point_net_1/feature_transform_1/feature_transform_convolution_layer_1_convolution_layer_1/batch_normalization_7_1/batchnorm/mul_1__54, OP=Transpose
2026-01-29 11:09:37,065 - tf2onnx.graph - DEBUG - Infer shape and dtype for [point_net_1/feature_transform_1/feature_transform_convolution_layer_1_convolution_layer_1/batch_normalization_7_1/batchnorm/mul_1__54]
2026-01-29 11:09:37,066 - tf2onnx.graph - DEBUG - Set dtype of [point_net_1/feature_transform_1/feature_transform_convolution_layer_1_convolution_layer_1/batch_normalization_7_1/batchnorm/mul_1__54:0] to 1
2026-01-29 11:09:37,066 - tf2onnx.graph - DEBUG - Set shape of [point_net_1/feature_transform_1/feature_transform_convolution_layer_1_convolution_layer_1/batch_normalization_7_1/batchnorm/mul_1__54:0] to [64, 1, 8192, -1]
2026-01-29 11:09:37,066 - tf2onnx.graph - DEBUG - Made node: point_net_1/feature_transform_1/feature_transform_convolution_layer_1_convolution_layer_1/batch_normalization_7_1/batchnorm/mul_1__54
OP=Transpose
Name=point_net_1/feature_transform_1/feature_transform_convolution_layer_1_convolution_layer_1/batch_normalization_7_1/batchnorm/mul_1__54
Inputs:
	point_net_1/feature_transform_1/feature_transform_convolution_layer_1_convolution_layer_1/batch_normalization_7_1/batchnorm/mul_1:0=Conv, [-1, 8192, 1, 64], 1
Outpus:
	point_net_1/feature_transform_1/feature_transform_convolution_layer_1_convolution_layer_1/batch_normalization_7_1/batchnorm/mul_1__54:0=[64, 1, 8192, -1], 1
2026-01-29 11:09:37,066 - tf2onnx.tfonnx - DEBUG - Process node: point_net_1/feature_transform_1/feature_transform_convolution_layer_1_convolution_layer_1/batch_normalization_7_1/batchnorm/add_1
OP=AddV2
Name=point_net_1/feature_transform_1/feature_transform_convolution_layer_1_convolution_layer_1/batch_normalization_7_1/batchnorm/add_1
Inputs:
	point_net_1/feature_transform_1/feature_transform_convolution_layer_1_convolution_layer_1/batch_normalization_7_1/batchnorm/mul_1__54:0=Transpose, [-1, 8192, 1, 64], 1
	point_net_1/feature_transform_1/feature_transform_convolution_layer_1_convolution_layer_1/batch_normalization_7_1/batchnorm/sub:0=Const, [64], 1
Outpus:
	point_net_1/feature_transform_1/feature_transform_convolution_layer_1_convolution_layer_1/batch_normalization_7_1/batchnorm/add_1:0=[-1, 8192, 1, 64], 1
2026-01-29 11:09:37,066 - tf2onnx.tfonnx - DEBUG - Process node: point_net_1/feature_transform_1/feature_transform_convolution_layer_1_convolution_layer_1/Relu
OP=Relu
Name=point_net_1/feature_transform_1/feature_transform_convolution_layer_1_convolution_layer_1/Relu
Inputs:
	point_net_1/feature_transform_1/feature_transform_convolution_layer_1_convolution_layer_1/batch_normalization_7_1/batchnorm/add_1:0=Add, [-1, 8192, 1, 64], 1
Outpus:
	point_net_1/feature_transform_1/feature_transform_convolution_layer_1_convolution_layer_1/Relu:0=[-1, 8192, 1, 64], 1
2026-01-29 11:09:37,067 - tf2onnx.tfonnx - DEBUG - Process node: point_net_1/feature_transform_1/feature_transform_convolution_layer_2_convolution_layer_1/batch_normalization_8_1/batchnorm/mul_1
OP=Conv2D
Name=point_net_1/feature_transform_1/feature_transform_convolution_layer_2_convolution_layer_1/batch_normalization_8_1/batchnorm/mul_1
Inputs:
	point_net_1/feature_transform_1/feature_transform_convolution_layer_1_convolution_layer_1/Relu:0=Relu, [-1, 8192, 1, 64], 1
	point_net_1/feature_transform_1/feature_transform_convolution_layer_2_convolution_layer_1/feature_transform_convolution_layer_2_convolution_layer_1/convolution/merged_input:0=Const, [1, 1, 64, 128], 1
Outpus:
	point_net_1/feature_transform_1/feature_transform_convolution_layer_2_convolution_layer_1/batch_normalization_8_1/batchnorm/mul_1:0=[-1, 8192, 1, 128], 1
2026-01-29 11:09:37,067 - tf2onnx.graph - DEBUG - Making node: Name=point_net_1/feature_transform_1/feature_transform_convolution_layer_2_convolution_layer_1/batch_normalization_8_1/batchnorm/mul_1__56, OP=Transpose
2026-01-29 11:09:37,067 - tf2onnx.graph - DEBUG - Infer shape and dtype for [point_net_1/feature_transform_1/feature_transform_convolution_layer_2_convolution_layer_1/batch_normalization_8_1/batchnorm/mul_1__56]
2026-01-29 11:09:37,067 - tf2onnx.graph - DEBUG - Set dtype of [point_net_1/feature_transform_1/feature_transform_convolution_layer_2_convolution_layer_1/batch_normalization_8_1/batchnorm/mul_1__56:0] to 1
2026-01-29 11:09:37,067 - tf2onnx.graph - DEBUG - Set shape of [point_net_1/feature_transform_1/feature_transform_convolution_layer_2_convolution_layer_1/batch_normalization_8_1/batchnorm/mul_1__56:0] to [64, 1, 8192, -1]
2026-01-29 11:09:37,068 - tf2onnx.graph - DEBUG - Made node: point_net_1/feature_transform_1/feature_transform_convolution_layer_2_convolution_layer_1/batch_normalization_8_1/batchnorm/mul_1__56
OP=Transpose
Name=point_net_1/feature_transform_1/feature_transform_convolution_layer_2_convolution_layer_1/batch_normalization_8_1/batchnorm/mul_1__56
Inputs:
	point_net_1/feature_transform_1/feature_transform_convolution_layer_1_convolution_layer_1/Relu:0=Relu, [-1, 8192, 1, 64], 1
Outpus:
	point_net_1/feature_transform_1/feature_transform_convolution_layer_2_convolution_layer_1/batch_normalization_8_1/batchnorm/mul_1__56:0=[64, 1, 8192, -1], 1
2026-01-29 11:09:37,068 - tf2onnx.graph - DEBUG - Making node: Name=point_net_1/feature_transform_1/feature_transform_convolution_layer_2_convolution_layer_1/batch_normalization_8_1/batchnorm/mul_1__58, OP=Transpose
2026-01-29 11:09:37,069 - tf2onnx.graph - DEBUG - Infer shape and dtype for [point_net_1/feature_transform_1/feature_transform_convolution_layer_2_convolution_layer_1/batch_normalization_8_1/batchnorm/mul_1__58]
2026-01-29 11:09:37,069 - tf2onnx.graph - DEBUG - Set dtype of [point_net_1/feature_transform_1/feature_transform_convolution_layer_2_convolution_layer_1/batch_normalization_8_1/batchnorm/mul_1__58:0] to 1
2026-01-29 11:09:37,069 - tf2onnx.graph - DEBUG - Set shape of [point_net_1/feature_transform_1/feature_transform_convolution_layer_2_convolution_layer_1/batch_normalization_8_1/batchnorm/mul_1__58:0] to [128, 1, 8192, -1]
2026-01-29 11:09:37,070 - tf2onnx.graph - DEBUG - Made node: point_net_1/feature_transform_1/feature_transform_convolution_layer_2_convolution_layer_1/batch_normalization_8_1/batchnorm/mul_1__58
OP=Transpose
Name=point_net_1/feature_transform_1/feature_transform_convolution_layer_2_convolution_layer_1/batch_normalization_8_1/batchnorm/mul_1__58
Inputs:
	point_net_1/feature_transform_1/feature_transform_convolution_layer_2_convolution_layer_1/batch_normalization_8_1/batchnorm/mul_1:0=Conv, [-1, 8192, 1, 128], 1
Outpus:
	point_net_1/feature_transform_1/feature_transform_convolution_layer_2_convolution_layer_1/batch_normalization_8_1/batchnorm/mul_1__58:0=[128, 1, 8192, -1], 1
2026-01-29 11:09:37,070 - tf2onnx.tfonnx - DEBUG - Process node: point_net_1/feature_transform_1/feature_transform_convolution_layer_2_convolution_layer_1/batch_normalization_8_1/batchnorm/add_1
OP=AddV2
Name=point_net_1/feature_transform_1/feature_transform_convolution_layer_2_convolution_layer_1/batch_normalization_8_1/batchnorm/add_1
Inputs:
	point_net_1/feature_transform_1/feature_transform_convolution_layer_2_convolution_layer_1/batch_normalization_8_1/batchnorm/mul_1__58:0=Transpose, [-1, 8192, 1, 128], 1
	point_net_1/feature_transform_1/feature_transform_convolution_layer_2_convolution_layer_1/batch_normalization_8_1/batchnorm/sub:0=Const, [128], 1
Outpus:
	point_net_1/feature_transform_1/feature_transform_convolution_layer_2_convolution_layer_1/batch_normalization_8_1/batchnorm/add_1:0=[-1, 8192, 1, 128], 1
2026-01-29 11:09:37,070 - tf2onnx.tfonnx - DEBUG - Process node: point_net_1/feature_transform_1/feature_transform_convolution_layer_2_convolution_layer_1/Relu
OP=Relu
Name=point_net_1/feature_transform_1/feature_transform_convolution_layer_2_convolution_layer_1/Relu
Inputs:
	point_net_1/feature_transform_1/feature_transform_convolution_layer_2_convolution_layer_1/batch_normalization_8_1/batchnorm/add_1:0=Add, [-1, 8192, 1, 128], 1
Outpus:
	point_net_1/feature_transform_1/feature_transform_convolution_layer_2_convolution_layer_1/Relu:0=[-1, 8192, 1, 128], 1
2026-01-29 11:09:37,070 - tf2onnx.tfonnx - DEBUG - Process node: point_net_1/feature_transform_1/feature_transform_convolution_layer_3_convolution_layer_1/batch_normalization_9_1/batchnorm/mul_1
OP=Conv2D
Name=point_net_1/feature_transform_1/feature_transform_convolution_layer_3_convolution_layer_1/batch_normalization_9_1/batchnorm/mul_1
Inputs:
	point_net_1/feature_transform_1/feature_transform_convolution_layer_2_convolution_layer_1/Relu:0=Relu, [-1, 8192, 1, 128], 1
	point_net_1/feature_transform_1/feature_transform_convolution_layer_3_convolution_layer_1/feature_transform_convolution_layer_3_convolution_layer_1/convolution/merged_input:0=Const, [1, 1, 128, 1024], 1
Outpus:
	point_net_1/feature_transform_1/feature_transform_convolution_layer_3_convolution_layer_1/batch_normalization_9_1/batchnorm/mul_1:0=[-1, 8192, 1, 1024], 1
2026-01-29 11:09:37,070 - tf2onnx.graph - DEBUG - Making node: Name=point_net_1/feature_transform_1/feature_transform_convolution_layer_3_convolution_layer_1/batch_normalization_9_1/batchnorm/mul_1__60, OP=Transpose
2026-01-29 11:09:37,071 - tf2onnx.graph - DEBUG - Infer shape and dtype for [point_net_1/feature_transform_1/feature_transform_convolution_layer_3_convolution_layer_1/batch_normalization_9_1/batchnorm/mul_1__60]
2026-01-29 11:09:37,071 - tf2onnx.graph - DEBUG - Set dtype of [point_net_1/feature_transform_1/feature_transform_convolution_layer_3_convolution_layer_1/batch_normalization_9_1/batchnorm/mul_1__60:0] to 1
2026-01-29 11:09:37,071 - tf2onnx.graph - DEBUG - Set shape of [point_net_1/feature_transform_1/feature_transform_convolution_layer_3_convolution_layer_1/batch_normalization_9_1/batchnorm/mul_1__60:0] to [128, 1, 8192, -1]
2026-01-29 11:09:37,072 - tf2onnx.graph - DEBUG - Made node: point_net_1/feature_transform_1/feature_transform_convolution_layer_3_convolution_layer_1/batch_normalization_9_1/batchnorm/mul_1__60
OP=Transpose
Name=point_net_1/feature_transform_1/feature_transform_convolution_layer_3_convolution_layer_1/batch_normalization_9_1/batchnorm/mul_1__60
Inputs:
	point_net_1/feature_transform_1/feature_transform_convolution_layer_2_convolution_layer_1/Relu:0=Relu, [-1, 8192, 1, 128], 1
Outpus:
	point_net_1/feature_transform_1/feature_transform_convolution_layer_3_convolution_layer_1/batch_normalization_9_1/batchnorm/mul_1__60:0=[128, 1, 8192, -1], 1
2026-01-29 11:09:37,074 - tf2onnx.graph - DEBUG - Making node: Name=point_net_1/feature_transform_1/feature_transform_convolution_layer_3_convolution_layer_1/batch_normalization_9_1/batchnorm/mul_1__62, OP=Transpose
2026-01-29 11:09:37,074 - tf2onnx.graph - DEBUG - Infer shape and dtype for [point_net_1/feature_transform_1/feature_transform_convolution_layer_3_convolution_layer_1/batch_normalization_9_1/batchnorm/mul_1__62]
2026-01-29 11:09:37,075 - tf2onnx.graph - DEBUG - Set dtype of [point_net_1/feature_transform_1/feature_transform_convolution_layer_3_convolution_layer_1/batch_normalization_9_1/batchnorm/mul_1__62:0] to 1
2026-01-29 11:09:37,075 - tf2onnx.graph - DEBUG - Set shape of [point_net_1/feature_transform_1/feature_transform_convolution_layer_3_convolution_layer_1/batch_normalization_9_1/batchnorm/mul_1__62:0] to [1024, 1, 8192, -1]
2026-01-29 11:09:37,075 - tf2onnx.graph - DEBUG - Made node: point_net_1/feature_transform_1/feature_transform_convolution_layer_3_convolution_layer_1/batch_normalization_9_1/batchnorm/mul_1__62
OP=Transpose
Name=point_net_1/feature_transform_1/feature_transform_convolution_layer_3_convolution_layer_1/batch_normalization_9_1/batchnorm/mul_1__62
Inputs:
	point_net_1/feature_transform_1/feature_transform_convolution_layer_3_convolution_layer_1/batch_normalization_9_1/batchnorm/mul_1:0=Conv, [-1, 8192, 1, 1024], 1
Outpus:
	point_net_1/feature_transform_1/feature_transform_convolution_layer_3_convolution_layer_1/batch_normalization_9_1/batchnorm/mul_1__62:0=[1024, 1, 8192, -1], 1
2026-01-29 11:09:37,075 - tf2onnx.tfonnx - DEBUG - Process node: point_net_1/feature_transform_1/feature_transform_convolution_layer_3_convolution_layer_1/batch_normalization_9_1/batchnorm/add_1
OP=AddV2
Name=point_net_1/feature_transform_1/feature_transform_convolution_layer_3_convolution_layer_1/batch_normalization_9_1/batchnorm/add_1
Inputs:
	point_net_1/feature_transform_1/feature_transform_convolution_layer_3_convolution_layer_1/batch_normalization_9_1/batchnorm/mul_1__62:0=Transpose, [-1, 8192, 1, 1024], 1
	point_net_1/feature_transform_1/feature_transform_convolution_layer_3_convolution_layer_1/batch_normalization_9_1/batchnorm/sub:0=Const, [1024], 1
Outpus:
	point_net_1/feature_transform_1/feature_transform_convolution_layer_3_convolution_layer_1/batch_normalization_9_1/batchnorm/add_1:0=[-1, 8192, 1, 1024], 1
2026-01-29 11:09:37,075 - tf2onnx.tfonnx - DEBUG - Process node: point_net_1/feature_transform_1/feature_transform_convolution_layer_3_convolution_layer_1/Relu
OP=Relu
Name=point_net_1/feature_transform_1/feature_transform_convolution_layer_3_convolution_layer_1/Relu
Inputs:
	point_net_1/feature_transform_1/feature_transform_convolution_layer_3_convolution_layer_1/batch_normalization_9_1/batchnorm/add_1:0=Add, [-1, 8192, 1, 1024], 1
Outpus:
	point_net_1/feature_transform_1/feature_transform_convolution_layer_3_convolution_layer_1/Relu:0=[-1, 8192, 1, 1024], 1
2026-01-29 11:09:37,076 - tf2onnx.tfonnx - DEBUG - Process node: point_net_1/feature_transform_1/Squeeze
OP=Squeeze
Name=point_net_1/feature_transform_1/Squeeze
Inputs:
	point_net_1/feature_transform_1/feature_transform_convolution_layer_3_convolution_layer_1/Relu:0=Relu, [-1, 8192, 1, 1024], 1
Outpus:
	point_net_1/feature_transform_1/Squeeze:0=[-1, 8192, 1024], 1
2026-01-29 11:09:37,076 - tf2onnx.graph - DEBUG - Making node: Name=axes_const__64, OP=Const
2026-01-29 11:09:37,076 - tf2onnx.graph - DEBUG - Made node: axes_const__64
OP=Const
Name=axes_const__64
Outpus:
	axes_const__64=None, 7
2026-01-29 11:09:37,076 - tf2onnx.tfonnx - DEBUG - Process node: point_net_1/feature_transform_1/Max
OP=Max
Name=point_net_1/feature_transform_1/Max
Inputs:
	point_net_1/feature_transform_1/Squeeze:0=Squeeze, [-1, 8192, 1024], 1
	point_net_1/feature_transform_1/Max/reduction_indices:0=Const, [], 6
Outpus:
	point_net_1/feature_transform_1/Max:0=[-1, 1024], 1
2026-01-29 11:09:37,077 - tf2onnx.tfonnx - DEBUG - Process node: point_net_1/feature_transform_1/feature_transform_dense_layer_1_dense_layer_1/feature_transform_dense_layer_1_dense_layer_1/MatMul
OP=MatMul
Name=point_net_1/feature_transform_1/feature_transform_dense_layer_1_dense_layer_1/feature_transform_dense_layer_1_dense_layer_1/MatMul
Inputs:
	point_net_1/feature_transform_1/Max:0=ReduceMax, [-1, 1024], 1
	point_net_1/feature_transform_1/feature_transform_dense_layer_1_dense_layer_1/feature_transform_dense_layer_1_dense_layer_1/Cast/ReadVariableOp:0=Const, [1024, 512], 1
Outpus:
	point_net_1/feature_transform_1/feature_transform_dense_layer_1_dense_layer_1/feature_transform_dense_layer_1_dense_layer_1/MatMul:0=[-1, 512], 1
2026-01-29 11:09:37,077 - tf2onnx.tfonnx - DEBUG - Process node: point_net_1/feature_transform_1/feature_transform_dense_layer_1_dense_layer_1/batch_normalization_10_1/batchnorm/mul_1
OP=Mul
Name=point_net_1/feature_transform_1/feature_transform_dense_layer_1_dense_layer_1/batch_normalization_10_1/batchnorm/mul_1
Inputs:
	point_net_1/feature_transform_1/feature_transform_dense_layer_1_dense_layer_1/feature_transform_dense_layer_1_dense_layer_1/MatMul:0=MatMul, [-1, 512], 1
	point_net_1/feature_transform_1/feature_transform_dense_layer_1_dense_layer_1/batch_normalization_10_1/batchnorm/mul:0=Const, [512], 1
Outpus:
	point_net_1/feature_transform_1/feature_transform_dense_layer_1_dense_layer_1/batch_normalization_10_1/batchnorm/mul_1:0=[-1, 512], 1
2026-01-29 11:09:37,077 - tf2onnx.tfonnx - DEBUG - Process node: point_net_1/feature_transform_1/feature_transform_dense_layer_1_dense_layer_1/batch_normalization_10_1/batchnorm/add_1
OP=AddV2
Name=point_net_1/feature_transform_1/feature_transform_dense_layer_1_dense_layer_1/batch_normalization_10_1/batchnorm/add_1
Inputs:
	point_net_1/feature_transform_1/feature_transform_dense_layer_1_dense_layer_1/batch_normalization_10_1/batchnorm/mul_1:0=Mul, [-1, 512], 1
	point_net_1/feature_transform_1/feature_transform_dense_layer_1_dense_layer_1/batch_normalization_10_1/batchnorm/sub:0=Const, [512], 1
Outpus:
	point_net_1/feature_transform_1/feature_transform_dense_layer_1_dense_layer_1/batch_normalization_10_1/batchnorm/add_1:0=[-1, 512], 1
2026-01-29 11:09:37,077 - tf2onnx.tfonnx - DEBUG - Process node: point_net_1/feature_transform_1/feature_transform_dense_layer_1_dense_layer_1/Relu
OP=Relu
Name=point_net_1/feature_transform_1/feature_transform_dense_layer_1_dense_layer_1/Relu
Inputs:
	point_net_1/feature_transform_1/feature_transform_dense_layer_1_dense_layer_1/batch_normalization_10_1/batchnorm/add_1:0=Add, [-1, 512], 1
Outpus:
	point_net_1/feature_transform_1/feature_transform_dense_layer_1_dense_layer_1/Relu:0=[-1, 512], 1
2026-01-29 11:09:37,077 - tf2onnx.tfonnx - DEBUG - Process node: point_net_1/feature_transform_1/feature_transform_dense_layer_2_dense_layer_1/feature_transform_dense_layer_2_dense_layer_1/MatMul
OP=MatMul
Name=point_net_1/feature_transform_1/feature_transform_dense_layer_2_dense_layer_1/feature_transform_dense_layer_2_dense_layer_1/MatMul
Inputs:
	point_net_1/feature_transform_1/feature_transform_dense_layer_1_dense_layer_1/Relu:0=Relu, [-1, 512], 1
	point_net_1/feature_transform_1/feature_transform_dense_layer_2_dense_layer_1/feature_transform_dense_layer_2_dense_layer_1/Cast/ReadVariableOp:0=Const, [512, 256], 1
Outpus:
	point_net_1/feature_transform_1/feature_transform_dense_layer_2_dense_layer_1/feature_transform_dense_layer_2_dense_layer_1/MatMul:0=[-1, 256], 1
2026-01-29 11:09:37,078 - tf2onnx.tfonnx - DEBUG - Process node: point_net_1/feature_transform_1/feature_transform_dense_layer_2_dense_layer_1/batch_normalization_11_1/batchnorm/mul_1
OP=Mul
Name=point_net_1/feature_transform_1/feature_transform_dense_layer_2_dense_layer_1/batch_normalization_11_1/batchnorm/mul_1
Inputs:
	point_net_1/feature_transform_1/feature_transform_dense_layer_2_dense_layer_1/feature_transform_dense_layer_2_dense_layer_1/MatMul:0=MatMul, [-1, 256], 1
	point_net_1/feature_transform_1/feature_transform_dense_layer_2_dense_layer_1/batch_normalization_11_1/batchnorm/mul:0=Const, [256], 1
Outpus:
	point_net_1/feature_transform_1/feature_transform_dense_layer_2_dense_layer_1/batch_normalization_11_1/batchnorm/mul_1:0=[-1, 256], 1
2026-01-29 11:09:37,078 - tf2onnx.tfonnx - DEBUG - Process node: point_net_1/feature_transform_1/feature_transform_dense_layer_2_dense_layer_1/batch_normalization_11_1/batchnorm/add_1
OP=AddV2
Name=point_net_1/feature_transform_1/feature_transform_dense_layer_2_dense_layer_1/batch_normalization_11_1/batchnorm/add_1
Inputs:
	point_net_1/feature_transform_1/feature_transform_dense_layer_2_dense_layer_1/batch_normalization_11_1/batchnorm/mul_1:0=Mul, [-1, 256], 1
	point_net_1/feature_transform_1/feature_transform_dense_layer_2_dense_layer_1/batch_normalization_11_1/batchnorm/sub:0=Const, [256], 1
Outpus:
	point_net_1/feature_transform_1/feature_transform_dense_layer_2_dense_layer_1/batch_normalization_11_1/batchnorm/add_1:0=[-1, 256], 1
2026-01-29 11:09:37,078 - tf2onnx.tfonnx - DEBUG - Process node: point_net_1/feature_transform_1/feature_transform_dense_layer_2_dense_layer_1/Relu
OP=Relu
Name=point_net_1/feature_transform_1/feature_transform_dense_layer_2_dense_layer_1/Relu
Inputs:
	point_net_1/feature_transform_1/feature_transform_dense_layer_2_dense_layer_1/batch_normalization_11_1/batchnorm/add_1:0=Add, [-1, 256], 1
Outpus:
	point_net_1/feature_transform_1/feature_transform_dense_layer_2_dense_layer_1/Relu:0=[-1, 256], 1
2026-01-29 11:09:37,078 - tf2onnx.tfonnx - DEBUG - Process node: point_net_1/feature_transform_1/ExpandDims_1
OP=ExpandDims
Name=point_net_1/feature_transform_1/ExpandDims_1
Inputs:
	point_net_1/feature_transform_1/feature_transform_dense_layer_2_dense_layer_1/Relu:0=Relu, [-1, 256], 1
	point_net_1/feature_transform_1/ExpandDims_1/dim:0=Const, [], 6
Outpus:
	point_net_1/feature_transform_1/ExpandDims_1:0=[-1, 1, 256], 1
2026-01-29 11:09:37,078 - tf2onnx.graph - DEBUG - Making node: Name=point_net_1/feature_transform_1/ExpandDims_1__65, OP=Cast
2026-01-29 11:09:37,079 - tf2onnx.graph - DEBUG - Infer shape and dtype for [point_net_1/feature_transform_1/ExpandDims_1__65]
2026-01-29 11:09:37,079 - tf2onnx.graph - DEBUG - Set dtype of [point_net_1/feature_transform_1/ExpandDims_1__65:0] to 7
2026-01-29 11:09:37,079 - tf2onnx.graph - DEBUG - Set shape of [point_net_1/feature_transform_1/ExpandDims_1__65:0] to []
2026-01-29 11:09:37,079 - tf2onnx.graph - DEBUG - Made node: point_net_1/feature_transform_1/ExpandDims_1__65
OP=Cast
Name=point_net_1/feature_transform_1/ExpandDims_1__65
Inputs:
	point_net_1/feature_transform_1/ExpandDims_1/dim:0=Const, [], 6
Outpus:
	point_net_1/feature_transform_1/ExpandDims_1__65:0=[], 7
2026-01-29 11:09:37,080 - tf2onnx.graph - DEBUG - Making node: Name=reshape_const__66, OP=Const
2026-01-29 11:09:37,080 - tf2onnx.graph - DEBUG - Made node: reshape_const__66
OP=Const
Name=reshape_const__66
Outpus:
	reshape_const__66=None, 7
2026-01-29 11:09:37,080 - tf2onnx.graph - DEBUG - Making node: Name=Reshape__67, OP=Reshape
2026-01-29 11:09:37,080 - tf2onnx.graph - DEBUG - Infer shape and dtype for [Reshape__67]
2026-01-29 11:09:37,080 - tf2onnx.graph - DEBUG - Set dtype of [Reshape__67:0] to 7
2026-01-29 11:09:37,081 - tf2onnx.graph - DEBUG - Set shape of [Reshape__67:0] to [1]
2026-01-29 11:09:37,081 - tf2onnx.graph - DEBUG - Made node: Reshape__67
OP=Reshape
Name=Reshape__67
Inputs:
	point_net_1/feature_transform_1/ExpandDims_1__65:0=Cast, [], 7
	reshape_const__66=Const, [1], 7
Outpus:
	Reshape__67:0=[1], 7
2026-01-29 11:09:37,081 - tf2onnx.tfonnx - DEBUG - Process node: point_net_1/feature_transform_1/MatMul
OP=BatchMatMulV2
Name=point_net_1/feature_transform_1/MatMul
Inputs:
	point_net_1/feature_transform_1/ExpandDims_1:0=Unsqueeze, [-1, 1, 256], 1
	point_net_1/feature_transform_1/MatMul/ReadVariableOp:0=Const, [256, 4096], 1
Outpus:
	point_net_1/feature_transform_1/MatMul:0=[-1, 1, 4096], 1
2026-01-29 11:09:37,081 - tf2onnx.tfonnx - DEBUG - Process node: point_net_1/feature_transform_1/Squeeze_1
OP=Squeeze
Name=point_net_1/feature_transform_1/Squeeze_1
Inputs:
	point_net_1/feature_transform_1/MatMul:0=MatMul, [-1, 1, 4096], 1
Outpus:
	point_net_1/feature_transform_1/Squeeze_1:0=[-1, 4096], 1
2026-01-29 11:09:37,082 - tf2onnx.graph - DEBUG - Making node: Name=axes_const__68, OP=Const
2026-01-29 11:09:37,082 - tf2onnx.graph - DEBUG - Made node: axes_const__68
OP=Const
Name=axes_const__68
Outpus:
	axes_const__68=None, 7
2026-01-29 11:09:37,082 - tf2onnx.tfonnx - DEBUG - Process node: point_net_1/feature_transform_1/Reshape
OP=Reshape
Name=point_net_1/feature_transform_1/Reshape
Inputs:
	point_net_1/feature_transform_1/Squeeze_1:0=Squeeze, [-1, 4096], 1
	point_net_1/feature_transform_1/Reshape/shape:0=Const, [3], 6
Outpus:
	point_net_1/feature_transform_1/Reshape:0=[-1, 64, 64], 1
2026-01-29 11:09:37,082 - tf2onnx.graph - DEBUG - Making node: Name=point_net_1/feature_transform_1/Reshape__69, OP=Cast
2026-01-29 11:09:37,082 - tf2onnx.graph - DEBUG - Infer shape and dtype for [point_net_1/feature_transform_1/Reshape__69]
2026-01-29 11:09:37,083 - tf2onnx.graph - DEBUG - Set dtype of [point_net_1/feature_transform_1/Reshape__69:0] to 7
2026-01-29 11:09:37,083 - tf2onnx.graph - DEBUG - Set shape of [point_net_1/feature_transform_1/Reshape__69:0] to [3]
2026-01-29 11:09:37,083 - tf2onnx.graph - DEBUG - Made node: point_net_1/feature_transform_1/Reshape__69
OP=Cast
Name=point_net_1/feature_transform_1/Reshape__69
Inputs:
	point_net_1/feature_transform_1/Reshape/shape:0=Const, [3], 6
Outpus:
	point_net_1/feature_transform_1/Reshape__69:0=[3], 7
2026-01-29 11:09:37,083 - tf2onnx.tfonnx - DEBUG - Process node: point_net_1/feature_transform_1/add
OP=AddV2
Name=point_net_1/feature_transform_1/add
Inputs:
	point_net_1/feature_transform_1/Reshape:0=Reshape, [-1, 64, 64], 1
	point_net_1/feature_transform_1/add/ReadVariableOp:0=Const, [64, 64], 1
Outpus:
	point_net_1/feature_transform_1/add:0=[-1, 64, 64], 1
2026-01-29 11:09:37,083 - tf2onnx.tfonnx - DEBUG - Process node: point_net_1/MatMul_1
OP=BatchMatMulV2
Name=point_net_1/MatMul_1
Inputs:
	point_net_1/Squeeze:0=Squeeze, [-1, 8192, 64], 1
	point_net_1/feature_transform_1/add:0=Add, [-1, 64, 64], 1
Outpus:
	point_net_1/MatMul_1:0=[-1, 8192, 64], 1
2026-01-29 11:09:37,084 - tf2onnx.tfonnx - DEBUG - Process node: point_net_1/ExpandDims_1
OP=ExpandDims
Name=point_net_1/ExpandDims_1
Inputs:
	point_net_1/MatMul_1:0=MatMul, [-1, 8192, 64], 1
	point_net_1/ExpandDims_1/dim:0=Const, [], 6
Outpus:
	point_net_1/ExpandDims_1:0=[-1, 8192, 1, 64], 1
2026-01-29 11:09:37,084 - tf2onnx.graph - DEBUG - Making node: Name=point_net_1/ExpandDims_1__70, OP=Cast
2026-01-29 11:09:37,084 - tf2onnx.graph - DEBUG - Infer shape and dtype for [point_net_1/ExpandDims_1__70]
2026-01-29 11:09:37,084 - tf2onnx.graph - DEBUG - Set dtype of [point_net_1/ExpandDims_1__70:0] to 7
2026-01-29 11:09:37,084 - tf2onnx.graph - DEBUG - Set shape of [point_net_1/ExpandDims_1__70:0] to []
2026-01-29 11:09:37,085 - tf2onnx.graph - DEBUG - Made node: point_net_1/ExpandDims_1__70
OP=Cast
Name=point_net_1/ExpandDims_1__70
Inputs:
	point_net_1/ExpandDims_1/dim:0=Const, [], 6
Outpus:
	point_net_1/ExpandDims_1__70:0=[], 7
2026-01-29 11:09:37,085 - tf2onnx.graph - DEBUG - Making node: Name=reshape_const__71, OP=Const
2026-01-29 11:09:37,085 - tf2onnx.graph - DEBUG - Made node: reshape_const__71
OP=Const
Name=reshape_const__71
Outpus:
	reshape_const__71=None, 7
2026-01-29 11:09:37,085 - tf2onnx.graph - DEBUG - Making node: Name=Reshape__72, OP=Reshape
2026-01-29 11:09:37,086 - tf2onnx.graph - DEBUG - Infer shape and dtype for [Reshape__72]
2026-01-29 11:09:37,086 - tf2onnx.graph - DEBUG - Set dtype of [Reshape__72:0] to 7
2026-01-29 11:09:37,086 - tf2onnx.graph - DEBUG - Set shape of [Reshape__72:0] to [1]
2026-01-29 11:09:37,087 - tf2onnx.graph - DEBUG - Made node: Reshape__72
OP=Reshape
Name=Reshape__72
Inputs:
	point_net_1/ExpandDims_1__70:0=Cast, [], 7
	reshape_const__71=Const, [1], 7
Outpus:
	Reshape__72:0=[1], 7
2026-01-29 11:09:37,087 - tf2onnx.tfonnx - DEBUG - Process node: point_net_1/s2_l1_64_convolution_layer_1/batch_normalization_12_1/batchnorm/mul_1
OP=Conv2D
Name=point_net_1/s2_l1_64_convolution_layer_1/batch_normalization_12_1/batchnorm/mul_1
Inputs:
	point_net_1/ExpandDims_1:0=Unsqueeze, [-1, 8192, 1, 64], 1
	point_net_1/s2_l1_64_convolution_layer_1/s2_l1_64_convolution_layer_1/convolution/merged_input:0=Const, [1, 1, 64, 64], 1
Outpus:
	point_net_1/s2_l1_64_convolution_layer_1/batch_normalization_12_1/batchnorm/mul_1:0=[-1, 8192, 1, 64], 1
2026-01-29 11:09:37,087 - tf2onnx.graph - DEBUG - Making node: Name=point_net_1/s2_l1_64_convolution_layer_1/batch_normalization_12_1/batchnorm/mul_1__73, OP=Transpose
2026-01-29 11:09:37,087 - tf2onnx.graph - DEBUG - Infer shape and dtype for [point_net_1/s2_l1_64_convolution_layer_1/batch_normalization_12_1/batchnorm/mul_1__73]
2026-01-29 11:09:37,087 - tf2onnx.graph - DEBUG - Set dtype of [point_net_1/s2_l1_64_convolution_layer_1/batch_normalization_12_1/batchnorm/mul_1__73:0] to 1
2026-01-29 11:09:37,088 - tf2onnx.graph - DEBUG - Set shape of [point_net_1/s2_l1_64_convolution_layer_1/batch_normalization_12_1/batchnorm/mul_1__73:0] to [64, 1, 8192, -1]
2026-01-29 11:09:37,088 - tf2onnx.graph - DEBUG - Made node: point_net_1/s2_l1_64_convolution_layer_1/batch_normalization_12_1/batchnorm/mul_1__73
OP=Transpose
Name=point_net_1/s2_l1_64_convolution_layer_1/batch_normalization_12_1/batchnorm/mul_1__73
Inputs:
	point_net_1/ExpandDims_1:0=Unsqueeze, [-1, 8192, 1, 64], 1
Outpus:
	point_net_1/s2_l1_64_convolution_layer_1/batch_normalization_12_1/batchnorm/mul_1__73:0=[64, 1, 8192, -1], 1
2026-01-29 11:09:37,089 - tf2onnx.graph - DEBUG - Making node: Name=point_net_1/s2_l1_64_convolution_layer_1/batch_normalization_12_1/batchnorm/mul_1__75, OP=Transpose
2026-01-29 11:09:37,089 - tf2onnx.graph - DEBUG - Infer shape and dtype for [point_net_1/s2_l1_64_convolution_layer_1/batch_normalization_12_1/batchnorm/mul_1__75]
2026-01-29 11:09:37,090 - tf2onnx.graph - DEBUG - Set dtype of [point_net_1/s2_l1_64_convolution_layer_1/batch_normalization_12_1/batchnorm/mul_1__75:0] to 1
2026-01-29 11:09:37,090 - tf2onnx.graph - DEBUG - Set shape of [point_net_1/s2_l1_64_convolution_layer_1/batch_normalization_12_1/batchnorm/mul_1__75:0] to [64, 1, 8192, -1]
2026-01-29 11:09:37,090 - tf2onnx.graph - DEBUG - Made node: point_net_1/s2_l1_64_convolution_layer_1/batch_normalization_12_1/batchnorm/mul_1__75
OP=Transpose
Name=point_net_1/s2_l1_64_convolution_layer_1/batch_normalization_12_1/batchnorm/mul_1__75
Inputs:
	point_net_1/s2_l1_64_convolution_layer_1/batch_normalization_12_1/batchnorm/mul_1:0=Conv, [-1, 8192, 1, 64], 1
Outpus:
	point_net_1/s2_l1_64_convolution_layer_1/batch_normalization_12_1/batchnorm/mul_1__75:0=[64, 1, 8192, -1], 1
2026-01-29 11:09:37,091 - tf2onnx.tfonnx - DEBUG - Process node: point_net_1/s2_l1_64_convolution_layer_1/batch_normalization_12_1/batchnorm/add_1
OP=AddV2
Name=point_net_1/s2_l1_64_convolution_layer_1/batch_normalization_12_1/batchnorm/add_1
Inputs:
	point_net_1/s2_l1_64_convolution_layer_1/batch_normalization_12_1/batchnorm/mul_1__75:0=Transpose, [-1, 8192, 1, 64], 1
	point_net_1/s2_l1_64_convolution_layer_1/batch_normalization_12_1/batchnorm/sub:0=Const, [64], 1
Outpus:
	point_net_1/s2_l1_64_convolution_layer_1/batch_normalization_12_1/batchnorm/add_1:0=[-1, 8192, 1, 64], 1
2026-01-29 11:09:37,091 - tf2onnx.tfonnx - DEBUG - Process node: point_net_1/s2_l1_64_convolution_layer_1/Relu
OP=Relu
Name=point_net_1/s2_l1_64_convolution_layer_1/Relu
Inputs:
	point_net_1/s2_l1_64_convolution_layer_1/batch_normalization_12_1/batchnorm/add_1:0=Add, [-1, 8192, 1, 64], 1
Outpus:
	point_net_1/s2_l1_64_convolution_layer_1/Relu:0=[-1, 8192, 1, 64], 1
2026-01-29 11:09:37,091 - tf2onnx.tfonnx - DEBUG - Process node: point_net_1/s2_l2_128_convolution_layer_1/batch_normalization_13_1/batchnorm/mul_1
OP=Conv2D
Name=point_net_1/s2_l2_128_convolution_layer_1/batch_normalization_13_1/batchnorm/mul_1
Inputs:
	point_net_1/s2_l1_64_convolution_layer_1/Relu:0=Relu, [-1, 8192, 1, 64], 1
	point_net_1/s2_l2_128_convolution_layer_1/s2_l2_128_convolution_layer_1/convolution/merged_input:0=Const, [1, 1, 64, 128], 1
Outpus:
	point_net_1/s2_l2_128_convolution_layer_1/batch_normalization_13_1/batchnorm/mul_1:0=[-1, 8192, 1, 128], 1
2026-01-29 11:09:37,091 - tf2onnx.graph - DEBUG - Making node: Name=point_net_1/s2_l2_128_convolution_layer_1/batch_normalization_13_1/batchnorm/mul_1__77, OP=Transpose
2026-01-29 11:09:37,092 - tf2onnx.graph - DEBUG - Infer shape and dtype for [point_net_1/s2_l2_128_convolution_layer_1/batch_normalization_13_1/batchnorm/mul_1__77]
2026-01-29 11:09:37,092 - tf2onnx.graph - DEBUG - Set dtype of [point_net_1/s2_l2_128_convolution_layer_1/batch_normalization_13_1/batchnorm/mul_1__77:0] to 1
2026-01-29 11:09:37,092 - tf2onnx.graph - DEBUG - Set shape of [point_net_1/s2_l2_128_convolution_layer_1/batch_normalization_13_1/batchnorm/mul_1__77:0] to [64, 1, 8192, -1]
2026-01-29 11:09:37,093 - tf2onnx.graph - DEBUG - Made node: point_net_1/s2_l2_128_convolution_layer_1/batch_normalization_13_1/batchnorm/mul_1__77
OP=Transpose
Name=point_net_1/s2_l2_128_convolution_layer_1/batch_normalization_13_1/batchnorm/mul_1__77
Inputs:
	point_net_1/s2_l1_64_convolution_layer_1/Relu:0=Relu, [-1, 8192, 1, 64], 1
Outpus:
	point_net_1/s2_l2_128_convolution_layer_1/batch_normalization_13_1/batchnorm/mul_1__77:0=[64, 1, 8192, -1], 1
2026-01-29 11:09:37,093 - tf2onnx.graph - DEBUG - Making node: Name=point_net_1/s2_l2_128_convolution_layer_1/batch_normalization_13_1/batchnorm/mul_1__79, OP=Transpose
2026-01-29 11:09:37,093 - tf2onnx.graph - DEBUG - Infer shape and dtype for [point_net_1/s2_l2_128_convolution_layer_1/batch_normalization_13_1/batchnorm/mul_1__79]
2026-01-29 11:09:37,094 - tf2onnx.graph - DEBUG - Set dtype of [point_net_1/s2_l2_128_convolution_layer_1/batch_normalization_13_1/batchnorm/mul_1__79:0] to 1
2026-01-29 11:09:37,094 - tf2onnx.graph - DEBUG - Set shape of [point_net_1/s2_l2_128_convolution_layer_1/batch_normalization_13_1/batchnorm/mul_1__79:0] to [128, 1, 8192, -1]
2026-01-29 11:09:37,094 - tf2onnx.graph - DEBUG - Made node: point_net_1/s2_l2_128_convolution_layer_1/batch_normalization_13_1/batchnorm/mul_1__79
OP=Transpose
Name=point_net_1/s2_l2_128_convolution_layer_1/batch_normalization_13_1/batchnorm/mul_1__79
Inputs:
	point_net_1/s2_l2_128_convolution_layer_1/batch_normalization_13_1/batchnorm/mul_1:0=Conv, [-1, 8192, 1, 128], 1
Outpus:
	point_net_1/s2_l2_128_convolution_layer_1/batch_normalization_13_1/batchnorm/mul_1__79:0=[128, 1, 8192, -1], 1
2026-01-29 11:09:37,094 - tf2onnx.tfonnx - DEBUG - Process node: point_net_1/s2_l2_128_convolution_layer_1/batch_normalization_13_1/batchnorm/add_1
OP=AddV2
Name=point_net_1/s2_l2_128_convolution_layer_1/batch_normalization_13_1/batchnorm/add_1
Inputs:
	point_net_1/s2_l2_128_convolution_layer_1/batch_normalization_13_1/batchnorm/mul_1__79:0=Transpose, [-1, 8192, 1, 128], 1
	point_net_1/s2_l2_128_convolution_layer_1/batch_normalization_13_1/batchnorm/sub:0=Const, [128], 1
Outpus:
	point_net_1/s2_l2_128_convolution_layer_1/batch_normalization_13_1/batchnorm/add_1:0=[-1, 8192, 1, 128], 1
2026-01-29 11:09:37,095 - tf2onnx.tfonnx - DEBUG - Process node: point_net_1/s2_l2_128_convolution_layer_1/Relu
OP=Relu
Name=point_net_1/s2_l2_128_convolution_layer_1/Relu
Inputs:
	point_net_1/s2_l2_128_convolution_layer_1/batch_normalization_13_1/batchnorm/add_1:0=Add, [-1, 8192, 1, 128], 1
Outpus:
	point_net_1/s2_l2_128_convolution_layer_1/Relu:0=[-1, 8192, 1, 128], 1
2026-01-29 11:09:37,095 - tf2onnx.tfonnx - DEBUG - Process node: point_net_1/s2_l3_1024_convolution_layer_1/batch_normalization_14_1/batchnorm/mul_1
OP=Conv2D
Name=point_net_1/s2_l3_1024_convolution_layer_1/batch_normalization_14_1/batchnorm/mul_1
Inputs:
	point_net_1/s2_l2_128_convolution_layer_1/Relu:0=Relu, [-1, 8192, 1, 128], 1
	point_net_1/s2_l3_1024_convolution_layer_1/s2_l3_1024_convolution_layer_1/convolution/merged_input:0=Const, [1, 1, 128, 1024], 1
Outpus:
	point_net_1/s2_l3_1024_convolution_layer_1/batch_normalization_14_1/batchnorm/mul_1:0=[-1, 8192, 1, 1024], 1
2026-01-29 11:09:37,095 - tf2onnx.graph - DEBUG - Making node: Name=point_net_1/s2_l3_1024_convolution_layer_1/batch_normalization_14_1/batchnorm/mul_1__81, OP=Transpose
2026-01-29 11:09:37,095 - tf2onnx.graph - DEBUG - Infer shape and dtype for [point_net_1/s2_l3_1024_convolution_layer_1/batch_normalization_14_1/batchnorm/mul_1__81]
2026-01-29 11:09:37,095 - tf2onnx.graph - DEBUG - Set dtype of [point_net_1/s2_l3_1024_convolution_layer_1/batch_normalization_14_1/batchnorm/mul_1__81:0] to 1
2026-01-29 11:09:37,096 - tf2onnx.graph - DEBUG - Set shape of [point_net_1/s2_l3_1024_convolution_layer_1/batch_normalization_14_1/batchnorm/mul_1__81:0] to [128, 1, 8192, -1]
2026-01-29 11:09:37,096 - tf2onnx.graph - DEBUG - Made node: point_net_1/s2_l3_1024_convolution_layer_1/batch_normalization_14_1/batchnorm/mul_1__81
OP=Transpose
Name=point_net_1/s2_l3_1024_convolution_layer_1/batch_normalization_14_1/batchnorm/mul_1__81
Inputs:
	point_net_1/s2_l2_128_convolution_layer_1/Relu:0=Relu, [-1, 8192, 1, 128], 1
Outpus:
	point_net_1/s2_l3_1024_convolution_layer_1/batch_normalization_14_1/batchnorm/mul_1__81:0=[128, 1, 8192, -1], 1
2026-01-29 11:09:37,097 - tf2onnx.graph - DEBUG - Making node: Name=point_net_1/s2_l3_1024_convolution_layer_1/batch_normalization_14_1/batchnorm/mul_1__83, OP=Transpose
2026-01-29 11:09:37,097 - tf2onnx.graph - DEBUG - Infer shape and dtype for [point_net_1/s2_l3_1024_convolution_layer_1/batch_normalization_14_1/batchnorm/mul_1__83]
2026-01-29 11:09:37,097 - tf2onnx.graph - DEBUG - Set dtype of [point_net_1/s2_l3_1024_convolution_layer_1/batch_normalization_14_1/batchnorm/mul_1__83:0] to 1
2026-01-29 11:09:37,098 - tf2onnx.graph - DEBUG - Set shape of [point_net_1/s2_l3_1024_convolution_layer_1/batch_normalization_14_1/batchnorm/mul_1__83:0] to [1024, 1, 8192, -1]
2026-01-29 11:09:37,098 - tf2onnx.graph - DEBUG - Made node: point_net_1/s2_l3_1024_convolution_layer_1/batch_normalization_14_1/batchnorm/mul_1__83
OP=Transpose
Name=point_net_1/s2_l3_1024_convolution_layer_1/batch_normalization_14_1/batchnorm/mul_1__83
Inputs:
	point_net_1/s2_l3_1024_convolution_layer_1/batch_normalization_14_1/batchnorm/mul_1:0=Conv, [-1, 8192, 1, 1024], 1
Outpus:
	point_net_1/s2_l3_1024_convolution_layer_1/batch_normalization_14_1/batchnorm/mul_1__83:0=[1024, 1, 8192, -1], 1
2026-01-29 11:09:37,098 - tf2onnx.tfonnx - DEBUG - Process node: point_net_1/s2_l3_1024_convolution_layer_1/batch_normalization_14_1/batchnorm/add_1
OP=AddV2
Name=point_net_1/s2_l3_1024_convolution_layer_1/batch_normalization_14_1/batchnorm/add_1
Inputs:
	point_net_1/s2_l3_1024_convolution_layer_1/batch_normalization_14_1/batchnorm/mul_1__83:0=Transpose, [-1, 8192, 1, 1024], 1
	point_net_1/s2_l3_1024_convolution_layer_1/batch_normalization_14_1/batchnorm/sub:0=Const, [1024], 1
Outpus:
	point_net_1/s2_l3_1024_convolution_layer_1/batch_normalization_14_1/batchnorm/add_1:0=[-1, 8192, 1, 1024], 1
2026-01-29 11:09:37,098 - tf2onnx.tfonnx - DEBUG - Process node: point_net_1/s2_l3_1024_convolution_layer_1/Relu
OP=Relu
Name=point_net_1/s2_l3_1024_convolution_layer_1/Relu
Inputs:
	point_net_1/s2_l3_1024_convolution_layer_1/batch_normalization_14_1/batchnorm/add_1:0=Add, [-1, 8192, 1, 1024], 1
Outpus:
	point_net_1/s2_l3_1024_convolution_layer_1/Relu:0=[-1, 8192, 1, 1024], 1
2026-01-29 11:09:37,098 - tf2onnx.tfonnx - DEBUG - Process node: point_net_1/Squeeze_1
OP=Squeeze
Name=point_net_1/Squeeze_1
Inputs:
	point_net_1/s2_l3_1024_convolution_layer_1/Relu:0=Relu, [-1, 8192, 1, 1024], 1
Outpus:
	point_net_1/Squeeze_1:0=[-1, 8192, 1024], 1
2026-01-29 11:09:37,099 - tf2onnx.graph - DEBUG - Making node: Name=axes_const__85, OP=Const
2026-01-29 11:09:37,099 - tf2onnx.graph - DEBUG - Made node: axes_const__85
OP=Const
Name=axes_const__85
Outpus:
	axes_const__85=None, 7
2026-01-29 11:09:37,099 - tf2onnx.tfonnx - DEBUG - Process node: point_net_1/Max
OP=Max
Name=point_net_1/Max
Inputs:
	point_net_1/Squeeze_1:0=Squeeze, [-1, 8192, 1024], 1
	point_net_1/Max/reduction_indices:0=Const, [], 6
Outpus:
	point_net_1/Max:0=[-1, 1024], 1
2026-01-29 11:09:37,100 - tf2onnx.tfonnx - DEBUG - Process node: point_net_1/s3_l1_512_dense_layer_1/s3_l1_512_dense_layer_1/MatMul
OP=MatMul
Name=point_net_1/s3_l1_512_dense_layer_1/s3_l1_512_dense_layer_1/MatMul
Inputs:
	point_net_1/Max:0=ReduceMax, [-1, 1024], 1
	point_net_1/s3_l1_512_dense_layer_1/s3_l1_512_dense_layer_1/Cast/ReadVariableOp:0=Const, [1024, 512], 1
Outpus:
	point_net_1/s3_l1_512_dense_layer_1/s3_l1_512_dense_layer_1/MatMul:0=[-1, 512], 1
2026-01-29 11:09:37,100 - tf2onnx.tfonnx - DEBUG - Process node: point_net_1/s3_l1_512_dense_layer_1/batch_normalization_15_1/batchnorm/mul_1
OP=Mul
Name=point_net_1/s3_l1_512_dense_layer_1/batch_normalization_15_1/batchnorm/mul_1
Inputs:
	point_net_1/s3_l1_512_dense_layer_1/s3_l1_512_dense_layer_1/MatMul:0=MatMul, [-1, 512], 1
	point_net_1/s3_l1_512_dense_layer_1/batch_normalization_15_1/batchnorm/mul:0=Const, [512], 1
Outpus:
	point_net_1/s3_l1_512_dense_layer_1/batch_normalization_15_1/batchnorm/mul_1:0=[-1, 512], 1
2026-01-29 11:09:37,100 - tf2onnx.tfonnx - DEBUG - Process node: point_net_1/s3_l1_512_dense_layer_1/batch_normalization_15_1/batchnorm/add_1
OP=AddV2
Name=point_net_1/s3_l1_512_dense_layer_1/batch_normalization_15_1/batchnorm/add_1
Inputs:
	point_net_1/s3_l1_512_dense_layer_1/batch_normalization_15_1/batchnorm/mul_1:0=Mul, [-1, 512], 1
	point_net_1/s3_l1_512_dense_layer_1/batch_normalization_15_1/batchnorm/sub:0=Const, [512], 1
Outpus:
	point_net_1/s3_l1_512_dense_layer_1/batch_normalization_15_1/batchnorm/add_1:0=[-1, 512], 1
2026-01-29 11:09:37,100 - tf2onnx.tfonnx - DEBUG - Process node: point_net_1/s3_l1_512_dense_layer_1/Relu
OP=Relu
Name=point_net_1/s3_l1_512_dense_layer_1/Relu
Inputs:
	point_net_1/s3_l1_512_dense_layer_1/batch_normalization_15_1/batchnorm/add_1:0=Add, [-1, 512], 1
Outpus:
	point_net_1/s3_l1_512_dense_layer_1/Relu:0=[-1, 512], 1
2026-01-29 11:09:37,100 - tf2onnx.tfonnx - DEBUG - Process node: point_net_1/s3_l2_256_dense_layer_1/s3_l2_256_dense_layer_1/MatMul
OP=MatMul
Name=point_net_1/s3_l2_256_dense_layer_1/s3_l2_256_dense_layer_1/MatMul
Inputs:
	point_net_1/s3_l1_512_dense_layer_1/Relu:0=Relu, [-1, 512], 1
	point_net_1/s3_l2_256_dense_layer_1/s3_l2_256_dense_layer_1/Cast/ReadVariableOp:0=Const, [512, 256], 1
Outpus:
	point_net_1/s3_l2_256_dense_layer_1/s3_l2_256_dense_layer_1/MatMul:0=[-1, 256], 1
2026-01-29 11:09:37,100 - tf2onnx.tfonnx - DEBUG - Process node: point_net_1/s3_l2_256_dense_layer_1/batch_normalization_16_1/batchnorm/mul_1
OP=Mul
Name=point_net_1/s3_l2_256_dense_layer_1/batch_normalization_16_1/batchnorm/mul_1
Inputs:
	point_net_1/s3_l2_256_dense_layer_1/s3_l2_256_dense_layer_1/MatMul:0=MatMul, [-1, 256], 1
	point_net_1/s3_l2_256_dense_layer_1/batch_normalization_16_1/batchnorm/mul:0=Const, [256], 1
Outpus:
	point_net_1/s3_l2_256_dense_layer_1/batch_normalization_16_1/batchnorm/mul_1:0=[-1, 256], 1
2026-01-29 11:09:37,101 - tf2onnx.tfonnx - DEBUG - Process node: point_net_1/s3_l2_256_dense_layer_1/batch_normalization_16_1/batchnorm/add_1
OP=AddV2
Name=point_net_1/s3_l2_256_dense_layer_1/batch_normalization_16_1/batchnorm/add_1
Inputs:
	point_net_1/s3_l2_256_dense_layer_1/batch_normalization_16_1/batchnorm/mul_1:0=Mul, [-1, 256], 1
	point_net_1/s3_l2_256_dense_layer_1/batch_normalization_16_1/batchnorm/sub:0=Const, [256], 1
Outpus:
	point_net_1/s3_l2_256_dense_layer_1/batch_normalization_16_1/batchnorm/add_1:0=[-1, 256], 1
2026-01-29 11:09:37,101 - tf2onnx.tfonnx - DEBUG - Process node: point_net_1/s3_l2_256_dense_layer_1/Relu
OP=Relu
Name=point_net_1/s3_l2_256_dense_layer_1/Relu
Inputs:
	point_net_1/s3_l2_256_dense_layer_1/batch_normalization_16_1/batchnorm/add_1:0=Add, [-1, 256], 1
Outpus:
	point_net_1/s3_l2_256_dense_layer_1/Relu:0=[-1, 256], 1
2026-01-29 11:09:37,101 - tf2onnx.tfonnx - DEBUG - Process node: point_net_1/output_dense_layer_1/output_dense_layer_1/MatMul
OP=MatMul
Name=point_net_1/output_dense_layer_1/output_dense_layer_1/MatMul
Inputs:
	point_net_1/s3_l2_256_dense_layer_1/Relu:0=Relu, [-1, 256], 1
	point_net_1/output_dense_layer_1/output_dense_layer_1/Cast/ReadVariableOp:0=Const, [256, 23], 1
Outpus:
	point_net_1/output_dense_layer_1/output_dense_layer_1/MatMul:0=[-1, 23], 1
2026-01-29 11:09:37,101 - tf2onnx.tfonnx - DEBUG - Process node: point_net_1/output_dense_layer_1/output_dense_layer_1/BiasAdd
OP=BiasAdd
Name=point_net_1/output_dense_layer_1/output_dense_layer_1/BiasAdd
Inputs:
	point_net_1/output_dense_layer_1/output_dense_layer_1/MatMul:0=MatMul, [-1, 23], 1
	point_net_1/output_dense_layer_1/output_dense_layer_1/BiasAdd/ReadVariableOp:0=Const, [23], 1
Outpus:
	point_net_1/output_dense_layer_1/output_dense_layer_1/BiasAdd:0=[-1, 23], 1
2026-01-29 11:09:37,102 - tf2onnx.tfonnx - DEBUG - Process node: point_net_1/output_dense_layer_1/Softmax
OP=Softmax
Name=point_net_1/output_dense_layer_1/Softmax
Inputs:
	point_net_1/output_dense_layer_1/output_dense_layer_1/BiasAdd:0=Add, [-1, 23], 1
Outpus:
	point_net_1/output_dense_layer_1/Softmax:0=[-1, 23], 1
2026-01-29 11:09:37,102 - tf2onnx.tfonnx - DEBUG - Process node: point_net_1/ExpandDims_2
OP=ExpandDims
Name=point_net_1/ExpandDims_2
Inputs:
	point_net_1/Max:0=ReduceMax, [-1, 1024], 1
	point_net_1/ExpandDims_2/dim:0=Const, [], 6
Outpus:
	point_net_1/ExpandDims_2:0=[-1, 1, 1024], 1
2026-01-29 11:09:37,102 - tf2onnx.graph - DEBUG - Making node: Name=point_net_1/ExpandDims_2__86, OP=Cast
2026-01-29 11:09:37,102 - tf2onnx.graph - DEBUG - Infer shape and dtype for [point_net_1/ExpandDims_2__86]
2026-01-29 11:09:37,102 - tf2onnx.graph - DEBUG - Set dtype of [point_net_1/ExpandDims_2__86:0] to 7
2026-01-29 11:09:37,103 - tf2onnx.graph - DEBUG - Set shape of [point_net_1/ExpandDims_2__86:0] to []
2026-01-29 11:09:37,103 - tf2onnx.graph - DEBUG - Made node: point_net_1/ExpandDims_2__86
OP=Cast
Name=point_net_1/ExpandDims_2__86
Inputs:
	point_net_1/ExpandDims_2/dim:0=Const, [], 6
Outpus:
	point_net_1/ExpandDims_2__86:0=[], 7
2026-01-29 11:09:37,103 - tf2onnx.graph - DEBUG - Making node: Name=reshape_const__87, OP=Const
2026-01-29 11:09:37,103 - tf2onnx.graph - DEBUG - Made node: reshape_const__87
OP=Const
Name=reshape_const__87
Outpus:
	reshape_const__87=None, 7
2026-01-29 11:09:37,103 - tf2onnx.graph - DEBUG - Making node: Name=Reshape__88, OP=Reshape
2026-01-29 11:09:37,104 - tf2onnx.graph - DEBUG - Infer shape and dtype for [Reshape__88]
2026-01-29 11:09:37,104 - tf2onnx.graph - DEBUG - Set dtype of [Reshape__88:0] to 7
2026-01-29 11:09:37,104 - tf2onnx.graph - DEBUG - Set shape of [Reshape__88:0] to [1]
2026-01-29 11:09:37,104 - tf2onnx.graph - DEBUG - Made node: Reshape__88
OP=Reshape
Name=Reshape__88
Inputs:
	point_net_1/ExpandDims_2__86:0=Cast, [], 7
	reshape_const__87=Const, [1], 7
Outpus:
	Reshape__88:0=[1], 7
2026-01-29 11:09:37,105 - tf2onnx.tfonnx - DEBUG - Process node: point_net_1/Tile
OP=Tile
Name=point_net_1/Tile
Inputs:
	point_net_1/ExpandDims_2:0=Unsqueeze, [-1, 1, 1024], 1
	point_net_1/Tile/multiples:0=Const, [3], 6
Outpus:
	point_net_1/Tile:0=[-1, 8192, 1024], 1
2026-01-29 11:09:37,105 - tf2onnx.graph - DEBUG - Making node: Name=point_net_1/Tile__89, OP=Cast
2026-01-29 11:09:37,105 - tf2onnx.graph - DEBUG - Infer shape and dtype for [point_net_1/Tile__89]
2026-01-29 11:09:37,107 - tf2onnx.graph - DEBUG - Set dtype of [point_net_1/Tile__89:0] to 7
2026-01-29 11:09:37,107 - tf2onnx.graph - DEBUG - Set shape of [point_net_1/Tile__89:0] to [3]
2026-01-29 11:09:37,108 - tf2onnx.graph - DEBUG - Made node: point_net_1/Tile__89
OP=Cast
Name=point_net_1/Tile__89
Inputs:
	point_net_1/Tile/multiples:0=Const, [3], 6
Outpus:
	point_net_1/Tile__89:0=[3], 7
2026-01-29 11:09:37,108 - tf2onnx.tfonnx - DEBUG - Process node: point_net_1/concat
OP=ConcatV2
Name=point_net_1/concat
Inputs:
	point_net_1/MatMul_1:0=MatMul, [-1, 8192, 64], 1
	point_net_1/Tile:0=Tile, [-1, 8192, 1024], 1
	point_net_1/concat/axis:0=Const, [], 6
Outpus:
	point_net_1/concat:0=[-1, 8192, 1088], 1
2026-01-29 11:09:37,108 - tf2onnx.tfonnx - DEBUG - Process node: point_net_1/ExpandDims_3
OP=ExpandDims
Name=point_net_1/ExpandDims_3
Inputs:
	point_net_1/concat:0=Concat, [-1, 8192, 1088], 1
	point_net_1/ExpandDims_3/dim:0=Const, [], 6
Outpus:
	point_net_1/ExpandDims_3:0=[-1, 8192, 1, 1088], 1
2026-01-29 11:09:37,109 - tf2onnx.graph - DEBUG - Making node: Name=point_net_1/ExpandDims_3__90, OP=Cast
2026-01-29 11:09:37,109 - tf2onnx.graph - DEBUG - Infer shape and dtype for [point_net_1/ExpandDims_3__90]
2026-01-29 11:09:37,109 - tf2onnx.graph - DEBUG - Set dtype of [point_net_1/ExpandDims_3__90:0] to 7
2026-01-29 11:09:37,109 - tf2onnx.graph - DEBUG - Set shape of [point_net_1/ExpandDims_3__90:0] to []
2026-01-29 11:09:37,110 - tf2onnx.graph - DEBUG - Made node: point_net_1/ExpandDims_3__90
OP=Cast
Name=point_net_1/ExpandDims_3__90
Inputs:
	point_net_1/ExpandDims_3/dim:0=Const, [], 6
Outpus:
	point_net_1/ExpandDims_3__90:0=[], 7
2026-01-29 11:09:37,110 - tf2onnx.graph - DEBUG - Making node: Name=reshape_const__91, OP=Const
2026-01-29 11:09:37,110 - tf2onnx.graph - DEBUG - Made node: reshape_const__91
OP=Const
Name=reshape_const__91
Outpus:
	reshape_const__91=None, 7
2026-01-29 11:09:37,110 - tf2onnx.graph - DEBUG - Making node: Name=Reshape__92, OP=Reshape
2026-01-29 11:09:37,111 - tf2onnx.graph - DEBUG - Infer shape and dtype for [Reshape__92]
2026-01-29 11:09:37,111 - tf2onnx.graph - DEBUG - Set dtype of [Reshape__92:0] to 7
2026-01-29 11:09:37,111 - tf2onnx.graph - DEBUG - Set shape of [Reshape__92:0] to [1]
2026-01-29 11:09:37,111 - tf2onnx.graph - DEBUG - Made node: Reshape__92
OP=Reshape
Name=Reshape__92
Inputs:
	point_net_1/ExpandDims_3__90:0=Cast, [], 7
	reshape_const__91=Const, [1], 7
Outpus:
	Reshape__92:0=[1], 7
2026-01-29 11:09:37,112 - tf2onnx.tfonnx - DEBUG - Process node: point_net_1/seg_l1_512_convolution_layer_1/batch_normalization_17_1/batchnorm/mul_1
OP=Conv2D
Name=point_net_1/seg_l1_512_convolution_layer_1/batch_normalization_17_1/batchnorm/mul_1
Inputs:
	point_net_1/ExpandDims_3:0=Unsqueeze, [-1, 8192, 1, 1088], 1
	point_net_1/seg_l1_512_convolution_layer_1/seg_l1_512_convolution_layer_1/convolution/merged_input:0=Const, [1, 1, 1088, 512], 1
Outpus:
	point_net_1/seg_l1_512_convolution_layer_1/batch_normalization_17_1/batchnorm/mul_1:0=[-1, 8192, 1, 512], 1
2026-01-29 11:09:37,112 - tf2onnx.graph - DEBUG - Making node: Name=point_net_1/seg_l1_512_convolution_layer_1/batch_normalization_17_1/batchnorm/mul_1__93, OP=Transpose
2026-01-29 11:09:37,112 - tf2onnx.graph - DEBUG - Infer shape and dtype for [point_net_1/seg_l1_512_convolution_layer_1/batch_normalization_17_1/batchnorm/mul_1__93]
2026-01-29 11:09:37,112 - tf2onnx.graph - DEBUG - Set dtype of [point_net_1/seg_l1_512_convolution_layer_1/batch_normalization_17_1/batchnorm/mul_1__93:0] to 1
2026-01-29 11:09:37,112 - tf2onnx.graph - DEBUG - Set shape of [point_net_1/seg_l1_512_convolution_layer_1/batch_normalization_17_1/batchnorm/mul_1__93:0] to [1088, 1, 8192, -1]
2026-01-29 11:09:37,113 - tf2onnx.graph - DEBUG - Made node: point_net_1/seg_l1_512_convolution_layer_1/batch_normalization_17_1/batchnorm/mul_1__93
OP=Transpose
Name=point_net_1/seg_l1_512_convolution_layer_1/batch_normalization_17_1/batchnorm/mul_1__93
Inputs:
	point_net_1/ExpandDims_3:0=Unsqueeze, [-1, 8192, 1, 1088], 1
Outpus:
	point_net_1/seg_l1_512_convolution_layer_1/batch_normalization_17_1/batchnorm/mul_1__93:0=[1088, 1, 8192, -1], 1
2026-01-29 11:09:37,118 - tf2onnx.graph - DEBUG - Making node: Name=point_net_1/seg_l1_512_convolution_layer_1/batch_normalization_17_1/batchnorm/mul_1__95, OP=Transpose
2026-01-29 11:09:37,118 - tf2onnx.graph - DEBUG - Infer shape and dtype for [point_net_1/seg_l1_512_convolution_layer_1/batch_normalization_17_1/batchnorm/mul_1__95]
2026-01-29 11:09:37,118 - tf2onnx.graph - DEBUG - Set dtype of [point_net_1/seg_l1_512_convolution_layer_1/batch_normalization_17_1/batchnorm/mul_1__95:0] to 1
2026-01-29 11:09:37,119 - tf2onnx.graph - DEBUG - Set shape of [point_net_1/seg_l1_512_convolution_layer_1/batch_normalization_17_1/batchnorm/mul_1__95:0] to [512, 1, 8192, -1]
2026-01-29 11:09:37,119 - tf2onnx.graph - DEBUG - Made node: point_net_1/seg_l1_512_convolution_layer_1/batch_normalization_17_1/batchnorm/mul_1__95
OP=Transpose
Name=point_net_1/seg_l1_512_convolution_layer_1/batch_normalization_17_1/batchnorm/mul_1__95
Inputs:
	point_net_1/seg_l1_512_convolution_layer_1/batch_normalization_17_1/batchnorm/mul_1:0=Conv, [-1, 8192, 1, 512], 1
Outpus:
	point_net_1/seg_l1_512_convolution_layer_1/batch_normalization_17_1/batchnorm/mul_1__95:0=[512, 1, 8192, -1], 1
2026-01-29 11:09:37,119 - tf2onnx.tfonnx - DEBUG - Process node: point_net_1/seg_l1_512_convolution_layer_1/Relu
OP=Relu
Name=point_net_1/seg_l1_512_convolution_layer_1/Relu
Inputs:
	point_net_1/seg_l1_512_convolution_layer_1/batch_normalization_17_1/batchnorm/mul_1__95:0=Transpose, [-1, 8192, 1, 512], 1
Outpus:
	point_net_1/seg_l1_512_convolution_layer_1/Relu:0=[-1, 8192, 1, 512], 1
2026-01-29 11:09:37,119 - tf2onnx.tfonnx - DEBUG - Process node: point_net_1/seg_l2_256_convolution_layer_1/batch_normalization_18_1/batchnorm/mul_1
OP=Conv2D
Name=point_net_1/seg_l2_256_convolution_layer_1/batch_normalization_18_1/batchnorm/mul_1
Inputs:
	point_net_1/seg_l1_512_convolution_layer_1/Relu:0=Relu, [-1, 8192, 1, 512], 1
	point_net_1/seg_l2_256_convolution_layer_1/seg_l2_256_convolution_layer_1/convolution/merged_input:0=Const, [1, 1, 512, 256], 1
Outpus:
	point_net_1/seg_l2_256_convolution_layer_1/batch_normalization_18_1/batchnorm/mul_1:0=[-1, 8192, 1, 256], 1
2026-01-29 11:09:37,120 - tf2onnx.graph - DEBUG - Making node: Name=point_net_1/seg_l2_256_convolution_layer_1/batch_normalization_18_1/batchnorm/mul_1__97, OP=Transpose
2026-01-29 11:09:37,120 - tf2onnx.graph - DEBUG - Infer shape and dtype for [point_net_1/seg_l2_256_convolution_layer_1/batch_normalization_18_1/batchnorm/mul_1__97]
2026-01-29 11:09:37,120 - tf2onnx.graph - DEBUG - Set dtype of [point_net_1/seg_l2_256_convolution_layer_1/batch_normalization_18_1/batchnorm/mul_1__97:0] to 1
2026-01-29 11:09:37,120 - tf2onnx.graph - DEBUG - Set shape of [point_net_1/seg_l2_256_convolution_layer_1/batch_normalization_18_1/batchnorm/mul_1__97:0] to [512, 1, 8192, -1]
2026-01-29 11:09:37,121 - tf2onnx.graph - DEBUG - Made node: point_net_1/seg_l2_256_convolution_layer_1/batch_normalization_18_1/batchnorm/mul_1__97
OP=Transpose
Name=point_net_1/seg_l2_256_convolution_layer_1/batch_normalization_18_1/batchnorm/mul_1__97
Inputs:
	point_net_1/seg_l1_512_convolution_layer_1/Relu:0=Relu, [-1, 8192, 1, 512], 1
Outpus:
	point_net_1/seg_l2_256_convolution_layer_1/batch_normalization_18_1/batchnorm/mul_1__97:0=[512, 1, 8192, -1], 1
2026-01-29 11:09:37,122 - tf2onnx.graph - DEBUG - Making node: Name=point_net_1/seg_l2_256_convolution_layer_1/batch_normalization_18_1/batchnorm/mul_1__99, OP=Transpose
2026-01-29 11:09:37,122 - tf2onnx.graph - DEBUG - Infer shape and dtype for [point_net_1/seg_l2_256_convolution_layer_1/batch_normalization_18_1/batchnorm/mul_1__99]
2026-01-29 11:09:37,122 - tf2onnx.graph - DEBUG - Set dtype of [point_net_1/seg_l2_256_convolution_layer_1/batch_normalization_18_1/batchnorm/mul_1__99:0] to 1
2026-01-29 11:09:37,123 - tf2onnx.graph - DEBUG - Set shape of [point_net_1/seg_l2_256_convolution_layer_1/batch_normalization_18_1/batchnorm/mul_1__99:0] to [256, 1, 8192, -1]
2026-01-29 11:09:37,123 - tf2onnx.graph - DEBUG - Made node: point_net_1/seg_l2_256_convolution_layer_1/batch_normalization_18_1/batchnorm/mul_1__99
OP=Transpose
Name=point_net_1/seg_l2_256_convolution_layer_1/batch_normalization_18_1/batchnorm/mul_1__99
Inputs:
	point_net_1/seg_l2_256_convolution_layer_1/batch_normalization_18_1/batchnorm/mul_1:0=Conv, [-1, 8192, 1, 256], 1
Outpus:
	point_net_1/seg_l2_256_convolution_layer_1/batch_normalization_18_1/batchnorm/mul_1__99:0=[256, 1, 8192, -1], 1
2026-01-29 11:09:37,123 - tf2onnx.tfonnx - DEBUG - Process node: point_net_1/seg_l2_256_convolution_layer_1/Relu
OP=Relu
Name=point_net_1/seg_l2_256_convolution_layer_1/Relu
Inputs:
	point_net_1/seg_l2_256_convolution_layer_1/batch_normalization_18_1/batchnorm/mul_1__99:0=Transpose, [-1, 8192, 1, 256], 1
Outpus:
	point_net_1/seg_l2_256_convolution_layer_1/Relu:0=[-1, 8192, 1, 256], 1
2026-01-29 11:09:37,124 - tf2onnx.tfonnx - DEBUG - Process node: point_net_1/seg_l3_128_convolution_layer_1/batch_normalization_19_1/batchnorm/mul_1
OP=Conv2D
Name=point_net_1/seg_l3_128_convolution_layer_1/batch_normalization_19_1/batchnorm/mul_1
Inputs:
	point_net_1/seg_l2_256_convolution_layer_1/Relu:0=Relu, [-1, 8192, 1, 256], 1
	point_net_1/seg_l3_128_convolution_layer_1/seg_l3_128_convolution_layer_1/convolution/merged_input:0=Const, [1, 1, 256, 128], 1
Outpus:
	point_net_1/seg_l3_128_convolution_layer_1/batch_normalization_19_1/batchnorm/mul_1:0=[-1, 8192, 1, 128], 1
2026-01-29 11:09:37,124 - tf2onnx.graph - DEBUG - Making node: Name=point_net_1/seg_l3_128_convolution_layer_1/batch_normalization_19_1/batchnorm/mul_1__101, OP=Transpose
2026-01-29 11:09:37,124 - tf2onnx.graph - DEBUG - Infer shape and dtype for [point_net_1/seg_l3_128_convolution_layer_1/batch_normalization_19_1/batchnorm/mul_1__101]
2026-01-29 11:09:37,125 - tf2onnx.graph - DEBUG - Set dtype of [point_net_1/seg_l3_128_convolution_layer_1/batch_normalization_19_1/batchnorm/mul_1__101:0] to 1
2026-01-29 11:09:37,125 - tf2onnx.graph - DEBUG - Set shape of [point_net_1/seg_l3_128_convolution_layer_1/batch_normalization_19_1/batchnorm/mul_1__101:0] to [256, 1, 8192, -1]
2026-01-29 11:09:37,125 - tf2onnx.graph - DEBUG - Made node: point_net_1/seg_l3_128_convolution_layer_1/batch_normalization_19_1/batchnorm/mul_1__101
OP=Transpose
Name=point_net_1/seg_l3_128_convolution_layer_1/batch_normalization_19_1/batchnorm/mul_1__101
Inputs:
	point_net_1/seg_l2_256_convolution_layer_1/Relu:0=Relu, [-1, 8192, 1, 256], 1
Outpus:
	point_net_1/seg_l3_128_convolution_layer_1/batch_normalization_19_1/batchnorm/mul_1__101:0=[256, 1, 8192, -1], 1
2026-01-29 11:09:37,125 - tf2onnx.graph - DEBUG - Making node: Name=point_net_1/seg_l3_128_convolution_layer_1/batch_normalization_19_1/batchnorm/mul_1__103, OP=Transpose
2026-01-29 11:09:37,126 - tf2onnx.graph - DEBUG - Infer shape and dtype for [point_net_1/seg_l3_128_convolution_layer_1/batch_normalization_19_1/batchnorm/mul_1__103]
2026-01-29 11:09:37,126 - tf2onnx.graph - DEBUG - Set dtype of [point_net_1/seg_l3_128_convolution_layer_1/batch_normalization_19_1/batchnorm/mul_1__103:0] to 1
2026-01-29 11:09:37,126 - tf2onnx.graph - DEBUG - Set shape of [point_net_1/seg_l3_128_convolution_layer_1/batch_normalization_19_1/batchnorm/mul_1__103:0] to [128, 1, 8192, -1]
2026-01-29 11:09:37,126 - tf2onnx.graph - DEBUG - Made node: point_net_1/seg_l3_128_convolution_layer_1/batch_normalization_19_1/batchnorm/mul_1__103
OP=Transpose
Name=point_net_1/seg_l3_128_convolution_layer_1/batch_normalization_19_1/batchnorm/mul_1__103
Inputs:
	point_net_1/seg_l3_128_convolution_layer_1/batch_normalization_19_1/batchnorm/mul_1:0=Conv, [-1, 8192, 1, 128], 1
Outpus:
	point_net_1/seg_l3_128_convolution_layer_1/batch_normalization_19_1/batchnorm/mul_1__103:0=[128, 1, 8192, -1], 1
2026-01-29 11:09:37,127 - tf2onnx.tfonnx - DEBUG - Process node: point_net_1/seg_l3_128_convolution_layer_1/Relu
OP=Relu
Name=point_net_1/seg_l3_128_convolution_layer_1/Relu
Inputs:
	point_net_1/seg_l3_128_convolution_layer_1/batch_normalization_19_1/batchnorm/mul_1__103:0=Transpose, [-1, 8192, 1, 128], 1
Outpus:
	point_net_1/seg_l3_128_convolution_layer_1/Relu:0=[-1, 8192, 1, 128], 1
2026-01-29 11:09:37,127 - tf2onnx.tfonnx - DEBUG - Process node: point_net_1/seg_l4_128_convolution_layer_1/batch_normalization_20_1/batchnorm/mul_1
OP=Conv2D
Name=point_net_1/seg_l4_128_convolution_layer_1/batch_normalization_20_1/batchnorm/mul_1
Inputs:
	point_net_1/seg_l3_128_convolution_layer_1/Relu:0=Relu, [-1, 8192, 1, 128], 1
	point_net_1/seg_l4_128_convolution_layer_1/seg_l4_128_convolution_layer_1/convolution/merged_input:0=Const, [1, 1, 128, 128], 1
Outpus:
	point_net_1/seg_l4_128_convolution_layer_1/batch_normalization_20_1/batchnorm/mul_1:0=[-1, 8192, 1, 128], 1
2026-01-29 11:09:37,127 - tf2onnx.graph - DEBUG - Making node: Name=point_net_1/seg_l4_128_convolution_layer_1/batch_normalization_20_1/batchnorm/mul_1__105, OP=Transpose
2026-01-29 11:09:37,128 - tf2onnx.graph - DEBUG - Infer shape and dtype for [point_net_1/seg_l4_128_convolution_layer_1/batch_normalization_20_1/batchnorm/mul_1__105]
2026-01-29 11:09:37,128 - tf2onnx.graph - DEBUG - Set dtype of [point_net_1/seg_l4_128_convolution_layer_1/batch_normalization_20_1/batchnorm/mul_1__105:0] to 1
2026-01-29 11:09:37,128 - tf2onnx.graph - DEBUG - Set shape of [point_net_1/seg_l4_128_convolution_layer_1/batch_normalization_20_1/batchnorm/mul_1__105:0] to [128, 1, 8192, -1]
2026-01-29 11:09:37,128 - tf2onnx.graph - DEBUG - Made node: point_net_1/seg_l4_128_convolution_layer_1/batch_normalization_20_1/batchnorm/mul_1__105
OP=Transpose
Name=point_net_1/seg_l4_128_convolution_layer_1/batch_normalization_20_1/batchnorm/mul_1__105
Inputs:
	point_net_1/seg_l3_128_convolution_layer_1/Relu:0=Relu, [-1, 8192, 1, 128], 1
Outpus:
	point_net_1/seg_l4_128_convolution_layer_1/batch_normalization_20_1/batchnorm/mul_1__105:0=[128, 1, 8192, -1], 1
2026-01-29 11:09:37,129 - tf2onnx.graph - DEBUG - Making node: Name=point_net_1/seg_l4_128_convolution_layer_1/batch_normalization_20_1/batchnorm/mul_1__107, OP=Transpose
2026-01-29 11:09:37,129 - tf2onnx.graph - DEBUG - Infer shape and dtype for [point_net_1/seg_l4_128_convolution_layer_1/batch_normalization_20_1/batchnorm/mul_1__107]
2026-01-29 11:09:37,129 - tf2onnx.graph - DEBUG - Set dtype of [point_net_1/seg_l4_128_convolution_layer_1/batch_normalization_20_1/batchnorm/mul_1__107:0] to 1
2026-01-29 11:09:37,130 - tf2onnx.graph - DEBUG - Set shape of [point_net_1/seg_l4_128_convolution_layer_1/batch_normalization_20_1/batchnorm/mul_1__107:0] to [128, 1, 8192, -1]
2026-01-29 11:09:37,130 - tf2onnx.graph - DEBUG - Made node: point_net_1/seg_l4_128_convolution_layer_1/batch_normalization_20_1/batchnorm/mul_1__107
OP=Transpose
Name=point_net_1/seg_l4_128_convolution_layer_1/batch_normalization_20_1/batchnorm/mul_1__107
Inputs:
	point_net_1/seg_l4_128_convolution_layer_1/batch_normalization_20_1/batchnorm/mul_1:0=Conv, [-1, 8192, 1, 128], 1
Outpus:
	point_net_1/seg_l4_128_convolution_layer_1/batch_normalization_20_1/batchnorm/mul_1__107:0=[128, 1, 8192, -1], 1
2026-01-29 11:09:37,130 - tf2onnx.tfonnx - DEBUG - Process node: point_net_1/seg_l4_128_convolution_layer_1/Relu
OP=Relu
Name=point_net_1/seg_l4_128_convolution_layer_1/Relu
Inputs:
	point_net_1/seg_l4_128_convolution_layer_1/batch_normalization_20_1/batchnorm/mul_1__107:0=Transpose, [-1, 8192, 1, 128], 1
Outpus:
	point_net_1/seg_l4_128_convolution_layer_1/Relu:0=[-1, 8192, 1, 128], 1
2026-01-29 11:09:37,130 - tf2onnx.tfonnx - DEBUG - Process node: point_net_1/seg_l5_output_convolution_layer_1/seg_l5_output_convolution_layer_1/convolution
OP=Conv2D
Name=point_net_1/seg_l5_output_convolution_layer_1/seg_l5_output_convolution_layer_1/convolution
Inputs:
	point_net_1/seg_l4_128_convolution_layer_1/Relu:0=Relu, [-1, 8192, 1, 128], 1
	point_net_1/seg_l5_output_convolution_layer_1/seg_l5_output_convolution_layer_1/convolution/ReadVariableOp:0=Const, [1, 1, 128, 12], 1
Outpus:
	point_net_1/seg_l5_output_convolution_layer_1/seg_l5_output_convolution_layer_1/convolution:0=[-1, 8192, 1, 12], 1
2026-01-29 11:09:37,131 - tf2onnx.graph - DEBUG - Making node: Name=point_net_1/seg_l5_output_convolution_layer_1/seg_l5_output_convolution_layer_1/convolution__109, OP=Transpose
2026-01-29 11:09:37,131 - tf2onnx.graph - DEBUG - Infer shape and dtype for [point_net_1/seg_l5_output_convolution_layer_1/seg_l5_output_convolution_layer_1/convolution__109]
2026-01-29 11:09:37,131 - tf2onnx.graph - DEBUG - Set dtype of [point_net_1/seg_l5_output_convolution_layer_1/seg_l5_output_convolution_layer_1/convolution__109:0] to 1
2026-01-29 11:09:37,131 - tf2onnx.graph - DEBUG - Set shape of [point_net_1/seg_l5_output_convolution_layer_1/seg_l5_output_convolution_layer_1/convolution__109:0] to [128, 1, 8192, -1]
2026-01-29 11:09:37,131 - tf2onnx.graph - DEBUG - Made node: point_net_1/seg_l5_output_convolution_layer_1/seg_l5_output_convolution_layer_1/convolution__109
OP=Transpose
Name=point_net_1/seg_l5_output_convolution_layer_1/seg_l5_output_convolution_layer_1/convolution__109
Inputs:
	point_net_1/seg_l4_128_convolution_layer_1/Relu:0=Relu, [-1, 8192, 1, 128], 1
Outpus:
	point_net_1/seg_l5_output_convolution_layer_1/seg_l5_output_convolution_layer_1/convolution__109:0=[128, 1, 8192, -1], 1
2026-01-29 11:09:37,132 - tf2onnx.graph - DEBUG - Making node: Name=point_net_1/seg_l5_output_convolution_layer_1/seg_l5_output_convolution_layer_1/convolution__111, OP=Transpose
2026-01-29 11:09:37,132 - tf2onnx.graph - DEBUG - Infer shape and dtype for [point_net_1/seg_l5_output_convolution_layer_1/seg_l5_output_convolution_layer_1/convolution__111]
2026-01-29 11:09:37,132 - tf2onnx.graph - DEBUG - Set dtype of [point_net_1/seg_l5_output_convolution_layer_1/seg_l5_output_convolution_layer_1/convolution__111:0] to 1
2026-01-29 11:09:37,132 - tf2onnx.graph - DEBUG - Set shape of [point_net_1/seg_l5_output_convolution_layer_1/seg_l5_output_convolution_layer_1/convolution__111:0] to [12, 1, 8192, -1]
2026-01-29 11:09:37,133 - tf2onnx.graph - DEBUG - Made node: point_net_1/seg_l5_output_convolution_layer_1/seg_l5_output_convolution_layer_1/convolution__111
OP=Transpose
Name=point_net_1/seg_l5_output_convolution_layer_1/seg_l5_output_convolution_layer_1/convolution__111
Inputs:
	point_net_1/seg_l5_output_convolution_layer_1/seg_l5_output_convolution_layer_1/convolution:0=Conv, [-1, 8192, 1, 12], 1
Outpus:
	point_net_1/seg_l5_output_convolution_layer_1/seg_l5_output_convolution_layer_1/convolution__111:0=[12, 1, 8192, -1], 1
2026-01-29 11:09:37,133 - tf2onnx.tfonnx - DEBUG - Process node: point_net_1/seg_l5_output_convolution_layer_1/Softmax
OP=Softmax
Name=point_net_1/seg_l5_output_convolution_layer_1/Softmax
Inputs:
	point_net_1/seg_l5_output_convolution_layer_1/seg_l5_output_convolution_layer_1/convolution__111:0=Transpose, [-1, 8192, 1, 12], 1
Outpus:
	point_net_1/seg_l5_output_convolution_layer_1/Softmax:0=[-1, 8192, 1, 12], 1
2026-01-29 11:09:37,133 - tf2onnx.tfonnx - DEBUG - Process node: point_net_1/Squeeze_2
OP=Squeeze
Name=point_net_1/Squeeze_2
Inputs:
	point_net_1/seg_l5_output_convolution_layer_1/Softmax:0=Softmax, [-1, 8192, 1, 12], 1
Outpus:
	point_net_1/Squeeze_2:0=[-1, 8192, 12], 1
2026-01-29 11:09:37,133 - tf2onnx.graph - DEBUG - Making node: Name=axes_const__113, OP=Const
2026-01-29 11:09:37,133 - tf2onnx.graph - DEBUG - Made node: axes_const__113
OP=Const
Name=axes_const__113
Outpus:
	axes_const__113=None, 7
2026-01-29 11:09:37,134 - tf2onnx.tfonnx - DEBUG - Process node: Identity_2
OP=Identity
Name=Identity_2
Inputs:
	point_net_1/Squeeze_2:0=Squeeze, [-1, 8192, 12], 1
Outpus:
	Identity_2_raw_output___6:0=[-1, 8192, 12], 1
2026-01-29 11:09:37,134 - tf2onnx.tfonnx - DEBUG - Process node: Identity_2_graph_outputs_Identity__7
OP=Identity
Name=Identity_2_graph_outputs_Identity__7
Inputs:
	Identity_2_raw_output___6:0=Identity, [-1, 8192, 12], 1
Outpus:
	segmentation_output=[-1, 8192, 12], 1
2026-01-29 11:09:37,134 - tf2onnx.tfonnx - DEBUG - explicitly skip node Identity_2_graph_outputs_Identity__7
2026-01-29 11:09:37,134 - tf2onnx.tfonnx - DEBUG - Process node: Identity_1
OP=Identity
Name=Identity_1
Inputs:
	point_net_1/input_transform_1/add:0=Add, [-1, 3, 3], 1
Outpus:
	Identity_1_raw_output___8:0=[-1, 3, 3], 1
2026-01-29 11:09:37,134 - tf2onnx.tfonnx - DEBUG - Process node: Identity_1_graph_outputs_Identity__9
OP=Identity
Name=Identity_1_graph_outputs_Identity__9
Inputs:
	Identity_1_raw_output___8:0=Identity, [-1, 3, 3], 1
Outpus:
	se3=[-1, 3, 3], 1
2026-01-29 11:09:37,135 - tf2onnx.tfonnx - DEBUG - explicitly skip node Identity_1_graph_outputs_Identity__9
2026-01-29 11:09:37,135 - tf2onnx.tfonnx - DEBUG - Process node: Identity
OP=Identity
Name=Identity
Inputs:
	point_net_1/output_dense_layer_1/Softmax:0=Softmax, [-1, 23], 1
Outpus:
	Identity_raw_output___4:0=[-1, 23], 1
2026-01-29 11:09:37,135 - tf2onnx.tfonnx - DEBUG - Process node: Identity_graph_outputs_Identity__5
OP=Identity
Name=Identity_graph_outputs_Identity__5
Inputs:
	Identity_raw_output___4:0=Identity, [-1, 23], 1
Outpus:
	classification_output=[-1, 23], 1
2026-01-29 11:09:37,135 - tf2onnx.tfonnx - DEBUG - explicitly skip node Identity_graph_outputs_Identity__5
2026-01-29 11:09:37,144 - tf2onnx.tfonnx - VERBOSE - Summay Stats:
	tensorflow ops: Counter({'Const': 71, 'Relu': 21, 'AddV2': 19, 'Conv2D': 16, 'ExpandDims': 9, 'Squeeze': 7, 'MatMul': 7, 'Mul': 6, 'Identity': 6, 'Max': 4, 'BatchMatMulV2': 4, 'Reshape': 2, 'Softmax': 2, 'Placeholder': 1, 'Mean': 1, 'Sub': 1, 'Square': 1, 'Sum': 1, 'Sqrt': 1, 'Maximum': 1, 'RealDiv': 1, 'Tile': 1, 'ConcatV2': 1, 'BiasAdd': 1})
	tensorflow attr: Counter({'dtype': 72, 'value': 71, 'data_format': 17, 'dilations': 16, 'padding': 16, 'strides': 16, 'explicit_paddings': 16, 'Tidx': 7, 'squeeze_dims': 7, 'grad_a': 7, 'grad_b': 7, 'transpose_a': 7, 'transpose_b': 7, 'keep_dims': 6, 'adj_x': 4, 'adj_y': 4, 'grad_x': 4, 'grad_y': 4, 'shape': 1, 'N': 1})
	onnx mapped: Counter({'Const': 71, 'Relu': 21, 'AddV2': 19, 'Conv2D': 16, 'ExpandDims': 9, 'Squeeze': 7, 'MatMul': 7, 'Mul': 6, 'Max': 4, 'BatchMatMulV2': 4, 'Identity': 3, 'Reshape': 2, 'Softmax': 2, 'Placeholder': 1, 'Mean': 1, 'Sub': 1, 'Square': 1, 'Sum': 1, 'Sqrt': 1, 'Maximum': 1, 'RealDiv': 1, 'BiasAdd': 1, 'Tile': 1, 'ConcatV2': 1})
	onnx unmapped: Counter()
2026-01-29 11:09:37,144 - tf2onnx.optimizer - INFO - Optimizing ONNX model
2026-01-29 11:09:37,145 - tf2onnx.optimizer - VERBOSE - Apply optimize_transpose
2026-01-29 11:09:37,160 - tf2onnx.graph - DEBUG - Making node: Name=Conv__114, OP=Conv
2026-01-29 11:09:37,161 - tf2onnx.graph - DEBUG - Infer shape and dtype for [Conv__114]
2026-01-29 11:09:37,161 - tf2onnx.graph - DEBUG - Set dtype of [Conv__114:0] to 1
2026-01-29 11:09:37,162 - tf2onnx.graph - DEBUG - Set shape of [Conv__114:0] to [-1, 64, 8192, 1]
2026-01-29 11:09:37,162 - tf2onnx.graph - DEBUG - Made node: Conv__114
OP=Conv
Name=Conv__114
Inputs:
	point_net_1/input_transform_1/input_transform_convolution_layer_1_convolution_layer_1/batch_normalization_1/batchnorm/mul_1__19:0=Transpose, [-1, 3, 8192, 1], 1
	point_net_1/input_transform_1/input_transform_convolution_layer_1_convolution_layer_1/input_transform_convolution_layer_1_convolution_layer_1/convolution/merged_input:0=Const, [64, 3, 1, 1], 1
	point_net_1/input_transform_1/input_transform_convolution_layer_1_convolution_layer_1/batch_normalization_1/batchnorm/sub:0=Const, [64], 1
Outpus:
	Conv__114:0=[-1, 64, 8192, 1], 1
2026-01-29 11:09:37,163 - tf2onnx.graph - DEBUG - Making node: Name=Conv__116, OP=Conv
2026-01-29 11:09:37,164 - tf2onnx.graph - DEBUG - Infer shape and dtype for [Conv__116]
2026-01-29 11:09:37,165 - tf2onnx.graph - DEBUG - Set dtype of [Conv__116:0] to 1
2026-01-29 11:09:37,166 - tf2onnx.graph - DEBUG - Set shape of [Conv__116:0] to [-1, 128, 8192, 1]
2026-01-29 11:09:37,166 - tf2onnx.graph - DEBUG - Made node: Conv__116
OP=Conv
Name=Conv__116
Inputs:
	point_net_1/input_transform_1/input_transform_convolution_layer_2_convolution_layer_1/batch_normalization_1_1/batchnorm/mul_1__23:0=Transpose, [-1, 64, 8192, 1], 1
	point_net_1/input_transform_1/input_transform_convolution_layer_2_convolution_layer_1/input_transform_convolution_layer_2_convolution_layer_1/convolution/merged_input:0=Const, [128, 64, 1, 1], 1
	point_net_1/input_transform_1/input_transform_convolution_layer_2_convolution_layer_1/batch_normalization_1_1/batchnorm/sub:0=Const, [128], 1
Outpus:
	Conv__116:0=[-1, 128, 8192, 1], 1
2026-01-29 11:09:37,167 - tf2onnx.graph - DEBUG - Making node: Name=Conv__118, OP=Conv
2026-01-29 11:09:37,168 - tf2onnx.graph - DEBUG - Infer shape and dtype for [Conv__118]
2026-01-29 11:09:37,170 - tf2onnx.graph - DEBUG - Set dtype of [Conv__118:0] to 1
2026-01-29 11:09:37,170 - tf2onnx.graph - DEBUG - Set shape of [Conv__118:0] to [-1, 1024, 8192, 1]
2026-01-29 11:09:37,171 - tf2onnx.graph - DEBUG - Made node: Conv__118
OP=Conv
Name=Conv__118
Inputs:
	point_net_1/input_transform_1/input_transform_convolution_layer_3_convolution_layer_1/batch_normalization_2_1/batchnorm/mul_1__27:0=Transpose, [-1, 128, 8192, 1], 1
	point_net_1/input_transform_1/input_transform_convolution_layer_3_convolution_layer_1/input_transform_convolution_layer_3_convolution_layer_1/convolution/merged_input:0=Const, [1024, 128, 1, 1], 1
	point_net_1/input_transform_1/input_transform_convolution_layer_3_convolution_layer_1/batch_normalization_2_1/batchnorm/sub:0=Const, [1024], 1
Outpus:
	Conv__118:0=[-1, 1024, 8192, 1], 1
2026-01-29 11:09:37,171 - tf2onnx.graph - DEBUG - Making node: Name=axes_const__31__120, OP=Const
2026-01-29 11:09:37,172 - tf2onnx.graph - DEBUG - Made node: axes_const__31__120
OP=Const
Name=axes_const__31__120
Outpus:
	axes_const__31__120=None, 7
2026-01-29 11:09:37,173 - tf2onnx.graph - DEBUG - Making node: Name=Conv__121, OP=Conv
2026-01-29 11:09:37,173 - tf2onnx.graph - DEBUG - Infer shape and dtype for [Conv__121]
2026-01-29 11:09:37,174 - tf2onnx.graph - DEBUG - Set dtype of [Conv__121:0] to 1
2026-01-29 11:09:37,174 - tf2onnx.graph - DEBUG - Set shape of [Conv__121:0] to [-1, 64, 8192, 1]
2026-01-29 11:09:37,174 - tf2onnx.graph - DEBUG - Made node: Conv__121
OP=Conv
Name=Conv__121
Inputs:
	point_net_1/s1_l1_64_convolution_layer_1/batch_normalization_5_1/batchnorm/mul_1__40:0=Transpose, [-1, 3, 8192, 1], 1
	point_net_1/s1_l1_64_convolution_layer_1/s1_l1_64_convolution_layer_1/convolution/merged_input:0=Const, [64, 3, 1, 1], 1
	point_net_1/s1_l1_64_convolution_layer_1/batch_normalization_5_1/batchnorm/sub:0=Const, [64], 1
Outpus:
	Conv__121:0=[-1, 64, 8192, 1], 1
2026-01-29 11:09:37,175 - tf2onnx.graph - DEBUG - Making node: Name=Conv__123, OP=Conv
2026-01-29 11:09:37,175 - tf2onnx.graph - DEBUG - Infer shape and dtype for [Conv__123]
2026-01-29 11:09:37,176 - tf2onnx.graph - DEBUG - Set dtype of [Conv__123:0] to 1
2026-01-29 11:09:37,176 - tf2onnx.graph - DEBUG - Set shape of [Conv__123:0] to [-1, 64, 8192, 1]
2026-01-29 11:09:37,176 - tf2onnx.graph - DEBUG - Made node: Conv__123
OP=Conv
Name=Conv__123
Inputs:
	point_net_1/s1_l2_64_convolution_layer_1/batch_normalization_6_1/batchnorm/mul_1__44:0=Transpose, [-1, 64, 8192, 1], 1
	point_net_1/s1_l2_64_convolution_layer_1/s1_l2_64_convolution_layer_1/convolution/merged_input:0=Const, [64, 64, 1, 1], 1
	point_net_1/s1_l2_64_convolution_layer_1/batch_normalization_6_1/batchnorm/sub:0=Const, [64], 1
Outpus:
	Conv__123:0=[-1, 64, 8192, 1], 1
2026-01-29 11:09:37,177 - tf2onnx.graph - DEBUG - Making node: Name=axes_const__48__125, OP=Const
2026-01-29 11:09:37,177 - tf2onnx.graph - DEBUG - Made node: axes_const__48__125
OP=Const
Name=axes_const__48__125
Outpus:
	axes_const__48__125=None, 7
2026-01-29 11:09:37,178 - tf2onnx.graph - DEBUG - Making node: Name=Conv__126, OP=Conv
2026-01-29 11:09:37,178 - tf2onnx.graph - DEBUG - Infer shape and dtype for [Conv__126]
2026-01-29 11:09:37,179 - tf2onnx.graph - DEBUG - Set dtype of [Conv__126:0] to 1
2026-01-29 11:09:37,179 - tf2onnx.graph - DEBUG - Set shape of [Conv__126:0] to [-1, 64, 8192, 1]
2026-01-29 11:09:37,180 - tf2onnx.graph - DEBUG - Made node: Conv__126
OP=Conv
Name=Conv__126
Inputs:
	point_net_1/feature_transform_1/feature_transform_convolution_layer_1_convolution_layer_1/batch_normalization_7_1/batchnorm/mul_1__52:0=Transpose, [-1, 64, 8192, 1], 1
	point_net_1/feature_transform_1/feature_transform_convolution_layer_1_convolution_layer_1/feature_transform_convolution_layer_1_convolution_layer_1/convolution/merged_input:0=Const, [64, 64, 1, 1], 1
	point_net_1/feature_transform_1/feature_transform_convolution_layer_1_convolution_layer_1/batch_normalization_7_1/batchnorm/sub:0=Const, [64], 1
Outpus:
	Conv__126:0=[-1, 64, 8192, 1], 1
2026-01-29 11:09:37,180 - tf2onnx.graph - DEBUG - Making node: Name=Conv__128, OP=Conv
2026-01-29 11:09:37,181 - tf2onnx.graph - DEBUG - Infer shape and dtype for [Conv__128]
2026-01-29 11:09:37,181 - tf2onnx.graph - DEBUG - Set dtype of [Conv__128:0] to 1
2026-01-29 11:09:37,181 - tf2onnx.graph - DEBUG - Set shape of [Conv__128:0] to [-1, 128, 8192, 1]
2026-01-29 11:09:37,182 - tf2onnx.graph - DEBUG - Made node: Conv__128
OP=Conv
Name=Conv__128
Inputs:
	point_net_1/feature_transform_1/feature_transform_convolution_layer_2_convolution_layer_1/batch_normalization_8_1/batchnorm/mul_1__56:0=Transpose, [-1, 64, 8192, 1], 1
	point_net_1/feature_transform_1/feature_transform_convolution_layer_2_convolution_layer_1/feature_transform_convolution_layer_2_convolution_layer_1/convolution/merged_input:0=Const, [128, 64, 1, 1], 1
	point_net_1/feature_transform_1/feature_transform_convolution_layer_2_convolution_layer_1/batch_normalization_8_1/batchnorm/sub:0=Const, [128], 1
Outpus:
	Conv__128:0=[-1, 128, 8192, 1], 1
2026-01-29 11:09:37,183 - tf2onnx.graph - DEBUG - Making node: Name=Conv__130, OP=Conv
2026-01-29 11:09:37,183 - tf2onnx.graph - DEBUG - Infer shape and dtype for [Conv__130]
2026-01-29 11:09:37,184 - tf2onnx.graph - DEBUG - Set dtype of [Conv__130:0] to 1
2026-01-29 11:09:37,184 - tf2onnx.graph - DEBUG - Set shape of [Conv__130:0] to [-1, 1024, 8192, 1]
2026-01-29 11:09:37,184 - tf2onnx.graph - DEBUG - Made node: Conv__130
OP=Conv
Name=Conv__130
Inputs:
	point_net_1/feature_transform_1/feature_transform_convolution_layer_3_convolution_layer_1/batch_normalization_9_1/batchnorm/mul_1__60:0=Transpose, [-1, 128, 8192, 1], 1
	point_net_1/feature_transform_1/feature_transform_convolution_layer_3_convolution_layer_1/feature_transform_convolution_layer_3_convolution_layer_1/convolution/merged_input:0=Const, [1024, 128, 1, 1], 1
	point_net_1/feature_transform_1/feature_transform_convolution_layer_3_convolution_layer_1/batch_normalization_9_1/batchnorm/sub:0=Const, [1024], 1
Outpus:
	Conv__130:0=[-1, 1024, 8192, 1], 1
2026-01-29 11:09:37,185 - tf2onnx.graph - DEBUG - Making node: Name=axes_const__64__132, OP=Const
2026-01-29 11:09:37,185 - tf2onnx.graph - DEBUG - Made node: axes_const__64__132
OP=Const
Name=axes_const__64__132
Outpus:
	axes_const__64__132=None, 7
2026-01-29 11:09:37,187 - tf2onnx.graph - DEBUG - Making node: Name=Conv__133, OP=Conv
2026-01-29 11:09:37,187 - tf2onnx.graph - DEBUG - Infer shape and dtype for [Conv__133]
2026-01-29 11:09:37,187 - tf2onnx.graph - DEBUG - Set dtype of [Conv__133:0] to 1
2026-01-29 11:09:37,187 - tf2onnx.graph - DEBUG - Set shape of [Conv__133:0] to [-1, 64, 8192, 1]
2026-01-29 11:09:37,188 - tf2onnx.graph - DEBUG - Made node: Conv__133
OP=Conv
Name=Conv__133
Inputs:
	point_net_1/s2_l1_64_convolution_layer_1/batch_normalization_12_1/batchnorm/mul_1__73:0=Transpose, [-1, 64, 8192, 1], 1
	point_net_1/s2_l1_64_convolution_layer_1/s2_l1_64_convolution_layer_1/convolution/merged_input:0=Const, [64, 64, 1, 1], 1
	point_net_1/s2_l1_64_convolution_layer_1/batch_normalization_12_1/batchnorm/sub:0=Const, [64], 1
Outpus:
	Conv__133:0=[-1, 64, 8192, 1], 1
2026-01-29 11:09:37,189 - tf2onnx.graph - DEBUG - Making node: Name=Conv__135, OP=Conv
2026-01-29 11:09:37,189 - tf2onnx.graph - DEBUG - Infer shape and dtype for [Conv__135]
2026-01-29 11:09:37,190 - tf2onnx.graph - DEBUG - Set dtype of [Conv__135:0] to 1
2026-01-29 11:09:37,190 - tf2onnx.graph - DEBUG - Set shape of [Conv__135:0] to [-1, 128, 8192, 1]
2026-01-29 11:09:37,190 - tf2onnx.graph - DEBUG - Made node: Conv__135
OP=Conv
Name=Conv__135
Inputs:
	point_net_1/s2_l2_128_convolution_layer_1/batch_normalization_13_1/batchnorm/mul_1__77:0=Transpose, [-1, 64, 8192, 1], 1
	point_net_1/s2_l2_128_convolution_layer_1/s2_l2_128_convolution_layer_1/convolution/merged_input:0=Const, [128, 64, 1, 1], 1
	point_net_1/s2_l2_128_convolution_layer_1/batch_normalization_13_1/batchnorm/sub:0=Const, [128], 1
Outpus:
	Conv__135:0=[-1, 128, 8192, 1], 1
2026-01-29 11:09:37,191 - tf2onnx.graph - DEBUG - Making node: Name=Conv__137, OP=Conv
2026-01-29 11:09:37,191 - tf2onnx.graph - DEBUG - Infer shape and dtype for [Conv__137]
2026-01-29 11:09:37,192 - tf2onnx.graph - DEBUG - Set dtype of [Conv__137:0] to 1
2026-01-29 11:09:37,192 - tf2onnx.graph - DEBUG - Set shape of [Conv__137:0] to [-1, 1024, 8192, 1]
2026-01-29 11:09:37,192 - tf2onnx.graph - DEBUG - Made node: Conv__137
OP=Conv
Name=Conv__137
Inputs:
	point_net_1/s2_l3_1024_convolution_layer_1/batch_normalization_14_1/batchnorm/mul_1__81:0=Transpose, [-1, 128, 8192, 1], 1
	point_net_1/s2_l3_1024_convolution_layer_1/s2_l3_1024_convolution_layer_1/convolution/merged_input:0=Const, [1024, 128, 1, 1], 1
	point_net_1/s2_l3_1024_convolution_layer_1/batch_normalization_14_1/batchnorm/sub:0=Const, [1024], 1
Outpus:
	Conv__137:0=[-1, 1024, 8192, 1], 1
2026-01-29 11:09:37,193 - tf2onnx.graph - DEBUG - Making node: Name=axes_const__85__139, OP=Const
2026-01-29 11:09:37,193 - tf2onnx.graph - DEBUG - Made node: axes_const__85__139
OP=Const
Name=axes_const__85__139
Outpus:
	axes_const__85__139=None, 7
2026-01-29 11:09:37,196 - tf2onnx.graph - DEBUG - Making node: Name=axes_const__113__140, OP=Const
2026-01-29 11:09:37,196 - tf2onnx.graph - DEBUG - Made node: axes_const__113__140
OP=Const
Name=axes_const__113__140
Outpus:
	axes_const__113__140=None, 7
2026-01-29 11:09:37,197 - tf2onnx.optimizer.TransposeOptimizer - DEBUG - cannot move transpose down since it met output node Identity_2_graph_outputs_Identity__7
2026-01-29 11:09:37,198 - tf2onnx.optimizer.TransposeOptimizer - DEBUG - finish after 39 iteration(s)
2026-01-29 11:09:37,212 - tf2onnx.optimizer.TransposeOptimizer - VERBOSE - Add -11 (20->9), Const -6 (88->82), Identity -1 (6->5), Transpose -3 (32->29)
2026-01-29 11:09:37,212 - tf2onnx.optimizer - VERBOSE - Apply remove_redundant_upsample
2026-01-29 11:09:37,241 - tf2onnx.optimizer.UpsampleOptimizer - VERBOSE - no change
2026-01-29 11:09:37,242 - tf2onnx.optimizer - VERBOSE - Apply fold_constants
2026-01-29 11:09:37,250 - tf2onnx.graph - DEBUG - Making node: Name=const_fold_opt__141, OP=Const
2026-01-29 11:09:37,251 - tf2onnx.graph - DEBUG - Made node: const_fold_opt__141
OP=Const
Name=const_fold_opt__141
Outpus:
	const_fold_opt__141=None, 7
2026-01-29 11:09:37,251 - tf2onnx.graph - DEBUG - Making node: Name=const_fold_opt__142, OP=Const
2026-01-29 11:09:37,252 - tf2onnx.graph - DEBUG - Made node: const_fold_opt__142
OP=Const
Name=const_fold_opt__142
Outpus:
	const_fold_opt__142=None, 7
2026-01-29 11:09:37,252 - tf2onnx.graph - DEBUG - Making node: Name=const_fold_opt__143, OP=Const
2026-01-29 11:09:37,253 - tf2onnx.graph - DEBUG - Made node: const_fold_opt__143
OP=Const
Name=const_fold_opt__143
Outpus:
	const_fold_opt__143=None, 7
2026-01-29 11:09:37,253 - tf2onnx.graph - DEBUG - Making node: Name=const_fold_opt__144, OP=Const
2026-01-29 11:09:37,254 - tf2onnx.graph - DEBUG - Made node: const_fold_opt__144
OP=Const
Name=const_fold_opt__144
Outpus:
	const_fold_opt__144=None, 7
2026-01-29 11:09:37,255 - tf2onnx.graph - DEBUG - Making node: Name=const_fold_opt__145, OP=Const
2026-01-29 11:09:37,255 - tf2onnx.graph - DEBUG - Made node: const_fold_opt__145
OP=Const
Name=const_fold_opt__145
Outpus:
	const_fold_opt__145=None, 7
2026-01-29 11:09:37,256 - tf2onnx.graph - DEBUG - Making node: Name=const_fold_opt__146, OP=Const
2026-01-29 11:09:37,256 - tf2onnx.graph - DEBUG - Made node: const_fold_opt__146
OP=Const
Name=const_fold_opt__146
Outpus:
	const_fold_opt__146=None, 7
2026-01-29 11:09:37,257 - tf2onnx.graph - DEBUG - Making node: Name=const_fold_opt__147, OP=Const
2026-01-29 11:09:37,257 - tf2onnx.graph - DEBUG - Made node: const_fold_opt__147
OP=Const
Name=const_fold_opt__147
Outpus:
	const_fold_opt__147=None, 7
2026-01-29 11:09:37,257 - tf2onnx.graph - DEBUG - Making node: Name=const_fold_opt__148, OP=Const
2026-01-29 11:09:37,258 - tf2onnx.graph - DEBUG - Made node: const_fold_opt__148
OP=Const
Name=const_fold_opt__148
Outpus:
	const_fold_opt__148=None, 7
2026-01-29 11:09:37,258 - tf2onnx.graph - DEBUG - Making node: Name=const_fold_opt__149, OP=Const
2026-01-29 11:09:37,258 - tf2onnx.graph - DEBUG - Made node: const_fold_opt__149
OP=Const
Name=const_fold_opt__149
Outpus:
	const_fold_opt__149=None, 7
2026-01-29 11:09:37,259 - tf2onnx.graph - DEBUG - Making node: Name=const_fold_opt__150, OP=Const
2026-01-29 11:09:37,259 - tf2onnx.graph - DEBUG - Made node: const_fold_opt__150
OP=Const
Name=const_fold_opt__150
Outpus:
	const_fold_opt__150=None, 7
2026-01-29 11:09:37,260 - tf2onnx.graph - DEBUG - Making node: Name=const_fold_opt__151, OP=Const
2026-01-29 11:09:37,260 - tf2onnx.graph - DEBUG - Made node: const_fold_opt__151
OP=Const
Name=const_fold_opt__151
Outpus:
	const_fold_opt__151=None, 7
2026-01-29 11:09:37,260 - tf2onnx.graph - DEBUG - Making node: Name=const_fold_opt__152, OP=Const
2026-01-29 11:09:37,260 - tf2onnx.graph - DEBUG - Made node: const_fold_opt__152
OP=Const
Name=const_fold_opt__152
Outpus:
	const_fold_opt__152=None, 7
2026-01-29 11:09:37,261 - tf2onnx.graph - DEBUG - Making node: Name=const_fold_opt__153, OP=Const
2026-01-29 11:09:37,261 - tf2onnx.graph - DEBUG - Made node: const_fold_opt__153
OP=Const
Name=const_fold_opt__153
Outpus:
	const_fold_opt__153=None, 7
2026-01-29 11:09:37,261 - tf2onnx.graph - DEBUG - Making node: Name=const_fold_opt__154, OP=Const
2026-01-29 11:09:37,262 - tf2onnx.graph - DEBUG - Made node: const_fold_opt__154
OP=Const
Name=const_fold_opt__154
Outpus:
	const_fold_opt__154=None, 7
2026-01-29 11:09:37,262 - tf2onnx.graph - DEBUG - Making node: Name=const_fold_opt__155, OP=Const
2026-01-29 11:09:37,262 - tf2onnx.graph - DEBUG - Made node: const_fold_opt__155
OP=Const
Name=const_fold_opt__155
Outpus:
	const_fold_opt__155=None, 7
2026-01-29 11:09:37,263 - tf2onnx.graph - DEBUG - Making node: Name=const_fold_opt__156, OP=Const
2026-01-29 11:09:37,263 - tf2onnx.graph - DEBUG - Made node: const_fold_opt__156
OP=Const
Name=const_fold_opt__156
Outpus:
	const_fold_opt__156=None, 7
2026-01-29 11:09:37,263 - tf2onnx.graph - DEBUG - Making node: Name=const_fold_opt__157, OP=Const
2026-01-29 11:09:37,263 - tf2onnx.graph - DEBUG - Made node: const_fold_opt__157
OP=Const
Name=const_fold_opt__157
Outpus:
	const_fold_opt__157=None, 7
2026-01-29 11:09:37,264 - tf2onnx.graph - DEBUG - Making node: Name=const_fold_opt__158, OP=Const
2026-01-29 11:09:37,264 - tf2onnx.graph - DEBUG - Made node: const_fold_opt__158
OP=Const
Name=const_fold_opt__158
Outpus:
	const_fold_opt__158=None, 7
2026-01-29 11:09:37,264 - tf2onnx.graph - DEBUG - Making node: Name=const_fold_opt__159, OP=Const
2026-01-29 11:09:37,264 - tf2onnx.graph - DEBUG - Made node: const_fold_opt__159
OP=Const
Name=const_fold_opt__159
Outpus:
	const_fold_opt__159=None, 7
2026-01-29 11:09:37,265 - tf2onnx.graph - DEBUG - Making node: Name=const_fold_opt__160, OP=Const
2026-01-29 11:09:37,265 - tf2onnx.graph - DEBUG - Made node: const_fold_opt__160
OP=Const
Name=const_fold_opt__160
Outpus:
	const_fold_opt__160=None, 7
2026-01-29 11:09:37,265 - tf2onnx.graph - DEBUG - Making node: Name=const_fold_opt__161, OP=Const
2026-01-29 11:09:37,265 - tf2onnx.graph - DEBUG - Made node: const_fold_opt__161
OP=Const
Name=const_fold_opt__161
Outpus:
	const_fold_opt__161=None, 7
2026-01-29 11:09:37,266 - tf2onnx.graph - DEBUG - Making node: Name=const_fold_opt__162, OP=Const
2026-01-29 11:09:37,266 - tf2onnx.graph - DEBUG - Made node: const_fold_opt__162
OP=Const
Name=const_fold_opt__162
Outpus:
	const_fold_opt__162=None, 7
2026-01-29 11:09:37,266 - tf2onnx.graph - DEBUG - Making node: Name=const_fold_opt__163, OP=Const
2026-01-29 11:09:37,267 - tf2onnx.graph - DEBUG - Made node: const_fold_opt__163
OP=Const
Name=const_fold_opt__163
Outpus:
	const_fold_opt__163=None, 7
2026-01-29 11:09:37,278 - tf2onnx.optimizer.ConstFoldOptimizer - VERBOSE - Cast -13 (13->0), Const -10 (82->72), Reshape -10 (12->2)
2026-01-29 11:09:37,278 - tf2onnx.optimizer - VERBOSE - Apply const_dequantize_optimizer
2026-01-29 11:09:37,308 - tf2onnx.optimizer.ConstDequantizeOptimizer - VERBOSE - no change
2026-01-29 11:09:37,308 - tf2onnx.optimizer - VERBOSE - Apply loop_optimizer
2026-01-29 11:09:37,336 - tf2onnx.optimizer.LoopOptimizer - VERBOSE - no change
2026-01-29 11:09:37,336 - tf2onnx.optimizer - VERBOSE - Apply merge_duplication
2026-01-29 11:09:37,378 - tf2onnx.optimizer.MergeDuplicatedNodesOptimizer - VERBOSE - Const -13 (72->59)
2026-01-29 11:09:37,379 - tf2onnx.optimizer - VERBOSE - Apply reshape_optimizer
2026-01-29 11:09:37,398 - tf2onnx.optimizer.ReshapeOptimizer - VERBOSE - no change
2026-01-29 11:09:37,398 - tf2onnx.optimizer - VERBOSE - Apply global_pool_optimizer
2026-01-29 11:09:37,415 - tf2onnx.graph - DEBUG - Making node: Name=const_axes__164, OP=Const
2026-01-29 11:09:37,416 - tf2onnx.graph - DEBUG - Made node: const_axes__164
OP=Const
Name=const_axes__164
Outpus:
	const_axes__164=None, 7
2026-01-29 11:09:37,416 - tf2onnx.graph - DEBUG - Making node: Name=point_net_1/Max_Squeeze__165, OP=Squeeze
2026-01-29 11:09:37,417 - tf2onnx.graph - DEBUG - Made node: point_net_1/Max_Squeeze__165
OP=Squeeze
Name=point_net_1/Max_Squeeze__165
Inputs:
	point_net_1/Max:0=GlobalMaxPool, [-1, 1024, 1], 1
	const_axes__164=Const, [1], 7
Outpus:
	point_net_1/Max_Squeeze__165:0=[-1, 1024], 1
2026-01-29 11:09:37,417 - tf2onnx.graph - DEBUG - Making node: Name=const_axes__166, OP=Const
2026-01-29 11:09:37,418 - tf2onnx.graph - DEBUG - Made node: const_axes__166
OP=Const
Name=const_axes__166
Outpus:
	const_axes__166=None, 7
2026-01-29 11:09:37,418 - tf2onnx.graph - DEBUG - Making node: Name=point_net_1/input_transform_1/Max_Squeeze__167, OP=Squeeze
2026-01-29 11:09:37,419 - tf2onnx.graph - DEBUG - Made node: point_net_1/input_transform_1/Max_Squeeze__167
OP=Squeeze
Name=point_net_1/input_transform_1/Max_Squeeze__167
Inputs:
	point_net_1/input_transform_1/Max:0=GlobalMaxPool, [-1, 1024, 1], 1
	const_axes__166=Const, [1], 7
Outpus:
	point_net_1/input_transform_1/Max_Squeeze__167:0=[-1, 1024], 1
2026-01-29 11:09:37,419 - tf2onnx.graph - DEBUG - Making node: Name=const_axes__168, OP=Const
2026-01-29 11:09:37,420 - tf2onnx.graph - DEBUG - Made node: const_axes__168
OP=Const
Name=const_axes__168
Outpus:
	const_axes__168=None, 7
2026-01-29 11:09:37,420 - tf2onnx.graph - DEBUG - Making node: Name=point_net_1/feature_transform_1/Max_Squeeze__169, OP=Squeeze
2026-01-29 11:09:37,421 - tf2onnx.graph - DEBUG - Made node: point_net_1/feature_transform_1/Max_Squeeze__169
OP=Squeeze
Name=point_net_1/feature_transform_1/Max_Squeeze__169
Inputs:
	point_net_1/feature_transform_1/Max:0=GlobalMaxPool, [-1, 1024, 1], 1
	const_axes__168=Const, [1], 7
Outpus:
	point_net_1/feature_transform_1/Max_Squeeze__169:0=[-1, 1024], 1
2026-01-29 11:09:37,437 - tf2onnx.optimizer.GlobalPoolOptimizer - VERBOSE - Const +3 (59->62), GlobalMaxPool +3 (0->3), ReduceMax -3 (4->1), Squeeze +3 (7->10)
2026-01-29 11:09:37,438 - tf2onnx.optimizer - VERBOSE - Apply q_dq_optimizer
2026-01-29 11:09:37,466 - tf2onnx.optimizer.QDQOptimizer - VERBOSE - no change
2026-01-29 11:09:37,467 - tf2onnx.optimizer - VERBOSE - Apply remove_identity
2026-01-29 11:09:37,498 - tf2onnx.optimizer.IdentityOptimizer - VERBOSE - Identity -5 (5->0)
2026-01-29 11:09:37,499 - tf2onnx.optimizer - VERBOSE - Apply remove_back_to_back
2026-01-29 11:09:37,519 - tf2onnx.optimizer.BackToBackOptimizer - VERBOSE - Transpose -22 (29->7)
2026-01-29 11:09:37,520 - tf2onnx.optimizer - VERBOSE - Apply einsum_optimizer
2026-01-29 11:09:37,542 - tf2onnx.optimizer.EinsumOptimizer - VERBOSE - no change
2026-01-29 11:09:37,542 - tf2onnx.optimizer - VERBOSE - Apply optimize_transpose
2026-01-29 11:09:37,558 - tf2onnx.optimizer.TransposeOptimizer - DEBUG - segmentation_output connects to graph outputs, skip
2026-01-29 11:09:37,559 - tf2onnx.optimizer.TransposeOptimizer - DEBUG - finish after 0 iteration(s)
2026-01-29 11:09:37,574 - tf2onnx.optimizer.TransposeOptimizer - VERBOSE - no change
2026-01-29 11:09:37,575 - tf2onnx.optimizer - VERBOSE - Apply remove_redundant_upsample
2026-01-29 11:09:37,598 - tf2onnx.optimizer.UpsampleOptimizer - VERBOSE - no change
2026-01-29 11:09:37,598 - tf2onnx.optimizer - VERBOSE - Apply fold_constants
2026-01-29 11:09:37,615 - tf2onnx.optimizer.ConstFoldOptimizer - VERBOSE - no change
2026-01-29 11:09:37,616 - tf2onnx.optimizer - VERBOSE - Apply const_dequantize_optimizer
2026-01-29 11:09:37,631 - tf2onnx.optimizer.ConstDequantizeOptimizer - VERBOSE - no change
2026-01-29 11:09:37,632 - tf2onnx.optimizer - VERBOSE - Apply loop_optimizer
2026-01-29 11:09:37,662 - tf2onnx.optimizer.LoopOptimizer - VERBOSE - no change
2026-01-29 11:09:37,663 - tf2onnx.optimizer - VERBOSE - Apply merge_duplication
2026-01-29 11:09:37,704 - tf2onnx.optimizer.MergeDuplicatedNodesOptimizer - VERBOSE - Const -3 (62->59)
2026-01-29 11:09:37,705 - tf2onnx.optimizer - VERBOSE - Apply reshape_optimizer
2026-01-29 11:09:37,718 - tf2onnx.optimizer.ReshapeOptimizer - VERBOSE - no change
2026-01-29 11:09:37,718 - tf2onnx.optimizer - VERBOSE - Apply global_pool_optimizer
2026-01-29 11:09:37,739 - tf2onnx.optimizer.GlobalPoolOptimizer - VERBOSE - no change
2026-01-29 11:09:37,740 - tf2onnx.optimizer - VERBOSE - Apply q_dq_optimizer
2026-01-29 11:09:37,774 - tf2onnx.optimizer.QDQOptimizer - VERBOSE - no change
2026-01-29 11:09:37,775 - tf2onnx.optimizer - VERBOSE - Apply remove_identity
2026-01-29 11:09:37,804 - tf2onnx.optimizer.IdentityOptimizer - VERBOSE - no change
2026-01-29 11:09:37,804 - tf2onnx.optimizer - VERBOSE - Apply remove_back_to_back
2026-01-29 11:09:37,820 - tf2onnx.optimizer.BackToBackOptimizer - VERBOSE - no change
2026-01-29 11:09:37,821 - tf2onnx.optimizer - VERBOSE - Apply einsum_optimizer
2026-01-29 11:09:37,840 - tf2onnx.optimizer.EinsumOptimizer - VERBOSE - no change
2026-01-29 11:09:37,841 - tf2onnx.optimizer - VERBOSE - Apply optimize_transpose
2026-01-29 11:09:37,857 - tf2onnx.optimizer.TransposeOptimizer - DEBUG - segmentation_output connects to graph outputs, skip
2026-01-29 11:09:37,857 - tf2onnx.optimizer.TransposeOptimizer - DEBUG - finish after 0 iteration(s)
2026-01-29 11:09:37,871 - tf2onnx.optimizer.TransposeOptimizer - VERBOSE - no change
2026-01-29 11:09:37,872 - tf2onnx.optimizer - VERBOSE - Apply remove_redundant_upsample
2026-01-29 11:09:37,896 - tf2onnx.optimizer.UpsampleOptimizer - VERBOSE - no change
2026-01-29 11:09:37,896 - tf2onnx.optimizer - VERBOSE - Apply fold_constants
2026-01-29 11:09:37,909 - tf2onnx.optimizer.ConstFoldOptimizer - VERBOSE - no change
2026-01-29 11:09:37,910 - tf2onnx.optimizer - VERBOSE - Apply const_dequantize_optimizer
2026-01-29 11:09:37,931 - tf2onnx.optimizer.ConstDequantizeOptimizer - VERBOSE - no change
2026-01-29 11:09:37,931 - tf2onnx.optimizer - VERBOSE - Apply loop_optimizer
2026-01-29 11:09:37,963 - tf2onnx.optimizer.LoopOptimizer - VERBOSE - no change
2026-01-29 11:09:37,964 - tf2onnx.optimizer - VERBOSE - Apply merge_duplication
2026-01-29 11:09:38,007 - tf2onnx.optimizer.MergeDuplicatedNodesOptimizer - VERBOSE - no change
2026-01-29 11:09:38,008 - tf2onnx.optimizer - VERBOSE - Apply reshape_optimizer
2026-01-29 11:09:38,030 - tf2onnx.optimizer.ReshapeOptimizer - VERBOSE - no change
2026-01-29 11:09:38,030 - tf2onnx.optimizer - VERBOSE - Apply global_pool_optimizer
2026-01-29 11:09:38,054 - tf2onnx.optimizer.GlobalPoolOptimizer - VERBOSE - no change
2026-01-29 11:09:38,055 - tf2onnx.optimizer - VERBOSE - Apply q_dq_optimizer
2026-01-29 11:09:38,095 - tf2onnx.optimizer.QDQOptimizer - VERBOSE - no change
2026-01-29 11:09:38,096 - tf2onnx.optimizer - VERBOSE - Apply remove_identity
2026-01-29 11:09:38,125 - tf2onnx.optimizer.IdentityOptimizer - VERBOSE - no change
2026-01-29 11:09:38,126 - tf2onnx.optimizer - VERBOSE - Apply remove_back_to_back
2026-01-29 11:09:38,138 - tf2onnx.optimizer.BackToBackOptimizer - VERBOSE - no change
2026-01-29 11:09:38,138 - tf2onnx.optimizer - VERBOSE - Apply einsum_optimizer
2026-01-29 11:09:38,166 - tf2onnx.optimizer.EinsumOptimizer - VERBOSE - no change
2026-01-29 11:09:38,168 - tf2onnx.optimizer - INFO - After optimization: Add -11 (20->9), Cast -13 (13->0), Const -29 (88->59), GlobalMaxPool +3 (0->3), Identity -6 (6->0), ReduceMax -3 (4->1), Reshape -10 (12->2), Squeeze +3 (7->10), Transpose -25 (32->7)
2026-01-29 11:09:38,411 - root - INFO - Continuing training on model kc46_lidar_lr001_5_20/classification_pretrain/kc46_lidar_lr001_5_20_classification_pretrain.keras
2026-01-29 11:09:39,077 - root - INFO - PointNet Build
2026-01-29 11:09:39,078 - root - INFO - 	Trainable Layers
2026-01-29 11:09:39,078 - root - INFO - 		-> input_normalization: False
2026-01-29 11:09:39,079 - root - INFO - 		-> input_transform: True
2026-01-29 11:09:39,079 - root - INFO - 		-> s1_l1_64_convolution_layer: True
2026-01-29 11:09:39,079 - root - INFO - 		-> s1_l2_64_convolution_layer: True
2026-01-29 11:09:39,080 - root - INFO - 		-> feature_transform: True
2026-01-29 11:09:39,080 - root - INFO - 		-> s2_l1_64_convolution_layer: True
2026-01-29 11:09:39,080 - root - INFO - 		-> s2_l2_128_convolution_layer: True
2026-01-29 11:09:39,080 - root - INFO - 		-> s2_l3_1024_convolution_layer: True
2026-01-29 11:09:39,081 - root - INFO - 		-> s3_l1_512_dense_layer: False
2026-01-29 11:09:39,081 - root - INFO - 		-> s3_l2_256_dense_layer: False
2026-01-29 11:09:39,081 - root - INFO - 		-> output_dense_layer: False
2026-01-29 11:09:39,081 - root - INFO - 		-> seg_l1_512_convolution_layer: True
2026-01-29 11:09:39,081 - root - INFO - 		-> seg_l2_256_convolution_layer: True
2026-01-29 11:09:39,082 - root - INFO - 		-> seg_l3_128_convolution_layer: True
2026-01-29 11:09:39,082 - root - INFO - 		-> seg_l4_128_convolution_layer: True
2026-01-29 11:09:39,082 - root - INFO - 		-> seg_l5_output_convolution_layer: True
2026-01-29 15:13:52,452 - tf2onnx.tfonnx - INFO - Using tensorflow=2.20.0, onnx=1.17.0, tf2onnx=1.16.1/15c810
2026-01-29 15:13:52,453 - tf2onnx.tfonnx - INFO - Using opset <onnx, 13>
2026-01-29 15:13:52,502 - tf2onnx.tf_utils - INFO - Computed 0 values for constant folding
2026-01-29 15:13:52,543 - tf2onnx.graph - DEBUG - Making node: Name=Identity, OP=Identity
2026-01-29 15:13:52,544 - tf2onnx.graph - DEBUG - Made node: Identity
OP=Identity
Name=Identity
Inputs:
	point_net_1/output_dense_layer_1/Softmax:0=Softmax, [-1, 23], 1
Outpus:
	Identity_raw_output___175:0=[-1, 23], 1
2026-01-29 15:13:52,544 - tf2onnx.graph - DEBUG - Making node: Name=Identity_graph_outputs_Identity__176, OP=Identity
2026-01-29 15:13:52,545 - tf2onnx.graph - DEBUG - Made node: Identity_graph_outputs_Identity__176
OP=Identity
Name=Identity_graph_outputs_Identity__176
Inputs:
	Identity_raw_output___175:0=Identity, [-1, 23], 1
Outpus:
	Identity:0=[-1, 23], 1
2026-01-29 15:13:52,546 - tf2onnx.graph - DEBUG - Making node: Name=Identity_2, OP=Identity
2026-01-29 15:13:52,546 - tf2onnx.graph - DEBUG - Made node: Identity_2
OP=Identity
Name=Identity_2
Inputs:
	point_net_1/Squeeze_2:0=Squeeze, [-1, 8192, 12], 1
Outpus:
	Identity_2_raw_output___177:0=[-1, 8192, 12], 1
2026-01-29 15:13:52,547 - tf2onnx.graph - DEBUG - Making node: Name=Identity_2_graph_outputs_Identity__178, OP=Identity
2026-01-29 15:13:52,547 - tf2onnx.graph - DEBUG - Made node: Identity_2_graph_outputs_Identity__178
OP=Identity
Name=Identity_2_graph_outputs_Identity__178
Inputs:
	Identity_2_raw_output___177:0=Identity, [-1, 8192, 12], 1
Outpus:
	Identity_2:0=[-1, 8192, 12], 1
2026-01-29 15:13:52,547 - tf2onnx.graph - DEBUG - Making node: Name=Identity_1, OP=Identity
2026-01-29 15:13:52,548 - tf2onnx.graph - DEBUG - Made node: Identity_1
OP=Identity
Name=Identity_1
Inputs:
	point_net_1/input_transform_1/add:0=AddV2, [-1, 3, 3], 1
Outpus:
	Identity_1_raw_output___179:0=[-1, 3, 3], 1
2026-01-29 15:13:52,548 - tf2onnx.graph - DEBUG - Making node: Name=Identity_1_graph_outputs_Identity__180, OP=Identity
2026-01-29 15:13:52,548 - tf2onnx.graph - DEBUG - Made node: Identity_1_graph_outputs_Identity__180
OP=Identity
Name=Identity_1_graph_outputs_Identity__180
Inputs:
	Identity_1_raw_output___179:0=Identity, [-1, 3, 3], 1
Outpus:
	Identity_1:0=[-1, 3, 3], 1
2026-01-29 15:13:52,549 - tf2onnx.tfonnx - ERROR - rewriter <function rewrite_constant_fold at 0x72f53c7fd6c0>: exception `np.cast` was removed in the NumPy 2.0 release. Use `np.asarray(arr, dtype=dtype)` instead.
2026-01-29 15:13:52,554 - tf2onnx.tfonnx - INFO - ['Traceback (most recent call last):\n', '  File "/mnt/c/repos/PointCloudProcessing/point_cloud_analysis/.venv/lib/python3.10/site-packages/tf2onnx/tfonnx.py", line 375, in run_rewriters\n    ops = func(g, g.get_nodes())\n', '  File "/mnt/c/repos/PointCloudProcessing/point_cloud_analysis/.venv/lib/python3.10/site-packages/tf2onnx/tfonnx.py", line 77, in rewrite_constant_fold\n    "Cast": np.cast,\n', '  File "/mnt/c/repos/PointCloudProcessing/point_cloud_analysis/.venv/lib/python3.10/site-packages/numpy/__init__.py", line 400, in __getattr__\n    raise AttributeError(\n', 'AttributeError: `np.cast` was removed in the NumPy 2.0 release. Use `np.asarray(arr, dtype=dtype)` instead.\n']
2026-01-29 15:13:52,566 - tf2onnx.rewriter.lstm_rewriter - DEBUG - enter lstm rewriter
2026-01-29 15:13:52,568 - tf2onnx.rewriter.gru_rewriter - DEBUG - enter gru rewriter
2026-01-29 15:13:52,571 - tf2onnx.rewriter.custom_rnn_rewriter - DEBUG - enter custom rnn rewriter
2026-01-29 15:13:52,573 - tf2onnx.rewriter.loop_rewriter - DEBUG - enter loop rewriter
2026-01-29 15:13:52,574 - tf2onnx.rewriter.cond_rewriter - DEBUG - enter cond pre rewrite
2026-01-29 15:13:52,576 - tf2onnx.graph - DEBUG - Making node: Name=point_net_1/seg_l5_output_convolution_layer_1/seg_l5_output_convolution_layer_1/BiasAdd, OP=Conv2D
2026-01-29 15:13:52,577 - tf2onnx.graph - DEBUG - Made node: point_net_1/seg_l5_output_convolution_layer_1/seg_l5_output_convolution_layer_1/BiasAdd
OP=Conv2D
Name=point_net_1/seg_l5_output_convolution_layer_1/seg_l5_output_convolution_layer_1/BiasAdd
Inputs:
	point_net_1/seg_l4_128_convolution_layer_1/Relu:0=Relu, [-1, 8192, 1, 128], 1
	point_net_1/seg_l5_output_convolution_layer_1/seg_l5_output_convolution_layer_1/convolution/ReadVariableOp:0=Const, [1, 1, 128, 12], 1
	point_net_1/seg_l5_output_convolution_layer_1/seg_l5_output_convolution_layer_1/Squeeze:0=Const, [12], 1
Outpus:
	point_net_1/seg_l5_output_convolution_layer_1/seg_l5_output_convolution_layer_1/BiasAdd:0=[-1, 8192, 1, 12], 1
2026-01-29 15:13:52,584 - tf2onnx.tfonnx - VERBOSE - Mapping TF node to ONNX node(s)
2026-01-29 15:13:52,586 - tf2onnx.tfonnx - DEBUG - Process node: point_net_1/seg_l5_output_convolution_layer_1/seg_l5_output_convolution_layer_1/convolution/ReadVariableOp
OP=Const
Name=point_net_1/seg_l5_output_convolution_layer_1/seg_l5_output_convolution_layer_1/convolution/ReadVariableOp
Outpus:
	point_net_1/seg_l5_output_convolution_layer_1/seg_l5_output_convolution_layer_1/convolution/ReadVariableOp:0=[1, 1, 128, 12], 1
2026-01-29 15:13:52,587 - tf2onnx.tfonnx - DEBUG - Process node: point_net_1/seg_l5_output_convolution_layer_1/seg_l5_output_convolution_layer_1/Squeeze
OP=Const
Name=point_net_1/seg_l5_output_convolution_layer_1/seg_l5_output_convolution_layer_1/Squeeze
Outpus:
	point_net_1/seg_l5_output_convolution_layer_1/seg_l5_output_convolution_layer_1/Squeeze:0=[12], 1
2026-01-29 15:13:52,588 - tf2onnx.tfonnx - DEBUG - Process node: point_net_1/seg_l4_128_convolution_layer_1/seg_l4_128_convolution_layer_1/convolution/merged_input
OP=Const
Name=point_net_1/seg_l4_128_convolution_layer_1/seg_l4_128_convolution_layer_1/convolution/merged_input
Outpus:
	point_net_1/seg_l4_128_convolution_layer_1/seg_l4_128_convolution_layer_1/convolution/merged_input:0=[1, 1, 128, 128], 1
2026-01-29 15:13:52,590 - tf2onnx.tfonnx - DEBUG - Process node: point_net_1/seg_l4_128_convolution_layer_1/batch_normalization_41_1/batchnorm/sub
OP=Const
Name=point_net_1/seg_l4_128_convolution_layer_1/batch_normalization_41_1/batchnorm/sub
Outpus:
	point_net_1/seg_l4_128_convolution_layer_1/batch_normalization_41_1/batchnorm/sub:0=[128], 1
2026-01-29 15:13:52,591 - tf2onnx.tfonnx - DEBUG - Process node: point_net_1/seg_l3_128_convolution_layer_1/seg_l3_128_convolution_layer_1/convolution/merged_input
OP=Const
Name=point_net_1/seg_l3_128_convolution_layer_1/seg_l3_128_convolution_layer_1/convolution/merged_input
Outpus:
	point_net_1/seg_l3_128_convolution_layer_1/seg_l3_128_convolution_layer_1/convolution/merged_input:0=[1, 1, 256, 128], 1
2026-01-29 15:13:52,592 - tf2onnx.tfonnx - DEBUG - Process node: point_net_1/seg_l3_128_convolution_layer_1/batch_normalization_40_1/batchnorm/sub
OP=Const
Name=point_net_1/seg_l3_128_convolution_layer_1/batch_normalization_40_1/batchnorm/sub
Outpus:
	point_net_1/seg_l3_128_convolution_layer_1/batch_normalization_40_1/batchnorm/sub:0=[128], 1
2026-01-29 15:13:52,593 - tf2onnx.tfonnx - DEBUG - Process node: point_net_1/seg_l2_256_convolution_layer_1/seg_l2_256_convolution_layer_1/convolution/merged_input
OP=Const
Name=point_net_1/seg_l2_256_convolution_layer_1/seg_l2_256_convolution_layer_1/convolution/merged_input
Outpus:
	point_net_1/seg_l2_256_convolution_layer_1/seg_l2_256_convolution_layer_1/convolution/merged_input:0=[1, 1, 512, 256], 1
2026-01-29 15:13:52,594 - tf2onnx.tfonnx - DEBUG - Process node: point_net_1/seg_l2_256_convolution_layer_1/batch_normalization_39_1/batchnorm/sub
OP=Const
Name=point_net_1/seg_l2_256_convolution_layer_1/batch_normalization_39_1/batchnorm/sub
Outpus:
	point_net_1/seg_l2_256_convolution_layer_1/batch_normalization_39_1/batchnorm/sub:0=[256], 1
2026-01-29 15:13:52,595 - tf2onnx.tfonnx - DEBUG - Process node: point_net_1/seg_l1_512_convolution_layer_1/seg_l1_512_convolution_layer_1/convolution/merged_input
OP=Const
Name=point_net_1/seg_l1_512_convolution_layer_1/seg_l1_512_convolution_layer_1/convolution/merged_input
Outpus:
	point_net_1/seg_l1_512_convolution_layer_1/seg_l1_512_convolution_layer_1/convolution/merged_input:0=[1, 1, 1088, 512], 1
2026-01-29 15:13:52,596 - tf2onnx.tfonnx - DEBUG - Process node: point_net_1/seg_l1_512_convolution_layer_1/batch_normalization_38_1/batchnorm/sub
OP=Const
Name=point_net_1/seg_l1_512_convolution_layer_1/batch_normalization_38_1/batchnorm/sub
Outpus:
	point_net_1/seg_l1_512_convolution_layer_1/batch_normalization_38_1/batchnorm/sub:0=[512], 1
2026-01-29 15:13:52,598 - tf2onnx.tfonnx - DEBUG - Process node: point_net_1/s3_l2_256_dense_layer_1/s3_l2_256_dense_layer_1/Cast/ReadVariableOp
OP=Const
Name=point_net_1/s3_l2_256_dense_layer_1/s3_l2_256_dense_layer_1/Cast/ReadVariableOp
Outpus:
	point_net_1/s3_l2_256_dense_layer_1/s3_l2_256_dense_layer_1/Cast/ReadVariableOp:0=[512, 256], 1
2026-01-29 15:13:52,599 - tf2onnx.tfonnx - DEBUG - Process node: point_net_1/s3_l2_256_dense_layer_1/batch_normalization_37_1/batchnorm/sub
OP=Const
Name=point_net_1/s3_l2_256_dense_layer_1/batch_normalization_37_1/batchnorm/sub
Outpus:
	point_net_1/s3_l2_256_dense_layer_1/batch_normalization_37_1/batchnorm/sub:0=[256], 1
2026-01-29 15:13:52,604 - tf2onnx.tfonnx - DEBUG - Process node: point_net_1/s3_l2_256_dense_layer_1/batch_normalization_37_1/batchnorm/mul
OP=Const
Name=point_net_1/s3_l2_256_dense_layer_1/batch_normalization_37_1/batchnorm/mul
Outpus:
	point_net_1/s3_l2_256_dense_layer_1/batch_normalization_37_1/batchnorm/mul:0=[256], 1
2026-01-29 15:13:52,604 - tf2onnx.tfonnx - DEBUG - Process node: point_net_1/s3_l1_512_dense_layer_1/s3_l1_512_dense_layer_1/Cast/ReadVariableOp
OP=Const
Name=point_net_1/s3_l1_512_dense_layer_1/s3_l1_512_dense_layer_1/Cast/ReadVariableOp
Outpus:
	point_net_1/s3_l1_512_dense_layer_1/s3_l1_512_dense_layer_1/Cast/ReadVariableOp:0=[1024, 512], 1
2026-01-29 15:13:52,605 - tf2onnx.tfonnx - DEBUG - Process node: point_net_1/s3_l1_512_dense_layer_1/batch_normalization_36_1/batchnorm/sub
OP=Const
Name=point_net_1/s3_l1_512_dense_layer_1/batch_normalization_36_1/batchnorm/sub
Outpus:
	point_net_1/s3_l1_512_dense_layer_1/batch_normalization_36_1/batchnorm/sub:0=[512], 1
2026-01-29 15:13:52,605 - tf2onnx.tfonnx - DEBUG - Process node: point_net_1/s3_l1_512_dense_layer_1/batch_normalization_36_1/batchnorm/mul
OP=Const
Name=point_net_1/s3_l1_512_dense_layer_1/batch_normalization_36_1/batchnorm/mul
Outpus:
	point_net_1/s3_l1_512_dense_layer_1/batch_normalization_36_1/batchnorm/mul:0=[512], 1
2026-01-29 15:13:52,606 - tf2onnx.tfonnx - DEBUG - Process node: point_net_1/s2_l3_1024_convolution_layer_1/s2_l3_1024_convolution_layer_1/convolution/merged_input
OP=Const
Name=point_net_1/s2_l3_1024_convolution_layer_1/s2_l3_1024_convolution_layer_1/convolution/merged_input
Outpus:
	point_net_1/s2_l3_1024_convolution_layer_1/s2_l3_1024_convolution_layer_1/convolution/merged_input:0=[1, 1, 128, 1024], 1
2026-01-29 15:13:52,606 - tf2onnx.tfonnx - DEBUG - Process node: point_net_1/s2_l3_1024_convolution_layer_1/batch_normalization_35_1/batchnorm/sub
OP=Const
Name=point_net_1/s2_l3_1024_convolution_layer_1/batch_normalization_35_1/batchnorm/sub
Outpus:
	point_net_1/s2_l3_1024_convolution_layer_1/batch_normalization_35_1/batchnorm/sub:0=[1024], 1
2026-01-29 15:13:52,607 - tf2onnx.tfonnx - DEBUG - Process node: point_net_1/s2_l2_128_convolution_layer_1/s2_l2_128_convolution_layer_1/convolution/merged_input
OP=Const
Name=point_net_1/s2_l2_128_convolution_layer_1/s2_l2_128_convolution_layer_1/convolution/merged_input
Outpus:
	point_net_1/s2_l2_128_convolution_layer_1/s2_l2_128_convolution_layer_1/convolution/merged_input:0=[1, 1, 64, 128], 1
2026-01-29 15:13:52,607 - tf2onnx.tfonnx - DEBUG - Process node: point_net_1/s2_l2_128_convolution_layer_1/batch_normalization_34_1/batchnorm/sub
OP=Const
Name=point_net_1/s2_l2_128_convolution_layer_1/batch_normalization_34_1/batchnorm/sub
Outpus:
	point_net_1/s2_l2_128_convolution_layer_1/batch_normalization_34_1/batchnorm/sub:0=[128], 1
2026-01-29 15:13:52,608 - tf2onnx.tfonnx - DEBUG - Process node: point_net_1/s2_l1_64_convolution_layer_1/s2_l1_64_convolution_layer_1/convolution/merged_input
OP=Const
Name=point_net_1/s2_l1_64_convolution_layer_1/s2_l1_64_convolution_layer_1/convolution/merged_input
Outpus:
	point_net_1/s2_l1_64_convolution_layer_1/s2_l1_64_convolution_layer_1/convolution/merged_input:0=[1, 1, 64, 64], 1
2026-01-29 15:13:52,608 - tf2onnx.tfonnx - DEBUG - Process node: point_net_1/s2_l1_64_convolution_layer_1/batch_normalization_33_1/batchnorm/sub
OP=Const
Name=point_net_1/s2_l1_64_convolution_layer_1/batch_normalization_33_1/batchnorm/sub
Outpus:
	point_net_1/s2_l1_64_convolution_layer_1/batch_normalization_33_1/batchnorm/sub:0=[64], 1
2026-01-29 15:13:52,609 - tf2onnx.tfonnx - DEBUG - Process node: point_net_1/s1_l2_64_convolution_layer_1/s1_l2_64_convolution_layer_1/convolution/merged_input
OP=Const
Name=point_net_1/s1_l2_64_convolution_layer_1/s1_l2_64_convolution_layer_1/convolution/merged_input
Outpus:
	point_net_1/s1_l2_64_convolution_layer_1/s1_l2_64_convolution_layer_1/convolution/merged_input:0=[1, 1, 64, 64], 1
2026-01-29 15:13:52,609 - tf2onnx.tfonnx - DEBUG - Process node: point_net_1/s1_l2_64_convolution_layer_1/batch_normalization_27_1/batchnorm/sub
OP=Const
Name=point_net_1/s1_l2_64_convolution_layer_1/batch_normalization_27_1/batchnorm/sub
Outpus:
	point_net_1/s1_l2_64_convolution_layer_1/batch_normalization_27_1/batchnorm/sub:0=[64], 1
2026-01-29 15:13:52,609 - tf2onnx.tfonnx - DEBUG - Process node: point_net_1/s1_l1_64_convolution_layer_1/s1_l1_64_convolution_layer_1/convolution/merged_input
OP=Const
Name=point_net_1/s1_l1_64_convolution_layer_1/s1_l1_64_convolution_layer_1/convolution/merged_input
Outpus:
	point_net_1/s1_l1_64_convolution_layer_1/s1_l1_64_convolution_layer_1/convolution/merged_input:0=[1, 1, 3, 64], 1
2026-01-29 15:13:52,610 - tf2onnx.tfonnx - DEBUG - Process node: point_net_1/s1_l1_64_convolution_layer_1/batch_normalization_26_1/batchnorm/sub
OP=Const
Name=point_net_1/s1_l1_64_convolution_layer_1/batch_normalization_26_1/batchnorm/sub
Outpus:
	point_net_1/s1_l1_64_convolution_layer_1/batch_normalization_26_1/batchnorm/sub:0=[64], 1
2026-01-29 15:13:52,610 - tf2onnx.tfonnx - DEBUG - Process node: point_net_1/output_dense_layer_1/output_dense_layer_1/Cast/ReadVariableOp
OP=Const
Name=point_net_1/output_dense_layer_1/output_dense_layer_1/Cast/ReadVariableOp
Outpus:
	point_net_1/output_dense_layer_1/output_dense_layer_1/Cast/ReadVariableOp:0=[256, 23], 1
2026-01-29 15:13:52,610 - tf2onnx.tfonnx - DEBUG - Process node: point_net_1/output_dense_layer_1/output_dense_layer_1/BiasAdd/ReadVariableOp
OP=Const
Name=point_net_1/output_dense_layer_1/output_dense_layer_1/BiasAdd/ReadVariableOp
Outpus:
	point_net_1/output_dense_layer_1/output_dense_layer_1/BiasAdd/ReadVariableOp:0=[23], 1
2026-01-29 15:13:52,611 - tf2onnx.tfonnx - DEBUG - Process node: point_net_1/input_transform_1/input_transform_dense_layer_2_dense_layer_1/input_transform_dense_layer_2_dense_layer_1/Cast/ReadVariableOp
OP=Const
Name=point_net_1/input_transform_1/input_transform_dense_layer_2_dense_layer_1/input_transform_dense_layer_2_dense_layer_1/Cast/ReadVariableOp
Outpus:
	point_net_1/input_transform_1/input_transform_dense_layer_2_dense_layer_1/input_transform_dense_layer_2_dense_layer_1/Cast/ReadVariableOp:0=[512, 256], 1
2026-01-29 15:13:52,611 - tf2onnx.tfonnx - DEBUG - Process node: point_net_1/input_transform_1/input_transform_dense_layer_2_dense_layer_1/batch_normalization_25_1/batchnorm/sub
OP=Const
Name=point_net_1/input_transform_1/input_transform_dense_layer_2_dense_layer_1/batch_normalization_25_1/batchnorm/sub
Outpus:
	point_net_1/input_transform_1/input_transform_dense_layer_2_dense_layer_1/batch_normalization_25_1/batchnorm/sub:0=[256], 1
2026-01-29 15:13:52,611 - tf2onnx.tfonnx - DEBUG - Process node: point_net_1/input_transform_1/input_transform_dense_layer_2_dense_layer_1/batch_normalization_25_1/batchnorm/mul
OP=Const
Name=point_net_1/input_transform_1/input_transform_dense_layer_2_dense_layer_1/batch_normalization_25_1/batchnorm/mul
Outpus:
	point_net_1/input_transform_1/input_transform_dense_layer_2_dense_layer_1/batch_normalization_25_1/batchnorm/mul:0=[256], 1
2026-01-29 15:13:52,612 - tf2onnx.tfonnx - DEBUG - Process node: point_net_1/input_transform_1/input_transform_dense_layer_1_dense_layer_1/input_transform_dense_layer_1_dense_layer_1/Cast/ReadVariableOp
OP=Const
Name=point_net_1/input_transform_1/input_transform_dense_layer_1_dense_layer_1/input_transform_dense_layer_1_dense_layer_1/Cast/ReadVariableOp
Outpus:
	point_net_1/input_transform_1/input_transform_dense_layer_1_dense_layer_1/input_transform_dense_layer_1_dense_layer_1/Cast/ReadVariableOp:0=[1024, 512], 1
2026-01-29 15:13:52,612 - tf2onnx.tfonnx - DEBUG - Process node: point_net_1/input_transform_1/input_transform_dense_layer_1_dense_layer_1/batch_normalization_24_1/batchnorm/sub
OP=Const
Name=point_net_1/input_transform_1/input_transform_dense_layer_1_dense_layer_1/batch_normalization_24_1/batchnorm/sub
Outpus:
	point_net_1/input_transform_1/input_transform_dense_layer_1_dense_layer_1/batch_normalization_24_1/batchnorm/sub:0=[512], 1
2026-01-29 15:13:52,612 - tf2onnx.tfonnx - DEBUG - Process node: point_net_1/input_transform_1/input_transform_dense_layer_1_dense_layer_1/batch_normalization_24_1/batchnorm/mul
OP=Const
Name=point_net_1/input_transform_1/input_transform_dense_layer_1_dense_layer_1/batch_normalization_24_1/batchnorm/mul
Outpus:
	point_net_1/input_transform_1/input_transform_dense_layer_1_dense_layer_1/batch_normalization_24_1/batchnorm/mul:0=[512], 1
2026-01-29 15:13:52,613 - tf2onnx.tfonnx - DEBUG - Process node: point_net_1/input_transform_1/input_transform_convolution_layer_3_convolution_layer_1/input_transform_convolution_layer_3_convolution_layer_1/convolution/merged_input
OP=Const
Name=point_net_1/input_transform_1/input_transform_convolution_layer_3_convolution_layer_1/input_transform_convolution_layer_3_convolution_layer_1/convolution/merged_input
Outpus:
	point_net_1/input_transform_1/input_transform_convolution_layer_3_convolution_layer_1/input_transform_convolution_layer_3_convolution_layer_1/convolution/merged_input:0=[1, 1, 128, 1024], 1
2026-01-29 15:13:52,613 - tf2onnx.tfonnx - DEBUG - Process node: point_net_1/input_transform_1/input_transform_convolution_layer_3_convolution_layer_1/batch_normalization_23_1/batchnorm/sub
OP=Const
Name=point_net_1/input_transform_1/input_transform_convolution_layer_3_convolution_layer_1/batch_normalization_23_1/batchnorm/sub
Outpus:
	point_net_1/input_transform_1/input_transform_convolution_layer_3_convolution_layer_1/batch_normalization_23_1/batchnorm/sub:0=[1024], 1
2026-01-29 15:13:52,613 - tf2onnx.tfonnx - DEBUG - Process node: point_net_1/input_transform_1/input_transform_convolution_layer_2_convolution_layer_1/input_transform_convolution_layer_2_convolution_layer_1/convolution/merged_input
OP=Const
Name=point_net_1/input_transform_1/input_transform_convolution_layer_2_convolution_layer_1/input_transform_convolution_layer_2_convolution_layer_1/convolution/merged_input
Outpus:
	point_net_1/input_transform_1/input_transform_convolution_layer_2_convolution_layer_1/input_transform_convolution_layer_2_convolution_layer_1/convolution/merged_input:0=[1, 1, 64, 128], 1
2026-01-29 15:13:52,614 - tf2onnx.tfonnx - DEBUG - Process node: point_net_1/input_transform_1/input_transform_convolution_layer_2_convolution_layer_1/batch_normalization_22_1/batchnorm/sub
OP=Const
Name=point_net_1/input_transform_1/input_transform_convolution_layer_2_convolution_layer_1/batch_normalization_22_1/batchnorm/sub
Outpus:
	point_net_1/input_transform_1/input_transform_convolution_layer_2_convolution_layer_1/batch_normalization_22_1/batchnorm/sub:0=[128], 1
2026-01-29 15:13:52,614 - tf2onnx.tfonnx - DEBUG - Process node: point_net_1/input_transform_1/input_transform_convolution_layer_1_convolution_layer_1/input_transform_convolution_layer_1_convolution_layer_1/convolution/merged_input
OP=Const
Name=point_net_1/input_transform_1/input_transform_convolution_layer_1_convolution_layer_1/input_transform_convolution_layer_1_convolution_layer_1/convolution/merged_input
Outpus:
	point_net_1/input_transform_1/input_transform_convolution_layer_1_convolution_layer_1/input_transform_convolution_layer_1_convolution_layer_1/convolution/merged_input:0=[1, 1, 3, 64], 1
2026-01-29 15:13:52,614 - tf2onnx.tfonnx - DEBUG - Process node: point_net_1/input_transform_1/input_transform_convolution_layer_1_convolution_layer_1/batch_normalization_21_1/batchnorm/sub
OP=Const
Name=point_net_1/input_transform_1/input_transform_convolution_layer_1_convolution_layer_1/batch_normalization_21_1/batchnorm/sub
Outpus:
	point_net_1/input_transform_1/input_transform_convolution_layer_1_convolution_layer_1/batch_normalization_21_1/batchnorm/sub:0=[64], 1
2026-01-29 15:13:52,615 - tf2onnx.tfonnx - DEBUG - Process node: point_net_1/input_transform_1/add/ReadVariableOp
OP=Const
Name=point_net_1/input_transform_1/add/ReadVariableOp
Outpus:
	point_net_1/input_transform_1/add/ReadVariableOp:0=[3, 3], 1
2026-01-29 15:13:52,615 - tf2onnx.tfonnx - DEBUG - Process node: point_net_1/input_transform_1/Reshape/shape
OP=Const
Name=point_net_1/input_transform_1/Reshape/shape
Outpus:
	point_net_1/input_transform_1/Reshape/shape:0=[3], 6
2026-01-29 15:13:52,615 - tf2onnx.tfonnx - DEBUG - Process node: point_net_1/input_transform_1/Max/reduction_indices
OP=Const
Name=point_net_1/input_transform_1/Max/reduction_indices
Outpus:
	point_net_1/input_transform_1/Max/reduction_indices:0=[], 6
2026-01-29 15:13:52,615 - tf2onnx.tfonnx - DEBUG - Process node: point_net_1/input_transform_1/MatMul/ReadVariableOp
OP=Const
Name=point_net_1/input_transform_1/MatMul/ReadVariableOp
Outpus:
	point_net_1/input_transform_1/MatMul/ReadVariableOp:0=[256, 9], 1
2026-01-29 15:13:52,615 - tf2onnx.tfonnx - DEBUG - Process node: point_net_1/input_transform_1/ExpandDims_1/dim
OP=Const
Name=point_net_1/input_transform_1/ExpandDims_1/dim
Outpus:
	point_net_1/input_transform_1/ExpandDims_1/dim:0=[], 6
2026-01-29 15:13:52,616 - tf2onnx.tfonnx - DEBUG - Process node: point_net_1/input_transform_1/ExpandDims/dim
OP=Const
Name=point_net_1/input_transform_1/ExpandDims/dim
Outpus:
	point_net_1/input_transform_1/ExpandDims/dim:0=[], 6
2026-01-29 15:13:52,616 - tf2onnx.tfonnx - DEBUG - Process node: point_net_1/input_normalization_1/Sum/reduction_indices
OP=Const
Name=point_net_1/input_normalization_1/Sum/reduction_indices
Outpus:
	point_net_1/input_normalization_1/Sum/reduction_indices:0=[], 6
2026-01-29 15:13:52,616 - tf2onnx.tfonnx - DEBUG - Process node: point_net_1/input_normalization_1/Mean/reduction_indices
OP=Const
Name=point_net_1/input_normalization_1/Mean/reduction_indices
Outpus:
	point_net_1/input_normalization_1/Mean/reduction_indices:0=[], 6
2026-01-29 15:13:52,616 - tf2onnx.tfonnx - DEBUG - Process node: point_net_1/input_normalization_1/Maximum/y
OP=Const
Name=point_net_1/input_normalization_1/Maximum/y
Outpus:
	point_net_1/input_normalization_1/Maximum/y:0=[], 1
2026-01-29 15:13:52,617 - tf2onnx.tfonnx - DEBUG - Process node: point_net_1/input_normalization_1/Max/reduction_indices
OP=Const
Name=point_net_1/input_normalization_1/Max/reduction_indices
Outpus:
	point_net_1/input_normalization_1/Max/reduction_indices:0=[], 6
2026-01-29 15:13:52,617 - tf2onnx.tfonnx - DEBUG - Process node: point_net_1/input_normalization_1/ExpandDims/dim
OP=Const
Name=point_net_1/input_normalization_1/ExpandDims/dim
Outpus:
	point_net_1/input_normalization_1/ExpandDims/dim:0=[], 6
2026-01-29 15:13:52,617 - tf2onnx.tfonnx - DEBUG - Process node: point_net_1/feature_transform_1/feature_transform_dense_layer_2_dense_layer_1/feature_transform_dense_layer_2_dense_layer_1/Cast/ReadVariableOp
OP=Const
Name=point_net_1/feature_transform_1/feature_transform_dense_layer_2_dense_layer_1/feature_transform_dense_layer_2_dense_layer_1/Cast/ReadVariableOp
Outpus:
	point_net_1/feature_transform_1/feature_transform_dense_layer_2_dense_layer_1/feature_transform_dense_layer_2_dense_layer_1/Cast/ReadVariableOp:0=[512, 256], 1
2026-01-29 15:13:52,617 - tf2onnx.tfonnx - DEBUG - Process node: point_net_1/feature_transform_1/feature_transform_dense_layer_2_dense_layer_1/batch_normalization_32_1/batchnorm/sub
OP=Const
Name=point_net_1/feature_transform_1/feature_transform_dense_layer_2_dense_layer_1/batch_normalization_32_1/batchnorm/sub
Outpus:
	point_net_1/feature_transform_1/feature_transform_dense_layer_2_dense_layer_1/batch_normalization_32_1/batchnorm/sub:0=[256], 1
2026-01-29 15:13:52,617 - tf2onnx.tfonnx - DEBUG - Process node: point_net_1/feature_transform_1/feature_transform_dense_layer_2_dense_layer_1/batch_normalization_32_1/batchnorm/mul
OP=Const
Name=point_net_1/feature_transform_1/feature_transform_dense_layer_2_dense_layer_1/batch_normalization_32_1/batchnorm/mul
Outpus:
	point_net_1/feature_transform_1/feature_transform_dense_layer_2_dense_layer_1/batch_normalization_32_1/batchnorm/mul:0=[256], 1
2026-01-29 15:13:52,618 - tf2onnx.tfonnx - DEBUG - Process node: point_net_1/feature_transform_1/feature_transform_dense_layer_1_dense_layer_1/feature_transform_dense_layer_1_dense_layer_1/Cast/ReadVariableOp
OP=Const
Name=point_net_1/feature_transform_1/feature_transform_dense_layer_1_dense_layer_1/feature_transform_dense_layer_1_dense_layer_1/Cast/ReadVariableOp
Outpus:
	point_net_1/feature_transform_1/feature_transform_dense_layer_1_dense_layer_1/feature_transform_dense_layer_1_dense_layer_1/Cast/ReadVariableOp:0=[1024, 512], 1
2026-01-29 15:13:52,618 - tf2onnx.tfonnx - DEBUG - Process node: point_net_1/feature_transform_1/feature_transform_dense_layer_1_dense_layer_1/batch_normalization_31_1/batchnorm/sub
OP=Const
Name=point_net_1/feature_transform_1/feature_transform_dense_layer_1_dense_layer_1/batch_normalization_31_1/batchnorm/sub
Outpus:
	point_net_1/feature_transform_1/feature_transform_dense_layer_1_dense_layer_1/batch_normalization_31_1/batchnorm/sub:0=[512], 1
2026-01-29 15:13:52,618 - tf2onnx.tfonnx - DEBUG - Process node: point_net_1/feature_transform_1/feature_transform_dense_layer_1_dense_layer_1/batch_normalization_31_1/batchnorm/mul
OP=Const
Name=point_net_1/feature_transform_1/feature_transform_dense_layer_1_dense_layer_1/batch_normalization_31_1/batchnorm/mul
Outpus:
	point_net_1/feature_transform_1/feature_transform_dense_layer_1_dense_layer_1/batch_normalization_31_1/batchnorm/mul:0=[512], 1
2026-01-29 15:13:52,618 - tf2onnx.tfonnx - DEBUG - Process node: point_net_1/feature_transform_1/feature_transform_convolution_layer_3_convolution_layer_1/feature_transform_convolution_layer_3_convolution_layer_1/convolution/merged_input
OP=Const
Name=point_net_1/feature_transform_1/feature_transform_convolution_layer_3_convolution_layer_1/feature_transform_convolution_layer_3_convolution_layer_1/convolution/merged_input
Outpus:
	point_net_1/feature_transform_1/feature_transform_convolution_layer_3_convolution_layer_1/feature_transform_convolution_layer_3_convolution_layer_1/convolution/merged_input:0=[1, 1, 128, 1024], 1
2026-01-29 15:13:52,619 - tf2onnx.tfonnx - DEBUG - Process node: point_net_1/feature_transform_1/feature_transform_convolution_layer_3_convolution_layer_1/batch_normalization_30_1/batchnorm/sub
OP=Const
Name=point_net_1/feature_transform_1/feature_transform_convolution_layer_3_convolution_layer_1/batch_normalization_30_1/batchnorm/sub
Outpus:
	point_net_1/feature_transform_1/feature_transform_convolution_layer_3_convolution_layer_1/batch_normalization_30_1/batchnorm/sub:0=[1024], 1
2026-01-29 15:13:52,619 - tf2onnx.tfonnx - DEBUG - Process node: point_net_1/feature_transform_1/feature_transform_convolution_layer_2_convolution_layer_1/feature_transform_convolution_layer_2_convolution_layer_1/convolution/merged_input
OP=Const
Name=point_net_1/feature_transform_1/feature_transform_convolution_layer_2_convolution_layer_1/feature_transform_convolution_layer_2_convolution_layer_1/convolution/merged_input
Outpus:
	point_net_1/feature_transform_1/feature_transform_convolution_layer_2_convolution_layer_1/feature_transform_convolution_layer_2_convolution_layer_1/convolution/merged_input:0=[1, 1, 64, 128], 1
2026-01-29 15:13:52,619 - tf2onnx.tfonnx - DEBUG - Process node: point_net_1/feature_transform_1/feature_transform_convolution_layer_2_convolution_layer_1/batch_normalization_29_1/batchnorm/sub
OP=Const
Name=point_net_1/feature_transform_1/feature_transform_convolution_layer_2_convolution_layer_1/batch_normalization_29_1/batchnorm/sub
Outpus:
	point_net_1/feature_transform_1/feature_transform_convolution_layer_2_convolution_layer_1/batch_normalization_29_1/batchnorm/sub:0=[128], 1
2026-01-29 15:13:52,619 - tf2onnx.tfonnx - DEBUG - Process node: point_net_1/feature_transform_1/feature_transform_convolution_layer_1_convolution_layer_1/feature_transform_convolution_layer_1_convolution_layer_1/convolution/merged_input
OP=Const
Name=point_net_1/feature_transform_1/feature_transform_convolution_layer_1_convolution_layer_1/feature_transform_convolution_layer_1_convolution_layer_1/convolution/merged_input
Outpus:
	point_net_1/feature_transform_1/feature_transform_convolution_layer_1_convolution_layer_1/feature_transform_convolution_layer_1_convolution_layer_1/convolution/merged_input:0=[1, 1, 64, 64], 1
2026-01-29 15:13:52,620 - tf2onnx.tfonnx - DEBUG - Process node: point_net_1/feature_transform_1/feature_transform_convolution_layer_1_convolution_layer_1/batch_normalization_28_1/batchnorm/sub
OP=Const
Name=point_net_1/feature_transform_1/feature_transform_convolution_layer_1_convolution_layer_1/batch_normalization_28_1/batchnorm/sub
Outpus:
	point_net_1/feature_transform_1/feature_transform_convolution_layer_1_convolution_layer_1/batch_normalization_28_1/batchnorm/sub:0=[64], 1
2026-01-29 15:13:52,620 - tf2onnx.tfonnx - DEBUG - Process node: point_net_1/feature_transform_1/add/ReadVariableOp
OP=Const
Name=point_net_1/feature_transform_1/add/ReadVariableOp
Outpus:
	point_net_1/feature_transform_1/add/ReadVariableOp:0=[64, 64], 1
2026-01-29 15:13:52,620 - tf2onnx.tfonnx - DEBUG - Process node: point_net_1/feature_transform_1/Reshape/shape
OP=Const
Name=point_net_1/feature_transform_1/Reshape/shape
Outpus:
	point_net_1/feature_transform_1/Reshape/shape:0=[3], 6
2026-01-29 15:13:52,620 - tf2onnx.tfonnx - DEBUG - Process node: point_net_1/feature_transform_1/Max/reduction_indices
OP=Const
Name=point_net_1/feature_transform_1/Max/reduction_indices
Outpus:
	point_net_1/feature_transform_1/Max/reduction_indices:0=[], 6
2026-01-29 15:13:52,621 - tf2onnx.tfonnx - DEBUG - Process node: point_net_1/feature_transform_1/MatMul/ReadVariableOp
OP=Const
Name=point_net_1/feature_transform_1/MatMul/ReadVariableOp
Outpus:
	point_net_1/feature_transform_1/MatMul/ReadVariableOp:0=[256, 4096], 1
2026-01-29 15:13:52,621 - tf2onnx.tfonnx - DEBUG - Process node: point_net_1/feature_transform_1/ExpandDims_1/dim
OP=Const
Name=point_net_1/feature_transform_1/ExpandDims_1/dim
Outpus:
	point_net_1/feature_transform_1/ExpandDims_1/dim:0=[], 6
2026-01-29 15:13:52,621 - tf2onnx.tfonnx - DEBUG - Process node: point_net_1/feature_transform_1/ExpandDims/dim
OP=Const
Name=point_net_1/feature_transform_1/ExpandDims/dim
Outpus:
	point_net_1/feature_transform_1/ExpandDims/dim:0=[], 6
2026-01-29 15:13:52,621 - tf2onnx.tfonnx - DEBUG - Process node: point_net_1/concat/axis
OP=Const
Name=point_net_1/concat/axis
Outpus:
	point_net_1/concat/axis:0=[], 6
2026-01-29 15:13:52,622 - tf2onnx.tfonnx - DEBUG - Process node: point_net_1/Tile/multiples
OP=Const
Name=point_net_1/Tile/multiples
Outpus:
	point_net_1/Tile/multiples:0=[3], 6
2026-01-29 15:13:52,622 - tf2onnx.tfonnx - DEBUG - Process node: point_net_1/Max/reduction_indices
OP=Const
Name=point_net_1/Max/reduction_indices
Outpus:
	point_net_1/Max/reduction_indices:0=[], 6
2026-01-29 15:13:52,622 - tf2onnx.tfonnx - DEBUG - Process node: point_net_1/ExpandDims_3/dim
OP=Const
Name=point_net_1/ExpandDims_3/dim
Outpus:
	point_net_1/ExpandDims_3/dim:0=[], 6
2026-01-29 15:13:52,622 - tf2onnx.tfonnx - DEBUG - Process node: point_net_1/ExpandDims_2/dim
OP=Const
Name=point_net_1/ExpandDims_2/dim
Outpus:
	point_net_1/ExpandDims_2/dim:0=[], 6
2026-01-29 15:13:52,622 - tf2onnx.tfonnx - DEBUG - Process node: point_net_1/ExpandDims_1/dim
OP=Const
Name=point_net_1/ExpandDims_1/dim
Outpus:
	point_net_1/ExpandDims_1/dim:0=[], 6
2026-01-29 15:13:52,623 - tf2onnx.tfonnx - DEBUG - Process node: point_net_1/ExpandDims/dim
OP=Const
Name=point_net_1/ExpandDims/dim
Outpus:
	point_net_1/ExpandDims/dim:0=[], 6
2026-01-29 15:13:52,623 - tf2onnx.tfonnx - DEBUG - Process node: args_0
OP=Placeholder
Name=args_0
Outpus:
	args_0=[-1, 8192, 3], 1
2026-01-29 15:13:52,623 - tf2onnx.tfonnx - DEBUG - Process node: point_net_1/input_normalization_1/Mean
OP=Mean
Name=point_net_1/input_normalization_1/Mean
Inputs:
	args_0=Placeholder, [-1, 8192, 3], 1
	point_net_1/input_normalization_1/Mean/reduction_indices:0=Const, [], 6
Outpus:
	point_net_1/input_normalization_1/Mean:0=[-1, 1, 3], 1
2026-01-29 15:13:52,623 - tf2onnx.tfonnx - DEBUG - Process node: point_net_1/input_normalization_1/sub
OP=Sub
Name=point_net_1/input_normalization_1/sub
Inputs:
	args_0=Placeholder, [-1, 8192, 3], 1
	point_net_1/input_normalization_1/Mean:0=ReduceMean, [-1, 1, 3], 1
Outpus:
	point_net_1/input_normalization_1/sub:0=[-1, 8192, 3], 1
2026-01-29 15:13:52,624 - tf2onnx.tfonnx - DEBUG - Process node: point_net_1/input_normalization_1/Square
OP=Square
Name=point_net_1/input_normalization_1/Square
Inputs:
	point_net_1/input_normalization_1/sub:0=Sub, [-1, 8192, 3], 1
Outpus:
	point_net_1/input_normalization_1/Square:0=[-1, 8192, 3], 1
2026-01-29 15:13:52,624 - tf2onnx.tfonnx - DEBUG - Process node: point_net_1/input_normalization_1/Sum
OP=Sum
Name=point_net_1/input_normalization_1/Sum
Inputs:
	point_net_1/input_normalization_1/Square:0=Mul, [-1, 8192, 3], 1
	point_net_1/input_normalization_1/Sum/reduction_indices:0=Const, [], 6
Outpus:
	point_net_1/input_normalization_1/Sum:0=[-1, 8192], 1
2026-01-29 15:13:52,624 - tf2onnx.graph - DEBUG - Making node: Name=point_net_1/input_normalization_1/Sum__181, OP=Cast
2026-01-29 15:13:52,624 - tf2onnx.graph - DEBUG - Infer shape and dtype for [point_net_1/input_normalization_1/Sum__181]
2026-01-29 15:13:52,625 - tf2onnx.graph - DEBUG - Set dtype of [point_net_1/input_normalization_1/Sum__181:0] to 7
2026-01-29 15:13:52,625 - tf2onnx.graph - DEBUG - Set shape of [point_net_1/input_normalization_1/Sum__181:0] to []
2026-01-29 15:13:52,625 - tf2onnx.graph - DEBUG - Made node: point_net_1/input_normalization_1/Sum__181
OP=Cast
Name=point_net_1/input_normalization_1/Sum__181
Inputs:
	point_net_1/input_normalization_1/Sum/reduction_indices:0=Const, [], 6
Outpus:
	point_net_1/input_normalization_1/Sum__181:0=[], 7
2026-01-29 15:13:52,626 - tf2onnx.graph - DEBUG - Making node: Name=reshape_const__182, OP=Const
2026-01-29 15:13:52,626 - tf2onnx.graph - DEBUG - Made node: reshape_const__182
OP=Const
Name=reshape_const__182
Outpus:
	reshape_const__182=None, 7
2026-01-29 15:13:52,626 - tf2onnx.graph - DEBUG - Making node: Name=point_net_1/input_normalization_1/Sum__183, OP=Reshape
2026-01-29 15:13:52,626 - tf2onnx.graph - DEBUG - Infer shape and dtype for [point_net_1/input_normalization_1/Sum__183]
2026-01-29 15:13:52,627 - tf2onnx.graph - DEBUG - Set dtype of [point_net_1/input_normalization_1/Sum__183:0] to 7
2026-01-29 15:13:52,627 - tf2onnx.graph - DEBUG - Set shape of [point_net_1/input_normalization_1/Sum__183:0] to [1]
2026-01-29 15:13:52,627 - tf2onnx.graph - DEBUG - Made node: point_net_1/input_normalization_1/Sum__183
OP=Reshape
Name=point_net_1/input_normalization_1/Sum__183
Inputs:
	point_net_1/input_normalization_1/Sum__181:0=Cast, [], 7
	reshape_const__182=Const, [1], 7
Outpus:
	point_net_1/input_normalization_1/Sum__183:0=[1], 7
2026-01-29 15:13:52,627 - tf2onnx.tfonnx - DEBUG - Process node: point_net_1/input_normalization_1/Sqrt
OP=Sqrt
Name=point_net_1/input_normalization_1/Sqrt
Inputs:
	point_net_1/input_normalization_1/Sum:0=ReduceSum, [-1, 8192], 1
Outpus:
	point_net_1/input_normalization_1/Sqrt:0=[-1, 8192], 1
2026-01-29 15:13:52,628 - tf2onnx.tfonnx - DEBUG - Process node: point_net_1/input_normalization_1/Max
OP=Max
Name=point_net_1/input_normalization_1/Max
Inputs:
	point_net_1/input_normalization_1/Sqrt:0=Sqrt, [-1, 8192], 1
	point_net_1/input_normalization_1/Max/reduction_indices:0=Const, [], 6
Outpus:
	point_net_1/input_normalization_1/Max:0=[-1, 1], 1
2026-01-29 15:13:52,628 - tf2onnx.tfonnx - DEBUG - Process node: point_net_1/input_normalization_1/ExpandDims
OP=ExpandDims
Name=point_net_1/input_normalization_1/ExpandDims
Inputs:
	point_net_1/input_normalization_1/Max:0=ReduceMax, [-1, 1], 1
	point_net_1/input_normalization_1/ExpandDims/dim:0=Const, [], 6
Outpus:
	point_net_1/input_normalization_1/ExpandDims:0=[-1, 1, 1], 1
2026-01-29 15:13:52,628 - tf2onnx.graph - DEBUG - Making node: Name=point_net_1/input_normalization_1/ExpandDims__184, OP=Cast
2026-01-29 15:13:52,629 - tf2onnx.graph - DEBUG - Infer shape and dtype for [point_net_1/input_normalization_1/ExpandDims__184]
2026-01-29 15:13:52,629 - tf2onnx.graph - DEBUG - Set dtype of [point_net_1/input_normalization_1/ExpandDims__184:0] to 7
2026-01-29 15:13:52,629 - tf2onnx.graph - DEBUG - Set shape of [point_net_1/input_normalization_1/ExpandDims__184:0] to []
2026-01-29 15:13:52,630 - tf2onnx.graph - DEBUG - Made node: point_net_1/input_normalization_1/ExpandDims__184
OP=Cast
Name=point_net_1/input_normalization_1/ExpandDims__184
Inputs:
	point_net_1/input_normalization_1/ExpandDims/dim:0=Const, [], 6
Outpus:
	point_net_1/input_normalization_1/ExpandDims__184:0=[], 7
2026-01-29 15:13:52,630 - tf2onnx.graph - DEBUG - Making node: Name=reshape_const__185, OP=Const
2026-01-29 15:13:52,631 - tf2onnx.graph - DEBUG - Made node: reshape_const__185
OP=Const
Name=reshape_const__185
Outpus:
	reshape_const__185=None, 7
2026-01-29 15:13:52,631 - tf2onnx.graph - DEBUG - Making node: Name=Reshape__186, OP=Reshape
2026-01-29 15:13:52,631 - tf2onnx.graph - DEBUG - Infer shape and dtype for [Reshape__186]
2026-01-29 15:13:52,631 - tf2onnx.graph - DEBUG - Set dtype of [Reshape__186:0] to 7
2026-01-29 15:13:52,632 - tf2onnx.graph - DEBUG - Set shape of [Reshape__186:0] to [1]
2026-01-29 15:13:52,632 - tf2onnx.graph - DEBUG - Made node: Reshape__186
OP=Reshape
Name=Reshape__186
Inputs:
	point_net_1/input_normalization_1/ExpandDims__184:0=Cast, [], 7
	reshape_const__185=Const, [1], 7
Outpus:
	Reshape__186:0=[1], 7
2026-01-29 15:13:52,632 - tf2onnx.tfonnx - DEBUG - Process node: point_net_1/input_normalization_1/Maximum
OP=Maximum
Name=point_net_1/input_normalization_1/Maximum
Inputs:
	point_net_1/input_normalization_1/ExpandDims:0=Unsqueeze, [-1, 1, 1], 1
	point_net_1/input_normalization_1/Maximum/y:0=Const, [], 1
Outpus:
	point_net_1/input_normalization_1/Maximum:0=[-1, 1, 1], 1
2026-01-29 15:13:52,632 - tf2onnx.tfonnx - DEBUG - Process node: point_net_1/input_normalization_1/truediv
OP=RealDiv
Name=point_net_1/input_normalization_1/truediv
Inputs:
	point_net_1/input_normalization_1/sub:0=Sub, [-1, 8192, 3], 1
	point_net_1/input_normalization_1/Maximum:0=Max, [-1, 1, 1], 1
Outpus:
	point_net_1/input_normalization_1/truediv:0=[-1, 8192, 3], 1
2026-01-29 15:13:52,633 - tf2onnx.tfonnx - DEBUG - Process node: point_net_1/input_transform_1/ExpandDims
OP=ExpandDims
Name=point_net_1/input_transform_1/ExpandDims
Inputs:
	point_net_1/input_normalization_1/truediv:0=Div, [-1, 8192, 3], 1
	point_net_1/input_transform_1/ExpandDims/dim:0=Const, [], 6
Outpus:
	point_net_1/input_transform_1/ExpandDims:0=[-1, 8192, 1, 3], 1
2026-01-29 15:13:52,633 - tf2onnx.graph - DEBUG - Making node: Name=point_net_1/input_transform_1/ExpandDims__187, OP=Cast
2026-01-29 15:13:52,633 - tf2onnx.graph - DEBUG - Infer shape and dtype for [point_net_1/input_transform_1/ExpandDims__187]
2026-01-29 15:13:52,634 - tf2onnx.graph - DEBUG - Set dtype of [point_net_1/input_transform_1/ExpandDims__187:0] to 7
2026-01-29 15:13:52,634 - tf2onnx.graph - DEBUG - Set shape of [point_net_1/input_transform_1/ExpandDims__187:0] to []
2026-01-29 15:13:52,634 - tf2onnx.graph - DEBUG - Made node: point_net_1/input_transform_1/ExpandDims__187
OP=Cast
Name=point_net_1/input_transform_1/ExpandDims__187
Inputs:
	point_net_1/input_transform_1/ExpandDims/dim:0=Const, [], 6
Outpus:
	point_net_1/input_transform_1/ExpandDims__187:0=[], 7
2026-01-29 15:13:52,634 - tf2onnx.graph - DEBUG - Making node: Name=reshape_const__188, OP=Const
2026-01-29 15:13:52,634 - tf2onnx.graph - DEBUG - Made node: reshape_const__188
OP=Const
Name=reshape_const__188
Outpus:
	reshape_const__188=None, 7
2026-01-29 15:13:52,635 - tf2onnx.graph - DEBUG - Making node: Name=Reshape__189, OP=Reshape
2026-01-29 15:13:52,635 - tf2onnx.graph - DEBUG - Infer shape and dtype for [Reshape__189]
2026-01-29 15:13:52,635 - tf2onnx.graph - DEBUG - Set dtype of [Reshape__189:0] to 7
2026-01-29 15:13:52,636 - tf2onnx.graph - DEBUG - Set shape of [Reshape__189:0] to [1]
2026-01-29 15:13:52,636 - tf2onnx.graph - DEBUG - Made node: Reshape__189
OP=Reshape
Name=Reshape__189
Inputs:
	point_net_1/input_transform_1/ExpandDims__187:0=Cast, [], 7
	reshape_const__188=Const, [1], 7
Outpus:
	Reshape__189:0=[1], 7
2026-01-29 15:13:52,636 - tf2onnx.tfonnx - DEBUG - Process node: point_net_1/input_transform_1/input_transform_convolution_layer_1_convolution_layer_1/batch_normalization_21_1/batchnorm/mul_1
OP=Conv2D
Name=point_net_1/input_transform_1/input_transform_convolution_layer_1_convolution_layer_1/batch_normalization_21_1/batchnorm/mul_1
Inputs:
	point_net_1/input_transform_1/ExpandDims:0=Unsqueeze, [-1, 8192, 1, 3], 1
	point_net_1/input_transform_1/input_transform_convolution_layer_1_convolution_layer_1/input_transform_convolution_layer_1_convolution_layer_1/convolution/merged_input:0=Const, [1, 1, 3, 64], 1
Outpus:
	point_net_1/input_transform_1/input_transform_convolution_layer_1_convolution_layer_1/batch_normalization_21_1/batchnorm/mul_1:0=[-1, 8192, 1, 64], 1
2026-01-29 15:13:52,636 - tf2onnx.graph - DEBUG - Making node: Name=point_net_1/input_transform_1/input_transform_convolution_layer_1_convolution_layer_1/batch_normalization_21_1/batchnorm/mul_1__190, OP=Transpose
2026-01-29 15:13:52,636 - tf2onnx.graph - DEBUG - Infer shape and dtype for [point_net_1/input_transform_1/input_transform_convolution_layer_1_convolution_layer_1/batch_normalization_21_1/batchnorm/mul_1__190]
2026-01-29 15:13:52,637 - tf2onnx.graph - DEBUG - Set dtype of [point_net_1/input_transform_1/input_transform_convolution_layer_1_convolution_layer_1/batch_normalization_21_1/batchnorm/mul_1__190:0] to 1
2026-01-29 15:13:52,637 - tf2onnx.graph - DEBUG - Set shape of [point_net_1/input_transform_1/input_transform_convolution_layer_1_convolution_layer_1/batch_normalization_21_1/batchnorm/mul_1__190:0] to [3, 1, 8192, -1]
2026-01-29 15:13:52,637 - tf2onnx.graph - DEBUG - Made node: point_net_1/input_transform_1/input_transform_convolution_layer_1_convolution_layer_1/batch_normalization_21_1/batchnorm/mul_1__190
OP=Transpose
Name=point_net_1/input_transform_1/input_transform_convolution_layer_1_convolution_layer_1/batch_normalization_21_1/batchnorm/mul_1__190
Inputs:
	point_net_1/input_transform_1/ExpandDims:0=Unsqueeze, [-1, 8192, 1, 3], 1
Outpus:
	point_net_1/input_transform_1/input_transform_convolution_layer_1_convolution_layer_1/batch_normalization_21_1/batchnorm/mul_1__190:0=[3, 1, 8192, -1], 1
2026-01-29 15:13:52,638 - tf2onnx.graph - DEBUG - Making node: Name=point_net_1/input_transform_1/input_transform_convolution_layer_1_convolution_layer_1/batch_normalization_21_1/batchnorm/mul_1__192, OP=Transpose
2026-01-29 15:13:52,638 - tf2onnx.graph - DEBUG - Infer shape and dtype for [point_net_1/input_transform_1/input_transform_convolution_layer_1_convolution_layer_1/batch_normalization_21_1/batchnorm/mul_1__192]
2026-01-29 15:13:52,638 - tf2onnx.graph - DEBUG - Set dtype of [point_net_1/input_transform_1/input_transform_convolution_layer_1_convolution_layer_1/batch_normalization_21_1/batchnorm/mul_1__192:0] to 1
2026-01-29 15:13:52,638 - tf2onnx.graph - DEBUG - Set shape of [point_net_1/input_transform_1/input_transform_convolution_layer_1_convolution_layer_1/batch_normalization_21_1/batchnorm/mul_1__192:0] to [64, 1, 8192, -1]
2026-01-29 15:13:52,639 - tf2onnx.graph - DEBUG - Made node: point_net_1/input_transform_1/input_transform_convolution_layer_1_convolution_layer_1/batch_normalization_21_1/batchnorm/mul_1__192
OP=Transpose
Name=point_net_1/input_transform_1/input_transform_convolution_layer_1_convolution_layer_1/batch_normalization_21_1/batchnorm/mul_1__192
Inputs:
	point_net_1/input_transform_1/input_transform_convolution_layer_1_convolution_layer_1/batch_normalization_21_1/batchnorm/mul_1:0=Conv, [-1, 8192, 1, 64], 1
Outpus:
	point_net_1/input_transform_1/input_transform_convolution_layer_1_convolution_layer_1/batch_normalization_21_1/batchnorm/mul_1__192:0=[64, 1, 8192, -1], 1
2026-01-29 15:13:52,639 - tf2onnx.tfonnx - DEBUG - Process node: point_net_1/input_transform_1/input_transform_convolution_layer_1_convolution_layer_1/batch_normalization_21_1/batchnorm/add_1
OP=AddV2
Name=point_net_1/input_transform_1/input_transform_convolution_layer_1_convolution_layer_1/batch_normalization_21_1/batchnorm/add_1
Inputs:
	point_net_1/input_transform_1/input_transform_convolution_layer_1_convolution_layer_1/batch_normalization_21_1/batchnorm/mul_1__192:0=Transpose, [-1, 8192, 1, 64], 1
	point_net_1/input_transform_1/input_transform_convolution_layer_1_convolution_layer_1/batch_normalization_21_1/batchnorm/sub:0=Const, [64], 1
Outpus:
	point_net_1/input_transform_1/input_transform_convolution_layer_1_convolution_layer_1/batch_normalization_21_1/batchnorm/add_1:0=[-1, 8192, 1, 64], 1
2026-01-29 15:13:52,639 - tf2onnx.tfonnx - DEBUG - Process node: point_net_1/input_transform_1/input_transform_convolution_layer_1_convolution_layer_1/Relu
OP=Relu
Name=point_net_1/input_transform_1/input_transform_convolution_layer_1_convolution_layer_1/Relu
Inputs:
	point_net_1/input_transform_1/input_transform_convolution_layer_1_convolution_layer_1/batch_normalization_21_1/batchnorm/add_1:0=Add, [-1, 8192, 1, 64], 1
Outpus:
	point_net_1/input_transform_1/input_transform_convolution_layer_1_convolution_layer_1/Relu:0=[-1, 8192, 1, 64], 1
2026-01-29 15:13:52,639 - tf2onnx.tfonnx - DEBUG - Process node: point_net_1/input_transform_1/input_transform_convolution_layer_2_convolution_layer_1/batch_normalization_22_1/batchnorm/mul_1
OP=Conv2D
Name=point_net_1/input_transform_1/input_transform_convolution_layer_2_convolution_layer_1/batch_normalization_22_1/batchnorm/mul_1
Inputs:
	point_net_1/input_transform_1/input_transform_convolution_layer_1_convolution_layer_1/Relu:0=Relu, [-1, 8192, 1, 64], 1
	point_net_1/input_transform_1/input_transform_convolution_layer_2_convolution_layer_1/input_transform_convolution_layer_2_convolution_layer_1/convolution/merged_input:0=Const, [1, 1, 64, 128], 1
Outpus:
	point_net_1/input_transform_1/input_transform_convolution_layer_2_convolution_layer_1/batch_normalization_22_1/batchnorm/mul_1:0=[-1, 8192, 1, 128], 1
2026-01-29 15:13:52,640 - tf2onnx.graph - DEBUG - Making node: Name=point_net_1/input_transform_1/input_transform_convolution_layer_2_convolution_layer_1/batch_normalization_22_1/batchnorm/mul_1__194, OP=Transpose
2026-01-29 15:13:52,640 - tf2onnx.graph - DEBUG - Infer shape and dtype for [point_net_1/input_transform_1/input_transform_convolution_layer_2_convolution_layer_1/batch_normalization_22_1/batchnorm/mul_1__194]
2026-01-29 15:13:52,640 - tf2onnx.graph - DEBUG - Set dtype of [point_net_1/input_transform_1/input_transform_convolution_layer_2_convolution_layer_1/batch_normalization_22_1/batchnorm/mul_1__194:0] to 1
2026-01-29 15:13:52,640 - tf2onnx.graph - DEBUG - Set shape of [point_net_1/input_transform_1/input_transform_convolution_layer_2_convolution_layer_1/batch_normalization_22_1/batchnorm/mul_1__194:0] to [64, 1, 8192, -1]
2026-01-29 15:13:52,641 - tf2onnx.graph - DEBUG - Made node: point_net_1/input_transform_1/input_transform_convolution_layer_2_convolution_layer_1/batch_normalization_22_1/batchnorm/mul_1__194
OP=Transpose
Name=point_net_1/input_transform_1/input_transform_convolution_layer_2_convolution_layer_1/batch_normalization_22_1/batchnorm/mul_1__194
Inputs:
	point_net_1/input_transform_1/input_transform_convolution_layer_1_convolution_layer_1/Relu:0=Relu, [-1, 8192, 1, 64], 1
Outpus:
	point_net_1/input_transform_1/input_transform_convolution_layer_2_convolution_layer_1/batch_normalization_22_1/batchnorm/mul_1__194:0=[64, 1, 8192, -1], 1
2026-01-29 15:13:52,641 - tf2onnx.graph - DEBUG - Making node: Name=point_net_1/input_transform_1/input_transform_convolution_layer_2_convolution_layer_1/batch_normalization_22_1/batchnorm/mul_1__196, OP=Transpose
2026-01-29 15:13:52,641 - tf2onnx.graph - DEBUG - Infer shape and dtype for [point_net_1/input_transform_1/input_transform_convolution_layer_2_convolution_layer_1/batch_normalization_22_1/batchnorm/mul_1__196]
2026-01-29 15:13:52,641 - tf2onnx.graph - DEBUG - Set dtype of [point_net_1/input_transform_1/input_transform_convolution_layer_2_convolution_layer_1/batch_normalization_22_1/batchnorm/mul_1__196:0] to 1
2026-01-29 15:13:52,642 - tf2onnx.graph - DEBUG - Set shape of [point_net_1/input_transform_1/input_transform_convolution_layer_2_convolution_layer_1/batch_normalization_22_1/batchnorm/mul_1__196:0] to [128, 1, 8192, -1]
2026-01-29 15:13:52,642 - tf2onnx.graph - DEBUG - Made node: point_net_1/input_transform_1/input_transform_convolution_layer_2_convolution_layer_1/batch_normalization_22_1/batchnorm/mul_1__196
OP=Transpose
Name=point_net_1/input_transform_1/input_transform_convolution_layer_2_convolution_layer_1/batch_normalization_22_1/batchnorm/mul_1__196
Inputs:
	point_net_1/input_transform_1/input_transform_convolution_layer_2_convolution_layer_1/batch_normalization_22_1/batchnorm/mul_1:0=Conv, [-1, 8192, 1, 128], 1
Outpus:
	point_net_1/input_transform_1/input_transform_convolution_layer_2_convolution_layer_1/batch_normalization_22_1/batchnorm/mul_1__196:0=[128, 1, 8192, -1], 1
2026-01-29 15:13:52,642 - tf2onnx.tfonnx - DEBUG - Process node: point_net_1/input_transform_1/input_transform_convolution_layer_2_convolution_layer_1/batch_normalization_22_1/batchnorm/add_1
OP=AddV2
Name=point_net_1/input_transform_1/input_transform_convolution_layer_2_convolution_layer_1/batch_normalization_22_1/batchnorm/add_1
Inputs:
	point_net_1/input_transform_1/input_transform_convolution_layer_2_convolution_layer_1/batch_normalization_22_1/batchnorm/mul_1__196:0=Transpose, [-1, 8192, 1, 128], 1
	point_net_1/input_transform_1/input_transform_convolution_layer_2_convolution_layer_1/batch_normalization_22_1/batchnorm/sub:0=Const, [128], 1
Outpus:
	point_net_1/input_transform_1/input_transform_convolution_layer_2_convolution_layer_1/batch_normalization_22_1/batchnorm/add_1:0=[-1, 8192, 1, 128], 1
2026-01-29 15:13:52,642 - tf2onnx.tfonnx - DEBUG - Process node: point_net_1/input_transform_1/input_transform_convolution_layer_2_convolution_layer_1/Relu
OP=Relu
Name=point_net_1/input_transform_1/input_transform_convolution_layer_2_convolution_layer_1/Relu
Inputs:
	point_net_1/input_transform_1/input_transform_convolution_layer_2_convolution_layer_1/batch_normalization_22_1/batchnorm/add_1:0=Add, [-1, 8192, 1, 128], 1
Outpus:
	point_net_1/input_transform_1/input_transform_convolution_layer_2_convolution_layer_1/Relu:0=[-1, 8192, 1, 128], 1
2026-01-29 15:13:52,643 - tf2onnx.tfonnx - DEBUG - Process node: point_net_1/input_transform_1/input_transform_convolution_layer_3_convolution_layer_1/batch_normalization_23_1/batchnorm/mul_1
OP=Conv2D
Name=point_net_1/input_transform_1/input_transform_convolution_layer_3_convolution_layer_1/batch_normalization_23_1/batchnorm/mul_1
Inputs:
	point_net_1/input_transform_1/input_transform_convolution_layer_2_convolution_layer_1/Relu:0=Relu, [-1, 8192, 1, 128], 1
	point_net_1/input_transform_1/input_transform_convolution_layer_3_convolution_layer_1/input_transform_convolution_layer_3_convolution_layer_1/convolution/merged_input:0=Const, [1, 1, 128, 1024], 1
Outpus:
	point_net_1/input_transform_1/input_transform_convolution_layer_3_convolution_layer_1/batch_normalization_23_1/batchnorm/mul_1:0=[-1, 8192, 1, 1024], 1
2026-01-29 15:13:52,643 - tf2onnx.graph - DEBUG - Making node: Name=point_net_1/input_transform_1/input_transform_convolution_layer_3_convolution_layer_1/batch_normalization_23_1/batchnorm/mul_1__198, OP=Transpose
2026-01-29 15:13:52,643 - tf2onnx.graph - DEBUG - Infer shape and dtype for [point_net_1/input_transform_1/input_transform_convolution_layer_3_convolution_layer_1/batch_normalization_23_1/batchnorm/mul_1__198]
2026-01-29 15:13:52,643 - tf2onnx.graph - DEBUG - Set dtype of [point_net_1/input_transform_1/input_transform_convolution_layer_3_convolution_layer_1/batch_normalization_23_1/batchnorm/mul_1__198:0] to 1
2026-01-29 15:13:52,643 - tf2onnx.graph - DEBUG - Set shape of [point_net_1/input_transform_1/input_transform_convolution_layer_3_convolution_layer_1/batch_normalization_23_1/batchnorm/mul_1__198:0] to [128, 1, 8192, -1]
2026-01-29 15:13:52,644 - tf2onnx.graph - DEBUG - Made node: point_net_1/input_transform_1/input_transform_convolution_layer_3_convolution_layer_1/batch_normalization_23_1/batchnorm/mul_1__198
OP=Transpose
Name=point_net_1/input_transform_1/input_transform_convolution_layer_3_convolution_layer_1/batch_normalization_23_1/batchnorm/mul_1__198
Inputs:
	point_net_1/input_transform_1/input_transform_convolution_layer_2_convolution_layer_1/Relu:0=Relu, [-1, 8192, 1, 128], 1
Outpus:
	point_net_1/input_transform_1/input_transform_convolution_layer_3_convolution_layer_1/batch_normalization_23_1/batchnorm/mul_1__198:0=[128, 1, 8192, -1], 1
2026-01-29 15:13:52,645 - tf2onnx.graph - DEBUG - Making node: Name=point_net_1/input_transform_1/input_transform_convolution_layer_3_convolution_layer_1/batch_normalization_23_1/batchnorm/mul_1__200, OP=Transpose
2026-01-29 15:13:52,645 - tf2onnx.graph - DEBUG - Infer shape and dtype for [point_net_1/input_transform_1/input_transform_convolution_layer_3_convolution_layer_1/batch_normalization_23_1/batchnorm/mul_1__200]
2026-01-29 15:13:52,645 - tf2onnx.graph - DEBUG - Set dtype of [point_net_1/input_transform_1/input_transform_convolution_layer_3_convolution_layer_1/batch_normalization_23_1/batchnorm/mul_1__200:0] to 1
2026-01-29 15:13:52,646 - tf2onnx.graph - DEBUG - Set shape of [point_net_1/input_transform_1/input_transform_convolution_layer_3_convolution_layer_1/batch_normalization_23_1/batchnorm/mul_1__200:0] to [1024, 1, 8192, -1]
2026-01-29 15:13:52,646 - tf2onnx.graph - DEBUG - Made node: point_net_1/input_transform_1/input_transform_convolution_layer_3_convolution_layer_1/batch_normalization_23_1/batchnorm/mul_1__200
OP=Transpose
Name=point_net_1/input_transform_1/input_transform_convolution_layer_3_convolution_layer_1/batch_normalization_23_1/batchnorm/mul_1__200
Inputs:
	point_net_1/input_transform_1/input_transform_convolution_layer_3_convolution_layer_1/batch_normalization_23_1/batchnorm/mul_1:0=Conv, [-1, 8192, 1, 1024], 1
Outpus:
	point_net_1/input_transform_1/input_transform_convolution_layer_3_convolution_layer_1/batch_normalization_23_1/batchnorm/mul_1__200:0=[1024, 1, 8192, -1], 1
2026-01-29 15:13:52,647 - tf2onnx.tfonnx - DEBUG - Process node: point_net_1/input_transform_1/input_transform_convolution_layer_3_convolution_layer_1/batch_normalization_23_1/batchnorm/add_1
OP=AddV2
Name=point_net_1/input_transform_1/input_transform_convolution_layer_3_convolution_layer_1/batch_normalization_23_1/batchnorm/add_1
Inputs:
	point_net_1/input_transform_1/input_transform_convolution_layer_3_convolution_layer_1/batch_normalization_23_1/batchnorm/mul_1__200:0=Transpose, [-1, 8192, 1, 1024], 1
	point_net_1/input_transform_1/input_transform_convolution_layer_3_convolution_layer_1/batch_normalization_23_1/batchnorm/sub:0=Const, [1024], 1
Outpus:
	point_net_1/input_transform_1/input_transform_convolution_layer_3_convolution_layer_1/batch_normalization_23_1/batchnorm/add_1:0=[-1, 8192, 1, 1024], 1
2026-01-29 15:13:52,647 - tf2onnx.tfonnx - DEBUG - Process node: point_net_1/input_transform_1/input_transform_convolution_layer_3_convolution_layer_1/Relu
OP=Relu
Name=point_net_1/input_transform_1/input_transform_convolution_layer_3_convolution_layer_1/Relu
Inputs:
	point_net_1/input_transform_1/input_transform_convolution_layer_3_convolution_layer_1/batch_normalization_23_1/batchnorm/add_1:0=Add, [-1, 8192, 1, 1024], 1
Outpus:
	point_net_1/input_transform_1/input_transform_convolution_layer_3_convolution_layer_1/Relu:0=[-1, 8192, 1, 1024], 1
2026-01-29 15:13:52,647 - tf2onnx.tfonnx - DEBUG - Process node: point_net_1/input_transform_1/Squeeze
OP=Squeeze
Name=point_net_1/input_transform_1/Squeeze
Inputs:
	point_net_1/input_transform_1/input_transform_convolution_layer_3_convolution_layer_1/Relu:0=Relu, [-1, 8192, 1, 1024], 1
Outpus:
	point_net_1/input_transform_1/Squeeze:0=[-1, 8192, 1024], 1
2026-01-29 15:13:52,648 - tf2onnx.graph - DEBUG - Making node: Name=axes_const__202, OP=Const
2026-01-29 15:13:52,648 - tf2onnx.graph - DEBUG - Made node: axes_const__202
OP=Const
Name=axes_const__202
Outpus:
	axes_const__202=None, 7
2026-01-29 15:13:52,648 - tf2onnx.tfonnx - DEBUG - Process node: point_net_1/input_transform_1/Max
OP=Max
Name=point_net_1/input_transform_1/Max
Inputs:
	point_net_1/input_transform_1/Squeeze:0=Squeeze, [-1, 8192, 1024], 1
	point_net_1/input_transform_1/Max/reduction_indices:0=Const, [], 6
Outpus:
	point_net_1/input_transform_1/Max:0=[-1, 1024], 1
2026-01-29 15:13:52,648 - tf2onnx.tfonnx - DEBUG - Process node: point_net_1/input_transform_1/input_transform_dense_layer_1_dense_layer_1/input_transform_dense_layer_1_dense_layer_1/MatMul
OP=MatMul
Name=point_net_1/input_transform_1/input_transform_dense_layer_1_dense_layer_1/input_transform_dense_layer_1_dense_layer_1/MatMul
Inputs:
	point_net_1/input_transform_1/Max:0=ReduceMax, [-1, 1024], 1
	point_net_1/input_transform_1/input_transform_dense_layer_1_dense_layer_1/input_transform_dense_layer_1_dense_layer_1/Cast/ReadVariableOp:0=Const, [1024, 512], 1
Outpus:
	point_net_1/input_transform_1/input_transform_dense_layer_1_dense_layer_1/input_transform_dense_layer_1_dense_layer_1/MatMul:0=[-1, 512], 1
2026-01-29 15:13:52,649 - tf2onnx.tfonnx - DEBUG - Process node: point_net_1/input_transform_1/input_transform_dense_layer_1_dense_layer_1/batch_normalization_24_1/batchnorm/mul_1
OP=Mul
Name=point_net_1/input_transform_1/input_transform_dense_layer_1_dense_layer_1/batch_normalization_24_1/batchnorm/mul_1
Inputs:
	point_net_1/input_transform_1/input_transform_dense_layer_1_dense_layer_1/input_transform_dense_layer_1_dense_layer_1/MatMul:0=MatMul, [-1, 512], 1
	point_net_1/input_transform_1/input_transform_dense_layer_1_dense_layer_1/batch_normalization_24_1/batchnorm/mul:0=Const, [512], 1
Outpus:
	point_net_1/input_transform_1/input_transform_dense_layer_1_dense_layer_1/batch_normalization_24_1/batchnorm/mul_1:0=[-1, 512], 1
2026-01-29 15:13:52,649 - tf2onnx.tfonnx - DEBUG - Process node: point_net_1/input_transform_1/input_transform_dense_layer_1_dense_layer_1/batch_normalization_24_1/batchnorm/add_1
OP=AddV2
Name=point_net_1/input_transform_1/input_transform_dense_layer_1_dense_layer_1/batch_normalization_24_1/batchnorm/add_1
Inputs:
	point_net_1/input_transform_1/input_transform_dense_layer_1_dense_layer_1/batch_normalization_24_1/batchnorm/mul_1:0=Mul, [-1, 512], 1
	point_net_1/input_transform_1/input_transform_dense_layer_1_dense_layer_1/batch_normalization_24_1/batchnorm/sub:0=Const, [512], 1
Outpus:
	point_net_1/input_transform_1/input_transform_dense_layer_1_dense_layer_1/batch_normalization_24_1/batchnorm/add_1:0=[-1, 512], 1
2026-01-29 15:13:52,649 - tf2onnx.tfonnx - DEBUG - Process node: point_net_1/input_transform_1/input_transform_dense_layer_1_dense_layer_1/Relu
OP=Relu
Name=point_net_1/input_transform_1/input_transform_dense_layer_1_dense_layer_1/Relu
Inputs:
	point_net_1/input_transform_1/input_transform_dense_layer_1_dense_layer_1/batch_normalization_24_1/batchnorm/add_1:0=Add, [-1, 512], 1
Outpus:
	point_net_1/input_transform_1/input_transform_dense_layer_1_dense_layer_1/Relu:0=[-1, 512], 1
2026-01-29 15:13:52,649 - tf2onnx.tfonnx - DEBUG - Process node: point_net_1/input_transform_1/input_transform_dense_layer_2_dense_layer_1/input_transform_dense_layer_2_dense_layer_1/MatMul
OP=MatMul
Name=point_net_1/input_transform_1/input_transform_dense_layer_2_dense_layer_1/input_transform_dense_layer_2_dense_layer_1/MatMul
Inputs:
	point_net_1/input_transform_1/input_transform_dense_layer_1_dense_layer_1/Relu:0=Relu, [-1, 512], 1
	point_net_1/input_transform_1/input_transform_dense_layer_2_dense_layer_1/input_transform_dense_layer_2_dense_layer_1/Cast/ReadVariableOp:0=Const, [512, 256], 1
Outpus:
	point_net_1/input_transform_1/input_transform_dense_layer_2_dense_layer_1/input_transform_dense_layer_2_dense_layer_1/MatMul:0=[-1, 256], 1
2026-01-29 15:13:52,650 - tf2onnx.tfonnx - DEBUG - Process node: point_net_1/input_transform_1/input_transform_dense_layer_2_dense_layer_1/batch_normalization_25_1/batchnorm/mul_1
OP=Mul
Name=point_net_1/input_transform_1/input_transform_dense_layer_2_dense_layer_1/batch_normalization_25_1/batchnorm/mul_1
Inputs:
	point_net_1/input_transform_1/input_transform_dense_layer_2_dense_layer_1/input_transform_dense_layer_2_dense_layer_1/MatMul:0=MatMul, [-1, 256], 1
	point_net_1/input_transform_1/input_transform_dense_layer_2_dense_layer_1/batch_normalization_25_1/batchnorm/mul:0=Const, [256], 1
Outpus:
	point_net_1/input_transform_1/input_transform_dense_layer_2_dense_layer_1/batch_normalization_25_1/batchnorm/mul_1:0=[-1, 256], 1
2026-01-29 15:13:52,650 - tf2onnx.tfonnx - DEBUG - Process node: point_net_1/input_transform_1/input_transform_dense_layer_2_dense_layer_1/batch_normalization_25_1/batchnorm/add_1
OP=AddV2
Name=point_net_1/input_transform_1/input_transform_dense_layer_2_dense_layer_1/batch_normalization_25_1/batchnorm/add_1
Inputs:
	point_net_1/input_transform_1/input_transform_dense_layer_2_dense_layer_1/batch_normalization_25_1/batchnorm/mul_1:0=Mul, [-1, 256], 1
	point_net_1/input_transform_1/input_transform_dense_layer_2_dense_layer_1/batch_normalization_25_1/batchnorm/sub:0=Const, [256], 1
Outpus:
	point_net_1/input_transform_1/input_transform_dense_layer_2_dense_layer_1/batch_normalization_25_1/batchnorm/add_1:0=[-1, 256], 1
2026-01-29 15:13:52,650 - tf2onnx.tfonnx - DEBUG - Process node: point_net_1/input_transform_1/input_transform_dense_layer_2_dense_layer_1/Relu
OP=Relu
Name=point_net_1/input_transform_1/input_transform_dense_layer_2_dense_layer_1/Relu
Inputs:
	point_net_1/input_transform_1/input_transform_dense_layer_2_dense_layer_1/batch_normalization_25_1/batchnorm/add_1:0=Add, [-1, 256], 1
Outpus:
	point_net_1/input_transform_1/input_transform_dense_layer_2_dense_layer_1/Relu:0=[-1, 256], 1
2026-01-29 15:13:52,650 - tf2onnx.tfonnx - DEBUG - Process node: point_net_1/input_transform_1/ExpandDims_1
OP=ExpandDims
Name=point_net_1/input_transform_1/ExpandDims_1
Inputs:
	point_net_1/input_transform_1/input_transform_dense_layer_2_dense_layer_1/Relu:0=Relu, [-1, 256], 1
	point_net_1/input_transform_1/ExpandDims_1/dim:0=Const, [], 6
Outpus:
	point_net_1/input_transform_1/ExpandDims_1:0=[-1, 1, 256], 1
2026-01-29 15:13:52,650 - tf2onnx.graph - DEBUG - Making node: Name=point_net_1/input_transform_1/ExpandDims_1__203, OP=Cast
2026-01-29 15:13:52,651 - tf2onnx.graph - DEBUG - Infer shape and dtype for [point_net_1/input_transform_1/ExpandDims_1__203]
2026-01-29 15:13:52,651 - tf2onnx.graph - DEBUG - Set dtype of [point_net_1/input_transform_1/ExpandDims_1__203:0] to 7
2026-01-29 15:13:52,651 - tf2onnx.graph - DEBUG - Set shape of [point_net_1/input_transform_1/ExpandDims_1__203:0] to []
2026-01-29 15:13:52,652 - tf2onnx.graph - DEBUG - Made node: point_net_1/input_transform_1/ExpandDims_1__203
OP=Cast
Name=point_net_1/input_transform_1/ExpandDims_1__203
Inputs:
	point_net_1/input_transform_1/ExpandDims_1/dim:0=Const, [], 6
Outpus:
	point_net_1/input_transform_1/ExpandDims_1__203:0=[], 7
2026-01-29 15:13:52,652 - tf2onnx.graph - DEBUG - Making node: Name=reshape_const__204, OP=Const
2026-01-29 15:13:52,652 - tf2onnx.graph - DEBUG - Made node: reshape_const__204
OP=Const
Name=reshape_const__204
Outpus:
	reshape_const__204=None, 7
2026-01-29 15:13:52,652 - tf2onnx.graph - DEBUG - Making node: Name=Reshape__205, OP=Reshape
2026-01-29 15:13:52,652 - tf2onnx.graph - DEBUG - Infer shape and dtype for [Reshape__205]
2026-01-29 15:13:52,653 - tf2onnx.graph - DEBUG - Set dtype of [Reshape__205:0] to 7
2026-01-29 15:13:52,653 - tf2onnx.graph - DEBUG - Set shape of [Reshape__205:0] to [1]
2026-01-29 15:13:52,653 - tf2onnx.graph - DEBUG - Made node: Reshape__205
OP=Reshape
Name=Reshape__205
Inputs:
	point_net_1/input_transform_1/ExpandDims_1__203:0=Cast, [], 7
	reshape_const__204=Const, [1], 7
Outpus:
	Reshape__205:0=[1], 7
2026-01-29 15:13:52,654 - tf2onnx.tfonnx - DEBUG - Process node: point_net_1/input_transform_1/MatMul
OP=BatchMatMulV2
Name=point_net_1/input_transform_1/MatMul
Inputs:
	point_net_1/input_transform_1/ExpandDims_1:0=Unsqueeze, [-1, 1, 256], 1
	point_net_1/input_transform_1/MatMul/ReadVariableOp:0=Const, [256, 9], 1
Outpus:
	point_net_1/input_transform_1/MatMul:0=[-1, 1, 9], 1
2026-01-29 15:13:52,654 - tf2onnx.tfonnx - DEBUG - Process node: point_net_1/input_transform_1/Squeeze_1
OP=Squeeze
Name=point_net_1/input_transform_1/Squeeze_1
Inputs:
	point_net_1/input_transform_1/MatMul:0=MatMul, [-1, 1, 9], 1
Outpus:
	point_net_1/input_transform_1/Squeeze_1:0=[-1, 9], 1
2026-01-29 15:13:52,654 - tf2onnx.graph - DEBUG - Making node: Name=axes_const__206, OP=Const
2026-01-29 15:13:52,654 - tf2onnx.graph - DEBUG - Made node: axes_const__206
OP=Const
Name=axes_const__206
Outpus:
	axes_const__206=None, 7
2026-01-29 15:13:52,655 - tf2onnx.tfonnx - DEBUG - Process node: point_net_1/input_transform_1/Reshape
OP=Reshape
Name=point_net_1/input_transform_1/Reshape
Inputs:
	point_net_1/input_transform_1/Squeeze_1:0=Squeeze, [-1, 9], 1
	point_net_1/input_transform_1/Reshape/shape:0=Const, [3], 6
Outpus:
	point_net_1/input_transform_1/Reshape:0=[-1, 3, 3], 1
2026-01-29 15:13:52,655 - tf2onnx.graph - DEBUG - Making node: Name=point_net_1/input_transform_1/Reshape__207, OP=Cast
2026-01-29 15:13:52,655 - tf2onnx.graph - DEBUG - Infer shape and dtype for [point_net_1/input_transform_1/Reshape__207]
2026-01-29 15:13:52,656 - tf2onnx.graph - DEBUG - Set dtype of [point_net_1/input_transform_1/Reshape__207:0] to 7
2026-01-29 15:13:52,656 - tf2onnx.graph - DEBUG - Set shape of [point_net_1/input_transform_1/Reshape__207:0] to [3]
2026-01-29 15:13:52,656 - tf2onnx.graph - DEBUG - Made node: point_net_1/input_transform_1/Reshape__207
OP=Cast
Name=point_net_1/input_transform_1/Reshape__207
Inputs:
	point_net_1/input_transform_1/Reshape/shape:0=Const, [3], 6
Outpus:
	point_net_1/input_transform_1/Reshape__207:0=[3], 7
2026-01-29 15:13:52,657 - tf2onnx.tfonnx - DEBUG - Process node: point_net_1/input_transform_1/add
OP=AddV2
Name=point_net_1/input_transform_1/add
Inputs:
	point_net_1/input_transform_1/Reshape:0=Reshape, [-1, 3, 3], 1
	point_net_1/input_transform_1/add/ReadVariableOp:0=Const, [3, 3], 1
Outpus:
	point_net_1/input_transform_1/add:0=[-1, 3, 3], 1
2026-01-29 15:13:52,657 - tf2onnx.tfonnx - DEBUG - Process node: point_net_1/MatMul
OP=BatchMatMulV2
Name=point_net_1/MatMul
Inputs:
	point_net_1/input_normalization_1/truediv:0=Div, [-1, 8192, 3], 1
	point_net_1/input_transform_1/add:0=Add, [-1, 3, 3], 1
Outpus:
	point_net_1/MatMul:0=[-1, 8192, 3], 1
2026-01-29 15:13:52,657 - tf2onnx.tfonnx - DEBUG - Process node: point_net_1/ExpandDims
OP=ExpandDims
Name=point_net_1/ExpandDims
Inputs:
	point_net_1/MatMul:0=MatMul, [-1, 8192, 3], 1
	point_net_1/ExpandDims/dim:0=Const, [], 6
Outpus:
	point_net_1/ExpandDims:0=[-1, 8192, 1, 3], 1
2026-01-29 15:13:52,657 - tf2onnx.graph - DEBUG - Making node: Name=point_net_1/ExpandDims__208, OP=Cast
2026-01-29 15:13:52,657 - tf2onnx.graph - DEBUG - Infer shape and dtype for [point_net_1/ExpandDims__208]
2026-01-29 15:13:52,658 - tf2onnx.graph - DEBUG - Set dtype of [point_net_1/ExpandDims__208:0] to 7
2026-01-29 15:13:52,658 - tf2onnx.graph - DEBUG - Set shape of [point_net_1/ExpandDims__208:0] to []
2026-01-29 15:13:52,658 - tf2onnx.graph - DEBUG - Made node: point_net_1/ExpandDims__208
OP=Cast
Name=point_net_1/ExpandDims__208
Inputs:
	point_net_1/ExpandDims/dim:0=Const, [], 6
Outpus:
	point_net_1/ExpandDims__208:0=[], 7
2026-01-29 15:13:52,658 - tf2onnx.graph - DEBUG - Making node: Name=reshape_const__209, OP=Const
2026-01-29 15:13:52,659 - tf2onnx.graph - DEBUG - Made node: reshape_const__209
OP=Const
Name=reshape_const__209
Outpus:
	reshape_const__209=None, 7
2026-01-29 15:13:52,659 - tf2onnx.graph - DEBUG - Making node: Name=Reshape__210, OP=Reshape
2026-01-29 15:13:52,659 - tf2onnx.graph - DEBUG - Infer shape and dtype for [Reshape__210]
2026-01-29 15:13:52,659 - tf2onnx.graph - DEBUG - Set dtype of [Reshape__210:0] to 7
2026-01-29 15:13:52,660 - tf2onnx.graph - DEBUG - Set shape of [Reshape__210:0] to [1]
2026-01-29 15:13:52,660 - tf2onnx.graph - DEBUG - Made node: Reshape__210
OP=Reshape
Name=Reshape__210
Inputs:
	point_net_1/ExpandDims__208:0=Cast, [], 7
	reshape_const__209=Const, [1], 7
Outpus:
	Reshape__210:0=[1], 7
2026-01-29 15:13:52,660 - tf2onnx.tfonnx - DEBUG - Process node: point_net_1/s1_l1_64_convolution_layer_1/batch_normalization_26_1/batchnorm/mul_1
OP=Conv2D
Name=point_net_1/s1_l1_64_convolution_layer_1/batch_normalization_26_1/batchnorm/mul_1
Inputs:
	point_net_1/ExpandDims:0=Unsqueeze, [-1, 8192, 1, 3], 1
	point_net_1/s1_l1_64_convolution_layer_1/s1_l1_64_convolution_layer_1/convolution/merged_input:0=Const, [1, 1, 3, 64], 1
Outpus:
	point_net_1/s1_l1_64_convolution_layer_1/batch_normalization_26_1/batchnorm/mul_1:0=[-1, 8192, 1, 64], 1
2026-01-29 15:13:52,660 - tf2onnx.graph - DEBUG - Making node: Name=point_net_1/s1_l1_64_convolution_layer_1/batch_normalization_26_1/batchnorm/mul_1__211, OP=Transpose
2026-01-29 15:13:52,661 - tf2onnx.graph - DEBUG - Infer shape and dtype for [point_net_1/s1_l1_64_convolution_layer_1/batch_normalization_26_1/batchnorm/mul_1__211]
2026-01-29 15:13:52,661 - tf2onnx.graph - DEBUG - Set dtype of [point_net_1/s1_l1_64_convolution_layer_1/batch_normalization_26_1/batchnorm/mul_1__211:0] to 1
2026-01-29 15:13:52,661 - tf2onnx.graph - DEBUG - Set shape of [point_net_1/s1_l1_64_convolution_layer_1/batch_normalization_26_1/batchnorm/mul_1__211:0] to [3, 1, 8192, -1]
2026-01-29 15:13:52,661 - tf2onnx.graph - DEBUG - Made node: point_net_1/s1_l1_64_convolution_layer_1/batch_normalization_26_1/batchnorm/mul_1__211
OP=Transpose
Name=point_net_1/s1_l1_64_convolution_layer_1/batch_normalization_26_1/batchnorm/mul_1__211
Inputs:
	point_net_1/ExpandDims:0=Unsqueeze, [-1, 8192, 1, 3], 1
Outpus:
	point_net_1/s1_l1_64_convolution_layer_1/batch_normalization_26_1/batchnorm/mul_1__211:0=[3, 1, 8192, -1], 1
2026-01-29 15:13:52,662 - tf2onnx.graph - DEBUG - Making node: Name=point_net_1/s1_l1_64_convolution_layer_1/batch_normalization_26_1/batchnorm/mul_1__213, OP=Transpose
2026-01-29 15:13:52,662 - tf2onnx.graph - DEBUG - Infer shape and dtype for [point_net_1/s1_l1_64_convolution_layer_1/batch_normalization_26_1/batchnorm/mul_1__213]
2026-01-29 15:13:52,663 - tf2onnx.graph - DEBUG - Set dtype of [point_net_1/s1_l1_64_convolution_layer_1/batch_normalization_26_1/batchnorm/mul_1__213:0] to 1
2026-01-29 15:13:52,663 - tf2onnx.graph - DEBUG - Set shape of [point_net_1/s1_l1_64_convolution_layer_1/batch_normalization_26_1/batchnorm/mul_1__213:0] to [64, 1, 8192, -1]
2026-01-29 15:13:52,663 - tf2onnx.graph - DEBUG - Made node: point_net_1/s1_l1_64_convolution_layer_1/batch_normalization_26_1/batchnorm/mul_1__213
OP=Transpose
Name=point_net_1/s1_l1_64_convolution_layer_1/batch_normalization_26_1/batchnorm/mul_1__213
Inputs:
	point_net_1/s1_l1_64_convolution_layer_1/batch_normalization_26_1/batchnorm/mul_1:0=Conv, [-1, 8192, 1, 64], 1
Outpus:
	point_net_1/s1_l1_64_convolution_layer_1/batch_normalization_26_1/batchnorm/mul_1__213:0=[64, 1, 8192, -1], 1
2026-01-29 15:13:52,664 - tf2onnx.tfonnx - DEBUG - Process node: point_net_1/s1_l1_64_convolution_layer_1/batch_normalization_26_1/batchnorm/add_1
OP=AddV2
Name=point_net_1/s1_l1_64_convolution_layer_1/batch_normalization_26_1/batchnorm/add_1
Inputs:
	point_net_1/s1_l1_64_convolution_layer_1/batch_normalization_26_1/batchnorm/mul_1__213:0=Transpose, [-1, 8192, 1, 64], 1
	point_net_1/s1_l1_64_convolution_layer_1/batch_normalization_26_1/batchnorm/sub:0=Const, [64], 1
Outpus:
	point_net_1/s1_l1_64_convolution_layer_1/batch_normalization_26_1/batchnorm/add_1:0=[-1, 8192, 1, 64], 1
2026-01-29 15:13:52,664 - tf2onnx.tfonnx - DEBUG - Process node: point_net_1/s1_l1_64_convolution_layer_1/Relu
OP=Relu
Name=point_net_1/s1_l1_64_convolution_layer_1/Relu
Inputs:
	point_net_1/s1_l1_64_convolution_layer_1/batch_normalization_26_1/batchnorm/add_1:0=Add, [-1, 8192, 1, 64], 1
Outpus:
	point_net_1/s1_l1_64_convolution_layer_1/Relu:0=[-1, 8192, 1, 64], 1
2026-01-29 15:13:52,664 - tf2onnx.tfonnx - DEBUG - Process node: point_net_1/s1_l2_64_convolution_layer_1/batch_normalization_27_1/batchnorm/mul_1
OP=Conv2D
Name=point_net_1/s1_l2_64_convolution_layer_1/batch_normalization_27_1/batchnorm/mul_1
Inputs:
	point_net_1/s1_l1_64_convolution_layer_1/Relu:0=Relu, [-1, 8192, 1, 64], 1
	point_net_1/s1_l2_64_convolution_layer_1/s1_l2_64_convolution_layer_1/convolution/merged_input:0=Const, [1, 1, 64, 64], 1
Outpus:
	point_net_1/s1_l2_64_convolution_layer_1/batch_normalization_27_1/batchnorm/mul_1:0=[-1, 8192, 1, 64], 1
2026-01-29 15:13:52,664 - tf2onnx.graph - DEBUG - Making node: Name=point_net_1/s1_l2_64_convolution_layer_1/batch_normalization_27_1/batchnorm/mul_1__215, OP=Transpose
2026-01-29 15:13:52,665 - tf2onnx.graph - DEBUG - Infer shape and dtype for [point_net_1/s1_l2_64_convolution_layer_1/batch_normalization_27_1/batchnorm/mul_1__215]
2026-01-29 15:13:52,665 - tf2onnx.graph - DEBUG - Set dtype of [point_net_1/s1_l2_64_convolution_layer_1/batch_normalization_27_1/batchnorm/mul_1__215:0] to 1
2026-01-29 15:13:52,665 - tf2onnx.graph - DEBUG - Set shape of [point_net_1/s1_l2_64_convolution_layer_1/batch_normalization_27_1/batchnorm/mul_1__215:0] to [64, 1, 8192, -1]
2026-01-29 15:13:52,665 - tf2onnx.graph - DEBUG - Made node: point_net_1/s1_l2_64_convolution_layer_1/batch_normalization_27_1/batchnorm/mul_1__215
OP=Transpose
Name=point_net_1/s1_l2_64_convolution_layer_1/batch_normalization_27_1/batchnorm/mul_1__215
Inputs:
	point_net_1/s1_l1_64_convolution_layer_1/Relu:0=Relu, [-1, 8192, 1, 64], 1
Outpus:
	point_net_1/s1_l2_64_convolution_layer_1/batch_normalization_27_1/batchnorm/mul_1__215:0=[64, 1, 8192, -1], 1
2026-01-29 15:13:52,666 - tf2onnx.graph - DEBUG - Making node: Name=point_net_1/s1_l2_64_convolution_layer_1/batch_normalization_27_1/batchnorm/mul_1__217, OP=Transpose
2026-01-29 15:13:52,666 - tf2onnx.graph - DEBUG - Infer shape and dtype for [point_net_1/s1_l2_64_convolution_layer_1/batch_normalization_27_1/batchnorm/mul_1__217]
2026-01-29 15:13:52,667 - tf2onnx.graph - DEBUG - Set dtype of [point_net_1/s1_l2_64_convolution_layer_1/batch_normalization_27_1/batchnorm/mul_1__217:0] to 1
2026-01-29 15:13:52,667 - tf2onnx.graph - DEBUG - Set shape of [point_net_1/s1_l2_64_convolution_layer_1/batch_normalization_27_1/batchnorm/mul_1__217:0] to [64, 1, 8192, -1]
2026-01-29 15:13:52,667 - tf2onnx.graph - DEBUG - Made node: point_net_1/s1_l2_64_convolution_layer_1/batch_normalization_27_1/batchnorm/mul_1__217
OP=Transpose
Name=point_net_1/s1_l2_64_convolution_layer_1/batch_normalization_27_1/batchnorm/mul_1__217
Inputs:
	point_net_1/s1_l2_64_convolution_layer_1/batch_normalization_27_1/batchnorm/mul_1:0=Conv, [-1, 8192, 1, 64], 1
Outpus:
	point_net_1/s1_l2_64_convolution_layer_1/batch_normalization_27_1/batchnorm/mul_1__217:0=[64, 1, 8192, -1], 1
2026-01-29 15:13:52,668 - tf2onnx.tfonnx - DEBUG - Process node: point_net_1/s1_l2_64_convolution_layer_1/batch_normalization_27_1/batchnorm/add_1
OP=AddV2
Name=point_net_1/s1_l2_64_convolution_layer_1/batch_normalization_27_1/batchnorm/add_1
Inputs:
	point_net_1/s1_l2_64_convolution_layer_1/batch_normalization_27_1/batchnorm/mul_1__217:0=Transpose, [-1, 8192, 1, 64], 1
	point_net_1/s1_l2_64_convolution_layer_1/batch_normalization_27_1/batchnorm/sub:0=Const, [64], 1
Outpus:
	point_net_1/s1_l2_64_convolution_layer_1/batch_normalization_27_1/batchnorm/add_1:0=[-1, 8192, 1, 64], 1
2026-01-29 15:13:52,668 - tf2onnx.tfonnx - DEBUG - Process node: point_net_1/s1_l2_64_convolution_layer_1/Relu
OP=Relu
Name=point_net_1/s1_l2_64_convolution_layer_1/Relu
Inputs:
	point_net_1/s1_l2_64_convolution_layer_1/batch_normalization_27_1/batchnorm/add_1:0=Add, [-1, 8192, 1, 64], 1
Outpus:
	point_net_1/s1_l2_64_convolution_layer_1/Relu:0=[-1, 8192, 1, 64], 1
2026-01-29 15:13:52,668 - tf2onnx.tfonnx - DEBUG - Process node: point_net_1/Squeeze
OP=Squeeze
Name=point_net_1/Squeeze
Inputs:
	point_net_1/s1_l2_64_convolution_layer_1/Relu:0=Relu, [-1, 8192, 1, 64], 1
Outpus:
	point_net_1/Squeeze:0=[-1, 8192, 64], 1
2026-01-29 15:13:52,668 - tf2onnx.graph - DEBUG - Making node: Name=axes_const__219, OP=Const
2026-01-29 15:13:52,669 - tf2onnx.graph - DEBUG - Made node: axes_const__219
OP=Const
Name=axes_const__219
Outpus:
	axes_const__219=None, 7
2026-01-29 15:13:52,669 - tf2onnx.tfonnx - DEBUG - Process node: point_net_1/feature_transform_1/ExpandDims
OP=ExpandDims
Name=point_net_1/feature_transform_1/ExpandDims
Inputs:
	point_net_1/Squeeze:0=Squeeze, [-1, 8192, 64], 1
	point_net_1/feature_transform_1/ExpandDims/dim:0=Const, [], 6
Outpus:
	point_net_1/feature_transform_1/ExpandDims:0=[-1, 8192, 1, 64], 1
2026-01-29 15:13:52,669 - tf2onnx.graph - DEBUG - Making node: Name=point_net_1/feature_transform_1/ExpandDims__220, OP=Cast
2026-01-29 15:13:52,669 - tf2onnx.graph - DEBUG - Infer shape and dtype for [point_net_1/feature_transform_1/ExpandDims__220]
2026-01-29 15:13:52,670 - tf2onnx.graph - DEBUG - Set dtype of [point_net_1/feature_transform_1/ExpandDims__220:0] to 7
2026-01-29 15:13:52,670 - tf2onnx.graph - DEBUG - Set shape of [point_net_1/feature_transform_1/ExpandDims__220:0] to []
2026-01-29 15:13:52,670 - tf2onnx.graph - DEBUG - Made node: point_net_1/feature_transform_1/ExpandDims__220
OP=Cast
Name=point_net_1/feature_transform_1/ExpandDims__220
Inputs:
	point_net_1/feature_transform_1/ExpandDims/dim:0=Const, [], 6
Outpus:
	point_net_1/feature_transform_1/ExpandDims__220:0=[], 7
2026-01-29 15:13:52,670 - tf2onnx.graph - DEBUG - Making node: Name=reshape_const__221, OP=Const
2026-01-29 15:13:52,670 - tf2onnx.graph - DEBUG - Made node: reshape_const__221
OP=Const
Name=reshape_const__221
Outpus:
	reshape_const__221=None, 7
2026-01-29 15:13:52,671 - tf2onnx.graph - DEBUG - Making node: Name=Reshape__222, OP=Reshape
2026-01-29 15:13:52,671 - tf2onnx.graph - DEBUG - Infer shape and dtype for [Reshape__222]
2026-01-29 15:13:52,671 - tf2onnx.graph - DEBUG - Set dtype of [Reshape__222:0] to 7
2026-01-29 15:13:52,672 - tf2onnx.graph - DEBUG - Set shape of [Reshape__222:0] to [1]
2026-01-29 15:13:52,672 - tf2onnx.graph - DEBUG - Made node: Reshape__222
OP=Reshape
Name=Reshape__222
Inputs:
	point_net_1/feature_transform_1/ExpandDims__220:0=Cast, [], 7
	reshape_const__221=Const, [1], 7
Outpus:
	Reshape__222:0=[1], 7
2026-01-29 15:13:52,672 - tf2onnx.tfonnx - DEBUG - Process node: point_net_1/feature_transform_1/feature_transform_convolution_layer_1_convolution_layer_1/batch_normalization_28_1/batchnorm/mul_1
OP=Conv2D
Name=point_net_1/feature_transform_1/feature_transform_convolution_layer_1_convolution_layer_1/batch_normalization_28_1/batchnorm/mul_1
Inputs:
	point_net_1/feature_transform_1/ExpandDims:0=Unsqueeze, [-1, 8192, 1, 64], 1
	point_net_1/feature_transform_1/feature_transform_convolution_layer_1_convolution_layer_1/feature_transform_convolution_layer_1_convolution_layer_1/convolution/merged_input:0=Const, [1, 1, 64, 64], 1
Outpus:
	point_net_1/feature_transform_1/feature_transform_convolution_layer_1_convolution_layer_1/batch_normalization_28_1/batchnorm/mul_1:0=[-1, 8192, 1, 64], 1
2026-01-29 15:13:52,672 - tf2onnx.graph - DEBUG - Making node: Name=point_net_1/feature_transform_1/feature_transform_convolution_layer_1_convolution_layer_1/batch_normalization_28_1/batchnorm/mul_1__223, OP=Transpose
2026-01-29 15:13:52,673 - tf2onnx.graph - DEBUG - Infer shape and dtype for [point_net_1/feature_transform_1/feature_transform_convolution_layer_1_convolution_layer_1/batch_normalization_28_1/batchnorm/mul_1__223]
2026-01-29 15:13:52,673 - tf2onnx.graph - DEBUG - Set dtype of [point_net_1/feature_transform_1/feature_transform_convolution_layer_1_convolution_layer_1/batch_normalization_28_1/batchnorm/mul_1__223:0] to 1
2026-01-29 15:13:52,673 - tf2onnx.graph - DEBUG - Set shape of [point_net_1/feature_transform_1/feature_transform_convolution_layer_1_convolution_layer_1/batch_normalization_28_1/batchnorm/mul_1__223:0] to [64, 1, 8192, -1]
2026-01-29 15:13:52,673 - tf2onnx.graph - DEBUG - Made node: point_net_1/feature_transform_1/feature_transform_convolution_layer_1_convolution_layer_1/batch_normalization_28_1/batchnorm/mul_1__223
OP=Transpose
Name=point_net_1/feature_transform_1/feature_transform_convolution_layer_1_convolution_layer_1/batch_normalization_28_1/batchnorm/mul_1__223
Inputs:
	point_net_1/feature_transform_1/ExpandDims:0=Unsqueeze, [-1, 8192, 1, 64], 1
Outpus:
	point_net_1/feature_transform_1/feature_transform_convolution_layer_1_convolution_layer_1/batch_normalization_28_1/batchnorm/mul_1__223:0=[64, 1, 8192, -1], 1
2026-01-29 15:13:52,674 - tf2onnx.graph - DEBUG - Making node: Name=point_net_1/feature_transform_1/feature_transform_convolution_layer_1_convolution_layer_1/batch_normalization_28_1/batchnorm/mul_1__225, OP=Transpose
2026-01-29 15:13:52,674 - tf2onnx.graph - DEBUG - Infer shape and dtype for [point_net_1/feature_transform_1/feature_transform_convolution_layer_1_convolution_layer_1/batch_normalization_28_1/batchnorm/mul_1__225]
2026-01-29 15:13:52,674 - tf2onnx.graph - DEBUG - Set dtype of [point_net_1/feature_transform_1/feature_transform_convolution_layer_1_convolution_layer_1/batch_normalization_28_1/batchnorm/mul_1__225:0] to 1
2026-01-29 15:13:52,674 - tf2onnx.graph - DEBUG - Set shape of [point_net_1/feature_transform_1/feature_transform_convolution_layer_1_convolution_layer_1/batch_normalization_28_1/batchnorm/mul_1__225:0] to [64, 1, 8192, -1]
2026-01-29 15:13:52,675 - tf2onnx.graph - DEBUG - Made node: point_net_1/feature_transform_1/feature_transform_convolution_layer_1_convolution_layer_1/batch_normalization_28_1/batchnorm/mul_1__225
OP=Transpose
Name=point_net_1/feature_transform_1/feature_transform_convolution_layer_1_convolution_layer_1/batch_normalization_28_1/batchnorm/mul_1__225
Inputs:
	point_net_1/feature_transform_1/feature_transform_convolution_layer_1_convolution_layer_1/batch_normalization_28_1/batchnorm/mul_1:0=Conv, [-1, 8192, 1, 64], 1
Outpus:
	point_net_1/feature_transform_1/feature_transform_convolution_layer_1_convolution_layer_1/batch_normalization_28_1/batchnorm/mul_1__225:0=[64, 1, 8192, -1], 1
2026-01-29 15:13:52,675 - tf2onnx.tfonnx - DEBUG - Process node: point_net_1/feature_transform_1/feature_transform_convolution_layer_1_convolution_layer_1/batch_normalization_28_1/batchnorm/add_1
OP=AddV2
Name=point_net_1/feature_transform_1/feature_transform_convolution_layer_1_convolution_layer_1/batch_normalization_28_1/batchnorm/add_1
Inputs:
	point_net_1/feature_transform_1/feature_transform_convolution_layer_1_convolution_layer_1/batch_normalization_28_1/batchnorm/mul_1__225:0=Transpose, [-1, 8192, 1, 64], 1
	point_net_1/feature_transform_1/feature_transform_convolution_layer_1_convolution_layer_1/batch_normalization_28_1/batchnorm/sub:0=Const, [64], 1
Outpus:
	point_net_1/feature_transform_1/feature_transform_convolution_layer_1_convolution_layer_1/batch_normalization_28_1/batchnorm/add_1:0=[-1, 8192, 1, 64], 1
2026-01-29 15:13:52,675 - tf2onnx.tfonnx - DEBUG - Process node: point_net_1/feature_transform_1/feature_transform_convolution_layer_1_convolution_layer_1/Relu
OP=Relu
Name=point_net_1/feature_transform_1/feature_transform_convolution_layer_1_convolution_layer_1/Relu
Inputs:
	point_net_1/feature_transform_1/feature_transform_convolution_layer_1_convolution_layer_1/batch_normalization_28_1/batchnorm/add_1:0=Add, [-1, 8192, 1, 64], 1
Outpus:
	point_net_1/feature_transform_1/feature_transform_convolution_layer_1_convolution_layer_1/Relu:0=[-1, 8192, 1, 64], 1
2026-01-29 15:13:52,676 - tf2onnx.tfonnx - DEBUG - Process node: point_net_1/feature_transform_1/feature_transform_convolution_layer_2_convolution_layer_1/batch_normalization_29_1/batchnorm/mul_1
OP=Conv2D
Name=point_net_1/feature_transform_1/feature_transform_convolution_layer_2_convolution_layer_1/batch_normalization_29_1/batchnorm/mul_1
Inputs:
	point_net_1/feature_transform_1/feature_transform_convolution_layer_1_convolution_layer_1/Relu:0=Relu, [-1, 8192, 1, 64], 1
	point_net_1/feature_transform_1/feature_transform_convolution_layer_2_convolution_layer_1/feature_transform_convolution_layer_2_convolution_layer_1/convolution/merged_input:0=Const, [1, 1, 64, 128], 1
Outpus:
	point_net_1/feature_transform_1/feature_transform_convolution_layer_2_convolution_layer_1/batch_normalization_29_1/batchnorm/mul_1:0=[-1, 8192, 1, 128], 1
2026-01-29 15:13:52,676 - tf2onnx.graph - DEBUG - Making node: Name=point_net_1/feature_transform_1/feature_transform_convolution_layer_2_convolution_layer_1/batch_normalization_29_1/batchnorm/mul_1__227, OP=Transpose
2026-01-29 15:13:52,676 - tf2onnx.graph - DEBUG - Infer shape and dtype for [point_net_1/feature_transform_1/feature_transform_convolution_layer_2_convolution_layer_1/batch_normalization_29_1/batchnorm/mul_1__227]
2026-01-29 15:13:52,677 - tf2onnx.graph - DEBUG - Set dtype of [point_net_1/feature_transform_1/feature_transform_convolution_layer_2_convolution_layer_1/batch_normalization_29_1/batchnorm/mul_1__227:0] to 1
2026-01-29 15:13:52,677 - tf2onnx.graph - DEBUG - Set shape of [point_net_1/feature_transform_1/feature_transform_convolution_layer_2_convolution_layer_1/batch_normalization_29_1/batchnorm/mul_1__227:0] to [64, 1, 8192, -1]
2026-01-29 15:13:52,677 - tf2onnx.graph - DEBUG - Made node: point_net_1/feature_transform_1/feature_transform_convolution_layer_2_convolution_layer_1/batch_normalization_29_1/batchnorm/mul_1__227
OP=Transpose
Name=point_net_1/feature_transform_1/feature_transform_convolution_layer_2_convolution_layer_1/batch_normalization_29_1/batchnorm/mul_1__227
Inputs:
	point_net_1/feature_transform_1/feature_transform_convolution_layer_1_convolution_layer_1/Relu:0=Relu, [-1, 8192, 1, 64], 1
Outpus:
	point_net_1/feature_transform_1/feature_transform_convolution_layer_2_convolution_layer_1/batch_normalization_29_1/batchnorm/mul_1__227:0=[64, 1, 8192, -1], 1
2026-01-29 15:13:52,678 - tf2onnx.graph - DEBUG - Making node: Name=point_net_1/feature_transform_1/feature_transform_convolution_layer_2_convolution_layer_1/batch_normalization_29_1/batchnorm/mul_1__229, OP=Transpose
2026-01-29 15:13:52,678 - tf2onnx.graph - DEBUG - Infer shape and dtype for [point_net_1/feature_transform_1/feature_transform_convolution_layer_2_convolution_layer_1/batch_normalization_29_1/batchnorm/mul_1__229]
2026-01-29 15:13:52,678 - tf2onnx.graph - DEBUG - Set dtype of [point_net_1/feature_transform_1/feature_transform_convolution_layer_2_convolution_layer_1/batch_normalization_29_1/batchnorm/mul_1__229:0] to 1
2026-01-29 15:13:52,678 - tf2onnx.graph - DEBUG - Set shape of [point_net_1/feature_transform_1/feature_transform_convolution_layer_2_convolution_layer_1/batch_normalization_29_1/batchnorm/mul_1__229:0] to [128, 1, 8192, -1]
2026-01-29 15:13:52,679 - tf2onnx.graph - DEBUG - Made node: point_net_1/feature_transform_1/feature_transform_convolution_layer_2_convolution_layer_1/batch_normalization_29_1/batchnorm/mul_1__229
OP=Transpose
Name=point_net_1/feature_transform_1/feature_transform_convolution_layer_2_convolution_layer_1/batch_normalization_29_1/batchnorm/mul_1__229
Inputs:
	point_net_1/feature_transform_1/feature_transform_convolution_layer_2_convolution_layer_1/batch_normalization_29_1/batchnorm/mul_1:0=Conv, [-1, 8192, 1, 128], 1
Outpus:
	point_net_1/feature_transform_1/feature_transform_convolution_layer_2_convolution_layer_1/batch_normalization_29_1/batchnorm/mul_1__229:0=[128, 1, 8192, -1], 1
2026-01-29 15:13:52,679 - tf2onnx.tfonnx - DEBUG - Process node: point_net_1/feature_transform_1/feature_transform_convolution_layer_2_convolution_layer_1/batch_normalization_29_1/batchnorm/add_1
OP=AddV2
Name=point_net_1/feature_transform_1/feature_transform_convolution_layer_2_convolution_layer_1/batch_normalization_29_1/batchnorm/add_1
Inputs:
	point_net_1/feature_transform_1/feature_transform_convolution_layer_2_convolution_layer_1/batch_normalization_29_1/batchnorm/mul_1__229:0=Transpose, [-1, 8192, 1, 128], 1
	point_net_1/feature_transform_1/feature_transform_convolution_layer_2_convolution_layer_1/batch_normalization_29_1/batchnorm/sub:0=Const, [128], 1
Outpus:
	point_net_1/feature_transform_1/feature_transform_convolution_layer_2_convolution_layer_1/batch_normalization_29_1/batchnorm/add_1:0=[-1, 8192, 1, 128], 1
2026-01-29 15:13:52,679 - tf2onnx.tfonnx - DEBUG - Process node: point_net_1/feature_transform_1/feature_transform_convolution_layer_2_convolution_layer_1/Relu
OP=Relu
Name=point_net_1/feature_transform_1/feature_transform_convolution_layer_2_convolution_layer_1/Relu
Inputs:
	point_net_1/feature_transform_1/feature_transform_convolution_layer_2_convolution_layer_1/batch_normalization_29_1/batchnorm/add_1:0=Add, [-1, 8192, 1, 128], 1
Outpus:
	point_net_1/feature_transform_1/feature_transform_convolution_layer_2_convolution_layer_1/Relu:0=[-1, 8192, 1, 128], 1
2026-01-29 15:13:52,680 - tf2onnx.tfonnx - DEBUG - Process node: point_net_1/feature_transform_1/feature_transform_convolution_layer_3_convolution_layer_1/batch_normalization_30_1/batchnorm/mul_1
OP=Conv2D
Name=point_net_1/feature_transform_1/feature_transform_convolution_layer_3_convolution_layer_1/batch_normalization_30_1/batchnorm/mul_1
Inputs:
	point_net_1/feature_transform_1/feature_transform_convolution_layer_2_convolution_layer_1/Relu:0=Relu, [-1, 8192, 1, 128], 1
	point_net_1/feature_transform_1/feature_transform_convolution_layer_3_convolution_layer_1/feature_transform_convolution_layer_3_convolution_layer_1/convolution/merged_input:0=Const, [1, 1, 128, 1024], 1
Outpus:
	point_net_1/feature_transform_1/feature_transform_convolution_layer_3_convolution_layer_1/batch_normalization_30_1/batchnorm/mul_1:0=[-1, 8192, 1, 1024], 1
2026-01-29 15:13:52,680 - tf2onnx.graph - DEBUG - Making node: Name=point_net_1/feature_transform_1/feature_transform_convolution_layer_3_convolution_layer_1/batch_normalization_30_1/batchnorm/mul_1__231, OP=Transpose
2026-01-29 15:13:52,680 - tf2onnx.graph - DEBUG - Infer shape and dtype for [point_net_1/feature_transform_1/feature_transform_convolution_layer_3_convolution_layer_1/batch_normalization_30_1/batchnorm/mul_1__231]
2026-01-29 15:13:52,681 - tf2onnx.graph - DEBUG - Set dtype of [point_net_1/feature_transform_1/feature_transform_convolution_layer_3_convolution_layer_1/batch_normalization_30_1/batchnorm/mul_1__231:0] to 1
2026-01-29 15:13:52,681 - tf2onnx.graph - DEBUG - Set shape of [point_net_1/feature_transform_1/feature_transform_convolution_layer_3_convolution_layer_1/batch_normalization_30_1/batchnorm/mul_1__231:0] to [128, 1, 8192, -1]
2026-01-29 15:13:52,681 - tf2onnx.graph - DEBUG - Made node: point_net_1/feature_transform_1/feature_transform_convolution_layer_3_convolution_layer_1/batch_normalization_30_1/batchnorm/mul_1__231
OP=Transpose
Name=point_net_1/feature_transform_1/feature_transform_convolution_layer_3_convolution_layer_1/batch_normalization_30_1/batchnorm/mul_1__231
Inputs:
	point_net_1/feature_transform_1/feature_transform_convolution_layer_2_convolution_layer_1/Relu:0=Relu, [-1, 8192, 1, 128], 1
Outpus:
	point_net_1/feature_transform_1/feature_transform_convolution_layer_3_convolution_layer_1/batch_normalization_30_1/batchnorm/mul_1__231:0=[128, 1, 8192, -1], 1
2026-01-29 15:13:52,682 - tf2onnx.graph - DEBUG - Making node: Name=point_net_1/feature_transform_1/feature_transform_convolution_layer_3_convolution_layer_1/batch_normalization_30_1/batchnorm/mul_1__233, OP=Transpose
2026-01-29 15:13:52,682 - tf2onnx.graph - DEBUG - Infer shape and dtype for [point_net_1/feature_transform_1/feature_transform_convolution_layer_3_convolution_layer_1/batch_normalization_30_1/batchnorm/mul_1__233]
2026-01-29 15:13:52,683 - tf2onnx.graph - DEBUG - Set dtype of [point_net_1/feature_transform_1/feature_transform_convolution_layer_3_convolution_layer_1/batch_normalization_30_1/batchnorm/mul_1__233:0] to 1
2026-01-29 15:13:52,683 - tf2onnx.graph - DEBUG - Set shape of [point_net_1/feature_transform_1/feature_transform_convolution_layer_3_convolution_layer_1/batch_normalization_30_1/batchnorm/mul_1__233:0] to [1024, 1, 8192, -1]
2026-01-29 15:13:52,683 - tf2onnx.graph - DEBUG - Made node: point_net_1/feature_transform_1/feature_transform_convolution_layer_3_convolution_layer_1/batch_normalization_30_1/batchnorm/mul_1__233
OP=Transpose
Name=point_net_1/feature_transform_1/feature_transform_convolution_layer_3_convolution_layer_1/batch_normalization_30_1/batchnorm/mul_1__233
Inputs:
	point_net_1/feature_transform_1/feature_transform_convolution_layer_3_convolution_layer_1/batch_normalization_30_1/batchnorm/mul_1:0=Conv, [-1, 8192, 1, 1024], 1
Outpus:
	point_net_1/feature_transform_1/feature_transform_convolution_layer_3_convolution_layer_1/batch_normalization_30_1/batchnorm/mul_1__233:0=[1024, 1, 8192, -1], 1
2026-01-29 15:13:52,684 - tf2onnx.tfonnx - DEBUG - Process node: point_net_1/feature_transform_1/feature_transform_convolution_layer_3_convolution_layer_1/batch_normalization_30_1/batchnorm/add_1
OP=AddV2
Name=point_net_1/feature_transform_1/feature_transform_convolution_layer_3_convolution_layer_1/batch_normalization_30_1/batchnorm/add_1
Inputs:
	point_net_1/feature_transform_1/feature_transform_convolution_layer_3_convolution_layer_1/batch_normalization_30_1/batchnorm/mul_1__233:0=Transpose, [-1, 8192, 1, 1024], 1
	point_net_1/feature_transform_1/feature_transform_convolution_layer_3_convolution_layer_1/batch_normalization_30_1/batchnorm/sub:0=Const, [1024], 1
Outpus:
	point_net_1/feature_transform_1/feature_transform_convolution_layer_3_convolution_layer_1/batch_normalization_30_1/batchnorm/add_1:0=[-1, 8192, 1, 1024], 1
2026-01-29 15:13:52,684 - tf2onnx.tfonnx - DEBUG - Process node: point_net_1/feature_transform_1/feature_transform_convolution_layer_3_convolution_layer_1/Relu
OP=Relu
Name=point_net_1/feature_transform_1/feature_transform_convolution_layer_3_convolution_layer_1/Relu
Inputs:
	point_net_1/feature_transform_1/feature_transform_convolution_layer_3_convolution_layer_1/batch_normalization_30_1/batchnorm/add_1:0=Add, [-1, 8192, 1, 1024], 1
Outpus:
	point_net_1/feature_transform_1/feature_transform_convolution_layer_3_convolution_layer_1/Relu:0=[-1, 8192, 1, 1024], 1
2026-01-29 15:13:52,684 - tf2onnx.tfonnx - DEBUG - Process node: point_net_1/feature_transform_1/Squeeze
OP=Squeeze
Name=point_net_1/feature_transform_1/Squeeze
Inputs:
	point_net_1/feature_transform_1/feature_transform_convolution_layer_3_convolution_layer_1/Relu:0=Relu, [-1, 8192, 1, 1024], 1
Outpus:
	point_net_1/feature_transform_1/Squeeze:0=[-1, 8192, 1024], 1
2026-01-29 15:13:52,685 - tf2onnx.graph - DEBUG - Making node: Name=axes_const__235, OP=Const
2026-01-29 15:13:52,685 - tf2onnx.graph - DEBUG - Made node: axes_const__235
OP=Const
Name=axes_const__235
Outpus:
	axes_const__235=None, 7
2026-01-29 15:13:52,686 - tf2onnx.tfonnx - DEBUG - Process node: point_net_1/feature_transform_1/Max
OP=Max
Name=point_net_1/feature_transform_1/Max
Inputs:
	point_net_1/feature_transform_1/Squeeze:0=Squeeze, [-1, 8192, 1024], 1
	point_net_1/feature_transform_1/Max/reduction_indices:0=Const, [], 6
Outpus:
	point_net_1/feature_transform_1/Max:0=[-1, 1024], 1
2026-01-29 15:13:52,686 - tf2onnx.tfonnx - DEBUG - Process node: point_net_1/feature_transform_1/feature_transform_dense_layer_1_dense_layer_1/feature_transform_dense_layer_1_dense_layer_1/MatMul
OP=MatMul
Name=point_net_1/feature_transform_1/feature_transform_dense_layer_1_dense_layer_1/feature_transform_dense_layer_1_dense_layer_1/MatMul
Inputs:
	point_net_1/feature_transform_1/Max:0=ReduceMax, [-1, 1024], 1
	point_net_1/feature_transform_1/feature_transform_dense_layer_1_dense_layer_1/feature_transform_dense_layer_1_dense_layer_1/Cast/ReadVariableOp:0=Const, [1024, 512], 1
Outpus:
	point_net_1/feature_transform_1/feature_transform_dense_layer_1_dense_layer_1/feature_transform_dense_layer_1_dense_layer_1/MatMul:0=[-1, 512], 1
2026-01-29 15:13:52,686 - tf2onnx.tfonnx - DEBUG - Process node: point_net_1/feature_transform_1/feature_transform_dense_layer_1_dense_layer_1/batch_normalization_31_1/batchnorm/mul_1
OP=Mul
Name=point_net_1/feature_transform_1/feature_transform_dense_layer_1_dense_layer_1/batch_normalization_31_1/batchnorm/mul_1
Inputs:
	point_net_1/feature_transform_1/feature_transform_dense_layer_1_dense_layer_1/feature_transform_dense_layer_1_dense_layer_1/MatMul:0=MatMul, [-1, 512], 1
	point_net_1/feature_transform_1/feature_transform_dense_layer_1_dense_layer_1/batch_normalization_31_1/batchnorm/mul:0=Const, [512], 1
Outpus:
	point_net_1/feature_transform_1/feature_transform_dense_layer_1_dense_layer_1/batch_normalization_31_1/batchnorm/mul_1:0=[-1, 512], 1
2026-01-29 15:13:52,686 - tf2onnx.tfonnx - DEBUG - Process node: point_net_1/feature_transform_1/feature_transform_dense_layer_1_dense_layer_1/batch_normalization_31_1/batchnorm/add_1
OP=AddV2
Name=point_net_1/feature_transform_1/feature_transform_dense_layer_1_dense_layer_1/batch_normalization_31_1/batchnorm/add_1
Inputs:
	point_net_1/feature_transform_1/feature_transform_dense_layer_1_dense_layer_1/batch_normalization_31_1/batchnorm/mul_1:0=Mul, [-1, 512], 1
	point_net_1/feature_transform_1/feature_transform_dense_layer_1_dense_layer_1/batch_normalization_31_1/batchnorm/sub:0=Const, [512], 1
Outpus:
	point_net_1/feature_transform_1/feature_transform_dense_layer_1_dense_layer_1/batch_normalization_31_1/batchnorm/add_1:0=[-1, 512], 1
2026-01-29 15:13:52,687 - tf2onnx.tfonnx - DEBUG - Process node: point_net_1/feature_transform_1/feature_transform_dense_layer_1_dense_layer_1/Relu
OP=Relu
Name=point_net_1/feature_transform_1/feature_transform_dense_layer_1_dense_layer_1/Relu
Inputs:
	point_net_1/feature_transform_1/feature_transform_dense_layer_1_dense_layer_1/batch_normalization_31_1/batchnorm/add_1:0=Add, [-1, 512], 1
Outpus:
	point_net_1/feature_transform_1/feature_transform_dense_layer_1_dense_layer_1/Relu:0=[-1, 512], 1
2026-01-29 15:13:52,687 - tf2onnx.tfonnx - DEBUG - Process node: point_net_1/feature_transform_1/feature_transform_dense_layer_2_dense_layer_1/feature_transform_dense_layer_2_dense_layer_1/MatMul
OP=MatMul
Name=point_net_1/feature_transform_1/feature_transform_dense_layer_2_dense_layer_1/feature_transform_dense_layer_2_dense_layer_1/MatMul
Inputs:
	point_net_1/feature_transform_1/feature_transform_dense_layer_1_dense_layer_1/Relu:0=Relu, [-1, 512], 1
	point_net_1/feature_transform_1/feature_transform_dense_layer_2_dense_layer_1/feature_transform_dense_layer_2_dense_layer_1/Cast/ReadVariableOp:0=Const, [512, 256], 1
Outpus:
	point_net_1/feature_transform_1/feature_transform_dense_layer_2_dense_layer_1/feature_transform_dense_layer_2_dense_layer_1/MatMul:0=[-1, 256], 1
2026-01-29 15:13:52,687 - tf2onnx.tfonnx - DEBUG - Process node: point_net_1/feature_transform_1/feature_transform_dense_layer_2_dense_layer_1/batch_normalization_32_1/batchnorm/mul_1
OP=Mul
Name=point_net_1/feature_transform_1/feature_transform_dense_layer_2_dense_layer_1/batch_normalization_32_1/batchnorm/mul_1
Inputs:
	point_net_1/feature_transform_1/feature_transform_dense_layer_2_dense_layer_1/feature_transform_dense_layer_2_dense_layer_1/MatMul:0=MatMul, [-1, 256], 1
	point_net_1/feature_transform_1/feature_transform_dense_layer_2_dense_layer_1/batch_normalization_32_1/batchnorm/mul:0=Const, [256], 1
Outpus:
	point_net_1/feature_transform_1/feature_transform_dense_layer_2_dense_layer_1/batch_normalization_32_1/batchnorm/mul_1:0=[-1, 256], 1
2026-01-29 15:13:52,688 - tf2onnx.tfonnx - DEBUG - Process node: point_net_1/feature_transform_1/feature_transform_dense_layer_2_dense_layer_1/batch_normalization_32_1/batchnorm/add_1
OP=AddV2
Name=point_net_1/feature_transform_1/feature_transform_dense_layer_2_dense_layer_1/batch_normalization_32_1/batchnorm/add_1
Inputs:
	point_net_1/feature_transform_1/feature_transform_dense_layer_2_dense_layer_1/batch_normalization_32_1/batchnorm/mul_1:0=Mul, [-1, 256], 1
	point_net_1/feature_transform_1/feature_transform_dense_layer_2_dense_layer_1/batch_normalization_32_1/batchnorm/sub:0=Const, [256], 1
Outpus:
	point_net_1/feature_transform_1/feature_transform_dense_layer_2_dense_layer_1/batch_normalization_32_1/batchnorm/add_1:0=[-1, 256], 1
2026-01-29 15:13:52,688 - tf2onnx.tfonnx - DEBUG - Process node: point_net_1/feature_transform_1/feature_transform_dense_layer_2_dense_layer_1/Relu
OP=Relu
Name=point_net_1/feature_transform_1/feature_transform_dense_layer_2_dense_layer_1/Relu
Inputs:
	point_net_1/feature_transform_1/feature_transform_dense_layer_2_dense_layer_1/batch_normalization_32_1/batchnorm/add_1:0=Add, [-1, 256], 1
Outpus:
	point_net_1/feature_transform_1/feature_transform_dense_layer_2_dense_layer_1/Relu:0=[-1, 256], 1
2026-01-29 15:13:52,688 - tf2onnx.tfonnx - DEBUG - Process node: point_net_1/feature_transform_1/ExpandDims_1
OP=ExpandDims
Name=point_net_1/feature_transform_1/ExpandDims_1
Inputs:
	point_net_1/feature_transform_1/feature_transform_dense_layer_2_dense_layer_1/Relu:0=Relu, [-1, 256], 1
	point_net_1/feature_transform_1/ExpandDims_1/dim:0=Const, [], 6
Outpus:
	point_net_1/feature_transform_1/ExpandDims_1:0=[-1, 1, 256], 1
2026-01-29 15:13:52,689 - tf2onnx.graph - DEBUG - Making node: Name=point_net_1/feature_transform_1/ExpandDims_1__236, OP=Cast
2026-01-29 15:13:52,689 - tf2onnx.graph - DEBUG - Infer shape and dtype for [point_net_1/feature_transform_1/ExpandDims_1__236]
2026-01-29 15:13:52,689 - tf2onnx.graph - DEBUG - Set dtype of [point_net_1/feature_transform_1/ExpandDims_1__236:0] to 7
2026-01-29 15:13:52,690 - tf2onnx.graph - DEBUG - Set shape of [point_net_1/feature_transform_1/ExpandDims_1__236:0] to []
2026-01-29 15:13:52,690 - tf2onnx.graph - DEBUG - Made node: point_net_1/feature_transform_1/ExpandDims_1__236
OP=Cast
Name=point_net_1/feature_transform_1/ExpandDims_1__236
Inputs:
	point_net_1/feature_transform_1/ExpandDims_1/dim:0=Const, [], 6
Outpus:
	point_net_1/feature_transform_1/ExpandDims_1__236:0=[], 7
2026-01-29 15:13:52,690 - tf2onnx.graph - DEBUG - Making node: Name=reshape_const__237, OP=Const
2026-01-29 15:13:52,690 - tf2onnx.graph - DEBUG - Made node: reshape_const__237
OP=Const
Name=reshape_const__237
Outpus:
	reshape_const__237=None, 7
2026-01-29 15:13:52,691 - tf2onnx.graph - DEBUG - Making node: Name=Reshape__238, OP=Reshape
2026-01-29 15:13:52,691 - tf2onnx.graph - DEBUG - Infer shape and dtype for [Reshape__238]
2026-01-29 15:13:52,692 - tf2onnx.graph - DEBUG - Set dtype of [Reshape__238:0] to 7
2026-01-29 15:13:52,692 - tf2onnx.graph - DEBUG - Set shape of [Reshape__238:0] to [1]
2026-01-29 15:13:52,692 - tf2onnx.graph - DEBUG - Made node: Reshape__238
OP=Reshape
Name=Reshape__238
Inputs:
	point_net_1/feature_transform_1/ExpandDims_1__236:0=Cast, [], 7
	reshape_const__237=Const, [1], 7
Outpus:
	Reshape__238:0=[1], 7
2026-01-29 15:13:52,693 - tf2onnx.tfonnx - DEBUG - Process node: point_net_1/feature_transform_1/MatMul
OP=BatchMatMulV2
Name=point_net_1/feature_transform_1/MatMul
Inputs:
	point_net_1/feature_transform_1/ExpandDims_1:0=Unsqueeze, [-1, 1, 256], 1
	point_net_1/feature_transform_1/MatMul/ReadVariableOp:0=Const, [256, 4096], 1
Outpus:
	point_net_1/feature_transform_1/MatMul:0=[-1, 1, 4096], 1
2026-01-29 15:13:52,693 - tf2onnx.tfonnx - DEBUG - Process node: point_net_1/feature_transform_1/Squeeze_1
OP=Squeeze
Name=point_net_1/feature_transform_1/Squeeze_1
Inputs:
	point_net_1/feature_transform_1/MatMul:0=MatMul, [-1, 1, 4096], 1
Outpus:
	point_net_1/feature_transform_1/Squeeze_1:0=[-1, 4096], 1
2026-01-29 15:13:52,693 - tf2onnx.graph - DEBUG - Making node: Name=axes_const__239, OP=Const
2026-01-29 15:13:52,694 - tf2onnx.graph - DEBUG - Made node: axes_const__239
OP=Const
Name=axes_const__239
Outpus:
	axes_const__239=None, 7
2026-01-29 15:13:52,694 - tf2onnx.tfonnx - DEBUG - Process node: point_net_1/feature_transform_1/Reshape
OP=Reshape
Name=point_net_1/feature_transform_1/Reshape
Inputs:
	point_net_1/feature_transform_1/Squeeze_1:0=Squeeze, [-1, 4096], 1
	point_net_1/feature_transform_1/Reshape/shape:0=Const, [3], 6
Outpus:
	point_net_1/feature_transform_1/Reshape:0=[-1, 64, 64], 1
2026-01-29 15:13:52,694 - tf2onnx.graph - DEBUG - Making node: Name=point_net_1/feature_transform_1/Reshape__240, OP=Cast
2026-01-29 15:13:52,694 - tf2onnx.graph - DEBUG - Infer shape and dtype for [point_net_1/feature_transform_1/Reshape__240]
2026-01-29 15:13:52,695 - tf2onnx.graph - DEBUG - Set dtype of [point_net_1/feature_transform_1/Reshape__240:0] to 7
2026-01-29 15:13:52,695 - tf2onnx.graph - DEBUG - Set shape of [point_net_1/feature_transform_1/Reshape__240:0] to [3]
2026-01-29 15:13:52,695 - tf2onnx.graph - DEBUG - Made node: point_net_1/feature_transform_1/Reshape__240
OP=Cast
Name=point_net_1/feature_transform_1/Reshape__240
Inputs:
	point_net_1/feature_transform_1/Reshape/shape:0=Const, [3], 6
Outpus:
	point_net_1/feature_transform_1/Reshape__240:0=[3], 7
2026-01-29 15:13:52,697 - tf2onnx.tfonnx - DEBUG - Process node: point_net_1/feature_transform_1/add
OP=AddV2
Name=point_net_1/feature_transform_1/add
Inputs:
	point_net_1/feature_transform_1/Reshape:0=Reshape, [-1, 64, 64], 1
	point_net_1/feature_transform_1/add/ReadVariableOp:0=Const, [64, 64], 1
Outpus:
	point_net_1/feature_transform_1/add:0=[-1, 64, 64], 1
2026-01-29 15:13:52,697 - tf2onnx.tfonnx - DEBUG - Process node: point_net_1/MatMul_1
OP=BatchMatMulV2
Name=point_net_1/MatMul_1
Inputs:
	point_net_1/Squeeze:0=Squeeze, [-1, 8192, 64], 1
	point_net_1/feature_transform_1/add:0=Add, [-1, 64, 64], 1
Outpus:
	point_net_1/MatMul_1:0=[-1, 8192, 64], 1
2026-01-29 15:13:52,697 - tf2onnx.tfonnx - DEBUG - Process node: point_net_1/ExpandDims_1
OP=ExpandDims
Name=point_net_1/ExpandDims_1
Inputs:
	point_net_1/MatMul_1:0=MatMul, [-1, 8192, 64], 1
	point_net_1/ExpandDims_1/dim:0=Const, [], 6
Outpus:
	point_net_1/ExpandDims_1:0=[-1, 8192, 1, 64], 1
2026-01-29 15:13:52,698 - tf2onnx.graph - DEBUG - Making node: Name=point_net_1/ExpandDims_1__241, OP=Cast
2026-01-29 15:13:52,698 - tf2onnx.graph - DEBUG - Infer shape and dtype for [point_net_1/ExpandDims_1__241]
2026-01-29 15:13:52,698 - tf2onnx.graph - DEBUG - Set dtype of [point_net_1/ExpandDims_1__241:0] to 7
2026-01-29 15:13:52,699 - tf2onnx.graph - DEBUG - Set shape of [point_net_1/ExpandDims_1__241:0] to []
2026-01-29 15:13:52,699 - tf2onnx.graph - DEBUG - Made node: point_net_1/ExpandDims_1__241
OP=Cast
Name=point_net_1/ExpandDims_1__241
Inputs:
	point_net_1/ExpandDims_1/dim:0=Const, [], 6
Outpus:
	point_net_1/ExpandDims_1__241:0=[], 7
2026-01-29 15:13:52,699 - tf2onnx.graph - DEBUG - Making node: Name=reshape_const__242, OP=Const
2026-01-29 15:13:52,699 - tf2onnx.graph - DEBUG - Made node: reshape_const__242
OP=Const
Name=reshape_const__242
Outpus:
	reshape_const__242=None, 7
2026-01-29 15:13:52,700 - tf2onnx.graph - DEBUG - Making node: Name=Reshape__243, OP=Reshape
2026-01-29 15:13:52,700 - tf2onnx.graph - DEBUG - Infer shape and dtype for [Reshape__243]
2026-01-29 15:13:52,700 - tf2onnx.graph - DEBUG - Set dtype of [Reshape__243:0] to 7
2026-01-29 15:13:52,700 - tf2onnx.graph - DEBUG - Set shape of [Reshape__243:0] to [1]
2026-01-29 15:13:52,701 - tf2onnx.graph - DEBUG - Made node: Reshape__243
OP=Reshape
Name=Reshape__243
Inputs:
	point_net_1/ExpandDims_1__241:0=Cast, [], 7
	reshape_const__242=Const, [1], 7
Outpus:
	Reshape__243:0=[1], 7
2026-01-29 15:13:52,701 - tf2onnx.tfonnx - DEBUG - Process node: point_net_1/s2_l1_64_convolution_layer_1/batch_normalization_33_1/batchnorm/mul_1
OP=Conv2D
Name=point_net_1/s2_l1_64_convolution_layer_1/batch_normalization_33_1/batchnorm/mul_1
Inputs:
	point_net_1/ExpandDims_1:0=Unsqueeze, [-1, 8192, 1, 64], 1
	point_net_1/s2_l1_64_convolution_layer_1/s2_l1_64_convolution_layer_1/convolution/merged_input:0=Const, [1, 1, 64, 64], 1
Outpus:
	point_net_1/s2_l1_64_convolution_layer_1/batch_normalization_33_1/batchnorm/mul_1:0=[-1, 8192, 1, 64], 1
2026-01-29 15:13:52,701 - tf2onnx.graph - DEBUG - Making node: Name=point_net_1/s2_l1_64_convolution_layer_1/batch_normalization_33_1/batchnorm/mul_1__244, OP=Transpose
2026-01-29 15:13:52,701 - tf2onnx.graph - DEBUG - Infer shape and dtype for [point_net_1/s2_l1_64_convolution_layer_1/batch_normalization_33_1/batchnorm/mul_1__244]
2026-01-29 15:13:52,702 - tf2onnx.graph - DEBUG - Set dtype of [point_net_1/s2_l1_64_convolution_layer_1/batch_normalization_33_1/batchnorm/mul_1__244:0] to 1
2026-01-29 15:13:52,702 - tf2onnx.graph - DEBUG - Set shape of [point_net_1/s2_l1_64_convolution_layer_1/batch_normalization_33_1/batchnorm/mul_1__244:0] to [64, 1, 8192, -1]
2026-01-29 15:13:52,702 - tf2onnx.graph - DEBUG - Made node: point_net_1/s2_l1_64_convolution_layer_1/batch_normalization_33_1/batchnorm/mul_1__244
OP=Transpose
Name=point_net_1/s2_l1_64_convolution_layer_1/batch_normalization_33_1/batchnorm/mul_1__244
Inputs:
	point_net_1/ExpandDims_1:0=Unsqueeze, [-1, 8192, 1, 64], 1
Outpus:
	point_net_1/s2_l1_64_convolution_layer_1/batch_normalization_33_1/batchnorm/mul_1__244:0=[64, 1, 8192, -1], 1
2026-01-29 15:13:52,702 - tf2onnx.graph - DEBUG - Making node: Name=point_net_1/s2_l1_64_convolution_layer_1/batch_normalization_33_1/batchnorm/mul_1__246, OP=Transpose
2026-01-29 15:13:52,703 - tf2onnx.graph - DEBUG - Infer shape and dtype for [point_net_1/s2_l1_64_convolution_layer_1/batch_normalization_33_1/batchnorm/mul_1__246]
2026-01-29 15:13:52,703 - tf2onnx.graph - DEBUG - Set dtype of [point_net_1/s2_l1_64_convolution_layer_1/batch_normalization_33_1/batchnorm/mul_1__246:0] to 1
2026-01-29 15:13:52,703 - tf2onnx.graph - DEBUG - Set shape of [point_net_1/s2_l1_64_convolution_layer_1/batch_normalization_33_1/batchnorm/mul_1__246:0] to [64, 1, 8192, -1]
2026-01-29 15:13:52,703 - tf2onnx.graph - DEBUG - Made node: point_net_1/s2_l1_64_convolution_layer_1/batch_normalization_33_1/batchnorm/mul_1__246
OP=Transpose
Name=point_net_1/s2_l1_64_convolution_layer_1/batch_normalization_33_1/batchnorm/mul_1__246
Inputs:
	point_net_1/s2_l1_64_convolution_layer_1/batch_normalization_33_1/batchnorm/mul_1:0=Conv, [-1, 8192, 1, 64], 1
Outpus:
	point_net_1/s2_l1_64_convolution_layer_1/batch_normalization_33_1/batchnorm/mul_1__246:0=[64, 1, 8192, -1], 1
2026-01-29 15:13:52,704 - tf2onnx.tfonnx - DEBUG - Process node: point_net_1/s2_l1_64_convolution_layer_1/batch_normalization_33_1/batchnorm/add_1
OP=AddV2
Name=point_net_1/s2_l1_64_convolution_layer_1/batch_normalization_33_1/batchnorm/add_1
Inputs:
	point_net_1/s2_l1_64_convolution_layer_1/batch_normalization_33_1/batchnorm/mul_1__246:0=Transpose, [-1, 8192, 1, 64], 1
	point_net_1/s2_l1_64_convolution_layer_1/batch_normalization_33_1/batchnorm/sub:0=Const, [64], 1
Outpus:
	point_net_1/s2_l1_64_convolution_layer_1/batch_normalization_33_1/batchnorm/add_1:0=[-1, 8192, 1, 64], 1
2026-01-29 15:13:52,704 - tf2onnx.tfonnx - DEBUG - Process node: point_net_1/s2_l1_64_convolution_layer_1/Relu
OP=Relu
Name=point_net_1/s2_l1_64_convolution_layer_1/Relu
Inputs:
	point_net_1/s2_l1_64_convolution_layer_1/batch_normalization_33_1/batchnorm/add_1:0=Add, [-1, 8192, 1, 64], 1
Outpus:
	point_net_1/s2_l1_64_convolution_layer_1/Relu:0=[-1, 8192, 1, 64], 1
2026-01-29 15:13:52,704 - tf2onnx.tfonnx - DEBUG - Process node: point_net_1/s2_l2_128_convolution_layer_1/batch_normalization_34_1/batchnorm/mul_1
OP=Conv2D
Name=point_net_1/s2_l2_128_convolution_layer_1/batch_normalization_34_1/batchnorm/mul_1
Inputs:
	point_net_1/s2_l1_64_convolution_layer_1/Relu:0=Relu, [-1, 8192, 1, 64], 1
	point_net_1/s2_l2_128_convolution_layer_1/s2_l2_128_convolution_layer_1/convolution/merged_input:0=Const, [1, 1, 64, 128], 1
Outpus:
	point_net_1/s2_l2_128_convolution_layer_1/batch_normalization_34_1/batchnorm/mul_1:0=[-1, 8192, 1, 128], 1
2026-01-29 15:13:52,704 - tf2onnx.graph - DEBUG - Making node: Name=point_net_1/s2_l2_128_convolution_layer_1/batch_normalization_34_1/batchnorm/mul_1__248, OP=Transpose
2026-01-29 15:13:52,705 - tf2onnx.graph - DEBUG - Infer shape and dtype for [point_net_1/s2_l2_128_convolution_layer_1/batch_normalization_34_1/batchnorm/mul_1__248]
2026-01-29 15:13:52,705 - tf2onnx.graph - DEBUG - Set dtype of [point_net_1/s2_l2_128_convolution_layer_1/batch_normalization_34_1/batchnorm/mul_1__248:0] to 1
2026-01-29 15:13:52,705 - tf2onnx.graph - DEBUG - Set shape of [point_net_1/s2_l2_128_convolution_layer_1/batch_normalization_34_1/batchnorm/mul_1__248:0] to [64, 1, 8192, -1]
2026-01-29 15:13:52,705 - tf2onnx.graph - DEBUG - Made node: point_net_1/s2_l2_128_convolution_layer_1/batch_normalization_34_1/batchnorm/mul_1__248
OP=Transpose
Name=point_net_1/s2_l2_128_convolution_layer_1/batch_normalization_34_1/batchnorm/mul_1__248
Inputs:
	point_net_1/s2_l1_64_convolution_layer_1/Relu:0=Relu, [-1, 8192, 1, 64], 1
Outpus:
	point_net_1/s2_l2_128_convolution_layer_1/batch_normalization_34_1/batchnorm/mul_1__248:0=[64, 1, 8192, -1], 1
2026-01-29 15:13:52,706 - tf2onnx.graph - DEBUG - Making node: Name=point_net_1/s2_l2_128_convolution_layer_1/batch_normalization_34_1/batchnorm/mul_1__250, OP=Transpose
2026-01-29 15:13:52,706 - tf2onnx.graph - DEBUG - Infer shape and dtype for [point_net_1/s2_l2_128_convolution_layer_1/batch_normalization_34_1/batchnorm/mul_1__250]
2026-01-29 15:13:52,706 - tf2onnx.graph - DEBUG - Set dtype of [point_net_1/s2_l2_128_convolution_layer_1/batch_normalization_34_1/batchnorm/mul_1__250:0] to 1
2026-01-29 15:13:52,707 - tf2onnx.graph - DEBUG - Set shape of [point_net_1/s2_l2_128_convolution_layer_1/batch_normalization_34_1/batchnorm/mul_1__250:0] to [128, 1, 8192, -1]
2026-01-29 15:13:52,707 - tf2onnx.graph - DEBUG - Made node: point_net_1/s2_l2_128_convolution_layer_1/batch_normalization_34_1/batchnorm/mul_1__250
OP=Transpose
Name=point_net_1/s2_l2_128_convolution_layer_1/batch_normalization_34_1/batchnorm/mul_1__250
Inputs:
	point_net_1/s2_l2_128_convolution_layer_1/batch_normalization_34_1/batchnorm/mul_1:0=Conv, [-1, 8192, 1, 128], 1
Outpus:
	point_net_1/s2_l2_128_convolution_layer_1/batch_normalization_34_1/batchnorm/mul_1__250:0=[128, 1, 8192, -1], 1
2026-01-29 15:13:52,707 - tf2onnx.tfonnx - DEBUG - Process node: point_net_1/s2_l2_128_convolution_layer_1/batch_normalization_34_1/batchnorm/add_1
OP=AddV2
Name=point_net_1/s2_l2_128_convolution_layer_1/batch_normalization_34_1/batchnorm/add_1
Inputs:
	point_net_1/s2_l2_128_convolution_layer_1/batch_normalization_34_1/batchnorm/mul_1__250:0=Transpose, [-1, 8192, 1, 128], 1
	point_net_1/s2_l2_128_convolution_layer_1/batch_normalization_34_1/batchnorm/sub:0=Const, [128], 1
Outpus:
	point_net_1/s2_l2_128_convolution_layer_1/batch_normalization_34_1/batchnorm/add_1:0=[-1, 8192, 1, 128], 1
2026-01-29 15:13:52,707 - tf2onnx.tfonnx - DEBUG - Process node: point_net_1/s2_l2_128_convolution_layer_1/Relu
OP=Relu
Name=point_net_1/s2_l2_128_convolution_layer_1/Relu
Inputs:
	point_net_1/s2_l2_128_convolution_layer_1/batch_normalization_34_1/batchnorm/add_1:0=Add, [-1, 8192, 1, 128], 1
Outpus:
	point_net_1/s2_l2_128_convolution_layer_1/Relu:0=[-1, 8192, 1, 128], 1
2026-01-29 15:13:52,708 - tf2onnx.tfonnx - DEBUG - Process node: point_net_1/s2_l3_1024_convolution_layer_1/batch_normalization_35_1/batchnorm/mul_1
OP=Conv2D
Name=point_net_1/s2_l3_1024_convolution_layer_1/batch_normalization_35_1/batchnorm/mul_1
Inputs:
	point_net_1/s2_l2_128_convolution_layer_1/Relu:0=Relu, [-1, 8192, 1, 128], 1
	point_net_1/s2_l3_1024_convolution_layer_1/s2_l3_1024_convolution_layer_1/convolution/merged_input:0=Const, [1, 1, 128, 1024], 1
Outpus:
	point_net_1/s2_l3_1024_convolution_layer_1/batch_normalization_35_1/batchnorm/mul_1:0=[-1, 8192, 1, 1024], 1
2026-01-29 15:13:52,708 - tf2onnx.graph - DEBUG - Making node: Name=point_net_1/s2_l3_1024_convolution_layer_1/batch_normalization_35_1/batchnorm/mul_1__252, OP=Transpose
2026-01-29 15:13:52,708 - tf2onnx.graph - DEBUG - Infer shape and dtype for [point_net_1/s2_l3_1024_convolution_layer_1/batch_normalization_35_1/batchnorm/mul_1__252]
2026-01-29 15:13:52,709 - tf2onnx.graph - DEBUG - Set dtype of [point_net_1/s2_l3_1024_convolution_layer_1/batch_normalization_35_1/batchnorm/mul_1__252:0] to 1
2026-01-29 15:13:52,709 - tf2onnx.graph - DEBUG - Set shape of [point_net_1/s2_l3_1024_convolution_layer_1/batch_normalization_35_1/batchnorm/mul_1__252:0] to [128, 1, 8192, -1]
2026-01-29 15:13:52,709 - tf2onnx.graph - DEBUG - Made node: point_net_1/s2_l3_1024_convolution_layer_1/batch_normalization_35_1/batchnorm/mul_1__252
OP=Transpose
Name=point_net_1/s2_l3_1024_convolution_layer_1/batch_normalization_35_1/batchnorm/mul_1__252
Inputs:
	point_net_1/s2_l2_128_convolution_layer_1/Relu:0=Relu, [-1, 8192, 1, 128], 1
Outpus:
	point_net_1/s2_l3_1024_convolution_layer_1/batch_normalization_35_1/batchnorm/mul_1__252:0=[128, 1, 8192, -1], 1
2026-01-29 15:13:52,710 - tf2onnx.graph - DEBUG - Making node: Name=point_net_1/s2_l3_1024_convolution_layer_1/batch_normalization_35_1/batchnorm/mul_1__254, OP=Transpose
2026-01-29 15:13:52,710 - tf2onnx.graph - DEBUG - Infer shape and dtype for [point_net_1/s2_l3_1024_convolution_layer_1/batch_normalization_35_1/batchnorm/mul_1__254]
2026-01-29 15:13:52,710 - tf2onnx.graph - DEBUG - Set dtype of [point_net_1/s2_l3_1024_convolution_layer_1/batch_normalization_35_1/batchnorm/mul_1__254:0] to 1
2026-01-29 15:13:52,711 - tf2onnx.graph - DEBUG - Set shape of [point_net_1/s2_l3_1024_convolution_layer_1/batch_normalization_35_1/batchnorm/mul_1__254:0] to [1024, 1, 8192, -1]
2026-01-29 15:13:52,711 - tf2onnx.graph - DEBUG - Made node: point_net_1/s2_l3_1024_convolution_layer_1/batch_normalization_35_1/batchnorm/mul_1__254
OP=Transpose
Name=point_net_1/s2_l3_1024_convolution_layer_1/batch_normalization_35_1/batchnorm/mul_1__254
Inputs:
	point_net_1/s2_l3_1024_convolution_layer_1/batch_normalization_35_1/batchnorm/mul_1:0=Conv, [-1, 8192, 1, 1024], 1
Outpus:
	point_net_1/s2_l3_1024_convolution_layer_1/batch_normalization_35_1/batchnorm/mul_1__254:0=[1024, 1, 8192, -1], 1
2026-01-29 15:13:52,711 - tf2onnx.tfonnx - DEBUG - Process node: point_net_1/s2_l3_1024_convolution_layer_1/batch_normalization_35_1/batchnorm/add_1
OP=AddV2
Name=point_net_1/s2_l3_1024_convolution_layer_1/batch_normalization_35_1/batchnorm/add_1
Inputs:
	point_net_1/s2_l3_1024_convolution_layer_1/batch_normalization_35_1/batchnorm/mul_1__254:0=Transpose, [-1, 8192, 1, 1024], 1
	point_net_1/s2_l3_1024_convolution_layer_1/batch_normalization_35_1/batchnorm/sub:0=Const, [1024], 1
Outpus:
	point_net_1/s2_l3_1024_convolution_layer_1/batch_normalization_35_1/batchnorm/add_1:0=[-1, 8192, 1, 1024], 1
2026-01-29 15:13:52,712 - tf2onnx.tfonnx - DEBUG - Process node: point_net_1/s2_l3_1024_convolution_layer_1/Relu
OP=Relu
Name=point_net_1/s2_l3_1024_convolution_layer_1/Relu
Inputs:
	point_net_1/s2_l3_1024_convolution_layer_1/batch_normalization_35_1/batchnorm/add_1:0=Add, [-1, 8192, 1, 1024], 1
Outpus:
	point_net_1/s2_l3_1024_convolution_layer_1/Relu:0=[-1, 8192, 1, 1024], 1
2026-01-29 15:13:52,712 - tf2onnx.tfonnx - DEBUG - Process node: point_net_1/Squeeze_1
OP=Squeeze
Name=point_net_1/Squeeze_1
Inputs:
	point_net_1/s2_l3_1024_convolution_layer_1/Relu:0=Relu, [-1, 8192, 1, 1024], 1
Outpus:
	point_net_1/Squeeze_1:0=[-1, 8192, 1024], 1
2026-01-29 15:13:52,712 - tf2onnx.graph - DEBUG - Making node: Name=axes_const__256, OP=Const
2026-01-29 15:13:52,712 - tf2onnx.graph - DEBUG - Made node: axes_const__256
OP=Const
Name=axes_const__256
Outpus:
	axes_const__256=None, 7
2026-01-29 15:13:52,713 - tf2onnx.tfonnx - DEBUG - Process node: point_net_1/Max
OP=Max
Name=point_net_1/Max
Inputs:
	point_net_1/Squeeze_1:0=Squeeze, [-1, 8192, 1024], 1
	point_net_1/Max/reduction_indices:0=Const, [], 6
Outpus:
	point_net_1/Max:0=[-1, 1024], 1
2026-01-29 15:13:52,713 - tf2onnx.tfonnx - DEBUG - Process node: point_net_1/s3_l1_512_dense_layer_1/s3_l1_512_dense_layer_1/MatMul
OP=MatMul
Name=point_net_1/s3_l1_512_dense_layer_1/s3_l1_512_dense_layer_1/MatMul
Inputs:
	point_net_1/Max:0=ReduceMax, [-1, 1024], 1
	point_net_1/s3_l1_512_dense_layer_1/s3_l1_512_dense_layer_1/Cast/ReadVariableOp:0=Const, [1024, 512], 1
Outpus:
	point_net_1/s3_l1_512_dense_layer_1/s3_l1_512_dense_layer_1/MatMul:0=[-1, 512], 1
2026-01-29 15:13:52,714 - tf2onnx.tfonnx - DEBUG - Process node: point_net_1/s3_l1_512_dense_layer_1/batch_normalization_36_1/batchnorm/mul_1
OP=Mul
Name=point_net_1/s3_l1_512_dense_layer_1/batch_normalization_36_1/batchnorm/mul_1
Inputs:
	point_net_1/s3_l1_512_dense_layer_1/s3_l1_512_dense_layer_1/MatMul:0=MatMul, [-1, 512], 1
	point_net_1/s3_l1_512_dense_layer_1/batch_normalization_36_1/batchnorm/mul:0=Const, [512], 1
Outpus:
	point_net_1/s3_l1_512_dense_layer_1/batch_normalization_36_1/batchnorm/mul_1:0=[-1, 512], 1
2026-01-29 15:13:52,714 - tf2onnx.tfonnx - DEBUG - Process node: point_net_1/s3_l1_512_dense_layer_1/batch_normalization_36_1/batchnorm/add_1
OP=AddV2
Name=point_net_1/s3_l1_512_dense_layer_1/batch_normalization_36_1/batchnorm/add_1
Inputs:
	point_net_1/s3_l1_512_dense_layer_1/batch_normalization_36_1/batchnorm/mul_1:0=Mul, [-1, 512], 1
	point_net_1/s3_l1_512_dense_layer_1/batch_normalization_36_1/batchnorm/sub:0=Const, [512], 1
Outpus:
	point_net_1/s3_l1_512_dense_layer_1/batch_normalization_36_1/batchnorm/add_1:0=[-1, 512], 1
2026-01-29 15:13:52,714 - tf2onnx.tfonnx - DEBUG - Process node: point_net_1/s3_l1_512_dense_layer_1/Relu
OP=Relu
Name=point_net_1/s3_l1_512_dense_layer_1/Relu
Inputs:
	point_net_1/s3_l1_512_dense_layer_1/batch_normalization_36_1/batchnorm/add_1:0=Add, [-1, 512], 1
Outpus:
	point_net_1/s3_l1_512_dense_layer_1/Relu:0=[-1, 512], 1
2026-01-29 15:13:52,715 - tf2onnx.tfonnx - DEBUG - Process node: point_net_1/s3_l2_256_dense_layer_1/s3_l2_256_dense_layer_1/MatMul
OP=MatMul
Name=point_net_1/s3_l2_256_dense_layer_1/s3_l2_256_dense_layer_1/MatMul
Inputs:
	point_net_1/s3_l1_512_dense_layer_1/Relu:0=Relu, [-1, 512], 1
	point_net_1/s3_l2_256_dense_layer_1/s3_l2_256_dense_layer_1/Cast/ReadVariableOp:0=Const, [512, 256], 1
Outpus:
	point_net_1/s3_l2_256_dense_layer_1/s3_l2_256_dense_layer_1/MatMul:0=[-1, 256], 1
2026-01-29 15:13:52,715 - tf2onnx.tfonnx - DEBUG - Process node: point_net_1/s3_l2_256_dense_layer_1/batch_normalization_37_1/batchnorm/mul_1
OP=Mul
Name=point_net_1/s3_l2_256_dense_layer_1/batch_normalization_37_1/batchnorm/mul_1
Inputs:
	point_net_1/s3_l2_256_dense_layer_1/s3_l2_256_dense_layer_1/MatMul:0=MatMul, [-1, 256], 1
	point_net_1/s3_l2_256_dense_layer_1/batch_normalization_37_1/batchnorm/mul:0=Const, [256], 1
Outpus:
	point_net_1/s3_l2_256_dense_layer_1/batch_normalization_37_1/batchnorm/mul_1:0=[-1, 256], 1
2026-01-29 15:13:52,715 - tf2onnx.tfonnx - DEBUG - Process node: point_net_1/s3_l2_256_dense_layer_1/batch_normalization_37_1/batchnorm/add_1
OP=AddV2
Name=point_net_1/s3_l2_256_dense_layer_1/batch_normalization_37_1/batchnorm/add_1
Inputs:
	point_net_1/s3_l2_256_dense_layer_1/batch_normalization_37_1/batchnorm/mul_1:0=Mul, [-1, 256], 1
	point_net_1/s3_l2_256_dense_layer_1/batch_normalization_37_1/batchnorm/sub:0=Const, [256], 1
Outpus:
	point_net_1/s3_l2_256_dense_layer_1/batch_normalization_37_1/batchnorm/add_1:0=[-1, 256], 1
2026-01-29 15:13:52,715 - tf2onnx.tfonnx - DEBUG - Process node: point_net_1/s3_l2_256_dense_layer_1/Relu
OP=Relu
Name=point_net_1/s3_l2_256_dense_layer_1/Relu
Inputs:
	point_net_1/s3_l2_256_dense_layer_1/batch_normalization_37_1/batchnorm/add_1:0=Add, [-1, 256], 1
Outpus:
	point_net_1/s3_l2_256_dense_layer_1/Relu:0=[-1, 256], 1
2026-01-29 15:13:52,716 - tf2onnx.tfonnx - DEBUG - Process node: point_net_1/output_dense_layer_1/output_dense_layer_1/MatMul
OP=MatMul
Name=point_net_1/output_dense_layer_1/output_dense_layer_1/MatMul
Inputs:
	point_net_1/s3_l2_256_dense_layer_1/Relu:0=Relu, [-1, 256], 1
	point_net_1/output_dense_layer_1/output_dense_layer_1/Cast/ReadVariableOp:0=Const, [256, 23], 1
Outpus:
	point_net_1/output_dense_layer_1/output_dense_layer_1/MatMul:0=[-1, 23], 1
2026-01-29 15:13:52,716 - tf2onnx.tfonnx - DEBUG - Process node: point_net_1/output_dense_layer_1/output_dense_layer_1/BiasAdd
OP=BiasAdd
Name=point_net_1/output_dense_layer_1/output_dense_layer_1/BiasAdd
Inputs:
	point_net_1/output_dense_layer_1/output_dense_layer_1/MatMul:0=MatMul, [-1, 23], 1
	point_net_1/output_dense_layer_1/output_dense_layer_1/BiasAdd/ReadVariableOp:0=Const, [23], 1
Outpus:
	point_net_1/output_dense_layer_1/output_dense_layer_1/BiasAdd:0=[-1, 23], 1
2026-01-29 15:13:52,716 - tf2onnx.tfonnx - DEBUG - Process node: point_net_1/output_dense_layer_1/Softmax
OP=Softmax
Name=point_net_1/output_dense_layer_1/Softmax
Inputs:
	point_net_1/output_dense_layer_1/output_dense_layer_1/BiasAdd:0=Add, [-1, 23], 1
Outpus:
	point_net_1/output_dense_layer_1/Softmax:0=[-1, 23], 1
2026-01-29 15:13:52,717 - tf2onnx.tfonnx - DEBUG - Process node: point_net_1/ExpandDims_2
OP=ExpandDims
Name=point_net_1/ExpandDims_2
Inputs:
	point_net_1/Max:0=ReduceMax, [-1, 1024], 1
	point_net_1/ExpandDims_2/dim:0=Const, [], 6
Outpus:
	point_net_1/ExpandDims_2:0=[-1, 1, 1024], 1
2026-01-29 15:13:52,717 - tf2onnx.graph - DEBUG - Making node: Name=point_net_1/ExpandDims_2__257, OP=Cast
2026-01-29 15:13:52,717 - tf2onnx.graph - DEBUG - Infer shape and dtype for [point_net_1/ExpandDims_2__257]
2026-01-29 15:13:52,718 - tf2onnx.graph - DEBUG - Set dtype of [point_net_1/ExpandDims_2__257:0] to 7
2026-01-29 15:13:52,718 - tf2onnx.graph - DEBUG - Set shape of [point_net_1/ExpandDims_2__257:0] to []
2026-01-29 15:13:52,718 - tf2onnx.graph - DEBUG - Made node: point_net_1/ExpandDims_2__257
OP=Cast
Name=point_net_1/ExpandDims_2__257
Inputs:
	point_net_1/ExpandDims_2/dim:0=Const, [], 6
Outpus:
	point_net_1/ExpandDims_2__257:0=[], 7
2026-01-29 15:13:52,718 - tf2onnx.graph - DEBUG - Making node: Name=reshape_const__258, OP=Const
2026-01-29 15:13:52,719 - tf2onnx.graph - DEBUG - Made node: reshape_const__258
OP=Const
Name=reshape_const__258
Outpus:
	reshape_const__258=None, 7
2026-01-29 15:13:52,719 - tf2onnx.graph - DEBUG - Making node: Name=Reshape__259, OP=Reshape
2026-01-29 15:13:52,719 - tf2onnx.graph - DEBUG - Infer shape and dtype for [Reshape__259]
2026-01-29 15:13:52,719 - tf2onnx.graph - DEBUG - Set dtype of [Reshape__259:0] to 7
2026-01-29 15:13:52,720 - tf2onnx.graph - DEBUG - Set shape of [Reshape__259:0] to [1]
2026-01-29 15:13:52,720 - tf2onnx.graph - DEBUG - Made node: Reshape__259
OP=Reshape
Name=Reshape__259
Inputs:
	point_net_1/ExpandDims_2__257:0=Cast, [], 7
	reshape_const__258=Const, [1], 7
Outpus:
	Reshape__259:0=[1], 7
2026-01-29 15:13:52,720 - tf2onnx.tfonnx - DEBUG - Process node: point_net_1/Tile
OP=Tile
Name=point_net_1/Tile
Inputs:
	point_net_1/ExpandDims_2:0=Unsqueeze, [-1, 1, 1024], 1
	point_net_1/Tile/multiples:0=Const, [3], 6
Outpus:
	point_net_1/Tile:0=[-1, 8192, 1024], 1
2026-01-29 15:13:52,720 - tf2onnx.graph - DEBUG - Making node: Name=point_net_1/Tile__260, OP=Cast
2026-01-29 15:13:52,720 - tf2onnx.graph - DEBUG - Infer shape and dtype for [point_net_1/Tile__260]
2026-01-29 15:13:52,721 - tf2onnx.graph - DEBUG - Set dtype of [point_net_1/Tile__260:0] to 7
2026-01-29 15:13:52,721 - tf2onnx.graph - DEBUG - Set shape of [point_net_1/Tile__260:0] to [3]
2026-01-29 15:13:52,721 - tf2onnx.graph - DEBUG - Made node: point_net_1/Tile__260
OP=Cast
Name=point_net_1/Tile__260
Inputs:
	point_net_1/Tile/multiples:0=Const, [3], 6
Outpus:
	point_net_1/Tile__260:0=[3], 7
2026-01-29 15:13:52,721 - tf2onnx.tfonnx - DEBUG - Process node: point_net_1/concat
OP=ConcatV2
Name=point_net_1/concat
Inputs:
	point_net_1/MatMul_1:0=MatMul, [-1, 8192, 64], 1
	point_net_1/Tile:0=Tile, [-1, 8192, 1024], 1
	point_net_1/concat/axis:0=Const, [], 6
Outpus:
	point_net_1/concat:0=[-1, 8192, 1088], 1
2026-01-29 15:13:52,722 - tf2onnx.tfonnx - DEBUG - Process node: point_net_1/ExpandDims_3
OP=ExpandDims
Name=point_net_1/ExpandDims_3
Inputs:
	point_net_1/concat:0=Concat, [-1, 8192, 1088], 1
	point_net_1/ExpandDims_3/dim:0=Const, [], 6
Outpus:
	point_net_1/ExpandDims_3:0=[-1, 8192, 1, 1088], 1
2026-01-29 15:13:52,722 - tf2onnx.graph - DEBUG - Making node: Name=point_net_1/ExpandDims_3__261, OP=Cast
2026-01-29 15:13:52,722 - tf2onnx.graph - DEBUG - Infer shape and dtype for [point_net_1/ExpandDims_3__261]
2026-01-29 15:13:52,722 - tf2onnx.graph - DEBUG - Set dtype of [point_net_1/ExpandDims_3__261:0] to 7
2026-01-29 15:13:52,723 - tf2onnx.graph - DEBUG - Set shape of [point_net_1/ExpandDims_3__261:0] to []
2026-01-29 15:13:52,723 - tf2onnx.graph - DEBUG - Made node: point_net_1/ExpandDims_3__261
OP=Cast
Name=point_net_1/ExpandDims_3__261
Inputs:
	point_net_1/ExpandDims_3/dim:0=Const, [], 6
Outpus:
	point_net_1/ExpandDims_3__261:0=[], 7
2026-01-29 15:13:52,723 - tf2onnx.graph - DEBUG - Making node: Name=reshape_const__262, OP=Const
2026-01-29 15:13:52,723 - tf2onnx.graph - DEBUG - Made node: reshape_const__262
OP=Const
Name=reshape_const__262
Outpus:
	reshape_const__262=None, 7
2026-01-29 15:13:52,724 - tf2onnx.graph - DEBUG - Making node: Name=Reshape__263, OP=Reshape
2026-01-29 15:13:52,724 - tf2onnx.graph - DEBUG - Infer shape and dtype for [Reshape__263]
2026-01-29 15:13:52,724 - tf2onnx.graph - DEBUG - Set dtype of [Reshape__263:0] to 7
2026-01-29 15:13:52,724 - tf2onnx.graph - DEBUG - Set shape of [Reshape__263:0] to [1]
2026-01-29 15:13:52,725 - tf2onnx.graph - DEBUG - Made node: Reshape__263
OP=Reshape
Name=Reshape__263
Inputs:
	point_net_1/ExpandDims_3__261:0=Cast, [], 7
	reshape_const__262=Const, [1], 7
Outpus:
	Reshape__263:0=[1], 7
2026-01-29 15:13:52,725 - tf2onnx.tfonnx - DEBUG - Process node: point_net_1/seg_l1_512_convolution_layer_1/batch_normalization_38_1/batchnorm/mul_1
OP=Conv2D
Name=point_net_1/seg_l1_512_convolution_layer_1/batch_normalization_38_1/batchnorm/mul_1
Inputs:
	point_net_1/ExpandDims_3:0=Unsqueeze, [-1, 8192, 1, 1088], 1
	point_net_1/seg_l1_512_convolution_layer_1/seg_l1_512_convolution_layer_1/convolution/merged_input:0=Const, [1, 1, 1088, 512], 1
Outpus:
	point_net_1/seg_l1_512_convolution_layer_1/batch_normalization_38_1/batchnorm/mul_1:0=[-1, 8192, 1, 512], 1
2026-01-29 15:13:52,725 - tf2onnx.graph - DEBUG - Making node: Name=point_net_1/seg_l1_512_convolution_layer_1/batch_normalization_38_1/batchnorm/mul_1__264, OP=Transpose
2026-01-29 15:13:52,725 - tf2onnx.graph - DEBUG - Infer shape and dtype for [point_net_1/seg_l1_512_convolution_layer_1/batch_normalization_38_1/batchnorm/mul_1__264]
2026-01-29 15:13:52,726 - tf2onnx.graph - DEBUG - Set dtype of [point_net_1/seg_l1_512_convolution_layer_1/batch_normalization_38_1/batchnorm/mul_1__264:0] to 1
2026-01-29 15:13:52,726 - tf2onnx.graph - DEBUG - Set shape of [point_net_1/seg_l1_512_convolution_layer_1/batch_normalization_38_1/batchnorm/mul_1__264:0] to [1088, 1, 8192, -1]
2026-01-29 15:13:52,726 - tf2onnx.graph - DEBUG - Made node: point_net_1/seg_l1_512_convolution_layer_1/batch_normalization_38_1/batchnorm/mul_1__264
OP=Transpose
Name=point_net_1/seg_l1_512_convolution_layer_1/batch_normalization_38_1/batchnorm/mul_1__264
Inputs:
	point_net_1/ExpandDims_3:0=Unsqueeze, [-1, 8192, 1, 1088], 1
Outpus:
	point_net_1/seg_l1_512_convolution_layer_1/batch_normalization_38_1/batchnorm/mul_1__264:0=[1088, 1, 8192, -1], 1
2026-01-29 15:13:52,731 - tf2onnx.graph - DEBUG - Making node: Name=point_net_1/seg_l1_512_convolution_layer_1/batch_normalization_38_1/batchnorm/mul_1__266, OP=Transpose
2026-01-29 15:13:52,731 - tf2onnx.graph - DEBUG - Infer shape and dtype for [point_net_1/seg_l1_512_convolution_layer_1/batch_normalization_38_1/batchnorm/mul_1__266]
2026-01-29 15:13:52,732 - tf2onnx.graph - DEBUG - Set dtype of [point_net_1/seg_l1_512_convolution_layer_1/batch_normalization_38_1/batchnorm/mul_1__266:0] to 1
2026-01-29 15:13:52,732 - tf2onnx.graph - DEBUG - Set shape of [point_net_1/seg_l1_512_convolution_layer_1/batch_normalization_38_1/batchnorm/mul_1__266:0] to [512, 1, 8192, -1]
2026-01-29 15:13:52,732 - tf2onnx.graph - DEBUG - Made node: point_net_1/seg_l1_512_convolution_layer_1/batch_normalization_38_1/batchnorm/mul_1__266
OP=Transpose
Name=point_net_1/seg_l1_512_convolution_layer_1/batch_normalization_38_1/batchnorm/mul_1__266
Inputs:
	point_net_1/seg_l1_512_convolution_layer_1/batch_normalization_38_1/batchnorm/mul_1:0=Conv, [-1, 8192, 1, 512], 1
Outpus:
	point_net_1/seg_l1_512_convolution_layer_1/batch_normalization_38_1/batchnorm/mul_1__266:0=[512, 1, 8192, -1], 1
2026-01-29 15:13:52,733 - tf2onnx.tfonnx - DEBUG - Process node: point_net_1/seg_l1_512_convolution_layer_1/batch_normalization_38_1/batchnorm/add_1
OP=AddV2
Name=point_net_1/seg_l1_512_convolution_layer_1/batch_normalization_38_1/batchnorm/add_1
Inputs:
	point_net_1/seg_l1_512_convolution_layer_1/batch_normalization_38_1/batchnorm/mul_1__266:0=Transpose, [-1, 8192, 1, 512], 1
	point_net_1/seg_l1_512_convolution_layer_1/batch_normalization_38_1/batchnorm/sub:0=Const, [512], 1
Outpus:
	point_net_1/seg_l1_512_convolution_layer_1/batch_normalization_38_1/batchnorm/add_1:0=[-1, 8192, 1, 512], 1
2026-01-29 15:13:52,733 - tf2onnx.tfonnx - DEBUG - Process node: point_net_1/seg_l1_512_convolution_layer_1/Relu
OP=Relu
Name=point_net_1/seg_l1_512_convolution_layer_1/Relu
Inputs:
	point_net_1/seg_l1_512_convolution_layer_1/batch_normalization_38_1/batchnorm/add_1:0=Add, [-1, 8192, 1, 512], 1
Outpus:
	point_net_1/seg_l1_512_convolution_layer_1/Relu:0=[-1, 8192, 1, 512], 1
2026-01-29 15:13:52,733 - tf2onnx.tfonnx - DEBUG - Process node: point_net_1/seg_l2_256_convolution_layer_1/batch_normalization_39_1/batchnorm/mul_1
OP=Conv2D
Name=point_net_1/seg_l2_256_convolution_layer_1/batch_normalization_39_1/batchnorm/mul_1
Inputs:
	point_net_1/seg_l1_512_convolution_layer_1/Relu:0=Relu, [-1, 8192, 1, 512], 1
	point_net_1/seg_l2_256_convolution_layer_1/seg_l2_256_convolution_layer_1/convolution/merged_input:0=Const, [1, 1, 512, 256], 1
Outpus:
	point_net_1/seg_l2_256_convolution_layer_1/batch_normalization_39_1/batchnorm/mul_1:0=[-1, 8192, 1, 256], 1
2026-01-29 15:13:52,733 - tf2onnx.graph - DEBUG - Making node: Name=point_net_1/seg_l2_256_convolution_layer_1/batch_normalization_39_1/batchnorm/mul_1__268, OP=Transpose
2026-01-29 15:13:52,734 - tf2onnx.graph - DEBUG - Infer shape and dtype for [point_net_1/seg_l2_256_convolution_layer_1/batch_normalization_39_1/batchnorm/mul_1__268]
2026-01-29 15:13:52,734 - tf2onnx.graph - DEBUG - Set dtype of [point_net_1/seg_l2_256_convolution_layer_1/batch_normalization_39_1/batchnorm/mul_1__268:0] to 1
2026-01-29 15:13:52,734 - tf2onnx.graph - DEBUG - Set shape of [point_net_1/seg_l2_256_convolution_layer_1/batch_normalization_39_1/batchnorm/mul_1__268:0] to [512, 1, 8192, -1]
2026-01-29 15:13:52,734 - tf2onnx.graph - DEBUG - Made node: point_net_1/seg_l2_256_convolution_layer_1/batch_normalization_39_1/batchnorm/mul_1__268
OP=Transpose
Name=point_net_1/seg_l2_256_convolution_layer_1/batch_normalization_39_1/batchnorm/mul_1__268
Inputs:
	point_net_1/seg_l1_512_convolution_layer_1/Relu:0=Relu, [-1, 8192, 1, 512], 1
Outpus:
	point_net_1/seg_l2_256_convolution_layer_1/batch_normalization_39_1/batchnorm/mul_1__268:0=[512, 1, 8192, -1], 1
2026-01-29 15:13:52,735 - tf2onnx.graph - DEBUG - Making node: Name=point_net_1/seg_l2_256_convolution_layer_1/batch_normalization_39_1/batchnorm/mul_1__270, OP=Transpose
2026-01-29 15:13:52,735 - tf2onnx.graph - DEBUG - Infer shape and dtype for [point_net_1/seg_l2_256_convolution_layer_1/batch_normalization_39_1/batchnorm/mul_1__270]
2026-01-29 15:13:52,736 - tf2onnx.graph - DEBUG - Set dtype of [point_net_1/seg_l2_256_convolution_layer_1/batch_normalization_39_1/batchnorm/mul_1__270:0] to 1
2026-01-29 15:13:52,736 - tf2onnx.graph - DEBUG - Set shape of [point_net_1/seg_l2_256_convolution_layer_1/batch_normalization_39_1/batchnorm/mul_1__270:0] to [256, 1, 8192, -1]
2026-01-29 15:13:52,736 - tf2onnx.graph - DEBUG - Made node: point_net_1/seg_l2_256_convolution_layer_1/batch_normalization_39_1/batchnorm/mul_1__270
OP=Transpose
Name=point_net_1/seg_l2_256_convolution_layer_1/batch_normalization_39_1/batchnorm/mul_1__270
Inputs:
	point_net_1/seg_l2_256_convolution_layer_1/batch_normalization_39_1/batchnorm/mul_1:0=Conv, [-1, 8192, 1, 256], 1
Outpus:
	point_net_1/seg_l2_256_convolution_layer_1/batch_normalization_39_1/batchnorm/mul_1__270:0=[256, 1, 8192, -1], 1
2026-01-29 15:13:52,737 - tf2onnx.tfonnx - DEBUG - Process node: point_net_1/seg_l2_256_convolution_layer_1/batch_normalization_39_1/batchnorm/add_1
OP=AddV2
Name=point_net_1/seg_l2_256_convolution_layer_1/batch_normalization_39_1/batchnorm/add_1
Inputs:
	point_net_1/seg_l2_256_convolution_layer_1/batch_normalization_39_1/batchnorm/mul_1__270:0=Transpose, [-1, 8192, 1, 256], 1
	point_net_1/seg_l2_256_convolution_layer_1/batch_normalization_39_1/batchnorm/sub:0=Const, [256], 1
Outpus:
	point_net_1/seg_l2_256_convolution_layer_1/batch_normalization_39_1/batchnorm/add_1:0=[-1, 8192, 1, 256], 1
2026-01-29 15:13:52,737 - tf2onnx.tfonnx - DEBUG - Process node: point_net_1/seg_l2_256_convolution_layer_1/Relu
OP=Relu
Name=point_net_1/seg_l2_256_convolution_layer_1/Relu
Inputs:
	point_net_1/seg_l2_256_convolution_layer_1/batch_normalization_39_1/batchnorm/add_1:0=Add, [-1, 8192, 1, 256], 1
Outpus:
	point_net_1/seg_l2_256_convolution_layer_1/Relu:0=[-1, 8192, 1, 256], 1
2026-01-29 15:13:52,737 - tf2onnx.tfonnx - DEBUG - Process node: point_net_1/seg_l3_128_convolution_layer_1/batch_normalization_40_1/batchnorm/mul_1
OP=Conv2D
Name=point_net_1/seg_l3_128_convolution_layer_1/batch_normalization_40_1/batchnorm/mul_1
Inputs:
	point_net_1/seg_l2_256_convolution_layer_1/Relu:0=Relu, [-1, 8192, 1, 256], 1
	point_net_1/seg_l3_128_convolution_layer_1/seg_l3_128_convolution_layer_1/convolution/merged_input:0=Const, [1, 1, 256, 128], 1
Outpus:
	point_net_1/seg_l3_128_convolution_layer_1/batch_normalization_40_1/batchnorm/mul_1:0=[-1, 8192, 1, 128], 1
2026-01-29 15:13:52,737 - tf2onnx.graph - DEBUG - Making node: Name=point_net_1/seg_l3_128_convolution_layer_1/batch_normalization_40_1/batchnorm/mul_1__272, OP=Transpose
2026-01-29 15:13:52,738 - tf2onnx.graph - DEBUG - Infer shape and dtype for [point_net_1/seg_l3_128_convolution_layer_1/batch_normalization_40_1/batchnorm/mul_1__272]
2026-01-29 15:13:52,738 - tf2onnx.graph - DEBUG - Set dtype of [point_net_1/seg_l3_128_convolution_layer_1/batch_normalization_40_1/batchnorm/mul_1__272:0] to 1
2026-01-29 15:13:52,738 - tf2onnx.graph - DEBUG - Set shape of [point_net_1/seg_l3_128_convolution_layer_1/batch_normalization_40_1/batchnorm/mul_1__272:0] to [256, 1, 8192, -1]
2026-01-29 15:13:52,739 - tf2onnx.graph - DEBUG - Made node: point_net_1/seg_l3_128_convolution_layer_1/batch_normalization_40_1/batchnorm/mul_1__272
OP=Transpose
Name=point_net_1/seg_l3_128_convolution_layer_1/batch_normalization_40_1/batchnorm/mul_1__272
Inputs:
	point_net_1/seg_l2_256_convolution_layer_1/Relu:0=Relu, [-1, 8192, 1, 256], 1
Outpus:
	point_net_1/seg_l3_128_convolution_layer_1/batch_normalization_40_1/batchnorm/mul_1__272:0=[256, 1, 8192, -1], 1
2026-01-29 15:13:52,739 - tf2onnx.graph - DEBUG - Making node: Name=point_net_1/seg_l3_128_convolution_layer_1/batch_normalization_40_1/batchnorm/mul_1__274, OP=Transpose
2026-01-29 15:13:52,739 - tf2onnx.graph - DEBUG - Infer shape and dtype for [point_net_1/seg_l3_128_convolution_layer_1/batch_normalization_40_1/batchnorm/mul_1__274]
2026-01-29 15:13:52,740 - tf2onnx.graph - DEBUG - Set dtype of [point_net_1/seg_l3_128_convolution_layer_1/batch_normalization_40_1/batchnorm/mul_1__274:0] to 1
2026-01-29 15:13:52,740 - tf2onnx.graph - DEBUG - Set shape of [point_net_1/seg_l3_128_convolution_layer_1/batch_normalization_40_1/batchnorm/mul_1__274:0] to [128, 1, 8192, -1]
2026-01-29 15:13:52,740 - tf2onnx.graph - DEBUG - Made node: point_net_1/seg_l3_128_convolution_layer_1/batch_normalization_40_1/batchnorm/mul_1__274
OP=Transpose
Name=point_net_1/seg_l3_128_convolution_layer_1/batch_normalization_40_1/batchnorm/mul_1__274
Inputs:
	point_net_1/seg_l3_128_convolution_layer_1/batch_normalization_40_1/batchnorm/mul_1:0=Conv, [-1, 8192, 1, 128], 1
Outpus:
	point_net_1/seg_l3_128_convolution_layer_1/batch_normalization_40_1/batchnorm/mul_1__274:0=[128, 1, 8192, -1], 1
2026-01-29 15:13:52,741 - tf2onnx.tfonnx - DEBUG - Process node: point_net_1/seg_l3_128_convolution_layer_1/batch_normalization_40_1/batchnorm/add_1
OP=AddV2
Name=point_net_1/seg_l3_128_convolution_layer_1/batch_normalization_40_1/batchnorm/add_1
Inputs:
	point_net_1/seg_l3_128_convolution_layer_1/batch_normalization_40_1/batchnorm/mul_1__274:0=Transpose, [-1, 8192, 1, 128], 1
	point_net_1/seg_l3_128_convolution_layer_1/batch_normalization_40_1/batchnorm/sub:0=Const, [128], 1
Outpus:
	point_net_1/seg_l3_128_convolution_layer_1/batch_normalization_40_1/batchnorm/add_1:0=[-1, 8192, 1, 128], 1
2026-01-29 15:13:52,741 - tf2onnx.tfonnx - DEBUG - Process node: point_net_1/seg_l3_128_convolution_layer_1/Relu
OP=Relu
Name=point_net_1/seg_l3_128_convolution_layer_1/Relu
Inputs:
	point_net_1/seg_l3_128_convolution_layer_1/batch_normalization_40_1/batchnorm/add_1:0=Add, [-1, 8192, 1, 128], 1
Outpus:
	point_net_1/seg_l3_128_convolution_layer_1/Relu:0=[-1, 8192, 1, 128], 1
2026-01-29 15:13:52,741 - tf2onnx.tfonnx - DEBUG - Process node: point_net_1/seg_l4_128_convolution_layer_1/batch_normalization_41_1/batchnorm/mul_1
OP=Conv2D
Name=point_net_1/seg_l4_128_convolution_layer_1/batch_normalization_41_1/batchnorm/mul_1
Inputs:
	point_net_1/seg_l3_128_convolution_layer_1/Relu:0=Relu, [-1, 8192, 1, 128], 1
	point_net_1/seg_l4_128_convolution_layer_1/seg_l4_128_convolution_layer_1/convolution/merged_input:0=Const, [1, 1, 128, 128], 1
Outpus:
	point_net_1/seg_l4_128_convolution_layer_1/batch_normalization_41_1/batchnorm/mul_1:0=[-1, 8192, 1, 128], 1
2026-01-29 15:13:52,741 - tf2onnx.graph - DEBUG - Making node: Name=point_net_1/seg_l4_128_convolution_layer_1/batch_normalization_41_1/batchnorm/mul_1__276, OP=Transpose
2026-01-29 15:13:52,742 - tf2onnx.graph - DEBUG - Infer shape and dtype for [point_net_1/seg_l4_128_convolution_layer_1/batch_normalization_41_1/batchnorm/mul_1__276]
2026-01-29 15:13:52,742 - tf2onnx.graph - DEBUG - Set dtype of [point_net_1/seg_l4_128_convolution_layer_1/batch_normalization_41_1/batchnorm/mul_1__276:0] to 1
2026-01-29 15:13:52,742 - tf2onnx.graph - DEBUG - Set shape of [point_net_1/seg_l4_128_convolution_layer_1/batch_normalization_41_1/batchnorm/mul_1__276:0] to [128, 1, 8192, -1]
2026-01-29 15:13:52,742 - tf2onnx.graph - DEBUG - Made node: point_net_1/seg_l4_128_convolution_layer_1/batch_normalization_41_1/batchnorm/mul_1__276
OP=Transpose
Name=point_net_1/seg_l4_128_convolution_layer_1/batch_normalization_41_1/batchnorm/mul_1__276
Inputs:
	point_net_1/seg_l3_128_convolution_layer_1/Relu:0=Relu, [-1, 8192, 1, 128], 1
Outpus:
	point_net_1/seg_l4_128_convolution_layer_1/batch_normalization_41_1/batchnorm/mul_1__276:0=[128, 1, 8192, -1], 1
2026-01-29 15:13:52,743 - tf2onnx.graph - DEBUG - Making node: Name=point_net_1/seg_l4_128_convolution_layer_1/batch_normalization_41_1/batchnorm/mul_1__278, OP=Transpose
2026-01-29 15:13:52,743 - tf2onnx.graph - DEBUG - Infer shape and dtype for [point_net_1/seg_l4_128_convolution_layer_1/batch_normalization_41_1/batchnorm/mul_1__278]
2026-01-29 15:13:52,743 - tf2onnx.graph - DEBUG - Set dtype of [point_net_1/seg_l4_128_convolution_layer_1/batch_normalization_41_1/batchnorm/mul_1__278:0] to 1
2026-01-29 15:13:52,744 - tf2onnx.graph - DEBUG - Set shape of [point_net_1/seg_l4_128_convolution_layer_1/batch_normalization_41_1/batchnorm/mul_1__278:0] to [128, 1, 8192, -1]
2026-01-29 15:13:52,744 - tf2onnx.graph - DEBUG - Made node: point_net_1/seg_l4_128_convolution_layer_1/batch_normalization_41_1/batchnorm/mul_1__278
OP=Transpose
Name=point_net_1/seg_l4_128_convolution_layer_1/batch_normalization_41_1/batchnorm/mul_1__278
Inputs:
	point_net_1/seg_l4_128_convolution_layer_1/batch_normalization_41_1/batchnorm/mul_1:0=Conv, [-1, 8192, 1, 128], 1
Outpus:
	point_net_1/seg_l4_128_convolution_layer_1/batch_normalization_41_1/batchnorm/mul_1__278:0=[128, 1, 8192, -1], 1
2026-01-29 15:13:52,744 - tf2onnx.tfonnx - DEBUG - Process node: point_net_1/seg_l4_128_convolution_layer_1/batch_normalization_41_1/batchnorm/add_1
OP=AddV2
Name=point_net_1/seg_l4_128_convolution_layer_1/batch_normalization_41_1/batchnorm/add_1
Inputs:
	point_net_1/seg_l4_128_convolution_layer_1/batch_normalization_41_1/batchnorm/mul_1__278:0=Transpose, [-1, 8192, 1, 128], 1
	point_net_1/seg_l4_128_convolution_layer_1/batch_normalization_41_1/batchnorm/sub:0=Const, [128], 1
Outpus:
	point_net_1/seg_l4_128_convolution_layer_1/batch_normalization_41_1/batchnorm/add_1:0=[-1, 8192, 1, 128], 1
2026-01-29 15:13:52,744 - tf2onnx.tfonnx - DEBUG - Process node: point_net_1/seg_l4_128_convolution_layer_1/Relu
OP=Relu
Name=point_net_1/seg_l4_128_convolution_layer_1/Relu
Inputs:
	point_net_1/seg_l4_128_convolution_layer_1/batch_normalization_41_1/batchnorm/add_1:0=Add, [-1, 8192, 1, 128], 1
Outpus:
	point_net_1/seg_l4_128_convolution_layer_1/Relu:0=[-1, 8192, 1, 128], 1
2026-01-29 15:13:52,745 - tf2onnx.tfonnx - DEBUG - Process node: point_net_1/seg_l5_output_convolution_layer_1/seg_l5_output_convolution_layer_1/BiasAdd
OP=Conv2D
Name=point_net_1/seg_l5_output_convolution_layer_1/seg_l5_output_convolution_layer_1/BiasAdd
Inputs:
	point_net_1/seg_l4_128_convolution_layer_1/Relu:0=Relu, [-1, 8192, 1, 128], 1
	point_net_1/seg_l5_output_convolution_layer_1/seg_l5_output_convolution_layer_1/convolution/ReadVariableOp:0=Const, [1, 1, 128, 12], 1
	point_net_1/seg_l5_output_convolution_layer_1/seg_l5_output_convolution_layer_1/Squeeze:0=Const, [12], 1
Outpus:
	point_net_1/seg_l5_output_convolution_layer_1/seg_l5_output_convolution_layer_1/BiasAdd:0=[-1, 8192, 1, 12], 1
2026-01-29 15:13:52,745 - tf2onnx.graph - DEBUG - Making node: Name=point_net_1/seg_l5_output_convolution_layer_1/seg_l5_output_convolution_layer_1/BiasAdd__280, OP=Transpose
2026-01-29 15:13:52,746 - tf2onnx.graph - DEBUG - Infer shape and dtype for [point_net_1/seg_l5_output_convolution_layer_1/seg_l5_output_convolution_layer_1/BiasAdd__280]
2026-01-29 15:13:52,746 - tf2onnx.graph - DEBUG - Set dtype of [point_net_1/seg_l5_output_convolution_layer_1/seg_l5_output_convolution_layer_1/BiasAdd__280:0] to 1
2026-01-29 15:13:52,747 - tf2onnx.graph - DEBUG - Set shape of [point_net_1/seg_l5_output_convolution_layer_1/seg_l5_output_convolution_layer_1/BiasAdd__280:0] to [128, 1, 8192, -1]
2026-01-29 15:13:52,748 - tf2onnx.graph - DEBUG - Made node: point_net_1/seg_l5_output_convolution_layer_1/seg_l5_output_convolution_layer_1/BiasAdd__280
OP=Transpose
Name=point_net_1/seg_l5_output_convolution_layer_1/seg_l5_output_convolution_layer_1/BiasAdd__280
Inputs:
	point_net_1/seg_l4_128_convolution_layer_1/Relu:0=Relu, [-1, 8192, 1, 128], 1
Outpus:
	point_net_1/seg_l5_output_convolution_layer_1/seg_l5_output_convolution_layer_1/BiasAdd__280:0=[128, 1, 8192, -1], 1
2026-01-29 15:13:52,748 - tf2onnx.graph - DEBUG - Making node: Name=point_net_1/seg_l5_output_convolution_layer_1/seg_l5_output_convolution_layer_1/BiasAdd__282, OP=Transpose
2026-01-29 15:13:52,749 - tf2onnx.graph - DEBUG - Infer shape and dtype for [point_net_1/seg_l5_output_convolution_layer_1/seg_l5_output_convolution_layer_1/BiasAdd__282]
2026-01-29 15:13:52,749 - tf2onnx.graph - DEBUG - Set dtype of [point_net_1/seg_l5_output_convolution_layer_1/seg_l5_output_convolution_layer_1/BiasAdd__282:0] to 1
2026-01-29 15:13:52,749 - tf2onnx.graph - DEBUG - Set shape of [point_net_1/seg_l5_output_convolution_layer_1/seg_l5_output_convolution_layer_1/BiasAdd__282:0] to [12, 1, 8192, -1]
2026-01-29 15:13:52,749 - tf2onnx.graph - DEBUG - Made node: point_net_1/seg_l5_output_convolution_layer_1/seg_l5_output_convolution_layer_1/BiasAdd__282
OP=Transpose
Name=point_net_1/seg_l5_output_convolution_layer_1/seg_l5_output_convolution_layer_1/BiasAdd__282
Inputs:
	point_net_1/seg_l5_output_convolution_layer_1/seg_l5_output_convolution_layer_1/BiasAdd:0=Conv, [-1, 8192, 1, 12], 1
Outpus:
	point_net_1/seg_l5_output_convolution_layer_1/seg_l5_output_convolution_layer_1/BiasAdd__282:0=[12, 1, 8192, -1], 1
2026-01-29 15:13:52,750 - tf2onnx.tfonnx - DEBUG - Process node: point_net_1/seg_l5_output_convolution_layer_1/Softmax
OP=Softmax
Name=point_net_1/seg_l5_output_convolution_layer_1/Softmax
Inputs:
	point_net_1/seg_l5_output_convolution_layer_1/seg_l5_output_convolution_layer_1/BiasAdd__282:0=Transpose, [-1, 8192, 1, 12], 1
Outpus:
	point_net_1/seg_l5_output_convolution_layer_1/Softmax:0=[-1, 8192, 1, 12], 1
2026-01-29 15:13:52,750 - tf2onnx.tfonnx - DEBUG - Process node: point_net_1/Squeeze_2
OP=Squeeze
Name=point_net_1/Squeeze_2
Inputs:
	point_net_1/seg_l5_output_convolution_layer_1/Softmax:0=Softmax, [-1, 8192, 1, 12], 1
Outpus:
	point_net_1/Squeeze_2:0=[-1, 8192, 12], 1
2026-01-29 15:13:52,751 - tf2onnx.graph - DEBUG - Making node: Name=axes_const__284, OP=Const
2026-01-29 15:13:52,751 - tf2onnx.graph - DEBUG - Made node: axes_const__284
OP=Const
Name=axes_const__284
Outpus:
	axes_const__284=None, 7
2026-01-29 15:13:52,751 - tf2onnx.tfonnx - DEBUG - Process node: Identity_2
OP=Identity
Name=Identity_2
Inputs:
	point_net_1/Squeeze_2:0=Squeeze, [-1, 8192, 12], 1
Outpus:
	Identity_2_raw_output___177:0=[-1, 8192, 12], 1
2026-01-29 15:13:52,751 - tf2onnx.tfonnx - DEBUG - Process node: Identity_2_graph_outputs_Identity__178
OP=Identity
Name=Identity_2_graph_outputs_Identity__178
Inputs:
	Identity_2_raw_output___177:0=Identity, [-1, 8192, 12], 1
Outpus:
	segmentation_output=[-1, 8192, 12], 1
2026-01-29 15:13:52,752 - tf2onnx.tfonnx - DEBUG - explicitly skip node Identity_2_graph_outputs_Identity__178
2026-01-29 15:13:52,752 - tf2onnx.tfonnx - DEBUG - Process node: Identity_1
OP=Identity
Name=Identity_1
Inputs:
	point_net_1/input_transform_1/add:0=Add, [-1, 3, 3], 1
Outpus:
	Identity_1_raw_output___179:0=[-1, 3, 3], 1
2026-01-29 15:13:52,752 - tf2onnx.tfonnx - DEBUG - Process node: Identity_1_graph_outputs_Identity__180
OP=Identity
Name=Identity_1_graph_outputs_Identity__180
Inputs:
	Identity_1_raw_output___179:0=Identity, [-1, 3, 3], 1
Outpus:
	se3=[-1, 3, 3], 1
2026-01-29 15:13:52,753 - tf2onnx.tfonnx - DEBUG - explicitly skip node Identity_1_graph_outputs_Identity__180
2026-01-29 15:13:52,753 - tf2onnx.tfonnx - DEBUG - Process node: Identity
OP=Identity
Name=Identity
Inputs:
	point_net_1/output_dense_layer_1/Softmax:0=Softmax, [-1, 23], 1
Outpus:
	Identity_raw_output___175:0=[-1, 23], 1
2026-01-29 15:13:52,753 - tf2onnx.tfonnx - DEBUG - Process node: Identity_graph_outputs_Identity__176
OP=Identity
Name=Identity_graph_outputs_Identity__176
Inputs:
	Identity_raw_output___175:0=Identity, [-1, 23], 1
Outpus:
	classification_output=[-1, 23], 1
2026-01-29 15:13:52,753 - tf2onnx.tfonnx - DEBUG - explicitly skip node Identity_graph_outputs_Identity__176
2026-01-29 15:13:52,761 - tf2onnx.tfonnx - VERBOSE - Summay Stats:
	tensorflow ops: Counter({'Const': 76, 'AddV2': 23, 'Relu': 21, 'Conv2D': 16, 'ExpandDims': 9, 'Squeeze': 7, 'MatMul': 7, 'Mul': 6, 'Identity': 6, 'Max': 4, 'BatchMatMulV2': 4, 'Reshape': 2, 'BiasAdd': 2, 'Softmax': 2, 'Placeholder': 1, 'Mean': 1, 'Sub': 1, 'Square': 1, 'Sum': 1, 'Sqrt': 1, 'Maximum': 1, 'RealDiv': 1, 'Tile': 1, 'ConcatV2': 1})
	tensorflow attr: Counter({'dtype': 77, 'value': 76, 'data_format': 18, 'dilations': 16, 'padding': 16, 'strides': 16, 'explicit_paddings': 16, 'Tidx': 7, 'squeeze_dims': 7, 'grad_a': 7, 'grad_b': 7, 'transpose_a': 7, 'transpose_b': 7, 'keep_dims': 6, 'adj_x': 4, 'adj_y': 4, 'grad_x': 4, 'grad_y': 4, 'shape': 1, 'N': 1})
	onnx mapped: Counter({'Const': 76, 'AddV2': 23, 'Relu': 21, 'Conv2D': 16, 'ExpandDims': 9, 'Squeeze': 7, 'MatMul': 7, 'Mul': 6, 'Max': 4, 'BatchMatMulV2': 4, 'Identity': 3, 'Reshape': 2, 'Softmax': 2, 'Placeholder': 1, 'Mean': 1, 'Sub': 1, 'Square': 1, 'Sum': 1, 'Sqrt': 1, 'Maximum': 1, 'RealDiv': 1, 'BiasAdd': 1, 'Tile': 1, 'ConcatV2': 1})
	onnx unmapped: Counter()
2026-01-29 15:13:52,762 - tf2onnx.optimizer - INFO - Optimizing ONNX model
2026-01-29 15:13:52,763 - tf2onnx.optimizer - VERBOSE - Apply optimize_transpose
2026-01-29 15:13:52,774 - tf2onnx.graph - DEBUG - Making node: Name=Conv__285, OP=Conv
2026-01-29 15:13:52,774 - tf2onnx.graph - DEBUG - Infer shape and dtype for [Conv__285]
2026-01-29 15:13:52,775 - tf2onnx.graph - DEBUG - Set dtype of [Conv__285:0] to 1
2026-01-29 15:13:52,775 - tf2onnx.graph - DEBUG - Set shape of [Conv__285:0] to [-1, 64, 8192, 1]
2026-01-29 15:13:52,776 - tf2onnx.graph - DEBUG - Made node: Conv__285
OP=Conv
Name=Conv__285
Inputs:
	point_net_1/input_transform_1/input_transform_convolution_layer_1_convolution_layer_1/batch_normalization_21_1/batchnorm/mul_1__190:0=Transpose, [-1, 3, 8192, 1], 1
	point_net_1/input_transform_1/input_transform_convolution_layer_1_convolution_layer_1/input_transform_convolution_layer_1_convolution_layer_1/convolution/merged_input:0=Const, [64, 3, 1, 1], 1
	point_net_1/input_transform_1/input_transform_convolution_layer_1_convolution_layer_1/batch_normalization_21_1/batchnorm/sub:0=Const, [64], 1
Outpus:
	Conv__285:0=[-1, 64, 8192, 1], 1
2026-01-29 15:13:52,776 - tf2onnx.graph - DEBUG - Making node: Name=Conv__287, OP=Conv
2026-01-29 15:13:52,777 - tf2onnx.graph - DEBUG - Infer shape and dtype for [Conv__287]
2026-01-29 15:13:52,777 - tf2onnx.graph - DEBUG - Set dtype of [Conv__287:0] to 1
2026-01-29 15:13:52,778 - tf2onnx.graph - DEBUG - Set shape of [Conv__287:0] to [-1, 128, 8192, 1]
2026-01-29 15:13:52,778 - tf2onnx.graph - DEBUG - Made node: Conv__287
OP=Conv
Name=Conv__287
Inputs:
	point_net_1/input_transform_1/input_transform_convolution_layer_2_convolution_layer_1/batch_normalization_22_1/batchnorm/mul_1__194:0=Transpose, [-1, 64, 8192, 1], 1
	point_net_1/input_transform_1/input_transform_convolution_layer_2_convolution_layer_1/input_transform_convolution_layer_2_convolution_layer_1/convolution/merged_input:0=Const, [128, 64, 1, 1], 1
	point_net_1/input_transform_1/input_transform_convolution_layer_2_convolution_layer_1/batch_normalization_22_1/batchnorm/sub:0=Const, [128], 1
Outpus:
	Conv__287:0=[-1, 128, 8192, 1], 1
2026-01-29 15:13:52,779 - tf2onnx.graph - DEBUG - Making node: Name=Conv__289, OP=Conv
2026-01-29 15:13:52,780 - tf2onnx.graph - DEBUG - Infer shape and dtype for [Conv__289]
2026-01-29 15:13:52,781 - tf2onnx.graph - DEBUG - Set dtype of [Conv__289:0] to 1
2026-01-29 15:13:52,781 - tf2onnx.graph - DEBUG - Set shape of [Conv__289:0] to [-1, 1024, 8192, 1]
2026-01-29 15:13:52,782 - tf2onnx.graph - DEBUG - Made node: Conv__289
OP=Conv
Name=Conv__289
Inputs:
	point_net_1/input_transform_1/input_transform_convolution_layer_3_convolution_layer_1/batch_normalization_23_1/batchnorm/mul_1__198:0=Transpose, [-1, 128, 8192, 1], 1
	point_net_1/input_transform_1/input_transform_convolution_layer_3_convolution_layer_1/input_transform_convolution_layer_3_convolution_layer_1/convolution/merged_input:0=Const, [1024, 128, 1, 1], 1
	point_net_1/input_transform_1/input_transform_convolution_layer_3_convolution_layer_1/batch_normalization_23_1/batchnorm/sub:0=Const, [1024], 1
Outpus:
	Conv__289:0=[-1, 1024, 8192, 1], 1
2026-01-29 15:13:52,783 - tf2onnx.graph - DEBUG - Making node: Name=axes_const__202__291, OP=Const
2026-01-29 15:13:52,783 - tf2onnx.graph - DEBUG - Made node: axes_const__202__291
OP=Const
Name=axes_const__202__291
Outpus:
	axes_const__202__291=None, 7
2026-01-29 15:13:52,784 - tf2onnx.graph - DEBUG - Making node: Name=Conv__292, OP=Conv
2026-01-29 15:13:52,785 - tf2onnx.graph - DEBUG - Infer shape and dtype for [Conv__292]
2026-01-29 15:13:52,785 - tf2onnx.graph - DEBUG - Set dtype of [Conv__292:0] to 1
2026-01-29 15:13:52,786 - tf2onnx.graph - DEBUG - Set shape of [Conv__292:0] to [-1, 64, 8192, 1]
2026-01-29 15:13:52,786 - tf2onnx.graph - DEBUG - Made node: Conv__292
OP=Conv
Name=Conv__292
Inputs:
	point_net_1/s1_l1_64_convolution_layer_1/batch_normalization_26_1/batchnorm/mul_1__211:0=Transpose, [-1, 3, 8192, 1], 1
	point_net_1/s1_l1_64_convolution_layer_1/s1_l1_64_convolution_layer_1/convolution/merged_input:0=Const, [64, 3, 1, 1], 1
	point_net_1/s1_l1_64_convolution_layer_1/batch_normalization_26_1/batchnorm/sub:0=Const, [64], 1
Outpus:
	Conv__292:0=[-1, 64, 8192, 1], 1
2026-01-29 15:13:52,787 - tf2onnx.graph - DEBUG - Making node: Name=Conv__294, OP=Conv
2026-01-29 15:13:52,787 - tf2onnx.graph - DEBUG - Infer shape and dtype for [Conv__294]
2026-01-29 15:13:52,788 - tf2onnx.graph - DEBUG - Set dtype of [Conv__294:0] to 1
2026-01-29 15:13:52,788 - tf2onnx.graph - DEBUG - Set shape of [Conv__294:0] to [-1, 64, 8192, 1]
2026-01-29 15:13:52,789 - tf2onnx.graph - DEBUG - Made node: Conv__294
OP=Conv
Name=Conv__294
Inputs:
	point_net_1/s1_l2_64_convolution_layer_1/batch_normalization_27_1/batchnorm/mul_1__215:0=Transpose, [-1, 64, 8192, 1], 1
	point_net_1/s1_l2_64_convolution_layer_1/s1_l2_64_convolution_layer_1/convolution/merged_input:0=Const, [64, 64, 1, 1], 1
	point_net_1/s1_l2_64_convolution_layer_1/batch_normalization_27_1/batchnorm/sub:0=Const, [64], 1
Outpus:
	Conv__294:0=[-1, 64, 8192, 1], 1
2026-01-29 15:13:52,789 - tf2onnx.graph - DEBUG - Making node: Name=axes_const__219__296, OP=Const
2026-01-29 15:13:52,790 - tf2onnx.graph - DEBUG - Made node: axes_const__219__296
OP=Const
Name=axes_const__219__296
Outpus:
	axes_const__219__296=None, 7
2026-01-29 15:13:52,791 - tf2onnx.graph - DEBUG - Making node: Name=Conv__297, OP=Conv
2026-01-29 15:13:52,791 - tf2onnx.graph - DEBUG - Infer shape and dtype for [Conv__297]
2026-01-29 15:13:52,791 - tf2onnx.graph - DEBUG - Set dtype of [Conv__297:0] to 1
2026-01-29 15:13:52,792 - tf2onnx.graph - DEBUG - Set shape of [Conv__297:0] to [-1, 64, 8192, 1]
2026-01-29 15:13:52,792 - tf2onnx.graph - DEBUG - Made node: Conv__297
OP=Conv
Name=Conv__297
Inputs:
	point_net_1/feature_transform_1/feature_transform_convolution_layer_1_convolution_layer_1/batch_normalization_28_1/batchnorm/mul_1__223:0=Transpose, [-1, 64, 8192, 1], 1
	point_net_1/feature_transform_1/feature_transform_convolution_layer_1_convolution_layer_1/feature_transform_convolution_layer_1_convolution_layer_1/convolution/merged_input:0=Const, [64, 64, 1, 1], 1
	point_net_1/feature_transform_1/feature_transform_convolution_layer_1_convolution_layer_1/batch_normalization_28_1/batchnorm/sub:0=Const, [64], 1
Outpus:
	Conv__297:0=[-1, 64, 8192, 1], 1
2026-01-29 15:13:52,793 - tf2onnx.graph - DEBUG - Making node: Name=Conv__299, OP=Conv
2026-01-29 15:13:52,793 - tf2onnx.graph - DEBUG - Infer shape and dtype for [Conv__299]
2026-01-29 15:13:52,809 - tf2onnx.graph - DEBUG - Set dtype of [Conv__299:0] to 1
2026-01-29 15:13:52,810 - tf2onnx.graph - DEBUG - Set shape of [Conv__299:0] to [-1, 128, 8192, 1]
2026-01-29 15:13:52,810 - tf2onnx.graph - DEBUG - Made node: Conv__299
OP=Conv
Name=Conv__299
Inputs:
	point_net_1/feature_transform_1/feature_transform_convolution_layer_2_convolution_layer_1/batch_normalization_29_1/batchnorm/mul_1__227:0=Transpose, [-1, 64, 8192, 1], 1
	point_net_1/feature_transform_1/feature_transform_convolution_layer_2_convolution_layer_1/feature_transform_convolution_layer_2_convolution_layer_1/convolution/merged_input:0=Const, [128, 64, 1, 1], 1
	point_net_1/feature_transform_1/feature_transform_convolution_layer_2_convolution_layer_1/batch_normalization_29_1/batchnorm/sub:0=Const, [128], 1
Outpus:
	Conv__299:0=[-1, 128, 8192, 1], 1
2026-01-29 15:13:52,812 - tf2onnx.graph - DEBUG - Making node: Name=Conv__301, OP=Conv
2026-01-29 15:13:52,812 - tf2onnx.graph - DEBUG - Infer shape and dtype for [Conv__301]
2026-01-29 15:13:52,814 - tf2onnx.graph - DEBUG - Set dtype of [Conv__301:0] to 1
2026-01-29 15:13:52,815 - tf2onnx.graph - DEBUG - Set shape of [Conv__301:0] to [-1, 1024, 8192, 1]
2026-01-29 15:13:52,815 - tf2onnx.graph - DEBUG - Made node: Conv__301
OP=Conv
Name=Conv__301
Inputs:
	point_net_1/feature_transform_1/feature_transform_convolution_layer_3_convolution_layer_1/batch_normalization_30_1/batchnorm/mul_1__231:0=Transpose, [-1, 128, 8192, 1], 1
	point_net_1/feature_transform_1/feature_transform_convolution_layer_3_convolution_layer_1/feature_transform_convolution_layer_3_convolution_layer_1/convolution/merged_input:0=Const, [1024, 128, 1, 1], 1
	point_net_1/feature_transform_1/feature_transform_convolution_layer_3_convolution_layer_1/batch_normalization_30_1/batchnorm/sub:0=Const, [1024], 1
Outpus:
	Conv__301:0=[-1, 1024, 8192, 1], 1
2026-01-29 15:13:52,817 - tf2onnx.graph - DEBUG - Making node: Name=axes_const__235__303, OP=Const
2026-01-29 15:13:52,817 - tf2onnx.graph - DEBUG - Made node: axes_const__235__303
OP=Const
Name=axes_const__235__303
Outpus:
	axes_const__235__303=None, 7
2026-01-29 15:13:52,819 - tf2onnx.graph - DEBUG - Making node: Name=Conv__304, OP=Conv
2026-01-29 15:13:52,819 - tf2onnx.graph - DEBUG - Infer shape and dtype for [Conv__304]
2026-01-29 15:13:52,820 - tf2onnx.graph - DEBUG - Set dtype of [Conv__304:0] to 1
2026-01-29 15:13:52,820 - tf2onnx.graph - DEBUG - Set shape of [Conv__304:0] to [-1, 64, 8192, 1]
2026-01-29 15:13:52,821 - tf2onnx.graph - DEBUG - Made node: Conv__304
OP=Conv
Name=Conv__304
Inputs:
	point_net_1/s2_l1_64_convolution_layer_1/batch_normalization_33_1/batchnorm/mul_1__244:0=Transpose, [-1, 64, 8192, 1], 1
	point_net_1/s2_l1_64_convolution_layer_1/s2_l1_64_convolution_layer_1/convolution/merged_input:0=Const, [64, 64, 1, 1], 1
	point_net_1/s2_l1_64_convolution_layer_1/batch_normalization_33_1/batchnorm/sub:0=Const, [64], 1
Outpus:
	Conv__304:0=[-1, 64, 8192, 1], 1
2026-01-29 15:13:52,822 - tf2onnx.graph - DEBUG - Making node: Name=Conv__306, OP=Conv
2026-01-29 15:13:52,823 - tf2onnx.graph - DEBUG - Infer shape and dtype for [Conv__306]
2026-01-29 15:13:52,824 - tf2onnx.graph - DEBUG - Set dtype of [Conv__306:0] to 1
2026-01-29 15:13:52,824 - tf2onnx.graph - DEBUG - Set shape of [Conv__306:0] to [-1, 128, 8192, 1]
2026-01-29 15:13:52,824 - tf2onnx.graph - DEBUG - Made node: Conv__306
OP=Conv
Name=Conv__306
Inputs:
	point_net_1/s2_l2_128_convolution_layer_1/batch_normalization_34_1/batchnorm/mul_1__248:0=Transpose, [-1, 64, 8192, 1], 1
	point_net_1/s2_l2_128_convolution_layer_1/s2_l2_128_convolution_layer_1/convolution/merged_input:0=Const, [128, 64, 1, 1], 1
	point_net_1/s2_l2_128_convolution_layer_1/batch_normalization_34_1/batchnorm/sub:0=Const, [128], 1
Outpus:
	Conv__306:0=[-1, 128, 8192, 1], 1
2026-01-29 15:13:52,825 - tf2onnx.graph - DEBUG - Making node: Name=Conv__308, OP=Conv
2026-01-29 15:13:52,826 - tf2onnx.graph - DEBUG - Infer shape and dtype for [Conv__308]
2026-01-29 15:13:52,827 - tf2onnx.graph - DEBUG - Set dtype of [Conv__308:0] to 1
2026-01-29 15:13:52,827 - tf2onnx.graph - DEBUG - Set shape of [Conv__308:0] to [-1, 1024, 8192, 1]
2026-01-29 15:13:52,827 - tf2onnx.graph - DEBUG - Made node: Conv__308
OP=Conv
Name=Conv__308
Inputs:
	point_net_1/s2_l3_1024_convolution_layer_1/batch_normalization_35_1/batchnorm/mul_1__252:0=Transpose, [-1, 128, 8192, 1], 1
	point_net_1/s2_l3_1024_convolution_layer_1/s2_l3_1024_convolution_layer_1/convolution/merged_input:0=Const, [1024, 128, 1, 1], 1
	point_net_1/s2_l3_1024_convolution_layer_1/batch_normalization_35_1/batchnorm/sub:0=Const, [1024], 1
Outpus:
	Conv__308:0=[-1, 1024, 8192, 1], 1
2026-01-29 15:13:52,828 - tf2onnx.graph - DEBUG - Making node: Name=axes_const__256__310, OP=Const
2026-01-29 15:13:52,829 - tf2onnx.graph - DEBUG - Made node: axes_const__256__310
OP=Const
Name=axes_const__256__310
Outpus:
	axes_const__256__310=None, 7
2026-01-29 15:13:52,830 - tf2onnx.graph - DEBUG - Making node: Name=Conv__311, OP=Conv
2026-01-29 15:13:52,831 - tf2onnx.graph - DEBUG - Infer shape and dtype for [Conv__311]
2026-01-29 15:13:52,839 - tf2onnx.graph - DEBUG - Set dtype of [Conv__311:0] to 1
2026-01-29 15:13:52,839 - tf2onnx.graph - DEBUG - Set shape of [Conv__311:0] to [-1, 512, 8192, 1]
2026-01-29 15:13:52,840 - tf2onnx.graph - DEBUG - Made node: Conv__311
OP=Conv
Name=Conv__311
Inputs:
	point_net_1/seg_l1_512_convolution_layer_1/batch_normalization_38_1/batchnorm/mul_1__264:0=Transpose, [-1, 1088, 8192, 1], 1
	point_net_1/seg_l1_512_convolution_layer_1/seg_l1_512_convolution_layer_1/convolution/merged_input:0=Const, [512, 1088, 1, 1], 1
	point_net_1/seg_l1_512_convolution_layer_1/batch_normalization_38_1/batchnorm/sub:0=Const, [512], 1
Outpus:
	Conv__311:0=[-1, 512, 8192, 1], 1
2026-01-29 15:13:52,841 - tf2onnx.graph - DEBUG - Making node: Name=Conv__313, OP=Conv
2026-01-29 15:13:52,842 - tf2onnx.graph - DEBUG - Infer shape and dtype for [Conv__313]
2026-01-29 15:13:52,842 - tf2onnx.graph - DEBUG - Set dtype of [Conv__313:0] to 1
2026-01-29 15:13:52,843 - tf2onnx.graph - DEBUG - Set shape of [Conv__313:0] to [-1, 256, 8192, 1]
2026-01-29 15:13:52,843 - tf2onnx.graph - DEBUG - Made node: Conv__313
OP=Conv
Name=Conv__313
Inputs:
	point_net_1/seg_l2_256_convolution_layer_1/batch_normalization_39_1/batchnorm/mul_1__268:0=Transpose, [-1, 512, 8192, 1], 1
	point_net_1/seg_l2_256_convolution_layer_1/seg_l2_256_convolution_layer_1/convolution/merged_input:0=Const, [256, 512, 1, 1], 1
	point_net_1/seg_l2_256_convolution_layer_1/batch_normalization_39_1/batchnorm/sub:0=Const, [256], 1
Outpus:
	Conv__313:0=[-1, 256, 8192, 1], 1
2026-01-29 15:13:52,844 - tf2onnx.graph - DEBUG - Making node: Name=Conv__315, OP=Conv
2026-01-29 15:13:52,845 - tf2onnx.graph - DEBUG - Infer shape and dtype for [Conv__315]
2026-01-29 15:13:52,846 - tf2onnx.graph - DEBUG - Set dtype of [Conv__315:0] to 1
2026-01-29 15:13:52,846 - tf2onnx.graph - DEBUG - Set shape of [Conv__315:0] to [-1, 128, 8192, 1]
2026-01-29 15:13:52,846 - tf2onnx.graph - DEBUG - Made node: Conv__315
OP=Conv
Name=Conv__315
Inputs:
	point_net_1/seg_l3_128_convolution_layer_1/batch_normalization_40_1/batchnorm/mul_1__272:0=Transpose, [-1, 256, 8192, 1], 1
	point_net_1/seg_l3_128_convolution_layer_1/seg_l3_128_convolution_layer_1/convolution/merged_input:0=Const, [128, 256, 1, 1], 1
	point_net_1/seg_l3_128_convolution_layer_1/batch_normalization_40_1/batchnorm/sub:0=Const, [128], 1
Outpus:
	Conv__315:0=[-1, 128, 8192, 1], 1
2026-01-29 15:13:52,848 - tf2onnx.graph - DEBUG - Making node: Name=Conv__317, OP=Conv
2026-01-29 15:13:52,848 - tf2onnx.graph - DEBUG - Infer shape and dtype for [Conv__317]
2026-01-29 15:13:52,849 - tf2onnx.graph - DEBUG - Set dtype of [Conv__317:0] to 1
2026-01-29 15:13:52,849 - tf2onnx.graph - DEBUG - Set shape of [Conv__317:0] to [-1, 128, 8192, 1]
2026-01-29 15:13:52,850 - tf2onnx.graph - DEBUG - Made node: Conv__317
OP=Conv
Name=Conv__317
Inputs:
	point_net_1/seg_l4_128_convolution_layer_1/batch_normalization_41_1/batchnorm/mul_1__276:0=Transpose, [-1, 128, 8192, 1], 1
	point_net_1/seg_l4_128_convolution_layer_1/seg_l4_128_convolution_layer_1/convolution/merged_input:0=Const, [128, 128, 1, 1], 1
	point_net_1/seg_l4_128_convolution_layer_1/batch_normalization_41_1/batchnorm/sub:0=Const, [128], 1
Outpus:
	Conv__317:0=[-1, 128, 8192, 1], 1
2026-01-29 15:13:52,851 - tf2onnx.graph - DEBUG - Making node: Name=axes_const__284__319, OP=Const
2026-01-29 15:13:52,852 - tf2onnx.graph - DEBUG - Made node: axes_const__284__319
OP=Const
Name=axes_const__284__319
Outpus:
	axes_const__284__319=None, 7
2026-01-29 15:13:52,853 - tf2onnx.optimizer.TransposeOptimizer - DEBUG - cannot move transpose down since it met output node Identity_2_graph_outputs_Identity__178
2026-01-29 15:13:52,853 - tf2onnx.optimizer.TransposeOptimizer - DEBUG - finish after 43 iteration(s)
2026-01-29 15:13:52,866 - tf2onnx.optimizer.TransposeOptimizer - VERBOSE - Add -15 (24->9), Const -6 (93->87), Identity -1 (6->5), Transpose -3 (32->29)
2026-01-29 15:13:52,867 - tf2onnx.optimizer - VERBOSE - Apply remove_redundant_upsample
2026-01-29 15:13:52,900 - tf2onnx.optimizer.UpsampleOptimizer - VERBOSE - no change
2026-01-29 15:13:52,900 - tf2onnx.optimizer - VERBOSE - Apply fold_constants
2026-01-29 15:13:52,918 - tf2onnx.graph - DEBUG - Making node: Name=const_fold_opt__320, OP=Const
2026-01-29 15:13:52,918 - tf2onnx.graph - DEBUG - Made node: const_fold_opt__320
OP=Const
Name=const_fold_opt__320
Outpus:
	const_fold_opt__320=None, 7
2026-01-29 15:13:52,919 - tf2onnx.graph - DEBUG - Making node: Name=const_fold_opt__321, OP=Const
2026-01-29 15:13:52,919 - tf2onnx.graph - DEBUG - Made node: const_fold_opt__321
OP=Const
Name=const_fold_opt__321
Outpus:
	const_fold_opt__321=None, 7
2026-01-29 15:13:52,920 - tf2onnx.graph - DEBUG - Making node: Name=const_fold_opt__322, OP=Const
2026-01-29 15:13:52,920 - tf2onnx.graph - DEBUG - Made node: const_fold_opt__322
OP=Const
Name=const_fold_opt__322
Outpus:
	const_fold_opt__322=None, 7
2026-01-29 15:13:52,920 - tf2onnx.graph - DEBUG - Making node: Name=const_fold_opt__323, OP=Const
2026-01-29 15:13:52,921 - tf2onnx.graph - DEBUG - Made node: const_fold_opt__323
OP=Const
Name=const_fold_opt__323
Outpus:
	const_fold_opt__323=None, 7
2026-01-29 15:13:52,921 - tf2onnx.graph - DEBUG - Making node: Name=const_fold_opt__324, OP=Const
2026-01-29 15:13:52,921 - tf2onnx.graph - DEBUG - Made node: const_fold_opt__324
OP=Const
Name=const_fold_opt__324
Outpus:
	const_fold_opt__324=None, 7
2026-01-29 15:13:52,922 - tf2onnx.graph - DEBUG - Making node: Name=const_fold_opt__325, OP=Const
2026-01-29 15:13:52,922 - tf2onnx.graph - DEBUG - Made node: const_fold_opt__325
OP=Const
Name=const_fold_opt__325
Outpus:
	const_fold_opt__325=None, 7
2026-01-29 15:13:52,922 - tf2onnx.graph - DEBUG - Making node: Name=const_fold_opt__326, OP=Const
2026-01-29 15:13:52,923 - tf2onnx.graph - DEBUG - Made node: const_fold_opt__326
OP=Const
Name=const_fold_opt__326
Outpus:
	const_fold_opt__326=None, 7
2026-01-29 15:13:52,923 - tf2onnx.graph - DEBUG - Making node: Name=const_fold_opt__327, OP=Const
2026-01-29 15:13:52,923 - tf2onnx.graph - DEBUG - Made node: const_fold_opt__327
OP=Const
Name=const_fold_opt__327
Outpus:
	const_fold_opt__327=None, 7
2026-01-29 15:13:52,924 - tf2onnx.graph - DEBUG - Making node: Name=const_fold_opt__328, OP=Const
2026-01-29 15:13:52,924 - tf2onnx.graph - DEBUG - Made node: const_fold_opt__328
OP=Const
Name=const_fold_opt__328
Outpus:
	const_fold_opt__328=None, 7
2026-01-29 15:13:52,925 - tf2onnx.graph - DEBUG - Making node: Name=const_fold_opt__329, OP=Const
2026-01-29 15:13:52,925 - tf2onnx.graph - DEBUG - Made node: const_fold_opt__329
OP=Const
Name=const_fold_opt__329
Outpus:
	const_fold_opt__329=None, 7
2026-01-29 15:13:52,925 - tf2onnx.graph - DEBUG - Making node: Name=const_fold_opt__330, OP=Const
2026-01-29 15:13:52,926 - tf2onnx.graph - DEBUG - Made node: const_fold_opt__330
OP=Const
Name=const_fold_opt__330
Outpus:
	const_fold_opt__330=None, 7
2026-01-29 15:13:52,926 - tf2onnx.graph - DEBUG - Making node: Name=const_fold_opt__331, OP=Const
2026-01-29 15:13:52,926 - tf2onnx.graph - DEBUG - Made node: const_fold_opt__331
OP=Const
Name=const_fold_opt__331
Outpus:
	const_fold_opt__331=None, 7
2026-01-29 15:13:52,927 - tf2onnx.graph - DEBUG - Making node: Name=const_fold_opt__332, OP=Const
2026-01-29 15:13:52,927 - tf2onnx.graph - DEBUG - Made node: const_fold_opt__332
OP=Const
Name=const_fold_opt__332
Outpus:
	const_fold_opt__332=None, 7
2026-01-29 15:13:52,927 - tf2onnx.graph - DEBUG - Making node: Name=const_fold_opt__333, OP=Const
2026-01-29 15:13:52,927 - tf2onnx.graph - DEBUG - Made node: const_fold_opt__333
OP=Const
Name=const_fold_opt__333
Outpus:
	const_fold_opt__333=None, 7
2026-01-29 15:13:52,928 - tf2onnx.graph - DEBUG - Making node: Name=const_fold_opt__334, OP=Const
2026-01-29 15:13:52,928 - tf2onnx.graph - DEBUG - Made node: const_fold_opt__334
OP=Const
Name=const_fold_opt__334
Outpus:
	const_fold_opt__334=None, 7
2026-01-29 15:13:52,928 - tf2onnx.graph - DEBUG - Making node: Name=const_fold_opt__335, OP=Const
2026-01-29 15:13:52,931 - tf2onnx.graph - DEBUG - Made node: const_fold_opt__335
OP=Const
Name=const_fold_opt__335
Outpus:
	const_fold_opt__335=None, 7
2026-01-29 15:13:52,931 - tf2onnx.graph - DEBUG - Making node: Name=const_fold_opt__336, OP=Const
2026-01-29 15:13:52,932 - tf2onnx.graph - DEBUG - Made node: const_fold_opt__336
OP=Const
Name=const_fold_opt__336
Outpus:
	const_fold_opt__336=None, 7
2026-01-29 15:13:52,932 - tf2onnx.graph - DEBUG - Making node: Name=const_fold_opt__337, OP=Const
2026-01-29 15:13:52,933 - tf2onnx.graph - DEBUG - Made node: const_fold_opt__337
OP=Const
Name=const_fold_opt__337
Outpus:
	const_fold_opt__337=None, 7
2026-01-29 15:13:52,933 - tf2onnx.graph - DEBUG - Making node: Name=const_fold_opt__338, OP=Const
2026-01-29 15:13:52,934 - tf2onnx.graph - DEBUG - Made node: const_fold_opt__338
OP=Const
Name=const_fold_opt__338
Outpus:
	const_fold_opt__338=None, 7
2026-01-29 15:13:52,934 - tf2onnx.graph - DEBUG - Making node: Name=const_fold_opt__339, OP=Const
2026-01-29 15:13:52,934 - tf2onnx.graph - DEBUG - Made node: const_fold_opt__339
OP=Const
Name=const_fold_opt__339
Outpus:
	const_fold_opt__339=None, 7
2026-01-29 15:13:52,935 - tf2onnx.graph - DEBUG - Making node: Name=const_fold_opt__340, OP=Const
2026-01-29 15:13:52,935 - tf2onnx.graph - DEBUG - Made node: const_fold_opt__340
OP=Const
Name=const_fold_opt__340
Outpus:
	const_fold_opt__340=None, 7
2026-01-29 15:13:52,935 - tf2onnx.graph - DEBUG - Making node: Name=const_fold_opt__341, OP=Const
2026-01-29 15:13:52,936 - tf2onnx.graph - DEBUG - Made node: const_fold_opt__341
OP=Const
Name=const_fold_opt__341
Outpus:
	const_fold_opt__341=None, 7
2026-01-29 15:13:52,936 - tf2onnx.graph - DEBUG - Making node: Name=const_fold_opt__342, OP=Const
2026-01-29 15:13:52,936 - tf2onnx.graph - DEBUG - Made node: const_fold_opt__342
OP=Const
Name=const_fold_opt__342
Outpus:
	const_fold_opt__342=None, 7
2026-01-29 15:13:52,953 - tf2onnx.optimizer.ConstFoldOptimizer - VERBOSE - Cast -13 (13->0), Const -10 (87->77), Reshape -10 (12->2)
2026-01-29 15:13:52,954 - tf2onnx.optimizer - VERBOSE - Apply const_dequantize_optimizer
2026-01-29 15:13:52,977 - tf2onnx.optimizer.ConstDequantizeOptimizer - VERBOSE - no change
2026-01-29 15:13:52,978 - tf2onnx.optimizer - VERBOSE - Apply loop_optimizer
2026-01-29 15:13:53,005 - tf2onnx.optimizer.LoopOptimizer - VERBOSE - no change
2026-01-29 15:13:53,005 - tf2onnx.optimizer - VERBOSE - Apply merge_duplication
2026-01-29 15:13:53,054 - tf2onnx.optimizer.MergeDuplicatedNodesOptimizer - VERBOSE - Const -13 (77->64)
2026-01-29 15:13:53,055 - tf2onnx.optimizer - VERBOSE - Apply reshape_optimizer
2026-01-29 15:13:53,085 - tf2onnx.optimizer.ReshapeOptimizer - VERBOSE - no change
2026-01-29 15:13:53,086 - tf2onnx.optimizer - VERBOSE - Apply global_pool_optimizer
2026-01-29 15:13:53,103 - tf2onnx.graph - DEBUG - Making node: Name=const_axes__343, OP=Const
2026-01-29 15:13:53,103 - tf2onnx.graph - DEBUG - Made node: const_axes__343
OP=Const
Name=const_axes__343
Outpus:
	const_axes__343=None, 7
2026-01-29 15:13:53,104 - tf2onnx.graph - DEBUG - Making node: Name=point_net_1/input_transform_1/Max_Squeeze__344, OP=Squeeze
2026-01-29 15:13:53,105 - tf2onnx.graph - DEBUG - Made node: point_net_1/input_transform_1/Max_Squeeze__344
OP=Squeeze
Name=point_net_1/input_transform_1/Max_Squeeze__344
Inputs:
	point_net_1/input_transform_1/Max:0=GlobalMaxPool, [-1, 1024, 1], 1
	const_axes__343=Const, [1], 7
Outpus:
	point_net_1/input_transform_1/Max_Squeeze__344:0=[-1, 1024], 1
2026-01-29 15:13:53,105 - tf2onnx.graph - DEBUG - Making node: Name=const_axes__345, OP=Const
2026-01-29 15:13:53,106 - tf2onnx.graph - DEBUG - Made node: const_axes__345
OP=Const
Name=const_axes__345
Outpus:
	const_axes__345=None, 7
2026-01-29 15:13:53,106 - tf2onnx.graph - DEBUG - Making node: Name=point_net_1/Max_Squeeze__346, OP=Squeeze
2026-01-29 15:13:53,106 - tf2onnx.graph - DEBUG - Made node: point_net_1/Max_Squeeze__346
OP=Squeeze
Name=point_net_1/Max_Squeeze__346
Inputs:
	point_net_1/Max:0=GlobalMaxPool, [-1, 1024, 1], 1
	const_axes__345=Const, [1], 7
Outpus:
	point_net_1/Max_Squeeze__346:0=[-1, 1024], 1
2026-01-29 15:13:53,107 - tf2onnx.graph - DEBUG - Making node: Name=const_axes__347, OP=Const
2026-01-29 15:13:53,107 - tf2onnx.graph - DEBUG - Made node: const_axes__347
OP=Const
Name=const_axes__347
Outpus:
	const_axes__347=None, 7
2026-01-29 15:13:53,107 - tf2onnx.graph - DEBUG - Making node: Name=point_net_1/feature_transform_1/Max_Squeeze__348, OP=Squeeze
2026-01-29 15:13:53,108 - tf2onnx.graph - DEBUG - Made node: point_net_1/feature_transform_1/Max_Squeeze__348
OP=Squeeze
Name=point_net_1/feature_transform_1/Max_Squeeze__348
Inputs:
	point_net_1/feature_transform_1/Max:0=GlobalMaxPool, [-1, 1024, 1], 1
	const_axes__347=Const, [1], 7
Outpus:
	point_net_1/feature_transform_1/Max_Squeeze__348:0=[-1, 1024], 1
2026-01-29 15:13:53,117 - tf2onnx.optimizer.GlobalPoolOptimizer - VERBOSE - Const +3 (64->67), GlobalMaxPool +3 (0->3), ReduceMax -3 (4->1), Squeeze +3 (7->10)
2026-01-29 15:13:53,118 - tf2onnx.optimizer - VERBOSE - Apply q_dq_optimizer
2026-01-29 15:13:53,133 - tf2onnx.optimizer.QDQOptimizer - VERBOSE - no change
2026-01-29 15:13:53,134 - tf2onnx.optimizer - VERBOSE - Apply remove_identity
2026-01-29 15:13:53,160 - tf2onnx.optimizer.IdentityOptimizer - VERBOSE - Identity -5 (5->0)
2026-01-29 15:13:53,160 - tf2onnx.optimizer - VERBOSE - Apply remove_back_to_back
2026-01-29 15:13:53,191 - tf2onnx.optimizer.BackToBackOptimizer - VERBOSE - Transpose -22 (29->7)
2026-01-29 15:13:53,192 - tf2onnx.optimizer - VERBOSE - Apply einsum_optimizer
2026-01-29 15:13:53,216 - tf2onnx.optimizer.EinsumOptimizer - VERBOSE - no change
2026-01-29 15:13:53,216 - tf2onnx.optimizer - VERBOSE - Apply optimize_transpose
2026-01-29 15:13:53,223 - tf2onnx.optimizer.TransposeOptimizer - DEBUG - segmentation_output connects to graph outputs, skip
2026-01-29 15:13:53,224 - tf2onnx.optimizer.TransposeOptimizer - DEBUG - finish after 0 iteration(s)
2026-01-29 15:13:53,233 - tf2onnx.optimizer.TransposeOptimizer - VERBOSE - no change
2026-01-29 15:13:53,234 - tf2onnx.optimizer - VERBOSE - Apply remove_redundant_upsample
2026-01-29 15:13:53,258 - tf2onnx.optimizer.UpsampleOptimizer - VERBOSE - no change
2026-01-29 15:13:53,259 - tf2onnx.optimizer - VERBOSE - Apply fold_constants
2026-01-29 15:13:53,288 - tf2onnx.optimizer.ConstFoldOptimizer - VERBOSE - no change
2026-01-29 15:13:53,289 - tf2onnx.optimizer - VERBOSE - Apply const_dequantize_optimizer
2026-01-29 15:13:53,313 - tf2onnx.optimizer.ConstDequantizeOptimizer - VERBOSE - no change
2026-01-29 15:13:53,314 - tf2onnx.optimizer - VERBOSE - Apply loop_optimizer
2026-01-29 15:13:53,326 - tf2onnx.optimizer.LoopOptimizer - VERBOSE - no change
2026-01-29 15:13:53,327 - tf2onnx.optimizer - VERBOSE - Apply merge_duplication
2026-01-29 15:13:53,365 - tf2onnx.optimizer.MergeDuplicatedNodesOptimizer - VERBOSE - Const -3 (67->64)
2026-01-29 15:13:53,366 - tf2onnx.optimizer - VERBOSE - Apply reshape_optimizer
2026-01-29 15:13:53,394 - tf2onnx.optimizer.ReshapeOptimizer - VERBOSE - no change
2026-01-29 15:13:53,395 - tf2onnx.optimizer - VERBOSE - Apply global_pool_optimizer
2026-01-29 15:13:53,433 - tf2onnx.optimizer.GlobalPoolOptimizer - VERBOSE - no change
2026-01-29 15:13:53,434 - tf2onnx.optimizer - VERBOSE - Apply q_dq_optimizer
2026-01-29 15:13:53,463 - tf2onnx.optimizer.QDQOptimizer - VERBOSE - no change
2026-01-29 15:13:53,463 - tf2onnx.optimizer - VERBOSE - Apply remove_identity
2026-01-29 15:13:53,491 - tf2onnx.optimizer.IdentityOptimizer - VERBOSE - no change
2026-01-29 15:13:53,492 - tf2onnx.optimizer - VERBOSE - Apply remove_back_to_back
2026-01-29 15:13:53,524 - tf2onnx.optimizer.BackToBackOptimizer - VERBOSE - no change
2026-01-29 15:13:53,525 - tf2onnx.optimizer - VERBOSE - Apply einsum_optimizer
2026-01-29 15:13:53,552 - tf2onnx.optimizer.EinsumOptimizer - VERBOSE - no change
2026-01-29 15:13:53,553 - tf2onnx.optimizer - VERBOSE - Apply optimize_transpose
2026-01-29 15:13:53,560 - tf2onnx.optimizer.TransposeOptimizer - DEBUG - segmentation_output connects to graph outputs, skip
2026-01-29 15:13:53,561 - tf2onnx.optimizer.TransposeOptimizer - DEBUG - finish after 0 iteration(s)
2026-01-29 15:13:53,569 - tf2onnx.optimizer.TransposeOptimizer - VERBOSE - no change
2026-01-29 15:13:53,570 - tf2onnx.optimizer - VERBOSE - Apply remove_redundant_upsample
2026-01-29 15:13:53,590 - tf2onnx.optimizer.UpsampleOptimizer - VERBOSE - no change
2026-01-29 15:13:53,590 - tf2onnx.optimizer - VERBOSE - Apply fold_constants
2026-01-29 15:13:53,623 - tf2onnx.optimizer.ConstFoldOptimizer - VERBOSE - no change
2026-01-29 15:13:53,624 - tf2onnx.optimizer - VERBOSE - Apply const_dequantize_optimizer
2026-01-29 15:13:53,651 - tf2onnx.optimizer.ConstDequantizeOptimizer - VERBOSE - no change
2026-01-29 15:13:53,651 - tf2onnx.optimizer - VERBOSE - Apply loop_optimizer
2026-01-29 15:13:53,664 - tf2onnx.optimizer.LoopOptimizer - VERBOSE - no change
2026-01-29 15:13:53,665 - tf2onnx.optimizer - VERBOSE - Apply merge_duplication
2026-01-29 15:13:53,693 - tf2onnx.optimizer.MergeDuplicatedNodesOptimizer - VERBOSE - no change
2026-01-29 15:13:53,694 - tf2onnx.optimizer - VERBOSE - Apply reshape_optimizer
2026-01-29 15:13:53,723 - tf2onnx.optimizer.ReshapeOptimizer - VERBOSE - no change
2026-01-29 15:13:53,724 - tf2onnx.optimizer - VERBOSE - Apply global_pool_optimizer
2026-01-29 15:13:53,748 - tf2onnx.optimizer.GlobalPoolOptimizer - VERBOSE - no change
2026-01-29 15:13:53,749 - tf2onnx.optimizer - VERBOSE - Apply q_dq_optimizer
2026-01-29 15:13:53,761 - tf2onnx.optimizer.QDQOptimizer - VERBOSE - no change
2026-01-29 15:13:53,762 - tf2onnx.optimizer - VERBOSE - Apply remove_identity
2026-01-29 15:13:53,784 - tf2onnx.optimizer.IdentityOptimizer - VERBOSE - no change
2026-01-29 15:13:53,784 - tf2onnx.optimizer - VERBOSE - Apply remove_back_to_back
2026-01-29 15:13:53,819 - tf2onnx.optimizer.BackToBackOptimizer - VERBOSE - no change
2026-01-29 15:13:53,820 - tf2onnx.optimizer - VERBOSE - Apply einsum_optimizer
2026-01-29 15:13:53,843 - tf2onnx.optimizer.EinsumOptimizer - VERBOSE - no change
2026-01-29 15:13:53,845 - tf2onnx.optimizer - INFO - After optimization: Add -15 (24->9), Cast -13 (13->0), Const -29 (93->64), GlobalMaxPool +3 (0->3), Identity -6 (6->0), ReduceMax -3 (4->1), Reshape -10 (12->2), Squeeze +3 (7->10), Transpose -25 (32->7)
