2026-01-29 00:06:54,661 - root - INFO - The following datasets were found in data/kc46_lidar_lr01_5_20_classification_pretrain:
2026-01-29 00:06:54,662 - root - INFO - 	-> pc_set.joblib	
2026-01-29 00:06:54,662 - root - INFO - Adding data set 1 of 4
2026-01-29 00:06:55,545 - root - INFO - Parsing frames in /mnt/d/pieschl_data_collects/sim_kc46_lidar/collect_2026.Jan.22_23.51.26.8719556.UTC...
2026-01-29 00:08:11,435 - root - INFO - Failed to add file /mnt/d/pieschl_data_collects/sim_kc46_lidar/collect_2026.Jan.22_23.51.26.8719556.UTC/Lidar/frame_5000.txt:
	FileNotFoundError : [Errno 2] No such file or directory: '/mnt/d/pieschl_data_collects/sim_kc46_lidar/collect_2026.Jan.22_23.51.26.8719556.UTC/Lidar/frame_5000.txt'
2026-01-29 00:08:11,436 - root - INFO - Failed to add file /mnt/d/pieschl_data_collects/sim_kc46_lidar/collect_2026.Jan.22_23.51.26.8719556.UTC/Lidar/frame_5001.txt:
	FileNotFoundError : [Errno 2] No such file or directory: '/mnt/d/pieschl_data_collects/sim_kc46_lidar/collect_2026.Jan.22_23.51.26.8719556.UTC/Lidar/frame_5001.txt'
2026-01-29 00:08:21,503 - root - INFO - Adding data set 2 of 4
2026-01-29 00:08:21,764 - root - INFO - Parsing frames in /mnt/d/pieschl_data_collects/sim_kc46_lidar/collect_2026.Jan.22_23.53.34.5658074.UTC...
2026-01-29 00:08:53,939 - root - INFO - Failed to add file /mnt/d/pieschl_data_collects/sim_kc46_lidar/collect_2026.Jan.22_23.53.34.5658074.UTC/Lidar/frame_5000.txt:
	FileNotFoundError : [Errno 2] No such file or directory: '/mnt/d/pieschl_data_collects/sim_kc46_lidar/collect_2026.Jan.22_23.53.34.5658074.UTC/Lidar/frame_5000.txt'
2026-01-29 00:08:53,940 - root - INFO - Failed to add file /mnt/d/pieschl_data_collects/sim_kc46_lidar/collect_2026.Jan.22_23.53.34.5658074.UTC/Lidar/frame_5001.txt:
	FileNotFoundError : [Errno 2] No such file or directory: '/mnt/d/pieschl_data_collects/sim_kc46_lidar/collect_2026.Jan.22_23.53.34.5658074.UTC/Lidar/frame_5001.txt'
2026-01-29 00:09:03,099 - root - INFO - Adding data set 3 of 4
2026-01-29 00:09:03,377 - root - INFO - Parsing frames in /mnt/d/pieschl_data_collects/sim_kc46_lidar/collect_2026.Jan.23_00.00.26.2538193.UTC...
2026-01-29 00:09:30,138 - root - INFO - Failed to add file /mnt/d/pieschl_data_collects/sim_kc46_lidar/collect_2026.Jan.23_00.00.26.2538193.UTC/Lidar/frame_5000.txt:
	FileNotFoundError : [Errno 2] No such file or directory: '/mnt/d/pieschl_data_collects/sim_kc46_lidar/collect_2026.Jan.23_00.00.26.2538193.UTC/Lidar/frame_5000.txt'
2026-01-29 00:09:30,139 - root - INFO - Failed to add file /mnt/d/pieschl_data_collects/sim_kc46_lidar/collect_2026.Jan.23_00.00.26.2538193.UTC/Lidar/frame_5001.txt:
	FileNotFoundError : [Errno 2] No such file or directory: '/mnt/d/pieschl_data_collects/sim_kc46_lidar/collect_2026.Jan.23_00.00.26.2538193.UTC/Lidar/frame_5001.txt'
2026-01-29 00:09:39,320 - root - INFO - Adding data set 4 of 4
2026-01-29 00:09:39,599 - root - INFO - Parsing frames in /mnt/d/pieschl_data_collects/sim_kc46_lidar/collect_2026.Jan.23_00.04.35.9506687.UTC...
2026-01-29 00:10:28,586 - root - INFO - Failed to add file /mnt/d/pieschl_data_collects/sim_kc46_lidar/collect_2026.Jan.23_00.04.35.9506687.UTC/Lidar/frame_5000.txt:
	FileNotFoundError : [Errno 2] No such file or directory: '/mnt/d/pieschl_data_collects/sim_kc46_lidar/collect_2026.Jan.23_00.04.35.9506687.UTC/Lidar/frame_5000.txt'
2026-01-29 00:10:28,587 - root - INFO - Failed to add file /mnt/d/pieschl_data_collects/sim_kc46_lidar/collect_2026.Jan.23_00.04.35.9506687.UTC/Lidar/frame_5001.txt:
	FileNotFoundError : [Errno 2] No such file or directory: '/mnt/d/pieschl_data_collects/sim_kc46_lidar/collect_2026.Jan.23_00.04.35.9506687.UTC/Lidar/frame_5001.txt'
2026-01-29 00:10:38,887 - root - INFO - 
Datasets added successfully:

2026-01-29 00:10:38,895 - root - INFO - classification_pretrain
Random seed: 42
Class labels: dict_keys(['f-15_model', 'a-10', 'b-1b', 'b-2', 'c-5', 'c-12', 'c-17a', 'c-32', 'c-130j', 'e-3', 'f-15e', 'f-16', 'f-18e', 'f-22', 'g-iii', 'kc-46', 'kc-135', 'lj-25', 'mig-29', 'mq-20', 'su-27', 'vc-25a', 'x-47b'])
Part labels: dict_keys(['wing', 'fuselage', 'engine', 'hstab', 'vstab', 'landing_gear', 'armament', 'boom_wing', 'boom_hull', 'boom_hose', 'dish', 'probe'])

--- Train Set ---
Specified proportion:  0.75
Actual proportion: 0.7499100765633832
Total count: 14594
Class count:
	kc-46: 14594
Part count:
	wing: 36794982
	fuselage: 52022720
	engine: 8624039
	hstab: 10785553
	vstab: 8618514
	landing_gear: 0
	armament: 0
	boom_wing: 1028412
	boom_hull: 1548113
	boom_hose: 131715
	dish: 0
	probe: 0

--- Validation Set ---
Specified proportion:  0.15
Actual proportion: 0.15004367709778532
Total count: 2920
Class count:
	kc-46: 2920
Part count:
	wing: 7446348
	fuselage: 10299207
	engine: 1747783
	hstab: 2172748
	vstab: 1716193
	landing_gear: 0
	armament: 0
	boom_wing: 205274
	boom_hull: 306350
	boom_hose: 26737
	dish: 0
	probe: 0

--- Test Set ---
Specified proportion:  0.1
Actual proportion: 0.10004624633883151
Total count: 1947
Class count:
	kc-46: 1947
Part count:
	wing: 4831425
	fuselage: 7041772
	engine: 1119450
	hstab: 1445899
	vstab: 1158434
	landing_gear: 0
	armament: 0
	boom_wing: 131328
	boom_hull: 202819
	boom_hose: 18697
	dish: 0
	probe: 0

2026-01-29 00:10:38,922 - root - INFO - The following datasets were found in data/kc46_lidar_lr01_5_20_final:
2026-01-29 00:10:38,923 - root - INFO - 	-> pc_set.joblib	
2026-01-29 00:10:38,923 - root - INFO - Adding data set 1 of 4
2026-01-29 00:10:39,191 - root - INFO - Parsing frames in /mnt/d/pieschl_data_collects/sim_kc46_lidar/collect_2026.Jan.22_23.51.26.8719556.UTC...
2026-01-29 00:11:36,520 - root - INFO - Failed to add file /mnt/d/pieschl_data_collects/sim_kc46_lidar/collect_2026.Jan.22_23.51.26.8719556.UTC/Lidar/frame_5000.txt:
	FileNotFoundError : [Errno 2] No such file or directory: '/mnt/d/pieschl_data_collects/sim_kc46_lidar/collect_2026.Jan.22_23.51.26.8719556.UTC/Lidar/frame_5000.txt'
2026-01-29 00:11:36,524 - root - INFO - Failed to add file /mnt/d/pieschl_data_collects/sim_kc46_lidar/collect_2026.Jan.22_23.51.26.8719556.UTC/Lidar/frame_5001.txt:
	FileNotFoundError : [Errno 2] No such file or directory: '/mnt/d/pieschl_data_collects/sim_kc46_lidar/collect_2026.Jan.22_23.51.26.8719556.UTC/Lidar/frame_5001.txt'
2026-01-29 00:11:48,498 - root - INFO - Adding data set 2 of 4
2026-01-29 00:11:48,749 - root - INFO - Parsing frames in /mnt/d/pieschl_data_collects/sim_kc46_lidar/collect_2026.Jan.22_23.53.34.5658074.UTC...
2026-01-29 00:12:18,129 - root - INFO - Failed to add file /mnt/d/pieschl_data_collects/sim_kc46_lidar/collect_2026.Jan.22_23.53.34.5658074.UTC/Lidar/frame_5000.txt:
	FileNotFoundError : [Errno 2] No such file or directory: '/mnt/d/pieschl_data_collects/sim_kc46_lidar/collect_2026.Jan.22_23.53.34.5658074.UTC/Lidar/frame_5000.txt'
2026-01-29 00:12:18,130 - root - INFO - Failed to add file /mnt/d/pieschl_data_collects/sim_kc46_lidar/collect_2026.Jan.22_23.53.34.5658074.UTC/Lidar/frame_5001.txt:
	FileNotFoundError : [Errno 2] No such file or directory: '/mnt/d/pieschl_data_collects/sim_kc46_lidar/collect_2026.Jan.22_23.53.34.5658074.UTC/Lidar/frame_5001.txt'
2026-01-29 00:12:27,037 - root - INFO - Adding data set 3 of 4
2026-01-29 00:12:27,326 - root - INFO - Parsing frames in /mnt/d/pieschl_data_collects/sim_kc46_lidar/collect_2026.Jan.23_00.00.26.2538193.UTC...
2026-01-29 00:12:58,154 - root - INFO - Failed to add file /mnt/d/pieschl_data_collects/sim_kc46_lidar/collect_2026.Jan.23_00.00.26.2538193.UTC/Lidar/frame_5000.txt:
	FileNotFoundError : [Errno 2] No such file or directory: '/mnt/d/pieschl_data_collects/sim_kc46_lidar/collect_2026.Jan.23_00.00.26.2538193.UTC/Lidar/frame_5000.txt'
2026-01-29 00:12:58,155 - root - INFO - Failed to add file /mnt/d/pieschl_data_collects/sim_kc46_lidar/collect_2026.Jan.23_00.00.26.2538193.UTC/Lidar/frame_5001.txt:
	FileNotFoundError : [Errno 2] No such file or directory: '/mnt/d/pieschl_data_collects/sim_kc46_lidar/collect_2026.Jan.23_00.00.26.2538193.UTC/Lidar/frame_5001.txt'
2026-01-29 00:13:07,997 - root - INFO - Adding data set 4 of 4
2026-01-29 00:13:08,284 - root - INFO - Parsing frames in /mnt/d/pieschl_data_collects/sim_kc46_lidar/collect_2026.Jan.23_00.04.35.9506687.UTC...
2026-01-29 00:13:57,974 - root - INFO - Failed to add file /mnt/d/pieschl_data_collects/sim_kc46_lidar/collect_2026.Jan.23_00.04.35.9506687.UTC/Lidar/frame_5000.txt:
	FileNotFoundError : [Errno 2] No such file or directory: '/mnt/d/pieschl_data_collects/sim_kc46_lidar/collect_2026.Jan.23_00.04.35.9506687.UTC/Lidar/frame_5000.txt'
2026-01-29 00:13:57,976 - root - INFO - Failed to add file /mnt/d/pieschl_data_collects/sim_kc46_lidar/collect_2026.Jan.23_00.04.35.9506687.UTC/Lidar/frame_5001.txt:
	FileNotFoundError : [Errno 2] No such file or directory: '/mnt/d/pieschl_data_collects/sim_kc46_lidar/collect_2026.Jan.23_00.04.35.9506687.UTC/Lidar/frame_5001.txt'
2026-01-29 00:14:07,841 - root - INFO - 
Datasets added successfully:

2026-01-29 00:14:07,847 - root - INFO - final
Random seed: 42
Class labels: dict_keys(['f-15_model', 'a-10', 'b-1b', 'b-2', 'c-5', 'c-12', 'c-17a', 'c-32', 'c-130j', 'e-3', 'f-15e', 'f-16', 'f-18e', 'f-22', 'g-iii', 'kc-46', 'kc-135', 'lj-25', 'mig-29', 'mq-20', 'su-27', 'vc-25a', 'x-47b'])
Part labels: dict_keys(['wing', 'fuselage', 'engine', 'hstab', 'vstab', 'landing_gear', 'armament', 'boom_wing', 'boom_hull', 'boom_hose', 'dish', 'probe'])

--- Train Set ---
Specified proportion:  0.75
Actual proportion: 0.7499100765633832
Total count: 14594
Class count:
	kc-46: 14594
Part count:
	wing: 36697301
	fuselage: 52065253
	engine: 8639335
	hstab: 10809711
	vstab: 8631804
	landing_gear: 0
	armament: 0
	boom_wing: 1031612
	boom_hull: 1545828
	boom_hose: 133204
	dish: 0
	probe: 0

--- Validation Set ---
Specified proportion:  0.15
Actual proportion: 0.15004367709778532
Total count: 2920
Class count:
	kc-46: 2920
Part count:
	wing: 7404137
	fuselage: 10395191
	engine: 1701070
	hstab: 2159499
	vstab: 1732230
	landing_gear: 0
	armament: 0
	boom_wing: 199512
	boom_hull: 303451
	boom_hose: 25550
	dish: 0
	probe: 0

--- Test Set ---
Specified proportion:  0.1
Actual proportion: 0.10004624633883151
Total count: 1947
Class count:
	kc-46: 1947
Part count:
	wing: 4967011
	fuselage: 6912707
	engine: 1144503
	hstab: 1435544
	vstab: 1130133
	landing_gear: 0
	armament: 0
	boom_wing: 135765
	boom_hull: 206164
	boom_hose: 17997
	dish: 0
	probe: 0

2026-01-29 00:14:08,933 - root - INFO - PointNet Build
2026-01-29 00:14:08,933 - root - INFO - 	Trainable Layers
2026-01-29 00:14:08,933 - root - INFO - 		-> input_normalization: False
2026-01-29 00:14:08,934 - root - INFO - 		-> input_transform: True
2026-01-29 00:14:08,934 - root - INFO - 		-> s1_l1_64_convolution_layer: True
2026-01-29 00:14:08,934 - root - INFO - 		-> s1_l2_64_convolution_layer: True
2026-01-29 00:14:08,934 - root - INFO - 		-> feature_transform: True
2026-01-29 00:14:08,934 - root - INFO - 		-> s2_l1_64_convolution_layer: True
2026-01-29 00:14:08,935 - root - INFO - 		-> s2_l2_128_convolution_layer: True
2026-01-29 00:14:08,935 - root - INFO - 		-> s2_l3_1024_convolution_layer: True
2026-01-29 00:14:08,935 - root - INFO - 		-> s3_l1_512_dense_layer: True
2026-01-29 00:14:08,935 - root - INFO - 		-> s3_l2_256_dense_layer: True
2026-01-29 00:14:08,935 - root - INFO - 		-> output_dense_layer: True
2026-01-29 00:14:08,935 - root - INFO - 		-> seg_l1_512_convolution_layer: False
2026-01-29 00:14:08,936 - root - INFO - 		-> seg_l2_256_convolution_layer: False
2026-01-29 00:14:08,936 - root - INFO - 		-> seg_l3_128_convolution_layer: False
2026-01-29 00:14:08,936 - root - INFO - 		-> seg_l4_128_convolution_layer: False
2026-01-29 00:14:08,936 - root - INFO - 		-> seg_l5_output_convolution_layer: False
2026-01-29 00:17:07,897 - h5py._conv - DEBUG - Creating converter from 5 to 3
2026-01-29 01:42:11,206 - tf2onnx.tfonnx - INFO - Using tensorflow=2.20.0, onnx=1.17.0, tf2onnx=1.16.1/15c810
2026-01-29 01:42:11,206 - tf2onnx.tfonnx - INFO - Using opset <onnx, 13>
2026-01-29 01:42:11,273 - tf2onnx.tf_utils - INFO - Computed 0 values for constant folding
2026-01-29 01:42:11,320 - tf2onnx.graph - DEBUG - Making node: Name=Identity, OP=Identity
2026-01-29 01:42:11,321 - tf2onnx.graph - DEBUG - Made node: Identity
OP=Identity
Name=Identity
Inputs:
	point_net_1/output_dense_layer_1/Softmax:0=Softmax, [-1, 23], 1
Outpus:
	Identity_raw_output___4:0=[-1, 23], 1
2026-01-29 01:42:11,322 - tf2onnx.graph - DEBUG - Making node: Name=Identity_graph_outputs_Identity__5, OP=Identity
2026-01-29 01:42:11,322 - tf2onnx.graph - DEBUG - Made node: Identity_graph_outputs_Identity__5
OP=Identity
Name=Identity_graph_outputs_Identity__5
Inputs:
	Identity_raw_output___4:0=Identity, [-1, 23], 1
Outpus:
	Identity:0=[-1, 23], 1
2026-01-29 01:42:11,323 - tf2onnx.graph - DEBUG - Making node: Name=Identity_2, OP=Identity
2026-01-29 01:42:11,324 - tf2onnx.graph - DEBUG - Made node: Identity_2
OP=Identity
Name=Identity_2
Inputs:
	point_net_1/Squeeze_2:0=Squeeze, [-1, 8192, 12], 1
Outpus:
	Identity_2_raw_output___6:0=[-1, 8192, 12], 1
2026-01-29 01:42:11,324 - tf2onnx.graph - DEBUG - Making node: Name=Identity_2_graph_outputs_Identity__7, OP=Identity
2026-01-29 01:42:11,325 - tf2onnx.graph - DEBUG - Made node: Identity_2_graph_outputs_Identity__7
OP=Identity
Name=Identity_2_graph_outputs_Identity__7
Inputs:
	Identity_2_raw_output___6:0=Identity, [-1, 8192, 12], 1
Outpus:
	Identity_2:0=[-1, 8192, 12], 1
2026-01-29 01:42:11,325 - tf2onnx.graph - DEBUG - Making node: Name=Identity_1, OP=Identity
2026-01-29 01:42:11,325 - tf2onnx.graph - DEBUG - Made node: Identity_1
OP=Identity
Name=Identity_1
Inputs:
	point_net_1/input_transform_1/add:0=AddV2, [-1, 3, 3], 1
Outpus:
	Identity_1_raw_output___8:0=[-1, 3, 3], 1
2026-01-29 01:42:11,326 - tf2onnx.graph - DEBUG - Making node: Name=Identity_1_graph_outputs_Identity__9, OP=Identity
2026-01-29 01:42:11,326 - tf2onnx.graph - DEBUG - Made node: Identity_1_graph_outputs_Identity__9
OP=Identity
Name=Identity_1_graph_outputs_Identity__9
Inputs:
	Identity_1_raw_output___8:0=Identity, [-1, 3, 3], 1
Outpus:
	Identity_1:0=[-1, 3, 3], 1
2026-01-29 01:42:11,328 - tf2onnx.tfonnx - ERROR - rewriter <function rewrite_constant_fold at 0x7d7a0c8113f0>: exception `np.cast` was removed in the NumPy 2.0 release. Use `np.asarray(arr, dtype=dtype)` instead.
2026-01-29 01:42:11,425 - tf2onnx.tfonnx - INFO - ['Traceback (most recent call last):\n', '  File "/mnt/c/repos/PointCloudProcessing/point_cloud_analysis/.venv/lib/python3.10/site-packages/tf2onnx/tfonnx.py", line 375, in run_rewriters\n    ops = func(g, g.get_nodes())\n', '  File "/mnt/c/repos/PointCloudProcessing/point_cloud_analysis/.venv/lib/python3.10/site-packages/tf2onnx/tfonnx.py", line 77, in rewrite_constant_fold\n    "Cast": np.cast,\n', '  File "/mnt/c/repos/PointCloudProcessing/point_cloud_analysis/.venv/lib/python3.10/site-packages/numpy/__init__.py", line 400, in __getattr__\n    raise AttributeError(\n', 'AttributeError: `np.cast` was removed in the NumPy 2.0 release. Use `np.asarray(arr, dtype=dtype)` instead.\n']
2026-01-29 01:42:11,443 - tf2onnx.rewriter.lstm_rewriter - DEBUG - enter lstm rewriter
2026-01-29 01:42:11,447 - tf2onnx.rewriter.gru_rewriter - DEBUG - enter gru rewriter
2026-01-29 01:42:11,450 - tf2onnx.rewriter.custom_rnn_rewriter - DEBUG - enter custom rnn rewriter
2026-01-29 01:42:11,453 - tf2onnx.rewriter.loop_rewriter - DEBUG - enter loop rewriter
2026-01-29 01:42:11,455 - tf2onnx.rewriter.cond_rewriter - DEBUG - enter cond pre rewrite
2026-01-29 01:42:11,462 - tf2onnx.tfonnx - VERBOSE - Mapping TF node to ONNX node(s)
2026-01-29 01:42:11,463 - tf2onnx.tfonnx - DEBUG - Process node: point_net_1/seg_l5_output_convolution_layer_1/seg_l5_output_convolution_layer_1/convolution/ReadVariableOp
OP=Const
Name=point_net_1/seg_l5_output_convolution_layer_1/seg_l5_output_convolution_layer_1/convolution/ReadVariableOp
Outpus:
	point_net_1/seg_l5_output_convolution_layer_1/seg_l5_output_convolution_layer_1/convolution/ReadVariableOp:0=[1, 1, 128, 12], 1
2026-01-29 01:42:11,463 - tf2onnx.tfonnx - DEBUG - Process node: point_net_1/seg_l4_128_convolution_layer_1/seg_l4_128_convolution_layer_1/convolution/merged_input
OP=Const
Name=point_net_1/seg_l4_128_convolution_layer_1/seg_l4_128_convolution_layer_1/convolution/merged_input
Outpus:
	point_net_1/seg_l4_128_convolution_layer_1/seg_l4_128_convolution_layer_1/convolution/merged_input:0=[1, 1, 128, 128], 1
2026-01-29 01:42:11,464 - tf2onnx.tfonnx - DEBUG - Process node: point_net_1/seg_l3_128_convolution_layer_1/seg_l3_128_convolution_layer_1/convolution/merged_input
OP=Const
Name=point_net_1/seg_l3_128_convolution_layer_1/seg_l3_128_convolution_layer_1/convolution/merged_input
Outpus:
	point_net_1/seg_l3_128_convolution_layer_1/seg_l3_128_convolution_layer_1/convolution/merged_input:0=[1, 1, 256, 128], 1
2026-01-29 01:42:11,464 - tf2onnx.tfonnx - DEBUG - Process node: point_net_1/seg_l2_256_convolution_layer_1/seg_l2_256_convolution_layer_1/convolution/merged_input
OP=Const
Name=point_net_1/seg_l2_256_convolution_layer_1/seg_l2_256_convolution_layer_1/convolution/merged_input
Outpus:
	point_net_1/seg_l2_256_convolution_layer_1/seg_l2_256_convolution_layer_1/convolution/merged_input:0=[1, 1, 512, 256], 1
2026-01-29 01:42:11,465 - tf2onnx.tfonnx - DEBUG - Process node: point_net_1/seg_l1_512_convolution_layer_1/seg_l1_512_convolution_layer_1/convolution/merged_input
OP=Const
Name=point_net_1/seg_l1_512_convolution_layer_1/seg_l1_512_convolution_layer_1/convolution/merged_input
Outpus:
	point_net_1/seg_l1_512_convolution_layer_1/seg_l1_512_convolution_layer_1/convolution/merged_input:0=[1, 1, 1088, 512], 1
2026-01-29 01:42:11,466 - tf2onnx.tfonnx - DEBUG - Process node: point_net_1/s3_l2_256_dense_layer_1/s3_l2_256_dense_layer_1/Cast/ReadVariableOp
OP=Const
Name=point_net_1/s3_l2_256_dense_layer_1/s3_l2_256_dense_layer_1/Cast/ReadVariableOp
Outpus:
	point_net_1/s3_l2_256_dense_layer_1/s3_l2_256_dense_layer_1/Cast/ReadVariableOp:0=[512, 256], 1
2026-01-29 01:42:11,467 - tf2onnx.tfonnx - DEBUG - Process node: point_net_1/s3_l2_256_dense_layer_1/batch_normalization_16_1/batchnorm/sub
OP=Const
Name=point_net_1/s3_l2_256_dense_layer_1/batch_normalization_16_1/batchnorm/sub
Outpus:
	point_net_1/s3_l2_256_dense_layer_1/batch_normalization_16_1/batchnorm/sub:0=[256], 1
2026-01-29 01:42:11,467 - tf2onnx.tfonnx - DEBUG - Process node: point_net_1/s3_l2_256_dense_layer_1/batch_normalization_16_1/batchnorm/mul
OP=Const
Name=point_net_1/s3_l2_256_dense_layer_1/batch_normalization_16_1/batchnorm/mul
Outpus:
	point_net_1/s3_l2_256_dense_layer_1/batch_normalization_16_1/batchnorm/mul:0=[256], 1
2026-01-29 01:42:11,467 - tf2onnx.tfonnx - DEBUG - Process node: point_net_1/s3_l1_512_dense_layer_1/s3_l1_512_dense_layer_1/Cast/ReadVariableOp
OP=Const
Name=point_net_1/s3_l1_512_dense_layer_1/s3_l1_512_dense_layer_1/Cast/ReadVariableOp
Outpus:
	point_net_1/s3_l1_512_dense_layer_1/s3_l1_512_dense_layer_1/Cast/ReadVariableOp:0=[1024, 512], 1
2026-01-29 01:42:11,468 - tf2onnx.tfonnx - DEBUG - Process node: point_net_1/s3_l1_512_dense_layer_1/batch_normalization_15_1/batchnorm/sub
OP=Const
Name=point_net_1/s3_l1_512_dense_layer_1/batch_normalization_15_1/batchnorm/sub
Outpus:
	point_net_1/s3_l1_512_dense_layer_1/batch_normalization_15_1/batchnorm/sub:0=[512], 1
2026-01-29 01:42:11,468 - tf2onnx.tfonnx - DEBUG - Process node: point_net_1/s3_l1_512_dense_layer_1/batch_normalization_15_1/batchnorm/mul
OP=Const
Name=point_net_1/s3_l1_512_dense_layer_1/batch_normalization_15_1/batchnorm/mul
Outpus:
	point_net_1/s3_l1_512_dense_layer_1/batch_normalization_15_1/batchnorm/mul:0=[512], 1
2026-01-29 01:42:11,469 - tf2onnx.tfonnx - DEBUG - Process node: point_net_1/s2_l3_1024_convolution_layer_1/s2_l3_1024_convolution_layer_1/convolution/merged_input
OP=Const
Name=point_net_1/s2_l3_1024_convolution_layer_1/s2_l3_1024_convolution_layer_1/convolution/merged_input
Outpus:
	point_net_1/s2_l3_1024_convolution_layer_1/s2_l3_1024_convolution_layer_1/convolution/merged_input:0=[1, 1, 128, 1024], 1
2026-01-29 01:42:11,469 - tf2onnx.tfonnx - DEBUG - Process node: point_net_1/s2_l3_1024_convolution_layer_1/batch_normalization_14_1/batchnorm/sub
OP=Const
Name=point_net_1/s2_l3_1024_convolution_layer_1/batch_normalization_14_1/batchnorm/sub
Outpus:
	point_net_1/s2_l3_1024_convolution_layer_1/batch_normalization_14_1/batchnorm/sub:0=[1024], 1
2026-01-29 01:42:11,470 - tf2onnx.tfonnx - DEBUG - Process node: point_net_1/s2_l2_128_convolution_layer_1/s2_l2_128_convolution_layer_1/convolution/merged_input
OP=Const
Name=point_net_1/s2_l2_128_convolution_layer_1/s2_l2_128_convolution_layer_1/convolution/merged_input
Outpus:
	point_net_1/s2_l2_128_convolution_layer_1/s2_l2_128_convolution_layer_1/convolution/merged_input:0=[1, 1, 64, 128], 1
2026-01-29 01:42:11,470 - tf2onnx.tfonnx - DEBUG - Process node: point_net_1/s2_l2_128_convolution_layer_1/batch_normalization_13_1/batchnorm/sub
OP=Const
Name=point_net_1/s2_l2_128_convolution_layer_1/batch_normalization_13_1/batchnorm/sub
Outpus:
	point_net_1/s2_l2_128_convolution_layer_1/batch_normalization_13_1/batchnorm/sub:0=[128], 1
2026-01-29 01:42:11,471 - tf2onnx.tfonnx - DEBUG - Process node: point_net_1/s2_l1_64_convolution_layer_1/s2_l1_64_convolution_layer_1/convolution/merged_input
OP=Const
Name=point_net_1/s2_l1_64_convolution_layer_1/s2_l1_64_convolution_layer_1/convolution/merged_input
Outpus:
	point_net_1/s2_l1_64_convolution_layer_1/s2_l1_64_convolution_layer_1/convolution/merged_input:0=[1, 1, 64, 64], 1
2026-01-29 01:42:11,471 - tf2onnx.tfonnx - DEBUG - Process node: point_net_1/s2_l1_64_convolution_layer_1/batch_normalization_12_1/batchnorm/sub
OP=Const
Name=point_net_1/s2_l1_64_convolution_layer_1/batch_normalization_12_1/batchnorm/sub
Outpus:
	point_net_1/s2_l1_64_convolution_layer_1/batch_normalization_12_1/batchnorm/sub:0=[64], 1
2026-01-29 01:42:11,471 - tf2onnx.tfonnx - DEBUG - Process node: point_net_1/s1_l2_64_convolution_layer_1/s1_l2_64_convolution_layer_1/convolution/merged_input
OP=Const
Name=point_net_1/s1_l2_64_convolution_layer_1/s1_l2_64_convolution_layer_1/convolution/merged_input
Outpus:
	point_net_1/s1_l2_64_convolution_layer_1/s1_l2_64_convolution_layer_1/convolution/merged_input:0=[1, 1, 64, 64], 1
2026-01-29 01:42:11,471 - tf2onnx.tfonnx - DEBUG - Process node: point_net_1/s1_l2_64_convolution_layer_1/batch_normalization_6_1/batchnorm/sub
OP=Const
Name=point_net_1/s1_l2_64_convolution_layer_1/batch_normalization_6_1/batchnorm/sub
Outpus:
	point_net_1/s1_l2_64_convolution_layer_1/batch_normalization_6_1/batchnorm/sub:0=[64], 1
2026-01-29 01:42:11,472 - tf2onnx.tfonnx - DEBUG - Process node: point_net_1/s1_l1_64_convolution_layer_1/s1_l1_64_convolution_layer_1/convolution/merged_input
OP=Const
Name=point_net_1/s1_l1_64_convolution_layer_1/s1_l1_64_convolution_layer_1/convolution/merged_input
Outpus:
	point_net_1/s1_l1_64_convolution_layer_1/s1_l1_64_convolution_layer_1/convolution/merged_input:0=[1, 1, 3, 64], 1
2026-01-29 01:42:11,472 - tf2onnx.tfonnx - DEBUG - Process node: point_net_1/s1_l1_64_convolution_layer_1/batch_normalization_5_1/batchnorm/sub
OP=Const
Name=point_net_1/s1_l1_64_convolution_layer_1/batch_normalization_5_1/batchnorm/sub
Outpus:
	point_net_1/s1_l1_64_convolution_layer_1/batch_normalization_5_1/batchnorm/sub:0=[64], 1
2026-01-29 01:42:11,472 - tf2onnx.tfonnx - DEBUG - Process node: point_net_1/output_dense_layer_1/output_dense_layer_1/Cast/ReadVariableOp
OP=Const
Name=point_net_1/output_dense_layer_1/output_dense_layer_1/Cast/ReadVariableOp
Outpus:
	point_net_1/output_dense_layer_1/output_dense_layer_1/Cast/ReadVariableOp:0=[256, 23], 1
2026-01-29 01:42:11,472 - tf2onnx.tfonnx - DEBUG - Process node: point_net_1/output_dense_layer_1/output_dense_layer_1/BiasAdd/ReadVariableOp
OP=Const
Name=point_net_1/output_dense_layer_1/output_dense_layer_1/BiasAdd/ReadVariableOp
Outpus:
	point_net_1/output_dense_layer_1/output_dense_layer_1/BiasAdd/ReadVariableOp:0=[23], 1
2026-01-29 01:42:11,472 - tf2onnx.tfonnx - DEBUG - Process node: point_net_1/input_transform_1/input_transform_dense_layer_2_dense_layer_1/input_transform_dense_layer_2_dense_layer_1/Cast/ReadVariableOp
OP=Const
Name=point_net_1/input_transform_1/input_transform_dense_layer_2_dense_layer_1/input_transform_dense_layer_2_dense_layer_1/Cast/ReadVariableOp
Outpus:
	point_net_1/input_transform_1/input_transform_dense_layer_2_dense_layer_1/input_transform_dense_layer_2_dense_layer_1/Cast/ReadVariableOp:0=[512, 256], 1
2026-01-29 01:42:11,472 - tf2onnx.tfonnx - DEBUG - Process node: point_net_1/input_transform_1/input_transform_dense_layer_2_dense_layer_1/batch_normalization_4_1/batchnorm/sub
OP=Const
Name=point_net_1/input_transform_1/input_transform_dense_layer_2_dense_layer_1/batch_normalization_4_1/batchnorm/sub
Outpus:
	point_net_1/input_transform_1/input_transform_dense_layer_2_dense_layer_1/batch_normalization_4_1/batchnorm/sub:0=[256], 1
2026-01-29 01:42:11,473 - tf2onnx.tfonnx - DEBUG - Process node: point_net_1/input_transform_1/input_transform_dense_layer_2_dense_layer_1/batch_normalization_4_1/batchnorm/mul
OP=Const
Name=point_net_1/input_transform_1/input_transform_dense_layer_2_dense_layer_1/batch_normalization_4_1/batchnorm/mul
Outpus:
	point_net_1/input_transform_1/input_transform_dense_layer_2_dense_layer_1/batch_normalization_4_1/batchnorm/mul:0=[256], 1
2026-01-29 01:42:11,473 - tf2onnx.tfonnx - DEBUG - Process node: point_net_1/input_transform_1/input_transform_dense_layer_1_dense_layer_1/input_transform_dense_layer_1_dense_layer_1/Cast/ReadVariableOp
OP=Const
Name=point_net_1/input_transform_1/input_transform_dense_layer_1_dense_layer_1/input_transform_dense_layer_1_dense_layer_1/Cast/ReadVariableOp
Outpus:
	point_net_1/input_transform_1/input_transform_dense_layer_1_dense_layer_1/input_transform_dense_layer_1_dense_layer_1/Cast/ReadVariableOp:0=[1024, 512], 1
2026-01-29 01:42:11,473 - tf2onnx.tfonnx - DEBUG - Process node: point_net_1/input_transform_1/input_transform_dense_layer_1_dense_layer_1/batch_normalization_3_1/batchnorm/sub
OP=Const
Name=point_net_1/input_transform_1/input_transform_dense_layer_1_dense_layer_1/batch_normalization_3_1/batchnorm/sub
Outpus:
	point_net_1/input_transform_1/input_transform_dense_layer_1_dense_layer_1/batch_normalization_3_1/batchnorm/sub:0=[512], 1
2026-01-29 01:42:11,473 - tf2onnx.tfonnx - DEBUG - Process node: point_net_1/input_transform_1/input_transform_dense_layer_1_dense_layer_1/batch_normalization_3_1/batchnorm/mul
OP=Const
Name=point_net_1/input_transform_1/input_transform_dense_layer_1_dense_layer_1/batch_normalization_3_1/batchnorm/mul
Outpus:
	point_net_1/input_transform_1/input_transform_dense_layer_1_dense_layer_1/batch_normalization_3_1/batchnorm/mul:0=[512], 1
2026-01-29 01:42:11,474 - tf2onnx.tfonnx - DEBUG - Process node: point_net_1/input_transform_1/input_transform_convolution_layer_3_convolution_layer_1/input_transform_convolution_layer_3_convolution_layer_1/convolution/merged_input
OP=Const
Name=point_net_1/input_transform_1/input_transform_convolution_layer_3_convolution_layer_1/input_transform_convolution_layer_3_convolution_layer_1/convolution/merged_input
Outpus:
	point_net_1/input_transform_1/input_transform_convolution_layer_3_convolution_layer_1/input_transform_convolution_layer_3_convolution_layer_1/convolution/merged_input:0=[1, 1, 128, 1024], 1
2026-01-29 01:42:11,474 - tf2onnx.tfonnx - DEBUG - Process node: point_net_1/input_transform_1/input_transform_convolution_layer_3_convolution_layer_1/batch_normalization_2_1/batchnorm/sub
OP=Const
Name=point_net_1/input_transform_1/input_transform_convolution_layer_3_convolution_layer_1/batch_normalization_2_1/batchnorm/sub
Outpus:
	point_net_1/input_transform_1/input_transform_convolution_layer_3_convolution_layer_1/batch_normalization_2_1/batchnorm/sub:0=[1024], 1
2026-01-29 01:42:11,474 - tf2onnx.tfonnx - DEBUG - Process node: point_net_1/input_transform_1/input_transform_convolution_layer_2_convolution_layer_1/input_transform_convolution_layer_2_convolution_layer_1/convolution/merged_input
OP=Const
Name=point_net_1/input_transform_1/input_transform_convolution_layer_2_convolution_layer_1/input_transform_convolution_layer_2_convolution_layer_1/convolution/merged_input
Outpus:
	point_net_1/input_transform_1/input_transform_convolution_layer_2_convolution_layer_1/input_transform_convolution_layer_2_convolution_layer_1/convolution/merged_input:0=[1, 1, 64, 128], 1
2026-01-29 01:42:11,474 - tf2onnx.tfonnx - DEBUG - Process node: point_net_1/input_transform_1/input_transform_convolution_layer_2_convolution_layer_1/batch_normalization_1_1/batchnorm/sub
OP=Const
Name=point_net_1/input_transform_1/input_transform_convolution_layer_2_convolution_layer_1/batch_normalization_1_1/batchnorm/sub
Outpus:
	point_net_1/input_transform_1/input_transform_convolution_layer_2_convolution_layer_1/batch_normalization_1_1/batchnorm/sub:0=[128], 1
2026-01-29 01:42:11,475 - tf2onnx.tfonnx - DEBUG - Process node: point_net_1/input_transform_1/input_transform_convolution_layer_1_convolution_layer_1/input_transform_convolution_layer_1_convolution_layer_1/convolution/merged_input
OP=Const
Name=point_net_1/input_transform_1/input_transform_convolution_layer_1_convolution_layer_1/input_transform_convolution_layer_1_convolution_layer_1/convolution/merged_input
Outpus:
	point_net_1/input_transform_1/input_transform_convolution_layer_1_convolution_layer_1/input_transform_convolution_layer_1_convolution_layer_1/convolution/merged_input:0=[1, 1, 3, 64], 1
2026-01-29 01:42:11,475 - tf2onnx.tfonnx - DEBUG - Process node: point_net_1/input_transform_1/input_transform_convolution_layer_1_convolution_layer_1/batch_normalization_1/batchnorm/sub
OP=Const
Name=point_net_1/input_transform_1/input_transform_convolution_layer_1_convolution_layer_1/batch_normalization_1/batchnorm/sub
Outpus:
	point_net_1/input_transform_1/input_transform_convolution_layer_1_convolution_layer_1/batch_normalization_1/batchnorm/sub:0=[64], 1
2026-01-29 01:42:11,475 - tf2onnx.tfonnx - DEBUG - Process node: point_net_1/input_transform_1/add/ReadVariableOp
OP=Const
Name=point_net_1/input_transform_1/add/ReadVariableOp
Outpus:
	point_net_1/input_transform_1/add/ReadVariableOp:0=[3, 3], 1
2026-01-29 01:42:11,475 - tf2onnx.tfonnx - DEBUG - Process node: point_net_1/input_transform_1/Reshape/shape
OP=Const
Name=point_net_1/input_transform_1/Reshape/shape
Outpus:
	point_net_1/input_transform_1/Reshape/shape:0=[3], 6
2026-01-29 01:42:11,475 - tf2onnx.tfonnx - DEBUG - Process node: point_net_1/input_transform_1/Max/reduction_indices
OP=Const
Name=point_net_1/input_transform_1/Max/reduction_indices
Outpus:
	point_net_1/input_transform_1/Max/reduction_indices:0=[], 6
2026-01-29 01:42:11,476 - tf2onnx.tfonnx - DEBUG - Process node: point_net_1/input_transform_1/MatMul/ReadVariableOp
OP=Const
Name=point_net_1/input_transform_1/MatMul/ReadVariableOp
Outpus:
	point_net_1/input_transform_1/MatMul/ReadVariableOp:0=[256, 9], 1
2026-01-29 01:42:11,476 - tf2onnx.tfonnx - DEBUG - Process node: point_net_1/input_transform_1/ExpandDims_1/dim
OP=Const
Name=point_net_1/input_transform_1/ExpandDims_1/dim
Outpus:
	point_net_1/input_transform_1/ExpandDims_1/dim:0=[], 6
2026-01-29 01:42:11,476 - tf2onnx.tfonnx - DEBUG - Process node: point_net_1/input_transform_1/ExpandDims/dim
OP=Const
Name=point_net_1/input_transform_1/ExpandDims/dim
Outpus:
	point_net_1/input_transform_1/ExpandDims/dim:0=[], 6
2026-01-29 01:42:11,476 - tf2onnx.tfonnx - DEBUG - Process node: point_net_1/input_normalization_1/Sum/reduction_indices
OP=Const
Name=point_net_1/input_normalization_1/Sum/reduction_indices
Outpus:
	point_net_1/input_normalization_1/Sum/reduction_indices:0=[], 6
2026-01-29 01:42:11,477 - tf2onnx.tfonnx - DEBUG - Process node: point_net_1/input_normalization_1/Mean/reduction_indices
OP=Const
Name=point_net_1/input_normalization_1/Mean/reduction_indices
Outpus:
	point_net_1/input_normalization_1/Mean/reduction_indices:0=[], 6
2026-01-29 01:42:11,477 - tf2onnx.tfonnx - DEBUG - Process node: point_net_1/input_normalization_1/Maximum/y
OP=Const
Name=point_net_1/input_normalization_1/Maximum/y
Outpus:
	point_net_1/input_normalization_1/Maximum/y:0=[], 1
2026-01-29 01:42:11,477 - tf2onnx.tfonnx - DEBUG - Process node: point_net_1/input_normalization_1/Max/reduction_indices
OP=Const
Name=point_net_1/input_normalization_1/Max/reduction_indices
Outpus:
	point_net_1/input_normalization_1/Max/reduction_indices:0=[], 6
2026-01-29 01:42:11,477 - tf2onnx.tfonnx - DEBUG - Process node: point_net_1/input_normalization_1/ExpandDims/dim
OP=Const
Name=point_net_1/input_normalization_1/ExpandDims/dim
Outpus:
	point_net_1/input_normalization_1/ExpandDims/dim:0=[], 6
2026-01-29 01:42:11,477 - tf2onnx.tfonnx - DEBUG - Process node: point_net_1/feature_transform_1/feature_transform_dense_layer_2_dense_layer_1/feature_transform_dense_layer_2_dense_layer_1/Cast/ReadVariableOp
OP=Const
Name=point_net_1/feature_transform_1/feature_transform_dense_layer_2_dense_layer_1/feature_transform_dense_layer_2_dense_layer_1/Cast/ReadVariableOp
Outpus:
	point_net_1/feature_transform_1/feature_transform_dense_layer_2_dense_layer_1/feature_transform_dense_layer_2_dense_layer_1/Cast/ReadVariableOp:0=[512, 256], 1
2026-01-29 01:42:11,478 - tf2onnx.tfonnx - DEBUG - Process node: point_net_1/feature_transform_1/feature_transform_dense_layer_2_dense_layer_1/batch_normalization_11_1/batchnorm/sub
OP=Const
Name=point_net_1/feature_transform_1/feature_transform_dense_layer_2_dense_layer_1/batch_normalization_11_1/batchnorm/sub
Outpus:
	point_net_1/feature_transform_1/feature_transform_dense_layer_2_dense_layer_1/batch_normalization_11_1/batchnorm/sub:0=[256], 1
2026-01-29 01:42:11,478 - tf2onnx.tfonnx - DEBUG - Process node: point_net_1/feature_transform_1/feature_transform_dense_layer_2_dense_layer_1/batch_normalization_11_1/batchnorm/mul
OP=Const
Name=point_net_1/feature_transform_1/feature_transform_dense_layer_2_dense_layer_1/batch_normalization_11_1/batchnorm/mul
Outpus:
	point_net_1/feature_transform_1/feature_transform_dense_layer_2_dense_layer_1/batch_normalization_11_1/batchnorm/mul:0=[256], 1
2026-01-29 01:42:11,478 - tf2onnx.tfonnx - DEBUG - Process node: point_net_1/feature_transform_1/feature_transform_dense_layer_1_dense_layer_1/feature_transform_dense_layer_1_dense_layer_1/Cast/ReadVariableOp
OP=Const
Name=point_net_1/feature_transform_1/feature_transform_dense_layer_1_dense_layer_1/feature_transform_dense_layer_1_dense_layer_1/Cast/ReadVariableOp
Outpus:
	point_net_1/feature_transform_1/feature_transform_dense_layer_1_dense_layer_1/feature_transform_dense_layer_1_dense_layer_1/Cast/ReadVariableOp:0=[1024, 512], 1
2026-01-29 01:42:11,478 - tf2onnx.tfonnx - DEBUG - Process node: point_net_1/feature_transform_1/feature_transform_dense_layer_1_dense_layer_1/batch_normalization_10_1/batchnorm/sub
OP=Const
Name=point_net_1/feature_transform_1/feature_transform_dense_layer_1_dense_layer_1/batch_normalization_10_1/batchnorm/sub
Outpus:
	point_net_1/feature_transform_1/feature_transform_dense_layer_1_dense_layer_1/batch_normalization_10_1/batchnorm/sub:0=[512], 1
2026-01-29 01:42:11,479 - tf2onnx.tfonnx - DEBUG - Process node: point_net_1/feature_transform_1/feature_transform_dense_layer_1_dense_layer_1/batch_normalization_10_1/batchnorm/mul
OP=Const
Name=point_net_1/feature_transform_1/feature_transform_dense_layer_1_dense_layer_1/batch_normalization_10_1/batchnorm/mul
Outpus:
	point_net_1/feature_transform_1/feature_transform_dense_layer_1_dense_layer_1/batch_normalization_10_1/batchnorm/mul:0=[512], 1
2026-01-29 01:42:11,479 - tf2onnx.tfonnx - DEBUG - Process node: point_net_1/feature_transform_1/feature_transform_convolution_layer_3_convolution_layer_1/feature_transform_convolution_layer_3_convolution_layer_1/convolution/merged_input
OP=Const
Name=point_net_1/feature_transform_1/feature_transform_convolution_layer_3_convolution_layer_1/feature_transform_convolution_layer_3_convolution_layer_1/convolution/merged_input
Outpus:
	point_net_1/feature_transform_1/feature_transform_convolution_layer_3_convolution_layer_1/feature_transform_convolution_layer_3_convolution_layer_1/convolution/merged_input:0=[1, 1, 128, 1024], 1
2026-01-29 01:42:11,479 - tf2onnx.tfonnx - DEBUG - Process node: point_net_1/feature_transform_1/feature_transform_convolution_layer_3_convolution_layer_1/batch_normalization_9_1/batchnorm/sub
OP=Const
Name=point_net_1/feature_transform_1/feature_transform_convolution_layer_3_convolution_layer_1/batch_normalization_9_1/batchnorm/sub
Outpus:
	point_net_1/feature_transform_1/feature_transform_convolution_layer_3_convolution_layer_1/batch_normalization_9_1/batchnorm/sub:0=[1024], 1
2026-01-29 01:42:11,479 - tf2onnx.tfonnx - DEBUG - Process node: point_net_1/feature_transform_1/feature_transform_convolution_layer_2_convolution_layer_1/feature_transform_convolution_layer_2_convolution_layer_1/convolution/merged_input
OP=Const
Name=point_net_1/feature_transform_1/feature_transform_convolution_layer_2_convolution_layer_1/feature_transform_convolution_layer_2_convolution_layer_1/convolution/merged_input
Outpus:
	point_net_1/feature_transform_1/feature_transform_convolution_layer_2_convolution_layer_1/feature_transform_convolution_layer_2_convolution_layer_1/convolution/merged_input:0=[1, 1, 64, 128], 1
2026-01-29 01:42:11,480 - tf2onnx.tfonnx - DEBUG - Process node: point_net_1/feature_transform_1/feature_transform_convolution_layer_2_convolution_layer_1/batch_normalization_8_1/batchnorm/sub
OP=Const
Name=point_net_1/feature_transform_1/feature_transform_convolution_layer_2_convolution_layer_1/batch_normalization_8_1/batchnorm/sub
Outpus:
	point_net_1/feature_transform_1/feature_transform_convolution_layer_2_convolution_layer_1/batch_normalization_8_1/batchnorm/sub:0=[128], 1
2026-01-29 01:42:11,480 - tf2onnx.tfonnx - DEBUG - Process node: point_net_1/feature_transform_1/feature_transform_convolution_layer_1_convolution_layer_1/feature_transform_convolution_layer_1_convolution_layer_1/convolution/merged_input
OP=Const
Name=point_net_1/feature_transform_1/feature_transform_convolution_layer_1_convolution_layer_1/feature_transform_convolution_layer_1_convolution_layer_1/convolution/merged_input
Outpus:
	point_net_1/feature_transform_1/feature_transform_convolution_layer_1_convolution_layer_1/feature_transform_convolution_layer_1_convolution_layer_1/convolution/merged_input:0=[1, 1, 64, 64], 1
2026-01-29 01:42:11,480 - tf2onnx.tfonnx - DEBUG - Process node: point_net_1/feature_transform_1/feature_transform_convolution_layer_1_convolution_layer_1/batch_normalization_7_1/batchnorm/sub
OP=Const
Name=point_net_1/feature_transform_1/feature_transform_convolution_layer_1_convolution_layer_1/batch_normalization_7_1/batchnorm/sub
Outpus:
	point_net_1/feature_transform_1/feature_transform_convolution_layer_1_convolution_layer_1/batch_normalization_7_1/batchnorm/sub:0=[64], 1
2026-01-29 01:42:11,481 - tf2onnx.tfonnx - DEBUG - Process node: point_net_1/feature_transform_1/add/ReadVariableOp
OP=Const
Name=point_net_1/feature_transform_1/add/ReadVariableOp
Outpus:
	point_net_1/feature_transform_1/add/ReadVariableOp:0=[64, 64], 1
2026-01-29 01:42:11,481 - tf2onnx.tfonnx - DEBUG - Process node: point_net_1/feature_transform_1/Reshape/shape
OP=Const
Name=point_net_1/feature_transform_1/Reshape/shape
Outpus:
	point_net_1/feature_transform_1/Reshape/shape:0=[3], 6
2026-01-29 01:42:11,481 - tf2onnx.tfonnx - DEBUG - Process node: point_net_1/feature_transform_1/Max/reduction_indices
OP=Const
Name=point_net_1/feature_transform_1/Max/reduction_indices
Outpus:
	point_net_1/feature_transform_1/Max/reduction_indices:0=[], 6
2026-01-29 01:42:11,482 - tf2onnx.tfonnx - DEBUG - Process node: point_net_1/feature_transform_1/MatMul/ReadVariableOp
OP=Const
Name=point_net_1/feature_transform_1/MatMul/ReadVariableOp
Outpus:
	point_net_1/feature_transform_1/MatMul/ReadVariableOp:0=[256, 4096], 1
2026-01-29 01:42:11,482 - tf2onnx.tfonnx - DEBUG - Process node: point_net_1/feature_transform_1/ExpandDims_1/dim
OP=Const
Name=point_net_1/feature_transform_1/ExpandDims_1/dim
Outpus:
	point_net_1/feature_transform_1/ExpandDims_1/dim:0=[], 6
2026-01-29 01:42:11,482 - tf2onnx.tfonnx - DEBUG - Process node: point_net_1/feature_transform_1/ExpandDims/dim
OP=Const
Name=point_net_1/feature_transform_1/ExpandDims/dim
Outpus:
	point_net_1/feature_transform_1/ExpandDims/dim:0=[], 6
2026-01-29 01:42:11,482 - tf2onnx.tfonnx - DEBUG - Process node: point_net_1/concat/axis
OP=Const
Name=point_net_1/concat/axis
Outpus:
	point_net_1/concat/axis:0=[], 6
2026-01-29 01:42:11,483 - tf2onnx.tfonnx - DEBUG - Process node: point_net_1/Tile/multiples
OP=Const
Name=point_net_1/Tile/multiples
Outpus:
	point_net_1/Tile/multiples:0=[3], 6
2026-01-29 01:42:11,483 - tf2onnx.tfonnx - DEBUG - Process node: point_net_1/Max/reduction_indices
OP=Const
Name=point_net_1/Max/reduction_indices
Outpus:
	point_net_1/Max/reduction_indices:0=[], 6
2026-01-29 01:42:11,483 - tf2onnx.tfonnx - DEBUG - Process node: point_net_1/ExpandDims_3/dim
OP=Const
Name=point_net_1/ExpandDims_3/dim
Outpus:
	point_net_1/ExpandDims_3/dim:0=[], 6
2026-01-29 01:42:11,483 - tf2onnx.tfonnx - DEBUG - Process node: point_net_1/ExpandDims_2/dim
OP=Const
Name=point_net_1/ExpandDims_2/dim
Outpus:
	point_net_1/ExpandDims_2/dim:0=[], 6
2026-01-29 01:42:11,484 - tf2onnx.tfonnx - DEBUG - Process node: point_net_1/ExpandDims_1/dim
OP=Const
Name=point_net_1/ExpandDims_1/dim
Outpus:
	point_net_1/ExpandDims_1/dim:0=[], 6
2026-01-29 01:42:11,484 - tf2onnx.tfonnx - DEBUG - Process node: point_net_1/ExpandDims/dim
OP=Const
Name=point_net_1/ExpandDims/dim
Outpus:
	point_net_1/ExpandDims/dim:0=[], 6
2026-01-29 01:42:11,484 - tf2onnx.tfonnx - DEBUG - Process node: args_0
OP=Placeholder
Name=args_0
Outpus:
	args_0=[-1, 8192, 3], 1
2026-01-29 01:42:11,484 - tf2onnx.tfonnx - DEBUG - Process node: point_net_1/input_normalization_1/Mean
OP=Mean
Name=point_net_1/input_normalization_1/Mean
Inputs:
	args_0=Placeholder, [-1, 8192, 3], 1
	point_net_1/input_normalization_1/Mean/reduction_indices:0=Const, [], 6
Outpus:
	point_net_1/input_normalization_1/Mean:0=[-1, 1, 3], 1
2026-01-29 01:42:11,485 - tf2onnx.tfonnx - DEBUG - Process node: point_net_1/input_normalization_1/sub
OP=Sub
Name=point_net_1/input_normalization_1/sub
Inputs:
	args_0=Placeholder, [-1, 8192, 3], 1
	point_net_1/input_normalization_1/Mean:0=ReduceMean, [-1, 1, 3], 1
Outpus:
	point_net_1/input_normalization_1/sub:0=[-1, 8192, 3], 1
2026-01-29 01:42:11,485 - tf2onnx.tfonnx - DEBUG - Process node: point_net_1/input_normalization_1/Square
OP=Square
Name=point_net_1/input_normalization_1/Square
Inputs:
	point_net_1/input_normalization_1/sub:0=Sub, [-1, 8192, 3], 1
Outpus:
	point_net_1/input_normalization_1/Square:0=[-1, 8192, 3], 1
2026-01-29 01:42:11,485 - tf2onnx.tfonnx - DEBUG - Process node: point_net_1/input_normalization_1/Sum
OP=Sum
Name=point_net_1/input_normalization_1/Sum
Inputs:
	point_net_1/input_normalization_1/Square:0=Mul, [-1, 8192, 3], 1
	point_net_1/input_normalization_1/Sum/reduction_indices:0=Const, [], 6
Outpus:
	point_net_1/input_normalization_1/Sum:0=[-1, 8192], 1
2026-01-29 01:42:11,485 - tf2onnx.graph - DEBUG - Making node: Name=point_net_1/input_normalization_1/Sum__10, OP=Cast
2026-01-29 01:42:11,486 - tf2onnx.graph - DEBUG - Infer shape and dtype for [point_net_1/input_normalization_1/Sum__10]
2026-01-29 01:42:11,488 - tf2onnx.graph - DEBUG - Set dtype of [point_net_1/input_normalization_1/Sum__10:0] to 7
2026-01-29 01:42:11,488 - tf2onnx.graph - DEBUG - Set shape of [point_net_1/input_normalization_1/Sum__10:0] to []
2026-01-29 01:42:11,488 - tf2onnx.graph - DEBUG - Made node: point_net_1/input_normalization_1/Sum__10
OP=Cast
Name=point_net_1/input_normalization_1/Sum__10
Inputs:
	point_net_1/input_normalization_1/Sum/reduction_indices:0=Const, [], 6
Outpus:
	point_net_1/input_normalization_1/Sum__10:0=[], 7
2026-01-29 01:42:11,489 - tf2onnx.graph - DEBUG - Making node: Name=reshape_const__11, OP=Const
2026-01-29 01:42:11,489 - tf2onnx.graph - DEBUG - Made node: reshape_const__11
OP=Const
Name=reshape_const__11
Outpus:
	reshape_const__11=None, 7
2026-01-29 01:42:11,489 - tf2onnx.graph - DEBUG - Making node: Name=point_net_1/input_normalization_1/Sum__12, OP=Reshape
2026-01-29 01:42:11,489 - tf2onnx.graph - DEBUG - Infer shape and dtype for [point_net_1/input_normalization_1/Sum__12]
2026-01-29 01:42:11,490 - tf2onnx.graph - DEBUG - Set dtype of [point_net_1/input_normalization_1/Sum__12:0] to 7
2026-01-29 01:42:11,490 - tf2onnx.graph - DEBUG - Set shape of [point_net_1/input_normalization_1/Sum__12:0] to [1]
2026-01-29 01:42:11,490 - tf2onnx.graph - DEBUG - Made node: point_net_1/input_normalization_1/Sum__12
OP=Reshape
Name=point_net_1/input_normalization_1/Sum__12
Inputs:
	point_net_1/input_normalization_1/Sum__10:0=Cast, [], 7
	reshape_const__11=Const, [1], 7
Outpus:
	point_net_1/input_normalization_1/Sum__12:0=[1], 7
2026-01-29 01:42:11,490 - tf2onnx.tfonnx - DEBUG - Process node: point_net_1/input_normalization_1/Sqrt
OP=Sqrt
Name=point_net_1/input_normalization_1/Sqrt
Inputs:
	point_net_1/input_normalization_1/Sum:0=ReduceSum, [-1, 8192], 1
Outpus:
	point_net_1/input_normalization_1/Sqrt:0=[-1, 8192], 1
2026-01-29 01:42:11,491 - tf2onnx.tfonnx - DEBUG - Process node: point_net_1/input_normalization_1/Max
OP=Max
Name=point_net_1/input_normalization_1/Max
Inputs:
	point_net_1/input_normalization_1/Sqrt:0=Sqrt, [-1, 8192], 1
	point_net_1/input_normalization_1/Max/reduction_indices:0=Const, [], 6
Outpus:
	point_net_1/input_normalization_1/Max:0=[-1, 1], 1
2026-01-29 01:42:11,491 - tf2onnx.tfonnx - DEBUG - Process node: point_net_1/input_normalization_1/ExpandDims
OP=ExpandDims
Name=point_net_1/input_normalization_1/ExpandDims
Inputs:
	point_net_1/input_normalization_1/Max:0=ReduceMax, [-1, 1], 1
	point_net_1/input_normalization_1/ExpandDims/dim:0=Const, [], 6
Outpus:
	point_net_1/input_normalization_1/ExpandDims:0=[-1, 1, 1], 1
2026-01-29 01:42:11,491 - tf2onnx.graph - DEBUG - Making node: Name=point_net_1/input_normalization_1/ExpandDims__13, OP=Cast
2026-01-29 01:42:11,491 - tf2onnx.graph - DEBUG - Infer shape and dtype for [point_net_1/input_normalization_1/ExpandDims__13]
2026-01-29 01:42:11,492 - tf2onnx.graph - DEBUG - Set dtype of [point_net_1/input_normalization_1/ExpandDims__13:0] to 7
2026-01-29 01:42:11,492 - tf2onnx.graph - DEBUG - Set shape of [point_net_1/input_normalization_1/ExpandDims__13:0] to []
2026-01-29 01:42:11,492 - tf2onnx.graph - DEBUG - Made node: point_net_1/input_normalization_1/ExpandDims__13
OP=Cast
Name=point_net_1/input_normalization_1/ExpandDims__13
Inputs:
	point_net_1/input_normalization_1/ExpandDims/dim:0=Const, [], 6
Outpus:
	point_net_1/input_normalization_1/ExpandDims__13:0=[], 7
2026-01-29 01:42:11,492 - tf2onnx.graph - DEBUG - Making node: Name=reshape_const__14, OP=Const
2026-01-29 01:42:11,493 - tf2onnx.graph - DEBUG - Made node: reshape_const__14
OP=Const
Name=reshape_const__14
Outpus:
	reshape_const__14=None, 7
2026-01-29 01:42:11,493 - tf2onnx.graph - DEBUG - Making node: Name=Reshape__15, OP=Reshape
2026-01-29 01:42:11,493 - tf2onnx.graph - DEBUG - Infer shape and dtype for [Reshape__15]
2026-01-29 01:42:11,493 - tf2onnx.graph - DEBUG - Set dtype of [Reshape__15:0] to 7
2026-01-29 01:42:11,494 - tf2onnx.graph - DEBUG - Set shape of [Reshape__15:0] to [1]
2026-01-29 01:42:11,494 - tf2onnx.graph - DEBUG - Made node: Reshape__15
OP=Reshape
Name=Reshape__15
Inputs:
	point_net_1/input_normalization_1/ExpandDims__13:0=Cast, [], 7
	reshape_const__14=Const, [1], 7
Outpus:
	Reshape__15:0=[1], 7
2026-01-29 01:42:11,494 - tf2onnx.tfonnx - DEBUG - Process node: point_net_1/input_normalization_1/Maximum
OP=Maximum
Name=point_net_1/input_normalization_1/Maximum
Inputs:
	point_net_1/input_normalization_1/ExpandDims:0=Unsqueeze, [-1, 1, 1], 1
	point_net_1/input_normalization_1/Maximum/y:0=Const, [], 1
Outpus:
	point_net_1/input_normalization_1/Maximum:0=[-1, 1, 1], 1
2026-01-29 01:42:11,494 - tf2onnx.tfonnx - DEBUG - Process node: point_net_1/input_normalization_1/truediv
OP=RealDiv
Name=point_net_1/input_normalization_1/truediv
Inputs:
	point_net_1/input_normalization_1/sub:0=Sub, [-1, 8192, 3], 1
	point_net_1/input_normalization_1/Maximum:0=Max, [-1, 1, 1], 1
Outpus:
	point_net_1/input_normalization_1/truediv:0=[-1, 8192, 3], 1
2026-01-29 01:42:11,495 - tf2onnx.tfonnx - DEBUG - Process node: point_net_1/input_transform_1/ExpandDims
OP=ExpandDims
Name=point_net_1/input_transform_1/ExpandDims
Inputs:
	point_net_1/input_normalization_1/truediv:0=Div, [-1, 8192, 3], 1
	point_net_1/input_transform_1/ExpandDims/dim:0=Const, [], 6
Outpus:
	point_net_1/input_transform_1/ExpandDims:0=[-1, 8192, 1, 3], 1
2026-01-29 01:42:11,495 - tf2onnx.graph - DEBUG - Making node: Name=point_net_1/input_transform_1/ExpandDims__16, OP=Cast
2026-01-29 01:42:11,495 - tf2onnx.graph - DEBUG - Infer shape and dtype for [point_net_1/input_transform_1/ExpandDims__16]
2026-01-29 01:42:11,496 - tf2onnx.graph - DEBUG - Set dtype of [point_net_1/input_transform_1/ExpandDims__16:0] to 7
2026-01-29 01:42:11,496 - tf2onnx.graph - DEBUG - Set shape of [point_net_1/input_transform_1/ExpandDims__16:0] to []
2026-01-29 01:42:11,496 - tf2onnx.graph - DEBUG - Made node: point_net_1/input_transform_1/ExpandDims__16
OP=Cast
Name=point_net_1/input_transform_1/ExpandDims__16
Inputs:
	point_net_1/input_transform_1/ExpandDims/dim:0=Const, [], 6
Outpus:
	point_net_1/input_transform_1/ExpandDims__16:0=[], 7
2026-01-29 01:42:11,496 - tf2onnx.graph - DEBUG - Making node: Name=reshape_const__17, OP=Const
2026-01-29 01:42:11,497 - tf2onnx.graph - DEBUG - Made node: reshape_const__17
OP=Const
Name=reshape_const__17
Outpus:
	reshape_const__17=None, 7
2026-01-29 01:42:11,497 - tf2onnx.graph - DEBUG - Making node: Name=Reshape__18, OP=Reshape
2026-01-29 01:42:11,497 - tf2onnx.graph - DEBUG - Infer shape and dtype for [Reshape__18]
2026-01-29 01:42:11,498 - tf2onnx.graph - DEBUG - Set dtype of [Reshape__18:0] to 7
2026-01-29 01:42:11,498 - tf2onnx.graph - DEBUG - Set shape of [Reshape__18:0] to [1]
2026-01-29 01:42:11,498 - tf2onnx.graph - DEBUG - Made node: Reshape__18
OP=Reshape
Name=Reshape__18
Inputs:
	point_net_1/input_transform_1/ExpandDims__16:0=Cast, [], 7
	reshape_const__17=Const, [1], 7
Outpus:
	Reshape__18:0=[1], 7
2026-01-29 01:42:11,499 - tf2onnx.tfonnx - DEBUG - Process node: point_net_1/input_transform_1/input_transform_convolution_layer_1_convolution_layer_1/batch_normalization_1/batchnorm/mul_1
OP=Conv2D
Name=point_net_1/input_transform_1/input_transform_convolution_layer_1_convolution_layer_1/batch_normalization_1/batchnorm/mul_1
Inputs:
	point_net_1/input_transform_1/ExpandDims:0=Unsqueeze, [-1, 8192, 1, 3], 1
	point_net_1/input_transform_1/input_transform_convolution_layer_1_convolution_layer_1/input_transform_convolution_layer_1_convolution_layer_1/convolution/merged_input:0=Const, [1, 1, 3, 64], 1
Outpus:
	point_net_1/input_transform_1/input_transform_convolution_layer_1_convolution_layer_1/batch_normalization_1/batchnorm/mul_1:0=[-1, 8192, 1, 64], 1
2026-01-29 01:42:11,499 - tf2onnx.graph - DEBUG - Making node: Name=point_net_1/input_transform_1/input_transform_convolution_layer_1_convolution_layer_1/batch_normalization_1/batchnorm/mul_1__19, OP=Transpose
2026-01-29 01:42:11,499 - tf2onnx.graph - DEBUG - Infer shape and dtype for [point_net_1/input_transform_1/input_transform_convolution_layer_1_convolution_layer_1/batch_normalization_1/batchnorm/mul_1__19]
2026-01-29 01:42:11,500 - tf2onnx.graph - DEBUG - Set dtype of [point_net_1/input_transform_1/input_transform_convolution_layer_1_convolution_layer_1/batch_normalization_1/batchnorm/mul_1__19:0] to 1
2026-01-29 01:42:11,500 - tf2onnx.graph - DEBUG - Set shape of [point_net_1/input_transform_1/input_transform_convolution_layer_1_convolution_layer_1/batch_normalization_1/batchnorm/mul_1__19:0] to [3, 1, 8192, -1]
2026-01-29 01:42:11,500 - tf2onnx.graph - DEBUG - Made node: point_net_1/input_transform_1/input_transform_convolution_layer_1_convolution_layer_1/batch_normalization_1/batchnorm/mul_1__19
OP=Transpose
Name=point_net_1/input_transform_1/input_transform_convolution_layer_1_convolution_layer_1/batch_normalization_1/batchnorm/mul_1__19
Inputs:
	point_net_1/input_transform_1/ExpandDims:0=Unsqueeze, [-1, 8192, 1, 3], 1
Outpus:
	point_net_1/input_transform_1/input_transform_convolution_layer_1_convolution_layer_1/batch_normalization_1/batchnorm/mul_1__19:0=[3, 1, 8192, -1], 1
2026-01-29 01:42:11,501 - tf2onnx.graph - DEBUG - Making node: Name=point_net_1/input_transform_1/input_transform_convolution_layer_1_convolution_layer_1/batch_normalization_1/batchnorm/mul_1__21, OP=Transpose
2026-01-29 01:42:11,501 - tf2onnx.graph - DEBUG - Infer shape and dtype for [point_net_1/input_transform_1/input_transform_convolution_layer_1_convolution_layer_1/batch_normalization_1/batchnorm/mul_1__21]
2026-01-29 01:42:11,501 - tf2onnx.graph - DEBUG - Set dtype of [point_net_1/input_transform_1/input_transform_convolution_layer_1_convolution_layer_1/batch_normalization_1/batchnorm/mul_1__21:0] to 1
2026-01-29 01:42:11,501 - tf2onnx.graph - DEBUG - Set shape of [point_net_1/input_transform_1/input_transform_convolution_layer_1_convolution_layer_1/batch_normalization_1/batchnorm/mul_1__21:0] to [64, 1, 8192, -1]
2026-01-29 01:42:11,502 - tf2onnx.graph - DEBUG - Made node: point_net_1/input_transform_1/input_transform_convolution_layer_1_convolution_layer_1/batch_normalization_1/batchnorm/mul_1__21
OP=Transpose
Name=point_net_1/input_transform_1/input_transform_convolution_layer_1_convolution_layer_1/batch_normalization_1/batchnorm/mul_1__21
Inputs:
	point_net_1/input_transform_1/input_transform_convolution_layer_1_convolution_layer_1/batch_normalization_1/batchnorm/mul_1:0=Conv, [-1, 8192, 1, 64], 1
Outpus:
	point_net_1/input_transform_1/input_transform_convolution_layer_1_convolution_layer_1/batch_normalization_1/batchnorm/mul_1__21:0=[64, 1, 8192, -1], 1
2026-01-29 01:42:11,502 - tf2onnx.tfonnx - DEBUG - Process node: point_net_1/input_transform_1/input_transform_convolution_layer_1_convolution_layer_1/batch_normalization_1/batchnorm/add_1
OP=AddV2
Name=point_net_1/input_transform_1/input_transform_convolution_layer_1_convolution_layer_1/batch_normalization_1/batchnorm/add_1
Inputs:
	point_net_1/input_transform_1/input_transform_convolution_layer_1_convolution_layer_1/batch_normalization_1/batchnorm/mul_1__21:0=Transpose, [-1, 8192, 1, 64], 1
	point_net_1/input_transform_1/input_transform_convolution_layer_1_convolution_layer_1/batch_normalization_1/batchnorm/sub:0=Const, [64], 1
Outpus:
	point_net_1/input_transform_1/input_transform_convolution_layer_1_convolution_layer_1/batch_normalization_1/batchnorm/add_1:0=[-1, 8192, 1, 64], 1
2026-01-29 01:42:11,502 - tf2onnx.tfonnx - DEBUG - Process node: point_net_1/input_transform_1/input_transform_convolution_layer_1_convolution_layer_1/Relu
OP=Relu
Name=point_net_1/input_transform_1/input_transform_convolution_layer_1_convolution_layer_1/Relu
Inputs:
	point_net_1/input_transform_1/input_transform_convolution_layer_1_convolution_layer_1/batch_normalization_1/batchnorm/add_1:0=Add, [-1, 8192, 1, 64], 1
Outpus:
	point_net_1/input_transform_1/input_transform_convolution_layer_1_convolution_layer_1/Relu:0=[-1, 8192, 1, 64], 1
2026-01-29 01:42:11,503 - tf2onnx.tfonnx - DEBUG - Process node: point_net_1/input_transform_1/input_transform_convolution_layer_2_convolution_layer_1/batch_normalization_1_1/batchnorm/mul_1
OP=Conv2D
Name=point_net_1/input_transform_1/input_transform_convolution_layer_2_convolution_layer_1/batch_normalization_1_1/batchnorm/mul_1
Inputs:
	point_net_1/input_transform_1/input_transform_convolution_layer_1_convolution_layer_1/Relu:0=Relu, [-1, 8192, 1, 64], 1
	point_net_1/input_transform_1/input_transform_convolution_layer_2_convolution_layer_1/input_transform_convolution_layer_2_convolution_layer_1/convolution/merged_input:0=Const, [1, 1, 64, 128], 1
Outpus:
	point_net_1/input_transform_1/input_transform_convolution_layer_2_convolution_layer_1/batch_normalization_1_1/batchnorm/mul_1:0=[-1, 8192, 1, 128], 1
2026-01-29 01:42:11,503 - tf2onnx.graph - DEBUG - Making node: Name=point_net_1/input_transform_1/input_transform_convolution_layer_2_convolution_layer_1/batch_normalization_1_1/batchnorm/mul_1__23, OP=Transpose
2026-01-29 01:42:11,503 - tf2onnx.graph - DEBUG - Infer shape and dtype for [point_net_1/input_transform_1/input_transform_convolution_layer_2_convolution_layer_1/batch_normalization_1_1/batchnorm/mul_1__23]
2026-01-29 01:42:11,503 - tf2onnx.graph - DEBUG - Set dtype of [point_net_1/input_transform_1/input_transform_convolution_layer_2_convolution_layer_1/batch_normalization_1_1/batchnorm/mul_1__23:0] to 1
2026-01-29 01:42:11,503 - tf2onnx.graph - DEBUG - Set shape of [point_net_1/input_transform_1/input_transform_convolution_layer_2_convolution_layer_1/batch_normalization_1_1/batchnorm/mul_1__23:0] to [64, 1, 8192, -1]
2026-01-29 01:42:11,504 - tf2onnx.graph - DEBUG - Made node: point_net_1/input_transform_1/input_transform_convolution_layer_2_convolution_layer_1/batch_normalization_1_1/batchnorm/mul_1__23
OP=Transpose
Name=point_net_1/input_transform_1/input_transform_convolution_layer_2_convolution_layer_1/batch_normalization_1_1/batchnorm/mul_1__23
Inputs:
	point_net_1/input_transform_1/input_transform_convolution_layer_1_convolution_layer_1/Relu:0=Relu, [-1, 8192, 1, 64], 1
Outpus:
	point_net_1/input_transform_1/input_transform_convolution_layer_2_convolution_layer_1/batch_normalization_1_1/batchnorm/mul_1__23:0=[64, 1, 8192, -1], 1
2026-01-29 01:42:11,504 - tf2onnx.graph - DEBUG - Making node: Name=point_net_1/input_transform_1/input_transform_convolution_layer_2_convolution_layer_1/batch_normalization_1_1/batchnorm/mul_1__25, OP=Transpose
2026-01-29 01:42:11,504 - tf2onnx.graph - DEBUG - Infer shape and dtype for [point_net_1/input_transform_1/input_transform_convolution_layer_2_convolution_layer_1/batch_normalization_1_1/batchnorm/mul_1__25]
2026-01-29 01:42:11,505 - tf2onnx.graph - DEBUG - Set dtype of [point_net_1/input_transform_1/input_transform_convolution_layer_2_convolution_layer_1/batch_normalization_1_1/batchnorm/mul_1__25:0] to 1
2026-01-29 01:42:11,505 - tf2onnx.graph - DEBUG - Set shape of [point_net_1/input_transform_1/input_transform_convolution_layer_2_convolution_layer_1/batch_normalization_1_1/batchnorm/mul_1__25:0] to [128, 1, 8192, -1]
2026-01-29 01:42:11,505 - tf2onnx.graph - DEBUG - Made node: point_net_1/input_transform_1/input_transform_convolution_layer_2_convolution_layer_1/batch_normalization_1_1/batchnorm/mul_1__25
OP=Transpose
Name=point_net_1/input_transform_1/input_transform_convolution_layer_2_convolution_layer_1/batch_normalization_1_1/batchnorm/mul_1__25
Inputs:
	point_net_1/input_transform_1/input_transform_convolution_layer_2_convolution_layer_1/batch_normalization_1_1/batchnorm/mul_1:0=Conv, [-1, 8192, 1, 128], 1
Outpus:
	point_net_1/input_transform_1/input_transform_convolution_layer_2_convolution_layer_1/batch_normalization_1_1/batchnorm/mul_1__25:0=[128, 1, 8192, -1], 1
2026-01-29 01:42:11,505 - tf2onnx.tfonnx - DEBUG - Process node: point_net_1/input_transform_1/input_transform_convolution_layer_2_convolution_layer_1/batch_normalization_1_1/batchnorm/add_1
OP=AddV2
Name=point_net_1/input_transform_1/input_transform_convolution_layer_2_convolution_layer_1/batch_normalization_1_1/batchnorm/add_1
Inputs:
	point_net_1/input_transform_1/input_transform_convolution_layer_2_convolution_layer_1/batch_normalization_1_1/batchnorm/mul_1__25:0=Transpose, [-1, 8192, 1, 128], 1
	point_net_1/input_transform_1/input_transform_convolution_layer_2_convolution_layer_1/batch_normalization_1_1/batchnorm/sub:0=Const, [128], 1
Outpus:
	point_net_1/input_transform_1/input_transform_convolution_layer_2_convolution_layer_1/batch_normalization_1_1/batchnorm/add_1:0=[-1, 8192, 1, 128], 1
2026-01-29 01:42:11,506 - tf2onnx.tfonnx - DEBUG - Process node: point_net_1/input_transform_1/input_transform_convolution_layer_2_convolution_layer_1/Relu
OP=Relu
Name=point_net_1/input_transform_1/input_transform_convolution_layer_2_convolution_layer_1/Relu
Inputs:
	point_net_1/input_transform_1/input_transform_convolution_layer_2_convolution_layer_1/batch_normalization_1_1/batchnorm/add_1:0=Add, [-1, 8192, 1, 128], 1
Outpus:
	point_net_1/input_transform_1/input_transform_convolution_layer_2_convolution_layer_1/Relu:0=[-1, 8192, 1, 128], 1
2026-01-29 01:42:11,506 - tf2onnx.tfonnx - DEBUG - Process node: point_net_1/input_transform_1/input_transform_convolution_layer_3_convolution_layer_1/batch_normalization_2_1/batchnorm/mul_1
OP=Conv2D
Name=point_net_1/input_transform_1/input_transform_convolution_layer_3_convolution_layer_1/batch_normalization_2_1/batchnorm/mul_1
Inputs:
	point_net_1/input_transform_1/input_transform_convolution_layer_2_convolution_layer_1/Relu:0=Relu, [-1, 8192, 1, 128], 1
	point_net_1/input_transform_1/input_transform_convolution_layer_3_convolution_layer_1/input_transform_convolution_layer_3_convolution_layer_1/convolution/merged_input:0=Const, [1, 1, 128, 1024], 1
Outpus:
	point_net_1/input_transform_1/input_transform_convolution_layer_3_convolution_layer_1/batch_normalization_2_1/batchnorm/mul_1:0=[-1, 8192, 1, 1024], 1
2026-01-29 01:42:11,506 - tf2onnx.graph - DEBUG - Making node: Name=point_net_1/input_transform_1/input_transform_convolution_layer_3_convolution_layer_1/batch_normalization_2_1/batchnorm/mul_1__27, OP=Transpose
2026-01-29 01:42:11,506 - tf2onnx.graph - DEBUG - Infer shape and dtype for [point_net_1/input_transform_1/input_transform_convolution_layer_3_convolution_layer_1/batch_normalization_2_1/batchnorm/mul_1__27]
2026-01-29 01:42:11,507 - tf2onnx.graph - DEBUG - Set dtype of [point_net_1/input_transform_1/input_transform_convolution_layer_3_convolution_layer_1/batch_normalization_2_1/batchnorm/mul_1__27:0] to 1
2026-01-29 01:42:11,507 - tf2onnx.graph - DEBUG - Set shape of [point_net_1/input_transform_1/input_transform_convolution_layer_3_convolution_layer_1/batch_normalization_2_1/batchnorm/mul_1__27:0] to [128, 1, 8192, -1]
2026-01-29 01:42:11,507 - tf2onnx.graph - DEBUG - Made node: point_net_1/input_transform_1/input_transform_convolution_layer_3_convolution_layer_1/batch_normalization_2_1/batchnorm/mul_1__27
OP=Transpose
Name=point_net_1/input_transform_1/input_transform_convolution_layer_3_convolution_layer_1/batch_normalization_2_1/batchnorm/mul_1__27
Inputs:
	point_net_1/input_transform_1/input_transform_convolution_layer_2_convolution_layer_1/Relu:0=Relu, [-1, 8192, 1, 128], 1
Outpus:
	point_net_1/input_transform_1/input_transform_convolution_layer_3_convolution_layer_1/batch_normalization_2_1/batchnorm/mul_1__27:0=[128, 1, 8192, -1], 1
2026-01-29 01:42:11,508 - tf2onnx.graph - DEBUG - Making node: Name=point_net_1/input_transform_1/input_transform_convolution_layer_3_convolution_layer_1/batch_normalization_2_1/batchnorm/mul_1__29, OP=Transpose
2026-01-29 01:42:11,508 - tf2onnx.graph - DEBUG - Infer shape and dtype for [point_net_1/input_transform_1/input_transform_convolution_layer_3_convolution_layer_1/batch_normalization_2_1/batchnorm/mul_1__29]
2026-01-29 01:42:11,509 - tf2onnx.graph - DEBUG - Set dtype of [point_net_1/input_transform_1/input_transform_convolution_layer_3_convolution_layer_1/batch_normalization_2_1/batchnorm/mul_1__29:0] to 1
2026-01-29 01:42:11,509 - tf2onnx.graph - DEBUG - Set shape of [point_net_1/input_transform_1/input_transform_convolution_layer_3_convolution_layer_1/batch_normalization_2_1/batchnorm/mul_1__29:0] to [1024, 1, 8192, -1]
2026-01-29 01:42:11,509 - tf2onnx.graph - DEBUG - Made node: point_net_1/input_transform_1/input_transform_convolution_layer_3_convolution_layer_1/batch_normalization_2_1/batchnorm/mul_1__29
OP=Transpose
Name=point_net_1/input_transform_1/input_transform_convolution_layer_3_convolution_layer_1/batch_normalization_2_1/batchnorm/mul_1__29
Inputs:
	point_net_1/input_transform_1/input_transform_convolution_layer_3_convolution_layer_1/batch_normalization_2_1/batchnorm/mul_1:0=Conv, [-1, 8192, 1, 1024], 1
Outpus:
	point_net_1/input_transform_1/input_transform_convolution_layer_3_convolution_layer_1/batch_normalization_2_1/batchnorm/mul_1__29:0=[1024, 1, 8192, -1], 1
2026-01-29 01:42:11,509 - tf2onnx.tfonnx - DEBUG - Process node: point_net_1/input_transform_1/input_transform_convolution_layer_3_convolution_layer_1/batch_normalization_2_1/batchnorm/add_1
OP=AddV2
Name=point_net_1/input_transform_1/input_transform_convolution_layer_3_convolution_layer_1/batch_normalization_2_1/batchnorm/add_1
Inputs:
	point_net_1/input_transform_1/input_transform_convolution_layer_3_convolution_layer_1/batch_normalization_2_1/batchnorm/mul_1__29:0=Transpose, [-1, 8192, 1, 1024], 1
	point_net_1/input_transform_1/input_transform_convolution_layer_3_convolution_layer_1/batch_normalization_2_1/batchnorm/sub:0=Const, [1024], 1
Outpus:
	point_net_1/input_transform_1/input_transform_convolution_layer_3_convolution_layer_1/batch_normalization_2_1/batchnorm/add_1:0=[-1, 8192, 1, 1024], 1
2026-01-29 01:42:11,510 - tf2onnx.tfonnx - DEBUG - Process node: point_net_1/input_transform_1/input_transform_convolution_layer_3_convolution_layer_1/Relu
OP=Relu
Name=point_net_1/input_transform_1/input_transform_convolution_layer_3_convolution_layer_1/Relu
Inputs:
	point_net_1/input_transform_1/input_transform_convolution_layer_3_convolution_layer_1/batch_normalization_2_1/batchnorm/add_1:0=Add, [-1, 8192, 1, 1024], 1
Outpus:
	point_net_1/input_transform_1/input_transform_convolution_layer_3_convolution_layer_1/Relu:0=[-1, 8192, 1, 1024], 1
2026-01-29 01:42:11,510 - tf2onnx.tfonnx - DEBUG - Process node: point_net_1/input_transform_1/Squeeze
OP=Squeeze
Name=point_net_1/input_transform_1/Squeeze
Inputs:
	point_net_1/input_transform_1/input_transform_convolution_layer_3_convolution_layer_1/Relu:0=Relu, [-1, 8192, 1, 1024], 1
Outpus:
	point_net_1/input_transform_1/Squeeze:0=[-1, 8192, 1024], 1
2026-01-29 01:42:11,510 - tf2onnx.graph - DEBUG - Making node: Name=axes_const__31, OP=Const
2026-01-29 01:42:11,510 - tf2onnx.graph - DEBUG - Made node: axes_const__31
OP=Const
Name=axes_const__31
Outpus:
	axes_const__31=None, 7
2026-01-29 01:42:11,511 - tf2onnx.tfonnx - DEBUG - Process node: point_net_1/input_transform_1/Max
OP=Max
Name=point_net_1/input_transform_1/Max
Inputs:
	point_net_1/input_transform_1/Squeeze:0=Squeeze, [-1, 8192, 1024], 1
	point_net_1/input_transform_1/Max/reduction_indices:0=Const, [], 6
Outpus:
	point_net_1/input_transform_1/Max:0=[-1, 1024], 1
2026-01-29 01:42:11,511 - tf2onnx.tfonnx - DEBUG - Process node: point_net_1/input_transform_1/input_transform_dense_layer_1_dense_layer_1/input_transform_dense_layer_1_dense_layer_1/MatMul
OP=MatMul
Name=point_net_1/input_transform_1/input_transform_dense_layer_1_dense_layer_1/input_transform_dense_layer_1_dense_layer_1/MatMul
Inputs:
	point_net_1/input_transform_1/Max:0=ReduceMax, [-1, 1024], 1
	point_net_1/input_transform_1/input_transform_dense_layer_1_dense_layer_1/input_transform_dense_layer_1_dense_layer_1/Cast/ReadVariableOp:0=Const, [1024, 512], 1
Outpus:
	point_net_1/input_transform_1/input_transform_dense_layer_1_dense_layer_1/input_transform_dense_layer_1_dense_layer_1/MatMul:0=[-1, 512], 1
2026-01-29 01:42:11,511 - tf2onnx.tfonnx - DEBUG - Process node: point_net_1/input_transform_1/input_transform_dense_layer_1_dense_layer_1/batch_normalization_3_1/batchnorm/mul_1
OP=Mul
Name=point_net_1/input_transform_1/input_transform_dense_layer_1_dense_layer_1/batch_normalization_3_1/batchnorm/mul_1
Inputs:
	point_net_1/input_transform_1/input_transform_dense_layer_1_dense_layer_1/input_transform_dense_layer_1_dense_layer_1/MatMul:0=MatMul, [-1, 512], 1
	point_net_1/input_transform_1/input_transform_dense_layer_1_dense_layer_1/batch_normalization_3_1/batchnorm/mul:0=Const, [512], 1
Outpus:
	point_net_1/input_transform_1/input_transform_dense_layer_1_dense_layer_1/batch_normalization_3_1/batchnorm/mul_1:0=[-1, 512], 1
2026-01-29 01:42:11,511 - tf2onnx.tfonnx - DEBUG - Process node: point_net_1/input_transform_1/input_transform_dense_layer_1_dense_layer_1/batch_normalization_3_1/batchnorm/add_1
OP=AddV2
Name=point_net_1/input_transform_1/input_transform_dense_layer_1_dense_layer_1/batch_normalization_3_1/batchnorm/add_1
Inputs:
	point_net_1/input_transform_1/input_transform_dense_layer_1_dense_layer_1/batch_normalization_3_1/batchnorm/mul_1:0=Mul, [-1, 512], 1
	point_net_1/input_transform_1/input_transform_dense_layer_1_dense_layer_1/batch_normalization_3_1/batchnorm/sub:0=Const, [512], 1
Outpus:
	point_net_1/input_transform_1/input_transform_dense_layer_1_dense_layer_1/batch_normalization_3_1/batchnorm/add_1:0=[-1, 512], 1
2026-01-29 01:42:11,512 - tf2onnx.tfonnx - DEBUG - Process node: point_net_1/input_transform_1/input_transform_dense_layer_1_dense_layer_1/Relu
OP=Relu
Name=point_net_1/input_transform_1/input_transform_dense_layer_1_dense_layer_1/Relu
Inputs:
	point_net_1/input_transform_1/input_transform_dense_layer_1_dense_layer_1/batch_normalization_3_1/batchnorm/add_1:0=Add, [-1, 512], 1
Outpus:
	point_net_1/input_transform_1/input_transform_dense_layer_1_dense_layer_1/Relu:0=[-1, 512], 1
2026-01-29 01:42:11,512 - tf2onnx.tfonnx - DEBUG - Process node: point_net_1/input_transform_1/input_transform_dense_layer_2_dense_layer_1/input_transform_dense_layer_2_dense_layer_1/MatMul
OP=MatMul
Name=point_net_1/input_transform_1/input_transform_dense_layer_2_dense_layer_1/input_transform_dense_layer_2_dense_layer_1/MatMul
Inputs:
	point_net_1/input_transform_1/input_transform_dense_layer_1_dense_layer_1/Relu:0=Relu, [-1, 512], 1
	point_net_1/input_transform_1/input_transform_dense_layer_2_dense_layer_1/input_transform_dense_layer_2_dense_layer_1/Cast/ReadVariableOp:0=Const, [512, 256], 1
Outpus:
	point_net_1/input_transform_1/input_transform_dense_layer_2_dense_layer_1/input_transform_dense_layer_2_dense_layer_1/MatMul:0=[-1, 256], 1
2026-01-29 01:42:11,512 - tf2onnx.tfonnx - DEBUG - Process node: point_net_1/input_transform_1/input_transform_dense_layer_2_dense_layer_1/batch_normalization_4_1/batchnorm/mul_1
OP=Mul
Name=point_net_1/input_transform_1/input_transform_dense_layer_2_dense_layer_1/batch_normalization_4_1/batchnorm/mul_1
Inputs:
	point_net_1/input_transform_1/input_transform_dense_layer_2_dense_layer_1/input_transform_dense_layer_2_dense_layer_1/MatMul:0=MatMul, [-1, 256], 1
	point_net_1/input_transform_1/input_transform_dense_layer_2_dense_layer_1/batch_normalization_4_1/batchnorm/mul:0=Const, [256], 1
Outpus:
	point_net_1/input_transform_1/input_transform_dense_layer_2_dense_layer_1/batch_normalization_4_1/batchnorm/mul_1:0=[-1, 256], 1
2026-01-29 01:42:11,512 - tf2onnx.tfonnx - DEBUG - Process node: point_net_1/input_transform_1/input_transform_dense_layer_2_dense_layer_1/batch_normalization_4_1/batchnorm/add_1
OP=AddV2
Name=point_net_1/input_transform_1/input_transform_dense_layer_2_dense_layer_1/batch_normalization_4_1/batchnorm/add_1
Inputs:
	point_net_1/input_transform_1/input_transform_dense_layer_2_dense_layer_1/batch_normalization_4_1/batchnorm/mul_1:0=Mul, [-1, 256], 1
	point_net_1/input_transform_1/input_transform_dense_layer_2_dense_layer_1/batch_normalization_4_1/batchnorm/sub:0=Const, [256], 1
Outpus:
	point_net_1/input_transform_1/input_transform_dense_layer_2_dense_layer_1/batch_normalization_4_1/batchnorm/add_1:0=[-1, 256], 1
2026-01-29 01:42:11,513 - tf2onnx.tfonnx - DEBUG - Process node: point_net_1/input_transform_1/input_transform_dense_layer_2_dense_layer_1/Relu
OP=Relu
Name=point_net_1/input_transform_1/input_transform_dense_layer_2_dense_layer_1/Relu
Inputs:
	point_net_1/input_transform_1/input_transform_dense_layer_2_dense_layer_1/batch_normalization_4_1/batchnorm/add_1:0=Add, [-1, 256], 1
Outpus:
	point_net_1/input_transform_1/input_transform_dense_layer_2_dense_layer_1/Relu:0=[-1, 256], 1
2026-01-29 01:42:11,513 - tf2onnx.tfonnx - DEBUG - Process node: point_net_1/input_transform_1/ExpandDims_1
OP=ExpandDims
Name=point_net_1/input_transform_1/ExpandDims_1
Inputs:
	point_net_1/input_transform_1/input_transform_dense_layer_2_dense_layer_1/Relu:0=Relu, [-1, 256], 1
	point_net_1/input_transform_1/ExpandDims_1/dim:0=Const, [], 6
Outpus:
	point_net_1/input_transform_1/ExpandDims_1:0=[-1, 1, 256], 1
2026-01-29 01:42:11,513 - tf2onnx.graph - DEBUG - Making node: Name=point_net_1/input_transform_1/ExpandDims_1__32, OP=Cast
2026-01-29 01:42:11,514 - tf2onnx.graph - DEBUG - Infer shape and dtype for [point_net_1/input_transform_1/ExpandDims_1__32]
2026-01-29 01:42:11,514 - tf2onnx.graph - DEBUG - Set dtype of [point_net_1/input_transform_1/ExpandDims_1__32:0] to 7
2026-01-29 01:42:11,514 - tf2onnx.graph - DEBUG - Set shape of [point_net_1/input_transform_1/ExpandDims_1__32:0] to []
2026-01-29 01:42:11,515 - tf2onnx.graph - DEBUG - Made node: point_net_1/input_transform_1/ExpandDims_1__32
OP=Cast
Name=point_net_1/input_transform_1/ExpandDims_1__32
Inputs:
	point_net_1/input_transform_1/ExpandDims_1/dim:0=Const, [], 6
Outpus:
	point_net_1/input_transform_1/ExpandDims_1__32:0=[], 7
2026-01-29 01:42:11,515 - tf2onnx.graph - DEBUG - Making node: Name=reshape_const__33, OP=Const
2026-01-29 01:42:11,515 - tf2onnx.graph - DEBUG - Made node: reshape_const__33
OP=Const
Name=reshape_const__33
Outpus:
	reshape_const__33=None, 7
2026-01-29 01:42:11,516 - tf2onnx.graph - DEBUG - Making node: Name=Reshape__34, OP=Reshape
2026-01-29 01:42:11,516 - tf2onnx.graph - DEBUG - Infer shape and dtype for [Reshape__34]
2026-01-29 01:42:11,517 - tf2onnx.graph - DEBUG - Set dtype of [Reshape__34:0] to 7
2026-01-29 01:42:11,517 - tf2onnx.graph - DEBUG - Set shape of [Reshape__34:0] to [1]
2026-01-29 01:42:11,517 - tf2onnx.graph - DEBUG - Made node: Reshape__34
OP=Reshape
Name=Reshape__34
Inputs:
	point_net_1/input_transform_1/ExpandDims_1__32:0=Cast, [], 7
	reshape_const__33=Const, [1], 7
Outpus:
	Reshape__34:0=[1], 7
2026-01-29 01:42:11,517 - tf2onnx.tfonnx - DEBUG - Process node: point_net_1/input_transform_1/MatMul
OP=BatchMatMulV2
Name=point_net_1/input_transform_1/MatMul
Inputs:
	point_net_1/input_transform_1/ExpandDims_1:0=Unsqueeze, [-1, 1, 256], 1
	point_net_1/input_transform_1/MatMul/ReadVariableOp:0=Const, [256, 9], 1
Outpus:
	point_net_1/input_transform_1/MatMul:0=[-1, 1, 9], 1
2026-01-29 01:42:11,517 - tf2onnx.tfonnx - DEBUG - Process node: point_net_1/input_transform_1/Squeeze_1
OP=Squeeze
Name=point_net_1/input_transform_1/Squeeze_1
Inputs:
	point_net_1/input_transform_1/MatMul:0=MatMul, [-1, 1, 9], 1
Outpus:
	point_net_1/input_transform_1/Squeeze_1:0=[-1, 9], 1
2026-01-29 01:42:11,518 - tf2onnx.graph - DEBUG - Making node: Name=axes_const__35, OP=Const
2026-01-29 01:42:11,518 - tf2onnx.graph - DEBUG - Made node: axes_const__35
OP=Const
Name=axes_const__35
Outpus:
	axes_const__35=None, 7
2026-01-29 01:42:11,518 - tf2onnx.tfonnx - DEBUG - Process node: point_net_1/input_transform_1/Reshape
OP=Reshape
Name=point_net_1/input_transform_1/Reshape
Inputs:
	point_net_1/input_transform_1/Squeeze_1:0=Squeeze, [-1, 9], 1
	point_net_1/input_transform_1/Reshape/shape:0=Const, [3], 6
Outpus:
	point_net_1/input_transform_1/Reshape:0=[-1, 3, 3], 1
2026-01-29 01:42:11,518 - tf2onnx.graph - DEBUG - Making node: Name=point_net_1/input_transform_1/Reshape__36, OP=Cast
2026-01-29 01:42:11,519 - tf2onnx.graph - DEBUG - Infer shape and dtype for [point_net_1/input_transform_1/Reshape__36]
2026-01-29 01:42:11,519 - tf2onnx.graph - DEBUG - Set dtype of [point_net_1/input_transform_1/Reshape__36:0] to 7
2026-01-29 01:42:11,519 - tf2onnx.graph - DEBUG - Set shape of [point_net_1/input_transform_1/Reshape__36:0] to [3]
2026-01-29 01:42:11,519 - tf2onnx.graph - DEBUG - Made node: point_net_1/input_transform_1/Reshape__36
OP=Cast
Name=point_net_1/input_transform_1/Reshape__36
Inputs:
	point_net_1/input_transform_1/Reshape/shape:0=Const, [3], 6
Outpus:
	point_net_1/input_transform_1/Reshape__36:0=[3], 7
2026-01-29 01:42:11,520 - tf2onnx.tfonnx - DEBUG - Process node: point_net_1/input_transform_1/add
OP=AddV2
Name=point_net_1/input_transform_1/add
Inputs:
	point_net_1/input_transform_1/Reshape:0=Reshape, [-1, 3, 3], 1
	point_net_1/input_transform_1/add/ReadVariableOp:0=Const, [3, 3], 1
Outpus:
	point_net_1/input_transform_1/add:0=[-1, 3, 3], 1
2026-01-29 01:42:11,520 - tf2onnx.tfonnx - DEBUG - Process node: point_net_1/MatMul
OP=BatchMatMulV2
Name=point_net_1/MatMul
Inputs:
	point_net_1/input_normalization_1/truediv:0=Div, [-1, 8192, 3], 1
	point_net_1/input_transform_1/add:0=Add, [-1, 3, 3], 1
Outpus:
	point_net_1/MatMul:0=[-1, 8192, 3], 1
2026-01-29 01:42:11,520 - tf2onnx.tfonnx - DEBUG - Process node: point_net_1/ExpandDims
OP=ExpandDims
Name=point_net_1/ExpandDims
Inputs:
	point_net_1/MatMul:0=MatMul, [-1, 8192, 3], 1
	point_net_1/ExpandDims/dim:0=Const, [], 6
Outpus:
	point_net_1/ExpandDims:0=[-1, 8192, 1, 3], 1
2026-01-29 01:42:11,520 - tf2onnx.graph - DEBUG - Making node: Name=point_net_1/ExpandDims__37, OP=Cast
2026-01-29 01:42:11,521 - tf2onnx.graph - DEBUG - Infer shape and dtype for [point_net_1/ExpandDims__37]
2026-01-29 01:42:11,521 - tf2onnx.graph - DEBUG - Set dtype of [point_net_1/ExpandDims__37:0] to 7
2026-01-29 01:42:11,521 - tf2onnx.graph - DEBUG - Set shape of [point_net_1/ExpandDims__37:0] to []
2026-01-29 01:42:11,521 - tf2onnx.graph - DEBUG - Made node: point_net_1/ExpandDims__37
OP=Cast
Name=point_net_1/ExpandDims__37
Inputs:
	point_net_1/ExpandDims/dim:0=Const, [], 6
Outpus:
	point_net_1/ExpandDims__37:0=[], 7
2026-01-29 01:42:11,522 - tf2onnx.graph - DEBUG - Making node: Name=reshape_const__38, OP=Const
2026-01-29 01:42:11,522 - tf2onnx.graph - DEBUG - Made node: reshape_const__38
OP=Const
Name=reshape_const__38
Outpus:
	reshape_const__38=None, 7
2026-01-29 01:42:11,522 - tf2onnx.graph - DEBUG - Making node: Name=Reshape__39, OP=Reshape
2026-01-29 01:42:11,522 - tf2onnx.graph - DEBUG - Infer shape and dtype for [Reshape__39]
2026-01-29 01:42:11,523 - tf2onnx.graph - DEBUG - Set dtype of [Reshape__39:0] to 7
2026-01-29 01:42:11,523 - tf2onnx.graph - DEBUG - Set shape of [Reshape__39:0] to [1]
2026-01-29 01:42:11,523 - tf2onnx.graph - DEBUG - Made node: Reshape__39
OP=Reshape
Name=Reshape__39
Inputs:
	point_net_1/ExpandDims__37:0=Cast, [], 7
	reshape_const__38=Const, [1], 7
Outpus:
	Reshape__39:0=[1], 7
2026-01-29 01:42:11,523 - tf2onnx.tfonnx - DEBUG - Process node: point_net_1/s1_l1_64_convolution_layer_1/batch_normalization_5_1/batchnorm/mul_1
OP=Conv2D
Name=point_net_1/s1_l1_64_convolution_layer_1/batch_normalization_5_1/batchnorm/mul_1
Inputs:
	point_net_1/ExpandDims:0=Unsqueeze, [-1, 8192, 1, 3], 1
	point_net_1/s1_l1_64_convolution_layer_1/s1_l1_64_convolution_layer_1/convolution/merged_input:0=Const, [1, 1, 3, 64], 1
Outpus:
	point_net_1/s1_l1_64_convolution_layer_1/batch_normalization_5_1/batchnorm/mul_1:0=[-1, 8192, 1, 64], 1
2026-01-29 01:42:11,524 - tf2onnx.graph - DEBUG - Making node: Name=point_net_1/s1_l1_64_convolution_layer_1/batch_normalization_5_1/batchnorm/mul_1__40, OP=Transpose
2026-01-29 01:42:11,524 - tf2onnx.graph - DEBUG - Infer shape and dtype for [point_net_1/s1_l1_64_convolution_layer_1/batch_normalization_5_1/batchnorm/mul_1__40]
2026-01-29 01:42:11,524 - tf2onnx.graph - DEBUG - Set dtype of [point_net_1/s1_l1_64_convolution_layer_1/batch_normalization_5_1/batchnorm/mul_1__40:0] to 1
2026-01-29 01:42:11,524 - tf2onnx.graph - DEBUG - Set shape of [point_net_1/s1_l1_64_convolution_layer_1/batch_normalization_5_1/batchnorm/mul_1__40:0] to [3, 1, 8192, -1]
2026-01-29 01:42:11,525 - tf2onnx.graph - DEBUG - Made node: point_net_1/s1_l1_64_convolution_layer_1/batch_normalization_5_1/batchnorm/mul_1__40
OP=Transpose
Name=point_net_1/s1_l1_64_convolution_layer_1/batch_normalization_5_1/batchnorm/mul_1__40
Inputs:
	point_net_1/ExpandDims:0=Unsqueeze, [-1, 8192, 1, 3], 1
Outpus:
	point_net_1/s1_l1_64_convolution_layer_1/batch_normalization_5_1/batchnorm/mul_1__40:0=[3, 1, 8192, -1], 1
2026-01-29 01:42:11,525 - tf2onnx.graph - DEBUG - Making node: Name=point_net_1/s1_l1_64_convolution_layer_1/batch_normalization_5_1/batchnorm/mul_1__42, OP=Transpose
2026-01-29 01:42:11,525 - tf2onnx.graph - DEBUG - Infer shape and dtype for [point_net_1/s1_l1_64_convolution_layer_1/batch_normalization_5_1/batchnorm/mul_1__42]
2026-01-29 01:42:11,526 - tf2onnx.graph - DEBUG - Set dtype of [point_net_1/s1_l1_64_convolution_layer_1/batch_normalization_5_1/batchnorm/mul_1__42:0] to 1
2026-01-29 01:42:11,526 - tf2onnx.graph - DEBUG - Set shape of [point_net_1/s1_l1_64_convolution_layer_1/batch_normalization_5_1/batchnorm/mul_1__42:0] to [64, 1, 8192, -1]
2026-01-29 01:42:11,526 - tf2onnx.graph - DEBUG - Made node: point_net_1/s1_l1_64_convolution_layer_1/batch_normalization_5_1/batchnorm/mul_1__42
OP=Transpose
Name=point_net_1/s1_l1_64_convolution_layer_1/batch_normalization_5_1/batchnorm/mul_1__42
Inputs:
	point_net_1/s1_l1_64_convolution_layer_1/batch_normalization_5_1/batchnorm/mul_1:0=Conv, [-1, 8192, 1, 64], 1
Outpus:
	point_net_1/s1_l1_64_convolution_layer_1/batch_normalization_5_1/batchnorm/mul_1__42:0=[64, 1, 8192, -1], 1
2026-01-29 01:42:11,526 - tf2onnx.tfonnx - DEBUG - Process node: point_net_1/s1_l1_64_convolution_layer_1/batch_normalization_5_1/batchnorm/add_1
OP=AddV2
Name=point_net_1/s1_l1_64_convolution_layer_1/batch_normalization_5_1/batchnorm/add_1
Inputs:
	point_net_1/s1_l1_64_convolution_layer_1/batch_normalization_5_1/batchnorm/mul_1__42:0=Transpose, [-1, 8192, 1, 64], 1
	point_net_1/s1_l1_64_convolution_layer_1/batch_normalization_5_1/batchnorm/sub:0=Const, [64], 1
Outpus:
	point_net_1/s1_l1_64_convolution_layer_1/batch_normalization_5_1/batchnorm/add_1:0=[-1, 8192, 1, 64], 1
2026-01-29 01:42:11,527 - tf2onnx.tfonnx - DEBUG - Process node: point_net_1/s1_l1_64_convolution_layer_1/Relu
OP=Relu
Name=point_net_1/s1_l1_64_convolution_layer_1/Relu
Inputs:
	point_net_1/s1_l1_64_convolution_layer_1/batch_normalization_5_1/batchnorm/add_1:0=Add, [-1, 8192, 1, 64], 1
Outpus:
	point_net_1/s1_l1_64_convolution_layer_1/Relu:0=[-1, 8192, 1, 64], 1
2026-01-29 01:42:11,527 - tf2onnx.tfonnx - DEBUG - Process node: point_net_1/s1_l2_64_convolution_layer_1/batch_normalization_6_1/batchnorm/mul_1
OP=Conv2D
Name=point_net_1/s1_l2_64_convolution_layer_1/batch_normalization_6_1/batchnorm/mul_1
Inputs:
	point_net_1/s1_l1_64_convolution_layer_1/Relu:0=Relu, [-1, 8192, 1, 64], 1
	point_net_1/s1_l2_64_convolution_layer_1/s1_l2_64_convolution_layer_1/convolution/merged_input:0=Const, [1, 1, 64, 64], 1
Outpus:
	point_net_1/s1_l2_64_convolution_layer_1/batch_normalization_6_1/batchnorm/mul_1:0=[-1, 8192, 1, 64], 1
2026-01-29 01:42:11,527 - tf2onnx.graph - DEBUG - Making node: Name=point_net_1/s1_l2_64_convolution_layer_1/batch_normalization_6_1/batchnorm/mul_1__44, OP=Transpose
2026-01-29 01:42:11,527 - tf2onnx.graph - DEBUG - Infer shape and dtype for [point_net_1/s1_l2_64_convolution_layer_1/batch_normalization_6_1/batchnorm/mul_1__44]
2026-01-29 01:42:11,528 - tf2onnx.graph - DEBUG - Set dtype of [point_net_1/s1_l2_64_convolution_layer_1/batch_normalization_6_1/batchnorm/mul_1__44:0] to 1
2026-01-29 01:42:11,528 - tf2onnx.graph - DEBUG - Set shape of [point_net_1/s1_l2_64_convolution_layer_1/batch_normalization_6_1/batchnorm/mul_1__44:0] to [64, 1, 8192, -1]
2026-01-29 01:42:11,528 - tf2onnx.graph - DEBUG - Made node: point_net_1/s1_l2_64_convolution_layer_1/batch_normalization_6_1/batchnorm/mul_1__44
OP=Transpose
Name=point_net_1/s1_l2_64_convolution_layer_1/batch_normalization_6_1/batchnorm/mul_1__44
Inputs:
	point_net_1/s1_l1_64_convolution_layer_1/Relu:0=Relu, [-1, 8192, 1, 64], 1
Outpus:
	point_net_1/s1_l2_64_convolution_layer_1/batch_normalization_6_1/batchnorm/mul_1__44:0=[64, 1, 8192, -1], 1
2026-01-29 01:42:11,528 - tf2onnx.graph - DEBUG - Making node: Name=point_net_1/s1_l2_64_convolution_layer_1/batch_normalization_6_1/batchnorm/mul_1__46, OP=Transpose
2026-01-29 01:42:11,529 - tf2onnx.graph - DEBUG - Infer shape and dtype for [point_net_1/s1_l2_64_convolution_layer_1/batch_normalization_6_1/batchnorm/mul_1__46]
2026-01-29 01:42:11,529 - tf2onnx.graph - DEBUG - Set dtype of [point_net_1/s1_l2_64_convolution_layer_1/batch_normalization_6_1/batchnorm/mul_1__46:0] to 1
2026-01-29 01:42:11,529 - tf2onnx.graph - DEBUG - Set shape of [point_net_1/s1_l2_64_convolution_layer_1/batch_normalization_6_1/batchnorm/mul_1__46:0] to [64, 1, 8192, -1]
2026-01-29 01:42:11,529 - tf2onnx.graph - DEBUG - Made node: point_net_1/s1_l2_64_convolution_layer_1/batch_normalization_6_1/batchnorm/mul_1__46
OP=Transpose
Name=point_net_1/s1_l2_64_convolution_layer_1/batch_normalization_6_1/batchnorm/mul_1__46
Inputs:
	point_net_1/s1_l2_64_convolution_layer_1/batch_normalization_6_1/batchnorm/mul_1:0=Conv, [-1, 8192, 1, 64], 1
Outpus:
	point_net_1/s1_l2_64_convolution_layer_1/batch_normalization_6_1/batchnorm/mul_1__46:0=[64, 1, 8192, -1], 1
2026-01-29 01:42:11,530 - tf2onnx.tfonnx - DEBUG - Process node: point_net_1/s1_l2_64_convolution_layer_1/batch_normalization_6_1/batchnorm/add_1
OP=AddV2
Name=point_net_1/s1_l2_64_convolution_layer_1/batch_normalization_6_1/batchnorm/add_1
Inputs:
	point_net_1/s1_l2_64_convolution_layer_1/batch_normalization_6_1/batchnorm/mul_1__46:0=Transpose, [-1, 8192, 1, 64], 1
	point_net_1/s1_l2_64_convolution_layer_1/batch_normalization_6_1/batchnorm/sub:0=Const, [64], 1
Outpus:
	point_net_1/s1_l2_64_convolution_layer_1/batch_normalization_6_1/batchnorm/add_1:0=[-1, 8192, 1, 64], 1
2026-01-29 01:42:11,530 - tf2onnx.tfonnx - DEBUG - Process node: point_net_1/s1_l2_64_convolution_layer_1/Relu
OP=Relu
Name=point_net_1/s1_l2_64_convolution_layer_1/Relu
Inputs:
	point_net_1/s1_l2_64_convolution_layer_1/batch_normalization_6_1/batchnorm/add_1:0=Add, [-1, 8192, 1, 64], 1
Outpus:
	point_net_1/s1_l2_64_convolution_layer_1/Relu:0=[-1, 8192, 1, 64], 1
2026-01-29 01:42:11,530 - tf2onnx.tfonnx - DEBUG - Process node: point_net_1/Squeeze
OP=Squeeze
Name=point_net_1/Squeeze
Inputs:
	point_net_1/s1_l2_64_convolution_layer_1/Relu:0=Relu, [-1, 8192, 1, 64], 1
Outpus:
	point_net_1/Squeeze:0=[-1, 8192, 64], 1
2026-01-29 01:42:11,530 - tf2onnx.graph - DEBUG - Making node: Name=axes_const__48, OP=Const
2026-01-29 01:42:11,531 - tf2onnx.graph - DEBUG - Made node: axes_const__48
OP=Const
Name=axes_const__48
Outpus:
	axes_const__48=None, 7
2026-01-29 01:42:11,531 - tf2onnx.tfonnx - DEBUG - Process node: point_net_1/feature_transform_1/ExpandDims
OP=ExpandDims
Name=point_net_1/feature_transform_1/ExpandDims
Inputs:
	point_net_1/Squeeze:0=Squeeze, [-1, 8192, 64], 1
	point_net_1/feature_transform_1/ExpandDims/dim:0=Const, [], 6
Outpus:
	point_net_1/feature_transform_1/ExpandDims:0=[-1, 8192, 1, 64], 1
2026-01-29 01:42:11,532 - tf2onnx.graph - DEBUG - Making node: Name=point_net_1/feature_transform_1/ExpandDims__49, OP=Cast
2026-01-29 01:42:11,532 - tf2onnx.graph - DEBUG - Infer shape and dtype for [point_net_1/feature_transform_1/ExpandDims__49]
2026-01-29 01:42:11,532 - tf2onnx.graph - DEBUG - Set dtype of [point_net_1/feature_transform_1/ExpandDims__49:0] to 7
2026-01-29 01:42:11,532 - tf2onnx.graph - DEBUG - Set shape of [point_net_1/feature_transform_1/ExpandDims__49:0] to []
2026-01-29 01:42:11,533 - tf2onnx.graph - DEBUG - Made node: point_net_1/feature_transform_1/ExpandDims__49
OP=Cast
Name=point_net_1/feature_transform_1/ExpandDims__49
Inputs:
	point_net_1/feature_transform_1/ExpandDims/dim:0=Const, [], 6
Outpus:
	point_net_1/feature_transform_1/ExpandDims__49:0=[], 7
2026-01-29 01:42:11,533 - tf2onnx.graph - DEBUG - Making node: Name=reshape_const__50, OP=Const
2026-01-29 01:42:11,533 - tf2onnx.graph - DEBUG - Made node: reshape_const__50
OP=Const
Name=reshape_const__50
Outpus:
	reshape_const__50=None, 7
2026-01-29 01:42:11,533 - tf2onnx.graph - DEBUG - Making node: Name=Reshape__51, OP=Reshape
2026-01-29 01:42:11,533 - tf2onnx.graph - DEBUG - Infer shape and dtype for [Reshape__51]
2026-01-29 01:42:11,534 - tf2onnx.graph - DEBUG - Set dtype of [Reshape__51:0] to 7
2026-01-29 01:42:11,534 - tf2onnx.graph - DEBUG - Set shape of [Reshape__51:0] to [1]
2026-01-29 01:42:11,534 - tf2onnx.graph - DEBUG - Made node: Reshape__51
OP=Reshape
Name=Reshape__51
Inputs:
	point_net_1/feature_transform_1/ExpandDims__49:0=Cast, [], 7
	reshape_const__50=Const, [1], 7
Outpus:
	Reshape__51:0=[1], 7
2026-01-29 01:42:11,534 - tf2onnx.tfonnx - DEBUG - Process node: point_net_1/feature_transform_1/feature_transform_convolution_layer_1_convolution_layer_1/batch_normalization_7_1/batchnorm/mul_1
OP=Conv2D
Name=point_net_1/feature_transform_1/feature_transform_convolution_layer_1_convolution_layer_1/batch_normalization_7_1/batchnorm/mul_1
Inputs:
	point_net_1/feature_transform_1/ExpandDims:0=Unsqueeze, [-1, 8192, 1, 64], 1
	point_net_1/feature_transform_1/feature_transform_convolution_layer_1_convolution_layer_1/feature_transform_convolution_layer_1_convolution_layer_1/convolution/merged_input:0=Const, [1, 1, 64, 64], 1
Outpus:
	point_net_1/feature_transform_1/feature_transform_convolution_layer_1_convolution_layer_1/batch_normalization_7_1/batchnorm/mul_1:0=[-1, 8192, 1, 64], 1
2026-01-29 01:42:11,535 - tf2onnx.graph - DEBUG - Making node: Name=point_net_1/feature_transform_1/feature_transform_convolution_layer_1_convolution_layer_1/batch_normalization_7_1/batchnorm/mul_1__52, OP=Transpose
2026-01-29 01:42:11,535 - tf2onnx.graph - DEBUG - Infer shape and dtype for [point_net_1/feature_transform_1/feature_transform_convolution_layer_1_convolution_layer_1/batch_normalization_7_1/batchnorm/mul_1__52]
2026-01-29 01:42:11,535 - tf2onnx.graph - DEBUG - Set dtype of [point_net_1/feature_transform_1/feature_transform_convolution_layer_1_convolution_layer_1/batch_normalization_7_1/batchnorm/mul_1__52:0] to 1
2026-01-29 01:42:11,536 - tf2onnx.graph - DEBUG - Set shape of [point_net_1/feature_transform_1/feature_transform_convolution_layer_1_convolution_layer_1/batch_normalization_7_1/batchnorm/mul_1__52:0] to [64, 1, 8192, -1]
2026-01-29 01:42:11,536 - tf2onnx.graph - DEBUG - Made node: point_net_1/feature_transform_1/feature_transform_convolution_layer_1_convolution_layer_1/batch_normalization_7_1/batchnorm/mul_1__52
OP=Transpose
Name=point_net_1/feature_transform_1/feature_transform_convolution_layer_1_convolution_layer_1/batch_normalization_7_1/batchnorm/mul_1__52
Inputs:
	point_net_1/feature_transform_1/ExpandDims:0=Unsqueeze, [-1, 8192, 1, 64], 1
Outpus:
	point_net_1/feature_transform_1/feature_transform_convolution_layer_1_convolution_layer_1/batch_normalization_7_1/batchnorm/mul_1__52:0=[64, 1, 8192, -1], 1
2026-01-29 01:42:11,536 - tf2onnx.graph - DEBUG - Making node: Name=point_net_1/feature_transform_1/feature_transform_convolution_layer_1_convolution_layer_1/batch_normalization_7_1/batchnorm/mul_1__54, OP=Transpose
2026-01-29 01:42:11,536 - tf2onnx.graph - DEBUG - Infer shape and dtype for [point_net_1/feature_transform_1/feature_transform_convolution_layer_1_convolution_layer_1/batch_normalization_7_1/batchnorm/mul_1__54]
2026-01-29 01:42:11,537 - tf2onnx.graph - DEBUG - Set dtype of [point_net_1/feature_transform_1/feature_transform_convolution_layer_1_convolution_layer_1/batch_normalization_7_1/batchnorm/mul_1__54:0] to 1
2026-01-29 01:42:11,537 - tf2onnx.graph - DEBUG - Set shape of [point_net_1/feature_transform_1/feature_transform_convolution_layer_1_convolution_layer_1/batch_normalization_7_1/batchnorm/mul_1__54:0] to [64, 1, 8192, -1]
2026-01-29 01:42:11,537 - tf2onnx.graph - DEBUG - Made node: point_net_1/feature_transform_1/feature_transform_convolution_layer_1_convolution_layer_1/batch_normalization_7_1/batchnorm/mul_1__54
OP=Transpose
Name=point_net_1/feature_transform_1/feature_transform_convolution_layer_1_convolution_layer_1/batch_normalization_7_1/batchnorm/mul_1__54
Inputs:
	point_net_1/feature_transform_1/feature_transform_convolution_layer_1_convolution_layer_1/batch_normalization_7_1/batchnorm/mul_1:0=Conv, [-1, 8192, 1, 64], 1
Outpus:
	point_net_1/feature_transform_1/feature_transform_convolution_layer_1_convolution_layer_1/batch_normalization_7_1/batchnorm/mul_1__54:0=[64, 1, 8192, -1], 1
2026-01-29 01:42:11,537 - tf2onnx.tfonnx - DEBUG - Process node: point_net_1/feature_transform_1/feature_transform_convolution_layer_1_convolution_layer_1/batch_normalization_7_1/batchnorm/add_1
OP=AddV2
Name=point_net_1/feature_transform_1/feature_transform_convolution_layer_1_convolution_layer_1/batch_normalization_7_1/batchnorm/add_1
Inputs:
	point_net_1/feature_transform_1/feature_transform_convolution_layer_1_convolution_layer_1/batch_normalization_7_1/batchnorm/mul_1__54:0=Transpose, [-1, 8192, 1, 64], 1
	point_net_1/feature_transform_1/feature_transform_convolution_layer_1_convolution_layer_1/batch_normalization_7_1/batchnorm/sub:0=Const, [64], 1
Outpus:
	point_net_1/feature_transform_1/feature_transform_convolution_layer_1_convolution_layer_1/batch_normalization_7_1/batchnorm/add_1:0=[-1, 8192, 1, 64], 1
2026-01-29 01:42:11,538 - tf2onnx.tfonnx - DEBUG - Process node: point_net_1/feature_transform_1/feature_transform_convolution_layer_1_convolution_layer_1/Relu
OP=Relu
Name=point_net_1/feature_transform_1/feature_transform_convolution_layer_1_convolution_layer_1/Relu
Inputs:
	point_net_1/feature_transform_1/feature_transform_convolution_layer_1_convolution_layer_1/batch_normalization_7_1/batchnorm/add_1:0=Add, [-1, 8192, 1, 64], 1
Outpus:
	point_net_1/feature_transform_1/feature_transform_convolution_layer_1_convolution_layer_1/Relu:0=[-1, 8192, 1, 64], 1
2026-01-29 01:42:11,538 - tf2onnx.tfonnx - DEBUG - Process node: point_net_1/feature_transform_1/feature_transform_convolution_layer_2_convolution_layer_1/batch_normalization_8_1/batchnorm/mul_1
OP=Conv2D
Name=point_net_1/feature_transform_1/feature_transform_convolution_layer_2_convolution_layer_1/batch_normalization_8_1/batchnorm/mul_1
Inputs:
	point_net_1/feature_transform_1/feature_transform_convolution_layer_1_convolution_layer_1/Relu:0=Relu, [-1, 8192, 1, 64], 1
	point_net_1/feature_transform_1/feature_transform_convolution_layer_2_convolution_layer_1/feature_transform_convolution_layer_2_convolution_layer_1/convolution/merged_input:0=Const, [1, 1, 64, 128], 1
Outpus:
	point_net_1/feature_transform_1/feature_transform_convolution_layer_2_convolution_layer_1/batch_normalization_8_1/batchnorm/mul_1:0=[-1, 8192, 1, 128], 1
2026-01-29 01:42:11,538 - tf2onnx.graph - DEBUG - Making node: Name=point_net_1/feature_transform_1/feature_transform_convolution_layer_2_convolution_layer_1/batch_normalization_8_1/batchnorm/mul_1__56, OP=Transpose
2026-01-29 01:42:11,539 - tf2onnx.graph - DEBUG - Infer shape and dtype for [point_net_1/feature_transform_1/feature_transform_convolution_layer_2_convolution_layer_1/batch_normalization_8_1/batchnorm/mul_1__56]
2026-01-29 01:42:11,539 - tf2onnx.graph - DEBUG - Set dtype of [point_net_1/feature_transform_1/feature_transform_convolution_layer_2_convolution_layer_1/batch_normalization_8_1/batchnorm/mul_1__56:0] to 1
2026-01-29 01:42:11,539 - tf2onnx.graph - DEBUG - Set shape of [point_net_1/feature_transform_1/feature_transform_convolution_layer_2_convolution_layer_1/batch_normalization_8_1/batchnorm/mul_1__56:0] to [64, 1, 8192, -1]
2026-01-29 01:42:11,539 - tf2onnx.graph - DEBUG - Made node: point_net_1/feature_transform_1/feature_transform_convolution_layer_2_convolution_layer_1/batch_normalization_8_1/batchnorm/mul_1__56
OP=Transpose
Name=point_net_1/feature_transform_1/feature_transform_convolution_layer_2_convolution_layer_1/batch_normalization_8_1/batchnorm/mul_1__56
Inputs:
	point_net_1/feature_transform_1/feature_transform_convolution_layer_1_convolution_layer_1/Relu:0=Relu, [-1, 8192, 1, 64], 1
Outpus:
	point_net_1/feature_transform_1/feature_transform_convolution_layer_2_convolution_layer_1/batch_normalization_8_1/batchnorm/mul_1__56:0=[64, 1, 8192, -1], 1
2026-01-29 01:42:11,540 - tf2onnx.graph - DEBUG - Making node: Name=point_net_1/feature_transform_1/feature_transform_convolution_layer_2_convolution_layer_1/batch_normalization_8_1/batchnorm/mul_1__58, OP=Transpose
2026-01-29 01:42:11,540 - tf2onnx.graph - DEBUG - Infer shape and dtype for [point_net_1/feature_transform_1/feature_transform_convolution_layer_2_convolution_layer_1/batch_normalization_8_1/batchnorm/mul_1__58]
2026-01-29 01:42:11,540 - tf2onnx.graph - DEBUG - Set dtype of [point_net_1/feature_transform_1/feature_transform_convolution_layer_2_convolution_layer_1/batch_normalization_8_1/batchnorm/mul_1__58:0] to 1
2026-01-29 01:42:11,541 - tf2onnx.graph - DEBUG - Set shape of [point_net_1/feature_transform_1/feature_transform_convolution_layer_2_convolution_layer_1/batch_normalization_8_1/batchnorm/mul_1__58:0] to [128, 1, 8192, -1]
2026-01-29 01:42:11,541 - tf2onnx.graph - DEBUG - Made node: point_net_1/feature_transform_1/feature_transform_convolution_layer_2_convolution_layer_1/batch_normalization_8_1/batchnorm/mul_1__58
OP=Transpose
Name=point_net_1/feature_transform_1/feature_transform_convolution_layer_2_convolution_layer_1/batch_normalization_8_1/batchnorm/mul_1__58
Inputs:
	point_net_1/feature_transform_1/feature_transform_convolution_layer_2_convolution_layer_1/batch_normalization_8_1/batchnorm/mul_1:0=Conv, [-1, 8192, 1, 128], 1
Outpus:
	point_net_1/feature_transform_1/feature_transform_convolution_layer_2_convolution_layer_1/batch_normalization_8_1/batchnorm/mul_1__58:0=[128, 1, 8192, -1], 1
2026-01-29 01:42:11,541 - tf2onnx.tfonnx - DEBUG - Process node: point_net_1/feature_transform_1/feature_transform_convolution_layer_2_convolution_layer_1/batch_normalization_8_1/batchnorm/add_1
OP=AddV2
Name=point_net_1/feature_transform_1/feature_transform_convolution_layer_2_convolution_layer_1/batch_normalization_8_1/batchnorm/add_1
Inputs:
	point_net_1/feature_transform_1/feature_transform_convolution_layer_2_convolution_layer_1/batch_normalization_8_1/batchnorm/mul_1__58:0=Transpose, [-1, 8192, 1, 128], 1
	point_net_1/feature_transform_1/feature_transform_convolution_layer_2_convolution_layer_1/batch_normalization_8_1/batchnorm/sub:0=Const, [128], 1
Outpus:
	point_net_1/feature_transform_1/feature_transform_convolution_layer_2_convolution_layer_1/batch_normalization_8_1/batchnorm/add_1:0=[-1, 8192, 1, 128], 1
2026-01-29 01:42:11,541 - tf2onnx.tfonnx - DEBUG - Process node: point_net_1/feature_transform_1/feature_transform_convolution_layer_2_convolution_layer_1/Relu
OP=Relu
Name=point_net_1/feature_transform_1/feature_transform_convolution_layer_2_convolution_layer_1/Relu
Inputs:
	point_net_1/feature_transform_1/feature_transform_convolution_layer_2_convolution_layer_1/batch_normalization_8_1/batchnorm/add_1:0=Add, [-1, 8192, 1, 128], 1
Outpus:
	point_net_1/feature_transform_1/feature_transform_convolution_layer_2_convolution_layer_1/Relu:0=[-1, 8192, 1, 128], 1
2026-01-29 01:42:11,542 - tf2onnx.tfonnx - DEBUG - Process node: point_net_1/feature_transform_1/feature_transform_convolution_layer_3_convolution_layer_1/batch_normalization_9_1/batchnorm/mul_1
OP=Conv2D
Name=point_net_1/feature_transform_1/feature_transform_convolution_layer_3_convolution_layer_1/batch_normalization_9_1/batchnorm/mul_1
Inputs:
	point_net_1/feature_transform_1/feature_transform_convolution_layer_2_convolution_layer_1/Relu:0=Relu, [-1, 8192, 1, 128], 1
	point_net_1/feature_transform_1/feature_transform_convolution_layer_3_convolution_layer_1/feature_transform_convolution_layer_3_convolution_layer_1/convolution/merged_input:0=Const, [1, 1, 128, 1024], 1
Outpus:
	point_net_1/feature_transform_1/feature_transform_convolution_layer_3_convolution_layer_1/batch_normalization_9_1/batchnorm/mul_1:0=[-1, 8192, 1, 1024], 1
2026-01-29 01:42:11,542 - tf2onnx.graph - DEBUG - Making node: Name=point_net_1/feature_transform_1/feature_transform_convolution_layer_3_convolution_layer_1/batch_normalization_9_1/batchnorm/mul_1__60, OP=Transpose
2026-01-29 01:42:11,542 - tf2onnx.graph - DEBUG - Infer shape and dtype for [point_net_1/feature_transform_1/feature_transform_convolution_layer_3_convolution_layer_1/batch_normalization_9_1/batchnorm/mul_1__60]
2026-01-29 01:42:11,542 - tf2onnx.graph - DEBUG - Set dtype of [point_net_1/feature_transform_1/feature_transform_convolution_layer_3_convolution_layer_1/batch_normalization_9_1/batchnorm/mul_1__60:0] to 1
2026-01-29 01:42:11,543 - tf2onnx.graph - DEBUG - Set shape of [point_net_1/feature_transform_1/feature_transform_convolution_layer_3_convolution_layer_1/batch_normalization_9_1/batchnorm/mul_1__60:0] to [128, 1, 8192, -1]
2026-01-29 01:42:11,543 - tf2onnx.graph - DEBUG - Made node: point_net_1/feature_transform_1/feature_transform_convolution_layer_3_convolution_layer_1/batch_normalization_9_1/batchnorm/mul_1__60
OP=Transpose
Name=point_net_1/feature_transform_1/feature_transform_convolution_layer_3_convolution_layer_1/batch_normalization_9_1/batchnorm/mul_1__60
Inputs:
	point_net_1/feature_transform_1/feature_transform_convolution_layer_2_convolution_layer_1/Relu:0=Relu, [-1, 8192, 1, 128], 1
Outpus:
	point_net_1/feature_transform_1/feature_transform_convolution_layer_3_convolution_layer_1/batch_normalization_9_1/batchnorm/mul_1__60:0=[128, 1, 8192, -1], 1
2026-01-29 01:42:11,544 - tf2onnx.graph - DEBUG - Making node: Name=point_net_1/feature_transform_1/feature_transform_convolution_layer_3_convolution_layer_1/batch_normalization_9_1/batchnorm/mul_1__62, OP=Transpose
2026-01-29 01:42:11,544 - tf2onnx.graph - DEBUG - Infer shape and dtype for [point_net_1/feature_transform_1/feature_transform_convolution_layer_3_convolution_layer_1/batch_normalization_9_1/batchnorm/mul_1__62]
2026-01-29 01:42:11,544 - tf2onnx.graph - DEBUG - Set dtype of [point_net_1/feature_transform_1/feature_transform_convolution_layer_3_convolution_layer_1/batch_normalization_9_1/batchnorm/mul_1__62:0] to 1
2026-01-29 01:42:11,545 - tf2onnx.graph - DEBUG - Set shape of [point_net_1/feature_transform_1/feature_transform_convolution_layer_3_convolution_layer_1/batch_normalization_9_1/batchnorm/mul_1__62:0] to [1024, 1, 8192, -1]
2026-01-29 01:42:11,545 - tf2onnx.graph - DEBUG - Made node: point_net_1/feature_transform_1/feature_transform_convolution_layer_3_convolution_layer_1/batch_normalization_9_1/batchnorm/mul_1__62
OP=Transpose
Name=point_net_1/feature_transform_1/feature_transform_convolution_layer_3_convolution_layer_1/batch_normalization_9_1/batchnorm/mul_1__62
Inputs:
	point_net_1/feature_transform_1/feature_transform_convolution_layer_3_convolution_layer_1/batch_normalization_9_1/batchnorm/mul_1:0=Conv, [-1, 8192, 1, 1024], 1
Outpus:
	point_net_1/feature_transform_1/feature_transform_convolution_layer_3_convolution_layer_1/batch_normalization_9_1/batchnorm/mul_1__62:0=[1024, 1, 8192, -1], 1
2026-01-29 01:42:11,545 - tf2onnx.tfonnx - DEBUG - Process node: point_net_1/feature_transform_1/feature_transform_convolution_layer_3_convolution_layer_1/batch_normalization_9_1/batchnorm/add_1
OP=AddV2
Name=point_net_1/feature_transform_1/feature_transform_convolution_layer_3_convolution_layer_1/batch_normalization_9_1/batchnorm/add_1
Inputs:
	point_net_1/feature_transform_1/feature_transform_convolution_layer_3_convolution_layer_1/batch_normalization_9_1/batchnorm/mul_1__62:0=Transpose, [-1, 8192, 1, 1024], 1
	point_net_1/feature_transform_1/feature_transform_convolution_layer_3_convolution_layer_1/batch_normalization_9_1/batchnorm/sub:0=Const, [1024], 1
Outpus:
	point_net_1/feature_transform_1/feature_transform_convolution_layer_3_convolution_layer_1/batch_normalization_9_1/batchnorm/add_1:0=[-1, 8192, 1, 1024], 1
2026-01-29 01:42:11,545 - tf2onnx.tfonnx - DEBUG - Process node: point_net_1/feature_transform_1/feature_transform_convolution_layer_3_convolution_layer_1/Relu
OP=Relu
Name=point_net_1/feature_transform_1/feature_transform_convolution_layer_3_convolution_layer_1/Relu
Inputs:
	point_net_1/feature_transform_1/feature_transform_convolution_layer_3_convolution_layer_1/batch_normalization_9_1/batchnorm/add_1:0=Add, [-1, 8192, 1, 1024], 1
Outpus:
	point_net_1/feature_transform_1/feature_transform_convolution_layer_3_convolution_layer_1/Relu:0=[-1, 8192, 1, 1024], 1
2026-01-29 01:42:11,546 - tf2onnx.tfonnx - DEBUG - Process node: point_net_1/feature_transform_1/Squeeze
OP=Squeeze
Name=point_net_1/feature_transform_1/Squeeze
Inputs:
	point_net_1/feature_transform_1/feature_transform_convolution_layer_3_convolution_layer_1/Relu:0=Relu, [-1, 8192, 1, 1024], 1
Outpus:
	point_net_1/feature_transform_1/Squeeze:0=[-1, 8192, 1024], 1
2026-01-29 01:42:11,546 - tf2onnx.graph - DEBUG - Making node: Name=axes_const__64, OP=Const
2026-01-29 01:42:11,546 - tf2onnx.graph - DEBUG - Made node: axes_const__64
OP=Const
Name=axes_const__64
Outpus:
	axes_const__64=None, 7
2026-01-29 01:42:11,546 - tf2onnx.tfonnx - DEBUG - Process node: point_net_1/feature_transform_1/Max
OP=Max
Name=point_net_1/feature_transform_1/Max
Inputs:
	point_net_1/feature_transform_1/Squeeze:0=Squeeze, [-1, 8192, 1024], 1
	point_net_1/feature_transform_1/Max/reduction_indices:0=Const, [], 6
Outpus:
	point_net_1/feature_transform_1/Max:0=[-1, 1024], 1
2026-01-29 01:42:11,547 - tf2onnx.tfonnx - DEBUG - Process node: point_net_1/feature_transform_1/feature_transform_dense_layer_1_dense_layer_1/feature_transform_dense_layer_1_dense_layer_1/MatMul
OP=MatMul
Name=point_net_1/feature_transform_1/feature_transform_dense_layer_1_dense_layer_1/feature_transform_dense_layer_1_dense_layer_1/MatMul
Inputs:
	point_net_1/feature_transform_1/Max:0=ReduceMax, [-1, 1024], 1
	point_net_1/feature_transform_1/feature_transform_dense_layer_1_dense_layer_1/feature_transform_dense_layer_1_dense_layer_1/Cast/ReadVariableOp:0=Const, [1024, 512], 1
Outpus:
	point_net_1/feature_transform_1/feature_transform_dense_layer_1_dense_layer_1/feature_transform_dense_layer_1_dense_layer_1/MatMul:0=[-1, 512], 1
2026-01-29 01:42:11,547 - tf2onnx.tfonnx - DEBUG - Process node: point_net_1/feature_transform_1/feature_transform_dense_layer_1_dense_layer_1/batch_normalization_10_1/batchnorm/mul_1
OP=Mul
Name=point_net_1/feature_transform_1/feature_transform_dense_layer_1_dense_layer_1/batch_normalization_10_1/batchnorm/mul_1
Inputs:
	point_net_1/feature_transform_1/feature_transform_dense_layer_1_dense_layer_1/feature_transform_dense_layer_1_dense_layer_1/MatMul:0=MatMul, [-1, 512], 1
	point_net_1/feature_transform_1/feature_transform_dense_layer_1_dense_layer_1/batch_normalization_10_1/batchnorm/mul:0=Const, [512], 1
Outpus:
	point_net_1/feature_transform_1/feature_transform_dense_layer_1_dense_layer_1/batch_normalization_10_1/batchnorm/mul_1:0=[-1, 512], 1
2026-01-29 01:42:11,547 - tf2onnx.tfonnx - DEBUG - Process node: point_net_1/feature_transform_1/feature_transform_dense_layer_1_dense_layer_1/batch_normalization_10_1/batchnorm/add_1
OP=AddV2
Name=point_net_1/feature_transform_1/feature_transform_dense_layer_1_dense_layer_1/batch_normalization_10_1/batchnorm/add_1
Inputs:
	point_net_1/feature_transform_1/feature_transform_dense_layer_1_dense_layer_1/batch_normalization_10_1/batchnorm/mul_1:0=Mul, [-1, 512], 1
	point_net_1/feature_transform_1/feature_transform_dense_layer_1_dense_layer_1/batch_normalization_10_1/batchnorm/sub:0=Const, [512], 1
Outpus:
	point_net_1/feature_transform_1/feature_transform_dense_layer_1_dense_layer_1/batch_normalization_10_1/batchnorm/add_1:0=[-1, 512], 1
2026-01-29 01:42:11,547 - tf2onnx.tfonnx - DEBUG - Process node: point_net_1/feature_transform_1/feature_transform_dense_layer_1_dense_layer_1/Relu
OP=Relu
Name=point_net_1/feature_transform_1/feature_transform_dense_layer_1_dense_layer_1/Relu
Inputs:
	point_net_1/feature_transform_1/feature_transform_dense_layer_1_dense_layer_1/batch_normalization_10_1/batchnorm/add_1:0=Add, [-1, 512], 1
Outpus:
	point_net_1/feature_transform_1/feature_transform_dense_layer_1_dense_layer_1/Relu:0=[-1, 512], 1
2026-01-29 01:42:11,548 - tf2onnx.tfonnx - DEBUG - Process node: point_net_1/feature_transform_1/feature_transform_dense_layer_2_dense_layer_1/feature_transform_dense_layer_2_dense_layer_1/MatMul
OP=MatMul
Name=point_net_1/feature_transform_1/feature_transform_dense_layer_2_dense_layer_1/feature_transform_dense_layer_2_dense_layer_1/MatMul
Inputs:
	point_net_1/feature_transform_1/feature_transform_dense_layer_1_dense_layer_1/Relu:0=Relu, [-1, 512], 1
	point_net_1/feature_transform_1/feature_transform_dense_layer_2_dense_layer_1/feature_transform_dense_layer_2_dense_layer_1/Cast/ReadVariableOp:0=Const, [512, 256], 1
Outpus:
	point_net_1/feature_transform_1/feature_transform_dense_layer_2_dense_layer_1/feature_transform_dense_layer_2_dense_layer_1/MatMul:0=[-1, 256], 1
2026-01-29 01:42:11,548 - tf2onnx.tfonnx - DEBUG - Process node: point_net_1/feature_transform_1/feature_transform_dense_layer_2_dense_layer_1/batch_normalization_11_1/batchnorm/mul_1
OP=Mul
Name=point_net_1/feature_transform_1/feature_transform_dense_layer_2_dense_layer_1/batch_normalization_11_1/batchnorm/mul_1
Inputs:
	point_net_1/feature_transform_1/feature_transform_dense_layer_2_dense_layer_1/feature_transform_dense_layer_2_dense_layer_1/MatMul:0=MatMul, [-1, 256], 1
	point_net_1/feature_transform_1/feature_transform_dense_layer_2_dense_layer_1/batch_normalization_11_1/batchnorm/mul:0=Const, [256], 1
Outpus:
	point_net_1/feature_transform_1/feature_transform_dense_layer_2_dense_layer_1/batch_normalization_11_1/batchnorm/mul_1:0=[-1, 256], 1
2026-01-29 01:42:11,549 - tf2onnx.tfonnx - DEBUG - Process node: point_net_1/feature_transform_1/feature_transform_dense_layer_2_dense_layer_1/batch_normalization_11_1/batchnorm/add_1
OP=AddV2
Name=point_net_1/feature_transform_1/feature_transform_dense_layer_2_dense_layer_1/batch_normalization_11_1/batchnorm/add_1
Inputs:
	point_net_1/feature_transform_1/feature_transform_dense_layer_2_dense_layer_1/batch_normalization_11_1/batchnorm/mul_1:0=Mul, [-1, 256], 1
	point_net_1/feature_transform_1/feature_transform_dense_layer_2_dense_layer_1/batch_normalization_11_1/batchnorm/sub:0=Const, [256], 1
Outpus:
	point_net_1/feature_transform_1/feature_transform_dense_layer_2_dense_layer_1/batch_normalization_11_1/batchnorm/add_1:0=[-1, 256], 1
2026-01-29 01:42:11,549 - tf2onnx.tfonnx - DEBUG - Process node: point_net_1/feature_transform_1/feature_transform_dense_layer_2_dense_layer_1/Relu
OP=Relu
Name=point_net_1/feature_transform_1/feature_transform_dense_layer_2_dense_layer_1/Relu
Inputs:
	point_net_1/feature_transform_1/feature_transform_dense_layer_2_dense_layer_1/batch_normalization_11_1/batchnorm/add_1:0=Add, [-1, 256], 1
Outpus:
	point_net_1/feature_transform_1/feature_transform_dense_layer_2_dense_layer_1/Relu:0=[-1, 256], 1
2026-01-29 01:42:11,549 - tf2onnx.tfonnx - DEBUG - Process node: point_net_1/feature_transform_1/ExpandDims_1
OP=ExpandDims
Name=point_net_1/feature_transform_1/ExpandDims_1
Inputs:
	point_net_1/feature_transform_1/feature_transform_dense_layer_2_dense_layer_1/Relu:0=Relu, [-1, 256], 1
	point_net_1/feature_transform_1/ExpandDims_1/dim:0=Const, [], 6
Outpus:
	point_net_1/feature_transform_1/ExpandDims_1:0=[-1, 1, 256], 1
2026-01-29 01:42:11,550 - tf2onnx.graph - DEBUG - Making node: Name=point_net_1/feature_transform_1/ExpandDims_1__65, OP=Cast
2026-01-29 01:42:11,550 - tf2onnx.graph - DEBUG - Infer shape and dtype for [point_net_1/feature_transform_1/ExpandDims_1__65]
2026-01-29 01:42:11,551 - tf2onnx.graph - DEBUG - Set dtype of [point_net_1/feature_transform_1/ExpandDims_1__65:0] to 7
2026-01-29 01:42:11,551 - tf2onnx.graph - DEBUG - Set shape of [point_net_1/feature_transform_1/ExpandDims_1__65:0] to []
2026-01-29 01:42:11,551 - tf2onnx.graph - DEBUG - Made node: point_net_1/feature_transform_1/ExpandDims_1__65
OP=Cast
Name=point_net_1/feature_transform_1/ExpandDims_1__65
Inputs:
	point_net_1/feature_transform_1/ExpandDims_1/dim:0=Const, [], 6
Outpus:
	point_net_1/feature_transform_1/ExpandDims_1__65:0=[], 7
2026-01-29 01:42:11,551 - tf2onnx.graph - DEBUG - Making node: Name=reshape_const__66, OP=Const
2026-01-29 01:42:11,551 - tf2onnx.graph - DEBUG - Made node: reshape_const__66
OP=Const
Name=reshape_const__66
Outpus:
	reshape_const__66=None, 7
2026-01-29 01:42:11,552 - tf2onnx.graph - DEBUG - Making node: Name=Reshape__67, OP=Reshape
2026-01-29 01:42:11,552 - tf2onnx.graph - DEBUG - Infer shape and dtype for [Reshape__67]
2026-01-29 01:42:11,552 - tf2onnx.graph - DEBUG - Set dtype of [Reshape__67:0] to 7
2026-01-29 01:42:11,553 - tf2onnx.graph - DEBUG - Set shape of [Reshape__67:0] to [1]
2026-01-29 01:42:11,553 - tf2onnx.graph - DEBUG - Made node: Reshape__67
OP=Reshape
Name=Reshape__67
Inputs:
	point_net_1/feature_transform_1/ExpandDims_1__65:0=Cast, [], 7
	reshape_const__66=Const, [1], 7
Outpus:
	Reshape__67:0=[1], 7
2026-01-29 01:42:11,553 - tf2onnx.tfonnx - DEBUG - Process node: point_net_1/feature_transform_1/MatMul
OP=BatchMatMulV2
Name=point_net_1/feature_transform_1/MatMul
Inputs:
	point_net_1/feature_transform_1/ExpandDims_1:0=Unsqueeze, [-1, 1, 256], 1
	point_net_1/feature_transform_1/MatMul/ReadVariableOp:0=Const, [256, 4096], 1
Outpus:
	point_net_1/feature_transform_1/MatMul:0=[-1, 1, 4096], 1
2026-01-29 01:42:11,553 - tf2onnx.tfonnx - DEBUG - Process node: point_net_1/feature_transform_1/Squeeze_1
OP=Squeeze
Name=point_net_1/feature_transform_1/Squeeze_1
Inputs:
	point_net_1/feature_transform_1/MatMul:0=MatMul, [-1, 1, 4096], 1
Outpus:
	point_net_1/feature_transform_1/Squeeze_1:0=[-1, 4096], 1
2026-01-29 01:42:11,553 - tf2onnx.graph - DEBUG - Making node: Name=axes_const__68, OP=Const
2026-01-29 01:42:11,554 - tf2onnx.graph - DEBUG - Made node: axes_const__68
OP=Const
Name=axes_const__68
Outpus:
	axes_const__68=None, 7
2026-01-29 01:42:11,554 - tf2onnx.tfonnx - DEBUG - Process node: point_net_1/feature_transform_1/Reshape
OP=Reshape
Name=point_net_1/feature_transform_1/Reshape
Inputs:
	point_net_1/feature_transform_1/Squeeze_1:0=Squeeze, [-1, 4096], 1
	point_net_1/feature_transform_1/Reshape/shape:0=Const, [3], 6
Outpus:
	point_net_1/feature_transform_1/Reshape:0=[-1, 64, 64], 1
2026-01-29 01:42:11,554 - tf2onnx.graph - DEBUG - Making node: Name=point_net_1/feature_transform_1/Reshape__69, OP=Cast
2026-01-29 01:42:11,554 - tf2onnx.graph - DEBUG - Infer shape and dtype for [point_net_1/feature_transform_1/Reshape__69]
2026-01-29 01:42:11,555 - tf2onnx.graph - DEBUG - Set dtype of [point_net_1/feature_transform_1/Reshape__69:0] to 7
2026-01-29 01:42:11,555 - tf2onnx.graph - DEBUG - Set shape of [point_net_1/feature_transform_1/Reshape__69:0] to [3]
2026-01-29 01:42:11,555 - tf2onnx.graph - DEBUG - Made node: point_net_1/feature_transform_1/Reshape__69
OP=Cast
Name=point_net_1/feature_transform_1/Reshape__69
Inputs:
	point_net_1/feature_transform_1/Reshape/shape:0=Const, [3], 6
Outpus:
	point_net_1/feature_transform_1/Reshape__69:0=[3], 7
2026-01-29 01:42:11,556 - tf2onnx.tfonnx - DEBUG - Process node: point_net_1/feature_transform_1/add
OP=AddV2
Name=point_net_1/feature_transform_1/add
Inputs:
	point_net_1/feature_transform_1/Reshape:0=Reshape, [-1, 64, 64], 1
	point_net_1/feature_transform_1/add/ReadVariableOp:0=Const, [64, 64], 1
Outpus:
	point_net_1/feature_transform_1/add:0=[-1, 64, 64], 1
2026-01-29 01:42:11,556 - tf2onnx.tfonnx - DEBUG - Process node: point_net_1/MatMul_1
OP=BatchMatMulV2
Name=point_net_1/MatMul_1
Inputs:
	point_net_1/Squeeze:0=Squeeze, [-1, 8192, 64], 1
	point_net_1/feature_transform_1/add:0=Add, [-1, 64, 64], 1
Outpus:
	point_net_1/MatMul_1:0=[-1, 8192, 64], 1
2026-01-29 01:42:11,556 - tf2onnx.tfonnx - DEBUG - Process node: point_net_1/ExpandDims_1
OP=ExpandDims
Name=point_net_1/ExpandDims_1
Inputs:
	point_net_1/MatMul_1:0=MatMul, [-1, 8192, 64], 1
	point_net_1/ExpandDims_1/dim:0=Const, [], 6
Outpus:
	point_net_1/ExpandDims_1:0=[-1, 8192, 1, 64], 1
2026-01-29 01:42:11,556 - tf2onnx.graph - DEBUG - Making node: Name=point_net_1/ExpandDims_1__70, OP=Cast
2026-01-29 01:42:11,557 - tf2onnx.graph - DEBUG - Infer shape and dtype for [point_net_1/ExpandDims_1__70]
2026-01-29 01:42:11,557 - tf2onnx.graph - DEBUG - Set dtype of [point_net_1/ExpandDims_1__70:0] to 7
2026-01-29 01:42:11,557 - tf2onnx.graph - DEBUG - Set shape of [point_net_1/ExpandDims_1__70:0] to []
2026-01-29 01:42:11,557 - tf2onnx.graph - DEBUG - Made node: point_net_1/ExpandDims_1__70
OP=Cast
Name=point_net_1/ExpandDims_1__70
Inputs:
	point_net_1/ExpandDims_1/dim:0=Const, [], 6
Outpus:
	point_net_1/ExpandDims_1__70:0=[], 7
2026-01-29 01:42:11,558 - tf2onnx.graph - DEBUG - Making node: Name=reshape_const__71, OP=Const
2026-01-29 01:42:11,558 - tf2onnx.graph - DEBUG - Made node: reshape_const__71
OP=Const
Name=reshape_const__71
Outpus:
	reshape_const__71=None, 7
2026-01-29 01:42:11,558 - tf2onnx.graph - DEBUG - Making node: Name=Reshape__72, OP=Reshape
2026-01-29 01:42:11,559 - tf2onnx.graph - DEBUG - Infer shape and dtype for [Reshape__72]
2026-01-29 01:42:11,559 - tf2onnx.graph - DEBUG - Set dtype of [Reshape__72:0] to 7
2026-01-29 01:42:11,559 - tf2onnx.graph - DEBUG - Set shape of [Reshape__72:0] to [1]
2026-01-29 01:42:11,559 - tf2onnx.graph - DEBUG - Made node: Reshape__72
OP=Reshape
Name=Reshape__72
Inputs:
	point_net_1/ExpandDims_1__70:0=Cast, [], 7
	reshape_const__71=Const, [1], 7
Outpus:
	Reshape__72:0=[1], 7
2026-01-29 01:42:11,560 - tf2onnx.tfonnx - DEBUG - Process node: point_net_1/s2_l1_64_convolution_layer_1/batch_normalization_12_1/batchnorm/mul_1
OP=Conv2D
Name=point_net_1/s2_l1_64_convolution_layer_1/batch_normalization_12_1/batchnorm/mul_1
Inputs:
	point_net_1/ExpandDims_1:0=Unsqueeze, [-1, 8192, 1, 64], 1
	point_net_1/s2_l1_64_convolution_layer_1/s2_l1_64_convolution_layer_1/convolution/merged_input:0=Const, [1, 1, 64, 64], 1
Outpus:
	point_net_1/s2_l1_64_convolution_layer_1/batch_normalization_12_1/batchnorm/mul_1:0=[-1, 8192, 1, 64], 1
2026-01-29 01:42:11,560 - tf2onnx.graph - DEBUG - Making node: Name=point_net_1/s2_l1_64_convolution_layer_1/batch_normalization_12_1/batchnorm/mul_1__73, OP=Transpose
2026-01-29 01:42:11,560 - tf2onnx.graph - DEBUG - Infer shape and dtype for [point_net_1/s2_l1_64_convolution_layer_1/batch_normalization_12_1/batchnorm/mul_1__73]
2026-01-29 01:42:11,561 - tf2onnx.graph - DEBUG - Set dtype of [point_net_1/s2_l1_64_convolution_layer_1/batch_normalization_12_1/batchnorm/mul_1__73:0] to 1
2026-01-29 01:42:11,561 - tf2onnx.graph - DEBUG - Set shape of [point_net_1/s2_l1_64_convolution_layer_1/batch_normalization_12_1/batchnorm/mul_1__73:0] to [64, 1, 8192, -1]
2026-01-29 01:42:11,561 - tf2onnx.graph - DEBUG - Made node: point_net_1/s2_l1_64_convolution_layer_1/batch_normalization_12_1/batchnorm/mul_1__73
OP=Transpose
Name=point_net_1/s2_l1_64_convolution_layer_1/batch_normalization_12_1/batchnorm/mul_1__73
Inputs:
	point_net_1/ExpandDims_1:0=Unsqueeze, [-1, 8192, 1, 64], 1
Outpus:
	point_net_1/s2_l1_64_convolution_layer_1/batch_normalization_12_1/batchnorm/mul_1__73:0=[64, 1, 8192, -1], 1
2026-01-29 01:42:11,561 - tf2onnx.graph - DEBUG - Making node: Name=point_net_1/s2_l1_64_convolution_layer_1/batch_normalization_12_1/batchnorm/mul_1__75, OP=Transpose
2026-01-29 01:42:11,562 - tf2onnx.graph - DEBUG - Infer shape and dtype for [point_net_1/s2_l1_64_convolution_layer_1/batch_normalization_12_1/batchnorm/mul_1__75]
2026-01-29 01:42:11,562 - tf2onnx.graph - DEBUG - Set dtype of [point_net_1/s2_l1_64_convolution_layer_1/batch_normalization_12_1/batchnorm/mul_1__75:0] to 1
2026-01-29 01:42:11,562 - tf2onnx.graph - DEBUG - Set shape of [point_net_1/s2_l1_64_convolution_layer_1/batch_normalization_12_1/batchnorm/mul_1__75:0] to [64, 1, 8192, -1]
2026-01-29 01:42:11,562 - tf2onnx.graph - DEBUG - Made node: point_net_1/s2_l1_64_convolution_layer_1/batch_normalization_12_1/batchnorm/mul_1__75
OP=Transpose
Name=point_net_1/s2_l1_64_convolution_layer_1/batch_normalization_12_1/batchnorm/mul_1__75
Inputs:
	point_net_1/s2_l1_64_convolution_layer_1/batch_normalization_12_1/batchnorm/mul_1:0=Conv, [-1, 8192, 1, 64], 1
Outpus:
	point_net_1/s2_l1_64_convolution_layer_1/batch_normalization_12_1/batchnorm/mul_1__75:0=[64, 1, 8192, -1], 1
2026-01-29 01:42:11,563 - tf2onnx.tfonnx - DEBUG - Process node: point_net_1/s2_l1_64_convolution_layer_1/batch_normalization_12_1/batchnorm/add_1
OP=AddV2
Name=point_net_1/s2_l1_64_convolution_layer_1/batch_normalization_12_1/batchnorm/add_1
Inputs:
	point_net_1/s2_l1_64_convolution_layer_1/batch_normalization_12_1/batchnorm/mul_1__75:0=Transpose, [-1, 8192, 1, 64], 1
	point_net_1/s2_l1_64_convolution_layer_1/batch_normalization_12_1/batchnorm/sub:0=Const, [64], 1
Outpus:
	point_net_1/s2_l1_64_convolution_layer_1/batch_normalization_12_1/batchnorm/add_1:0=[-1, 8192, 1, 64], 1
2026-01-29 01:42:11,563 - tf2onnx.tfonnx - DEBUG - Process node: point_net_1/s2_l1_64_convolution_layer_1/Relu
OP=Relu
Name=point_net_1/s2_l1_64_convolution_layer_1/Relu
Inputs:
	point_net_1/s2_l1_64_convolution_layer_1/batch_normalization_12_1/batchnorm/add_1:0=Add, [-1, 8192, 1, 64], 1
Outpus:
	point_net_1/s2_l1_64_convolution_layer_1/Relu:0=[-1, 8192, 1, 64], 1
2026-01-29 01:42:11,564 - tf2onnx.tfonnx - DEBUG - Process node: point_net_1/s2_l2_128_convolution_layer_1/batch_normalization_13_1/batchnorm/mul_1
OP=Conv2D
Name=point_net_1/s2_l2_128_convolution_layer_1/batch_normalization_13_1/batchnorm/mul_1
Inputs:
	point_net_1/s2_l1_64_convolution_layer_1/Relu:0=Relu, [-1, 8192, 1, 64], 1
	point_net_1/s2_l2_128_convolution_layer_1/s2_l2_128_convolution_layer_1/convolution/merged_input:0=Const, [1, 1, 64, 128], 1
Outpus:
	point_net_1/s2_l2_128_convolution_layer_1/batch_normalization_13_1/batchnorm/mul_1:0=[-1, 8192, 1, 128], 1
2026-01-29 01:42:11,564 - tf2onnx.graph - DEBUG - Making node: Name=point_net_1/s2_l2_128_convolution_layer_1/batch_normalization_13_1/batchnorm/mul_1__77, OP=Transpose
2026-01-29 01:42:11,564 - tf2onnx.graph - DEBUG - Infer shape and dtype for [point_net_1/s2_l2_128_convolution_layer_1/batch_normalization_13_1/batchnorm/mul_1__77]
2026-01-29 01:42:11,565 - tf2onnx.graph - DEBUG - Set dtype of [point_net_1/s2_l2_128_convolution_layer_1/batch_normalization_13_1/batchnorm/mul_1__77:0] to 1
2026-01-29 01:42:11,565 - tf2onnx.graph - DEBUG - Set shape of [point_net_1/s2_l2_128_convolution_layer_1/batch_normalization_13_1/batchnorm/mul_1__77:0] to [64, 1, 8192, -1]
2026-01-29 01:42:11,565 - tf2onnx.graph - DEBUG - Made node: point_net_1/s2_l2_128_convolution_layer_1/batch_normalization_13_1/batchnorm/mul_1__77
OP=Transpose
Name=point_net_1/s2_l2_128_convolution_layer_1/batch_normalization_13_1/batchnorm/mul_1__77
Inputs:
	point_net_1/s2_l1_64_convolution_layer_1/Relu:0=Relu, [-1, 8192, 1, 64], 1
Outpus:
	point_net_1/s2_l2_128_convolution_layer_1/batch_normalization_13_1/batchnorm/mul_1__77:0=[64, 1, 8192, -1], 1
2026-01-29 01:42:11,566 - tf2onnx.graph - DEBUG - Making node: Name=point_net_1/s2_l2_128_convolution_layer_1/batch_normalization_13_1/batchnorm/mul_1__79, OP=Transpose
2026-01-29 01:42:11,566 - tf2onnx.graph - DEBUG - Infer shape and dtype for [point_net_1/s2_l2_128_convolution_layer_1/batch_normalization_13_1/batchnorm/mul_1__79]
2026-01-29 01:42:11,566 - tf2onnx.graph - DEBUG - Set dtype of [point_net_1/s2_l2_128_convolution_layer_1/batch_normalization_13_1/batchnorm/mul_1__79:0] to 1
2026-01-29 01:42:11,567 - tf2onnx.graph - DEBUG - Set shape of [point_net_1/s2_l2_128_convolution_layer_1/batch_normalization_13_1/batchnorm/mul_1__79:0] to [128, 1, 8192, -1]
2026-01-29 01:42:11,567 - tf2onnx.graph - DEBUG - Made node: point_net_1/s2_l2_128_convolution_layer_1/batch_normalization_13_1/batchnorm/mul_1__79
OP=Transpose
Name=point_net_1/s2_l2_128_convolution_layer_1/batch_normalization_13_1/batchnorm/mul_1__79
Inputs:
	point_net_1/s2_l2_128_convolution_layer_1/batch_normalization_13_1/batchnorm/mul_1:0=Conv, [-1, 8192, 1, 128], 1
Outpus:
	point_net_1/s2_l2_128_convolution_layer_1/batch_normalization_13_1/batchnorm/mul_1__79:0=[128, 1, 8192, -1], 1
2026-01-29 01:42:11,567 - tf2onnx.tfonnx - DEBUG - Process node: point_net_1/s2_l2_128_convolution_layer_1/batch_normalization_13_1/batchnorm/add_1
OP=AddV2
Name=point_net_1/s2_l2_128_convolution_layer_1/batch_normalization_13_1/batchnorm/add_1
Inputs:
	point_net_1/s2_l2_128_convolution_layer_1/batch_normalization_13_1/batchnorm/mul_1__79:0=Transpose, [-1, 8192, 1, 128], 1
	point_net_1/s2_l2_128_convolution_layer_1/batch_normalization_13_1/batchnorm/sub:0=Const, [128], 1
Outpus:
	point_net_1/s2_l2_128_convolution_layer_1/batch_normalization_13_1/batchnorm/add_1:0=[-1, 8192, 1, 128], 1
2026-01-29 01:42:11,567 - tf2onnx.tfonnx - DEBUG - Process node: point_net_1/s2_l2_128_convolution_layer_1/Relu
OP=Relu
Name=point_net_1/s2_l2_128_convolution_layer_1/Relu
Inputs:
	point_net_1/s2_l2_128_convolution_layer_1/batch_normalization_13_1/batchnorm/add_1:0=Add, [-1, 8192, 1, 128], 1
Outpus:
	point_net_1/s2_l2_128_convolution_layer_1/Relu:0=[-1, 8192, 1, 128], 1
2026-01-29 01:42:11,567 - tf2onnx.tfonnx - DEBUG - Process node: point_net_1/s2_l3_1024_convolution_layer_1/batch_normalization_14_1/batchnorm/mul_1
OP=Conv2D
Name=point_net_1/s2_l3_1024_convolution_layer_1/batch_normalization_14_1/batchnorm/mul_1
Inputs:
	point_net_1/s2_l2_128_convolution_layer_1/Relu:0=Relu, [-1, 8192, 1, 128], 1
	point_net_1/s2_l3_1024_convolution_layer_1/s2_l3_1024_convolution_layer_1/convolution/merged_input:0=Const, [1, 1, 128, 1024], 1
Outpus:
	point_net_1/s2_l3_1024_convolution_layer_1/batch_normalization_14_1/batchnorm/mul_1:0=[-1, 8192, 1, 1024], 1
2026-01-29 01:42:11,568 - tf2onnx.graph - DEBUG - Making node: Name=point_net_1/s2_l3_1024_convolution_layer_1/batch_normalization_14_1/batchnorm/mul_1__81, OP=Transpose
2026-01-29 01:42:11,568 - tf2onnx.graph - DEBUG - Infer shape and dtype for [point_net_1/s2_l3_1024_convolution_layer_1/batch_normalization_14_1/batchnorm/mul_1__81]
2026-01-29 01:42:11,568 - tf2onnx.graph - DEBUG - Set dtype of [point_net_1/s2_l3_1024_convolution_layer_1/batch_normalization_14_1/batchnorm/mul_1__81:0] to 1
2026-01-29 01:42:11,568 - tf2onnx.graph - DEBUG - Set shape of [point_net_1/s2_l3_1024_convolution_layer_1/batch_normalization_14_1/batchnorm/mul_1__81:0] to [128, 1, 8192, -1]
2026-01-29 01:42:11,569 - tf2onnx.graph - DEBUG - Made node: point_net_1/s2_l3_1024_convolution_layer_1/batch_normalization_14_1/batchnorm/mul_1__81
OP=Transpose
Name=point_net_1/s2_l3_1024_convolution_layer_1/batch_normalization_14_1/batchnorm/mul_1__81
Inputs:
	point_net_1/s2_l2_128_convolution_layer_1/Relu:0=Relu, [-1, 8192, 1, 128], 1
Outpus:
	point_net_1/s2_l3_1024_convolution_layer_1/batch_normalization_14_1/batchnorm/mul_1__81:0=[128, 1, 8192, -1], 1
2026-01-29 01:42:11,569 - tf2onnx.graph - DEBUG - Making node: Name=point_net_1/s2_l3_1024_convolution_layer_1/batch_normalization_14_1/batchnorm/mul_1__83, OP=Transpose
2026-01-29 01:42:11,570 - tf2onnx.graph - DEBUG - Infer shape and dtype for [point_net_1/s2_l3_1024_convolution_layer_1/batch_normalization_14_1/batchnorm/mul_1__83]
2026-01-29 01:42:11,570 - tf2onnx.graph - DEBUG - Set dtype of [point_net_1/s2_l3_1024_convolution_layer_1/batch_normalization_14_1/batchnorm/mul_1__83:0] to 1
2026-01-29 01:42:11,570 - tf2onnx.graph - DEBUG - Set shape of [point_net_1/s2_l3_1024_convolution_layer_1/batch_normalization_14_1/batchnorm/mul_1__83:0] to [1024, 1, 8192, -1]
2026-01-29 01:42:11,571 - tf2onnx.graph - DEBUG - Made node: point_net_1/s2_l3_1024_convolution_layer_1/batch_normalization_14_1/batchnorm/mul_1__83
OP=Transpose
Name=point_net_1/s2_l3_1024_convolution_layer_1/batch_normalization_14_1/batchnorm/mul_1__83
Inputs:
	point_net_1/s2_l3_1024_convolution_layer_1/batch_normalization_14_1/batchnorm/mul_1:0=Conv, [-1, 8192, 1, 1024], 1
Outpus:
	point_net_1/s2_l3_1024_convolution_layer_1/batch_normalization_14_1/batchnorm/mul_1__83:0=[1024, 1, 8192, -1], 1
2026-01-29 01:42:11,571 - tf2onnx.tfonnx - DEBUG - Process node: point_net_1/s2_l3_1024_convolution_layer_1/batch_normalization_14_1/batchnorm/add_1
OP=AddV2
Name=point_net_1/s2_l3_1024_convolution_layer_1/batch_normalization_14_1/batchnorm/add_1
Inputs:
	point_net_1/s2_l3_1024_convolution_layer_1/batch_normalization_14_1/batchnorm/mul_1__83:0=Transpose, [-1, 8192, 1, 1024], 1
	point_net_1/s2_l3_1024_convolution_layer_1/batch_normalization_14_1/batchnorm/sub:0=Const, [1024], 1
Outpus:
	point_net_1/s2_l3_1024_convolution_layer_1/batch_normalization_14_1/batchnorm/add_1:0=[-1, 8192, 1, 1024], 1
2026-01-29 01:42:11,572 - tf2onnx.tfonnx - DEBUG - Process node: point_net_1/s2_l3_1024_convolution_layer_1/Relu
OP=Relu
Name=point_net_1/s2_l3_1024_convolution_layer_1/Relu
Inputs:
	point_net_1/s2_l3_1024_convolution_layer_1/batch_normalization_14_1/batchnorm/add_1:0=Add, [-1, 8192, 1, 1024], 1
Outpus:
	point_net_1/s2_l3_1024_convolution_layer_1/Relu:0=[-1, 8192, 1, 1024], 1
2026-01-29 01:42:11,572 - tf2onnx.tfonnx - DEBUG - Process node: point_net_1/Squeeze_1
OP=Squeeze
Name=point_net_1/Squeeze_1
Inputs:
	point_net_1/s2_l3_1024_convolution_layer_1/Relu:0=Relu, [-1, 8192, 1, 1024], 1
Outpus:
	point_net_1/Squeeze_1:0=[-1, 8192, 1024], 1
2026-01-29 01:42:11,572 - tf2onnx.graph - DEBUG - Making node: Name=axes_const__85, OP=Const
2026-01-29 01:42:11,572 - tf2onnx.graph - DEBUG - Made node: axes_const__85
OP=Const
Name=axes_const__85
Outpus:
	axes_const__85=None, 7
2026-01-29 01:42:11,573 - tf2onnx.tfonnx - DEBUG - Process node: point_net_1/Max
OP=Max
Name=point_net_1/Max
Inputs:
	point_net_1/Squeeze_1:0=Squeeze, [-1, 8192, 1024], 1
	point_net_1/Max/reduction_indices:0=Const, [], 6
Outpus:
	point_net_1/Max:0=[-1, 1024], 1
2026-01-29 01:42:11,573 - tf2onnx.tfonnx - DEBUG - Process node: point_net_1/s3_l1_512_dense_layer_1/s3_l1_512_dense_layer_1/MatMul
OP=MatMul
Name=point_net_1/s3_l1_512_dense_layer_1/s3_l1_512_dense_layer_1/MatMul
Inputs:
	point_net_1/Max:0=ReduceMax, [-1, 1024], 1
	point_net_1/s3_l1_512_dense_layer_1/s3_l1_512_dense_layer_1/Cast/ReadVariableOp:0=Const, [1024, 512], 1
Outpus:
	point_net_1/s3_l1_512_dense_layer_1/s3_l1_512_dense_layer_1/MatMul:0=[-1, 512], 1
2026-01-29 01:42:11,574 - tf2onnx.tfonnx - DEBUG - Process node: point_net_1/s3_l1_512_dense_layer_1/batch_normalization_15_1/batchnorm/mul_1
OP=Mul
Name=point_net_1/s3_l1_512_dense_layer_1/batch_normalization_15_1/batchnorm/mul_1
Inputs:
	point_net_1/s3_l1_512_dense_layer_1/s3_l1_512_dense_layer_1/MatMul:0=MatMul, [-1, 512], 1
	point_net_1/s3_l1_512_dense_layer_1/batch_normalization_15_1/batchnorm/mul:0=Const, [512], 1
Outpus:
	point_net_1/s3_l1_512_dense_layer_1/batch_normalization_15_1/batchnorm/mul_1:0=[-1, 512], 1
2026-01-29 01:42:11,574 - tf2onnx.tfonnx - DEBUG - Process node: point_net_1/s3_l1_512_dense_layer_1/batch_normalization_15_1/batchnorm/add_1
OP=AddV2
Name=point_net_1/s3_l1_512_dense_layer_1/batch_normalization_15_1/batchnorm/add_1
Inputs:
	point_net_1/s3_l1_512_dense_layer_1/batch_normalization_15_1/batchnorm/mul_1:0=Mul, [-1, 512], 1
	point_net_1/s3_l1_512_dense_layer_1/batch_normalization_15_1/batchnorm/sub:0=Const, [512], 1
Outpus:
	point_net_1/s3_l1_512_dense_layer_1/batch_normalization_15_1/batchnorm/add_1:0=[-1, 512], 1
2026-01-29 01:42:11,574 - tf2onnx.tfonnx - DEBUG - Process node: point_net_1/s3_l1_512_dense_layer_1/Relu
OP=Relu
Name=point_net_1/s3_l1_512_dense_layer_1/Relu
Inputs:
	point_net_1/s3_l1_512_dense_layer_1/batch_normalization_15_1/batchnorm/add_1:0=Add, [-1, 512], 1
Outpus:
	point_net_1/s3_l1_512_dense_layer_1/Relu:0=[-1, 512], 1
2026-01-29 01:42:11,575 - tf2onnx.tfonnx - DEBUG - Process node: point_net_1/s3_l2_256_dense_layer_1/s3_l2_256_dense_layer_1/MatMul
OP=MatMul
Name=point_net_1/s3_l2_256_dense_layer_1/s3_l2_256_dense_layer_1/MatMul
Inputs:
	point_net_1/s3_l1_512_dense_layer_1/Relu:0=Relu, [-1, 512], 1
	point_net_1/s3_l2_256_dense_layer_1/s3_l2_256_dense_layer_1/Cast/ReadVariableOp:0=Const, [512, 256], 1
Outpus:
	point_net_1/s3_l2_256_dense_layer_1/s3_l2_256_dense_layer_1/MatMul:0=[-1, 256], 1
2026-01-29 01:42:11,575 - tf2onnx.tfonnx - DEBUG - Process node: point_net_1/s3_l2_256_dense_layer_1/batch_normalization_16_1/batchnorm/mul_1
OP=Mul
Name=point_net_1/s3_l2_256_dense_layer_1/batch_normalization_16_1/batchnorm/mul_1
Inputs:
	point_net_1/s3_l2_256_dense_layer_1/s3_l2_256_dense_layer_1/MatMul:0=MatMul, [-1, 256], 1
	point_net_1/s3_l2_256_dense_layer_1/batch_normalization_16_1/batchnorm/mul:0=Const, [256], 1
Outpus:
	point_net_1/s3_l2_256_dense_layer_1/batch_normalization_16_1/batchnorm/mul_1:0=[-1, 256], 1
2026-01-29 01:42:11,575 - tf2onnx.tfonnx - DEBUG - Process node: point_net_1/s3_l2_256_dense_layer_1/batch_normalization_16_1/batchnorm/add_1
OP=AddV2
Name=point_net_1/s3_l2_256_dense_layer_1/batch_normalization_16_1/batchnorm/add_1
Inputs:
	point_net_1/s3_l2_256_dense_layer_1/batch_normalization_16_1/batchnorm/mul_1:0=Mul, [-1, 256], 1
	point_net_1/s3_l2_256_dense_layer_1/batch_normalization_16_1/batchnorm/sub:0=Const, [256], 1
Outpus:
	point_net_1/s3_l2_256_dense_layer_1/batch_normalization_16_1/batchnorm/add_1:0=[-1, 256], 1
2026-01-29 01:42:11,575 - tf2onnx.tfonnx - DEBUG - Process node: point_net_1/s3_l2_256_dense_layer_1/Relu
OP=Relu
Name=point_net_1/s3_l2_256_dense_layer_1/Relu
Inputs:
	point_net_1/s3_l2_256_dense_layer_1/batch_normalization_16_1/batchnorm/add_1:0=Add, [-1, 256], 1
Outpus:
	point_net_1/s3_l2_256_dense_layer_1/Relu:0=[-1, 256], 1
2026-01-29 01:42:11,576 - tf2onnx.tfonnx - DEBUG - Process node: point_net_1/output_dense_layer_1/output_dense_layer_1/MatMul
OP=MatMul
Name=point_net_1/output_dense_layer_1/output_dense_layer_1/MatMul
Inputs:
	point_net_1/s3_l2_256_dense_layer_1/Relu:0=Relu, [-1, 256], 1
	point_net_1/output_dense_layer_1/output_dense_layer_1/Cast/ReadVariableOp:0=Const, [256, 23], 1
Outpus:
	point_net_1/output_dense_layer_1/output_dense_layer_1/MatMul:0=[-1, 23], 1
2026-01-29 01:42:11,576 - tf2onnx.tfonnx - DEBUG - Process node: point_net_1/output_dense_layer_1/output_dense_layer_1/BiasAdd
OP=BiasAdd
Name=point_net_1/output_dense_layer_1/output_dense_layer_1/BiasAdd
Inputs:
	point_net_1/output_dense_layer_1/output_dense_layer_1/MatMul:0=MatMul, [-1, 23], 1
	point_net_1/output_dense_layer_1/output_dense_layer_1/BiasAdd/ReadVariableOp:0=Const, [23], 1
Outpus:
	point_net_1/output_dense_layer_1/output_dense_layer_1/BiasAdd:0=[-1, 23], 1
2026-01-29 01:42:11,576 - tf2onnx.tfonnx - DEBUG - Process node: point_net_1/output_dense_layer_1/Softmax
OP=Softmax
Name=point_net_1/output_dense_layer_1/Softmax
Inputs:
	point_net_1/output_dense_layer_1/output_dense_layer_1/BiasAdd:0=Add, [-1, 23], 1
Outpus:
	point_net_1/output_dense_layer_1/Softmax:0=[-1, 23], 1
2026-01-29 01:42:11,577 - tf2onnx.tfonnx - DEBUG - Process node: point_net_1/ExpandDims_2
OP=ExpandDims
Name=point_net_1/ExpandDims_2
Inputs:
	point_net_1/Max:0=ReduceMax, [-1, 1024], 1
	point_net_1/ExpandDims_2/dim:0=Const, [], 6
Outpus:
	point_net_1/ExpandDims_2:0=[-1, 1, 1024], 1
2026-01-29 01:42:11,577 - tf2onnx.graph - DEBUG - Making node: Name=point_net_1/ExpandDims_2__86, OP=Cast
2026-01-29 01:42:11,577 - tf2onnx.graph - DEBUG - Infer shape and dtype for [point_net_1/ExpandDims_2__86]
2026-01-29 01:42:11,578 - tf2onnx.graph - DEBUG - Set dtype of [point_net_1/ExpandDims_2__86:0] to 7
2026-01-29 01:42:11,578 - tf2onnx.graph - DEBUG - Set shape of [point_net_1/ExpandDims_2__86:0] to []
2026-01-29 01:42:11,578 - tf2onnx.graph - DEBUG - Made node: point_net_1/ExpandDims_2__86
OP=Cast
Name=point_net_1/ExpandDims_2__86
Inputs:
	point_net_1/ExpandDims_2/dim:0=Const, [], 6
Outpus:
	point_net_1/ExpandDims_2__86:0=[], 7
2026-01-29 01:42:11,579 - tf2onnx.graph - DEBUG - Making node: Name=reshape_const__87, OP=Const
2026-01-29 01:42:11,579 - tf2onnx.graph - DEBUG - Made node: reshape_const__87
OP=Const
Name=reshape_const__87
Outpus:
	reshape_const__87=None, 7
2026-01-29 01:42:11,580 - tf2onnx.graph - DEBUG - Making node: Name=Reshape__88, OP=Reshape
2026-01-29 01:42:11,580 - tf2onnx.graph - DEBUG - Infer shape and dtype for [Reshape__88]
2026-01-29 01:42:11,581 - tf2onnx.graph - DEBUG - Set dtype of [Reshape__88:0] to 7
2026-01-29 01:42:11,581 - tf2onnx.graph - DEBUG - Set shape of [Reshape__88:0] to [1]
2026-01-29 01:42:11,581 - tf2onnx.graph - DEBUG - Made node: Reshape__88
OP=Reshape
Name=Reshape__88
Inputs:
	point_net_1/ExpandDims_2__86:0=Cast, [], 7
	reshape_const__87=Const, [1], 7
Outpus:
	Reshape__88:0=[1], 7
2026-01-29 01:42:11,582 - tf2onnx.tfonnx - DEBUG - Process node: point_net_1/Tile
OP=Tile
Name=point_net_1/Tile
Inputs:
	point_net_1/ExpandDims_2:0=Unsqueeze, [-1, 1, 1024], 1
	point_net_1/Tile/multiples:0=Const, [3], 6
Outpus:
	point_net_1/Tile:0=[-1, 8192, 1024], 1
2026-01-29 01:42:11,582 - tf2onnx.graph - DEBUG - Making node: Name=point_net_1/Tile__89, OP=Cast
2026-01-29 01:42:11,582 - tf2onnx.graph - DEBUG - Infer shape and dtype for [point_net_1/Tile__89]
2026-01-29 01:42:11,583 - tf2onnx.graph - DEBUG - Set dtype of [point_net_1/Tile__89:0] to 7
2026-01-29 01:42:11,583 - tf2onnx.graph - DEBUG - Set shape of [point_net_1/Tile__89:0] to [3]
2026-01-29 01:42:11,583 - tf2onnx.graph - DEBUG - Made node: point_net_1/Tile__89
OP=Cast
Name=point_net_1/Tile__89
Inputs:
	point_net_1/Tile/multiples:0=Const, [3], 6
Outpus:
	point_net_1/Tile__89:0=[3], 7
2026-01-29 01:42:11,584 - tf2onnx.tfonnx - DEBUG - Process node: point_net_1/concat
OP=ConcatV2
Name=point_net_1/concat
Inputs:
	point_net_1/MatMul_1:0=MatMul, [-1, 8192, 64], 1
	point_net_1/Tile:0=Tile, [-1, 8192, 1024], 1
	point_net_1/concat/axis:0=Const, [], 6
Outpus:
	point_net_1/concat:0=[-1, 8192, 1088], 1
2026-01-29 01:42:11,584 - tf2onnx.tfonnx - DEBUG - Process node: point_net_1/ExpandDims_3
OP=ExpandDims
Name=point_net_1/ExpandDims_3
Inputs:
	point_net_1/concat:0=Concat, [-1, 8192, 1088], 1
	point_net_1/ExpandDims_3/dim:0=Const, [], 6
Outpus:
	point_net_1/ExpandDims_3:0=[-1, 8192, 1, 1088], 1
2026-01-29 01:42:11,584 - tf2onnx.graph - DEBUG - Making node: Name=point_net_1/ExpandDims_3__90, OP=Cast
2026-01-29 01:42:11,584 - tf2onnx.graph - DEBUG - Infer shape and dtype for [point_net_1/ExpandDims_3__90]
2026-01-29 01:42:11,585 - tf2onnx.graph - DEBUG - Set dtype of [point_net_1/ExpandDims_3__90:0] to 7
2026-01-29 01:42:11,585 - tf2onnx.graph - DEBUG - Set shape of [point_net_1/ExpandDims_3__90:0] to []
2026-01-29 01:42:11,585 - tf2onnx.graph - DEBUG - Made node: point_net_1/ExpandDims_3__90
OP=Cast
Name=point_net_1/ExpandDims_3__90
Inputs:
	point_net_1/ExpandDims_3/dim:0=Const, [], 6
Outpus:
	point_net_1/ExpandDims_3__90:0=[], 7
2026-01-29 01:42:11,586 - tf2onnx.graph - DEBUG - Making node: Name=reshape_const__91, OP=Const
2026-01-29 01:42:11,586 - tf2onnx.graph - DEBUG - Made node: reshape_const__91
OP=Const
Name=reshape_const__91
Outpus:
	reshape_const__91=None, 7
2026-01-29 01:42:11,586 - tf2onnx.graph - DEBUG - Making node: Name=Reshape__92, OP=Reshape
2026-01-29 01:42:11,586 - tf2onnx.graph - DEBUG - Infer shape and dtype for [Reshape__92]
2026-01-29 01:42:11,587 - tf2onnx.graph - DEBUG - Set dtype of [Reshape__92:0] to 7
2026-01-29 01:42:11,587 - tf2onnx.graph - DEBUG - Set shape of [Reshape__92:0] to [1]
2026-01-29 01:42:11,587 - tf2onnx.graph - DEBUG - Made node: Reshape__92
OP=Reshape
Name=Reshape__92
Inputs:
	point_net_1/ExpandDims_3__90:0=Cast, [], 7
	reshape_const__91=Const, [1], 7
Outpus:
	Reshape__92:0=[1], 7
2026-01-29 01:42:11,587 - tf2onnx.tfonnx - DEBUG - Process node: point_net_1/seg_l1_512_convolution_layer_1/batch_normalization_17_1/batchnorm/mul_1
OP=Conv2D
Name=point_net_1/seg_l1_512_convolution_layer_1/batch_normalization_17_1/batchnorm/mul_1
Inputs:
	point_net_1/ExpandDims_3:0=Unsqueeze, [-1, 8192, 1, 1088], 1
	point_net_1/seg_l1_512_convolution_layer_1/seg_l1_512_convolution_layer_1/convolution/merged_input:0=Const, [1, 1, 1088, 512], 1
Outpus:
	point_net_1/seg_l1_512_convolution_layer_1/batch_normalization_17_1/batchnorm/mul_1:0=[-1, 8192, 1, 512], 1
2026-01-29 01:42:11,588 - tf2onnx.graph - DEBUG - Making node: Name=point_net_1/seg_l1_512_convolution_layer_1/batch_normalization_17_1/batchnorm/mul_1__93, OP=Transpose
2026-01-29 01:42:11,588 - tf2onnx.graph - DEBUG - Infer shape and dtype for [point_net_1/seg_l1_512_convolution_layer_1/batch_normalization_17_1/batchnorm/mul_1__93]
2026-01-29 01:42:11,588 - tf2onnx.graph - DEBUG - Set dtype of [point_net_1/seg_l1_512_convolution_layer_1/batch_normalization_17_1/batchnorm/mul_1__93:0] to 1
2026-01-29 01:42:11,588 - tf2onnx.graph - DEBUG - Set shape of [point_net_1/seg_l1_512_convolution_layer_1/batch_normalization_17_1/batchnorm/mul_1__93:0] to [1088, 1, 8192, -1]
2026-01-29 01:42:11,588 - tf2onnx.graph - DEBUG - Made node: point_net_1/seg_l1_512_convolution_layer_1/batch_normalization_17_1/batchnorm/mul_1__93
OP=Transpose
Name=point_net_1/seg_l1_512_convolution_layer_1/batch_normalization_17_1/batchnorm/mul_1__93
Inputs:
	point_net_1/ExpandDims_3:0=Unsqueeze, [-1, 8192, 1, 1088], 1
Outpus:
	point_net_1/seg_l1_512_convolution_layer_1/batch_normalization_17_1/batchnorm/mul_1__93:0=[1088, 1, 8192, -1], 1
2026-01-29 01:42:11,592 - tf2onnx.graph - DEBUG - Making node: Name=point_net_1/seg_l1_512_convolution_layer_1/batch_normalization_17_1/batchnorm/mul_1__95, OP=Transpose
2026-01-29 01:42:11,593 - tf2onnx.graph - DEBUG - Infer shape and dtype for [point_net_1/seg_l1_512_convolution_layer_1/batch_normalization_17_1/batchnorm/mul_1__95]
2026-01-29 01:42:11,593 - tf2onnx.graph - DEBUG - Set dtype of [point_net_1/seg_l1_512_convolution_layer_1/batch_normalization_17_1/batchnorm/mul_1__95:0] to 1
2026-01-29 01:42:11,593 - tf2onnx.graph - DEBUG - Set shape of [point_net_1/seg_l1_512_convolution_layer_1/batch_normalization_17_1/batchnorm/mul_1__95:0] to [512, 1, 8192, -1]
2026-01-29 01:42:11,593 - tf2onnx.graph - DEBUG - Made node: point_net_1/seg_l1_512_convolution_layer_1/batch_normalization_17_1/batchnorm/mul_1__95
OP=Transpose
Name=point_net_1/seg_l1_512_convolution_layer_1/batch_normalization_17_1/batchnorm/mul_1__95
Inputs:
	point_net_1/seg_l1_512_convolution_layer_1/batch_normalization_17_1/batchnorm/mul_1:0=Conv, [-1, 8192, 1, 512], 1
Outpus:
	point_net_1/seg_l1_512_convolution_layer_1/batch_normalization_17_1/batchnorm/mul_1__95:0=[512, 1, 8192, -1], 1
2026-01-29 01:42:11,594 - tf2onnx.tfonnx - DEBUG - Process node: point_net_1/seg_l1_512_convolution_layer_1/Relu
OP=Relu
Name=point_net_1/seg_l1_512_convolution_layer_1/Relu
Inputs:
	point_net_1/seg_l1_512_convolution_layer_1/batch_normalization_17_1/batchnorm/mul_1__95:0=Transpose, [-1, 8192, 1, 512], 1
Outpus:
	point_net_1/seg_l1_512_convolution_layer_1/Relu:0=[-1, 8192, 1, 512], 1
2026-01-29 01:42:11,594 - tf2onnx.tfonnx - DEBUG - Process node: point_net_1/seg_l2_256_convolution_layer_1/batch_normalization_18_1/batchnorm/mul_1
OP=Conv2D
Name=point_net_1/seg_l2_256_convolution_layer_1/batch_normalization_18_1/batchnorm/mul_1
Inputs:
	point_net_1/seg_l1_512_convolution_layer_1/Relu:0=Relu, [-1, 8192, 1, 512], 1
	point_net_1/seg_l2_256_convolution_layer_1/seg_l2_256_convolution_layer_1/convolution/merged_input:0=Const, [1, 1, 512, 256], 1
Outpus:
	point_net_1/seg_l2_256_convolution_layer_1/batch_normalization_18_1/batchnorm/mul_1:0=[-1, 8192, 1, 256], 1
2026-01-29 01:42:11,594 - tf2onnx.graph - DEBUG - Making node: Name=point_net_1/seg_l2_256_convolution_layer_1/batch_normalization_18_1/batchnorm/mul_1__97, OP=Transpose
2026-01-29 01:42:11,595 - tf2onnx.graph - DEBUG - Infer shape and dtype for [point_net_1/seg_l2_256_convolution_layer_1/batch_normalization_18_1/batchnorm/mul_1__97]
2026-01-29 01:42:11,595 - tf2onnx.graph - DEBUG - Set dtype of [point_net_1/seg_l2_256_convolution_layer_1/batch_normalization_18_1/batchnorm/mul_1__97:0] to 1
2026-01-29 01:42:11,595 - tf2onnx.graph - DEBUG - Set shape of [point_net_1/seg_l2_256_convolution_layer_1/batch_normalization_18_1/batchnorm/mul_1__97:0] to [512, 1, 8192, -1]
2026-01-29 01:42:11,595 - tf2onnx.graph - DEBUG - Made node: point_net_1/seg_l2_256_convolution_layer_1/batch_normalization_18_1/batchnorm/mul_1__97
OP=Transpose
Name=point_net_1/seg_l2_256_convolution_layer_1/batch_normalization_18_1/batchnorm/mul_1__97
Inputs:
	point_net_1/seg_l1_512_convolution_layer_1/Relu:0=Relu, [-1, 8192, 1, 512], 1
Outpus:
	point_net_1/seg_l2_256_convolution_layer_1/batch_normalization_18_1/batchnorm/mul_1__97:0=[512, 1, 8192, -1], 1
2026-01-29 01:42:11,596 - tf2onnx.graph - DEBUG - Making node: Name=point_net_1/seg_l2_256_convolution_layer_1/batch_normalization_18_1/batchnorm/mul_1__99, OP=Transpose
2026-01-29 01:42:11,597 - tf2onnx.graph - DEBUG - Infer shape and dtype for [point_net_1/seg_l2_256_convolution_layer_1/batch_normalization_18_1/batchnorm/mul_1__99]
2026-01-29 01:42:11,597 - tf2onnx.graph - DEBUG - Set dtype of [point_net_1/seg_l2_256_convolution_layer_1/batch_normalization_18_1/batchnorm/mul_1__99:0] to 1
2026-01-29 01:42:11,597 - tf2onnx.graph - DEBUG - Set shape of [point_net_1/seg_l2_256_convolution_layer_1/batch_normalization_18_1/batchnorm/mul_1__99:0] to [256, 1, 8192, -1]
2026-01-29 01:42:11,597 - tf2onnx.graph - DEBUG - Made node: point_net_1/seg_l2_256_convolution_layer_1/batch_normalization_18_1/batchnorm/mul_1__99
OP=Transpose
Name=point_net_1/seg_l2_256_convolution_layer_1/batch_normalization_18_1/batchnorm/mul_1__99
Inputs:
	point_net_1/seg_l2_256_convolution_layer_1/batch_normalization_18_1/batchnorm/mul_1:0=Conv, [-1, 8192, 1, 256], 1
Outpus:
	point_net_1/seg_l2_256_convolution_layer_1/batch_normalization_18_1/batchnorm/mul_1__99:0=[256, 1, 8192, -1], 1
2026-01-29 01:42:11,598 - tf2onnx.tfonnx - DEBUG - Process node: point_net_1/seg_l2_256_convolution_layer_1/Relu
OP=Relu
Name=point_net_1/seg_l2_256_convolution_layer_1/Relu
Inputs:
	point_net_1/seg_l2_256_convolution_layer_1/batch_normalization_18_1/batchnorm/mul_1__99:0=Transpose, [-1, 8192, 1, 256], 1
Outpus:
	point_net_1/seg_l2_256_convolution_layer_1/Relu:0=[-1, 8192, 1, 256], 1
2026-01-29 01:42:11,598 - tf2onnx.tfonnx - DEBUG - Process node: point_net_1/seg_l3_128_convolution_layer_1/batch_normalization_19_1/batchnorm/mul_1
OP=Conv2D
Name=point_net_1/seg_l3_128_convolution_layer_1/batch_normalization_19_1/batchnorm/mul_1
Inputs:
	point_net_1/seg_l2_256_convolution_layer_1/Relu:0=Relu, [-1, 8192, 1, 256], 1
	point_net_1/seg_l3_128_convolution_layer_1/seg_l3_128_convolution_layer_1/convolution/merged_input:0=Const, [1, 1, 256, 128], 1
Outpus:
	point_net_1/seg_l3_128_convolution_layer_1/batch_normalization_19_1/batchnorm/mul_1:0=[-1, 8192, 1, 128], 1
2026-01-29 01:42:11,598 - tf2onnx.graph - DEBUG - Making node: Name=point_net_1/seg_l3_128_convolution_layer_1/batch_normalization_19_1/batchnorm/mul_1__101, OP=Transpose
2026-01-29 01:42:11,599 - tf2onnx.graph - DEBUG - Infer shape and dtype for [point_net_1/seg_l3_128_convolution_layer_1/batch_normalization_19_1/batchnorm/mul_1__101]
2026-01-29 01:42:11,599 - tf2onnx.graph - DEBUG - Set dtype of [point_net_1/seg_l3_128_convolution_layer_1/batch_normalization_19_1/batchnorm/mul_1__101:0] to 1
2026-01-29 01:42:11,599 - tf2onnx.graph - DEBUG - Set shape of [point_net_1/seg_l3_128_convolution_layer_1/batch_normalization_19_1/batchnorm/mul_1__101:0] to [256, 1, 8192, -1]
2026-01-29 01:42:11,599 - tf2onnx.graph - DEBUG - Made node: point_net_1/seg_l3_128_convolution_layer_1/batch_normalization_19_1/batchnorm/mul_1__101
OP=Transpose
Name=point_net_1/seg_l3_128_convolution_layer_1/batch_normalization_19_1/batchnorm/mul_1__101
Inputs:
	point_net_1/seg_l2_256_convolution_layer_1/Relu:0=Relu, [-1, 8192, 1, 256], 1
Outpus:
	point_net_1/seg_l3_128_convolution_layer_1/batch_normalization_19_1/batchnorm/mul_1__101:0=[256, 1, 8192, -1], 1
2026-01-29 01:42:11,600 - tf2onnx.graph - DEBUG - Making node: Name=point_net_1/seg_l3_128_convolution_layer_1/batch_normalization_19_1/batchnorm/mul_1__103, OP=Transpose
2026-01-29 01:42:11,600 - tf2onnx.graph - DEBUG - Infer shape and dtype for [point_net_1/seg_l3_128_convolution_layer_1/batch_normalization_19_1/batchnorm/mul_1__103]
2026-01-29 01:42:11,601 - tf2onnx.graph - DEBUG - Set dtype of [point_net_1/seg_l3_128_convolution_layer_1/batch_normalization_19_1/batchnorm/mul_1__103:0] to 1
2026-01-29 01:42:11,601 - tf2onnx.graph - DEBUG - Set shape of [point_net_1/seg_l3_128_convolution_layer_1/batch_normalization_19_1/batchnorm/mul_1__103:0] to [128, 1, 8192, -1]
2026-01-29 01:42:11,601 - tf2onnx.graph - DEBUG - Made node: point_net_1/seg_l3_128_convolution_layer_1/batch_normalization_19_1/batchnorm/mul_1__103
OP=Transpose
Name=point_net_1/seg_l3_128_convolution_layer_1/batch_normalization_19_1/batchnorm/mul_1__103
Inputs:
	point_net_1/seg_l3_128_convolution_layer_1/batch_normalization_19_1/batchnorm/mul_1:0=Conv, [-1, 8192, 1, 128], 1
Outpus:
	point_net_1/seg_l3_128_convolution_layer_1/batch_normalization_19_1/batchnorm/mul_1__103:0=[128, 1, 8192, -1], 1
2026-01-29 01:42:11,601 - tf2onnx.tfonnx - DEBUG - Process node: point_net_1/seg_l3_128_convolution_layer_1/Relu
OP=Relu
Name=point_net_1/seg_l3_128_convolution_layer_1/Relu
Inputs:
	point_net_1/seg_l3_128_convolution_layer_1/batch_normalization_19_1/batchnorm/mul_1__103:0=Transpose, [-1, 8192, 1, 128], 1
Outpus:
	point_net_1/seg_l3_128_convolution_layer_1/Relu:0=[-1, 8192, 1, 128], 1
2026-01-29 01:42:11,602 - tf2onnx.tfonnx - DEBUG - Process node: point_net_1/seg_l4_128_convolution_layer_1/batch_normalization_20_1/batchnorm/mul_1
OP=Conv2D
Name=point_net_1/seg_l4_128_convolution_layer_1/batch_normalization_20_1/batchnorm/mul_1
Inputs:
	point_net_1/seg_l3_128_convolution_layer_1/Relu:0=Relu, [-1, 8192, 1, 128], 1
	point_net_1/seg_l4_128_convolution_layer_1/seg_l4_128_convolution_layer_1/convolution/merged_input:0=Const, [1, 1, 128, 128], 1
Outpus:
	point_net_1/seg_l4_128_convolution_layer_1/batch_normalization_20_1/batchnorm/mul_1:0=[-1, 8192, 1, 128], 1
2026-01-29 01:42:11,602 - tf2onnx.graph - DEBUG - Making node: Name=point_net_1/seg_l4_128_convolution_layer_1/batch_normalization_20_1/batchnorm/mul_1__105, OP=Transpose
2026-01-29 01:42:11,602 - tf2onnx.graph - DEBUG - Infer shape and dtype for [point_net_1/seg_l4_128_convolution_layer_1/batch_normalization_20_1/batchnorm/mul_1__105]
2026-01-29 01:42:11,603 - tf2onnx.graph - DEBUG - Set dtype of [point_net_1/seg_l4_128_convolution_layer_1/batch_normalization_20_1/batchnorm/mul_1__105:0] to 1
2026-01-29 01:42:11,603 - tf2onnx.graph - DEBUG - Set shape of [point_net_1/seg_l4_128_convolution_layer_1/batch_normalization_20_1/batchnorm/mul_1__105:0] to [128, 1, 8192, -1]
2026-01-29 01:42:11,603 - tf2onnx.graph - DEBUG - Made node: point_net_1/seg_l4_128_convolution_layer_1/batch_normalization_20_1/batchnorm/mul_1__105
OP=Transpose
Name=point_net_1/seg_l4_128_convolution_layer_1/batch_normalization_20_1/batchnorm/mul_1__105
Inputs:
	point_net_1/seg_l3_128_convolution_layer_1/Relu:0=Relu, [-1, 8192, 1, 128], 1
Outpus:
	point_net_1/seg_l4_128_convolution_layer_1/batch_normalization_20_1/batchnorm/mul_1__105:0=[128, 1, 8192, -1], 1
2026-01-29 01:42:11,604 - tf2onnx.graph - DEBUG - Making node: Name=point_net_1/seg_l4_128_convolution_layer_1/batch_normalization_20_1/batchnorm/mul_1__107, OP=Transpose
2026-01-29 01:42:11,604 - tf2onnx.graph - DEBUG - Infer shape and dtype for [point_net_1/seg_l4_128_convolution_layer_1/batch_normalization_20_1/batchnorm/mul_1__107]
2026-01-29 01:42:11,604 - tf2onnx.graph - DEBUG - Set dtype of [point_net_1/seg_l4_128_convolution_layer_1/batch_normalization_20_1/batchnorm/mul_1__107:0] to 1
2026-01-29 01:42:11,604 - tf2onnx.graph - DEBUG - Set shape of [point_net_1/seg_l4_128_convolution_layer_1/batch_normalization_20_1/batchnorm/mul_1__107:0] to [128, 1, 8192, -1]
2026-01-29 01:42:11,605 - tf2onnx.graph - DEBUG - Made node: point_net_1/seg_l4_128_convolution_layer_1/batch_normalization_20_1/batchnorm/mul_1__107
OP=Transpose
Name=point_net_1/seg_l4_128_convolution_layer_1/batch_normalization_20_1/batchnorm/mul_1__107
Inputs:
	point_net_1/seg_l4_128_convolution_layer_1/batch_normalization_20_1/batchnorm/mul_1:0=Conv, [-1, 8192, 1, 128], 1
Outpus:
	point_net_1/seg_l4_128_convolution_layer_1/batch_normalization_20_1/batchnorm/mul_1__107:0=[128, 1, 8192, -1], 1
2026-01-29 01:42:11,605 - tf2onnx.tfonnx - DEBUG - Process node: point_net_1/seg_l4_128_convolution_layer_1/Relu
OP=Relu
Name=point_net_1/seg_l4_128_convolution_layer_1/Relu
Inputs:
	point_net_1/seg_l4_128_convolution_layer_1/batch_normalization_20_1/batchnorm/mul_1__107:0=Transpose, [-1, 8192, 1, 128], 1
Outpus:
	point_net_1/seg_l4_128_convolution_layer_1/Relu:0=[-1, 8192, 1, 128], 1
2026-01-29 01:42:11,605 - tf2onnx.tfonnx - DEBUG - Process node: point_net_1/seg_l5_output_convolution_layer_1/seg_l5_output_convolution_layer_1/convolution
OP=Conv2D
Name=point_net_1/seg_l5_output_convolution_layer_1/seg_l5_output_convolution_layer_1/convolution
Inputs:
	point_net_1/seg_l4_128_convolution_layer_1/Relu:0=Relu, [-1, 8192, 1, 128], 1
	point_net_1/seg_l5_output_convolution_layer_1/seg_l5_output_convolution_layer_1/convolution/ReadVariableOp:0=Const, [1, 1, 128, 12], 1
Outpus:
	point_net_1/seg_l5_output_convolution_layer_1/seg_l5_output_convolution_layer_1/convolution:0=[-1, 8192, 1, 12], 1
2026-01-29 01:42:11,606 - tf2onnx.graph - DEBUG - Making node: Name=point_net_1/seg_l5_output_convolution_layer_1/seg_l5_output_convolution_layer_1/convolution__109, OP=Transpose
2026-01-29 01:42:11,606 - tf2onnx.graph - DEBUG - Infer shape and dtype for [point_net_1/seg_l5_output_convolution_layer_1/seg_l5_output_convolution_layer_1/convolution__109]
2026-01-29 01:42:11,606 - tf2onnx.graph - DEBUG - Set dtype of [point_net_1/seg_l5_output_convolution_layer_1/seg_l5_output_convolution_layer_1/convolution__109:0] to 1
2026-01-29 01:42:11,606 - tf2onnx.graph - DEBUG - Set shape of [point_net_1/seg_l5_output_convolution_layer_1/seg_l5_output_convolution_layer_1/convolution__109:0] to [128, 1, 8192, -1]
2026-01-29 01:42:11,607 - tf2onnx.graph - DEBUG - Made node: point_net_1/seg_l5_output_convolution_layer_1/seg_l5_output_convolution_layer_1/convolution__109
OP=Transpose
Name=point_net_1/seg_l5_output_convolution_layer_1/seg_l5_output_convolution_layer_1/convolution__109
Inputs:
	point_net_1/seg_l4_128_convolution_layer_1/Relu:0=Relu, [-1, 8192, 1, 128], 1
Outpus:
	point_net_1/seg_l5_output_convolution_layer_1/seg_l5_output_convolution_layer_1/convolution__109:0=[128, 1, 8192, -1], 1
2026-01-29 01:42:11,607 - tf2onnx.graph - DEBUG - Making node: Name=point_net_1/seg_l5_output_convolution_layer_1/seg_l5_output_convolution_layer_1/convolution__111, OP=Transpose
2026-01-29 01:42:11,607 - tf2onnx.graph - DEBUG - Infer shape and dtype for [point_net_1/seg_l5_output_convolution_layer_1/seg_l5_output_convolution_layer_1/convolution__111]
2026-01-29 01:42:11,607 - tf2onnx.graph - DEBUG - Set dtype of [point_net_1/seg_l5_output_convolution_layer_1/seg_l5_output_convolution_layer_1/convolution__111:0] to 1
2026-01-29 01:42:11,608 - tf2onnx.graph - DEBUG - Set shape of [point_net_1/seg_l5_output_convolution_layer_1/seg_l5_output_convolution_layer_1/convolution__111:0] to [12, 1, 8192, -1]
2026-01-29 01:42:11,608 - tf2onnx.graph - DEBUG - Made node: point_net_1/seg_l5_output_convolution_layer_1/seg_l5_output_convolution_layer_1/convolution__111
OP=Transpose
Name=point_net_1/seg_l5_output_convolution_layer_1/seg_l5_output_convolution_layer_1/convolution__111
Inputs:
	point_net_1/seg_l5_output_convolution_layer_1/seg_l5_output_convolution_layer_1/convolution:0=Conv, [-1, 8192, 1, 12], 1
Outpus:
	point_net_1/seg_l5_output_convolution_layer_1/seg_l5_output_convolution_layer_1/convolution__111:0=[12, 1, 8192, -1], 1
2026-01-29 01:42:11,608 - tf2onnx.tfonnx - DEBUG - Process node: point_net_1/seg_l5_output_convolution_layer_1/Softmax
OP=Softmax
Name=point_net_1/seg_l5_output_convolution_layer_1/Softmax
Inputs:
	point_net_1/seg_l5_output_convolution_layer_1/seg_l5_output_convolution_layer_1/convolution__111:0=Transpose, [-1, 8192, 1, 12], 1
Outpus:
	point_net_1/seg_l5_output_convolution_layer_1/Softmax:0=[-1, 8192, 1, 12], 1
2026-01-29 01:42:11,608 - tf2onnx.tfonnx - DEBUG - Process node: point_net_1/Squeeze_2
OP=Squeeze
Name=point_net_1/Squeeze_2
Inputs:
	point_net_1/seg_l5_output_convolution_layer_1/Softmax:0=Softmax, [-1, 8192, 1, 12], 1
Outpus:
	point_net_1/Squeeze_2:0=[-1, 8192, 12], 1
2026-01-29 01:42:11,609 - tf2onnx.graph - DEBUG - Making node: Name=axes_const__113, OP=Const
2026-01-29 01:42:11,609 - tf2onnx.graph - DEBUG - Made node: axes_const__113
OP=Const
Name=axes_const__113
Outpus:
	axes_const__113=None, 7
2026-01-29 01:42:11,609 - tf2onnx.tfonnx - DEBUG - Process node: Identity_2
OP=Identity
Name=Identity_2
Inputs:
	point_net_1/Squeeze_2:0=Squeeze, [-1, 8192, 12], 1
Outpus:
	Identity_2_raw_output___6:0=[-1, 8192, 12], 1
2026-01-29 01:42:11,609 - tf2onnx.tfonnx - DEBUG - Process node: Identity_2_graph_outputs_Identity__7
OP=Identity
Name=Identity_2_graph_outputs_Identity__7
Inputs:
	Identity_2_raw_output___6:0=Identity, [-1, 8192, 12], 1
Outpus:
	segmentation_output=[-1, 8192, 12], 1
2026-01-29 01:42:11,610 - tf2onnx.tfonnx - DEBUG - explicitly skip node Identity_2_graph_outputs_Identity__7
2026-01-29 01:42:11,610 - tf2onnx.tfonnx - DEBUG - Process node: Identity_1
OP=Identity
Name=Identity_1
Inputs:
	point_net_1/input_transform_1/add:0=Add, [-1, 3, 3], 1
Outpus:
	Identity_1_raw_output___8:0=[-1, 3, 3], 1
2026-01-29 01:42:11,610 - tf2onnx.tfonnx - DEBUG - Process node: Identity_1_graph_outputs_Identity__9
OP=Identity
Name=Identity_1_graph_outputs_Identity__9
Inputs:
	Identity_1_raw_output___8:0=Identity, [-1, 3, 3], 1
Outpus:
	se3=[-1, 3, 3], 1
2026-01-29 01:42:11,610 - tf2onnx.tfonnx - DEBUG - explicitly skip node Identity_1_graph_outputs_Identity__9
2026-01-29 01:42:11,611 - tf2onnx.tfonnx - DEBUG - Process node: Identity
OP=Identity
Name=Identity
Inputs:
	point_net_1/output_dense_layer_1/Softmax:0=Softmax, [-1, 23], 1
Outpus:
	Identity_raw_output___4:0=[-1, 23], 1
2026-01-29 01:42:11,611 - tf2onnx.tfonnx - DEBUG - Process node: Identity_graph_outputs_Identity__5
OP=Identity
Name=Identity_graph_outputs_Identity__5
Inputs:
	Identity_raw_output___4:0=Identity, [-1, 23], 1
Outpus:
	classification_output=[-1, 23], 1
2026-01-29 01:42:11,611 - tf2onnx.tfonnx - DEBUG - explicitly skip node Identity_graph_outputs_Identity__5
2026-01-29 01:42:11,619 - tf2onnx.tfonnx - VERBOSE - Summay Stats:
	tensorflow ops: Counter({'Const': 71, 'Relu': 21, 'AddV2': 19, 'Conv2D': 16, 'ExpandDims': 9, 'Squeeze': 7, 'MatMul': 7, 'Mul': 6, 'Identity': 6, 'Max': 4, 'BatchMatMulV2': 4, 'Reshape': 2, 'Softmax': 2, 'Placeholder': 1, 'Mean': 1, 'Sub': 1, 'Square': 1, 'Sum': 1, 'Sqrt': 1, 'Maximum': 1, 'RealDiv': 1, 'Tile': 1, 'ConcatV2': 1, 'BiasAdd': 1})
	tensorflow attr: Counter({'dtype': 72, 'value': 71, 'data_format': 17, 'dilations': 16, 'padding': 16, 'strides': 16, 'explicit_paddings': 16, 'Tidx': 7, 'squeeze_dims': 7, 'grad_a': 7, 'grad_b': 7, 'transpose_a': 7, 'transpose_b': 7, 'keep_dims': 6, 'adj_x': 4, 'adj_y': 4, 'grad_x': 4, 'grad_y': 4, 'shape': 1, 'N': 1})
	onnx mapped: Counter({'Const': 71, 'Relu': 21, 'AddV2': 19, 'Conv2D': 16, 'ExpandDims': 9, 'Squeeze': 7, 'MatMul': 7, 'Mul': 6, 'Max': 4, 'BatchMatMulV2': 4, 'Identity': 3, 'Reshape': 2, 'Softmax': 2, 'Placeholder': 1, 'Mean': 1, 'Sub': 1, 'Square': 1, 'Sum': 1, 'Sqrt': 1, 'Maximum': 1, 'RealDiv': 1, 'BiasAdd': 1, 'Tile': 1, 'ConcatV2': 1})
	onnx unmapped: Counter()
2026-01-29 01:42:11,619 - tf2onnx.optimizer - INFO - Optimizing ONNX model
2026-01-29 01:42:11,620 - tf2onnx.optimizer - VERBOSE - Apply optimize_transpose
2026-01-29 01:42:11,630 - tf2onnx.graph - DEBUG - Making node: Name=Conv__114, OP=Conv
2026-01-29 01:42:11,631 - tf2onnx.graph - DEBUG - Infer shape and dtype for [Conv__114]
2026-01-29 01:42:11,631 - tf2onnx.graph - DEBUG - Set dtype of [Conv__114:0] to 1
2026-01-29 01:42:11,632 - tf2onnx.graph - DEBUG - Set shape of [Conv__114:0] to [-1, 64, 8192, 1]
2026-01-29 01:42:11,632 - tf2onnx.graph - DEBUG - Made node: Conv__114
OP=Conv
Name=Conv__114
Inputs:
	point_net_1/input_transform_1/input_transform_convolution_layer_1_convolution_layer_1/batch_normalization_1/batchnorm/mul_1__19:0=Transpose, [-1, 3, 8192, 1], 1
	point_net_1/input_transform_1/input_transform_convolution_layer_1_convolution_layer_1/input_transform_convolution_layer_1_convolution_layer_1/convolution/merged_input:0=Const, [64, 3, 1, 1], 1
	point_net_1/input_transform_1/input_transform_convolution_layer_1_convolution_layer_1/batch_normalization_1/batchnorm/sub:0=Const, [64], 1
Outpus:
	Conv__114:0=[-1, 64, 8192, 1], 1
2026-01-29 01:42:11,633 - tf2onnx.graph - DEBUG - Making node: Name=Conv__116, OP=Conv
2026-01-29 01:42:11,633 - tf2onnx.graph - DEBUG - Infer shape and dtype for [Conv__116]
2026-01-29 01:42:11,634 - tf2onnx.graph - DEBUG - Set dtype of [Conv__116:0] to 1
2026-01-29 01:42:11,634 - tf2onnx.graph - DEBUG - Set shape of [Conv__116:0] to [-1, 128, 8192, 1]
2026-01-29 01:42:11,634 - tf2onnx.graph - DEBUG - Made node: Conv__116
OP=Conv
Name=Conv__116
Inputs:
	point_net_1/input_transform_1/input_transform_convolution_layer_2_convolution_layer_1/batch_normalization_1_1/batchnorm/mul_1__23:0=Transpose, [-1, 64, 8192, 1], 1
	point_net_1/input_transform_1/input_transform_convolution_layer_2_convolution_layer_1/input_transform_convolution_layer_2_convolution_layer_1/convolution/merged_input:0=Const, [128, 64, 1, 1], 1
	point_net_1/input_transform_1/input_transform_convolution_layer_2_convolution_layer_1/batch_normalization_1_1/batchnorm/sub:0=Const, [128], 1
Outpus:
	Conv__116:0=[-1, 128, 8192, 1], 1
2026-01-29 01:42:11,635 - tf2onnx.graph - DEBUG - Making node: Name=Conv__118, OP=Conv
2026-01-29 01:42:11,635 - tf2onnx.graph - DEBUG - Infer shape and dtype for [Conv__118]
2026-01-29 01:42:11,637 - tf2onnx.graph - DEBUG - Set dtype of [Conv__118:0] to 1
2026-01-29 01:42:11,637 - tf2onnx.graph - DEBUG - Set shape of [Conv__118:0] to [-1, 1024, 8192, 1]
2026-01-29 01:42:11,637 - tf2onnx.graph - DEBUG - Made node: Conv__118
OP=Conv
Name=Conv__118
Inputs:
	point_net_1/input_transform_1/input_transform_convolution_layer_3_convolution_layer_1/batch_normalization_2_1/batchnorm/mul_1__27:0=Transpose, [-1, 128, 8192, 1], 1
	point_net_1/input_transform_1/input_transform_convolution_layer_3_convolution_layer_1/input_transform_convolution_layer_3_convolution_layer_1/convolution/merged_input:0=Const, [1024, 128, 1, 1], 1
	point_net_1/input_transform_1/input_transform_convolution_layer_3_convolution_layer_1/batch_normalization_2_1/batchnorm/sub:0=Const, [1024], 1
Outpus:
	Conv__118:0=[-1, 1024, 8192, 1], 1
2026-01-29 01:42:11,639 - tf2onnx.graph - DEBUG - Making node: Name=axes_const__31__120, OP=Const
2026-01-29 01:42:11,639 - tf2onnx.graph - DEBUG - Made node: axes_const__31__120
OP=Const
Name=axes_const__31__120
Outpus:
	axes_const__31__120=None, 7
2026-01-29 01:42:11,640 - tf2onnx.graph - DEBUG - Making node: Name=Conv__121, OP=Conv
2026-01-29 01:42:11,640 - tf2onnx.graph - DEBUG - Infer shape and dtype for [Conv__121]
2026-01-29 01:42:11,641 - tf2onnx.graph - DEBUG - Set dtype of [Conv__121:0] to 1
2026-01-29 01:42:11,641 - tf2onnx.graph - DEBUG - Set shape of [Conv__121:0] to [-1, 64, 8192, 1]
2026-01-29 01:42:11,641 - tf2onnx.graph - DEBUG - Made node: Conv__121
OP=Conv
Name=Conv__121
Inputs:
	point_net_1/s1_l1_64_convolution_layer_1/batch_normalization_5_1/batchnorm/mul_1__40:0=Transpose, [-1, 3, 8192, 1], 1
	point_net_1/s1_l1_64_convolution_layer_1/s1_l1_64_convolution_layer_1/convolution/merged_input:0=Const, [64, 3, 1, 1], 1
	point_net_1/s1_l1_64_convolution_layer_1/batch_normalization_5_1/batchnorm/sub:0=Const, [64], 1
Outpus:
	Conv__121:0=[-1, 64, 8192, 1], 1
2026-01-29 01:42:11,642 - tf2onnx.graph - DEBUG - Making node: Name=Conv__123, OP=Conv
2026-01-29 01:42:11,642 - tf2onnx.graph - DEBUG - Infer shape and dtype for [Conv__123]
2026-01-29 01:42:11,643 - tf2onnx.graph - DEBUG - Set dtype of [Conv__123:0] to 1
2026-01-29 01:42:11,643 - tf2onnx.graph - DEBUG - Set shape of [Conv__123:0] to [-1, 64, 8192, 1]
2026-01-29 01:42:11,643 - tf2onnx.graph - DEBUG - Made node: Conv__123
OP=Conv
Name=Conv__123
Inputs:
	point_net_1/s1_l2_64_convolution_layer_1/batch_normalization_6_1/batchnorm/mul_1__44:0=Transpose, [-1, 64, 8192, 1], 1
	point_net_1/s1_l2_64_convolution_layer_1/s1_l2_64_convolution_layer_1/convolution/merged_input:0=Const, [64, 64, 1, 1], 1
	point_net_1/s1_l2_64_convolution_layer_1/batch_normalization_6_1/batchnorm/sub:0=Const, [64], 1
Outpus:
	Conv__123:0=[-1, 64, 8192, 1], 1
2026-01-29 01:42:11,644 - tf2onnx.graph - DEBUG - Making node: Name=axes_const__48__125, OP=Const
2026-01-29 01:42:11,644 - tf2onnx.graph - DEBUG - Made node: axes_const__48__125
OP=Const
Name=axes_const__48__125
Outpus:
	axes_const__48__125=None, 7
2026-01-29 01:42:11,645 - tf2onnx.graph - DEBUG - Making node: Name=Conv__126, OP=Conv
2026-01-29 01:42:11,645 - tf2onnx.graph - DEBUG - Infer shape and dtype for [Conv__126]
2026-01-29 01:42:11,646 - tf2onnx.graph - DEBUG - Set dtype of [Conv__126:0] to 1
2026-01-29 01:42:11,646 - tf2onnx.graph - DEBUG - Set shape of [Conv__126:0] to [-1, 64, 8192, 1]
2026-01-29 01:42:11,646 - tf2onnx.graph - DEBUG - Made node: Conv__126
OP=Conv
Name=Conv__126
Inputs:
	point_net_1/feature_transform_1/feature_transform_convolution_layer_1_convolution_layer_1/batch_normalization_7_1/batchnorm/mul_1__52:0=Transpose, [-1, 64, 8192, 1], 1
	point_net_1/feature_transform_1/feature_transform_convolution_layer_1_convolution_layer_1/feature_transform_convolution_layer_1_convolution_layer_1/convolution/merged_input:0=Const, [64, 64, 1, 1], 1
	point_net_1/feature_transform_1/feature_transform_convolution_layer_1_convolution_layer_1/batch_normalization_7_1/batchnorm/sub:0=Const, [64], 1
Outpus:
	Conv__126:0=[-1, 64, 8192, 1], 1
2026-01-29 01:42:11,647 - tf2onnx.graph - DEBUG - Making node: Name=Conv__128, OP=Conv
2026-01-29 01:42:11,647 - tf2onnx.graph - DEBUG - Infer shape and dtype for [Conv__128]
2026-01-29 01:42:11,648 - tf2onnx.graph - DEBUG - Set dtype of [Conv__128:0] to 1
2026-01-29 01:42:11,648 - tf2onnx.graph - DEBUG - Set shape of [Conv__128:0] to [-1, 128, 8192, 1]
2026-01-29 01:42:11,648 - tf2onnx.graph - DEBUG - Made node: Conv__128
OP=Conv
Name=Conv__128
Inputs:
	point_net_1/feature_transform_1/feature_transform_convolution_layer_2_convolution_layer_1/batch_normalization_8_1/batchnorm/mul_1__56:0=Transpose, [-1, 64, 8192, 1], 1
	point_net_1/feature_transform_1/feature_transform_convolution_layer_2_convolution_layer_1/feature_transform_convolution_layer_2_convolution_layer_1/convolution/merged_input:0=Const, [128, 64, 1, 1], 1
	point_net_1/feature_transform_1/feature_transform_convolution_layer_2_convolution_layer_1/batch_normalization_8_1/batchnorm/sub:0=Const, [128], 1
Outpus:
	Conv__128:0=[-1, 128, 8192, 1], 1
2026-01-29 01:42:11,649 - tf2onnx.graph - DEBUG - Making node: Name=Conv__130, OP=Conv
2026-01-29 01:42:11,649 - tf2onnx.graph - DEBUG - Infer shape and dtype for [Conv__130]
2026-01-29 01:42:11,650 - tf2onnx.graph - DEBUG - Set dtype of [Conv__130:0] to 1
2026-01-29 01:42:11,650 - tf2onnx.graph - DEBUG - Set shape of [Conv__130:0] to [-1, 1024, 8192, 1]
2026-01-29 01:42:11,651 - tf2onnx.graph - DEBUG - Made node: Conv__130
OP=Conv
Name=Conv__130
Inputs:
	point_net_1/feature_transform_1/feature_transform_convolution_layer_3_convolution_layer_1/batch_normalization_9_1/batchnorm/mul_1__60:0=Transpose, [-1, 128, 8192, 1], 1
	point_net_1/feature_transform_1/feature_transform_convolution_layer_3_convolution_layer_1/feature_transform_convolution_layer_3_convolution_layer_1/convolution/merged_input:0=Const, [1024, 128, 1, 1], 1
	point_net_1/feature_transform_1/feature_transform_convolution_layer_3_convolution_layer_1/batch_normalization_9_1/batchnorm/sub:0=Const, [1024], 1
Outpus:
	Conv__130:0=[-1, 1024, 8192, 1], 1
2026-01-29 01:42:11,651 - tf2onnx.graph - DEBUG - Making node: Name=axes_const__64__132, OP=Const
2026-01-29 01:42:11,652 - tf2onnx.graph - DEBUG - Made node: axes_const__64__132
OP=Const
Name=axes_const__64__132
Outpus:
	axes_const__64__132=None, 7
2026-01-29 01:42:11,653 - tf2onnx.graph - DEBUG - Making node: Name=Conv__133, OP=Conv
2026-01-29 01:42:11,653 - tf2onnx.graph - DEBUG - Infer shape and dtype for [Conv__133]
2026-01-29 01:42:11,653 - tf2onnx.graph - DEBUG - Set dtype of [Conv__133:0] to 1
2026-01-29 01:42:11,654 - tf2onnx.graph - DEBUG - Set shape of [Conv__133:0] to [-1, 64, 8192, 1]
2026-01-29 01:42:11,654 - tf2onnx.graph - DEBUG - Made node: Conv__133
OP=Conv
Name=Conv__133
Inputs:
	point_net_1/s2_l1_64_convolution_layer_1/batch_normalization_12_1/batchnorm/mul_1__73:0=Transpose, [-1, 64, 8192, 1], 1
	point_net_1/s2_l1_64_convolution_layer_1/s2_l1_64_convolution_layer_1/convolution/merged_input:0=Const, [64, 64, 1, 1], 1
	point_net_1/s2_l1_64_convolution_layer_1/batch_normalization_12_1/batchnorm/sub:0=Const, [64], 1
Outpus:
	Conv__133:0=[-1, 64, 8192, 1], 1
2026-01-29 01:42:11,655 - tf2onnx.graph - DEBUG - Making node: Name=Conv__135, OP=Conv
2026-01-29 01:42:11,655 - tf2onnx.graph - DEBUG - Infer shape and dtype for [Conv__135]
2026-01-29 01:42:11,656 - tf2onnx.graph - DEBUG - Set dtype of [Conv__135:0] to 1
2026-01-29 01:42:11,656 - tf2onnx.graph - DEBUG - Set shape of [Conv__135:0] to [-1, 128, 8192, 1]
2026-01-29 01:42:11,656 - tf2onnx.graph - DEBUG - Made node: Conv__135
OP=Conv
Name=Conv__135
Inputs:
	point_net_1/s2_l2_128_convolution_layer_1/batch_normalization_13_1/batchnorm/mul_1__77:0=Transpose, [-1, 64, 8192, 1], 1
	point_net_1/s2_l2_128_convolution_layer_1/s2_l2_128_convolution_layer_1/convolution/merged_input:0=Const, [128, 64, 1, 1], 1
	point_net_1/s2_l2_128_convolution_layer_1/batch_normalization_13_1/batchnorm/sub:0=Const, [128], 1
Outpus:
	Conv__135:0=[-1, 128, 8192, 1], 1
2026-01-29 01:42:11,657 - tf2onnx.graph - DEBUG - Making node: Name=Conv__137, OP=Conv
2026-01-29 01:42:11,657 - tf2onnx.graph - DEBUG - Infer shape and dtype for [Conv__137]
2026-01-29 01:42:11,658 - tf2onnx.graph - DEBUG - Set dtype of [Conv__137:0] to 1
2026-01-29 01:42:11,658 - tf2onnx.graph - DEBUG - Set shape of [Conv__137:0] to [-1, 1024, 8192, 1]
2026-01-29 01:42:11,658 - tf2onnx.graph - DEBUG - Made node: Conv__137
OP=Conv
Name=Conv__137
Inputs:
	point_net_1/s2_l3_1024_convolution_layer_1/batch_normalization_14_1/batchnorm/mul_1__81:0=Transpose, [-1, 128, 8192, 1], 1
	point_net_1/s2_l3_1024_convolution_layer_1/s2_l3_1024_convolution_layer_1/convolution/merged_input:0=Const, [1024, 128, 1, 1], 1
	point_net_1/s2_l3_1024_convolution_layer_1/batch_normalization_14_1/batchnorm/sub:0=Const, [1024], 1
Outpus:
	Conv__137:0=[-1, 1024, 8192, 1], 1
2026-01-29 01:42:11,659 - tf2onnx.graph - DEBUG - Making node: Name=axes_const__85__139, OP=Const
2026-01-29 01:42:11,660 - tf2onnx.graph - DEBUG - Made node: axes_const__85__139
OP=Const
Name=axes_const__85__139
Outpus:
	axes_const__85__139=None, 7
2026-01-29 01:42:11,662 - tf2onnx.graph - DEBUG - Making node: Name=axes_const__113__140, OP=Const
2026-01-29 01:42:11,663 - tf2onnx.graph - DEBUG - Made node: axes_const__113__140
OP=Const
Name=axes_const__113__140
Outpus:
	axes_const__113__140=None, 7
2026-01-29 01:42:11,664 - tf2onnx.optimizer.TransposeOptimizer - DEBUG - cannot move transpose down since it met output node Identity_2_graph_outputs_Identity__7
2026-01-29 01:42:11,665 - tf2onnx.optimizer.TransposeOptimizer - DEBUG - finish after 39 iteration(s)
2026-01-29 01:42:11,680 - tf2onnx.optimizer.TransposeOptimizer - VERBOSE - Add -11 (20->9), Const -6 (88->82), Identity -1 (6->5), Transpose -3 (32->29)
2026-01-29 01:42:11,681 - tf2onnx.optimizer - VERBOSE - Apply remove_redundant_upsample
2026-01-29 01:42:11,712 - tf2onnx.optimizer.UpsampleOptimizer - VERBOSE - no change
2026-01-29 01:42:11,713 - tf2onnx.optimizer - VERBOSE - Apply fold_constants
2026-01-29 01:42:11,730 - tf2onnx.graph - DEBUG - Making node: Name=const_fold_opt__141, OP=Const
2026-01-29 01:42:11,730 - tf2onnx.graph - DEBUG - Made node: const_fold_opt__141
OP=Const
Name=const_fold_opt__141
Outpus:
	const_fold_opt__141=None, 7
2026-01-29 01:42:11,731 - tf2onnx.graph - DEBUG - Making node: Name=const_fold_opt__142, OP=Const
2026-01-29 01:42:11,731 - tf2onnx.graph - DEBUG - Made node: const_fold_opt__142
OP=Const
Name=const_fold_opt__142
Outpus:
	const_fold_opt__142=None, 7
2026-01-29 01:42:11,732 - tf2onnx.graph - DEBUG - Making node: Name=const_fold_opt__143, OP=Const
2026-01-29 01:42:11,732 - tf2onnx.graph - DEBUG - Made node: const_fold_opt__143
OP=Const
Name=const_fold_opt__143
Outpus:
	const_fold_opt__143=None, 7
2026-01-29 01:42:11,733 - tf2onnx.graph - DEBUG - Making node: Name=const_fold_opt__144, OP=Const
2026-01-29 01:42:11,733 - tf2onnx.graph - DEBUG - Made node: const_fold_opt__144
OP=Const
Name=const_fold_opt__144
Outpus:
	const_fold_opt__144=None, 7
2026-01-29 01:42:11,734 - tf2onnx.graph - DEBUG - Making node: Name=const_fold_opt__145, OP=Const
2026-01-29 01:42:11,734 - tf2onnx.graph - DEBUG - Made node: const_fold_opt__145
OP=Const
Name=const_fold_opt__145
Outpus:
	const_fold_opt__145=None, 7
2026-01-29 01:42:11,734 - tf2onnx.graph - DEBUG - Making node: Name=const_fold_opt__146, OP=Const
2026-01-29 01:42:11,735 - tf2onnx.graph - DEBUG - Made node: const_fold_opt__146
OP=Const
Name=const_fold_opt__146
Outpus:
	const_fold_opt__146=None, 7
2026-01-29 01:42:11,735 - tf2onnx.graph - DEBUG - Making node: Name=const_fold_opt__147, OP=Const
2026-01-29 01:42:11,735 - tf2onnx.graph - DEBUG - Made node: const_fold_opt__147
OP=Const
Name=const_fold_opt__147
Outpus:
	const_fold_opt__147=None, 7
2026-01-29 01:42:11,736 - tf2onnx.graph - DEBUG - Making node: Name=const_fold_opt__148, OP=Const
2026-01-29 01:42:11,736 - tf2onnx.graph - DEBUG - Made node: const_fold_opt__148
OP=Const
Name=const_fold_opt__148
Outpus:
	const_fold_opt__148=None, 7
2026-01-29 01:42:11,737 - tf2onnx.graph - DEBUG - Making node: Name=const_fold_opt__149, OP=Const
2026-01-29 01:42:11,737 - tf2onnx.graph - DEBUG - Made node: const_fold_opt__149
OP=Const
Name=const_fold_opt__149
Outpus:
	const_fold_opt__149=None, 7
2026-01-29 01:42:11,737 - tf2onnx.graph - DEBUG - Making node: Name=const_fold_opt__150, OP=Const
2026-01-29 01:42:11,738 - tf2onnx.graph - DEBUG - Made node: const_fold_opt__150
OP=Const
Name=const_fold_opt__150
Outpus:
	const_fold_opt__150=None, 7
2026-01-29 01:42:11,738 - tf2onnx.graph - DEBUG - Making node: Name=const_fold_opt__151, OP=Const
2026-01-29 01:42:11,738 - tf2onnx.graph - DEBUG - Made node: const_fold_opt__151
OP=Const
Name=const_fold_opt__151
Outpus:
	const_fold_opt__151=None, 7
2026-01-29 01:42:11,738 - tf2onnx.graph - DEBUG - Making node: Name=const_fold_opt__152, OP=Const
2026-01-29 01:42:11,739 - tf2onnx.graph - DEBUG - Made node: const_fold_opt__152
OP=Const
Name=const_fold_opt__152
Outpus:
	const_fold_opt__152=None, 7
2026-01-29 01:42:11,739 - tf2onnx.graph - DEBUG - Making node: Name=const_fold_opt__153, OP=Const
2026-01-29 01:42:11,739 - tf2onnx.graph - DEBUG - Made node: const_fold_opt__153
OP=Const
Name=const_fold_opt__153
Outpus:
	const_fold_opt__153=None, 7
2026-01-29 01:42:11,740 - tf2onnx.graph - DEBUG - Making node: Name=const_fold_opt__154, OP=Const
2026-01-29 01:42:11,740 - tf2onnx.graph - DEBUG - Made node: const_fold_opt__154
OP=Const
Name=const_fold_opt__154
Outpus:
	const_fold_opt__154=None, 7
2026-01-29 01:42:11,740 - tf2onnx.graph - DEBUG - Making node: Name=const_fold_opt__155, OP=Const
2026-01-29 01:42:11,740 - tf2onnx.graph - DEBUG - Made node: const_fold_opt__155
OP=Const
Name=const_fold_opt__155
Outpus:
	const_fold_opt__155=None, 7
2026-01-29 01:42:11,741 - tf2onnx.graph - DEBUG - Making node: Name=const_fold_opt__156, OP=Const
2026-01-29 01:42:11,741 - tf2onnx.graph - DEBUG - Made node: const_fold_opt__156
OP=Const
Name=const_fold_opt__156
Outpus:
	const_fold_opt__156=None, 7
2026-01-29 01:42:11,741 - tf2onnx.graph - DEBUG - Making node: Name=const_fold_opt__157, OP=Const
2026-01-29 01:42:11,742 - tf2onnx.graph - DEBUG - Made node: const_fold_opt__157
OP=Const
Name=const_fold_opt__157
Outpus:
	const_fold_opt__157=None, 7
2026-01-29 01:42:11,742 - tf2onnx.graph - DEBUG - Making node: Name=const_fold_opt__158, OP=Const
2026-01-29 01:42:11,742 - tf2onnx.graph - DEBUG - Made node: const_fold_opt__158
OP=Const
Name=const_fold_opt__158
Outpus:
	const_fold_opt__158=None, 7
2026-01-29 01:42:11,743 - tf2onnx.graph - DEBUG - Making node: Name=const_fold_opt__159, OP=Const
2026-01-29 01:42:11,743 - tf2onnx.graph - DEBUG - Made node: const_fold_opt__159
OP=Const
Name=const_fold_opt__159
Outpus:
	const_fold_opt__159=None, 7
2026-01-29 01:42:11,743 - tf2onnx.graph - DEBUG - Making node: Name=const_fold_opt__160, OP=Const
2026-01-29 01:42:11,744 - tf2onnx.graph - DEBUG - Made node: const_fold_opt__160
OP=Const
Name=const_fold_opt__160
Outpus:
	const_fold_opt__160=None, 7
2026-01-29 01:42:11,744 - tf2onnx.graph - DEBUG - Making node: Name=const_fold_opt__161, OP=Const
2026-01-29 01:42:11,744 - tf2onnx.graph - DEBUG - Made node: const_fold_opt__161
OP=Const
Name=const_fold_opt__161
Outpus:
	const_fold_opt__161=None, 7
2026-01-29 01:42:11,745 - tf2onnx.graph - DEBUG - Making node: Name=const_fold_opt__162, OP=Const
2026-01-29 01:42:11,745 - tf2onnx.graph - DEBUG - Made node: const_fold_opt__162
OP=Const
Name=const_fold_opt__162
Outpus:
	const_fold_opt__162=None, 7
2026-01-29 01:42:11,745 - tf2onnx.graph - DEBUG - Making node: Name=const_fold_opt__163, OP=Const
2026-01-29 01:42:11,746 - tf2onnx.graph - DEBUG - Made node: const_fold_opt__163
OP=Const
Name=const_fold_opt__163
Outpus:
	const_fold_opt__163=None, 7
2026-01-29 01:42:11,754 - tf2onnx.optimizer.ConstFoldOptimizer - VERBOSE - Cast -13 (13->0), Const -10 (82->72), Reshape -10 (12->2)
2026-01-29 01:42:11,754 - tf2onnx.optimizer - VERBOSE - Apply const_dequantize_optimizer
2026-01-29 01:42:11,775 - tf2onnx.optimizer.ConstDequantizeOptimizer - VERBOSE - no change
2026-01-29 01:42:11,775 - tf2onnx.optimizer - VERBOSE - Apply loop_optimizer
2026-01-29 01:42:11,806 - tf2onnx.optimizer.LoopOptimizer - VERBOSE - no change
2026-01-29 01:42:11,806 - tf2onnx.optimizer - VERBOSE - Apply merge_duplication
2026-01-29 01:42:11,851 - tf2onnx.optimizer.MergeDuplicatedNodesOptimizer - VERBOSE - Const -13 (72->59)
2026-01-29 01:42:11,852 - tf2onnx.optimizer - VERBOSE - Apply reshape_optimizer
2026-01-29 01:42:11,888 - tf2onnx.optimizer.ReshapeOptimizer - VERBOSE - no change
2026-01-29 01:42:11,888 - tf2onnx.optimizer - VERBOSE - Apply global_pool_optimizer
2026-01-29 01:42:11,902 - tf2onnx.graph - DEBUG - Making node: Name=const_axes__164, OP=Const
2026-01-29 01:42:11,903 - tf2onnx.graph - DEBUG - Made node: const_axes__164
OP=Const
Name=const_axes__164
Outpus:
	const_axes__164=None, 7
2026-01-29 01:42:11,903 - tf2onnx.graph - DEBUG - Making node: Name=point_net_1/Max_Squeeze__165, OP=Squeeze
2026-01-29 01:42:11,904 - tf2onnx.graph - DEBUG - Made node: point_net_1/Max_Squeeze__165
OP=Squeeze
Name=point_net_1/Max_Squeeze__165
Inputs:
	point_net_1/Max:0=GlobalMaxPool, [-1, 1024, 1], 1
	const_axes__164=Const, [1], 7
Outpus:
	point_net_1/Max_Squeeze__165:0=[-1, 1024], 1
2026-01-29 01:42:11,904 - tf2onnx.graph - DEBUG - Making node: Name=const_axes__166, OP=Const
2026-01-29 01:42:11,905 - tf2onnx.graph - DEBUG - Made node: const_axes__166
OP=Const
Name=const_axes__166
Outpus:
	const_axes__166=None, 7
2026-01-29 01:42:11,905 - tf2onnx.graph - DEBUG - Making node: Name=point_net_1/feature_transform_1/Max_Squeeze__167, OP=Squeeze
2026-01-29 01:42:11,905 - tf2onnx.graph - DEBUG - Made node: point_net_1/feature_transform_1/Max_Squeeze__167
OP=Squeeze
Name=point_net_1/feature_transform_1/Max_Squeeze__167
Inputs:
	point_net_1/feature_transform_1/Max:0=GlobalMaxPool, [-1, 1024, 1], 1
	const_axes__166=Const, [1], 7
Outpus:
	point_net_1/feature_transform_1/Max_Squeeze__167:0=[-1, 1024], 1
2026-01-29 01:42:11,906 - tf2onnx.graph - DEBUG - Making node: Name=const_axes__168, OP=Const
2026-01-29 01:42:11,906 - tf2onnx.graph - DEBUG - Made node: const_axes__168
OP=Const
Name=const_axes__168
Outpus:
	const_axes__168=None, 7
2026-01-29 01:42:11,907 - tf2onnx.graph - DEBUG - Making node: Name=point_net_1/input_transform_1/Max_Squeeze__169, OP=Squeeze
2026-01-29 01:42:11,907 - tf2onnx.graph - DEBUG - Made node: point_net_1/input_transform_1/Max_Squeeze__169
OP=Squeeze
Name=point_net_1/input_transform_1/Max_Squeeze__169
Inputs:
	point_net_1/input_transform_1/Max:0=GlobalMaxPool, [-1, 1024, 1], 1
	const_axes__168=Const, [1], 7
Outpus:
	point_net_1/input_transform_1/Max_Squeeze__169:0=[-1, 1024], 1
2026-01-29 01:42:11,919 - tf2onnx.optimizer.GlobalPoolOptimizer - VERBOSE - Const +3 (59->62), GlobalMaxPool +3 (0->3), ReduceMax -3 (4->1), Squeeze +3 (7->10)
2026-01-29 01:42:11,919 - tf2onnx.optimizer - VERBOSE - Apply q_dq_optimizer
2026-01-29 01:42:11,945 - tf2onnx.optimizer.QDQOptimizer - VERBOSE - no change
2026-01-29 01:42:11,945 - tf2onnx.optimizer - VERBOSE - Apply remove_identity
2026-01-29 01:42:11,975 - tf2onnx.optimizer.IdentityOptimizer - VERBOSE - Identity -5 (5->0)
2026-01-29 01:42:11,976 - tf2onnx.optimizer - VERBOSE - Apply remove_back_to_back
2026-01-29 01:42:11,994 - tf2onnx.optimizer.BackToBackOptimizer - VERBOSE - Transpose -22 (29->7)
2026-01-29 01:42:11,995 - tf2onnx.optimizer - VERBOSE - Apply einsum_optimizer
2026-01-29 01:42:12,006 - tf2onnx.optimizer.EinsumOptimizer - VERBOSE - no change
2026-01-29 01:42:12,007 - tf2onnx.optimizer - VERBOSE - Apply optimize_transpose
2026-01-29 01:42:12,019 - tf2onnx.optimizer.TransposeOptimizer - DEBUG - segmentation_output connects to graph outputs, skip
2026-01-29 01:42:12,019 - tf2onnx.optimizer.TransposeOptimizer - DEBUG - finish after 0 iteration(s)
2026-01-29 01:42:12,034 - tf2onnx.optimizer.TransposeOptimizer - VERBOSE - no change
2026-01-29 01:42:12,034 - tf2onnx.optimizer - VERBOSE - Apply remove_redundant_upsample
2026-01-29 01:42:12,061 - tf2onnx.optimizer.UpsampleOptimizer - VERBOSE - no change
2026-01-29 01:42:12,061 - tf2onnx.optimizer - VERBOSE - Apply fold_constants
2026-01-29 01:42:12,082 - tf2onnx.optimizer.ConstFoldOptimizer - VERBOSE - no change
2026-01-29 01:42:12,083 - tf2onnx.optimizer - VERBOSE - Apply const_dequantize_optimizer
2026-01-29 01:42:12,095 - tf2onnx.optimizer.ConstDequantizeOptimizer - VERBOSE - no change
2026-01-29 01:42:12,096 - tf2onnx.optimizer - VERBOSE - Apply loop_optimizer
2026-01-29 01:42:12,117 - tf2onnx.optimizer.LoopOptimizer - VERBOSE - no change
2026-01-29 01:42:12,118 - tf2onnx.optimizer - VERBOSE - Apply merge_duplication
2026-01-29 01:42:12,161 - tf2onnx.optimizer.MergeDuplicatedNodesOptimizer - VERBOSE - Const -3 (62->59)
2026-01-29 01:42:12,162 - tf2onnx.optimizer - VERBOSE - Apply reshape_optimizer
2026-01-29 01:42:12,185 - tf2onnx.optimizer.ReshapeOptimizer - VERBOSE - no change
2026-01-29 01:42:12,185 - tf2onnx.optimizer - VERBOSE - Apply global_pool_optimizer
2026-01-29 01:42:12,197 - tf2onnx.optimizer.GlobalPoolOptimizer - VERBOSE - no change
2026-01-29 01:42:12,198 - tf2onnx.optimizer - VERBOSE - Apply q_dq_optimizer
2026-01-29 01:42:12,218 - tf2onnx.optimizer.QDQOptimizer - VERBOSE - no change
2026-01-29 01:42:12,218 - tf2onnx.optimizer - VERBOSE - Apply remove_identity
2026-01-29 01:42:12,250 - tf2onnx.optimizer.IdentityOptimizer - VERBOSE - no change
2026-01-29 01:42:12,250 - tf2onnx.optimizer - VERBOSE - Apply remove_back_to_back
2026-01-29 01:42:12,274 - tf2onnx.optimizer.BackToBackOptimizer - VERBOSE - no change
2026-01-29 01:42:12,275 - tf2onnx.optimizer - VERBOSE - Apply einsum_optimizer
2026-01-29 01:42:12,287 - tf2onnx.optimizer.EinsumOptimizer - VERBOSE - no change
2026-01-29 01:42:12,288 - tf2onnx.optimizer - VERBOSE - Apply optimize_transpose
2026-01-29 01:42:12,295 - tf2onnx.optimizer.TransposeOptimizer - DEBUG - segmentation_output connects to graph outputs, skip
2026-01-29 01:42:12,296 - tf2onnx.optimizer.TransposeOptimizer - DEBUG - finish after 0 iteration(s)
2026-01-29 01:42:12,311 - tf2onnx.optimizer.TransposeOptimizer - VERBOSE - no change
2026-01-29 01:42:12,311 - tf2onnx.optimizer - VERBOSE - Apply remove_redundant_upsample
2026-01-29 01:42:12,339 - tf2onnx.optimizer.UpsampleOptimizer - VERBOSE - no change
2026-01-29 01:42:12,340 - tf2onnx.optimizer - VERBOSE - Apply fold_constants
2026-01-29 01:42:12,375 - tf2onnx.optimizer.ConstFoldOptimizer - VERBOSE - no change
2026-01-29 01:42:12,375 - tf2onnx.optimizer - VERBOSE - Apply const_dequantize_optimizer
2026-01-29 01:42:12,401 - tf2onnx.optimizer.ConstDequantizeOptimizer - VERBOSE - no change
2026-01-29 01:42:12,402 - tf2onnx.optimizer - VERBOSE - Apply loop_optimizer
2026-01-29 01:42:12,429 - tf2onnx.optimizer.LoopOptimizer - VERBOSE - no change
2026-01-29 01:42:12,430 - tf2onnx.optimizer - VERBOSE - Apply merge_duplication
2026-01-29 01:42:12,466 - tf2onnx.optimizer.MergeDuplicatedNodesOptimizer - VERBOSE - no change
2026-01-29 01:42:12,466 - tf2onnx.optimizer - VERBOSE - Apply reshape_optimizer
2026-01-29 01:42:12,492 - tf2onnx.optimizer.ReshapeOptimizer - VERBOSE - no change
2026-01-29 01:42:12,492 - tf2onnx.optimizer - VERBOSE - Apply global_pool_optimizer
2026-01-29 01:42:12,504 - tf2onnx.optimizer.GlobalPoolOptimizer - VERBOSE - no change
2026-01-29 01:42:12,505 - tf2onnx.optimizer - VERBOSE - Apply q_dq_optimizer
2026-01-29 01:42:12,523 - tf2onnx.optimizer.QDQOptimizer - VERBOSE - no change
2026-01-29 01:42:12,524 - tf2onnx.optimizer - VERBOSE - Apply remove_identity
2026-01-29 01:42:12,555 - tf2onnx.optimizer.IdentityOptimizer - VERBOSE - no change
2026-01-29 01:42:12,556 - tf2onnx.optimizer - VERBOSE - Apply remove_back_to_back
2026-01-29 01:42:12,579 - tf2onnx.optimizer.BackToBackOptimizer - VERBOSE - no change
2026-01-29 01:42:12,580 - tf2onnx.optimizer - VERBOSE - Apply einsum_optimizer
2026-01-29 01:42:12,592 - tf2onnx.optimizer.EinsumOptimizer - VERBOSE - no change
2026-01-29 01:42:12,594 - tf2onnx.optimizer - INFO - After optimization: Add -11 (20->9), Cast -13 (13->0), Const -29 (88->59), GlobalMaxPool +3 (0->3), Identity -6 (6->0), ReduceMax -3 (4->1), Reshape -10 (12->2), Squeeze +3 (7->10), Transpose -25 (32->7)
2026-01-29 01:42:12,814 - root - INFO - Continuing training on model kc46_lidar_lr01_5_20/classification_pretrain/kc46_lidar_lr01_5_20_classification_pretrain.keras
2026-01-29 01:42:13,466 - root - INFO - PointNet Build
2026-01-29 01:42:13,467 - root - INFO - 	Trainable Layers
2026-01-29 01:42:13,467 - root - INFO - 		-> input_normalization: False
2026-01-29 01:42:13,468 - root - INFO - 		-> input_transform: True
2026-01-29 01:42:13,468 - root - INFO - 		-> s1_l1_64_convolution_layer: True
2026-01-29 01:42:13,468 - root - INFO - 		-> s1_l2_64_convolution_layer: True
2026-01-29 01:42:13,468 - root - INFO - 		-> feature_transform: True
2026-01-29 01:42:13,469 - root - INFO - 		-> s2_l1_64_convolution_layer: True
2026-01-29 01:42:13,469 - root - INFO - 		-> s2_l2_128_convolution_layer: True
2026-01-29 01:42:13,469 - root - INFO - 		-> s2_l3_1024_convolution_layer: True
2026-01-29 01:42:13,469 - root - INFO - 		-> s3_l1_512_dense_layer: False
2026-01-29 01:42:13,469 - root - INFO - 		-> s3_l2_256_dense_layer: False
2026-01-29 01:42:13,469 - root - INFO - 		-> output_dense_layer: False
2026-01-29 01:42:13,470 - root - INFO - 		-> seg_l1_512_convolution_layer: True
2026-01-29 01:42:13,470 - root - INFO - 		-> seg_l2_256_convolution_layer: True
2026-01-29 01:42:13,471 - root - INFO - 		-> seg_l3_128_convolution_layer: True
2026-01-29 01:42:13,471 - root - INFO - 		-> seg_l4_128_convolution_layer: True
2026-01-29 01:42:13,471 - root - INFO - 		-> seg_l5_output_convolution_layer: True
2026-01-29 09:12:58,723 - tf2onnx.tfonnx - INFO - Using tensorflow=2.20.0, onnx=1.17.0, tf2onnx=1.16.1/15c810
2026-01-29 09:12:58,724 - tf2onnx.tfonnx - INFO - Using opset <onnx, 13>
2026-01-29 09:12:58,774 - tf2onnx.tf_utils - INFO - Computed 0 values for constant folding
2026-01-29 09:12:58,814 - tf2onnx.graph - DEBUG - Making node: Name=Identity, OP=Identity
2026-01-29 09:12:58,815 - tf2onnx.graph - DEBUG - Made node: Identity
OP=Identity
Name=Identity
Inputs:
	point_net_1/output_dense_layer_1/Softmax:0=Softmax, [-1, 23], 1
Outpus:
	Identity_raw_output___175:0=[-1, 23], 1
2026-01-29 09:12:58,816 - tf2onnx.graph - DEBUG - Making node: Name=Identity_graph_outputs_Identity__176, OP=Identity
2026-01-29 09:12:58,817 - tf2onnx.graph - DEBUG - Made node: Identity_graph_outputs_Identity__176
OP=Identity
Name=Identity_graph_outputs_Identity__176
Inputs:
	Identity_raw_output___175:0=Identity, [-1, 23], 1
Outpus:
	Identity:0=[-1, 23], 1
2026-01-29 09:12:58,817 - tf2onnx.graph - DEBUG - Making node: Name=Identity_2, OP=Identity
2026-01-29 09:12:58,818 - tf2onnx.graph - DEBUG - Made node: Identity_2
OP=Identity
Name=Identity_2
Inputs:
	point_net_1/Squeeze_2:0=Squeeze, [-1, 8192, 12], 1
Outpus:
	Identity_2_raw_output___177:0=[-1, 8192, 12], 1
2026-01-29 09:12:58,818 - tf2onnx.graph - DEBUG - Making node: Name=Identity_2_graph_outputs_Identity__178, OP=Identity
2026-01-29 09:12:58,819 - tf2onnx.graph - DEBUG - Made node: Identity_2_graph_outputs_Identity__178
OP=Identity
Name=Identity_2_graph_outputs_Identity__178
Inputs:
	Identity_2_raw_output___177:0=Identity, [-1, 8192, 12], 1
Outpus:
	Identity_2:0=[-1, 8192, 12], 1
2026-01-29 09:12:58,819 - tf2onnx.graph - DEBUG - Making node: Name=Identity_1, OP=Identity
2026-01-29 09:12:58,820 - tf2onnx.graph - DEBUG - Made node: Identity_1
OP=Identity
Name=Identity_1
Inputs:
	point_net_1/input_transform_1/add:0=AddV2, [-1, 3, 3], 1
Outpus:
	Identity_1_raw_output___179:0=[-1, 3, 3], 1
2026-01-29 09:12:58,821 - tf2onnx.graph - DEBUG - Making node: Name=Identity_1_graph_outputs_Identity__180, OP=Identity
2026-01-29 09:12:58,821 - tf2onnx.graph - DEBUG - Made node: Identity_1_graph_outputs_Identity__180
OP=Identity
Name=Identity_1_graph_outputs_Identity__180
Inputs:
	Identity_1_raw_output___179:0=Identity, [-1, 3, 3], 1
Outpus:
	Identity_1:0=[-1, 3, 3], 1
2026-01-29 09:12:58,823 - tf2onnx.tfonnx - ERROR - rewriter <function rewrite_constant_fold at 0x7d7a0c8113f0>: exception `np.cast` was removed in the NumPy 2.0 release. Use `np.asarray(arr, dtype=dtype)` instead.
2026-01-29 09:12:58,825 - tf2onnx.tfonnx - INFO - ['Traceback (most recent call last):\n', '  File "/mnt/c/repos/PointCloudProcessing/point_cloud_analysis/.venv/lib/python3.10/site-packages/tf2onnx/tfonnx.py", line 375, in run_rewriters\n    ops = func(g, g.get_nodes())\n', '  File "/mnt/c/repos/PointCloudProcessing/point_cloud_analysis/.venv/lib/python3.10/site-packages/tf2onnx/tfonnx.py", line 77, in rewrite_constant_fold\n    "Cast": np.cast,\n', '  File "/mnt/c/repos/PointCloudProcessing/point_cloud_analysis/.venv/lib/python3.10/site-packages/numpy/__init__.py", line 400, in __getattr__\n    raise AttributeError(\n', 'AttributeError: `np.cast` was removed in the NumPy 2.0 release. Use `np.asarray(arr, dtype=dtype)` instead.\n']
2026-01-29 09:12:58,837 - tf2onnx.rewriter.lstm_rewriter - DEBUG - enter lstm rewriter
2026-01-29 09:12:58,839 - tf2onnx.rewriter.gru_rewriter - DEBUG - enter gru rewriter
2026-01-29 09:12:58,841 - tf2onnx.rewriter.custom_rnn_rewriter - DEBUG - enter custom rnn rewriter
2026-01-29 09:12:58,843 - tf2onnx.rewriter.loop_rewriter - DEBUG - enter loop rewriter
2026-01-29 09:12:58,845 - tf2onnx.rewriter.cond_rewriter - DEBUG - enter cond pre rewrite
2026-01-29 09:12:58,847 - tf2onnx.graph - DEBUG - Making node: Name=point_net_1/seg_l5_output_convolution_layer_1/seg_l5_output_convolution_layer_1/BiasAdd, OP=Conv2D
2026-01-29 09:12:58,847 - tf2onnx.graph - DEBUG - Made node: point_net_1/seg_l5_output_convolution_layer_1/seg_l5_output_convolution_layer_1/BiasAdd
OP=Conv2D
Name=point_net_1/seg_l5_output_convolution_layer_1/seg_l5_output_convolution_layer_1/BiasAdd
Inputs:
	point_net_1/seg_l4_128_convolution_layer_1/Relu:0=Relu, [-1, 8192, 1, 128], 1
	point_net_1/seg_l5_output_convolution_layer_1/seg_l5_output_convolution_layer_1/convolution/ReadVariableOp:0=Const, [1, 1, 128, 12], 1
	point_net_1/seg_l5_output_convolution_layer_1/seg_l5_output_convolution_layer_1/Squeeze:0=Const, [12], 1
Outpus:
	point_net_1/seg_l5_output_convolution_layer_1/seg_l5_output_convolution_layer_1/BiasAdd:0=[-1, 8192, 1, 12], 1
2026-01-29 09:12:58,854 - tf2onnx.tfonnx - VERBOSE - Mapping TF node to ONNX node(s)
2026-01-29 09:12:58,854 - tf2onnx.tfonnx - DEBUG - Process node: point_net_1/seg_l5_output_convolution_layer_1/seg_l5_output_convolution_layer_1/convolution/ReadVariableOp
OP=Const
Name=point_net_1/seg_l5_output_convolution_layer_1/seg_l5_output_convolution_layer_1/convolution/ReadVariableOp
Outpus:
	point_net_1/seg_l5_output_convolution_layer_1/seg_l5_output_convolution_layer_1/convolution/ReadVariableOp:0=[1, 1, 128, 12], 1
2026-01-29 09:12:58,855 - tf2onnx.tfonnx - DEBUG - Process node: point_net_1/seg_l5_output_convolution_layer_1/seg_l5_output_convolution_layer_1/Squeeze
OP=Const
Name=point_net_1/seg_l5_output_convolution_layer_1/seg_l5_output_convolution_layer_1/Squeeze
Outpus:
	point_net_1/seg_l5_output_convolution_layer_1/seg_l5_output_convolution_layer_1/Squeeze:0=[12], 1
2026-01-29 09:12:58,855 - tf2onnx.tfonnx - DEBUG - Process node: point_net_1/seg_l4_128_convolution_layer_1/seg_l4_128_convolution_layer_1/convolution/merged_input
OP=Const
Name=point_net_1/seg_l4_128_convolution_layer_1/seg_l4_128_convolution_layer_1/convolution/merged_input
Outpus:
	point_net_1/seg_l4_128_convolution_layer_1/seg_l4_128_convolution_layer_1/convolution/merged_input:0=[1, 1, 128, 128], 1
2026-01-29 09:12:58,855 - tf2onnx.tfonnx - DEBUG - Process node: point_net_1/seg_l4_128_convolution_layer_1/batch_normalization_41_1/batchnorm/sub
OP=Const
Name=point_net_1/seg_l4_128_convolution_layer_1/batch_normalization_41_1/batchnorm/sub
Outpus:
	point_net_1/seg_l4_128_convolution_layer_1/batch_normalization_41_1/batchnorm/sub:0=[128], 1
2026-01-29 09:12:58,855 - tf2onnx.tfonnx - DEBUG - Process node: point_net_1/seg_l3_128_convolution_layer_1/seg_l3_128_convolution_layer_1/convolution/merged_input
OP=Const
Name=point_net_1/seg_l3_128_convolution_layer_1/seg_l3_128_convolution_layer_1/convolution/merged_input
Outpus:
	point_net_1/seg_l3_128_convolution_layer_1/seg_l3_128_convolution_layer_1/convolution/merged_input:0=[1, 1, 256, 128], 1
2026-01-29 09:12:58,856 - tf2onnx.tfonnx - DEBUG - Process node: point_net_1/seg_l3_128_convolution_layer_1/batch_normalization_40_1/batchnorm/sub
OP=Const
Name=point_net_1/seg_l3_128_convolution_layer_1/batch_normalization_40_1/batchnorm/sub
Outpus:
	point_net_1/seg_l3_128_convolution_layer_1/batch_normalization_40_1/batchnorm/sub:0=[128], 1
2026-01-29 09:12:58,856 - tf2onnx.tfonnx - DEBUG - Process node: point_net_1/seg_l2_256_convolution_layer_1/seg_l2_256_convolution_layer_1/convolution/merged_input
OP=Const
Name=point_net_1/seg_l2_256_convolution_layer_1/seg_l2_256_convolution_layer_1/convolution/merged_input
Outpus:
	point_net_1/seg_l2_256_convolution_layer_1/seg_l2_256_convolution_layer_1/convolution/merged_input:0=[1, 1, 512, 256], 1
2026-01-29 09:12:58,856 - tf2onnx.tfonnx - DEBUG - Process node: point_net_1/seg_l2_256_convolution_layer_1/batch_normalization_39_1/batchnorm/sub
OP=Const
Name=point_net_1/seg_l2_256_convolution_layer_1/batch_normalization_39_1/batchnorm/sub
Outpus:
	point_net_1/seg_l2_256_convolution_layer_1/batch_normalization_39_1/batchnorm/sub:0=[256], 1
2026-01-29 09:12:58,857 - tf2onnx.tfonnx - DEBUG - Process node: point_net_1/seg_l1_512_convolution_layer_1/seg_l1_512_convolution_layer_1/convolution/merged_input
OP=Const
Name=point_net_1/seg_l1_512_convolution_layer_1/seg_l1_512_convolution_layer_1/convolution/merged_input
Outpus:
	point_net_1/seg_l1_512_convolution_layer_1/seg_l1_512_convolution_layer_1/convolution/merged_input:0=[1, 1, 1088, 512], 1
2026-01-29 09:12:58,857 - tf2onnx.tfonnx - DEBUG - Process node: point_net_1/seg_l1_512_convolution_layer_1/batch_normalization_38_1/batchnorm/sub
OP=Const
Name=point_net_1/seg_l1_512_convolution_layer_1/batch_normalization_38_1/batchnorm/sub
Outpus:
	point_net_1/seg_l1_512_convolution_layer_1/batch_normalization_38_1/batchnorm/sub:0=[512], 1
2026-01-29 09:12:58,857 - tf2onnx.tfonnx - DEBUG - Process node: point_net_1/s3_l2_256_dense_layer_1/s3_l2_256_dense_layer_1/Cast/ReadVariableOp
OP=Const
Name=point_net_1/s3_l2_256_dense_layer_1/s3_l2_256_dense_layer_1/Cast/ReadVariableOp
Outpus:
	point_net_1/s3_l2_256_dense_layer_1/s3_l2_256_dense_layer_1/Cast/ReadVariableOp:0=[512, 256], 1
2026-01-29 09:12:58,857 - tf2onnx.tfonnx - DEBUG - Process node: point_net_1/s3_l2_256_dense_layer_1/batch_normalization_37_1/batchnorm/sub
OP=Const
Name=point_net_1/s3_l2_256_dense_layer_1/batch_normalization_37_1/batchnorm/sub
Outpus:
	point_net_1/s3_l2_256_dense_layer_1/batch_normalization_37_1/batchnorm/sub:0=[256], 1
2026-01-29 09:12:58,857 - tf2onnx.tfonnx - DEBUG - Process node: point_net_1/s3_l2_256_dense_layer_1/batch_normalization_37_1/batchnorm/mul
OP=Const
Name=point_net_1/s3_l2_256_dense_layer_1/batch_normalization_37_1/batchnorm/mul
Outpus:
	point_net_1/s3_l2_256_dense_layer_1/batch_normalization_37_1/batchnorm/mul:0=[256], 1
2026-01-29 09:12:58,858 - tf2onnx.tfonnx - DEBUG - Process node: point_net_1/s3_l1_512_dense_layer_1/s3_l1_512_dense_layer_1/Cast/ReadVariableOp
OP=Const
Name=point_net_1/s3_l1_512_dense_layer_1/s3_l1_512_dense_layer_1/Cast/ReadVariableOp
Outpus:
	point_net_1/s3_l1_512_dense_layer_1/s3_l1_512_dense_layer_1/Cast/ReadVariableOp:0=[1024, 512], 1
2026-01-29 09:12:58,858 - tf2onnx.tfonnx - DEBUG - Process node: point_net_1/s3_l1_512_dense_layer_1/batch_normalization_36_1/batchnorm/sub
OP=Const
Name=point_net_1/s3_l1_512_dense_layer_1/batch_normalization_36_1/batchnorm/sub
Outpus:
	point_net_1/s3_l1_512_dense_layer_1/batch_normalization_36_1/batchnorm/sub:0=[512], 1
2026-01-29 09:12:58,858 - tf2onnx.tfonnx - DEBUG - Process node: point_net_1/s3_l1_512_dense_layer_1/batch_normalization_36_1/batchnorm/mul
OP=Const
Name=point_net_1/s3_l1_512_dense_layer_1/batch_normalization_36_1/batchnorm/mul
Outpus:
	point_net_1/s3_l1_512_dense_layer_1/batch_normalization_36_1/batchnorm/mul:0=[512], 1
2026-01-29 09:12:58,859 - tf2onnx.tfonnx - DEBUG - Process node: point_net_1/s2_l3_1024_convolution_layer_1/s2_l3_1024_convolution_layer_1/convolution/merged_input
OP=Const
Name=point_net_1/s2_l3_1024_convolution_layer_1/s2_l3_1024_convolution_layer_1/convolution/merged_input
Outpus:
	point_net_1/s2_l3_1024_convolution_layer_1/s2_l3_1024_convolution_layer_1/convolution/merged_input:0=[1, 1, 128, 1024], 1
2026-01-29 09:12:58,859 - tf2onnx.tfonnx - DEBUG - Process node: point_net_1/s2_l3_1024_convolution_layer_1/batch_normalization_35_1/batchnorm/sub
OP=Const
Name=point_net_1/s2_l3_1024_convolution_layer_1/batch_normalization_35_1/batchnorm/sub
Outpus:
	point_net_1/s2_l3_1024_convolution_layer_1/batch_normalization_35_1/batchnorm/sub:0=[1024], 1
2026-01-29 09:12:58,859 - tf2onnx.tfonnx - DEBUG - Process node: point_net_1/s2_l2_128_convolution_layer_1/s2_l2_128_convolution_layer_1/convolution/merged_input
OP=Const
Name=point_net_1/s2_l2_128_convolution_layer_1/s2_l2_128_convolution_layer_1/convolution/merged_input
Outpus:
	point_net_1/s2_l2_128_convolution_layer_1/s2_l2_128_convolution_layer_1/convolution/merged_input:0=[1, 1, 64, 128], 1
2026-01-29 09:12:58,859 - tf2onnx.tfonnx - DEBUG - Process node: point_net_1/s2_l2_128_convolution_layer_1/batch_normalization_34_1/batchnorm/sub
OP=Const
Name=point_net_1/s2_l2_128_convolution_layer_1/batch_normalization_34_1/batchnorm/sub
Outpus:
	point_net_1/s2_l2_128_convolution_layer_1/batch_normalization_34_1/batchnorm/sub:0=[128], 1
2026-01-29 09:12:58,860 - tf2onnx.tfonnx - DEBUG - Process node: point_net_1/s2_l1_64_convolution_layer_1/s2_l1_64_convolution_layer_1/convolution/merged_input
OP=Const
Name=point_net_1/s2_l1_64_convolution_layer_1/s2_l1_64_convolution_layer_1/convolution/merged_input
Outpus:
	point_net_1/s2_l1_64_convolution_layer_1/s2_l1_64_convolution_layer_1/convolution/merged_input:0=[1, 1, 64, 64], 1
2026-01-29 09:12:58,861 - tf2onnx.tfonnx - DEBUG - Process node: point_net_1/s2_l1_64_convolution_layer_1/batch_normalization_33_1/batchnorm/sub
OP=Const
Name=point_net_1/s2_l1_64_convolution_layer_1/batch_normalization_33_1/batchnorm/sub
Outpus:
	point_net_1/s2_l1_64_convolution_layer_1/batch_normalization_33_1/batchnorm/sub:0=[64], 1
2026-01-29 09:12:58,861 - tf2onnx.tfonnx - DEBUG - Process node: point_net_1/s1_l2_64_convolution_layer_1/s1_l2_64_convolution_layer_1/convolution/merged_input
OP=Const
Name=point_net_1/s1_l2_64_convolution_layer_1/s1_l2_64_convolution_layer_1/convolution/merged_input
Outpus:
	point_net_1/s1_l2_64_convolution_layer_1/s1_l2_64_convolution_layer_1/convolution/merged_input:0=[1, 1, 64, 64], 1
2026-01-29 09:12:58,861 - tf2onnx.tfonnx - DEBUG - Process node: point_net_1/s1_l2_64_convolution_layer_1/batch_normalization_27_1/batchnorm/sub
OP=Const
Name=point_net_1/s1_l2_64_convolution_layer_1/batch_normalization_27_1/batchnorm/sub
Outpus:
	point_net_1/s1_l2_64_convolution_layer_1/batch_normalization_27_1/batchnorm/sub:0=[64], 1
2026-01-29 09:12:58,861 - tf2onnx.tfonnx - DEBUG - Process node: point_net_1/s1_l1_64_convolution_layer_1/s1_l1_64_convolution_layer_1/convolution/merged_input
OP=Const
Name=point_net_1/s1_l1_64_convolution_layer_1/s1_l1_64_convolution_layer_1/convolution/merged_input
Outpus:
	point_net_1/s1_l1_64_convolution_layer_1/s1_l1_64_convolution_layer_1/convolution/merged_input:0=[1, 1, 3, 64], 1
2026-01-29 09:12:58,862 - tf2onnx.tfonnx - DEBUG - Process node: point_net_1/s1_l1_64_convolution_layer_1/batch_normalization_26_1/batchnorm/sub
OP=Const
Name=point_net_1/s1_l1_64_convolution_layer_1/batch_normalization_26_1/batchnorm/sub
Outpus:
	point_net_1/s1_l1_64_convolution_layer_1/batch_normalization_26_1/batchnorm/sub:0=[64], 1
2026-01-29 09:12:58,862 - tf2onnx.tfonnx - DEBUG - Process node: point_net_1/output_dense_layer_1/output_dense_layer_1/Cast/ReadVariableOp
OP=Const
Name=point_net_1/output_dense_layer_1/output_dense_layer_1/Cast/ReadVariableOp
Outpus:
	point_net_1/output_dense_layer_1/output_dense_layer_1/Cast/ReadVariableOp:0=[256, 23], 1
2026-01-29 09:12:58,862 - tf2onnx.tfonnx - DEBUG - Process node: point_net_1/output_dense_layer_1/output_dense_layer_1/BiasAdd/ReadVariableOp
OP=Const
Name=point_net_1/output_dense_layer_1/output_dense_layer_1/BiasAdd/ReadVariableOp
Outpus:
	point_net_1/output_dense_layer_1/output_dense_layer_1/BiasAdd/ReadVariableOp:0=[23], 1
2026-01-29 09:12:58,862 - tf2onnx.tfonnx - DEBUG - Process node: point_net_1/input_transform_1/input_transform_dense_layer_2_dense_layer_1/input_transform_dense_layer_2_dense_layer_1/Cast/ReadVariableOp
OP=Const
Name=point_net_1/input_transform_1/input_transform_dense_layer_2_dense_layer_1/input_transform_dense_layer_2_dense_layer_1/Cast/ReadVariableOp
Outpus:
	point_net_1/input_transform_1/input_transform_dense_layer_2_dense_layer_1/input_transform_dense_layer_2_dense_layer_1/Cast/ReadVariableOp:0=[512, 256], 1
2026-01-29 09:12:58,862 - tf2onnx.tfonnx - DEBUG - Process node: point_net_1/input_transform_1/input_transform_dense_layer_2_dense_layer_1/batch_normalization_25_1/batchnorm/sub
OP=Const
Name=point_net_1/input_transform_1/input_transform_dense_layer_2_dense_layer_1/batch_normalization_25_1/batchnorm/sub
Outpus:
	point_net_1/input_transform_1/input_transform_dense_layer_2_dense_layer_1/batch_normalization_25_1/batchnorm/sub:0=[256], 1
2026-01-29 09:12:58,863 - tf2onnx.tfonnx - DEBUG - Process node: point_net_1/input_transform_1/input_transform_dense_layer_2_dense_layer_1/batch_normalization_25_1/batchnorm/mul
OP=Const
Name=point_net_1/input_transform_1/input_transform_dense_layer_2_dense_layer_1/batch_normalization_25_1/batchnorm/mul
Outpus:
	point_net_1/input_transform_1/input_transform_dense_layer_2_dense_layer_1/batch_normalization_25_1/batchnorm/mul:0=[256], 1
2026-01-29 09:12:58,863 - tf2onnx.tfonnx - DEBUG - Process node: point_net_1/input_transform_1/input_transform_dense_layer_1_dense_layer_1/input_transform_dense_layer_1_dense_layer_1/Cast/ReadVariableOp
OP=Const
Name=point_net_1/input_transform_1/input_transform_dense_layer_1_dense_layer_1/input_transform_dense_layer_1_dense_layer_1/Cast/ReadVariableOp
Outpus:
	point_net_1/input_transform_1/input_transform_dense_layer_1_dense_layer_1/input_transform_dense_layer_1_dense_layer_1/Cast/ReadVariableOp:0=[1024, 512], 1
2026-01-29 09:12:58,863 - tf2onnx.tfonnx - DEBUG - Process node: point_net_1/input_transform_1/input_transform_dense_layer_1_dense_layer_1/batch_normalization_24_1/batchnorm/sub
OP=Const
Name=point_net_1/input_transform_1/input_transform_dense_layer_1_dense_layer_1/batch_normalization_24_1/batchnorm/sub
Outpus:
	point_net_1/input_transform_1/input_transform_dense_layer_1_dense_layer_1/batch_normalization_24_1/batchnorm/sub:0=[512], 1
2026-01-29 09:12:58,863 - tf2onnx.tfonnx - DEBUG - Process node: point_net_1/input_transform_1/input_transform_dense_layer_1_dense_layer_1/batch_normalization_24_1/batchnorm/mul
OP=Const
Name=point_net_1/input_transform_1/input_transform_dense_layer_1_dense_layer_1/batch_normalization_24_1/batchnorm/mul
Outpus:
	point_net_1/input_transform_1/input_transform_dense_layer_1_dense_layer_1/batch_normalization_24_1/batchnorm/mul:0=[512], 1
2026-01-29 09:12:58,864 - tf2onnx.tfonnx - DEBUG - Process node: point_net_1/input_transform_1/input_transform_convolution_layer_3_convolution_layer_1/input_transform_convolution_layer_3_convolution_layer_1/convolution/merged_input
OP=Const
Name=point_net_1/input_transform_1/input_transform_convolution_layer_3_convolution_layer_1/input_transform_convolution_layer_3_convolution_layer_1/convolution/merged_input
Outpus:
	point_net_1/input_transform_1/input_transform_convolution_layer_3_convolution_layer_1/input_transform_convolution_layer_3_convolution_layer_1/convolution/merged_input:0=[1, 1, 128, 1024], 1
2026-01-29 09:12:58,864 - tf2onnx.tfonnx - DEBUG - Process node: point_net_1/input_transform_1/input_transform_convolution_layer_3_convolution_layer_1/batch_normalization_23_1/batchnorm/sub
OP=Const
Name=point_net_1/input_transform_1/input_transform_convolution_layer_3_convolution_layer_1/batch_normalization_23_1/batchnorm/sub
Outpus:
	point_net_1/input_transform_1/input_transform_convolution_layer_3_convolution_layer_1/batch_normalization_23_1/batchnorm/sub:0=[1024], 1
2026-01-29 09:12:58,864 - tf2onnx.tfonnx - DEBUG - Process node: point_net_1/input_transform_1/input_transform_convolution_layer_2_convolution_layer_1/input_transform_convolution_layer_2_convolution_layer_1/convolution/merged_input
OP=Const
Name=point_net_1/input_transform_1/input_transform_convolution_layer_2_convolution_layer_1/input_transform_convolution_layer_2_convolution_layer_1/convolution/merged_input
Outpus:
	point_net_1/input_transform_1/input_transform_convolution_layer_2_convolution_layer_1/input_transform_convolution_layer_2_convolution_layer_1/convolution/merged_input:0=[1, 1, 64, 128], 1
2026-01-29 09:12:58,864 - tf2onnx.tfonnx - DEBUG - Process node: point_net_1/input_transform_1/input_transform_convolution_layer_2_convolution_layer_1/batch_normalization_22_1/batchnorm/sub
OP=Const
Name=point_net_1/input_transform_1/input_transform_convolution_layer_2_convolution_layer_1/batch_normalization_22_1/batchnorm/sub
Outpus:
	point_net_1/input_transform_1/input_transform_convolution_layer_2_convolution_layer_1/batch_normalization_22_1/batchnorm/sub:0=[128], 1
2026-01-29 09:12:58,864 - tf2onnx.tfonnx - DEBUG - Process node: point_net_1/input_transform_1/input_transform_convolution_layer_1_convolution_layer_1/input_transform_convolution_layer_1_convolution_layer_1/convolution/merged_input
OP=Const
Name=point_net_1/input_transform_1/input_transform_convolution_layer_1_convolution_layer_1/input_transform_convolution_layer_1_convolution_layer_1/convolution/merged_input
Outpus:
	point_net_1/input_transform_1/input_transform_convolution_layer_1_convolution_layer_1/input_transform_convolution_layer_1_convolution_layer_1/convolution/merged_input:0=[1, 1, 3, 64], 1
2026-01-29 09:12:58,865 - tf2onnx.tfonnx - DEBUG - Process node: point_net_1/input_transform_1/input_transform_convolution_layer_1_convolution_layer_1/batch_normalization_21_1/batchnorm/sub
OP=Const
Name=point_net_1/input_transform_1/input_transform_convolution_layer_1_convolution_layer_1/batch_normalization_21_1/batchnorm/sub
Outpus:
	point_net_1/input_transform_1/input_transform_convolution_layer_1_convolution_layer_1/batch_normalization_21_1/batchnorm/sub:0=[64], 1
2026-01-29 09:12:58,865 - tf2onnx.tfonnx - DEBUG - Process node: point_net_1/input_transform_1/add/ReadVariableOp
OP=Const
Name=point_net_1/input_transform_1/add/ReadVariableOp
Outpus:
	point_net_1/input_transform_1/add/ReadVariableOp:0=[3, 3], 1
2026-01-29 09:12:58,865 - tf2onnx.tfonnx - DEBUG - Process node: point_net_1/input_transform_1/Reshape/shape
OP=Const
Name=point_net_1/input_transform_1/Reshape/shape
Outpus:
	point_net_1/input_transform_1/Reshape/shape:0=[3], 6
2026-01-29 09:12:58,865 - tf2onnx.tfonnx - DEBUG - Process node: point_net_1/input_transform_1/Max/reduction_indices
OP=Const
Name=point_net_1/input_transform_1/Max/reduction_indices
Outpus:
	point_net_1/input_transform_1/Max/reduction_indices:0=[], 6
2026-01-29 09:12:58,865 - tf2onnx.tfonnx - DEBUG - Process node: point_net_1/input_transform_1/MatMul/ReadVariableOp
OP=Const
Name=point_net_1/input_transform_1/MatMul/ReadVariableOp
Outpus:
	point_net_1/input_transform_1/MatMul/ReadVariableOp:0=[256, 9], 1
2026-01-29 09:12:58,866 - tf2onnx.tfonnx - DEBUG - Process node: point_net_1/input_transform_1/ExpandDims_1/dim
OP=Const
Name=point_net_1/input_transform_1/ExpandDims_1/dim
Outpus:
	point_net_1/input_transform_1/ExpandDims_1/dim:0=[], 6
2026-01-29 09:12:58,866 - tf2onnx.tfonnx - DEBUG - Process node: point_net_1/input_transform_1/ExpandDims/dim
OP=Const
Name=point_net_1/input_transform_1/ExpandDims/dim
Outpus:
	point_net_1/input_transform_1/ExpandDims/dim:0=[], 6
2026-01-29 09:12:58,866 - tf2onnx.tfonnx - DEBUG - Process node: point_net_1/input_normalization_1/Sum/reduction_indices
OP=Const
Name=point_net_1/input_normalization_1/Sum/reduction_indices
Outpus:
	point_net_1/input_normalization_1/Sum/reduction_indices:0=[], 6
2026-01-29 09:12:58,867 - tf2onnx.tfonnx - DEBUG - Process node: point_net_1/input_normalization_1/Mean/reduction_indices
OP=Const
Name=point_net_1/input_normalization_1/Mean/reduction_indices
Outpus:
	point_net_1/input_normalization_1/Mean/reduction_indices:0=[], 6
2026-01-29 09:12:58,867 - tf2onnx.tfonnx - DEBUG - Process node: point_net_1/input_normalization_1/Maximum/y
OP=Const
Name=point_net_1/input_normalization_1/Maximum/y
Outpus:
	point_net_1/input_normalization_1/Maximum/y:0=[], 1
2026-01-29 09:12:58,867 - tf2onnx.tfonnx - DEBUG - Process node: point_net_1/input_normalization_1/Max/reduction_indices
OP=Const
Name=point_net_1/input_normalization_1/Max/reduction_indices
Outpus:
	point_net_1/input_normalization_1/Max/reduction_indices:0=[], 6
2026-01-29 09:12:58,867 - tf2onnx.tfonnx - DEBUG - Process node: point_net_1/input_normalization_1/ExpandDims/dim
OP=Const
Name=point_net_1/input_normalization_1/ExpandDims/dim
Outpus:
	point_net_1/input_normalization_1/ExpandDims/dim:0=[], 6
2026-01-29 09:12:58,867 - tf2onnx.tfonnx - DEBUG - Process node: point_net_1/feature_transform_1/feature_transform_dense_layer_2_dense_layer_1/feature_transform_dense_layer_2_dense_layer_1/Cast/ReadVariableOp
OP=Const
Name=point_net_1/feature_transform_1/feature_transform_dense_layer_2_dense_layer_1/feature_transform_dense_layer_2_dense_layer_1/Cast/ReadVariableOp
Outpus:
	point_net_1/feature_transform_1/feature_transform_dense_layer_2_dense_layer_1/feature_transform_dense_layer_2_dense_layer_1/Cast/ReadVariableOp:0=[512, 256], 1
2026-01-29 09:12:58,868 - tf2onnx.tfonnx - DEBUG - Process node: point_net_1/feature_transform_1/feature_transform_dense_layer_2_dense_layer_1/batch_normalization_32_1/batchnorm/sub
OP=Const
Name=point_net_1/feature_transform_1/feature_transform_dense_layer_2_dense_layer_1/batch_normalization_32_1/batchnorm/sub
Outpus:
	point_net_1/feature_transform_1/feature_transform_dense_layer_2_dense_layer_1/batch_normalization_32_1/batchnorm/sub:0=[256], 1
2026-01-29 09:12:58,868 - tf2onnx.tfonnx - DEBUG - Process node: point_net_1/feature_transform_1/feature_transform_dense_layer_2_dense_layer_1/batch_normalization_32_1/batchnorm/mul
OP=Const
Name=point_net_1/feature_transform_1/feature_transform_dense_layer_2_dense_layer_1/batch_normalization_32_1/batchnorm/mul
Outpus:
	point_net_1/feature_transform_1/feature_transform_dense_layer_2_dense_layer_1/batch_normalization_32_1/batchnorm/mul:0=[256], 1
2026-01-29 09:12:58,868 - tf2onnx.tfonnx - DEBUG - Process node: point_net_1/feature_transform_1/feature_transform_dense_layer_1_dense_layer_1/feature_transform_dense_layer_1_dense_layer_1/Cast/ReadVariableOp
OP=Const
Name=point_net_1/feature_transform_1/feature_transform_dense_layer_1_dense_layer_1/feature_transform_dense_layer_1_dense_layer_1/Cast/ReadVariableOp
Outpus:
	point_net_1/feature_transform_1/feature_transform_dense_layer_1_dense_layer_1/feature_transform_dense_layer_1_dense_layer_1/Cast/ReadVariableOp:0=[1024, 512], 1
2026-01-29 09:12:58,868 - tf2onnx.tfonnx - DEBUG - Process node: point_net_1/feature_transform_1/feature_transform_dense_layer_1_dense_layer_1/batch_normalization_31_1/batchnorm/sub
OP=Const
Name=point_net_1/feature_transform_1/feature_transform_dense_layer_1_dense_layer_1/batch_normalization_31_1/batchnorm/sub
Outpus:
	point_net_1/feature_transform_1/feature_transform_dense_layer_1_dense_layer_1/batch_normalization_31_1/batchnorm/sub:0=[512], 1
2026-01-29 09:12:58,869 - tf2onnx.tfonnx - DEBUG - Process node: point_net_1/feature_transform_1/feature_transform_dense_layer_1_dense_layer_1/batch_normalization_31_1/batchnorm/mul
OP=Const
Name=point_net_1/feature_transform_1/feature_transform_dense_layer_1_dense_layer_1/batch_normalization_31_1/batchnorm/mul
Outpus:
	point_net_1/feature_transform_1/feature_transform_dense_layer_1_dense_layer_1/batch_normalization_31_1/batchnorm/mul:0=[512], 1
2026-01-29 09:12:58,869 - tf2onnx.tfonnx - DEBUG - Process node: point_net_1/feature_transform_1/feature_transform_convolution_layer_3_convolution_layer_1/feature_transform_convolution_layer_3_convolution_layer_1/convolution/merged_input
OP=Const
Name=point_net_1/feature_transform_1/feature_transform_convolution_layer_3_convolution_layer_1/feature_transform_convolution_layer_3_convolution_layer_1/convolution/merged_input
Outpus:
	point_net_1/feature_transform_1/feature_transform_convolution_layer_3_convolution_layer_1/feature_transform_convolution_layer_3_convolution_layer_1/convolution/merged_input:0=[1, 1, 128, 1024], 1
2026-01-29 09:12:58,869 - tf2onnx.tfonnx - DEBUG - Process node: point_net_1/feature_transform_1/feature_transform_convolution_layer_3_convolution_layer_1/batch_normalization_30_1/batchnorm/sub
OP=Const
Name=point_net_1/feature_transform_1/feature_transform_convolution_layer_3_convolution_layer_1/batch_normalization_30_1/batchnorm/sub
Outpus:
	point_net_1/feature_transform_1/feature_transform_convolution_layer_3_convolution_layer_1/batch_normalization_30_1/batchnorm/sub:0=[1024], 1
2026-01-29 09:12:58,869 - tf2onnx.tfonnx - DEBUG - Process node: point_net_1/feature_transform_1/feature_transform_convolution_layer_2_convolution_layer_1/feature_transform_convolution_layer_2_convolution_layer_1/convolution/merged_input
OP=Const
Name=point_net_1/feature_transform_1/feature_transform_convolution_layer_2_convolution_layer_1/feature_transform_convolution_layer_2_convolution_layer_1/convolution/merged_input
Outpus:
	point_net_1/feature_transform_1/feature_transform_convolution_layer_2_convolution_layer_1/feature_transform_convolution_layer_2_convolution_layer_1/convolution/merged_input:0=[1, 1, 64, 128], 1
2026-01-29 09:12:58,869 - tf2onnx.tfonnx - DEBUG - Process node: point_net_1/feature_transform_1/feature_transform_convolution_layer_2_convolution_layer_1/batch_normalization_29_1/batchnorm/sub
OP=Const
Name=point_net_1/feature_transform_1/feature_transform_convolution_layer_2_convolution_layer_1/batch_normalization_29_1/batchnorm/sub
Outpus:
	point_net_1/feature_transform_1/feature_transform_convolution_layer_2_convolution_layer_1/batch_normalization_29_1/batchnorm/sub:0=[128], 1
2026-01-29 09:12:58,870 - tf2onnx.tfonnx - DEBUG - Process node: point_net_1/feature_transform_1/feature_transform_convolution_layer_1_convolution_layer_1/feature_transform_convolution_layer_1_convolution_layer_1/convolution/merged_input
OP=Const
Name=point_net_1/feature_transform_1/feature_transform_convolution_layer_1_convolution_layer_1/feature_transform_convolution_layer_1_convolution_layer_1/convolution/merged_input
Outpus:
	point_net_1/feature_transform_1/feature_transform_convolution_layer_1_convolution_layer_1/feature_transform_convolution_layer_1_convolution_layer_1/convolution/merged_input:0=[1, 1, 64, 64], 1
2026-01-29 09:12:58,870 - tf2onnx.tfonnx - DEBUG - Process node: point_net_1/feature_transform_1/feature_transform_convolution_layer_1_convolution_layer_1/batch_normalization_28_1/batchnorm/sub
OP=Const
Name=point_net_1/feature_transform_1/feature_transform_convolution_layer_1_convolution_layer_1/batch_normalization_28_1/batchnorm/sub
Outpus:
	point_net_1/feature_transform_1/feature_transform_convolution_layer_1_convolution_layer_1/batch_normalization_28_1/batchnorm/sub:0=[64], 1
2026-01-29 09:12:58,870 - tf2onnx.tfonnx - DEBUG - Process node: point_net_1/feature_transform_1/add/ReadVariableOp
OP=Const
Name=point_net_1/feature_transform_1/add/ReadVariableOp
Outpus:
	point_net_1/feature_transform_1/add/ReadVariableOp:0=[64, 64], 1
2026-01-29 09:12:58,870 - tf2onnx.tfonnx - DEBUG - Process node: point_net_1/feature_transform_1/Reshape/shape
OP=Const
Name=point_net_1/feature_transform_1/Reshape/shape
Outpus:
	point_net_1/feature_transform_1/Reshape/shape:0=[3], 6
2026-01-29 09:12:58,870 - tf2onnx.tfonnx - DEBUG - Process node: point_net_1/feature_transform_1/Max/reduction_indices
OP=Const
Name=point_net_1/feature_transform_1/Max/reduction_indices
Outpus:
	point_net_1/feature_transform_1/Max/reduction_indices:0=[], 6
2026-01-29 09:12:58,871 - tf2onnx.tfonnx - DEBUG - Process node: point_net_1/feature_transform_1/MatMul/ReadVariableOp
OP=Const
Name=point_net_1/feature_transform_1/MatMul/ReadVariableOp
Outpus:
	point_net_1/feature_transform_1/MatMul/ReadVariableOp:0=[256, 4096], 1
2026-01-29 09:12:58,871 - tf2onnx.tfonnx - DEBUG - Process node: point_net_1/feature_transform_1/ExpandDims_1/dim
OP=Const
Name=point_net_1/feature_transform_1/ExpandDims_1/dim
Outpus:
	point_net_1/feature_transform_1/ExpandDims_1/dim:0=[], 6
2026-01-29 09:12:58,871 - tf2onnx.tfonnx - DEBUG - Process node: point_net_1/feature_transform_1/ExpandDims/dim
OP=Const
Name=point_net_1/feature_transform_1/ExpandDims/dim
Outpus:
	point_net_1/feature_transform_1/ExpandDims/dim:0=[], 6
2026-01-29 09:12:58,871 - tf2onnx.tfonnx - DEBUG - Process node: point_net_1/concat/axis
OP=Const
Name=point_net_1/concat/axis
Outpus:
	point_net_1/concat/axis:0=[], 6
2026-01-29 09:12:58,872 - tf2onnx.tfonnx - DEBUG - Process node: point_net_1/Tile/multiples
OP=Const
Name=point_net_1/Tile/multiples
Outpus:
	point_net_1/Tile/multiples:0=[3], 6
2026-01-29 09:12:58,872 - tf2onnx.tfonnx - DEBUG - Process node: point_net_1/Max/reduction_indices
OP=Const
Name=point_net_1/Max/reduction_indices
Outpus:
	point_net_1/Max/reduction_indices:0=[], 6
2026-01-29 09:12:58,872 - tf2onnx.tfonnx - DEBUG - Process node: point_net_1/ExpandDims_3/dim
OP=Const
Name=point_net_1/ExpandDims_3/dim
Outpus:
	point_net_1/ExpandDims_3/dim:0=[], 6
2026-01-29 09:12:58,872 - tf2onnx.tfonnx - DEBUG - Process node: point_net_1/ExpandDims_2/dim
OP=Const
Name=point_net_1/ExpandDims_2/dim
Outpus:
	point_net_1/ExpandDims_2/dim:0=[], 6
2026-01-29 09:12:58,872 - tf2onnx.tfonnx - DEBUG - Process node: point_net_1/ExpandDims_1/dim
OP=Const
Name=point_net_1/ExpandDims_1/dim
Outpus:
	point_net_1/ExpandDims_1/dim:0=[], 6
2026-01-29 09:12:58,872 - tf2onnx.tfonnx - DEBUG - Process node: point_net_1/ExpandDims/dim
OP=Const
Name=point_net_1/ExpandDims/dim
Outpus:
	point_net_1/ExpandDims/dim:0=[], 6
2026-01-29 09:12:58,873 - tf2onnx.tfonnx - DEBUG - Process node: args_0
OP=Placeholder
Name=args_0
Outpus:
	args_0=[-1, 8192, 3], 1
2026-01-29 09:12:58,873 - tf2onnx.tfonnx - DEBUG - Process node: point_net_1/input_normalization_1/Mean
OP=Mean
Name=point_net_1/input_normalization_1/Mean
Inputs:
	args_0=Placeholder, [-1, 8192, 3], 1
	point_net_1/input_normalization_1/Mean/reduction_indices:0=Const, [], 6
Outpus:
	point_net_1/input_normalization_1/Mean:0=[-1, 1, 3], 1
2026-01-29 09:12:58,873 - tf2onnx.tfonnx - DEBUG - Process node: point_net_1/input_normalization_1/sub
OP=Sub
Name=point_net_1/input_normalization_1/sub
Inputs:
	args_0=Placeholder, [-1, 8192, 3], 1
	point_net_1/input_normalization_1/Mean:0=ReduceMean, [-1, 1, 3], 1
Outpus:
	point_net_1/input_normalization_1/sub:0=[-1, 8192, 3], 1
2026-01-29 09:12:58,874 - tf2onnx.tfonnx - DEBUG - Process node: point_net_1/input_normalization_1/Square
OP=Square
Name=point_net_1/input_normalization_1/Square
Inputs:
	point_net_1/input_normalization_1/sub:0=Sub, [-1, 8192, 3], 1
Outpus:
	point_net_1/input_normalization_1/Square:0=[-1, 8192, 3], 1
2026-01-29 09:12:58,874 - tf2onnx.tfonnx - DEBUG - Process node: point_net_1/input_normalization_1/Sum
OP=Sum
Name=point_net_1/input_normalization_1/Sum
Inputs:
	point_net_1/input_normalization_1/Square:0=Mul, [-1, 8192, 3], 1
	point_net_1/input_normalization_1/Sum/reduction_indices:0=Const, [], 6
Outpus:
	point_net_1/input_normalization_1/Sum:0=[-1, 8192], 1
2026-01-29 09:12:58,874 - tf2onnx.graph - DEBUG - Making node: Name=point_net_1/input_normalization_1/Sum__181, OP=Cast
2026-01-29 09:12:58,874 - tf2onnx.graph - DEBUG - Infer shape and dtype for [point_net_1/input_normalization_1/Sum__181]
2026-01-29 09:12:58,875 - tf2onnx.graph - DEBUG - Set dtype of [point_net_1/input_normalization_1/Sum__181:0] to 7
2026-01-29 09:12:58,875 - tf2onnx.graph - DEBUG - Set shape of [point_net_1/input_normalization_1/Sum__181:0] to []
2026-01-29 09:12:58,875 - tf2onnx.graph - DEBUG - Made node: point_net_1/input_normalization_1/Sum__181
OP=Cast
Name=point_net_1/input_normalization_1/Sum__181
Inputs:
	point_net_1/input_normalization_1/Sum/reduction_indices:0=Const, [], 6
Outpus:
	point_net_1/input_normalization_1/Sum__181:0=[], 7
2026-01-29 09:12:58,875 - tf2onnx.graph - DEBUG - Making node: Name=reshape_const__182, OP=Const
2026-01-29 09:12:58,875 - tf2onnx.graph - DEBUG - Made node: reshape_const__182
OP=Const
Name=reshape_const__182
Outpus:
	reshape_const__182=None, 7
2026-01-29 09:12:58,876 - tf2onnx.graph - DEBUG - Making node: Name=point_net_1/input_normalization_1/Sum__183, OP=Reshape
2026-01-29 09:12:58,876 - tf2onnx.graph - DEBUG - Infer shape and dtype for [point_net_1/input_normalization_1/Sum__183]
2026-01-29 09:12:58,877 - tf2onnx.graph - DEBUG - Set dtype of [point_net_1/input_normalization_1/Sum__183:0] to 7
2026-01-29 09:12:58,877 - tf2onnx.graph - DEBUG - Set shape of [point_net_1/input_normalization_1/Sum__183:0] to [1]
2026-01-29 09:12:58,877 - tf2onnx.graph - DEBUG - Made node: point_net_1/input_normalization_1/Sum__183
OP=Reshape
Name=point_net_1/input_normalization_1/Sum__183
Inputs:
	point_net_1/input_normalization_1/Sum__181:0=Cast, [], 7
	reshape_const__182=Const, [1], 7
Outpus:
	point_net_1/input_normalization_1/Sum__183:0=[1], 7
2026-01-29 09:12:58,878 - tf2onnx.tfonnx - DEBUG - Process node: point_net_1/input_normalization_1/Sqrt
OP=Sqrt
Name=point_net_1/input_normalization_1/Sqrt
Inputs:
	point_net_1/input_normalization_1/Sum:0=ReduceSum, [-1, 8192], 1
Outpus:
	point_net_1/input_normalization_1/Sqrt:0=[-1, 8192], 1
2026-01-29 09:12:58,878 - tf2onnx.tfonnx - DEBUG - Process node: point_net_1/input_normalization_1/Max
OP=Max
Name=point_net_1/input_normalization_1/Max
Inputs:
	point_net_1/input_normalization_1/Sqrt:0=Sqrt, [-1, 8192], 1
	point_net_1/input_normalization_1/Max/reduction_indices:0=Const, [], 6
Outpus:
	point_net_1/input_normalization_1/Max:0=[-1, 1], 1
2026-01-29 09:12:58,878 - tf2onnx.tfonnx - DEBUG - Process node: point_net_1/input_normalization_1/ExpandDims
OP=ExpandDims
Name=point_net_1/input_normalization_1/ExpandDims
Inputs:
	point_net_1/input_normalization_1/Max:0=ReduceMax, [-1, 1], 1
	point_net_1/input_normalization_1/ExpandDims/dim:0=Const, [], 6
Outpus:
	point_net_1/input_normalization_1/ExpandDims:0=[-1, 1, 1], 1
2026-01-29 09:12:58,879 - tf2onnx.graph - DEBUG - Making node: Name=point_net_1/input_normalization_1/ExpandDims__184, OP=Cast
2026-01-29 09:12:58,879 - tf2onnx.graph - DEBUG - Infer shape and dtype for [point_net_1/input_normalization_1/ExpandDims__184]
2026-01-29 09:12:58,879 - tf2onnx.graph - DEBUG - Set dtype of [point_net_1/input_normalization_1/ExpandDims__184:0] to 7
2026-01-29 09:12:58,879 - tf2onnx.graph - DEBUG - Set shape of [point_net_1/input_normalization_1/ExpandDims__184:0] to []
2026-01-29 09:12:58,880 - tf2onnx.graph - DEBUG - Made node: point_net_1/input_normalization_1/ExpandDims__184
OP=Cast
Name=point_net_1/input_normalization_1/ExpandDims__184
Inputs:
	point_net_1/input_normalization_1/ExpandDims/dim:0=Const, [], 6
Outpus:
	point_net_1/input_normalization_1/ExpandDims__184:0=[], 7
2026-01-29 09:12:58,880 - tf2onnx.graph - DEBUG - Making node: Name=reshape_const__185, OP=Const
2026-01-29 09:12:58,880 - tf2onnx.graph - DEBUG - Made node: reshape_const__185
OP=Const
Name=reshape_const__185
Outpus:
	reshape_const__185=None, 7
2026-01-29 09:12:58,880 - tf2onnx.graph - DEBUG - Making node: Name=Reshape__186, OP=Reshape
2026-01-29 09:12:58,880 - tf2onnx.graph - DEBUG - Infer shape and dtype for [Reshape__186]
2026-01-29 09:12:58,881 - tf2onnx.graph - DEBUG - Set dtype of [Reshape__186:0] to 7
2026-01-29 09:12:58,881 - tf2onnx.graph - DEBUG - Set shape of [Reshape__186:0] to [1]
2026-01-29 09:12:58,881 - tf2onnx.graph - DEBUG - Made node: Reshape__186
OP=Reshape
Name=Reshape__186
Inputs:
	point_net_1/input_normalization_1/ExpandDims__184:0=Cast, [], 7
	reshape_const__185=Const, [1], 7
Outpus:
	Reshape__186:0=[1], 7
2026-01-29 09:12:58,881 - tf2onnx.tfonnx - DEBUG - Process node: point_net_1/input_normalization_1/Maximum
OP=Maximum
Name=point_net_1/input_normalization_1/Maximum
Inputs:
	point_net_1/input_normalization_1/ExpandDims:0=Unsqueeze, [-1, 1, 1], 1
	point_net_1/input_normalization_1/Maximum/y:0=Const, [], 1
Outpus:
	point_net_1/input_normalization_1/Maximum:0=[-1, 1, 1], 1
2026-01-29 09:12:58,882 - tf2onnx.tfonnx - DEBUG - Process node: point_net_1/input_normalization_1/truediv
OP=RealDiv
Name=point_net_1/input_normalization_1/truediv
Inputs:
	point_net_1/input_normalization_1/sub:0=Sub, [-1, 8192, 3], 1
	point_net_1/input_normalization_1/Maximum:0=Max, [-1, 1, 1], 1
Outpus:
	point_net_1/input_normalization_1/truediv:0=[-1, 8192, 3], 1
2026-01-29 09:12:58,882 - tf2onnx.tfonnx - DEBUG - Process node: point_net_1/input_transform_1/ExpandDims
OP=ExpandDims
Name=point_net_1/input_transform_1/ExpandDims
Inputs:
	point_net_1/input_normalization_1/truediv:0=Div, [-1, 8192, 3], 1
	point_net_1/input_transform_1/ExpandDims/dim:0=Const, [], 6
Outpus:
	point_net_1/input_transform_1/ExpandDims:0=[-1, 8192, 1, 3], 1
2026-01-29 09:12:58,882 - tf2onnx.graph - DEBUG - Making node: Name=point_net_1/input_transform_1/ExpandDims__187, OP=Cast
2026-01-29 09:12:58,882 - tf2onnx.graph - DEBUG - Infer shape and dtype for [point_net_1/input_transform_1/ExpandDims__187]
2026-01-29 09:12:58,882 - tf2onnx.graph - DEBUG - Set dtype of [point_net_1/input_transform_1/ExpandDims__187:0] to 7
2026-01-29 09:12:58,883 - tf2onnx.graph - DEBUG - Set shape of [point_net_1/input_transform_1/ExpandDims__187:0] to []
2026-01-29 09:12:58,883 - tf2onnx.graph - DEBUG - Made node: point_net_1/input_transform_1/ExpandDims__187
OP=Cast
Name=point_net_1/input_transform_1/ExpandDims__187
Inputs:
	point_net_1/input_transform_1/ExpandDims/dim:0=Const, [], 6
Outpus:
	point_net_1/input_transform_1/ExpandDims__187:0=[], 7
2026-01-29 09:12:58,883 - tf2onnx.graph - DEBUG - Making node: Name=reshape_const__188, OP=Const
2026-01-29 09:12:58,883 - tf2onnx.graph - DEBUG - Made node: reshape_const__188
OP=Const
Name=reshape_const__188
Outpus:
	reshape_const__188=None, 7
2026-01-29 09:12:58,883 - tf2onnx.graph - DEBUG - Making node: Name=Reshape__189, OP=Reshape
2026-01-29 09:12:58,884 - tf2onnx.graph - DEBUG - Infer shape and dtype for [Reshape__189]
2026-01-29 09:12:58,884 - tf2onnx.graph - DEBUG - Set dtype of [Reshape__189:0] to 7
2026-01-29 09:12:58,884 - tf2onnx.graph - DEBUG - Set shape of [Reshape__189:0] to [1]
2026-01-29 09:12:58,884 - tf2onnx.graph - DEBUG - Made node: Reshape__189
OP=Reshape
Name=Reshape__189
Inputs:
	point_net_1/input_transform_1/ExpandDims__187:0=Cast, [], 7
	reshape_const__188=Const, [1], 7
Outpus:
	Reshape__189:0=[1], 7
2026-01-29 09:12:58,885 - tf2onnx.tfonnx - DEBUG - Process node: point_net_1/input_transform_1/input_transform_convolution_layer_1_convolution_layer_1/batch_normalization_21_1/batchnorm/mul_1
OP=Conv2D
Name=point_net_1/input_transform_1/input_transform_convolution_layer_1_convolution_layer_1/batch_normalization_21_1/batchnorm/mul_1
Inputs:
	point_net_1/input_transform_1/ExpandDims:0=Unsqueeze, [-1, 8192, 1, 3], 1
	point_net_1/input_transform_1/input_transform_convolution_layer_1_convolution_layer_1/input_transform_convolution_layer_1_convolution_layer_1/convolution/merged_input:0=Const, [1, 1, 3, 64], 1
Outpus:
	point_net_1/input_transform_1/input_transform_convolution_layer_1_convolution_layer_1/batch_normalization_21_1/batchnorm/mul_1:0=[-1, 8192, 1, 64], 1
2026-01-29 09:12:58,885 - tf2onnx.graph - DEBUG - Making node: Name=point_net_1/input_transform_1/input_transform_convolution_layer_1_convolution_layer_1/batch_normalization_21_1/batchnorm/mul_1__190, OP=Transpose
2026-01-29 09:12:58,885 - tf2onnx.graph - DEBUG - Infer shape and dtype for [point_net_1/input_transform_1/input_transform_convolution_layer_1_convolution_layer_1/batch_normalization_21_1/batchnorm/mul_1__190]
2026-01-29 09:12:58,886 - tf2onnx.graph - DEBUG - Set dtype of [point_net_1/input_transform_1/input_transform_convolution_layer_1_convolution_layer_1/batch_normalization_21_1/batchnorm/mul_1__190:0] to 1
2026-01-29 09:12:58,886 - tf2onnx.graph - DEBUG - Set shape of [point_net_1/input_transform_1/input_transform_convolution_layer_1_convolution_layer_1/batch_normalization_21_1/batchnorm/mul_1__190:0] to [3, 1, 8192, -1]
2026-01-29 09:12:58,886 - tf2onnx.graph - DEBUG - Made node: point_net_1/input_transform_1/input_transform_convolution_layer_1_convolution_layer_1/batch_normalization_21_1/batchnorm/mul_1__190
OP=Transpose
Name=point_net_1/input_transform_1/input_transform_convolution_layer_1_convolution_layer_1/batch_normalization_21_1/batchnorm/mul_1__190
Inputs:
	point_net_1/input_transform_1/ExpandDims:0=Unsqueeze, [-1, 8192, 1, 3], 1
Outpus:
	point_net_1/input_transform_1/input_transform_convolution_layer_1_convolution_layer_1/batch_normalization_21_1/batchnorm/mul_1__190:0=[3, 1, 8192, -1], 1
2026-01-29 09:12:58,886 - tf2onnx.graph - DEBUG - Making node: Name=point_net_1/input_transform_1/input_transform_convolution_layer_1_convolution_layer_1/batch_normalization_21_1/batchnorm/mul_1__192, OP=Transpose
2026-01-29 09:12:58,887 - tf2onnx.graph - DEBUG - Infer shape and dtype for [point_net_1/input_transform_1/input_transform_convolution_layer_1_convolution_layer_1/batch_normalization_21_1/batchnorm/mul_1__192]
2026-01-29 09:12:58,887 - tf2onnx.graph - DEBUG - Set dtype of [point_net_1/input_transform_1/input_transform_convolution_layer_1_convolution_layer_1/batch_normalization_21_1/batchnorm/mul_1__192:0] to 1
2026-01-29 09:12:58,887 - tf2onnx.graph - DEBUG - Set shape of [point_net_1/input_transform_1/input_transform_convolution_layer_1_convolution_layer_1/batch_normalization_21_1/batchnorm/mul_1__192:0] to [64, 1, 8192, -1]
2026-01-29 09:12:58,887 - tf2onnx.graph - DEBUG - Made node: point_net_1/input_transform_1/input_transform_convolution_layer_1_convolution_layer_1/batch_normalization_21_1/batchnorm/mul_1__192
OP=Transpose
Name=point_net_1/input_transform_1/input_transform_convolution_layer_1_convolution_layer_1/batch_normalization_21_1/batchnorm/mul_1__192
Inputs:
	point_net_1/input_transform_1/input_transform_convolution_layer_1_convolution_layer_1/batch_normalization_21_1/batchnorm/mul_1:0=Conv, [-1, 8192, 1, 64], 1
Outpus:
	point_net_1/input_transform_1/input_transform_convolution_layer_1_convolution_layer_1/batch_normalization_21_1/batchnorm/mul_1__192:0=[64, 1, 8192, -1], 1
2026-01-29 09:12:58,888 - tf2onnx.tfonnx - DEBUG - Process node: point_net_1/input_transform_1/input_transform_convolution_layer_1_convolution_layer_1/batch_normalization_21_1/batchnorm/add_1
OP=AddV2
Name=point_net_1/input_transform_1/input_transform_convolution_layer_1_convolution_layer_1/batch_normalization_21_1/batchnorm/add_1
Inputs:
	point_net_1/input_transform_1/input_transform_convolution_layer_1_convolution_layer_1/batch_normalization_21_1/batchnorm/mul_1__192:0=Transpose, [-1, 8192, 1, 64], 1
	point_net_1/input_transform_1/input_transform_convolution_layer_1_convolution_layer_1/batch_normalization_21_1/batchnorm/sub:0=Const, [64], 1
Outpus:
	point_net_1/input_transform_1/input_transform_convolution_layer_1_convolution_layer_1/batch_normalization_21_1/batchnorm/add_1:0=[-1, 8192, 1, 64], 1
2026-01-29 09:12:58,888 - tf2onnx.tfonnx - DEBUG - Process node: point_net_1/input_transform_1/input_transform_convolution_layer_1_convolution_layer_1/Relu
OP=Relu
Name=point_net_1/input_transform_1/input_transform_convolution_layer_1_convolution_layer_1/Relu
Inputs:
	point_net_1/input_transform_1/input_transform_convolution_layer_1_convolution_layer_1/batch_normalization_21_1/batchnorm/add_1:0=Add, [-1, 8192, 1, 64], 1
Outpus:
	point_net_1/input_transform_1/input_transform_convolution_layer_1_convolution_layer_1/Relu:0=[-1, 8192, 1, 64], 1
2026-01-29 09:12:58,888 - tf2onnx.tfonnx - DEBUG - Process node: point_net_1/input_transform_1/input_transform_convolution_layer_2_convolution_layer_1/batch_normalization_22_1/batchnorm/mul_1
OP=Conv2D
Name=point_net_1/input_transform_1/input_transform_convolution_layer_2_convolution_layer_1/batch_normalization_22_1/batchnorm/mul_1
Inputs:
	point_net_1/input_transform_1/input_transform_convolution_layer_1_convolution_layer_1/Relu:0=Relu, [-1, 8192, 1, 64], 1
	point_net_1/input_transform_1/input_transform_convolution_layer_2_convolution_layer_1/input_transform_convolution_layer_2_convolution_layer_1/convolution/merged_input:0=Const, [1, 1, 64, 128], 1
Outpus:
	point_net_1/input_transform_1/input_transform_convolution_layer_2_convolution_layer_1/batch_normalization_22_1/batchnorm/mul_1:0=[-1, 8192, 1, 128], 1
2026-01-29 09:12:58,888 - tf2onnx.graph - DEBUG - Making node: Name=point_net_1/input_transform_1/input_transform_convolution_layer_2_convolution_layer_1/batch_normalization_22_1/batchnorm/mul_1__194, OP=Transpose
2026-01-29 09:12:58,889 - tf2onnx.graph - DEBUG - Infer shape and dtype for [point_net_1/input_transform_1/input_transform_convolution_layer_2_convolution_layer_1/batch_normalization_22_1/batchnorm/mul_1__194]
2026-01-29 09:12:58,889 - tf2onnx.graph - DEBUG - Set dtype of [point_net_1/input_transform_1/input_transform_convolution_layer_2_convolution_layer_1/batch_normalization_22_1/batchnorm/mul_1__194:0] to 1
2026-01-29 09:12:58,889 - tf2onnx.graph - DEBUG - Set shape of [point_net_1/input_transform_1/input_transform_convolution_layer_2_convolution_layer_1/batch_normalization_22_1/batchnorm/mul_1__194:0] to [64, 1, 8192, -1]
2026-01-29 09:12:58,889 - tf2onnx.graph - DEBUG - Made node: point_net_1/input_transform_1/input_transform_convolution_layer_2_convolution_layer_1/batch_normalization_22_1/batchnorm/mul_1__194
OP=Transpose
Name=point_net_1/input_transform_1/input_transform_convolution_layer_2_convolution_layer_1/batch_normalization_22_1/batchnorm/mul_1__194
Inputs:
	point_net_1/input_transform_1/input_transform_convolution_layer_1_convolution_layer_1/Relu:0=Relu, [-1, 8192, 1, 64], 1
Outpus:
	point_net_1/input_transform_1/input_transform_convolution_layer_2_convolution_layer_1/batch_normalization_22_1/batchnorm/mul_1__194:0=[64, 1, 8192, -1], 1
2026-01-29 09:12:58,889 - tf2onnx.graph - DEBUG - Making node: Name=point_net_1/input_transform_1/input_transform_convolution_layer_2_convolution_layer_1/batch_normalization_22_1/batchnorm/mul_1__196, OP=Transpose
2026-01-29 09:12:58,890 - tf2onnx.graph - DEBUG - Infer shape and dtype for [point_net_1/input_transform_1/input_transform_convolution_layer_2_convolution_layer_1/batch_normalization_22_1/batchnorm/mul_1__196]
2026-01-29 09:12:58,890 - tf2onnx.graph - DEBUG - Set dtype of [point_net_1/input_transform_1/input_transform_convolution_layer_2_convolution_layer_1/batch_normalization_22_1/batchnorm/mul_1__196:0] to 1
2026-01-29 09:12:58,890 - tf2onnx.graph - DEBUG - Set shape of [point_net_1/input_transform_1/input_transform_convolution_layer_2_convolution_layer_1/batch_normalization_22_1/batchnorm/mul_1__196:0] to [128, 1, 8192, -1]
2026-01-29 09:12:58,890 - tf2onnx.graph - DEBUG - Made node: point_net_1/input_transform_1/input_transform_convolution_layer_2_convolution_layer_1/batch_normalization_22_1/batchnorm/mul_1__196
OP=Transpose
Name=point_net_1/input_transform_1/input_transform_convolution_layer_2_convolution_layer_1/batch_normalization_22_1/batchnorm/mul_1__196
Inputs:
	point_net_1/input_transform_1/input_transform_convolution_layer_2_convolution_layer_1/batch_normalization_22_1/batchnorm/mul_1:0=Conv, [-1, 8192, 1, 128], 1
Outpus:
	point_net_1/input_transform_1/input_transform_convolution_layer_2_convolution_layer_1/batch_normalization_22_1/batchnorm/mul_1__196:0=[128, 1, 8192, -1], 1
2026-01-29 09:12:58,891 - tf2onnx.tfonnx - DEBUG - Process node: point_net_1/input_transform_1/input_transform_convolution_layer_2_convolution_layer_1/batch_normalization_22_1/batchnorm/add_1
OP=AddV2
Name=point_net_1/input_transform_1/input_transform_convolution_layer_2_convolution_layer_1/batch_normalization_22_1/batchnorm/add_1
Inputs:
	point_net_1/input_transform_1/input_transform_convolution_layer_2_convolution_layer_1/batch_normalization_22_1/batchnorm/mul_1__196:0=Transpose, [-1, 8192, 1, 128], 1
	point_net_1/input_transform_1/input_transform_convolution_layer_2_convolution_layer_1/batch_normalization_22_1/batchnorm/sub:0=Const, [128], 1
Outpus:
	point_net_1/input_transform_1/input_transform_convolution_layer_2_convolution_layer_1/batch_normalization_22_1/batchnorm/add_1:0=[-1, 8192, 1, 128], 1
2026-01-29 09:12:58,891 - tf2onnx.tfonnx - DEBUG - Process node: point_net_1/input_transform_1/input_transform_convolution_layer_2_convolution_layer_1/Relu
OP=Relu
Name=point_net_1/input_transform_1/input_transform_convolution_layer_2_convolution_layer_1/Relu
Inputs:
	point_net_1/input_transform_1/input_transform_convolution_layer_2_convolution_layer_1/batch_normalization_22_1/batchnorm/add_1:0=Add, [-1, 8192, 1, 128], 1
Outpus:
	point_net_1/input_transform_1/input_transform_convolution_layer_2_convolution_layer_1/Relu:0=[-1, 8192, 1, 128], 1
2026-01-29 09:12:58,891 - tf2onnx.tfonnx - DEBUG - Process node: point_net_1/input_transform_1/input_transform_convolution_layer_3_convolution_layer_1/batch_normalization_23_1/batchnorm/mul_1
OP=Conv2D
Name=point_net_1/input_transform_1/input_transform_convolution_layer_3_convolution_layer_1/batch_normalization_23_1/batchnorm/mul_1
Inputs:
	point_net_1/input_transform_1/input_transform_convolution_layer_2_convolution_layer_1/Relu:0=Relu, [-1, 8192, 1, 128], 1
	point_net_1/input_transform_1/input_transform_convolution_layer_3_convolution_layer_1/input_transform_convolution_layer_3_convolution_layer_1/convolution/merged_input:0=Const, [1, 1, 128, 1024], 1
Outpus:
	point_net_1/input_transform_1/input_transform_convolution_layer_3_convolution_layer_1/batch_normalization_23_1/batchnorm/mul_1:0=[-1, 8192, 1, 1024], 1
2026-01-29 09:12:58,891 - tf2onnx.graph - DEBUG - Making node: Name=point_net_1/input_transform_1/input_transform_convolution_layer_3_convolution_layer_1/batch_normalization_23_1/batchnorm/mul_1__198, OP=Transpose
2026-01-29 09:12:58,892 - tf2onnx.graph - DEBUG - Infer shape and dtype for [point_net_1/input_transform_1/input_transform_convolution_layer_3_convolution_layer_1/batch_normalization_23_1/batchnorm/mul_1__198]
2026-01-29 09:12:58,892 - tf2onnx.graph - DEBUG - Set dtype of [point_net_1/input_transform_1/input_transform_convolution_layer_3_convolution_layer_1/batch_normalization_23_1/batchnorm/mul_1__198:0] to 1
2026-01-29 09:12:58,892 - tf2onnx.graph - DEBUG - Set shape of [point_net_1/input_transform_1/input_transform_convolution_layer_3_convolution_layer_1/batch_normalization_23_1/batchnorm/mul_1__198:0] to [128, 1, 8192, -1]
2026-01-29 09:12:58,892 - tf2onnx.graph - DEBUG - Made node: point_net_1/input_transform_1/input_transform_convolution_layer_3_convolution_layer_1/batch_normalization_23_1/batchnorm/mul_1__198
OP=Transpose
Name=point_net_1/input_transform_1/input_transform_convolution_layer_3_convolution_layer_1/batch_normalization_23_1/batchnorm/mul_1__198
Inputs:
	point_net_1/input_transform_1/input_transform_convolution_layer_2_convolution_layer_1/Relu:0=Relu, [-1, 8192, 1, 128], 1
Outpus:
	point_net_1/input_transform_1/input_transform_convolution_layer_3_convolution_layer_1/batch_normalization_23_1/batchnorm/mul_1__198:0=[128, 1, 8192, -1], 1
2026-01-29 09:12:58,893 - tf2onnx.graph - DEBUG - Making node: Name=point_net_1/input_transform_1/input_transform_convolution_layer_3_convolution_layer_1/batch_normalization_23_1/batchnorm/mul_1__200, OP=Transpose
2026-01-29 09:12:58,894 - tf2onnx.graph - DEBUG - Infer shape and dtype for [point_net_1/input_transform_1/input_transform_convolution_layer_3_convolution_layer_1/batch_normalization_23_1/batchnorm/mul_1__200]
2026-01-29 09:12:58,894 - tf2onnx.graph - DEBUG - Set dtype of [point_net_1/input_transform_1/input_transform_convolution_layer_3_convolution_layer_1/batch_normalization_23_1/batchnorm/mul_1__200:0] to 1
2026-01-29 09:12:58,894 - tf2onnx.graph - DEBUG - Set shape of [point_net_1/input_transform_1/input_transform_convolution_layer_3_convolution_layer_1/batch_normalization_23_1/batchnorm/mul_1__200:0] to [1024, 1, 8192, -1]
2026-01-29 09:12:58,895 - tf2onnx.graph - DEBUG - Made node: point_net_1/input_transform_1/input_transform_convolution_layer_3_convolution_layer_1/batch_normalization_23_1/batchnorm/mul_1__200
OP=Transpose
Name=point_net_1/input_transform_1/input_transform_convolution_layer_3_convolution_layer_1/batch_normalization_23_1/batchnorm/mul_1__200
Inputs:
	point_net_1/input_transform_1/input_transform_convolution_layer_3_convolution_layer_1/batch_normalization_23_1/batchnorm/mul_1:0=Conv, [-1, 8192, 1, 1024], 1
Outpus:
	point_net_1/input_transform_1/input_transform_convolution_layer_3_convolution_layer_1/batch_normalization_23_1/batchnorm/mul_1__200:0=[1024, 1, 8192, -1], 1
2026-01-29 09:12:58,895 - tf2onnx.tfonnx - DEBUG - Process node: point_net_1/input_transform_1/input_transform_convolution_layer_3_convolution_layer_1/batch_normalization_23_1/batchnorm/add_1
OP=AddV2
Name=point_net_1/input_transform_1/input_transform_convolution_layer_3_convolution_layer_1/batch_normalization_23_1/batchnorm/add_1
Inputs:
	point_net_1/input_transform_1/input_transform_convolution_layer_3_convolution_layer_1/batch_normalization_23_1/batchnorm/mul_1__200:0=Transpose, [-1, 8192, 1, 1024], 1
	point_net_1/input_transform_1/input_transform_convolution_layer_3_convolution_layer_1/batch_normalization_23_1/batchnorm/sub:0=Const, [1024], 1
Outpus:
	point_net_1/input_transform_1/input_transform_convolution_layer_3_convolution_layer_1/batch_normalization_23_1/batchnorm/add_1:0=[-1, 8192, 1, 1024], 1
2026-01-29 09:12:58,895 - tf2onnx.tfonnx - DEBUG - Process node: point_net_1/input_transform_1/input_transform_convolution_layer_3_convolution_layer_1/Relu
OP=Relu
Name=point_net_1/input_transform_1/input_transform_convolution_layer_3_convolution_layer_1/Relu
Inputs:
	point_net_1/input_transform_1/input_transform_convolution_layer_3_convolution_layer_1/batch_normalization_23_1/batchnorm/add_1:0=Add, [-1, 8192, 1, 1024], 1
Outpus:
	point_net_1/input_transform_1/input_transform_convolution_layer_3_convolution_layer_1/Relu:0=[-1, 8192, 1, 1024], 1
2026-01-29 09:12:58,895 - tf2onnx.tfonnx - DEBUG - Process node: point_net_1/input_transform_1/Squeeze
OP=Squeeze
Name=point_net_1/input_transform_1/Squeeze
Inputs:
	point_net_1/input_transform_1/input_transform_convolution_layer_3_convolution_layer_1/Relu:0=Relu, [-1, 8192, 1, 1024], 1
Outpus:
	point_net_1/input_transform_1/Squeeze:0=[-1, 8192, 1024], 1
2026-01-29 09:12:58,896 - tf2onnx.graph - DEBUG - Making node: Name=axes_const__202, OP=Const
2026-01-29 09:12:58,896 - tf2onnx.graph - DEBUG - Made node: axes_const__202
OP=Const
Name=axes_const__202
Outpus:
	axes_const__202=None, 7
2026-01-29 09:12:58,896 - tf2onnx.tfonnx - DEBUG - Process node: point_net_1/input_transform_1/Max
OP=Max
Name=point_net_1/input_transform_1/Max
Inputs:
	point_net_1/input_transform_1/Squeeze:0=Squeeze, [-1, 8192, 1024], 1
	point_net_1/input_transform_1/Max/reduction_indices:0=Const, [], 6
Outpus:
	point_net_1/input_transform_1/Max:0=[-1, 1024], 1
2026-01-29 09:12:58,897 - tf2onnx.tfonnx - DEBUG - Process node: point_net_1/input_transform_1/input_transform_dense_layer_1_dense_layer_1/input_transform_dense_layer_1_dense_layer_1/MatMul
OP=MatMul
Name=point_net_1/input_transform_1/input_transform_dense_layer_1_dense_layer_1/input_transform_dense_layer_1_dense_layer_1/MatMul
Inputs:
	point_net_1/input_transform_1/Max:0=ReduceMax, [-1, 1024], 1
	point_net_1/input_transform_1/input_transform_dense_layer_1_dense_layer_1/input_transform_dense_layer_1_dense_layer_1/Cast/ReadVariableOp:0=Const, [1024, 512], 1
Outpus:
	point_net_1/input_transform_1/input_transform_dense_layer_1_dense_layer_1/input_transform_dense_layer_1_dense_layer_1/MatMul:0=[-1, 512], 1
2026-01-29 09:12:58,900 - tf2onnx.tfonnx - DEBUG - Process node: point_net_1/input_transform_1/input_transform_dense_layer_1_dense_layer_1/batch_normalization_24_1/batchnorm/mul_1
OP=Mul
Name=point_net_1/input_transform_1/input_transform_dense_layer_1_dense_layer_1/batch_normalization_24_1/batchnorm/mul_1
Inputs:
	point_net_1/input_transform_1/input_transform_dense_layer_1_dense_layer_1/input_transform_dense_layer_1_dense_layer_1/MatMul:0=MatMul, [-1, 512], 1
	point_net_1/input_transform_1/input_transform_dense_layer_1_dense_layer_1/batch_normalization_24_1/batchnorm/mul:0=Const, [512], 1
Outpus:
	point_net_1/input_transform_1/input_transform_dense_layer_1_dense_layer_1/batch_normalization_24_1/batchnorm/mul_1:0=[-1, 512], 1
2026-01-29 09:12:58,901 - tf2onnx.tfonnx - DEBUG - Process node: point_net_1/input_transform_1/input_transform_dense_layer_1_dense_layer_1/batch_normalization_24_1/batchnorm/add_1
OP=AddV2
Name=point_net_1/input_transform_1/input_transform_dense_layer_1_dense_layer_1/batch_normalization_24_1/batchnorm/add_1
Inputs:
	point_net_1/input_transform_1/input_transform_dense_layer_1_dense_layer_1/batch_normalization_24_1/batchnorm/mul_1:0=Mul, [-1, 512], 1
	point_net_1/input_transform_1/input_transform_dense_layer_1_dense_layer_1/batch_normalization_24_1/batchnorm/sub:0=Const, [512], 1
Outpus:
	point_net_1/input_transform_1/input_transform_dense_layer_1_dense_layer_1/batch_normalization_24_1/batchnorm/add_1:0=[-1, 512], 1
2026-01-29 09:12:58,901 - tf2onnx.tfonnx - DEBUG - Process node: point_net_1/input_transform_1/input_transform_dense_layer_1_dense_layer_1/Relu
OP=Relu
Name=point_net_1/input_transform_1/input_transform_dense_layer_1_dense_layer_1/Relu
Inputs:
	point_net_1/input_transform_1/input_transform_dense_layer_1_dense_layer_1/batch_normalization_24_1/batchnorm/add_1:0=Add, [-1, 512], 1
Outpus:
	point_net_1/input_transform_1/input_transform_dense_layer_1_dense_layer_1/Relu:0=[-1, 512], 1
2026-01-29 09:12:58,902 - tf2onnx.tfonnx - DEBUG - Process node: point_net_1/input_transform_1/input_transform_dense_layer_2_dense_layer_1/input_transform_dense_layer_2_dense_layer_1/MatMul
OP=MatMul
Name=point_net_1/input_transform_1/input_transform_dense_layer_2_dense_layer_1/input_transform_dense_layer_2_dense_layer_1/MatMul
Inputs:
	point_net_1/input_transform_1/input_transform_dense_layer_1_dense_layer_1/Relu:0=Relu, [-1, 512], 1
	point_net_1/input_transform_1/input_transform_dense_layer_2_dense_layer_1/input_transform_dense_layer_2_dense_layer_1/Cast/ReadVariableOp:0=Const, [512, 256], 1
Outpus:
	point_net_1/input_transform_1/input_transform_dense_layer_2_dense_layer_1/input_transform_dense_layer_2_dense_layer_1/MatMul:0=[-1, 256], 1
2026-01-29 09:12:58,903 - tf2onnx.tfonnx - DEBUG - Process node: point_net_1/input_transform_1/input_transform_dense_layer_2_dense_layer_1/batch_normalization_25_1/batchnorm/mul_1
OP=Mul
Name=point_net_1/input_transform_1/input_transform_dense_layer_2_dense_layer_1/batch_normalization_25_1/batchnorm/mul_1
Inputs:
	point_net_1/input_transform_1/input_transform_dense_layer_2_dense_layer_1/input_transform_dense_layer_2_dense_layer_1/MatMul:0=MatMul, [-1, 256], 1
	point_net_1/input_transform_1/input_transform_dense_layer_2_dense_layer_1/batch_normalization_25_1/batchnorm/mul:0=Const, [256], 1
Outpus:
	point_net_1/input_transform_1/input_transform_dense_layer_2_dense_layer_1/batch_normalization_25_1/batchnorm/mul_1:0=[-1, 256], 1
2026-01-29 09:12:58,903 - tf2onnx.tfonnx - DEBUG - Process node: point_net_1/input_transform_1/input_transform_dense_layer_2_dense_layer_1/batch_normalization_25_1/batchnorm/add_1
OP=AddV2
Name=point_net_1/input_transform_1/input_transform_dense_layer_2_dense_layer_1/batch_normalization_25_1/batchnorm/add_1
Inputs:
	point_net_1/input_transform_1/input_transform_dense_layer_2_dense_layer_1/batch_normalization_25_1/batchnorm/mul_1:0=Mul, [-1, 256], 1
	point_net_1/input_transform_1/input_transform_dense_layer_2_dense_layer_1/batch_normalization_25_1/batchnorm/sub:0=Const, [256], 1
Outpus:
	point_net_1/input_transform_1/input_transform_dense_layer_2_dense_layer_1/batch_normalization_25_1/batchnorm/add_1:0=[-1, 256], 1
2026-01-29 09:12:58,903 - tf2onnx.tfonnx - DEBUG - Process node: point_net_1/input_transform_1/input_transform_dense_layer_2_dense_layer_1/Relu
OP=Relu
Name=point_net_1/input_transform_1/input_transform_dense_layer_2_dense_layer_1/Relu
Inputs:
	point_net_1/input_transform_1/input_transform_dense_layer_2_dense_layer_1/batch_normalization_25_1/batchnorm/add_1:0=Add, [-1, 256], 1
Outpus:
	point_net_1/input_transform_1/input_transform_dense_layer_2_dense_layer_1/Relu:0=[-1, 256], 1
2026-01-29 09:12:58,904 - tf2onnx.tfonnx - DEBUG - Process node: point_net_1/input_transform_1/ExpandDims_1
OP=ExpandDims
Name=point_net_1/input_transform_1/ExpandDims_1
Inputs:
	point_net_1/input_transform_1/input_transform_dense_layer_2_dense_layer_1/Relu:0=Relu, [-1, 256], 1
	point_net_1/input_transform_1/ExpandDims_1/dim:0=Const, [], 6
Outpus:
	point_net_1/input_transform_1/ExpandDims_1:0=[-1, 1, 256], 1
2026-01-29 09:12:58,904 - tf2onnx.graph - DEBUG - Making node: Name=point_net_1/input_transform_1/ExpandDims_1__203, OP=Cast
2026-01-29 09:12:58,904 - tf2onnx.graph - DEBUG - Infer shape and dtype for [point_net_1/input_transform_1/ExpandDims_1__203]
2026-01-29 09:12:58,905 - tf2onnx.graph - DEBUG - Set dtype of [point_net_1/input_transform_1/ExpandDims_1__203:0] to 7
2026-01-29 09:12:58,905 - tf2onnx.graph - DEBUG - Set shape of [point_net_1/input_transform_1/ExpandDims_1__203:0] to []
2026-01-29 09:12:58,906 - tf2onnx.graph - DEBUG - Made node: point_net_1/input_transform_1/ExpandDims_1__203
OP=Cast
Name=point_net_1/input_transform_1/ExpandDims_1__203
Inputs:
	point_net_1/input_transform_1/ExpandDims_1/dim:0=Const, [], 6
Outpus:
	point_net_1/input_transform_1/ExpandDims_1__203:0=[], 7
2026-01-29 09:12:58,906 - tf2onnx.graph - DEBUG - Making node: Name=reshape_const__204, OP=Const
2026-01-29 09:12:58,907 - tf2onnx.graph - DEBUG - Made node: reshape_const__204
OP=Const
Name=reshape_const__204
Outpus:
	reshape_const__204=None, 7
2026-01-29 09:12:58,907 - tf2onnx.graph - DEBUG - Making node: Name=Reshape__205, OP=Reshape
2026-01-29 09:12:58,908 - tf2onnx.graph - DEBUG - Infer shape and dtype for [Reshape__205]
2026-01-29 09:12:58,908 - tf2onnx.graph - DEBUG - Set dtype of [Reshape__205:0] to 7
2026-01-29 09:12:58,909 - tf2onnx.graph - DEBUG - Set shape of [Reshape__205:0] to [1]
2026-01-29 09:12:58,909 - tf2onnx.graph - DEBUG - Made node: Reshape__205
OP=Reshape
Name=Reshape__205
Inputs:
	point_net_1/input_transform_1/ExpandDims_1__203:0=Cast, [], 7
	reshape_const__204=Const, [1], 7
Outpus:
	Reshape__205:0=[1], 7
2026-01-29 09:12:58,911 - tf2onnx.tfonnx - DEBUG - Process node: point_net_1/input_transform_1/MatMul
OP=BatchMatMulV2
Name=point_net_1/input_transform_1/MatMul
Inputs:
	point_net_1/input_transform_1/ExpandDims_1:0=Unsqueeze, [-1, 1, 256], 1
	point_net_1/input_transform_1/MatMul/ReadVariableOp:0=Const, [256, 9], 1
Outpus:
	point_net_1/input_transform_1/MatMul:0=[-1, 1, 9], 1
2026-01-29 09:12:58,911 - tf2onnx.tfonnx - DEBUG - Process node: point_net_1/input_transform_1/Squeeze_1
OP=Squeeze
Name=point_net_1/input_transform_1/Squeeze_1
Inputs:
	point_net_1/input_transform_1/MatMul:0=MatMul, [-1, 1, 9], 1
Outpus:
	point_net_1/input_transform_1/Squeeze_1:0=[-1, 9], 1
2026-01-29 09:12:58,912 - tf2onnx.graph - DEBUG - Making node: Name=axes_const__206, OP=Const
2026-01-29 09:12:58,912 - tf2onnx.graph - DEBUG - Made node: axes_const__206
OP=Const
Name=axes_const__206
Outpus:
	axes_const__206=None, 7
2026-01-29 09:12:58,913 - tf2onnx.tfonnx - DEBUG - Process node: point_net_1/input_transform_1/Reshape
OP=Reshape
Name=point_net_1/input_transform_1/Reshape
Inputs:
	point_net_1/input_transform_1/Squeeze_1:0=Squeeze, [-1, 9], 1
	point_net_1/input_transform_1/Reshape/shape:0=Const, [3], 6
Outpus:
	point_net_1/input_transform_1/Reshape:0=[-1, 3, 3], 1
2026-01-29 09:12:58,914 - tf2onnx.graph - DEBUG - Making node: Name=point_net_1/input_transform_1/Reshape__207, OP=Cast
2026-01-29 09:12:58,914 - tf2onnx.graph - DEBUG - Infer shape and dtype for [point_net_1/input_transform_1/Reshape__207]
2026-01-29 09:12:58,915 - tf2onnx.graph - DEBUG - Set dtype of [point_net_1/input_transform_1/Reshape__207:0] to 7
2026-01-29 09:12:58,919 - tf2onnx.graph - DEBUG - Set shape of [point_net_1/input_transform_1/Reshape__207:0] to [3]
2026-01-29 09:12:58,919 - tf2onnx.graph - DEBUG - Made node: point_net_1/input_transform_1/Reshape__207
OP=Cast
Name=point_net_1/input_transform_1/Reshape__207
Inputs:
	point_net_1/input_transform_1/Reshape/shape:0=Const, [3], 6
Outpus:
	point_net_1/input_transform_1/Reshape__207:0=[3], 7
2026-01-29 09:12:58,920 - tf2onnx.tfonnx - DEBUG - Process node: point_net_1/input_transform_1/add
OP=AddV2
Name=point_net_1/input_transform_1/add
Inputs:
	point_net_1/input_transform_1/Reshape:0=Reshape, [-1, 3, 3], 1
	point_net_1/input_transform_1/add/ReadVariableOp:0=Const, [3, 3], 1
Outpus:
	point_net_1/input_transform_1/add:0=[-1, 3, 3], 1
2026-01-29 09:12:58,920 - tf2onnx.tfonnx - DEBUG - Process node: point_net_1/MatMul
OP=BatchMatMulV2
Name=point_net_1/MatMul
Inputs:
	point_net_1/input_normalization_1/truediv:0=Div, [-1, 8192, 3], 1
	point_net_1/input_transform_1/add:0=Add, [-1, 3, 3], 1
Outpus:
	point_net_1/MatMul:0=[-1, 8192, 3], 1
2026-01-29 09:12:58,921 - tf2onnx.tfonnx - DEBUG - Process node: point_net_1/ExpandDims
OP=ExpandDims
Name=point_net_1/ExpandDims
Inputs:
	point_net_1/MatMul:0=MatMul, [-1, 8192, 3], 1
	point_net_1/ExpandDims/dim:0=Const, [], 6
Outpus:
	point_net_1/ExpandDims:0=[-1, 8192, 1, 3], 1
2026-01-29 09:12:58,921 - tf2onnx.graph - DEBUG - Making node: Name=point_net_1/ExpandDims__208, OP=Cast
2026-01-29 09:12:58,922 - tf2onnx.graph - DEBUG - Infer shape and dtype for [point_net_1/ExpandDims__208]
2026-01-29 09:12:58,922 - tf2onnx.graph - DEBUG - Set dtype of [point_net_1/ExpandDims__208:0] to 7
2026-01-29 09:12:58,923 - tf2onnx.graph - DEBUG - Set shape of [point_net_1/ExpandDims__208:0] to []
2026-01-29 09:12:58,923 - tf2onnx.graph - DEBUG - Made node: point_net_1/ExpandDims__208
OP=Cast
Name=point_net_1/ExpandDims__208
Inputs:
	point_net_1/ExpandDims/dim:0=Const, [], 6
Outpus:
	point_net_1/ExpandDims__208:0=[], 7
2026-01-29 09:12:58,924 - tf2onnx.graph - DEBUG - Making node: Name=reshape_const__209, OP=Const
2026-01-29 09:12:58,924 - tf2onnx.graph - DEBUG - Made node: reshape_const__209
OP=Const
Name=reshape_const__209
Outpus:
	reshape_const__209=None, 7
2026-01-29 09:12:58,925 - tf2onnx.graph - DEBUG - Making node: Name=Reshape__210, OP=Reshape
2026-01-29 09:12:58,926 - tf2onnx.graph - DEBUG - Infer shape and dtype for [Reshape__210]
2026-01-29 09:12:58,927 - tf2onnx.graph - DEBUG - Set dtype of [Reshape__210:0] to 7
2026-01-29 09:12:58,929 - tf2onnx.graph - DEBUG - Set shape of [Reshape__210:0] to [1]
2026-01-29 09:12:58,930 - tf2onnx.graph - DEBUG - Made node: Reshape__210
OP=Reshape
Name=Reshape__210
Inputs:
	point_net_1/ExpandDims__208:0=Cast, [], 7
	reshape_const__209=Const, [1], 7
Outpus:
	Reshape__210:0=[1], 7
2026-01-29 09:12:58,931 - tf2onnx.tfonnx - DEBUG - Process node: point_net_1/s1_l1_64_convolution_layer_1/batch_normalization_26_1/batchnorm/mul_1
OP=Conv2D
Name=point_net_1/s1_l1_64_convolution_layer_1/batch_normalization_26_1/batchnorm/mul_1
Inputs:
	point_net_1/ExpandDims:0=Unsqueeze, [-1, 8192, 1, 3], 1
	point_net_1/s1_l1_64_convolution_layer_1/s1_l1_64_convolution_layer_1/convolution/merged_input:0=Const, [1, 1, 3, 64], 1
Outpus:
	point_net_1/s1_l1_64_convolution_layer_1/batch_normalization_26_1/batchnorm/mul_1:0=[-1, 8192, 1, 64], 1
2026-01-29 09:12:58,932 - tf2onnx.graph - DEBUG - Making node: Name=point_net_1/s1_l1_64_convolution_layer_1/batch_normalization_26_1/batchnorm/mul_1__211, OP=Transpose
2026-01-29 09:12:58,933 - tf2onnx.graph - DEBUG - Infer shape and dtype for [point_net_1/s1_l1_64_convolution_layer_1/batch_normalization_26_1/batchnorm/mul_1__211]
2026-01-29 09:12:58,933 - tf2onnx.graph - DEBUG - Set dtype of [point_net_1/s1_l1_64_convolution_layer_1/batch_normalization_26_1/batchnorm/mul_1__211:0] to 1
2026-01-29 09:12:58,934 - tf2onnx.graph - DEBUG - Set shape of [point_net_1/s1_l1_64_convolution_layer_1/batch_normalization_26_1/batchnorm/mul_1__211:0] to [3, 1, 8192, -1]
2026-01-29 09:12:58,935 - tf2onnx.graph - DEBUG - Made node: point_net_1/s1_l1_64_convolution_layer_1/batch_normalization_26_1/batchnorm/mul_1__211
OP=Transpose
Name=point_net_1/s1_l1_64_convolution_layer_1/batch_normalization_26_1/batchnorm/mul_1__211
Inputs:
	point_net_1/ExpandDims:0=Unsqueeze, [-1, 8192, 1, 3], 1
Outpus:
	point_net_1/s1_l1_64_convolution_layer_1/batch_normalization_26_1/batchnorm/mul_1__211:0=[3, 1, 8192, -1], 1
2026-01-29 09:12:58,936 - tf2onnx.graph - DEBUG - Making node: Name=point_net_1/s1_l1_64_convolution_layer_1/batch_normalization_26_1/batchnorm/mul_1__213, OP=Transpose
2026-01-29 09:12:58,936 - tf2onnx.graph - DEBUG - Infer shape and dtype for [point_net_1/s1_l1_64_convolution_layer_1/batch_normalization_26_1/batchnorm/mul_1__213]
2026-01-29 09:12:58,937 - tf2onnx.graph - DEBUG - Set dtype of [point_net_1/s1_l1_64_convolution_layer_1/batch_normalization_26_1/batchnorm/mul_1__213:0] to 1
2026-01-29 09:12:58,938 - tf2onnx.graph - DEBUG - Set shape of [point_net_1/s1_l1_64_convolution_layer_1/batch_normalization_26_1/batchnorm/mul_1__213:0] to [64, 1, 8192, -1]
2026-01-29 09:12:58,938 - tf2onnx.graph - DEBUG - Made node: point_net_1/s1_l1_64_convolution_layer_1/batch_normalization_26_1/batchnorm/mul_1__213
OP=Transpose
Name=point_net_1/s1_l1_64_convolution_layer_1/batch_normalization_26_1/batchnorm/mul_1__213
Inputs:
	point_net_1/s1_l1_64_convolution_layer_1/batch_normalization_26_1/batchnorm/mul_1:0=Conv, [-1, 8192, 1, 64], 1
Outpus:
	point_net_1/s1_l1_64_convolution_layer_1/batch_normalization_26_1/batchnorm/mul_1__213:0=[64, 1, 8192, -1], 1
2026-01-29 09:12:58,939 - tf2onnx.tfonnx - DEBUG - Process node: point_net_1/s1_l1_64_convolution_layer_1/batch_normalization_26_1/batchnorm/add_1
OP=AddV2
Name=point_net_1/s1_l1_64_convolution_layer_1/batch_normalization_26_1/batchnorm/add_1
Inputs:
	point_net_1/s1_l1_64_convolution_layer_1/batch_normalization_26_1/batchnorm/mul_1__213:0=Transpose, [-1, 8192, 1, 64], 1
	point_net_1/s1_l1_64_convolution_layer_1/batch_normalization_26_1/batchnorm/sub:0=Const, [64], 1
Outpus:
	point_net_1/s1_l1_64_convolution_layer_1/batch_normalization_26_1/batchnorm/add_1:0=[-1, 8192, 1, 64], 1
2026-01-29 09:12:58,940 - tf2onnx.tfonnx - DEBUG - Process node: point_net_1/s1_l1_64_convolution_layer_1/Relu
OP=Relu
Name=point_net_1/s1_l1_64_convolution_layer_1/Relu
Inputs:
	point_net_1/s1_l1_64_convolution_layer_1/batch_normalization_26_1/batchnorm/add_1:0=Add, [-1, 8192, 1, 64], 1
Outpus:
	point_net_1/s1_l1_64_convolution_layer_1/Relu:0=[-1, 8192, 1, 64], 1
2026-01-29 09:12:58,940 - tf2onnx.tfonnx - DEBUG - Process node: point_net_1/s1_l2_64_convolution_layer_1/batch_normalization_27_1/batchnorm/mul_1
OP=Conv2D
Name=point_net_1/s1_l2_64_convolution_layer_1/batch_normalization_27_1/batchnorm/mul_1
Inputs:
	point_net_1/s1_l1_64_convolution_layer_1/Relu:0=Relu, [-1, 8192, 1, 64], 1
	point_net_1/s1_l2_64_convolution_layer_1/s1_l2_64_convolution_layer_1/convolution/merged_input:0=Const, [1, 1, 64, 64], 1
Outpus:
	point_net_1/s1_l2_64_convolution_layer_1/batch_normalization_27_1/batchnorm/mul_1:0=[-1, 8192, 1, 64], 1
2026-01-29 09:12:58,941 - tf2onnx.graph - DEBUG - Making node: Name=point_net_1/s1_l2_64_convolution_layer_1/batch_normalization_27_1/batchnorm/mul_1__215, OP=Transpose
2026-01-29 09:12:58,942 - tf2onnx.graph - DEBUG - Infer shape and dtype for [point_net_1/s1_l2_64_convolution_layer_1/batch_normalization_27_1/batchnorm/mul_1__215]
2026-01-29 09:12:58,942 - tf2onnx.graph - DEBUG - Set dtype of [point_net_1/s1_l2_64_convolution_layer_1/batch_normalization_27_1/batchnorm/mul_1__215:0] to 1
2026-01-29 09:12:58,943 - tf2onnx.graph - DEBUG - Set shape of [point_net_1/s1_l2_64_convolution_layer_1/batch_normalization_27_1/batchnorm/mul_1__215:0] to [64, 1, 8192, -1]
2026-01-29 09:12:58,943 - tf2onnx.graph - DEBUG - Made node: point_net_1/s1_l2_64_convolution_layer_1/batch_normalization_27_1/batchnorm/mul_1__215
OP=Transpose
Name=point_net_1/s1_l2_64_convolution_layer_1/batch_normalization_27_1/batchnorm/mul_1__215
Inputs:
	point_net_1/s1_l1_64_convolution_layer_1/Relu:0=Relu, [-1, 8192, 1, 64], 1
Outpus:
	point_net_1/s1_l2_64_convolution_layer_1/batch_normalization_27_1/batchnorm/mul_1__215:0=[64, 1, 8192, -1], 1
2026-01-29 09:12:58,944 - tf2onnx.graph - DEBUG - Making node: Name=point_net_1/s1_l2_64_convolution_layer_1/batch_normalization_27_1/batchnorm/mul_1__217, OP=Transpose
2026-01-29 09:12:58,945 - tf2onnx.graph - DEBUG - Infer shape and dtype for [point_net_1/s1_l2_64_convolution_layer_1/batch_normalization_27_1/batchnorm/mul_1__217]
2026-01-29 09:12:58,946 - tf2onnx.graph - DEBUG - Set dtype of [point_net_1/s1_l2_64_convolution_layer_1/batch_normalization_27_1/batchnorm/mul_1__217:0] to 1
2026-01-29 09:12:58,946 - tf2onnx.graph - DEBUG - Set shape of [point_net_1/s1_l2_64_convolution_layer_1/batch_normalization_27_1/batchnorm/mul_1__217:0] to [64, 1, 8192, -1]
2026-01-29 09:12:58,947 - tf2onnx.graph - DEBUG - Made node: point_net_1/s1_l2_64_convolution_layer_1/batch_normalization_27_1/batchnorm/mul_1__217
OP=Transpose
Name=point_net_1/s1_l2_64_convolution_layer_1/batch_normalization_27_1/batchnorm/mul_1__217
Inputs:
	point_net_1/s1_l2_64_convolution_layer_1/batch_normalization_27_1/batchnorm/mul_1:0=Conv, [-1, 8192, 1, 64], 1
Outpus:
	point_net_1/s1_l2_64_convolution_layer_1/batch_normalization_27_1/batchnorm/mul_1__217:0=[64, 1, 8192, -1], 1
2026-01-29 09:12:58,948 - tf2onnx.tfonnx - DEBUG - Process node: point_net_1/s1_l2_64_convolution_layer_1/batch_normalization_27_1/batchnorm/add_1
OP=AddV2
Name=point_net_1/s1_l2_64_convolution_layer_1/batch_normalization_27_1/batchnorm/add_1
Inputs:
	point_net_1/s1_l2_64_convolution_layer_1/batch_normalization_27_1/batchnorm/mul_1__217:0=Transpose, [-1, 8192, 1, 64], 1
	point_net_1/s1_l2_64_convolution_layer_1/batch_normalization_27_1/batchnorm/sub:0=Const, [64], 1
Outpus:
	point_net_1/s1_l2_64_convolution_layer_1/batch_normalization_27_1/batchnorm/add_1:0=[-1, 8192, 1, 64], 1
2026-01-29 09:12:58,949 - tf2onnx.tfonnx - DEBUG - Process node: point_net_1/s1_l2_64_convolution_layer_1/Relu
OP=Relu
Name=point_net_1/s1_l2_64_convolution_layer_1/Relu
Inputs:
	point_net_1/s1_l2_64_convolution_layer_1/batch_normalization_27_1/batchnorm/add_1:0=Add, [-1, 8192, 1, 64], 1
Outpus:
	point_net_1/s1_l2_64_convolution_layer_1/Relu:0=[-1, 8192, 1, 64], 1
2026-01-29 09:12:58,949 - tf2onnx.tfonnx - DEBUG - Process node: point_net_1/Squeeze
OP=Squeeze
Name=point_net_1/Squeeze
Inputs:
	point_net_1/s1_l2_64_convolution_layer_1/Relu:0=Relu, [-1, 8192, 1, 64], 1
Outpus:
	point_net_1/Squeeze:0=[-1, 8192, 64], 1
2026-01-29 09:12:58,950 - tf2onnx.graph - DEBUG - Making node: Name=axes_const__219, OP=Const
2026-01-29 09:12:58,950 - tf2onnx.graph - DEBUG - Made node: axes_const__219
OP=Const
Name=axes_const__219
Outpus:
	axes_const__219=None, 7
2026-01-29 09:12:58,951 - tf2onnx.tfonnx - DEBUG - Process node: point_net_1/feature_transform_1/ExpandDims
OP=ExpandDims
Name=point_net_1/feature_transform_1/ExpandDims
Inputs:
	point_net_1/Squeeze:0=Squeeze, [-1, 8192, 64], 1
	point_net_1/feature_transform_1/ExpandDims/dim:0=Const, [], 6
Outpus:
	point_net_1/feature_transform_1/ExpandDims:0=[-1, 8192, 1, 64], 1
2026-01-29 09:12:58,951 - tf2onnx.graph - DEBUG - Making node: Name=point_net_1/feature_transform_1/ExpandDims__220, OP=Cast
2026-01-29 09:12:58,952 - tf2onnx.graph - DEBUG - Infer shape and dtype for [point_net_1/feature_transform_1/ExpandDims__220]
2026-01-29 09:12:58,952 - tf2onnx.graph - DEBUG - Set dtype of [point_net_1/feature_transform_1/ExpandDims__220:0] to 7
2026-01-29 09:12:58,953 - tf2onnx.graph - DEBUG - Set shape of [point_net_1/feature_transform_1/ExpandDims__220:0] to []
2026-01-29 09:12:58,953 - tf2onnx.graph - DEBUG - Made node: point_net_1/feature_transform_1/ExpandDims__220
OP=Cast
Name=point_net_1/feature_transform_1/ExpandDims__220
Inputs:
	point_net_1/feature_transform_1/ExpandDims/dim:0=Const, [], 6
Outpus:
	point_net_1/feature_transform_1/ExpandDims__220:0=[], 7
2026-01-29 09:12:58,954 - tf2onnx.graph - DEBUG - Making node: Name=reshape_const__221, OP=Const
2026-01-29 09:12:58,954 - tf2onnx.graph - DEBUG - Made node: reshape_const__221
OP=Const
Name=reshape_const__221
Outpus:
	reshape_const__221=None, 7
2026-01-29 09:12:58,955 - tf2onnx.graph - DEBUG - Making node: Name=Reshape__222, OP=Reshape
2026-01-29 09:12:58,955 - tf2onnx.graph - DEBUG - Infer shape and dtype for [Reshape__222]
2026-01-29 09:12:58,956 - tf2onnx.graph - DEBUG - Set dtype of [Reshape__222:0] to 7
2026-01-29 09:12:58,956 - tf2onnx.graph - DEBUG - Set shape of [Reshape__222:0] to [1]
2026-01-29 09:12:58,957 - tf2onnx.graph - DEBUG - Made node: Reshape__222
OP=Reshape
Name=Reshape__222
Inputs:
	point_net_1/feature_transform_1/ExpandDims__220:0=Cast, [], 7
	reshape_const__221=Const, [1], 7
Outpus:
	Reshape__222:0=[1], 7
2026-01-29 09:12:58,957 - tf2onnx.tfonnx - DEBUG - Process node: point_net_1/feature_transform_1/feature_transform_convolution_layer_1_convolution_layer_1/batch_normalization_28_1/batchnorm/mul_1
OP=Conv2D
Name=point_net_1/feature_transform_1/feature_transform_convolution_layer_1_convolution_layer_1/batch_normalization_28_1/batchnorm/mul_1
Inputs:
	point_net_1/feature_transform_1/ExpandDims:0=Unsqueeze, [-1, 8192, 1, 64], 1
	point_net_1/feature_transform_1/feature_transform_convolution_layer_1_convolution_layer_1/feature_transform_convolution_layer_1_convolution_layer_1/convolution/merged_input:0=Const, [1, 1, 64, 64], 1
Outpus:
	point_net_1/feature_transform_1/feature_transform_convolution_layer_1_convolution_layer_1/batch_normalization_28_1/batchnorm/mul_1:0=[-1, 8192, 1, 64], 1
2026-01-29 09:12:58,957 - tf2onnx.graph - DEBUG - Making node: Name=point_net_1/feature_transform_1/feature_transform_convolution_layer_1_convolution_layer_1/batch_normalization_28_1/batchnorm/mul_1__223, OP=Transpose
2026-01-29 09:12:58,958 - tf2onnx.graph - DEBUG - Infer shape and dtype for [point_net_1/feature_transform_1/feature_transform_convolution_layer_1_convolution_layer_1/batch_normalization_28_1/batchnorm/mul_1__223]
2026-01-29 09:12:58,958 - tf2onnx.graph - DEBUG - Set dtype of [point_net_1/feature_transform_1/feature_transform_convolution_layer_1_convolution_layer_1/batch_normalization_28_1/batchnorm/mul_1__223:0] to 1
2026-01-29 09:12:58,959 - tf2onnx.graph - DEBUG - Set shape of [point_net_1/feature_transform_1/feature_transform_convolution_layer_1_convolution_layer_1/batch_normalization_28_1/batchnorm/mul_1__223:0] to [64, 1, 8192, -1]
2026-01-29 09:12:58,960 - tf2onnx.graph - DEBUG - Made node: point_net_1/feature_transform_1/feature_transform_convolution_layer_1_convolution_layer_1/batch_normalization_28_1/batchnorm/mul_1__223
OP=Transpose
Name=point_net_1/feature_transform_1/feature_transform_convolution_layer_1_convolution_layer_1/batch_normalization_28_1/batchnorm/mul_1__223
Inputs:
	point_net_1/feature_transform_1/ExpandDims:0=Unsqueeze, [-1, 8192, 1, 64], 1
Outpus:
	point_net_1/feature_transform_1/feature_transform_convolution_layer_1_convolution_layer_1/batch_normalization_28_1/batchnorm/mul_1__223:0=[64, 1, 8192, -1], 1
2026-01-29 09:12:58,960 - tf2onnx.graph - DEBUG - Making node: Name=point_net_1/feature_transform_1/feature_transform_convolution_layer_1_convolution_layer_1/batch_normalization_28_1/batchnorm/mul_1__225, OP=Transpose
2026-01-29 09:12:58,960 - tf2onnx.graph - DEBUG - Infer shape and dtype for [point_net_1/feature_transform_1/feature_transform_convolution_layer_1_convolution_layer_1/batch_normalization_28_1/batchnorm/mul_1__225]
2026-01-29 09:12:58,961 - tf2onnx.graph - DEBUG - Set dtype of [point_net_1/feature_transform_1/feature_transform_convolution_layer_1_convolution_layer_1/batch_normalization_28_1/batchnorm/mul_1__225:0] to 1
2026-01-29 09:12:58,961 - tf2onnx.graph - DEBUG - Set shape of [point_net_1/feature_transform_1/feature_transform_convolution_layer_1_convolution_layer_1/batch_normalization_28_1/batchnorm/mul_1__225:0] to [64, 1, 8192, -1]
2026-01-29 09:12:58,962 - tf2onnx.graph - DEBUG - Made node: point_net_1/feature_transform_1/feature_transform_convolution_layer_1_convolution_layer_1/batch_normalization_28_1/batchnorm/mul_1__225
OP=Transpose
Name=point_net_1/feature_transform_1/feature_transform_convolution_layer_1_convolution_layer_1/batch_normalization_28_1/batchnorm/mul_1__225
Inputs:
	point_net_1/feature_transform_1/feature_transform_convolution_layer_1_convolution_layer_1/batch_normalization_28_1/batchnorm/mul_1:0=Conv, [-1, 8192, 1, 64], 1
Outpus:
	point_net_1/feature_transform_1/feature_transform_convolution_layer_1_convolution_layer_1/batch_normalization_28_1/batchnorm/mul_1__225:0=[64, 1, 8192, -1], 1
2026-01-29 09:12:58,962 - tf2onnx.tfonnx - DEBUG - Process node: point_net_1/feature_transform_1/feature_transform_convolution_layer_1_convolution_layer_1/batch_normalization_28_1/batchnorm/add_1
OP=AddV2
Name=point_net_1/feature_transform_1/feature_transform_convolution_layer_1_convolution_layer_1/batch_normalization_28_1/batchnorm/add_1
Inputs:
	point_net_1/feature_transform_1/feature_transform_convolution_layer_1_convolution_layer_1/batch_normalization_28_1/batchnorm/mul_1__225:0=Transpose, [-1, 8192, 1, 64], 1
	point_net_1/feature_transform_1/feature_transform_convolution_layer_1_convolution_layer_1/batch_normalization_28_1/batchnorm/sub:0=Const, [64], 1
Outpus:
	point_net_1/feature_transform_1/feature_transform_convolution_layer_1_convolution_layer_1/batch_normalization_28_1/batchnorm/add_1:0=[-1, 8192, 1, 64], 1
2026-01-29 09:12:58,962 - tf2onnx.tfonnx - DEBUG - Process node: point_net_1/feature_transform_1/feature_transform_convolution_layer_1_convolution_layer_1/Relu
OP=Relu
Name=point_net_1/feature_transform_1/feature_transform_convolution_layer_1_convolution_layer_1/Relu
Inputs:
	point_net_1/feature_transform_1/feature_transform_convolution_layer_1_convolution_layer_1/batch_normalization_28_1/batchnorm/add_1:0=Add, [-1, 8192, 1, 64], 1
Outpus:
	point_net_1/feature_transform_1/feature_transform_convolution_layer_1_convolution_layer_1/Relu:0=[-1, 8192, 1, 64], 1
2026-01-29 09:12:58,963 - tf2onnx.tfonnx - DEBUG - Process node: point_net_1/feature_transform_1/feature_transform_convolution_layer_2_convolution_layer_1/batch_normalization_29_1/batchnorm/mul_1
OP=Conv2D
Name=point_net_1/feature_transform_1/feature_transform_convolution_layer_2_convolution_layer_1/batch_normalization_29_1/batchnorm/mul_1
Inputs:
	point_net_1/feature_transform_1/feature_transform_convolution_layer_1_convolution_layer_1/Relu:0=Relu, [-1, 8192, 1, 64], 1
	point_net_1/feature_transform_1/feature_transform_convolution_layer_2_convolution_layer_1/feature_transform_convolution_layer_2_convolution_layer_1/convolution/merged_input:0=Const, [1, 1, 64, 128], 1
Outpus:
	point_net_1/feature_transform_1/feature_transform_convolution_layer_2_convolution_layer_1/batch_normalization_29_1/batchnorm/mul_1:0=[-1, 8192, 1, 128], 1
2026-01-29 09:12:58,963 - tf2onnx.graph - DEBUG - Making node: Name=point_net_1/feature_transform_1/feature_transform_convolution_layer_2_convolution_layer_1/batch_normalization_29_1/batchnorm/mul_1__227, OP=Transpose
2026-01-29 09:12:58,964 - tf2onnx.graph - DEBUG - Infer shape and dtype for [point_net_1/feature_transform_1/feature_transform_convolution_layer_2_convolution_layer_1/batch_normalization_29_1/batchnorm/mul_1__227]
2026-01-29 09:12:58,964 - tf2onnx.graph - DEBUG - Set dtype of [point_net_1/feature_transform_1/feature_transform_convolution_layer_2_convolution_layer_1/batch_normalization_29_1/batchnorm/mul_1__227:0] to 1
2026-01-29 09:12:58,965 - tf2onnx.graph - DEBUG - Set shape of [point_net_1/feature_transform_1/feature_transform_convolution_layer_2_convolution_layer_1/batch_normalization_29_1/batchnorm/mul_1__227:0] to [64, 1, 8192, -1]
2026-01-29 09:12:58,965 - tf2onnx.graph - DEBUG - Made node: point_net_1/feature_transform_1/feature_transform_convolution_layer_2_convolution_layer_1/batch_normalization_29_1/batchnorm/mul_1__227
OP=Transpose
Name=point_net_1/feature_transform_1/feature_transform_convolution_layer_2_convolution_layer_1/batch_normalization_29_1/batchnorm/mul_1__227
Inputs:
	point_net_1/feature_transform_1/feature_transform_convolution_layer_1_convolution_layer_1/Relu:0=Relu, [-1, 8192, 1, 64], 1
Outpus:
	point_net_1/feature_transform_1/feature_transform_convolution_layer_2_convolution_layer_1/batch_normalization_29_1/batchnorm/mul_1__227:0=[64, 1, 8192, -1], 1
2026-01-29 09:12:58,966 - tf2onnx.graph - DEBUG - Making node: Name=point_net_1/feature_transform_1/feature_transform_convolution_layer_2_convolution_layer_1/batch_normalization_29_1/batchnorm/mul_1__229, OP=Transpose
2026-01-29 09:12:58,966 - tf2onnx.graph - DEBUG - Infer shape and dtype for [point_net_1/feature_transform_1/feature_transform_convolution_layer_2_convolution_layer_1/batch_normalization_29_1/batchnorm/mul_1__229]
2026-01-29 09:12:58,966 - tf2onnx.graph - DEBUG - Set dtype of [point_net_1/feature_transform_1/feature_transform_convolution_layer_2_convolution_layer_1/batch_normalization_29_1/batchnorm/mul_1__229:0] to 1
2026-01-29 09:12:58,966 - tf2onnx.graph - DEBUG - Set shape of [point_net_1/feature_transform_1/feature_transform_convolution_layer_2_convolution_layer_1/batch_normalization_29_1/batchnorm/mul_1__229:0] to [128, 1, 8192, -1]
2026-01-29 09:12:58,967 - tf2onnx.graph - DEBUG - Made node: point_net_1/feature_transform_1/feature_transform_convolution_layer_2_convolution_layer_1/batch_normalization_29_1/batchnorm/mul_1__229
OP=Transpose
Name=point_net_1/feature_transform_1/feature_transform_convolution_layer_2_convolution_layer_1/batch_normalization_29_1/batchnorm/mul_1__229
Inputs:
	point_net_1/feature_transform_1/feature_transform_convolution_layer_2_convolution_layer_1/batch_normalization_29_1/batchnorm/mul_1:0=Conv, [-1, 8192, 1, 128], 1
Outpus:
	point_net_1/feature_transform_1/feature_transform_convolution_layer_2_convolution_layer_1/batch_normalization_29_1/batchnorm/mul_1__229:0=[128, 1, 8192, -1], 1
2026-01-29 09:12:58,967 - tf2onnx.tfonnx - DEBUG - Process node: point_net_1/feature_transform_1/feature_transform_convolution_layer_2_convolution_layer_1/batch_normalization_29_1/batchnorm/add_1
OP=AddV2
Name=point_net_1/feature_transform_1/feature_transform_convolution_layer_2_convolution_layer_1/batch_normalization_29_1/batchnorm/add_1
Inputs:
	point_net_1/feature_transform_1/feature_transform_convolution_layer_2_convolution_layer_1/batch_normalization_29_1/batchnorm/mul_1__229:0=Transpose, [-1, 8192, 1, 128], 1
	point_net_1/feature_transform_1/feature_transform_convolution_layer_2_convolution_layer_1/batch_normalization_29_1/batchnorm/sub:0=Const, [128], 1
Outpus:
	point_net_1/feature_transform_1/feature_transform_convolution_layer_2_convolution_layer_1/batch_normalization_29_1/batchnorm/add_1:0=[-1, 8192, 1, 128], 1
2026-01-29 09:12:58,967 - tf2onnx.tfonnx - DEBUG - Process node: point_net_1/feature_transform_1/feature_transform_convolution_layer_2_convolution_layer_1/Relu
OP=Relu
Name=point_net_1/feature_transform_1/feature_transform_convolution_layer_2_convolution_layer_1/Relu
Inputs:
	point_net_1/feature_transform_1/feature_transform_convolution_layer_2_convolution_layer_1/batch_normalization_29_1/batchnorm/add_1:0=Add, [-1, 8192, 1, 128], 1
Outpus:
	point_net_1/feature_transform_1/feature_transform_convolution_layer_2_convolution_layer_1/Relu:0=[-1, 8192, 1, 128], 1
2026-01-29 09:12:58,968 - tf2onnx.tfonnx - DEBUG - Process node: point_net_1/feature_transform_1/feature_transform_convolution_layer_3_convolution_layer_1/batch_normalization_30_1/batchnorm/mul_1
OP=Conv2D
Name=point_net_1/feature_transform_1/feature_transform_convolution_layer_3_convolution_layer_1/batch_normalization_30_1/batchnorm/mul_1
Inputs:
	point_net_1/feature_transform_1/feature_transform_convolution_layer_2_convolution_layer_1/Relu:0=Relu, [-1, 8192, 1, 128], 1
	point_net_1/feature_transform_1/feature_transform_convolution_layer_3_convolution_layer_1/feature_transform_convolution_layer_3_convolution_layer_1/convolution/merged_input:0=Const, [1, 1, 128, 1024], 1
Outpus:
	point_net_1/feature_transform_1/feature_transform_convolution_layer_3_convolution_layer_1/batch_normalization_30_1/batchnorm/mul_1:0=[-1, 8192, 1, 1024], 1
2026-01-29 09:12:58,968 - tf2onnx.graph - DEBUG - Making node: Name=point_net_1/feature_transform_1/feature_transform_convolution_layer_3_convolution_layer_1/batch_normalization_30_1/batchnorm/mul_1__231, OP=Transpose
2026-01-29 09:12:58,968 - tf2onnx.graph - DEBUG - Infer shape and dtype for [point_net_1/feature_transform_1/feature_transform_convolution_layer_3_convolution_layer_1/batch_normalization_30_1/batchnorm/mul_1__231]
2026-01-29 09:12:58,969 - tf2onnx.graph - DEBUG - Set dtype of [point_net_1/feature_transform_1/feature_transform_convolution_layer_3_convolution_layer_1/batch_normalization_30_1/batchnorm/mul_1__231:0] to 1
2026-01-29 09:12:58,969 - tf2onnx.graph - DEBUG - Set shape of [point_net_1/feature_transform_1/feature_transform_convolution_layer_3_convolution_layer_1/batch_normalization_30_1/batchnorm/mul_1__231:0] to [128, 1, 8192, -1]
2026-01-29 09:12:58,969 - tf2onnx.graph - DEBUG - Made node: point_net_1/feature_transform_1/feature_transform_convolution_layer_3_convolution_layer_1/batch_normalization_30_1/batchnorm/mul_1__231
OP=Transpose
Name=point_net_1/feature_transform_1/feature_transform_convolution_layer_3_convolution_layer_1/batch_normalization_30_1/batchnorm/mul_1__231
Inputs:
	point_net_1/feature_transform_1/feature_transform_convolution_layer_2_convolution_layer_1/Relu:0=Relu, [-1, 8192, 1, 128], 1
Outpus:
	point_net_1/feature_transform_1/feature_transform_convolution_layer_3_convolution_layer_1/batch_normalization_30_1/batchnorm/mul_1__231:0=[128, 1, 8192, -1], 1
2026-01-29 09:12:58,970 - tf2onnx.graph - DEBUG - Making node: Name=point_net_1/feature_transform_1/feature_transform_convolution_layer_3_convolution_layer_1/batch_normalization_30_1/batchnorm/mul_1__233, OP=Transpose
2026-01-29 09:12:58,970 - tf2onnx.graph - DEBUG - Infer shape and dtype for [point_net_1/feature_transform_1/feature_transform_convolution_layer_3_convolution_layer_1/batch_normalization_30_1/batchnorm/mul_1__233]
2026-01-29 09:12:58,971 - tf2onnx.graph - DEBUG - Set dtype of [point_net_1/feature_transform_1/feature_transform_convolution_layer_3_convolution_layer_1/batch_normalization_30_1/batchnorm/mul_1__233:0] to 1
2026-01-29 09:12:58,971 - tf2onnx.graph - DEBUG - Set shape of [point_net_1/feature_transform_1/feature_transform_convolution_layer_3_convolution_layer_1/batch_normalization_30_1/batchnorm/mul_1__233:0] to [1024, 1, 8192, -1]
2026-01-29 09:12:58,972 - tf2onnx.graph - DEBUG - Made node: point_net_1/feature_transform_1/feature_transform_convolution_layer_3_convolution_layer_1/batch_normalization_30_1/batchnorm/mul_1__233
OP=Transpose
Name=point_net_1/feature_transform_1/feature_transform_convolution_layer_3_convolution_layer_1/batch_normalization_30_1/batchnorm/mul_1__233
Inputs:
	point_net_1/feature_transform_1/feature_transform_convolution_layer_3_convolution_layer_1/batch_normalization_30_1/batchnorm/mul_1:0=Conv, [-1, 8192, 1, 1024], 1
Outpus:
	point_net_1/feature_transform_1/feature_transform_convolution_layer_3_convolution_layer_1/batch_normalization_30_1/batchnorm/mul_1__233:0=[1024, 1, 8192, -1], 1
2026-01-29 09:12:58,972 - tf2onnx.tfonnx - DEBUG - Process node: point_net_1/feature_transform_1/feature_transform_convolution_layer_3_convolution_layer_1/batch_normalization_30_1/batchnorm/add_1
OP=AddV2
Name=point_net_1/feature_transform_1/feature_transform_convolution_layer_3_convolution_layer_1/batch_normalization_30_1/batchnorm/add_1
Inputs:
	point_net_1/feature_transform_1/feature_transform_convolution_layer_3_convolution_layer_1/batch_normalization_30_1/batchnorm/mul_1__233:0=Transpose, [-1, 8192, 1, 1024], 1
	point_net_1/feature_transform_1/feature_transform_convolution_layer_3_convolution_layer_1/batch_normalization_30_1/batchnorm/sub:0=Const, [1024], 1
Outpus:
	point_net_1/feature_transform_1/feature_transform_convolution_layer_3_convolution_layer_1/batch_normalization_30_1/batchnorm/add_1:0=[-1, 8192, 1, 1024], 1
2026-01-29 09:12:58,972 - tf2onnx.tfonnx - DEBUG - Process node: point_net_1/feature_transform_1/feature_transform_convolution_layer_3_convolution_layer_1/Relu
OP=Relu
Name=point_net_1/feature_transform_1/feature_transform_convolution_layer_3_convolution_layer_1/Relu
Inputs:
	point_net_1/feature_transform_1/feature_transform_convolution_layer_3_convolution_layer_1/batch_normalization_30_1/batchnorm/add_1:0=Add, [-1, 8192, 1, 1024], 1
Outpus:
	point_net_1/feature_transform_1/feature_transform_convolution_layer_3_convolution_layer_1/Relu:0=[-1, 8192, 1, 1024], 1
2026-01-29 09:12:58,973 - tf2onnx.tfonnx - DEBUG - Process node: point_net_1/feature_transform_1/Squeeze
OP=Squeeze
Name=point_net_1/feature_transform_1/Squeeze
Inputs:
	point_net_1/feature_transform_1/feature_transform_convolution_layer_3_convolution_layer_1/Relu:0=Relu, [-1, 8192, 1, 1024], 1
Outpus:
	point_net_1/feature_transform_1/Squeeze:0=[-1, 8192, 1024], 1
2026-01-29 09:12:58,973 - tf2onnx.graph - DEBUG - Making node: Name=axes_const__235, OP=Const
2026-01-29 09:12:58,973 - tf2onnx.graph - DEBUG - Made node: axes_const__235
OP=Const
Name=axes_const__235
Outpus:
	axes_const__235=None, 7
2026-01-29 09:12:58,974 - tf2onnx.tfonnx - DEBUG - Process node: point_net_1/feature_transform_1/Max
OP=Max
Name=point_net_1/feature_transform_1/Max
Inputs:
	point_net_1/feature_transform_1/Squeeze:0=Squeeze, [-1, 8192, 1024], 1
	point_net_1/feature_transform_1/Max/reduction_indices:0=Const, [], 6
Outpus:
	point_net_1/feature_transform_1/Max:0=[-1, 1024], 1
2026-01-29 09:12:58,974 - tf2onnx.tfonnx - DEBUG - Process node: point_net_1/feature_transform_1/feature_transform_dense_layer_1_dense_layer_1/feature_transform_dense_layer_1_dense_layer_1/MatMul
OP=MatMul
Name=point_net_1/feature_transform_1/feature_transform_dense_layer_1_dense_layer_1/feature_transform_dense_layer_1_dense_layer_1/MatMul
Inputs:
	point_net_1/feature_transform_1/Max:0=ReduceMax, [-1, 1024], 1
	point_net_1/feature_transform_1/feature_transform_dense_layer_1_dense_layer_1/feature_transform_dense_layer_1_dense_layer_1/Cast/ReadVariableOp:0=Const, [1024, 512], 1
Outpus:
	point_net_1/feature_transform_1/feature_transform_dense_layer_1_dense_layer_1/feature_transform_dense_layer_1_dense_layer_1/MatMul:0=[-1, 512], 1
2026-01-29 09:12:58,974 - tf2onnx.tfonnx - DEBUG - Process node: point_net_1/feature_transform_1/feature_transform_dense_layer_1_dense_layer_1/batch_normalization_31_1/batchnorm/mul_1
OP=Mul
Name=point_net_1/feature_transform_1/feature_transform_dense_layer_1_dense_layer_1/batch_normalization_31_1/batchnorm/mul_1
Inputs:
	point_net_1/feature_transform_1/feature_transform_dense_layer_1_dense_layer_1/feature_transform_dense_layer_1_dense_layer_1/MatMul:0=MatMul, [-1, 512], 1
	point_net_1/feature_transform_1/feature_transform_dense_layer_1_dense_layer_1/batch_normalization_31_1/batchnorm/mul:0=Const, [512], 1
Outpus:
	point_net_1/feature_transform_1/feature_transform_dense_layer_1_dense_layer_1/batch_normalization_31_1/batchnorm/mul_1:0=[-1, 512], 1
2026-01-29 09:12:58,975 - tf2onnx.tfonnx - DEBUG - Process node: point_net_1/feature_transform_1/feature_transform_dense_layer_1_dense_layer_1/batch_normalization_31_1/batchnorm/add_1
OP=AddV2
Name=point_net_1/feature_transform_1/feature_transform_dense_layer_1_dense_layer_1/batch_normalization_31_1/batchnorm/add_1
Inputs:
	point_net_1/feature_transform_1/feature_transform_dense_layer_1_dense_layer_1/batch_normalization_31_1/batchnorm/mul_1:0=Mul, [-1, 512], 1
	point_net_1/feature_transform_1/feature_transform_dense_layer_1_dense_layer_1/batch_normalization_31_1/batchnorm/sub:0=Const, [512], 1
Outpus:
	point_net_1/feature_transform_1/feature_transform_dense_layer_1_dense_layer_1/batch_normalization_31_1/batchnorm/add_1:0=[-1, 512], 1
2026-01-29 09:12:58,975 - tf2onnx.tfonnx - DEBUG - Process node: point_net_1/feature_transform_1/feature_transform_dense_layer_1_dense_layer_1/Relu
OP=Relu
Name=point_net_1/feature_transform_1/feature_transform_dense_layer_1_dense_layer_1/Relu
Inputs:
	point_net_1/feature_transform_1/feature_transform_dense_layer_1_dense_layer_1/batch_normalization_31_1/batchnorm/add_1:0=Add, [-1, 512], 1
Outpus:
	point_net_1/feature_transform_1/feature_transform_dense_layer_1_dense_layer_1/Relu:0=[-1, 512], 1
2026-01-29 09:12:58,975 - tf2onnx.tfonnx - DEBUG - Process node: point_net_1/feature_transform_1/feature_transform_dense_layer_2_dense_layer_1/feature_transform_dense_layer_2_dense_layer_1/MatMul
OP=MatMul
Name=point_net_1/feature_transform_1/feature_transform_dense_layer_2_dense_layer_1/feature_transform_dense_layer_2_dense_layer_1/MatMul
Inputs:
	point_net_1/feature_transform_1/feature_transform_dense_layer_1_dense_layer_1/Relu:0=Relu, [-1, 512], 1
	point_net_1/feature_transform_1/feature_transform_dense_layer_2_dense_layer_1/feature_transform_dense_layer_2_dense_layer_1/Cast/ReadVariableOp:0=Const, [512, 256], 1
Outpus:
	point_net_1/feature_transform_1/feature_transform_dense_layer_2_dense_layer_1/feature_transform_dense_layer_2_dense_layer_1/MatMul:0=[-1, 256], 1
2026-01-29 09:12:58,976 - tf2onnx.tfonnx - DEBUG - Process node: point_net_1/feature_transform_1/feature_transform_dense_layer_2_dense_layer_1/batch_normalization_32_1/batchnorm/mul_1
OP=Mul
Name=point_net_1/feature_transform_1/feature_transform_dense_layer_2_dense_layer_1/batch_normalization_32_1/batchnorm/mul_1
Inputs:
	point_net_1/feature_transform_1/feature_transform_dense_layer_2_dense_layer_1/feature_transform_dense_layer_2_dense_layer_1/MatMul:0=MatMul, [-1, 256], 1
	point_net_1/feature_transform_1/feature_transform_dense_layer_2_dense_layer_1/batch_normalization_32_1/batchnorm/mul:0=Const, [256], 1
Outpus:
	point_net_1/feature_transform_1/feature_transform_dense_layer_2_dense_layer_1/batch_normalization_32_1/batchnorm/mul_1:0=[-1, 256], 1
2026-01-29 09:12:58,976 - tf2onnx.tfonnx - DEBUG - Process node: point_net_1/feature_transform_1/feature_transform_dense_layer_2_dense_layer_1/batch_normalization_32_1/batchnorm/add_1
OP=AddV2
Name=point_net_1/feature_transform_1/feature_transform_dense_layer_2_dense_layer_1/batch_normalization_32_1/batchnorm/add_1
Inputs:
	point_net_1/feature_transform_1/feature_transform_dense_layer_2_dense_layer_1/batch_normalization_32_1/batchnorm/mul_1:0=Mul, [-1, 256], 1
	point_net_1/feature_transform_1/feature_transform_dense_layer_2_dense_layer_1/batch_normalization_32_1/batchnorm/sub:0=Const, [256], 1
Outpus:
	point_net_1/feature_transform_1/feature_transform_dense_layer_2_dense_layer_1/batch_normalization_32_1/batchnorm/add_1:0=[-1, 256], 1
2026-01-29 09:12:58,976 - tf2onnx.tfonnx - DEBUG - Process node: point_net_1/feature_transform_1/feature_transform_dense_layer_2_dense_layer_1/Relu
OP=Relu
Name=point_net_1/feature_transform_1/feature_transform_dense_layer_2_dense_layer_1/Relu
Inputs:
	point_net_1/feature_transform_1/feature_transform_dense_layer_2_dense_layer_1/batch_normalization_32_1/batchnorm/add_1:0=Add, [-1, 256], 1
Outpus:
	point_net_1/feature_transform_1/feature_transform_dense_layer_2_dense_layer_1/Relu:0=[-1, 256], 1
2026-01-29 09:12:58,977 - tf2onnx.tfonnx - DEBUG - Process node: point_net_1/feature_transform_1/ExpandDims_1
OP=ExpandDims
Name=point_net_1/feature_transform_1/ExpandDims_1
Inputs:
	point_net_1/feature_transform_1/feature_transform_dense_layer_2_dense_layer_1/Relu:0=Relu, [-1, 256], 1
	point_net_1/feature_transform_1/ExpandDims_1/dim:0=Const, [], 6
Outpus:
	point_net_1/feature_transform_1/ExpandDims_1:0=[-1, 1, 256], 1
2026-01-29 09:12:58,977 - tf2onnx.graph - DEBUG - Making node: Name=point_net_1/feature_transform_1/ExpandDims_1__236, OP=Cast
2026-01-29 09:12:58,977 - tf2onnx.graph - DEBUG - Infer shape and dtype for [point_net_1/feature_transform_1/ExpandDims_1__236]
2026-01-29 09:12:58,978 - tf2onnx.graph - DEBUG - Set dtype of [point_net_1/feature_transform_1/ExpandDims_1__236:0] to 7
2026-01-29 09:12:58,978 - tf2onnx.graph - DEBUG - Set shape of [point_net_1/feature_transform_1/ExpandDims_1__236:0] to []
2026-01-29 09:12:58,978 - tf2onnx.graph - DEBUG - Made node: point_net_1/feature_transform_1/ExpandDims_1__236
OP=Cast
Name=point_net_1/feature_transform_1/ExpandDims_1__236
Inputs:
	point_net_1/feature_transform_1/ExpandDims_1/dim:0=Const, [], 6
Outpus:
	point_net_1/feature_transform_1/ExpandDims_1__236:0=[], 7
2026-01-29 09:12:58,979 - tf2onnx.graph - DEBUG - Making node: Name=reshape_const__237, OP=Const
2026-01-29 09:12:58,979 - tf2onnx.graph - DEBUG - Made node: reshape_const__237
OP=Const
Name=reshape_const__237
Outpus:
	reshape_const__237=None, 7
2026-01-29 09:12:58,979 - tf2onnx.graph - DEBUG - Making node: Name=Reshape__238, OP=Reshape
2026-01-29 09:12:58,980 - tf2onnx.graph - DEBUG - Infer shape and dtype for [Reshape__238]
2026-01-29 09:12:58,980 - tf2onnx.graph - DEBUG - Set dtype of [Reshape__238:0] to 7
2026-01-29 09:12:58,980 - tf2onnx.graph - DEBUG - Set shape of [Reshape__238:0] to [1]
2026-01-29 09:12:58,981 - tf2onnx.graph - DEBUG - Made node: Reshape__238
OP=Reshape
Name=Reshape__238
Inputs:
	point_net_1/feature_transform_1/ExpandDims_1__236:0=Cast, [], 7
	reshape_const__237=Const, [1], 7
Outpus:
	Reshape__238:0=[1], 7
2026-01-29 09:12:58,981 - tf2onnx.tfonnx - DEBUG - Process node: point_net_1/feature_transform_1/MatMul
OP=BatchMatMulV2
Name=point_net_1/feature_transform_1/MatMul
Inputs:
	point_net_1/feature_transform_1/ExpandDims_1:0=Unsqueeze, [-1, 1, 256], 1
	point_net_1/feature_transform_1/MatMul/ReadVariableOp:0=Const, [256, 4096], 1
Outpus:
	point_net_1/feature_transform_1/MatMul:0=[-1, 1, 4096], 1
2026-01-29 09:12:58,981 - tf2onnx.tfonnx - DEBUG - Process node: point_net_1/feature_transform_1/Squeeze_1
OP=Squeeze
Name=point_net_1/feature_transform_1/Squeeze_1
Inputs:
	point_net_1/feature_transform_1/MatMul:0=MatMul, [-1, 1, 4096], 1
Outpus:
	point_net_1/feature_transform_1/Squeeze_1:0=[-1, 4096], 1
2026-01-29 09:12:58,982 - tf2onnx.graph - DEBUG - Making node: Name=axes_const__239, OP=Const
2026-01-29 09:12:58,982 - tf2onnx.graph - DEBUG - Made node: axes_const__239
OP=Const
Name=axes_const__239
Outpus:
	axes_const__239=None, 7
2026-01-29 09:12:58,982 - tf2onnx.tfonnx - DEBUG - Process node: point_net_1/feature_transform_1/Reshape
OP=Reshape
Name=point_net_1/feature_transform_1/Reshape
Inputs:
	point_net_1/feature_transform_1/Squeeze_1:0=Squeeze, [-1, 4096], 1
	point_net_1/feature_transform_1/Reshape/shape:0=Const, [3], 6
Outpus:
	point_net_1/feature_transform_1/Reshape:0=[-1, 64, 64], 1
2026-01-29 09:12:58,983 - tf2onnx.graph - DEBUG - Making node: Name=point_net_1/feature_transform_1/Reshape__240, OP=Cast
2026-01-29 09:12:58,983 - tf2onnx.graph - DEBUG - Infer shape and dtype for [point_net_1/feature_transform_1/Reshape__240]
2026-01-29 09:12:58,983 - tf2onnx.graph - DEBUG - Set dtype of [point_net_1/feature_transform_1/Reshape__240:0] to 7
2026-01-29 09:12:58,984 - tf2onnx.graph - DEBUG - Set shape of [point_net_1/feature_transform_1/Reshape__240:0] to [3]
2026-01-29 09:12:58,984 - tf2onnx.graph - DEBUG - Made node: point_net_1/feature_transform_1/Reshape__240
OP=Cast
Name=point_net_1/feature_transform_1/Reshape__240
Inputs:
	point_net_1/feature_transform_1/Reshape/shape:0=Const, [3], 6
Outpus:
	point_net_1/feature_transform_1/Reshape__240:0=[3], 7
2026-01-29 09:12:58,984 - tf2onnx.tfonnx - DEBUG - Process node: point_net_1/feature_transform_1/add
OP=AddV2
Name=point_net_1/feature_transform_1/add
Inputs:
	point_net_1/feature_transform_1/Reshape:0=Reshape, [-1, 64, 64], 1
	point_net_1/feature_transform_1/add/ReadVariableOp:0=Const, [64, 64], 1
Outpus:
	point_net_1/feature_transform_1/add:0=[-1, 64, 64], 1
2026-01-29 09:12:58,985 - tf2onnx.tfonnx - DEBUG - Process node: point_net_1/MatMul_1
OP=BatchMatMulV2
Name=point_net_1/MatMul_1
Inputs:
	point_net_1/Squeeze:0=Squeeze, [-1, 8192, 64], 1
	point_net_1/feature_transform_1/add:0=Add, [-1, 64, 64], 1
Outpus:
	point_net_1/MatMul_1:0=[-1, 8192, 64], 1
2026-01-29 09:12:58,985 - tf2onnx.tfonnx - DEBUG - Process node: point_net_1/ExpandDims_1
OP=ExpandDims
Name=point_net_1/ExpandDims_1
Inputs:
	point_net_1/MatMul_1:0=MatMul, [-1, 8192, 64], 1
	point_net_1/ExpandDims_1/dim:0=Const, [], 6
Outpus:
	point_net_1/ExpandDims_1:0=[-1, 8192, 1, 64], 1
2026-01-29 09:12:58,985 - tf2onnx.graph - DEBUG - Making node: Name=point_net_1/ExpandDims_1__241, OP=Cast
2026-01-29 09:12:58,985 - tf2onnx.graph - DEBUG - Infer shape and dtype for [point_net_1/ExpandDims_1__241]
2026-01-29 09:12:58,986 - tf2onnx.graph - DEBUG - Set dtype of [point_net_1/ExpandDims_1__241:0] to 7
2026-01-29 09:12:58,986 - tf2onnx.graph - DEBUG - Set shape of [point_net_1/ExpandDims_1__241:0] to []
2026-01-29 09:12:58,986 - tf2onnx.graph - DEBUG - Made node: point_net_1/ExpandDims_1__241
OP=Cast
Name=point_net_1/ExpandDims_1__241
Inputs:
	point_net_1/ExpandDims_1/dim:0=Const, [], 6
Outpus:
	point_net_1/ExpandDims_1__241:0=[], 7
2026-01-29 09:12:58,987 - tf2onnx.graph - DEBUG - Making node: Name=reshape_const__242, OP=Const
2026-01-29 09:12:58,987 - tf2onnx.graph - DEBUG - Made node: reshape_const__242
OP=Const
Name=reshape_const__242
Outpus:
	reshape_const__242=None, 7
2026-01-29 09:12:58,987 - tf2onnx.graph - DEBUG - Making node: Name=Reshape__243, OP=Reshape
2026-01-29 09:12:58,988 - tf2onnx.graph - DEBUG - Infer shape and dtype for [Reshape__243]
2026-01-29 09:12:58,988 - tf2onnx.graph - DEBUG - Set dtype of [Reshape__243:0] to 7
2026-01-29 09:12:58,988 - tf2onnx.graph - DEBUG - Set shape of [Reshape__243:0] to [1]
2026-01-29 09:12:58,989 - tf2onnx.graph - DEBUG - Made node: Reshape__243
OP=Reshape
Name=Reshape__243
Inputs:
	point_net_1/ExpandDims_1__241:0=Cast, [], 7
	reshape_const__242=Const, [1], 7
Outpus:
	Reshape__243:0=[1], 7
2026-01-29 09:12:58,989 - tf2onnx.tfonnx - DEBUG - Process node: point_net_1/s2_l1_64_convolution_layer_1/batch_normalization_33_1/batchnorm/mul_1
OP=Conv2D
Name=point_net_1/s2_l1_64_convolution_layer_1/batch_normalization_33_1/batchnorm/mul_1
Inputs:
	point_net_1/ExpandDims_1:0=Unsqueeze, [-1, 8192, 1, 64], 1
	point_net_1/s2_l1_64_convolution_layer_1/s2_l1_64_convolution_layer_1/convolution/merged_input:0=Const, [1, 1, 64, 64], 1
Outpus:
	point_net_1/s2_l1_64_convolution_layer_1/batch_normalization_33_1/batchnorm/mul_1:0=[-1, 8192, 1, 64], 1
2026-01-29 09:12:58,989 - tf2onnx.graph - DEBUG - Making node: Name=point_net_1/s2_l1_64_convolution_layer_1/batch_normalization_33_1/batchnorm/mul_1__244, OP=Transpose
2026-01-29 09:12:58,990 - tf2onnx.graph - DEBUG - Infer shape and dtype for [point_net_1/s2_l1_64_convolution_layer_1/batch_normalization_33_1/batchnorm/mul_1__244]
2026-01-29 09:12:58,990 - tf2onnx.graph - DEBUG - Set dtype of [point_net_1/s2_l1_64_convolution_layer_1/batch_normalization_33_1/batchnorm/mul_1__244:0] to 1
2026-01-29 09:12:58,991 - tf2onnx.graph - DEBUG - Set shape of [point_net_1/s2_l1_64_convolution_layer_1/batch_normalization_33_1/batchnorm/mul_1__244:0] to [64, 1, 8192, -1]
2026-01-29 09:12:58,991 - tf2onnx.graph - DEBUG - Made node: point_net_1/s2_l1_64_convolution_layer_1/batch_normalization_33_1/batchnorm/mul_1__244
OP=Transpose
Name=point_net_1/s2_l1_64_convolution_layer_1/batch_normalization_33_1/batchnorm/mul_1__244
Inputs:
	point_net_1/ExpandDims_1:0=Unsqueeze, [-1, 8192, 1, 64], 1
Outpus:
	point_net_1/s2_l1_64_convolution_layer_1/batch_normalization_33_1/batchnorm/mul_1__244:0=[64, 1, 8192, -1], 1
2026-01-29 09:12:58,991 - tf2onnx.graph - DEBUG - Making node: Name=point_net_1/s2_l1_64_convolution_layer_1/batch_normalization_33_1/batchnorm/mul_1__246, OP=Transpose
2026-01-29 09:12:58,992 - tf2onnx.graph - DEBUG - Infer shape and dtype for [point_net_1/s2_l1_64_convolution_layer_1/batch_normalization_33_1/batchnorm/mul_1__246]
2026-01-29 09:12:58,992 - tf2onnx.graph - DEBUG - Set dtype of [point_net_1/s2_l1_64_convolution_layer_1/batch_normalization_33_1/batchnorm/mul_1__246:0] to 1
2026-01-29 09:12:58,992 - tf2onnx.graph - DEBUG - Set shape of [point_net_1/s2_l1_64_convolution_layer_1/batch_normalization_33_1/batchnorm/mul_1__246:0] to [64, 1, 8192, -1]
2026-01-29 09:12:58,993 - tf2onnx.graph - DEBUG - Made node: point_net_1/s2_l1_64_convolution_layer_1/batch_normalization_33_1/batchnorm/mul_1__246
OP=Transpose
Name=point_net_1/s2_l1_64_convolution_layer_1/batch_normalization_33_1/batchnorm/mul_1__246
Inputs:
	point_net_1/s2_l1_64_convolution_layer_1/batch_normalization_33_1/batchnorm/mul_1:0=Conv, [-1, 8192, 1, 64], 1
Outpus:
	point_net_1/s2_l1_64_convolution_layer_1/batch_normalization_33_1/batchnorm/mul_1__246:0=[64, 1, 8192, -1], 1
2026-01-29 09:12:58,993 - tf2onnx.tfonnx - DEBUG - Process node: point_net_1/s2_l1_64_convolution_layer_1/batch_normalization_33_1/batchnorm/add_1
OP=AddV2
Name=point_net_1/s2_l1_64_convolution_layer_1/batch_normalization_33_1/batchnorm/add_1
Inputs:
	point_net_1/s2_l1_64_convolution_layer_1/batch_normalization_33_1/batchnorm/mul_1__246:0=Transpose, [-1, 8192, 1, 64], 1
	point_net_1/s2_l1_64_convolution_layer_1/batch_normalization_33_1/batchnorm/sub:0=Const, [64], 1
Outpus:
	point_net_1/s2_l1_64_convolution_layer_1/batch_normalization_33_1/batchnorm/add_1:0=[-1, 8192, 1, 64], 1
2026-01-29 09:12:58,993 - tf2onnx.tfonnx - DEBUG - Process node: point_net_1/s2_l1_64_convolution_layer_1/Relu
OP=Relu
Name=point_net_1/s2_l1_64_convolution_layer_1/Relu
Inputs:
	point_net_1/s2_l1_64_convolution_layer_1/batch_normalization_33_1/batchnorm/add_1:0=Add, [-1, 8192, 1, 64], 1
Outpus:
	point_net_1/s2_l1_64_convolution_layer_1/Relu:0=[-1, 8192, 1, 64], 1
2026-01-29 09:12:58,994 - tf2onnx.tfonnx - DEBUG - Process node: point_net_1/s2_l2_128_convolution_layer_1/batch_normalization_34_1/batchnorm/mul_1
OP=Conv2D
Name=point_net_1/s2_l2_128_convolution_layer_1/batch_normalization_34_1/batchnorm/mul_1
Inputs:
	point_net_1/s2_l1_64_convolution_layer_1/Relu:0=Relu, [-1, 8192, 1, 64], 1
	point_net_1/s2_l2_128_convolution_layer_1/s2_l2_128_convolution_layer_1/convolution/merged_input:0=Const, [1, 1, 64, 128], 1
Outpus:
	point_net_1/s2_l2_128_convolution_layer_1/batch_normalization_34_1/batchnorm/mul_1:0=[-1, 8192, 1, 128], 1
2026-01-29 09:12:58,994 - tf2onnx.graph - DEBUG - Making node: Name=point_net_1/s2_l2_128_convolution_layer_1/batch_normalization_34_1/batchnorm/mul_1__248, OP=Transpose
2026-01-29 09:12:58,995 - tf2onnx.graph - DEBUG - Infer shape and dtype for [point_net_1/s2_l2_128_convolution_layer_1/batch_normalization_34_1/batchnorm/mul_1__248]
2026-01-29 09:12:58,995 - tf2onnx.graph - DEBUG - Set dtype of [point_net_1/s2_l2_128_convolution_layer_1/batch_normalization_34_1/batchnorm/mul_1__248:0] to 1
2026-01-29 09:12:58,995 - tf2onnx.graph - DEBUG - Set shape of [point_net_1/s2_l2_128_convolution_layer_1/batch_normalization_34_1/batchnorm/mul_1__248:0] to [64, 1, 8192, -1]
2026-01-29 09:12:58,996 - tf2onnx.graph - DEBUG - Made node: point_net_1/s2_l2_128_convolution_layer_1/batch_normalization_34_1/batchnorm/mul_1__248
OP=Transpose
Name=point_net_1/s2_l2_128_convolution_layer_1/batch_normalization_34_1/batchnorm/mul_1__248
Inputs:
	point_net_1/s2_l1_64_convolution_layer_1/Relu:0=Relu, [-1, 8192, 1, 64], 1
Outpus:
	point_net_1/s2_l2_128_convolution_layer_1/batch_normalization_34_1/batchnorm/mul_1__248:0=[64, 1, 8192, -1], 1
2026-01-29 09:12:58,996 - tf2onnx.graph - DEBUG - Making node: Name=point_net_1/s2_l2_128_convolution_layer_1/batch_normalization_34_1/batchnorm/mul_1__250, OP=Transpose
2026-01-29 09:12:58,996 - tf2onnx.graph - DEBUG - Infer shape and dtype for [point_net_1/s2_l2_128_convolution_layer_1/batch_normalization_34_1/batchnorm/mul_1__250]
2026-01-29 09:12:58,997 - tf2onnx.graph - DEBUG - Set dtype of [point_net_1/s2_l2_128_convolution_layer_1/batch_normalization_34_1/batchnorm/mul_1__250:0] to 1
2026-01-29 09:12:58,997 - tf2onnx.graph - DEBUG - Set shape of [point_net_1/s2_l2_128_convolution_layer_1/batch_normalization_34_1/batchnorm/mul_1__250:0] to [128, 1, 8192, -1]
2026-01-29 09:12:58,997 - tf2onnx.graph - DEBUG - Made node: point_net_1/s2_l2_128_convolution_layer_1/batch_normalization_34_1/batchnorm/mul_1__250
OP=Transpose
Name=point_net_1/s2_l2_128_convolution_layer_1/batch_normalization_34_1/batchnorm/mul_1__250
Inputs:
	point_net_1/s2_l2_128_convolution_layer_1/batch_normalization_34_1/batchnorm/mul_1:0=Conv, [-1, 8192, 1, 128], 1
Outpus:
	point_net_1/s2_l2_128_convolution_layer_1/batch_normalization_34_1/batchnorm/mul_1__250:0=[128, 1, 8192, -1], 1
2026-01-29 09:12:58,998 - tf2onnx.tfonnx - DEBUG - Process node: point_net_1/s2_l2_128_convolution_layer_1/batch_normalization_34_1/batchnorm/add_1
OP=AddV2
Name=point_net_1/s2_l2_128_convolution_layer_1/batch_normalization_34_1/batchnorm/add_1
Inputs:
	point_net_1/s2_l2_128_convolution_layer_1/batch_normalization_34_1/batchnorm/mul_1__250:0=Transpose, [-1, 8192, 1, 128], 1
	point_net_1/s2_l2_128_convolution_layer_1/batch_normalization_34_1/batchnorm/sub:0=Const, [128], 1
Outpus:
	point_net_1/s2_l2_128_convolution_layer_1/batch_normalization_34_1/batchnorm/add_1:0=[-1, 8192, 1, 128], 1
2026-01-29 09:12:58,998 - tf2onnx.tfonnx - DEBUG - Process node: point_net_1/s2_l2_128_convolution_layer_1/Relu
OP=Relu
Name=point_net_1/s2_l2_128_convolution_layer_1/Relu
Inputs:
	point_net_1/s2_l2_128_convolution_layer_1/batch_normalization_34_1/batchnorm/add_1:0=Add, [-1, 8192, 1, 128], 1
Outpus:
	point_net_1/s2_l2_128_convolution_layer_1/Relu:0=[-1, 8192, 1, 128], 1
2026-01-29 09:12:58,998 - tf2onnx.tfonnx - DEBUG - Process node: point_net_1/s2_l3_1024_convolution_layer_1/batch_normalization_35_1/batchnorm/mul_1
OP=Conv2D
Name=point_net_1/s2_l3_1024_convolution_layer_1/batch_normalization_35_1/batchnorm/mul_1
Inputs:
	point_net_1/s2_l2_128_convolution_layer_1/Relu:0=Relu, [-1, 8192, 1, 128], 1
	point_net_1/s2_l3_1024_convolution_layer_1/s2_l3_1024_convolution_layer_1/convolution/merged_input:0=Const, [1, 1, 128, 1024], 1
Outpus:
	point_net_1/s2_l3_1024_convolution_layer_1/batch_normalization_35_1/batchnorm/mul_1:0=[-1, 8192, 1, 1024], 1
2026-01-29 09:12:58,999 - tf2onnx.graph - DEBUG - Making node: Name=point_net_1/s2_l3_1024_convolution_layer_1/batch_normalization_35_1/batchnorm/mul_1__252, OP=Transpose
2026-01-29 09:12:58,999 - tf2onnx.graph - DEBUG - Infer shape and dtype for [point_net_1/s2_l3_1024_convolution_layer_1/batch_normalization_35_1/batchnorm/mul_1__252]
2026-01-29 09:12:58,999 - tf2onnx.graph - DEBUG - Set dtype of [point_net_1/s2_l3_1024_convolution_layer_1/batch_normalization_35_1/batchnorm/mul_1__252:0] to 1
2026-01-29 09:12:59,000 - tf2onnx.graph - DEBUG - Set shape of [point_net_1/s2_l3_1024_convolution_layer_1/batch_normalization_35_1/batchnorm/mul_1__252:0] to [128, 1, 8192, -1]
2026-01-29 09:12:59,000 - tf2onnx.graph - DEBUG - Made node: point_net_1/s2_l3_1024_convolution_layer_1/batch_normalization_35_1/batchnorm/mul_1__252
OP=Transpose
Name=point_net_1/s2_l3_1024_convolution_layer_1/batch_normalization_35_1/batchnorm/mul_1__252
Inputs:
	point_net_1/s2_l2_128_convolution_layer_1/Relu:0=Relu, [-1, 8192, 1, 128], 1
Outpus:
	point_net_1/s2_l3_1024_convolution_layer_1/batch_normalization_35_1/batchnorm/mul_1__252:0=[128, 1, 8192, -1], 1
2026-01-29 09:12:59,001 - tf2onnx.graph - DEBUG - Making node: Name=point_net_1/s2_l3_1024_convolution_layer_1/batch_normalization_35_1/batchnorm/mul_1__254, OP=Transpose
2026-01-29 09:12:59,001 - tf2onnx.graph - DEBUG - Infer shape and dtype for [point_net_1/s2_l3_1024_convolution_layer_1/batch_normalization_35_1/batchnorm/mul_1__254]
2026-01-29 09:12:59,002 - tf2onnx.graph - DEBUG - Set dtype of [point_net_1/s2_l3_1024_convolution_layer_1/batch_normalization_35_1/batchnorm/mul_1__254:0] to 1
2026-01-29 09:12:59,002 - tf2onnx.graph - DEBUG - Set shape of [point_net_1/s2_l3_1024_convolution_layer_1/batch_normalization_35_1/batchnorm/mul_1__254:0] to [1024, 1, 8192, -1]
2026-01-29 09:12:59,002 - tf2onnx.graph - DEBUG - Made node: point_net_1/s2_l3_1024_convolution_layer_1/batch_normalization_35_1/batchnorm/mul_1__254
OP=Transpose
Name=point_net_1/s2_l3_1024_convolution_layer_1/batch_normalization_35_1/batchnorm/mul_1__254
Inputs:
	point_net_1/s2_l3_1024_convolution_layer_1/batch_normalization_35_1/batchnorm/mul_1:0=Conv, [-1, 8192, 1, 1024], 1
Outpus:
	point_net_1/s2_l3_1024_convolution_layer_1/batch_normalization_35_1/batchnorm/mul_1__254:0=[1024, 1, 8192, -1], 1
2026-01-29 09:12:59,003 - tf2onnx.tfonnx - DEBUG - Process node: point_net_1/s2_l3_1024_convolution_layer_1/batch_normalization_35_1/batchnorm/add_1
OP=AddV2
Name=point_net_1/s2_l3_1024_convolution_layer_1/batch_normalization_35_1/batchnorm/add_1
Inputs:
	point_net_1/s2_l3_1024_convolution_layer_1/batch_normalization_35_1/batchnorm/mul_1__254:0=Transpose, [-1, 8192, 1, 1024], 1
	point_net_1/s2_l3_1024_convolution_layer_1/batch_normalization_35_1/batchnorm/sub:0=Const, [1024], 1
Outpus:
	point_net_1/s2_l3_1024_convolution_layer_1/batch_normalization_35_1/batchnorm/add_1:0=[-1, 8192, 1, 1024], 1
2026-01-29 09:12:59,003 - tf2onnx.tfonnx - DEBUG - Process node: point_net_1/s2_l3_1024_convolution_layer_1/Relu
OP=Relu
Name=point_net_1/s2_l3_1024_convolution_layer_1/Relu
Inputs:
	point_net_1/s2_l3_1024_convolution_layer_1/batch_normalization_35_1/batchnorm/add_1:0=Add, [-1, 8192, 1, 1024], 1
Outpus:
	point_net_1/s2_l3_1024_convolution_layer_1/Relu:0=[-1, 8192, 1, 1024], 1
2026-01-29 09:12:59,003 - tf2onnx.tfonnx - DEBUG - Process node: point_net_1/Squeeze_1
OP=Squeeze
Name=point_net_1/Squeeze_1
Inputs:
	point_net_1/s2_l3_1024_convolution_layer_1/Relu:0=Relu, [-1, 8192, 1, 1024], 1
Outpus:
	point_net_1/Squeeze_1:0=[-1, 8192, 1024], 1
2026-01-29 09:12:59,004 - tf2onnx.graph - DEBUG - Making node: Name=axes_const__256, OP=Const
2026-01-29 09:12:59,004 - tf2onnx.graph - DEBUG - Made node: axes_const__256
OP=Const
Name=axes_const__256
Outpus:
	axes_const__256=None, 7
2026-01-29 09:12:59,004 - tf2onnx.tfonnx - DEBUG - Process node: point_net_1/Max
OP=Max
Name=point_net_1/Max
Inputs:
	point_net_1/Squeeze_1:0=Squeeze, [-1, 8192, 1024], 1
	point_net_1/Max/reduction_indices:0=Const, [], 6
Outpus:
	point_net_1/Max:0=[-1, 1024], 1
2026-01-29 09:12:59,005 - tf2onnx.tfonnx - DEBUG - Process node: point_net_1/s3_l1_512_dense_layer_1/s3_l1_512_dense_layer_1/MatMul
OP=MatMul
Name=point_net_1/s3_l1_512_dense_layer_1/s3_l1_512_dense_layer_1/MatMul
Inputs:
	point_net_1/Max:0=ReduceMax, [-1, 1024], 1
	point_net_1/s3_l1_512_dense_layer_1/s3_l1_512_dense_layer_1/Cast/ReadVariableOp:0=Const, [1024, 512], 1
Outpus:
	point_net_1/s3_l1_512_dense_layer_1/s3_l1_512_dense_layer_1/MatMul:0=[-1, 512], 1
2026-01-29 09:12:59,005 - tf2onnx.tfonnx - DEBUG - Process node: point_net_1/s3_l1_512_dense_layer_1/batch_normalization_36_1/batchnorm/mul_1
OP=Mul
Name=point_net_1/s3_l1_512_dense_layer_1/batch_normalization_36_1/batchnorm/mul_1
Inputs:
	point_net_1/s3_l1_512_dense_layer_1/s3_l1_512_dense_layer_1/MatMul:0=MatMul, [-1, 512], 1
	point_net_1/s3_l1_512_dense_layer_1/batch_normalization_36_1/batchnorm/mul:0=Const, [512], 1
Outpus:
	point_net_1/s3_l1_512_dense_layer_1/batch_normalization_36_1/batchnorm/mul_1:0=[-1, 512], 1
2026-01-29 09:12:59,005 - tf2onnx.tfonnx - DEBUG - Process node: point_net_1/s3_l1_512_dense_layer_1/batch_normalization_36_1/batchnorm/add_1
OP=AddV2
Name=point_net_1/s3_l1_512_dense_layer_1/batch_normalization_36_1/batchnorm/add_1
Inputs:
	point_net_1/s3_l1_512_dense_layer_1/batch_normalization_36_1/batchnorm/mul_1:0=Mul, [-1, 512], 1
	point_net_1/s3_l1_512_dense_layer_1/batch_normalization_36_1/batchnorm/sub:0=Const, [512], 1
Outpus:
	point_net_1/s3_l1_512_dense_layer_1/batch_normalization_36_1/batchnorm/add_1:0=[-1, 512], 1
2026-01-29 09:12:59,006 - tf2onnx.tfonnx - DEBUG - Process node: point_net_1/s3_l1_512_dense_layer_1/Relu
OP=Relu
Name=point_net_1/s3_l1_512_dense_layer_1/Relu
Inputs:
	point_net_1/s3_l1_512_dense_layer_1/batch_normalization_36_1/batchnorm/add_1:0=Add, [-1, 512], 1
Outpus:
	point_net_1/s3_l1_512_dense_layer_1/Relu:0=[-1, 512], 1
2026-01-29 09:12:59,006 - tf2onnx.tfonnx - DEBUG - Process node: point_net_1/s3_l2_256_dense_layer_1/s3_l2_256_dense_layer_1/MatMul
OP=MatMul
Name=point_net_1/s3_l2_256_dense_layer_1/s3_l2_256_dense_layer_1/MatMul
Inputs:
	point_net_1/s3_l1_512_dense_layer_1/Relu:0=Relu, [-1, 512], 1
	point_net_1/s3_l2_256_dense_layer_1/s3_l2_256_dense_layer_1/Cast/ReadVariableOp:0=Const, [512, 256], 1
Outpus:
	point_net_1/s3_l2_256_dense_layer_1/s3_l2_256_dense_layer_1/MatMul:0=[-1, 256], 1
2026-01-29 09:12:59,006 - tf2onnx.tfonnx - DEBUG - Process node: point_net_1/s3_l2_256_dense_layer_1/batch_normalization_37_1/batchnorm/mul_1
OP=Mul
Name=point_net_1/s3_l2_256_dense_layer_1/batch_normalization_37_1/batchnorm/mul_1
Inputs:
	point_net_1/s3_l2_256_dense_layer_1/s3_l2_256_dense_layer_1/MatMul:0=MatMul, [-1, 256], 1
	point_net_1/s3_l2_256_dense_layer_1/batch_normalization_37_1/batchnorm/mul:0=Const, [256], 1
Outpus:
	point_net_1/s3_l2_256_dense_layer_1/batch_normalization_37_1/batchnorm/mul_1:0=[-1, 256], 1
2026-01-29 09:12:59,006 - tf2onnx.tfonnx - DEBUG - Process node: point_net_1/s3_l2_256_dense_layer_1/batch_normalization_37_1/batchnorm/add_1
OP=AddV2
Name=point_net_1/s3_l2_256_dense_layer_1/batch_normalization_37_1/batchnorm/add_1
Inputs:
	point_net_1/s3_l2_256_dense_layer_1/batch_normalization_37_1/batchnorm/mul_1:0=Mul, [-1, 256], 1
	point_net_1/s3_l2_256_dense_layer_1/batch_normalization_37_1/batchnorm/sub:0=Const, [256], 1
Outpus:
	point_net_1/s3_l2_256_dense_layer_1/batch_normalization_37_1/batchnorm/add_1:0=[-1, 256], 1
2026-01-29 09:12:59,007 - tf2onnx.tfonnx - DEBUG - Process node: point_net_1/s3_l2_256_dense_layer_1/Relu
OP=Relu
Name=point_net_1/s3_l2_256_dense_layer_1/Relu
Inputs:
	point_net_1/s3_l2_256_dense_layer_1/batch_normalization_37_1/batchnorm/add_1:0=Add, [-1, 256], 1
Outpus:
	point_net_1/s3_l2_256_dense_layer_1/Relu:0=[-1, 256], 1
2026-01-29 09:12:59,007 - tf2onnx.tfonnx - DEBUG - Process node: point_net_1/output_dense_layer_1/output_dense_layer_1/MatMul
OP=MatMul
Name=point_net_1/output_dense_layer_1/output_dense_layer_1/MatMul
Inputs:
	point_net_1/s3_l2_256_dense_layer_1/Relu:0=Relu, [-1, 256], 1
	point_net_1/output_dense_layer_1/output_dense_layer_1/Cast/ReadVariableOp:0=Const, [256, 23], 1
Outpus:
	point_net_1/output_dense_layer_1/output_dense_layer_1/MatMul:0=[-1, 23], 1
2026-01-29 09:12:59,007 - tf2onnx.tfonnx - DEBUG - Process node: point_net_1/output_dense_layer_1/output_dense_layer_1/BiasAdd
OP=BiasAdd
Name=point_net_1/output_dense_layer_1/output_dense_layer_1/BiasAdd
Inputs:
	point_net_1/output_dense_layer_1/output_dense_layer_1/MatMul:0=MatMul, [-1, 23], 1
	point_net_1/output_dense_layer_1/output_dense_layer_1/BiasAdd/ReadVariableOp:0=Const, [23], 1
Outpus:
	point_net_1/output_dense_layer_1/output_dense_layer_1/BiasAdd:0=[-1, 23], 1
2026-01-29 09:12:59,008 - tf2onnx.tfonnx - DEBUG - Process node: point_net_1/output_dense_layer_1/Softmax
OP=Softmax
Name=point_net_1/output_dense_layer_1/Softmax
Inputs:
	point_net_1/output_dense_layer_1/output_dense_layer_1/BiasAdd:0=Add, [-1, 23], 1
Outpus:
	point_net_1/output_dense_layer_1/Softmax:0=[-1, 23], 1
2026-01-29 09:12:59,008 - tf2onnx.tfonnx - DEBUG - Process node: point_net_1/ExpandDims_2
OP=ExpandDims
Name=point_net_1/ExpandDims_2
Inputs:
	point_net_1/Max:0=ReduceMax, [-1, 1024], 1
	point_net_1/ExpandDims_2/dim:0=Const, [], 6
Outpus:
	point_net_1/ExpandDims_2:0=[-1, 1, 1024], 1
2026-01-29 09:12:59,008 - tf2onnx.graph - DEBUG - Making node: Name=point_net_1/ExpandDims_2__257, OP=Cast
2026-01-29 09:12:59,009 - tf2onnx.graph - DEBUG - Infer shape and dtype for [point_net_1/ExpandDims_2__257]
2026-01-29 09:12:59,009 - tf2onnx.graph - DEBUG - Set dtype of [point_net_1/ExpandDims_2__257:0] to 7
2026-01-29 09:12:59,010 - tf2onnx.graph - DEBUG - Set shape of [point_net_1/ExpandDims_2__257:0] to []
2026-01-29 09:12:59,010 - tf2onnx.graph - DEBUG - Made node: point_net_1/ExpandDims_2__257
OP=Cast
Name=point_net_1/ExpandDims_2__257
Inputs:
	point_net_1/ExpandDims_2/dim:0=Const, [], 6
Outpus:
	point_net_1/ExpandDims_2__257:0=[], 7
2026-01-29 09:12:59,010 - tf2onnx.graph - DEBUG - Making node: Name=reshape_const__258, OP=Const
2026-01-29 09:12:59,010 - tf2onnx.graph - DEBUG - Made node: reshape_const__258
OP=Const
Name=reshape_const__258
Outpus:
	reshape_const__258=None, 7
2026-01-29 09:12:59,011 - tf2onnx.graph - DEBUG - Making node: Name=Reshape__259, OP=Reshape
2026-01-29 09:12:59,011 - tf2onnx.graph - DEBUG - Infer shape and dtype for [Reshape__259]
2026-01-29 09:12:59,012 - tf2onnx.graph - DEBUG - Set dtype of [Reshape__259:0] to 7
2026-01-29 09:12:59,012 - tf2onnx.graph - DEBUG - Set shape of [Reshape__259:0] to [1]
2026-01-29 09:12:59,012 - tf2onnx.graph - DEBUG - Made node: Reshape__259
OP=Reshape
Name=Reshape__259
Inputs:
	point_net_1/ExpandDims_2__257:0=Cast, [], 7
	reshape_const__258=Const, [1], 7
Outpus:
	Reshape__259:0=[1], 7
2026-01-29 09:12:59,012 - tf2onnx.tfonnx - DEBUG - Process node: point_net_1/Tile
OP=Tile
Name=point_net_1/Tile
Inputs:
	point_net_1/ExpandDims_2:0=Unsqueeze, [-1, 1, 1024], 1
	point_net_1/Tile/multiples:0=Const, [3], 6
Outpus:
	point_net_1/Tile:0=[-1, 8192, 1024], 1
2026-01-29 09:12:59,013 - tf2onnx.graph - DEBUG - Making node: Name=point_net_1/Tile__260, OP=Cast
2026-01-29 09:12:59,013 - tf2onnx.graph - DEBUG - Infer shape and dtype for [point_net_1/Tile__260]
2026-01-29 09:12:59,013 - tf2onnx.graph - DEBUG - Set dtype of [point_net_1/Tile__260:0] to 7
2026-01-29 09:12:59,014 - tf2onnx.graph - DEBUG - Set shape of [point_net_1/Tile__260:0] to [3]
2026-01-29 09:12:59,014 - tf2onnx.graph - DEBUG - Made node: point_net_1/Tile__260
OP=Cast
Name=point_net_1/Tile__260
Inputs:
	point_net_1/Tile/multiples:0=Const, [3], 6
Outpus:
	point_net_1/Tile__260:0=[3], 7
2026-01-29 09:12:59,014 - tf2onnx.tfonnx - DEBUG - Process node: point_net_1/concat
OP=ConcatV2
Name=point_net_1/concat
Inputs:
	point_net_1/MatMul_1:0=MatMul, [-1, 8192, 64], 1
	point_net_1/Tile:0=Tile, [-1, 8192, 1024], 1
	point_net_1/concat/axis:0=Const, [], 6
Outpus:
	point_net_1/concat:0=[-1, 8192, 1088], 1
2026-01-29 09:12:59,015 - tf2onnx.tfonnx - DEBUG - Process node: point_net_1/ExpandDims_3
OP=ExpandDims
Name=point_net_1/ExpandDims_3
Inputs:
	point_net_1/concat:0=Concat, [-1, 8192, 1088], 1
	point_net_1/ExpandDims_3/dim:0=Const, [], 6
Outpus:
	point_net_1/ExpandDims_3:0=[-1, 8192, 1, 1088], 1
2026-01-29 09:12:59,015 - tf2onnx.graph - DEBUG - Making node: Name=point_net_1/ExpandDims_3__261, OP=Cast
2026-01-29 09:12:59,015 - tf2onnx.graph - DEBUG - Infer shape and dtype for [point_net_1/ExpandDims_3__261]
2026-01-29 09:12:59,016 - tf2onnx.graph - DEBUG - Set dtype of [point_net_1/ExpandDims_3__261:0] to 7
2026-01-29 09:12:59,016 - tf2onnx.graph - DEBUG - Set shape of [point_net_1/ExpandDims_3__261:0] to []
2026-01-29 09:12:59,016 - tf2onnx.graph - DEBUG - Made node: point_net_1/ExpandDims_3__261
OP=Cast
Name=point_net_1/ExpandDims_3__261
Inputs:
	point_net_1/ExpandDims_3/dim:0=Const, [], 6
Outpus:
	point_net_1/ExpandDims_3__261:0=[], 7
2026-01-29 09:12:59,017 - tf2onnx.graph - DEBUG - Making node: Name=reshape_const__262, OP=Const
2026-01-29 09:12:59,017 - tf2onnx.graph - DEBUG - Made node: reshape_const__262
OP=Const
Name=reshape_const__262
Outpus:
	reshape_const__262=None, 7
2026-01-29 09:12:59,017 - tf2onnx.graph - DEBUG - Making node: Name=Reshape__263, OP=Reshape
2026-01-29 09:12:59,018 - tf2onnx.graph - DEBUG - Infer shape and dtype for [Reshape__263]
2026-01-29 09:12:59,018 - tf2onnx.graph - DEBUG - Set dtype of [Reshape__263:0] to 7
2026-01-29 09:12:59,018 - tf2onnx.graph - DEBUG - Set shape of [Reshape__263:0] to [1]
2026-01-29 09:12:59,019 - tf2onnx.graph - DEBUG - Made node: Reshape__263
OP=Reshape
Name=Reshape__263
Inputs:
	point_net_1/ExpandDims_3__261:0=Cast, [], 7
	reshape_const__262=Const, [1], 7
Outpus:
	Reshape__263:0=[1], 7
2026-01-29 09:12:59,019 - tf2onnx.tfonnx - DEBUG - Process node: point_net_1/seg_l1_512_convolution_layer_1/batch_normalization_38_1/batchnorm/mul_1
OP=Conv2D
Name=point_net_1/seg_l1_512_convolution_layer_1/batch_normalization_38_1/batchnorm/mul_1
Inputs:
	point_net_1/ExpandDims_3:0=Unsqueeze, [-1, 8192, 1, 1088], 1
	point_net_1/seg_l1_512_convolution_layer_1/seg_l1_512_convolution_layer_1/convolution/merged_input:0=Const, [1, 1, 1088, 512], 1
Outpus:
	point_net_1/seg_l1_512_convolution_layer_1/batch_normalization_38_1/batchnorm/mul_1:0=[-1, 8192, 1, 512], 1
2026-01-29 09:12:59,019 - tf2onnx.graph - DEBUG - Making node: Name=point_net_1/seg_l1_512_convolution_layer_1/batch_normalization_38_1/batchnorm/mul_1__264, OP=Transpose
2026-01-29 09:12:59,019 - tf2onnx.graph - DEBUG - Infer shape and dtype for [point_net_1/seg_l1_512_convolution_layer_1/batch_normalization_38_1/batchnorm/mul_1__264]
2026-01-29 09:12:59,020 - tf2onnx.graph - DEBUG - Set dtype of [point_net_1/seg_l1_512_convolution_layer_1/batch_normalization_38_1/batchnorm/mul_1__264:0] to 1
2026-01-29 09:12:59,020 - tf2onnx.graph - DEBUG - Set shape of [point_net_1/seg_l1_512_convolution_layer_1/batch_normalization_38_1/batchnorm/mul_1__264:0] to [1088, 1, 8192, -1]
2026-01-29 09:12:59,020 - tf2onnx.graph - DEBUG - Made node: point_net_1/seg_l1_512_convolution_layer_1/batch_normalization_38_1/batchnorm/mul_1__264
OP=Transpose
Name=point_net_1/seg_l1_512_convolution_layer_1/batch_normalization_38_1/batchnorm/mul_1__264
Inputs:
	point_net_1/ExpandDims_3:0=Unsqueeze, [-1, 8192, 1, 1088], 1
Outpus:
	point_net_1/seg_l1_512_convolution_layer_1/batch_normalization_38_1/batchnorm/mul_1__264:0=[1088, 1, 8192, -1], 1
2026-01-29 09:12:59,024 - tf2onnx.graph - DEBUG - Making node: Name=point_net_1/seg_l1_512_convolution_layer_1/batch_normalization_38_1/batchnorm/mul_1__266, OP=Transpose
2026-01-29 09:12:59,024 - tf2onnx.graph - DEBUG - Infer shape and dtype for [point_net_1/seg_l1_512_convolution_layer_1/batch_normalization_38_1/batchnorm/mul_1__266]
2026-01-29 09:12:59,025 - tf2onnx.graph - DEBUG - Set dtype of [point_net_1/seg_l1_512_convolution_layer_1/batch_normalization_38_1/batchnorm/mul_1__266:0] to 1
2026-01-29 09:12:59,025 - tf2onnx.graph - DEBUG - Set shape of [point_net_1/seg_l1_512_convolution_layer_1/batch_normalization_38_1/batchnorm/mul_1__266:0] to [512, 1, 8192, -1]
2026-01-29 09:12:59,026 - tf2onnx.graph - DEBUG - Made node: point_net_1/seg_l1_512_convolution_layer_1/batch_normalization_38_1/batchnorm/mul_1__266
OP=Transpose
Name=point_net_1/seg_l1_512_convolution_layer_1/batch_normalization_38_1/batchnorm/mul_1__266
Inputs:
	point_net_1/seg_l1_512_convolution_layer_1/batch_normalization_38_1/batchnorm/mul_1:0=Conv, [-1, 8192, 1, 512], 1
Outpus:
	point_net_1/seg_l1_512_convolution_layer_1/batch_normalization_38_1/batchnorm/mul_1__266:0=[512, 1, 8192, -1], 1
2026-01-29 09:12:59,026 - tf2onnx.tfonnx - DEBUG - Process node: point_net_1/seg_l1_512_convolution_layer_1/batch_normalization_38_1/batchnorm/add_1
OP=AddV2
Name=point_net_1/seg_l1_512_convolution_layer_1/batch_normalization_38_1/batchnorm/add_1
Inputs:
	point_net_1/seg_l1_512_convolution_layer_1/batch_normalization_38_1/batchnorm/mul_1__266:0=Transpose, [-1, 8192, 1, 512], 1
	point_net_1/seg_l1_512_convolution_layer_1/batch_normalization_38_1/batchnorm/sub:0=Const, [512], 1
Outpus:
	point_net_1/seg_l1_512_convolution_layer_1/batch_normalization_38_1/batchnorm/add_1:0=[-1, 8192, 1, 512], 1
2026-01-29 09:12:59,026 - tf2onnx.tfonnx - DEBUG - Process node: point_net_1/seg_l1_512_convolution_layer_1/Relu
OP=Relu
Name=point_net_1/seg_l1_512_convolution_layer_1/Relu
Inputs:
	point_net_1/seg_l1_512_convolution_layer_1/batch_normalization_38_1/batchnorm/add_1:0=Add, [-1, 8192, 1, 512], 1
Outpus:
	point_net_1/seg_l1_512_convolution_layer_1/Relu:0=[-1, 8192, 1, 512], 1
2026-01-29 09:12:59,027 - tf2onnx.tfonnx - DEBUG - Process node: point_net_1/seg_l2_256_convolution_layer_1/batch_normalization_39_1/batchnorm/mul_1
OP=Conv2D
Name=point_net_1/seg_l2_256_convolution_layer_1/batch_normalization_39_1/batchnorm/mul_1
Inputs:
	point_net_1/seg_l1_512_convolution_layer_1/Relu:0=Relu, [-1, 8192, 1, 512], 1
	point_net_1/seg_l2_256_convolution_layer_1/seg_l2_256_convolution_layer_1/convolution/merged_input:0=Const, [1, 1, 512, 256], 1
Outpus:
	point_net_1/seg_l2_256_convolution_layer_1/batch_normalization_39_1/batchnorm/mul_1:0=[-1, 8192, 1, 256], 1
2026-01-29 09:12:59,027 - tf2onnx.graph - DEBUG - Making node: Name=point_net_1/seg_l2_256_convolution_layer_1/batch_normalization_39_1/batchnorm/mul_1__268, OP=Transpose
2026-01-29 09:12:59,028 - tf2onnx.graph - DEBUG - Infer shape and dtype for [point_net_1/seg_l2_256_convolution_layer_1/batch_normalization_39_1/batchnorm/mul_1__268]
2026-01-29 09:12:59,028 - tf2onnx.graph - DEBUG - Set dtype of [point_net_1/seg_l2_256_convolution_layer_1/batch_normalization_39_1/batchnorm/mul_1__268:0] to 1
2026-01-29 09:12:59,028 - tf2onnx.graph - DEBUG - Set shape of [point_net_1/seg_l2_256_convolution_layer_1/batch_normalization_39_1/batchnorm/mul_1__268:0] to [512, 1, 8192, -1]
2026-01-29 09:12:59,028 - tf2onnx.graph - DEBUG - Made node: point_net_1/seg_l2_256_convolution_layer_1/batch_normalization_39_1/batchnorm/mul_1__268
OP=Transpose
Name=point_net_1/seg_l2_256_convolution_layer_1/batch_normalization_39_1/batchnorm/mul_1__268
Inputs:
	point_net_1/seg_l1_512_convolution_layer_1/Relu:0=Relu, [-1, 8192, 1, 512], 1
Outpus:
	point_net_1/seg_l2_256_convolution_layer_1/batch_normalization_39_1/batchnorm/mul_1__268:0=[512, 1, 8192, -1], 1
2026-01-29 09:12:59,029 - tf2onnx.graph - DEBUG - Making node: Name=point_net_1/seg_l2_256_convolution_layer_1/batch_normalization_39_1/batchnorm/mul_1__270, OP=Transpose
2026-01-29 09:12:59,030 - tf2onnx.graph - DEBUG - Infer shape and dtype for [point_net_1/seg_l2_256_convolution_layer_1/batch_normalization_39_1/batchnorm/mul_1__270]
2026-01-29 09:12:59,030 - tf2onnx.graph - DEBUG - Set dtype of [point_net_1/seg_l2_256_convolution_layer_1/batch_normalization_39_1/batchnorm/mul_1__270:0] to 1
2026-01-29 09:12:59,030 - tf2onnx.graph - DEBUG - Set shape of [point_net_1/seg_l2_256_convolution_layer_1/batch_normalization_39_1/batchnorm/mul_1__270:0] to [256, 1, 8192, -1]
2026-01-29 09:12:59,030 - tf2onnx.graph - DEBUG - Made node: point_net_1/seg_l2_256_convolution_layer_1/batch_normalization_39_1/batchnorm/mul_1__270
OP=Transpose
Name=point_net_1/seg_l2_256_convolution_layer_1/batch_normalization_39_1/batchnorm/mul_1__270
Inputs:
	point_net_1/seg_l2_256_convolution_layer_1/batch_normalization_39_1/batchnorm/mul_1:0=Conv, [-1, 8192, 1, 256], 1
Outpus:
	point_net_1/seg_l2_256_convolution_layer_1/batch_normalization_39_1/batchnorm/mul_1__270:0=[256, 1, 8192, -1], 1
2026-01-29 09:12:59,031 - tf2onnx.tfonnx - DEBUG - Process node: point_net_1/seg_l2_256_convolution_layer_1/batch_normalization_39_1/batchnorm/add_1
OP=AddV2
Name=point_net_1/seg_l2_256_convolution_layer_1/batch_normalization_39_1/batchnorm/add_1
Inputs:
	point_net_1/seg_l2_256_convolution_layer_1/batch_normalization_39_1/batchnorm/mul_1__270:0=Transpose, [-1, 8192, 1, 256], 1
	point_net_1/seg_l2_256_convolution_layer_1/batch_normalization_39_1/batchnorm/sub:0=Const, [256], 1
Outpus:
	point_net_1/seg_l2_256_convolution_layer_1/batch_normalization_39_1/batchnorm/add_1:0=[-1, 8192, 1, 256], 1
2026-01-29 09:12:59,031 - tf2onnx.tfonnx - DEBUG - Process node: point_net_1/seg_l2_256_convolution_layer_1/Relu
OP=Relu
Name=point_net_1/seg_l2_256_convolution_layer_1/Relu
Inputs:
	point_net_1/seg_l2_256_convolution_layer_1/batch_normalization_39_1/batchnorm/add_1:0=Add, [-1, 8192, 1, 256], 1
Outpus:
	point_net_1/seg_l2_256_convolution_layer_1/Relu:0=[-1, 8192, 1, 256], 1
2026-01-29 09:12:59,031 - tf2onnx.tfonnx - DEBUG - Process node: point_net_1/seg_l3_128_convolution_layer_1/batch_normalization_40_1/batchnorm/mul_1
OP=Conv2D
Name=point_net_1/seg_l3_128_convolution_layer_1/batch_normalization_40_1/batchnorm/mul_1
Inputs:
	point_net_1/seg_l2_256_convolution_layer_1/Relu:0=Relu, [-1, 8192, 1, 256], 1
	point_net_1/seg_l3_128_convolution_layer_1/seg_l3_128_convolution_layer_1/convolution/merged_input:0=Const, [1, 1, 256, 128], 1
Outpus:
	point_net_1/seg_l3_128_convolution_layer_1/batch_normalization_40_1/batchnorm/mul_1:0=[-1, 8192, 1, 128], 1
2026-01-29 09:12:59,031 - tf2onnx.graph - DEBUG - Making node: Name=point_net_1/seg_l3_128_convolution_layer_1/batch_normalization_40_1/batchnorm/mul_1__272, OP=Transpose
2026-01-29 09:12:59,032 - tf2onnx.graph - DEBUG - Infer shape and dtype for [point_net_1/seg_l3_128_convolution_layer_1/batch_normalization_40_1/batchnorm/mul_1__272]
2026-01-29 09:12:59,032 - tf2onnx.graph - DEBUG - Set dtype of [point_net_1/seg_l3_128_convolution_layer_1/batch_normalization_40_1/batchnorm/mul_1__272:0] to 1
2026-01-29 09:12:59,032 - tf2onnx.graph - DEBUG - Set shape of [point_net_1/seg_l3_128_convolution_layer_1/batch_normalization_40_1/batchnorm/mul_1__272:0] to [256, 1, 8192, -1]
2026-01-29 09:12:59,032 - tf2onnx.graph - DEBUG - Made node: point_net_1/seg_l3_128_convolution_layer_1/batch_normalization_40_1/batchnorm/mul_1__272
OP=Transpose
Name=point_net_1/seg_l3_128_convolution_layer_1/batch_normalization_40_1/batchnorm/mul_1__272
Inputs:
	point_net_1/seg_l2_256_convolution_layer_1/Relu:0=Relu, [-1, 8192, 1, 256], 1
Outpus:
	point_net_1/seg_l3_128_convolution_layer_1/batch_normalization_40_1/batchnorm/mul_1__272:0=[256, 1, 8192, -1], 1
2026-01-29 09:12:59,033 - tf2onnx.graph - DEBUG - Making node: Name=point_net_1/seg_l3_128_convolution_layer_1/batch_normalization_40_1/batchnorm/mul_1__274, OP=Transpose
2026-01-29 09:12:59,033 - tf2onnx.graph - DEBUG - Infer shape and dtype for [point_net_1/seg_l3_128_convolution_layer_1/batch_normalization_40_1/batchnorm/mul_1__274]
2026-01-29 09:12:59,033 - tf2onnx.graph - DEBUG - Set dtype of [point_net_1/seg_l3_128_convolution_layer_1/batch_normalization_40_1/batchnorm/mul_1__274:0] to 1
2026-01-29 09:12:59,034 - tf2onnx.graph - DEBUG - Set shape of [point_net_1/seg_l3_128_convolution_layer_1/batch_normalization_40_1/batchnorm/mul_1__274:0] to [128, 1, 8192, -1]
2026-01-29 09:12:59,034 - tf2onnx.graph - DEBUG - Made node: point_net_1/seg_l3_128_convolution_layer_1/batch_normalization_40_1/batchnorm/mul_1__274
OP=Transpose
Name=point_net_1/seg_l3_128_convolution_layer_1/batch_normalization_40_1/batchnorm/mul_1__274
Inputs:
	point_net_1/seg_l3_128_convolution_layer_1/batch_normalization_40_1/batchnorm/mul_1:0=Conv, [-1, 8192, 1, 128], 1
Outpus:
	point_net_1/seg_l3_128_convolution_layer_1/batch_normalization_40_1/batchnorm/mul_1__274:0=[128, 1, 8192, -1], 1
2026-01-29 09:12:59,034 - tf2onnx.tfonnx - DEBUG - Process node: point_net_1/seg_l3_128_convolution_layer_1/batch_normalization_40_1/batchnorm/add_1
OP=AddV2
Name=point_net_1/seg_l3_128_convolution_layer_1/batch_normalization_40_1/batchnorm/add_1
Inputs:
	point_net_1/seg_l3_128_convolution_layer_1/batch_normalization_40_1/batchnorm/mul_1__274:0=Transpose, [-1, 8192, 1, 128], 1
	point_net_1/seg_l3_128_convolution_layer_1/batch_normalization_40_1/batchnorm/sub:0=Const, [128], 1
Outpus:
	point_net_1/seg_l3_128_convolution_layer_1/batch_normalization_40_1/batchnorm/add_1:0=[-1, 8192, 1, 128], 1
2026-01-29 09:12:59,034 - tf2onnx.tfonnx - DEBUG - Process node: point_net_1/seg_l3_128_convolution_layer_1/Relu
OP=Relu
Name=point_net_1/seg_l3_128_convolution_layer_1/Relu
Inputs:
	point_net_1/seg_l3_128_convolution_layer_1/batch_normalization_40_1/batchnorm/add_1:0=Add, [-1, 8192, 1, 128], 1
Outpus:
	point_net_1/seg_l3_128_convolution_layer_1/Relu:0=[-1, 8192, 1, 128], 1
2026-01-29 09:12:59,035 - tf2onnx.tfonnx - DEBUG - Process node: point_net_1/seg_l4_128_convolution_layer_1/batch_normalization_41_1/batchnorm/mul_1
OP=Conv2D
Name=point_net_1/seg_l4_128_convolution_layer_1/batch_normalization_41_1/batchnorm/mul_1
Inputs:
	point_net_1/seg_l3_128_convolution_layer_1/Relu:0=Relu, [-1, 8192, 1, 128], 1
	point_net_1/seg_l4_128_convolution_layer_1/seg_l4_128_convolution_layer_1/convolution/merged_input:0=Const, [1, 1, 128, 128], 1
Outpus:
	point_net_1/seg_l4_128_convolution_layer_1/batch_normalization_41_1/batchnorm/mul_1:0=[-1, 8192, 1, 128], 1
2026-01-29 09:12:59,035 - tf2onnx.graph - DEBUG - Making node: Name=point_net_1/seg_l4_128_convolution_layer_1/batch_normalization_41_1/batchnorm/mul_1__276, OP=Transpose
2026-01-29 09:12:59,035 - tf2onnx.graph - DEBUG - Infer shape and dtype for [point_net_1/seg_l4_128_convolution_layer_1/batch_normalization_41_1/batchnorm/mul_1__276]
2026-01-29 09:12:59,035 - tf2onnx.graph - DEBUG - Set dtype of [point_net_1/seg_l4_128_convolution_layer_1/batch_normalization_41_1/batchnorm/mul_1__276:0] to 1
2026-01-29 09:12:59,036 - tf2onnx.graph - DEBUG - Set shape of [point_net_1/seg_l4_128_convolution_layer_1/batch_normalization_41_1/batchnorm/mul_1__276:0] to [128, 1, 8192, -1]
2026-01-29 09:12:59,036 - tf2onnx.graph - DEBUG - Made node: point_net_1/seg_l4_128_convolution_layer_1/batch_normalization_41_1/batchnorm/mul_1__276
OP=Transpose
Name=point_net_1/seg_l4_128_convolution_layer_1/batch_normalization_41_1/batchnorm/mul_1__276
Inputs:
	point_net_1/seg_l3_128_convolution_layer_1/Relu:0=Relu, [-1, 8192, 1, 128], 1
Outpus:
	point_net_1/seg_l4_128_convolution_layer_1/batch_normalization_41_1/batchnorm/mul_1__276:0=[128, 1, 8192, -1], 1
2026-01-29 09:12:59,036 - tf2onnx.graph - DEBUG - Making node: Name=point_net_1/seg_l4_128_convolution_layer_1/batch_normalization_41_1/batchnorm/mul_1__278, OP=Transpose
2026-01-29 09:12:59,036 - tf2onnx.graph - DEBUG - Infer shape and dtype for [point_net_1/seg_l4_128_convolution_layer_1/batch_normalization_41_1/batchnorm/mul_1__278]
2026-01-29 09:12:59,037 - tf2onnx.graph - DEBUG - Set dtype of [point_net_1/seg_l4_128_convolution_layer_1/batch_normalization_41_1/batchnorm/mul_1__278:0] to 1
2026-01-29 09:12:59,037 - tf2onnx.graph - DEBUG - Set shape of [point_net_1/seg_l4_128_convolution_layer_1/batch_normalization_41_1/batchnorm/mul_1__278:0] to [128, 1, 8192, -1]
2026-01-29 09:12:59,037 - tf2onnx.graph - DEBUG - Made node: point_net_1/seg_l4_128_convolution_layer_1/batch_normalization_41_1/batchnorm/mul_1__278
OP=Transpose
Name=point_net_1/seg_l4_128_convolution_layer_1/batch_normalization_41_1/batchnorm/mul_1__278
Inputs:
	point_net_1/seg_l4_128_convolution_layer_1/batch_normalization_41_1/batchnorm/mul_1:0=Conv, [-1, 8192, 1, 128], 1
Outpus:
	point_net_1/seg_l4_128_convolution_layer_1/batch_normalization_41_1/batchnorm/mul_1__278:0=[128, 1, 8192, -1], 1
2026-01-29 09:12:59,037 - tf2onnx.tfonnx - DEBUG - Process node: point_net_1/seg_l4_128_convolution_layer_1/batch_normalization_41_1/batchnorm/add_1
OP=AddV2
Name=point_net_1/seg_l4_128_convolution_layer_1/batch_normalization_41_1/batchnorm/add_1
Inputs:
	point_net_1/seg_l4_128_convolution_layer_1/batch_normalization_41_1/batchnorm/mul_1__278:0=Transpose, [-1, 8192, 1, 128], 1
	point_net_1/seg_l4_128_convolution_layer_1/batch_normalization_41_1/batchnorm/sub:0=Const, [128], 1
Outpus:
	point_net_1/seg_l4_128_convolution_layer_1/batch_normalization_41_1/batchnorm/add_1:0=[-1, 8192, 1, 128], 1
2026-01-29 09:12:59,038 - tf2onnx.tfonnx - DEBUG - Process node: point_net_1/seg_l4_128_convolution_layer_1/Relu
OP=Relu
Name=point_net_1/seg_l4_128_convolution_layer_1/Relu
Inputs:
	point_net_1/seg_l4_128_convolution_layer_1/batch_normalization_41_1/batchnorm/add_1:0=Add, [-1, 8192, 1, 128], 1
Outpus:
	point_net_1/seg_l4_128_convolution_layer_1/Relu:0=[-1, 8192, 1, 128], 1
2026-01-29 09:12:59,038 - tf2onnx.tfonnx - DEBUG - Process node: point_net_1/seg_l5_output_convolution_layer_1/seg_l5_output_convolution_layer_1/BiasAdd
OP=Conv2D
Name=point_net_1/seg_l5_output_convolution_layer_1/seg_l5_output_convolution_layer_1/BiasAdd
Inputs:
	point_net_1/seg_l4_128_convolution_layer_1/Relu:0=Relu, [-1, 8192, 1, 128], 1
	point_net_1/seg_l5_output_convolution_layer_1/seg_l5_output_convolution_layer_1/convolution/ReadVariableOp:0=Const, [1, 1, 128, 12], 1
	point_net_1/seg_l5_output_convolution_layer_1/seg_l5_output_convolution_layer_1/Squeeze:0=Const, [12], 1
Outpus:
	point_net_1/seg_l5_output_convolution_layer_1/seg_l5_output_convolution_layer_1/BiasAdd:0=[-1, 8192, 1, 12], 1
2026-01-29 09:12:59,038 - tf2onnx.graph - DEBUG - Making node: Name=point_net_1/seg_l5_output_convolution_layer_1/seg_l5_output_convolution_layer_1/BiasAdd__280, OP=Transpose
2026-01-29 09:12:59,038 - tf2onnx.graph - DEBUG - Infer shape and dtype for [point_net_1/seg_l5_output_convolution_layer_1/seg_l5_output_convolution_layer_1/BiasAdd__280]
2026-01-29 09:12:59,039 - tf2onnx.graph - DEBUG - Set dtype of [point_net_1/seg_l5_output_convolution_layer_1/seg_l5_output_convolution_layer_1/BiasAdd__280:0] to 1
2026-01-29 09:12:59,039 - tf2onnx.graph - DEBUG - Set shape of [point_net_1/seg_l5_output_convolution_layer_1/seg_l5_output_convolution_layer_1/BiasAdd__280:0] to [128, 1, 8192, -1]
2026-01-29 09:12:59,039 - tf2onnx.graph - DEBUG - Made node: point_net_1/seg_l5_output_convolution_layer_1/seg_l5_output_convolution_layer_1/BiasAdd__280
OP=Transpose
Name=point_net_1/seg_l5_output_convolution_layer_1/seg_l5_output_convolution_layer_1/BiasAdd__280
Inputs:
	point_net_1/seg_l4_128_convolution_layer_1/Relu:0=Relu, [-1, 8192, 1, 128], 1
Outpus:
	point_net_1/seg_l5_output_convolution_layer_1/seg_l5_output_convolution_layer_1/BiasAdd__280:0=[128, 1, 8192, -1], 1
2026-01-29 09:12:59,039 - tf2onnx.graph - DEBUG - Making node: Name=point_net_1/seg_l5_output_convolution_layer_1/seg_l5_output_convolution_layer_1/BiasAdd__282, OP=Transpose
2026-01-29 09:12:59,040 - tf2onnx.graph - DEBUG - Infer shape and dtype for [point_net_1/seg_l5_output_convolution_layer_1/seg_l5_output_convolution_layer_1/BiasAdd__282]
2026-01-29 09:12:59,040 - tf2onnx.graph - DEBUG - Set dtype of [point_net_1/seg_l5_output_convolution_layer_1/seg_l5_output_convolution_layer_1/BiasAdd__282:0] to 1
2026-01-29 09:12:59,040 - tf2onnx.graph - DEBUG - Set shape of [point_net_1/seg_l5_output_convolution_layer_1/seg_l5_output_convolution_layer_1/BiasAdd__282:0] to [12, 1, 8192, -1]
2026-01-29 09:12:59,040 - tf2onnx.graph - DEBUG - Made node: point_net_1/seg_l5_output_convolution_layer_1/seg_l5_output_convolution_layer_1/BiasAdd__282
OP=Transpose
Name=point_net_1/seg_l5_output_convolution_layer_1/seg_l5_output_convolution_layer_1/BiasAdd__282
Inputs:
	point_net_1/seg_l5_output_convolution_layer_1/seg_l5_output_convolution_layer_1/BiasAdd:0=Conv, [-1, 8192, 1, 12], 1
Outpus:
	point_net_1/seg_l5_output_convolution_layer_1/seg_l5_output_convolution_layer_1/BiasAdd__282:0=[12, 1, 8192, -1], 1
2026-01-29 09:12:59,041 - tf2onnx.tfonnx - DEBUG - Process node: point_net_1/seg_l5_output_convolution_layer_1/Softmax
OP=Softmax
Name=point_net_1/seg_l5_output_convolution_layer_1/Softmax
Inputs:
	point_net_1/seg_l5_output_convolution_layer_1/seg_l5_output_convolution_layer_1/BiasAdd__282:0=Transpose, [-1, 8192, 1, 12], 1
Outpus:
	point_net_1/seg_l5_output_convolution_layer_1/Softmax:0=[-1, 8192, 1, 12], 1
2026-01-29 09:12:59,041 - tf2onnx.tfonnx - DEBUG - Process node: point_net_1/Squeeze_2
OP=Squeeze
Name=point_net_1/Squeeze_2
Inputs:
	point_net_1/seg_l5_output_convolution_layer_1/Softmax:0=Softmax, [-1, 8192, 1, 12], 1
Outpus:
	point_net_1/Squeeze_2:0=[-1, 8192, 12], 1
2026-01-29 09:12:59,041 - tf2onnx.graph - DEBUG - Making node: Name=axes_const__284, OP=Const
2026-01-29 09:12:59,041 - tf2onnx.graph - DEBUG - Made node: axes_const__284
OP=Const
Name=axes_const__284
Outpus:
	axes_const__284=None, 7
2026-01-29 09:12:59,042 - tf2onnx.tfonnx - DEBUG - Process node: Identity_2
OP=Identity
Name=Identity_2
Inputs:
	point_net_1/Squeeze_2:0=Squeeze, [-1, 8192, 12], 1
Outpus:
	Identity_2_raw_output___177:0=[-1, 8192, 12], 1
2026-01-29 09:12:59,042 - tf2onnx.tfonnx - DEBUG - Process node: Identity_2_graph_outputs_Identity__178
OP=Identity
Name=Identity_2_graph_outputs_Identity__178
Inputs:
	Identity_2_raw_output___177:0=Identity, [-1, 8192, 12], 1
Outpus:
	segmentation_output=[-1, 8192, 12], 1
2026-01-29 09:12:59,042 - tf2onnx.tfonnx - DEBUG - explicitly skip node Identity_2_graph_outputs_Identity__178
2026-01-29 09:12:59,043 - tf2onnx.tfonnx - DEBUG - Process node: Identity_1
OP=Identity
Name=Identity_1
Inputs:
	point_net_1/input_transform_1/add:0=Add, [-1, 3, 3], 1
Outpus:
	Identity_1_raw_output___179:0=[-1, 3, 3], 1
2026-01-29 09:12:59,043 - tf2onnx.tfonnx - DEBUG - Process node: Identity_1_graph_outputs_Identity__180
OP=Identity
Name=Identity_1_graph_outputs_Identity__180
Inputs:
	Identity_1_raw_output___179:0=Identity, [-1, 3, 3], 1
Outpus:
	se3=[-1, 3, 3], 1
2026-01-29 09:12:59,043 - tf2onnx.tfonnx - DEBUG - explicitly skip node Identity_1_graph_outputs_Identity__180
2026-01-29 09:12:59,043 - tf2onnx.tfonnx - DEBUG - Process node: Identity
OP=Identity
Name=Identity
Inputs:
	point_net_1/output_dense_layer_1/Softmax:0=Softmax, [-1, 23], 1
Outpus:
	Identity_raw_output___175:0=[-1, 23], 1
2026-01-29 09:12:59,044 - tf2onnx.tfonnx - DEBUG - Process node: Identity_graph_outputs_Identity__176
OP=Identity
Name=Identity_graph_outputs_Identity__176
Inputs:
	Identity_raw_output___175:0=Identity, [-1, 23], 1
Outpus:
	classification_output=[-1, 23], 1
2026-01-29 09:12:59,044 - tf2onnx.tfonnx - DEBUG - explicitly skip node Identity_graph_outputs_Identity__176
2026-01-29 09:12:59,051 - tf2onnx.tfonnx - VERBOSE - Summay Stats:
	tensorflow ops: Counter({'Const': 76, 'AddV2': 23, 'Relu': 21, 'Conv2D': 16, 'ExpandDims': 9, 'Squeeze': 7, 'MatMul': 7, 'Mul': 6, 'Identity': 6, 'Max': 4, 'BatchMatMulV2': 4, 'Reshape': 2, 'BiasAdd': 2, 'Softmax': 2, 'Placeholder': 1, 'Mean': 1, 'Sub': 1, 'Square': 1, 'Sum': 1, 'Sqrt': 1, 'Maximum': 1, 'RealDiv': 1, 'Tile': 1, 'ConcatV2': 1})
	tensorflow attr: Counter({'dtype': 77, 'value': 76, 'data_format': 18, 'dilations': 16, 'padding': 16, 'strides': 16, 'explicit_paddings': 16, 'Tidx': 7, 'squeeze_dims': 7, 'grad_a': 7, 'grad_b': 7, 'transpose_a': 7, 'transpose_b': 7, 'keep_dims': 6, 'adj_x': 4, 'adj_y': 4, 'grad_x': 4, 'grad_y': 4, 'shape': 1, 'N': 1})
	onnx mapped: Counter({'Const': 76, 'AddV2': 23, 'Relu': 21, 'Conv2D': 16, 'ExpandDims': 9, 'Squeeze': 7, 'MatMul': 7, 'Mul': 6, 'Max': 4, 'BatchMatMulV2': 4, 'Identity': 3, 'Reshape': 2, 'Softmax': 2, 'Placeholder': 1, 'Mean': 1, 'Sub': 1, 'Square': 1, 'Sum': 1, 'Sqrt': 1, 'Maximum': 1, 'RealDiv': 1, 'BiasAdd': 1, 'Tile': 1, 'ConcatV2': 1})
	onnx unmapped: Counter()
2026-01-29 09:12:59,052 - tf2onnx.optimizer - INFO - Optimizing ONNX model
2026-01-29 09:12:59,052 - tf2onnx.optimizer - VERBOSE - Apply optimize_transpose
2026-01-29 09:12:59,062 - tf2onnx.graph - DEBUG - Making node: Name=Conv__285, OP=Conv
2026-01-29 09:12:59,063 - tf2onnx.graph - DEBUG - Infer shape and dtype for [Conv__285]
2026-01-29 09:12:59,063 - tf2onnx.graph - DEBUG - Set dtype of [Conv__285:0] to 1
2026-01-29 09:12:59,064 - tf2onnx.graph - DEBUG - Set shape of [Conv__285:0] to [-1, 64, 8192, 1]
2026-01-29 09:12:59,064 - tf2onnx.graph - DEBUG - Made node: Conv__285
OP=Conv
Name=Conv__285
Inputs:
	point_net_1/input_transform_1/input_transform_convolution_layer_1_convolution_layer_1/batch_normalization_21_1/batchnorm/mul_1__190:0=Transpose, [-1, 3, 8192, 1], 1
	point_net_1/input_transform_1/input_transform_convolution_layer_1_convolution_layer_1/input_transform_convolution_layer_1_convolution_layer_1/convolution/merged_input:0=Const, [64, 3, 1, 1], 1
	point_net_1/input_transform_1/input_transform_convolution_layer_1_convolution_layer_1/batch_normalization_21_1/batchnorm/sub:0=Const, [64], 1
Outpus:
	Conv__285:0=[-1, 64, 8192, 1], 1
2026-01-29 09:12:59,065 - tf2onnx.graph - DEBUG - Making node: Name=Conv__287, OP=Conv
2026-01-29 09:12:59,065 - tf2onnx.graph - DEBUG - Infer shape and dtype for [Conv__287]
2026-01-29 09:12:59,066 - tf2onnx.graph - DEBUG - Set dtype of [Conv__287:0] to 1
2026-01-29 09:12:59,066 - tf2onnx.graph - DEBUG - Set shape of [Conv__287:0] to [-1, 128, 8192, 1]
2026-01-29 09:12:59,067 - tf2onnx.graph - DEBUG - Made node: Conv__287
OP=Conv
Name=Conv__287
Inputs:
	point_net_1/input_transform_1/input_transform_convolution_layer_2_convolution_layer_1/batch_normalization_22_1/batchnorm/mul_1__194:0=Transpose, [-1, 64, 8192, 1], 1
	point_net_1/input_transform_1/input_transform_convolution_layer_2_convolution_layer_1/input_transform_convolution_layer_2_convolution_layer_1/convolution/merged_input:0=Const, [128, 64, 1, 1], 1
	point_net_1/input_transform_1/input_transform_convolution_layer_2_convolution_layer_1/batch_normalization_22_1/batchnorm/sub:0=Const, [128], 1
Outpus:
	Conv__287:0=[-1, 128, 8192, 1], 1
2026-01-29 09:12:59,067 - tf2onnx.graph - DEBUG - Making node: Name=Conv__289, OP=Conv
2026-01-29 09:12:59,068 - tf2onnx.graph - DEBUG - Infer shape and dtype for [Conv__289]
2026-01-29 09:12:59,069 - tf2onnx.graph - DEBUG - Set dtype of [Conv__289:0] to 1
2026-01-29 09:12:59,069 - tf2onnx.graph - DEBUG - Set shape of [Conv__289:0] to [-1, 1024, 8192, 1]
2026-01-29 09:12:59,069 - tf2onnx.graph - DEBUG - Made node: Conv__289
OP=Conv
Name=Conv__289
Inputs:
	point_net_1/input_transform_1/input_transform_convolution_layer_3_convolution_layer_1/batch_normalization_23_1/batchnorm/mul_1__198:0=Transpose, [-1, 128, 8192, 1], 1
	point_net_1/input_transform_1/input_transform_convolution_layer_3_convolution_layer_1/input_transform_convolution_layer_3_convolution_layer_1/convolution/merged_input:0=Const, [1024, 128, 1, 1], 1
	point_net_1/input_transform_1/input_transform_convolution_layer_3_convolution_layer_1/batch_normalization_23_1/batchnorm/sub:0=Const, [1024], 1
Outpus:
	Conv__289:0=[-1, 1024, 8192, 1], 1
2026-01-29 09:12:59,070 - tf2onnx.graph - DEBUG - Making node: Name=axes_const__202__291, OP=Const
2026-01-29 09:12:59,071 - tf2onnx.graph - DEBUG - Made node: axes_const__202__291
OP=Const
Name=axes_const__202__291
Outpus:
	axes_const__202__291=None, 7
2026-01-29 09:12:59,072 - tf2onnx.graph - DEBUG - Making node: Name=Conv__292, OP=Conv
2026-01-29 09:12:59,072 - tf2onnx.graph - DEBUG - Infer shape and dtype for [Conv__292]
2026-01-29 09:12:59,073 - tf2onnx.graph - DEBUG - Set dtype of [Conv__292:0] to 1
2026-01-29 09:12:59,073 - tf2onnx.graph - DEBUG - Set shape of [Conv__292:0] to [-1, 64, 8192, 1]
2026-01-29 09:12:59,073 - tf2onnx.graph - DEBUG - Made node: Conv__292
OP=Conv
Name=Conv__292
Inputs:
	point_net_1/s1_l1_64_convolution_layer_1/batch_normalization_26_1/batchnorm/mul_1__211:0=Transpose, [-1, 3, 8192, 1], 1
	point_net_1/s1_l1_64_convolution_layer_1/s1_l1_64_convolution_layer_1/convolution/merged_input:0=Const, [64, 3, 1, 1], 1
	point_net_1/s1_l1_64_convolution_layer_1/batch_normalization_26_1/batchnorm/sub:0=Const, [64], 1
Outpus:
	Conv__292:0=[-1, 64, 8192, 1], 1
2026-01-29 09:12:59,075 - tf2onnx.graph - DEBUG - Making node: Name=Conv__294, OP=Conv
2026-01-29 09:12:59,075 - tf2onnx.graph - DEBUG - Infer shape and dtype for [Conv__294]
2026-01-29 09:12:59,076 - tf2onnx.graph - DEBUG - Set dtype of [Conv__294:0] to 1
2026-01-29 09:12:59,076 - tf2onnx.graph - DEBUG - Set shape of [Conv__294:0] to [-1, 64, 8192, 1]
2026-01-29 09:12:59,076 - tf2onnx.graph - DEBUG - Made node: Conv__294
OP=Conv
Name=Conv__294
Inputs:
	point_net_1/s1_l2_64_convolution_layer_1/batch_normalization_27_1/batchnorm/mul_1__215:0=Transpose, [-1, 64, 8192, 1], 1
	point_net_1/s1_l2_64_convolution_layer_1/s1_l2_64_convolution_layer_1/convolution/merged_input:0=Const, [64, 64, 1, 1], 1
	point_net_1/s1_l2_64_convolution_layer_1/batch_normalization_27_1/batchnorm/sub:0=Const, [64], 1
Outpus:
	Conv__294:0=[-1, 64, 8192, 1], 1
2026-01-29 09:12:59,077 - tf2onnx.graph - DEBUG - Making node: Name=axes_const__219__296, OP=Const
2026-01-29 09:12:59,078 - tf2onnx.graph - DEBUG - Made node: axes_const__219__296
OP=Const
Name=axes_const__219__296
Outpus:
	axes_const__219__296=None, 7
2026-01-29 09:12:59,079 - tf2onnx.graph - DEBUG - Making node: Name=Conv__297, OP=Conv
2026-01-29 09:12:59,079 - tf2onnx.graph - DEBUG - Infer shape and dtype for [Conv__297]
2026-01-29 09:12:59,080 - tf2onnx.graph - DEBUG - Set dtype of [Conv__297:0] to 1
2026-01-29 09:12:59,080 - tf2onnx.graph - DEBUG - Set shape of [Conv__297:0] to [-1, 64, 8192, 1]
2026-01-29 09:12:59,081 - tf2onnx.graph - DEBUG - Made node: Conv__297
OP=Conv
Name=Conv__297
Inputs:
	point_net_1/feature_transform_1/feature_transform_convolution_layer_1_convolution_layer_1/batch_normalization_28_1/batchnorm/mul_1__223:0=Transpose, [-1, 64, 8192, 1], 1
	point_net_1/feature_transform_1/feature_transform_convolution_layer_1_convolution_layer_1/feature_transform_convolution_layer_1_convolution_layer_1/convolution/merged_input:0=Const, [64, 64, 1, 1], 1
	point_net_1/feature_transform_1/feature_transform_convolution_layer_1_convolution_layer_1/batch_normalization_28_1/batchnorm/sub:0=Const, [64], 1
Outpus:
	Conv__297:0=[-1, 64, 8192, 1], 1
2026-01-29 09:12:59,082 - tf2onnx.graph - DEBUG - Making node: Name=Conv__299, OP=Conv
2026-01-29 09:12:59,082 - tf2onnx.graph - DEBUG - Infer shape and dtype for [Conv__299]
2026-01-29 09:12:59,093 - tf2onnx.graph - DEBUG - Set dtype of [Conv__299:0] to 1
2026-01-29 09:12:59,093 - tf2onnx.graph - DEBUG - Set shape of [Conv__299:0] to [-1, 128, 8192, 1]
2026-01-29 09:12:59,094 - tf2onnx.graph - DEBUG - Made node: Conv__299
OP=Conv
Name=Conv__299
Inputs:
	point_net_1/feature_transform_1/feature_transform_convolution_layer_2_convolution_layer_1/batch_normalization_29_1/batchnorm/mul_1__227:0=Transpose, [-1, 64, 8192, 1], 1
	point_net_1/feature_transform_1/feature_transform_convolution_layer_2_convolution_layer_1/feature_transform_convolution_layer_2_convolution_layer_1/convolution/merged_input:0=Const, [128, 64, 1, 1], 1
	point_net_1/feature_transform_1/feature_transform_convolution_layer_2_convolution_layer_1/batch_normalization_29_1/batchnorm/sub:0=Const, [128], 1
Outpus:
	Conv__299:0=[-1, 128, 8192, 1], 1
2026-01-29 09:12:59,095 - tf2onnx.graph - DEBUG - Making node: Name=Conv__301, OP=Conv
2026-01-29 09:12:59,095 - tf2onnx.graph - DEBUG - Infer shape and dtype for [Conv__301]
2026-01-29 09:12:59,097 - tf2onnx.graph - DEBUG - Set dtype of [Conv__301:0] to 1
2026-01-29 09:12:59,098 - tf2onnx.graph - DEBUG - Set shape of [Conv__301:0] to [-1, 1024, 8192, 1]
2026-01-29 09:12:59,098 - tf2onnx.graph - DEBUG - Made node: Conv__301
OP=Conv
Name=Conv__301
Inputs:
	point_net_1/feature_transform_1/feature_transform_convolution_layer_3_convolution_layer_1/batch_normalization_30_1/batchnorm/mul_1__231:0=Transpose, [-1, 128, 8192, 1], 1
	point_net_1/feature_transform_1/feature_transform_convolution_layer_3_convolution_layer_1/feature_transform_convolution_layer_3_convolution_layer_1/convolution/merged_input:0=Const, [1024, 128, 1, 1], 1
	point_net_1/feature_transform_1/feature_transform_convolution_layer_3_convolution_layer_1/batch_normalization_30_1/batchnorm/sub:0=Const, [1024], 1
Outpus:
	Conv__301:0=[-1, 1024, 8192, 1], 1
2026-01-29 09:12:59,099 - tf2onnx.graph - DEBUG - Making node: Name=axes_const__235__303, OP=Const
2026-01-29 09:12:59,100 - tf2onnx.graph - DEBUG - Made node: axes_const__235__303
OP=Const
Name=axes_const__235__303
Outpus:
	axes_const__235__303=None, 7
2026-01-29 09:12:59,101 - tf2onnx.graph - DEBUG - Making node: Name=Conv__304, OP=Conv
2026-01-29 09:12:59,101 - tf2onnx.graph - DEBUG - Infer shape and dtype for [Conv__304]
2026-01-29 09:12:59,102 - tf2onnx.graph - DEBUG - Set dtype of [Conv__304:0] to 1
2026-01-29 09:12:59,102 - tf2onnx.graph - DEBUG - Set shape of [Conv__304:0] to [-1, 64, 8192, 1]
2026-01-29 09:12:59,103 - tf2onnx.graph - DEBUG - Made node: Conv__304
OP=Conv
Name=Conv__304
Inputs:
	point_net_1/s2_l1_64_convolution_layer_1/batch_normalization_33_1/batchnorm/mul_1__244:0=Transpose, [-1, 64, 8192, 1], 1
	point_net_1/s2_l1_64_convolution_layer_1/s2_l1_64_convolution_layer_1/convolution/merged_input:0=Const, [64, 64, 1, 1], 1
	point_net_1/s2_l1_64_convolution_layer_1/batch_normalization_33_1/batchnorm/sub:0=Const, [64], 1
Outpus:
	Conv__304:0=[-1, 64, 8192, 1], 1
2026-01-29 09:12:59,104 - tf2onnx.graph - DEBUG - Making node: Name=Conv__306, OP=Conv
2026-01-29 09:12:59,104 - tf2onnx.graph - DEBUG - Infer shape and dtype for [Conv__306]
2026-01-29 09:12:59,105 - tf2onnx.graph - DEBUG - Set dtype of [Conv__306:0] to 1
2026-01-29 09:12:59,105 - tf2onnx.graph - DEBUG - Set shape of [Conv__306:0] to [-1, 128, 8192, 1]
2026-01-29 09:12:59,106 - tf2onnx.graph - DEBUG - Made node: Conv__306
OP=Conv
Name=Conv__306
Inputs:
	point_net_1/s2_l2_128_convolution_layer_1/batch_normalization_34_1/batchnorm/mul_1__248:0=Transpose, [-1, 64, 8192, 1], 1
	point_net_1/s2_l2_128_convolution_layer_1/s2_l2_128_convolution_layer_1/convolution/merged_input:0=Const, [128, 64, 1, 1], 1
	point_net_1/s2_l2_128_convolution_layer_1/batch_normalization_34_1/batchnorm/sub:0=Const, [128], 1
Outpus:
	Conv__306:0=[-1, 128, 8192, 1], 1
2026-01-29 09:12:59,107 - tf2onnx.graph - DEBUG - Making node: Name=Conv__308, OP=Conv
2026-01-29 09:12:59,107 - tf2onnx.graph - DEBUG - Infer shape and dtype for [Conv__308]
2026-01-29 09:12:59,108 - tf2onnx.graph - DEBUG - Set dtype of [Conv__308:0] to 1
2026-01-29 09:12:59,108 - tf2onnx.graph - DEBUG - Set shape of [Conv__308:0] to [-1, 1024, 8192, 1]
2026-01-29 09:12:59,109 - tf2onnx.graph - DEBUG - Made node: Conv__308
OP=Conv
Name=Conv__308
Inputs:
	point_net_1/s2_l3_1024_convolution_layer_1/batch_normalization_35_1/batchnorm/mul_1__252:0=Transpose, [-1, 128, 8192, 1], 1
	point_net_1/s2_l3_1024_convolution_layer_1/s2_l3_1024_convolution_layer_1/convolution/merged_input:0=Const, [1024, 128, 1, 1], 1
	point_net_1/s2_l3_1024_convolution_layer_1/batch_normalization_35_1/batchnorm/sub:0=Const, [1024], 1
Outpus:
	Conv__308:0=[-1, 1024, 8192, 1], 1
2026-01-29 09:12:59,110 - tf2onnx.graph - DEBUG - Making node: Name=axes_const__256__310, OP=Const
2026-01-29 09:12:59,110 - tf2onnx.graph - DEBUG - Made node: axes_const__256__310
OP=Const
Name=axes_const__256__310
Outpus:
	axes_const__256__310=None, 7
2026-01-29 09:12:59,112 - tf2onnx.graph - DEBUG - Making node: Name=Conv__311, OP=Conv
2026-01-29 09:12:59,112 - tf2onnx.graph - DEBUG - Infer shape and dtype for [Conv__311]
2026-01-29 09:12:59,121 - tf2onnx.graph - DEBUG - Set dtype of [Conv__311:0] to 1
2026-01-29 09:12:59,121 - tf2onnx.graph - DEBUG - Set shape of [Conv__311:0] to [-1, 512, 8192, 1]
2026-01-29 09:12:59,121 - tf2onnx.graph - DEBUG - Made node: Conv__311
OP=Conv
Name=Conv__311
Inputs:
	point_net_1/seg_l1_512_convolution_layer_1/batch_normalization_38_1/batchnorm/mul_1__264:0=Transpose, [-1, 1088, 8192, 1], 1
	point_net_1/seg_l1_512_convolution_layer_1/seg_l1_512_convolution_layer_1/convolution/merged_input:0=Const, [512, 1088, 1, 1], 1
	point_net_1/seg_l1_512_convolution_layer_1/batch_normalization_38_1/batchnorm/sub:0=Const, [512], 1
Outpus:
	Conv__311:0=[-1, 512, 8192, 1], 1
2026-01-29 09:12:59,123 - tf2onnx.graph - DEBUG - Making node: Name=Conv__313, OP=Conv
2026-01-29 09:12:59,123 - tf2onnx.graph - DEBUG - Infer shape and dtype for [Conv__313]
2026-01-29 09:12:59,124 - tf2onnx.graph - DEBUG - Set dtype of [Conv__313:0] to 1
2026-01-29 09:12:59,125 - tf2onnx.graph - DEBUG - Set shape of [Conv__313:0] to [-1, 256, 8192, 1]
2026-01-29 09:12:59,125 - tf2onnx.graph - DEBUG - Made node: Conv__313
OP=Conv
Name=Conv__313
Inputs:
	point_net_1/seg_l2_256_convolution_layer_1/batch_normalization_39_1/batchnorm/mul_1__268:0=Transpose, [-1, 512, 8192, 1], 1
	point_net_1/seg_l2_256_convolution_layer_1/seg_l2_256_convolution_layer_1/convolution/merged_input:0=Const, [256, 512, 1, 1], 1
	point_net_1/seg_l2_256_convolution_layer_1/batch_normalization_39_1/batchnorm/sub:0=Const, [256], 1
Outpus:
	Conv__313:0=[-1, 256, 8192, 1], 1
2026-01-29 09:12:59,126 - tf2onnx.graph - DEBUG - Making node: Name=Conv__315, OP=Conv
2026-01-29 09:12:59,126 - tf2onnx.graph - DEBUG - Infer shape and dtype for [Conv__315]
2026-01-29 09:12:59,127 - tf2onnx.graph - DEBUG - Set dtype of [Conv__315:0] to 1
2026-01-29 09:12:59,128 - tf2onnx.graph - DEBUG - Set shape of [Conv__315:0] to [-1, 128, 8192, 1]
2026-01-29 09:12:59,128 - tf2onnx.graph - DEBUG - Made node: Conv__315
OP=Conv
Name=Conv__315
Inputs:
	point_net_1/seg_l3_128_convolution_layer_1/batch_normalization_40_1/batchnorm/mul_1__272:0=Transpose, [-1, 256, 8192, 1], 1
	point_net_1/seg_l3_128_convolution_layer_1/seg_l3_128_convolution_layer_1/convolution/merged_input:0=Const, [128, 256, 1, 1], 1
	point_net_1/seg_l3_128_convolution_layer_1/batch_normalization_40_1/batchnorm/sub:0=Const, [128], 1
Outpus:
	Conv__315:0=[-1, 128, 8192, 1], 1
2026-01-29 09:12:59,130 - tf2onnx.graph - DEBUG - Making node: Name=Conv__317, OP=Conv
2026-01-29 09:12:59,130 - tf2onnx.graph - DEBUG - Infer shape and dtype for [Conv__317]
2026-01-29 09:12:59,131 - tf2onnx.graph - DEBUG - Set dtype of [Conv__317:0] to 1
2026-01-29 09:12:59,131 - tf2onnx.graph - DEBUG - Set shape of [Conv__317:0] to [-1, 128, 8192, 1]
2026-01-29 09:12:59,131 - tf2onnx.graph - DEBUG - Made node: Conv__317
OP=Conv
Name=Conv__317
Inputs:
	point_net_1/seg_l4_128_convolution_layer_1/batch_normalization_41_1/batchnorm/mul_1__276:0=Transpose, [-1, 128, 8192, 1], 1
	point_net_1/seg_l4_128_convolution_layer_1/seg_l4_128_convolution_layer_1/convolution/merged_input:0=Const, [128, 128, 1, 1], 1
	point_net_1/seg_l4_128_convolution_layer_1/batch_normalization_41_1/batchnorm/sub:0=Const, [128], 1
Outpus:
	Conv__317:0=[-1, 128, 8192, 1], 1
2026-01-29 09:12:59,133 - tf2onnx.graph - DEBUG - Making node: Name=axes_const__284__319, OP=Const
2026-01-29 09:12:59,133 - tf2onnx.graph - DEBUG - Made node: axes_const__284__319
OP=Const
Name=axes_const__284__319
Outpus:
	axes_const__284__319=None, 7
2026-01-29 09:12:59,135 - tf2onnx.optimizer.TransposeOptimizer - DEBUG - cannot move transpose down since it met output node Identity_2_graph_outputs_Identity__178
2026-01-29 09:12:59,135 - tf2onnx.optimizer.TransposeOptimizer - DEBUG - finish after 43 iteration(s)
2026-01-29 09:12:59,147 - tf2onnx.optimizer.TransposeOptimizer - VERBOSE - Add -15 (24->9), Const -6 (93->87), Identity -1 (6->5), Transpose -3 (32->29)
2026-01-29 09:12:59,147 - tf2onnx.optimizer - VERBOSE - Apply remove_redundant_upsample
2026-01-29 09:12:59,182 - tf2onnx.optimizer.UpsampleOptimizer - VERBOSE - no change
2026-01-29 09:12:59,182 - tf2onnx.optimizer - VERBOSE - Apply fold_constants
2026-01-29 09:12:59,199 - tf2onnx.graph - DEBUG - Making node: Name=const_fold_opt__320, OP=Const
2026-01-29 09:12:59,200 - tf2onnx.graph - DEBUG - Made node: const_fold_opt__320
OP=Const
Name=const_fold_opt__320
Outpus:
	const_fold_opt__320=None, 7
2026-01-29 09:12:59,201 - tf2onnx.graph - DEBUG - Making node: Name=const_fold_opt__321, OP=Const
2026-01-29 09:12:59,201 - tf2onnx.graph - DEBUG - Made node: const_fold_opt__321
OP=Const
Name=const_fold_opt__321
Outpus:
	const_fold_opt__321=None, 7
2026-01-29 09:12:59,202 - tf2onnx.graph - DEBUG - Making node: Name=const_fold_opt__322, OP=Const
2026-01-29 09:12:59,203 - tf2onnx.graph - DEBUG - Made node: const_fold_opt__322
OP=Const
Name=const_fold_opt__322
Outpus:
	const_fold_opt__322=None, 7
2026-01-29 09:12:59,203 - tf2onnx.graph - DEBUG - Making node: Name=const_fold_opt__323, OP=Const
2026-01-29 09:12:59,204 - tf2onnx.graph - DEBUG - Made node: const_fold_opt__323
OP=Const
Name=const_fold_opt__323
Outpus:
	const_fold_opt__323=None, 7
2026-01-29 09:12:59,205 - tf2onnx.graph - DEBUG - Making node: Name=const_fold_opt__324, OP=Const
2026-01-29 09:12:59,205 - tf2onnx.graph - DEBUG - Made node: const_fold_opt__324
OP=Const
Name=const_fold_opt__324
Outpus:
	const_fold_opt__324=None, 7
2026-01-29 09:12:59,205 - tf2onnx.graph - DEBUG - Making node: Name=const_fold_opt__325, OP=Const
2026-01-29 09:12:59,206 - tf2onnx.graph - DEBUG - Made node: const_fold_opt__325
OP=Const
Name=const_fold_opt__325
Outpus:
	const_fold_opt__325=None, 7
2026-01-29 09:12:59,206 - tf2onnx.graph - DEBUG - Making node: Name=const_fold_opt__326, OP=Const
2026-01-29 09:12:59,207 - tf2onnx.graph - DEBUG - Made node: const_fold_opt__326
OP=Const
Name=const_fold_opt__326
Outpus:
	const_fold_opt__326=None, 7
2026-01-29 09:12:59,207 - tf2onnx.graph - DEBUG - Making node: Name=const_fold_opt__327, OP=Const
2026-01-29 09:12:59,207 - tf2onnx.graph - DEBUG - Made node: const_fold_opt__327
OP=Const
Name=const_fold_opt__327
Outpus:
	const_fold_opt__327=None, 7
2026-01-29 09:12:59,208 - tf2onnx.graph - DEBUG - Making node: Name=const_fold_opt__328, OP=Const
2026-01-29 09:12:59,209 - tf2onnx.graph - DEBUG - Made node: const_fold_opt__328
OP=Const
Name=const_fold_opt__328
Outpus:
	const_fold_opt__328=None, 7
2026-01-29 09:12:59,209 - tf2onnx.graph - DEBUG - Making node: Name=const_fold_opt__329, OP=Const
2026-01-29 09:12:59,209 - tf2onnx.graph - DEBUG - Made node: const_fold_opt__329
OP=Const
Name=const_fold_opt__329
Outpus:
	const_fold_opt__329=None, 7
2026-01-29 09:12:59,210 - tf2onnx.graph - DEBUG - Making node: Name=const_fold_opt__330, OP=Const
2026-01-29 09:12:59,210 - tf2onnx.graph - DEBUG - Made node: const_fold_opt__330
OP=Const
Name=const_fold_opt__330
Outpus:
	const_fold_opt__330=None, 7
2026-01-29 09:12:59,211 - tf2onnx.graph - DEBUG - Making node: Name=const_fold_opt__331, OP=Const
2026-01-29 09:12:59,211 - tf2onnx.graph - DEBUG - Made node: const_fold_opt__331
OP=Const
Name=const_fold_opt__331
Outpus:
	const_fold_opt__331=None, 7
2026-01-29 09:12:59,211 - tf2onnx.graph - DEBUG - Making node: Name=const_fold_opt__332, OP=Const
2026-01-29 09:12:59,212 - tf2onnx.graph - DEBUG - Made node: const_fold_opt__332
OP=Const
Name=const_fold_opt__332
Outpus:
	const_fold_opt__332=None, 7
2026-01-29 09:12:59,212 - tf2onnx.graph - DEBUG - Making node: Name=const_fold_opt__333, OP=Const
2026-01-29 09:12:59,212 - tf2onnx.graph - DEBUG - Made node: const_fold_opt__333
OP=Const
Name=const_fold_opt__333
Outpus:
	const_fold_opt__333=None, 7
2026-01-29 09:12:59,213 - tf2onnx.graph - DEBUG - Making node: Name=const_fold_opt__334, OP=Const
2026-01-29 09:12:59,213 - tf2onnx.graph - DEBUG - Made node: const_fold_opt__334
OP=Const
Name=const_fold_opt__334
Outpus:
	const_fold_opt__334=None, 7
2026-01-29 09:12:59,214 - tf2onnx.graph - DEBUG - Making node: Name=const_fold_opt__335, OP=Const
2026-01-29 09:12:59,214 - tf2onnx.graph - DEBUG - Made node: const_fold_opt__335
OP=Const
Name=const_fold_opt__335
Outpus:
	const_fold_opt__335=None, 7
2026-01-29 09:12:59,215 - tf2onnx.graph - DEBUG - Making node: Name=const_fold_opt__336, OP=Const
2026-01-29 09:12:59,215 - tf2onnx.graph - DEBUG - Made node: const_fold_opt__336
OP=Const
Name=const_fold_opt__336
Outpus:
	const_fold_opt__336=None, 7
2026-01-29 09:12:59,215 - tf2onnx.graph - DEBUG - Making node: Name=const_fold_opt__337, OP=Const
2026-01-29 09:12:59,215 - tf2onnx.graph - DEBUG - Made node: const_fold_opt__337
OP=Const
Name=const_fold_opt__337
Outpus:
	const_fold_opt__337=None, 7
2026-01-29 09:12:59,216 - tf2onnx.graph - DEBUG - Making node: Name=const_fold_opt__338, OP=Const
2026-01-29 09:12:59,216 - tf2onnx.graph - DEBUG - Made node: const_fold_opt__338
OP=Const
Name=const_fold_opt__338
Outpus:
	const_fold_opt__338=None, 7
2026-01-29 09:12:59,216 - tf2onnx.graph - DEBUG - Making node: Name=const_fold_opt__339, OP=Const
2026-01-29 09:12:59,217 - tf2onnx.graph - DEBUG - Made node: const_fold_opt__339
OP=Const
Name=const_fold_opt__339
Outpus:
	const_fold_opt__339=None, 7
2026-01-29 09:12:59,217 - tf2onnx.graph - DEBUG - Making node: Name=const_fold_opt__340, OP=Const
2026-01-29 09:12:59,217 - tf2onnx.graph - DEBUG - Made node: const_fold_opt__340
OP=Const
Name=const_fold_opt__340
Outpus:
	const_fold_opt__340=None, 7
2026-01-29 09:12:59,218 - tf2onnx.graph - DEBUG - Making node: Name=const_fold_opt__341, OP=Const
2026-01-29 09:12:59,218 - tf2onnx.graph - DEBUG - Made node: const_fold_opt__341
OP=Const
Name=const_fold_opt__341
Outpus:
	const_fold_opt__341=None, 7
2026-01-29 09:12:59,218 - tf2onnx.graph - DEBUG - Making node: Name=const_fold_opt__342, OP=Const
2026-01-29 09:12:59,219 - tf2onnx.graph - DEBUG - Made node: const_fold_opt__342
OP=Const
Name=const_fold_opt__342
Outpus:
	const_fold_opt__342=None, 7
2026-01-29 09:12:59,233 - tf2onnx.optimizer.ConstFoldOptimizer - VERBOSE - Cast -13 (13->0), Const -10 (87->77), Reshape -10 (12->2)
2026-01-29 09:12:59,234 - tf2onnx.optimizer - VERBOSE - Apply const_dequantize_optimizer
2026-01-29 09:12:59,253 - tf2onnx.optimizer.ConstDequantizeOptimizer - VERBOSE - no change
2026-01-29 09:12:59,254 - tf2onnx.optimizer - VERBOSE - Apply loop_optimizer
2026-01-29 09:12:59,286 - tf2onnx.optimizer.LoopOptimizer - VERBOSE - no change
2026-01-29 09:12:59,287 - tf2onnx.optimizer - VERBOSE - Apply merge_duplication
2026-01-29 09:12:59,337 - tf2onnx.optimizer.MergeDuplicatedNodesOptimizer - VERBOSE - Const -13 (77->64)
2026-01-29 09:12:59,338 - tf2onnx.optimizer - VERBOSE - Apply reshape_optimizer
2026-01-29 09:12:59,370 - tf2onnx.optimizer.ReshapeOptimizer - VERBOSE - no change
2026-01-29 09:12:59,371 - tf2onnx.optimizer - VERBOSE - Apply global_pool_optimizer
2026-01-29 09:12:59,384 - tf2onnx.graph - DEBUG - Making node: Name=const_axes__343, OP=Const
2026-01-29 09:12:59,385 - tf2onnx.graph - DEBUG - Made node: const_axes__343
OP=Const
Name=const_axes__343
Outpus:
	const_axes__343=None, 7
2026-01-29 09:12:59,385 - tf2onnx.graph - DEBUG - Making node: Name=point_net_1/Max_Squeeze__344, OP=Squeeze
2026-01-29 09:12:59,386 - tf2onnx.graph - DEBUG - Made node: point_net_1/Max_Squeeze__344
OP=Squeeze
Name=point_net_1/Max_Squeeze__344
Inputs:
	point_net_1/Max:0=GlobalMaxPool, [-1, 1024, 1], 1
	const_axes__343=Const, [1], 7
Outpus:
	point_net_1/Max_Squeeze__344:0=[-1, 1024], 1
2026-01-29 09:12:59,387 - tf2onnx.graph - DEBUG - Making node: Name=const_axes__345, OP=Const
2026-01-29 09:12:59,387 - tf2onnx.graph - DEBUG - Made node: const_axes__345
OP=Const
Name=const_axes__345
Outpus:
	const_axes__345=None, 7
2026-01-29 09:12:59,388 - tf2onnx.graph - DEBUG - Making node: Name=point_net_1/input_transform_1/Max_Squeeze__346, OP=Squeeze
2026-01-29 09:12:59,388 - tf2onnx.graph - DEBUG - Made node: point_net_1/input_transform_1/Max_Squeeze__346
OP=Squeeze
Name=point_net_1/input_transform_1/Max_Squeeze__346
Inputs:
	point_net_1/input_transform_1/Max:0=GlobalMaxPool, [-1, 1024, 1], 1
	const_axes__345=Const, [1], 7
Outpus:
	point_net_1/input_transform_1/Max_Squeeze__346:0=[-1, 1024], 1
2026-01-29 09:12:59,389 - tf2onnx.graph - DEBUG - Making node: Name=const_axes__347, OP=Const
2026-01-29 09:12:59,389 - tf2onnx.graph - DEBUG - Made node: const_axes__347
OP=Const
Name=const_axes__347
Outpus:
	const_axes__347=None, 7
2026-01-29 09:12:59,390 - tf2onnx.graph - DEBUG - Making node: Name=point_net_1/feature_transform_1/Max_Squeeze__348, OP=Squeeze
2026-01-29 09:12:59,390 - tf2onnx.graph - DEBUG - Made node: point_net_1/feature_transform_1/Max_Squeeze__348
OP=Squeeze
Name=point_net_1/feature_transform_1/Max_Squeeze__348
Inputs:
	point_net_1/feature_transform_1/Max:0=GlobalMaxPool, [-1, 1024, 1], 1
	const_axes__347=Const, [1], 7
Outpus:
	point_net_1/feature_transform_1/Max_Squeeze__348:0=[-1, 1024], 1
2026-01-29 09:12:59,399 - tf2onnx.optimizer.GlobalPoolOptimizer - VERBOSE - Const +3 (64->67), GlobalMaxPool +3 (0->3), ReduceMax -3 (4->1), Squeeze +3 (7->10)
2026-01-29 09:12:59,399 - tf2onnx.optimizer - VERBOSE - Apply q_dq_optimizer
2026-01-29 09:12:59,414 - tf2onnx.optimizer.QDQOptimizer - VERBOSE - no change
2026-01-29 09:12:59,415 - tf2onnx.optimizer - VERBOSE - Apply remove_identity
2026-01-29 09:12:59,443 - tf2onnx.optimizer.IdentityOptimizer - VERBOSE - Identity -5 (5->0)
2026-01-29 09:12:59,444 - tf2onnx.optimizer - VERBOSE - Apply remove_back_to_back
2026-01-29 09:12:59,475 - tf2onnx.optimizer.BackToBackOptimizer - VERBOSE - Transpose -22 (29->7)
2026-01-29 09:12:59,476 - tf2onnx.optimizer - VERBOSE - Apply einsum_optimizer
2026-01-29 09:12:59,491 - tf2onnx.optimizer.EinsumOptimizer - VERBOSE - no change
2026-01-29 09:12:59,492 - tf2onnx.optimizer - VERBOSE - Apply optimize_transpose
2026-01-29 09:12:59,499 - tf2onnx.optimizer.TransposeOptimizer - DEBUG - segmentation_output connects to graph outputs, skip
2026-01-29 09:12:59,500 - tf2onnx.optimizer.TransposeOptimizer - DEBUG - finish after 0 iteration(s)
2026-01-29 09:12:59,510 - tf2onnx.optimizer.TransposeOptimizer - VERBOSE - no change
2026-01-29 09:12:59,511 - tf2onnx.optimizer - VERBOSE - Apply remove_redundant_upsample
2026-01-29 09:12:59,542 - tf2onnx.optimizer.UpsampleOptimizer - VERBOSE - no change
2026-01-29 09:12:59,543 - tf2onnx.optimizer - VERBOSE - Apply fold_constants
2026-01-29 09:12:59,575 - tf2onnx.optimizer.ConstFoldOptimizer - VERBOSE - no change
2026-01-29 09:12:59,576 - tf2onnx.optimizer - VERBOSE - Apply const_dequantize_optimizer
2026-01-29 09:12:59,600 - tf2onnx.optimizer.ConstDequantizeOptimizer - VERBOSE - no change
2026-01-29 09:12:59,600 - tf2onnx.optimizer - VERBOSE - Apply loop_optimizer
2026-01-29 09:12:59,614 - tf2onnx.optimizer.LoopOptimizer - VERBOSE - no change
2026-01-29 09:12:59,615 - tf2onnx.optimizer - VERBOSE - Apply merge_duplication
2026-01-29 09:12:59,652 - tf2onnx.optimizer.MergeDuplicatedNodesOptimizer - VERBOSE - Const -3 (67->64)
2026-01-29 09:12:59,658 - tf2onnx.optimizer - VERBOSE - Apply reshape_optimizer
2026-01-29 09:12:59,689 - tf2onnx.optimizer.ReshapeOptimizer - VERBOSE - no change
2026-01-29 09:12:59,690 - tf2onnx.optimizer - VERBOSE - Apply global_pool_optimizer
2026-01-29 09:12:59,728 - tf2onnx.optimizer.GlobalPoolOptimizer - VERBOSE - no change
2026-01-29 09:12:59,732 - tf2onnx.optimizer - VERBOSE - Apply q_dq_optimizer
2026-01-29 09:12:59,761 - tf2onnx.optimizer.QDQOptimizer - VERBOSE - no change
2026-01-29 09:12:59,762 - tf2onnx.optimizer - VERBOSE - Apply remove_identity
2026-01-29 09:12:59,790 - tf2onnx.optimizer.IdentityOptimizer - VERBOSE - no change
2026-01-29 09:12:59,791 - tf2onnx.optimizer - VERBOSE - Apply remove_back_to_back
2026-01-29 09:12:59,820 - tf2onnx.optimizer.BackToBackOptimizer - VERBOSE - no change
2026-01-29 09:12:59,821 - tf2onnx.optimizer - VERBOSE - Apply einsum_optimizer
2026-01-29 09:12:59,847 - tf2onnx.optimizer.EinsumOptimizer - VERBOSE - no change
2026-01-29 09:12:59,849 - tf2onnx.optimizer - VERBOSE - Apply optimize_transpose
2026-01-29 09:12:59,857 - tf2onnx.optimizer.TransposeOptimizer - DEBUG - segmentation_output connects to graph outputs, skip
2026-01-29 09:12:59,858 - tf2onnx.optimizer.TransposeOptimizer - DEBUG - finish after 0 iteration(s)
2026-01-29 09:12:59,867 - tf2onnx.optimizer.TransposeOptimizer - VERBOSE - no change
2026-01-29 09:12:59,868 - tf2onnx.optimizer - VERBOSE - Apply remove_redundant_upsample
2026-01-29 09:12:59,890 - tf2onnx.optimizer.UpsampleOptimizer - VERBOSE - no change
2026-01-29 09:12:59,894 - tf2onnx.optimizer - VERBOSE - Apply fold_constants
2026-01-29 09:12:59,923 - tf2onnx.optimizer.ConstFoldOptimizer - VERBOSE - no change
2026-01-29 09:12:59,923 - tf2onnx.optimizer - VERBOSE - Apply const_dequantize_optimizer
2026-01-29 09:12:59,947 - tf2onnx.optimizer.ConstDequantizeOptimizer - VERBOSE - no change
2026-01-29 09:12:59,947 - tf2onnx.optimizer - VERBOSE - Apply loop_optimizer
2026-01-29 09:12:59,960 - tf2onnx.optimizer.LoopOptimizer - VERBOSE - no change
2026-01-29 09:12:59,960 - tf2onnx.optimizer - VERBOSE - Apply merge_duplication
2026-01-29 09:12:59,989 - tf2onnx.optimizer.MergeDuplicatedNodesOptimizer - VERBOSE - no change
2026-01-29 09:12:59,990 - tf2onnx.optimizer - VERBOSE - Apply reshape_optimizer
2026-01-29 09:13:00,019 - tf2onnx.optimizer.ReshapeOptimizer - VERBOSE - no change
2026-01-29 09:13:00,028 - tf2onnx.optimizer - VERBOSE - Apply global_pool_optimizer
2026-01-29 09:13:00,055 - tf2onnx.optimizer.GlobalPoolOptimizer - VERBOSE - no change
2026-01-29 09:13:00,056 - tf2onnx.optimizer - VERBOSE - Apply q_dq_optimizer
2026-01-29 09:13:00,069 - tf2onnx.optimizer.QDQOptimizer - VERBOSE - no change
2026-01-29 09:13:00,069 - tf2onnx.optimizer - VERBOSE - Apply remove_identity
2026-01-29 09:13:00,089 - tf2onnx.optimizer.IdentityOptimizer - VERBOSE - no change
2026-01-29 09:13:00,090 - tf2onnx.optimizer - VERBOSE - Apply remove_back_to_back
2026-01-29 09:13:00,119 - tf2onnx.optimizer.BackToBackOptimizer - VERBOSE - no change
2026-01-29 09:13:00,120 - tf2onnx.optimizer - VERBOSE - Apply einsum_optimizer
2026-01-29 09:13:00,145 - tf2onnx.optimizer.EinsumOptimizer - VERBOSE - no change
2026-01-29 09:13:00,147 - tf2onnx.optimizer - INFO - After optimization: Add -15 (24->9), Cast -13 (13->0), Const -29 (93->64), GlobalMaxPool +3 (0->3), Identity -6 (6->0), ReduceMax -3 (4->1), Reshape -10 (12->2), Squeeze +3 (7->10), Transpose -25 (32->7)
