{"classification_output_loss": [0.35572701692581177, 0.005641445983201265, 0.0015169698745012283, 0.0005629577790386975, 0.00022850680397823453, 9.717145439935848e-05, 3.8729522202629596e-05, 1.6392657926189713e-05, 7.254236152220983e-06, 3.2874681892280933e-06, 1.3928332691648393e-06, 5.991821581119439e-07, 2.7165157234776416e-07, 1.3556450539908838e-07, 7.359896159186974e-08, 3.8519161194017215e-08, 2.649363395335058e-08, 1.593868148574984e-08, 1.3765596662551616e-08, 1.017918993539979e-08, 8.896577696759778e-09, 7.017596725944486e-09, 7.164645765556088e-09, 5.81668047061612e-09, 6.069928115692846e-09, 5.759493770796098e-09, 4.615764215287754e-09, 4.092917116338413e-09, 4.566747868750554e-09, 4.141933906964823e-09, 3.44752693060002e-09, 3.6272556069860684e-09, 3.856002184221552e-09, 3.6190863639262716e-09, 3.137085924365124e-09, 3.929526926071958e-09, 3.5864082814640597e-09, 3.447527152644625e-09, 3.6272560510752783e-09, 4.354339555590059e-09, 2.8674929097860513e-09, 3.414848848137808e-09, 2.90834023530806e-09, 3.1207467721117155e-09, 3.104407841902912e-09, 2.842984514472846e-09, 2.499865647820343e-09], "classification_output_sparse_categorical_accuracy": [0.9311266541481018, 1.0, 1.0, 1.0, 1.0, 1.0, 1.0, 1.0, 1.0, 1.0, 1.0, 1.0, 1.0, 1.0, 1.0, 1.0, 1.0, 1.0, 1.0, 1.0, 1.0, 1.0, 1.0, 1.0, 1.0, 1.0, 1.0, 1.0, 1.0, 1.0, 1.0, 1.0, 1.0, 1.0, 1.0, 1.0, 1.0, 1.0, 1.0, 1.0, 1.0, 1.0, 1.0, 1.0, 1.0, 1.0, 1.0], "loss": [0.35572701692581177, 0.005641445983201265, 0.0015169698745012283, 0.0005629577790386975, 0.00022850680397823453, 9.717145439935848e-05, 3.8729522202629596e-05, 1.6392657926189713e-05, 7.254236152220983e-06, 3.2874681892280933e-06, 1.3928332691648393e-06, 5.991821581119439e-07, 2.7165157234776416e-07, 1.3556450539908838e-07, 7.359896159186974e-08, 3.8519161194017215e-08, 2.649363395335058e-08, 1.593868148574984e-08, 1.3765596662551616e-08, 1.017918993539979e-08, 8.896577696759778e-09, 7.017596725944486e-09, 7.164645765556088e-09, 5.81668047061612e-09, 6.069928115692846e-09, 5.759493770796098e-09, 4.615764215287754e-09, 4.092917116338413e-09, 4.566747868750554e-09, 4.141933906964823e-09, 3.44752693060002e-09, 3.6272556069860684e-09, 3.856002184221552e-09, 3.6190863639262716e-09, 3.137085924365124e-09, 3.929526926071958e-09, 3.5864082814640597e-09, 3.447527152644625e-09, 3.6272560510752783e-09, 4.354339555590059e-09, 2.8674929097860513e-09, 3.414848848137808e-09, 2.90834023530806e-09, 3.1207467721117155e-09, 3.104407841902912e-09, 2.842984514472846e-09, 2.499865647820343e-09], "se3_loss": [2.312795639038086, 2.054166316986084, 2.3777830600738525, 2.3795597553253174, 2.4268734455108643, 2.4588189125061035, 2.49040150642395, 2.4674181938171387, 2.5116896629333496, 2.1163156032562256, 2.0984702110290527, 2.1087324619293213, 2.3236258029937744, 2.3162708282470703, 2.2043159008026123, 2.220930576324463, 2.4243056774139404, 2.365891933441162, 2.3166792392730713, 2.362755537033081, 2.398646593093872, 2.2570858001708984, 2.2492265701293945, 2.3814432621002197, 2.3925366401672363, 2.242953300476074, 2.245703935623169, 2.391995668411255, 2.2513813972473145, 2.387739419937134, 2.3929474353790283, 2.253293991088867, 2.249077320098877, 2.252772569656372, 2.3981924057006836, 2.2604215145111084, 2.4054129123687744, 2.2577784061431885, 2.2675302028656006, 2.2585928440093994, 2.410499095916748, 2.2592897415161133, 2.2569468021392822, 2.2505037784576416, 2.3870174884796143, 2.3886377811431885, 2.3954360485076904], "se3_root_mean_squared_error": [1.5207878351211548, 1.4332363605499268, 1.5420061349868774, 1.5425821542739868, 1.557842493057251, 1.56806218624115, 1.5781006813049316, 1.570801854133606, 1.5848309993743896, 1.454756259918213, 1.4486095905303955, 1.4521474838256836, 1.5243443250656128, 1.5219299793243408, 1.4846938848495483, 1.4902786016464233, 1.5570181608200073, 1.5381454229354858, 1.5220640897750854, 1.5371257066726685, 1.54875648021698, 1.5023599863052368, 1.4997421503067017, 1.5431925058364868, 1.5467827320098877, 1.4976493120193481, 1.4985673427581787, 1.5466077327728271, 1.5004603862762451, 1.5452311038970947, 1.5469154119491577, 1.501097559928894, 1.499692440032959, 1.500923752784729, 1.548609733581543, 1.503469705581665, 1.5509393215179443, 1.502590537071228, 1.5058320760726929, 1.5028616189956665, 1.5525782108306885, 1.5030933618545532, 1.5023137331008911, 1.5001678466796875, 1.5449974536895752, 1.545521855354309, 1.5477195978164673], "segmentation_output_loss": [3.9222452640533447, 3.9546525478363037, 3.943389415740967, 3.926112174987793, 3.907794952392578, 3.9087398052215576, 3.9404144287109375, 3.9258837699890137, 3.9293222427368164, 3.9521334171295166, 3.965479612350464, 3.9550065994262695, 3.9153356552124023, 3.928179979324341, 3.954129934310913, 3.941697597503662, 3.9084041118621826, 3.9241058826446533, 3.916290044784546, 3.914581537246704, 3.9121510982513428, 3.939966917037964, 3.9412357807159424, 3.9114506244659424, 3.908118486404419, 3.943727970123291, 3.9342360496520996, 3.911271572113037, 3.941230058670044, 3.9129703044891357, 3.913085460662842, 3.9430882930755615, 3.9400486946105957, 3.9434092044830322, 3.91218638420105, 3.9435079097747803, 3.9109134674072266, 3.944060802459717, 3.9415740966796875, 3.947054386138916, 3.904731512069702, 3.9418485164642334, 3.9390714168548584, 3.943708658218384, 3.908348321914673, 3.912158727645874, 3.911407470703125], "segmentation_output_sparse_categorical_accuracy": [0.00498736510053277, 0.004663802217692137, 0.0049284216947853565, 0.0050382111221551895, 0.005485175177454948, 0.005601539742201567, 0.005318122915923595, 0.005110932979732752, 0.004874990787357092, 0.005339463707059622, 0.004943245556205511, 0.0048172431997954845, 0.004438140895217657, 0.005026926286518574, 0.004816373344510794, 0.00461968220770359, 0.004862241446971893, 0.004763904493302107, 0.004806250799447298, 0.0050563812255859375, 0.00492336880415678, 0.0051122382283210754, 0.005422399844974279, 0.005464829970151186, 0.005496075376868248, 0.005163042340427637, 0.005089517217129469, 0.005268875043839216, 0.005255464930087328, 0.005548753309994936, 0.005265896674245596, 0.005162958521395922, 0.0050126295536756516, 0.0050942436791956425, 0.005016360431909561, 0.0050471206195652485, 0.005267804022878408, 0.004625462461262941, 0.005194998811930418, 0.004839897155761719, 0.005207429639995098, 0.0052014486864209175, 0.004876638762652874, 0.0047796317376196384, 0.005145273637026548, 0.0051174163818359375, 0.005268238950520754], "val_classification_output_loss": [0.010419638827443123, 0.0013656637165695429, 0.0007314746617339551, 0.00027048270567320287, 0.00010440879123052582, 3.945006028516218e-05, 1.502631221228512e-05, 6.58854287394206e-06, 2.588555389593239e-06, 7.515899937970971e-07, 3.162720361160609e-07, 1.4550064975082933e-07, 8.038461629666926e-08, 3.029222028771983e-08, 1.4288783489746493e-09, 2.857756808971601e-10, 0.0, 4.082509677538759e-11, 0.0, 0.0, 0.0, 0.0, 0.0, 0.0, 0.0, 0.0, 0.0, 0.0, 0.0, 0.0, 0.0, 0.0, 0.0, 0.0, 0.0, 0.0, 0.0, 0.0, 0.0, 0.0, 0.0, 0.0, 0.0, 0.0, 0.0, 0.0, 0.0], "val_classification_output_sparse_categorical_accuracy": [1.0, 1.0, 1.0, 1.0, 1.0, 1.0, 1.0, 1.0, 1.0, 1.0, 1.0, 1.0, 1.0, 1.0, 1.0, 1.0, 1.0, 1.0, 1.0, 1.0, 1.0, 1.0, 1.0, 1.0, 1.0, 1.0, 1.0, 1.0, 1.0, 1.0, 1.0, 1.0, 1.0, 1.0, 1.0, 1.0, 1.0, 1.0, 1.0, 1.0, 1.0, 1.0, 1.0, 1.0, 1.0, 1.0, 1.0], "val_loss": [0.010419638827443123, 0.0013656637165695429, 0.0007314746617339551, 0.00027048270567320287, 0.00010440879123052582, 3.945006028516218e-05, 1.502631221228512e-05, 6.58854287394206e-06, 2.588555389593239e-06, 7.515899937970971e-07, 3.162720361160609e-07, 1.4550064975082933e-07, 8.038461629666926e-08, 3.029222028771983e-08, 1.4288783489746493e-09, 2.857756808971601e-10, 0.0, 4.082509677538759e-11, 0.0, 0.0, 0.0, 0.0, 0.0, 0.0, 0.0, 0.0, 0.0, 0.0, 0.0, 0.0, 0.0, 0.0, 0.0, 0.0, 0.0, 0.0, 0.0, 0.0, 0.0, 0.0, 0.0, 0.0, 0.0, 0.0, 0.0, 0.0, 0.0],