{"classification_output_loss": [0.23133864998817444, 0.003049632767215371, 0.0007593714399263263, 0.00023750496620777994, 8.04562951088883e-05, 2.758932350843679e-05, 9.564551874063909e-06, 3.3126182188425446e-06, 1.228130713570863e-06, 3.809855968484044e-07, 1.4389469527031906e-07, 5.874628783431035e-08, 2.4098003592598616e-08, 1.4168310968898368e-08, 1.2616784061947328e-08, 7.975447857688778e-09, 5.327970065138743e-09, 5.176119532990242e-09, 3.0964302233371654e-09, 4.066952552506109e-09, 3.6047989038223704e-09, 2.779524166385272e-09, 2.6078674775220634e-09, 3.6708156514464463e-09, 2.43621012252504e-09, 2.50883425145787e-09, 2.515433417116242e-09, 2.9643829613235084e-09, 2.2051329651162632e-09, 3.314301277868026e-09, 2.3305748442226104e-09, 3.083225008637669e-09, 1.9080346191913122e-09, 2.7002968749911815e-09, 2.4560165012843527e-09, 1.822206052715103e-09, 2.079691308054521e-09, 2.46921993962701e-09, 1.6439459793460287e-09, 1.88822646407516e-09, 2.0334760542084496e-09, 2.284359590376539e-09], "classification_output_sparse_categorical_accuracy": [0.9580748677253723, 1.0, 1.0, 1.0, 1.0, 1.0, 1.0, 1.0, 1.0, 1.0, 1.0, 1.0, 1.0, 1.0, 1.0, 1.0, 1.0, 1.0, 1.0, 1.0, 1.0, 1.0, 1.0, 1.0, 1.0, 1.0, 1.0, 1.0, 1.0, 1.0, 1.0, 1.0, 1.0, 1.0, 1.0, 1.0, 1.0, 1.0, 1.0, 1.0, 1.0, 1.0], "loss": [0.23133864998817444, 0.003049632767215371, 0.0007593714399263263, 0.00023750496620777994, 8.04562951088883e-05, 2.758932350843679e-05, 9.564551874063909e-06, 3.3126182188425446e-06, 1.228130713570863e-06, 3.809855968484044e-07, 1.4389469527031906e-07, 5.874628783431035e-08, 2.4098003592598616e-08, 1.4168310968898368e-08, 1.2616784061947328e-08, 7.975447857688778e-09, 5.327970065138743e-09, 5.176119532990242e-09, 3.0964302233371654e-09, 4.066952552506109e-09, 3.6047989038223704e-09, 2.779524166385272e-09, 2.6078674775220634e-09, 3.6708156514464463e-09, 2.43621012252504e-09, 2.50883425145787e-09, 2.515433417116242e-09, 2.9643829613235084e-09, 2.2051329651162632e-09, 3.314301277868026e-09, 2.3305748442226104e-09, 3.083225008637669e-09, 1.9080346191913122e-09, 2.7002968749911815e-09, 2.4560165012843527e-09, 1.822206052715103e-09, 2.079691308054521e-09, 2.46921993962701e-09, 1.6439459793460287e-09, 1.88822646407516e-09, 2.0334760542084496e-09, 2.284359590376539e-09], "se3_loss": [1.6463042497634888, 1.6912797689437866, 1.7457964420318604, 1.783586859703064, 1.8960387706756592, 1.9326848983764648, 1.938437581062317, 1.9995390176773071, 2.034489870071411, 2.1291544437408447, 2.2464101314544678, 2.2908754348754883, 2.236288547515869, 2.232020139694214, 2.2279458045959473, 2.1977014541625977, 2.2172062397003174, 2.2882814407348633, 2.3255562782287598, 2.2978012561798096, 2.288764715194702, 2.2226529121398926, 2.291668653488159, 2.2913730144500732, 2.2793118953704834, 2.3054609298706055, 2.321129560470581, 2.303476572036743, 2.321218490600586, 2.2227866649627686, 2.335644006729126, 2.1864397525787354, 2.314288377761841, 2.265465497970581, 2.3131160736083984, 2.293865919113159, 2.2559356689453125, 2.3070404529571533, 2.286912441253662, 2.2894318103790283, 2.280898332595825, 2.2871105670928955], "se3_root_mean_squared_error": [1.2830837965011597, 1.3004920482635498, 1.3212859630584717, 1.335510015487671, 1.376967191696167, 1.3902103900909424, 1.3922778367996216, 1.414050579071045, 1.4263553619384766, 1.4591619968414307, 1.498802900314331, 1.5135637521743774, 1.49542236328125, 1.4939947128295898, 1.4926306009292603, 1.4824644327163696, 1.4890286922454834, 1.5127066373825073, 1.5249773263931274, 1.5158498287200928, 1.5128663778305054, 1.490856409072876, 1.5138258934020996, 1.5137280225753784, 1.5097390413284302, 1.5183745622634888, 1.5235252380371094, 1.5177208185195923, 1.5235545635223389, 1.4909011125564575, 1.5282814502716064, 1.478661298751831, 1.5212785005569458, 1.5051462650299072, 1.5208930969238281, 1.5145512819290161, 1.5019772052764893, 1.5188944339752197, 1.512253999710083, 1.5130867958068848, 1.5102643966674805, 1.512319564819336], "segmentation_output_loss": [4.4397172927856445, 4.385460376739502, 4.370577335357666, 4.343112468719482, 4.313015937805176, 4.266509532928467, 4.260494709014893, 4.243382453918457, 4.257745265960693, 4.298262596130371, 4.317689895629883, 4.321266174316406, 4.3094024658203125, 4.292915344238281, 4.313693046569824, 4.293035984039307, 4.3018598556518555, 4.277719497680664, 4.266979694366455, 4.282894134521484, 4.274510383605957, 4.28034782409668, 4.263241767883301, 4.246038436889648, 4.273516654968262, 4.266641616821289, 4.254735946655273, 4.272787570953369, 4.2437028884887695, 4.279391765594482, 4.257299423217773, 4.283815383911133, 4.255157470703125, 4.275327682495117, 4.254334449768066, 4.273334503173828, 4.263437271118164, 4.257009983062744, 4.250378131866455, 4.2550249099731445, 4.255859375, 4.2475056648254395], "segmentation_output_sparse_categorical_accuracy": [0.006214674096554518, 0.005614903289824724, 0.0066835456527769566, 0.007017873227596283, 0.005468122661113739, 0.006583001464605331, 0.006210340652614832, 0.0046548908576369286, 0.00233566970564425, 0.003235809737816453, 0.0029175386298447847, 0.003005156759172678, 0.0030363029800355434, 0.002980858786031604, 0.002874101512134075, 0.0028803416062146425, 0.0031283628195524216, 0.002960712183266878, 0.0032494256738573313, 0.003486886853352189, 0.0030512979719787836, 0.0029252187814563513, 0.0034216803032904863, 0.0029653769452124834, 0.002931715687736869, 0.0030826404690742493, 0.003088251920416951, 0.00314386491663754, 0.0029147532768547535, 0.002967432141304016, 0.002993663540109992, 0.002872938523069024, 0.0033394168131053448, 0.0027577439323067665, 0.003219760023057461, 0.0030463358853012323, 0.0030866495799273252, 0.00318186660297215, 0.0028225108981132507, 0.002717098919674754, 0.003044368466362357, 0.0030385609716176987], "val_classification_output_loss": [0.005293034482747316, 0.0007076002657413483, 0.00022531613649334759, 5.9880119806621224e-05, 2.819467226800043e-05, 6.7720538936555386e-06, 2.1864379959879443e-06, 7.915125479485141e-07, 1.1094921603671537e-07, 2.8084212733148206e-09, 9.912078796636692e-11, 0.0, 0.0, 0.0, 0.0, 0.0, 0.0, 0.0, 0.0, 0.0, 0.0, 0.0, 0.0, 0.0, 0.0, 0.0, 0.0, 0.0, 0.0, 0.0, 0.0, 0.0, 0.0, 0.0, 0.0, 0.0, 0.0, 0.0, 0.0, 0.0, 0.0, 0.0], "val_classification_output_sparse_categorical_accuracy": [1.0, 1.0, 1.0, 1.0, 1.0, 1.0, 1.0, 1.0, 1.0, 1.0, 1.0, 1.0, 1.0, 1.0, 1.0, 1.0, 1.0, 1.0, 1.0, 1.0, 1.0, 1.0, 1.0, 1.0, 1.0, 1.0, 1.0, 1.0, 1.0, 1.0, 1.0, 1.0, 1.0, 1.0, 1.0, 1.0, 1.0, 1.0, 1.0, 1.0, 1.0, 1.0], "val_loss": [0.005293034482747316, 0.0007076002657413483, 0.00022531613649334759, 5.9880119806621224e-05, 2.819467226800043e-05, 6.7720538936555386e-06, 2.1864379959879443e-06, 7.915125479485141e-07, 1.1094921603671537e-07, 2.8084212733148206e-09, 9.912078796636692e-11, 0.0, 0.0, 0.0, 0.0, 0.0, 0.0, 0.0, 0.0, 0.0, 0.0, 0.0, 0.0, 0.0, 0.0, 0.0, 0.0, 0.0, 0.0, 0.0, 0.0, 0.0, 0.0, 0.0, 0.0, 0.0, 0.0, 0.0, 0.0, 0.0, 0.0, 0.0], "val_se3_loss": [2.167127847671509, 4.211641311645508, 6.353661060333252, 4.164434432983398, 2.4045791625976562, 3.8295278549194336, 3.801159381866455, 2.5371289253234863, 2.2727017402648926, 5.6031107902526855, 2.6483352184295654, 6.425693988800049, 6.038328647613525, 7.533304691314697, 2.4543004035949707, 2.474667549133301, 2.5131657123565674, 7.606484889984131, 7.45352840423584, 2.4529972076416016, 2.426239252090454, 5.846823692321777, 6.11354923248291, 8.831296920776367, 2.524024248123169, 2.4601452350616455, 7.049335956573486, 2.4954206943511963, 6.579806804656982, 5.749299049377441, 6.161899566650391, 11.673955917358398, 6.979459285736084, 2.561781883239746, 7.130452632904053, 2.4458649158477783, 2.407541513442993, 7.19993782043457, 8.0137939453125, 7.866654396057129, 8.681486129760742, 8.903883934020996],