{"classification_output_loss": [59.59994125366211, 63.521934509277344, 62.74921417236328, 62.725059509277344, 62.05638885498047, 61.6557502746582, 60.841766357421875, 59.8186149597168, 59.421630859375, 58.33283233642578, 56.27938461303711, 55.50470733642578, 53.87580108642578, 52.982582092285156, 51.55281066894531, 50.156131744384766, 47.401023864746094, 46.574764251708984, 43.76393127441406, 43.11771011352539, 41.319400787353516, 39.553985595703125, 38.52241897583008, 37.529457092285156, 35.18196105957031, 33.93806076049805, 33.51095962524414, 32.067874908447266, 31.0560245513916, 29.526371002197266, 28.68069839477539, 28.11849594116211, 26.98779296875, 25.84298324584961, 25.188377380371094, 24.428438186645508, 24.69711685180664], "classification_output_sparse_categorical_accuracy": [0.0, 0.0, 0.0, 0.0, 0.0, 0.0, 0.0, 0.0, 0.0, 0.0, 0.0, 0.0, 0.0, 0.0, 0.0, 0.0, 0.0, 0.0, 0.0, 0.0, 0.0, 0.0, 0.0, 0.0, 0.0, 0.0, 0.0, 0.0, 0.0, 0.0, 0.0, 0.0, 0.0, 0.0, 0.0, 0.0, 0.00026939655072055757], "loss": [0.46259599924087524, 0.42746734619140625, 0.42287400364875793, 0.4176754355430603, 0.4124657213687897, 0.4092552065849304, 0.404663622379303, 0.39949631690979004, 0.39633986353874207, 0.389472097158432, 0.38244691491127014, 0.3730393648147583, 0.36874768137931824, 0.35926079750061035, 0.35165461897850037, 0.3451243042945862, 0.3344927430152893, 0.32590553164482117, 0.31456395983695984, 0.3052678406238556, 0.29835045337677, 0.2874104380607605, 0.27517515420913696, 0.2676883041858673, 0.2560575604438782, 0.24497775733470917, 0.23904277384281158, 0.2282884418964386, 0.21634133160114288, 0.21308276057243347, 0.20181244611740112, 0.19291920959949493, 0.18498559296131134, 0.1769317090511322, 0.17230787873268127, 0.16276279091835022, 0.16154512763023376], "se3_loss": [0.3840412497520447, 0.3445812165737152, 0.3425496518611908, 0.33827999234199524, 0.3345291018486023, 0.33341971039772034, 0.3301441967487335, 0.3267044425010681, 0.3252010643482208, 0.31940191984176636, 0.3138854503631592, 0.3064870834350586, 0.30373311042785645, 0.2954711318016052, 0.28923216462135315, 0.2843509316444397, 0.27523332834243774, 0.2678126096725464, 0.2580985724925995, 0.24973946809768677, 0.24404369294643402, 0.2342492789030075, 0.2230597734451294, 0.21666178107261658, 0.20634271204471588, 0.19632196426391602, 0.19092108309268951, 0.1809358149766922, 0.1703370064496994, 0.16740958392620087, 0.15737856924533844, 0.14975576102733612, 0.14244045317173004, 0.13547541201114655, 0.13150979578495026, 0.12311190366744995, 0.12197086960077286], "se3_root_mean_squared_error": [0.6197106242179871, 0.587010383605957, 0.5852774381637573, 0.5816184282302856, 0.5783848166465759, 0.5774250030517578, 0.5745817422866821, 0.5715806484222412, 0.5702640414237976, 0.5651565194129944, 0.5602547526359558, 0.5536127686500549, 0.551119863986969, 0.5435725450515747, 0.537803053855896, 0.5332456231117249, 0.5246267914772034, 0.5175061225891113, 0.5080339908599854, 0.4997393488883972, 0.49400779604911804, 0.4839930534362793, 0.4722920358181, 0.4654694199562073, 0.45424962043762207, 0.443082332611084, 0.4369451403617859, 0.42536547780036926, 0.4127190113067627, 0.4091571569442749, 0.3967096507549286, 0.38698288798332214, 0.3774128556251526, 0.3680698275566101, 0.3626427948474884, 0.35087305307388306, 0.34924328327178955], "segmentation_output_loss": [1.8931207656860352, 1.8798723220825195, 1.8722978830337524, 1.8735376596450806, 1.8650932312011719, 1.8539619445800781, 1.8560559749603271, 1.8496943712234497, 1.8425410985946655, 1.834137201309204, 1.8486394882202148, 1.8264418840408325, 1.8302972316741943, 1.8261103630065918, 1.8330920934677124, 1.8365061283111572, 1.8409228324890137, 1.8382012844085693, 1.8607935905456543, 1.8666350841522217, 1.8798600435256958, 1.9017679691314697, 1.9023473262786865, 1.9153027534484863, 1.9282578229904175, 1.941186785697937, 1.958645224571228, 1.9904050827026367, 1.985382080078125, 2.007725238800049, 2.0268023014068604, 2.030083179473877, 2.0375895500183105, 2.064537763595581, 2.075502634048462, 2.078080177307129, 2.094735860824585], "segmentation_output_sparse_categorical_accuracy": [0.4492896497249603, 0.4537934362888336, 0.452649861574173, 0.4523637592792511, 0.4534568786621094, 0.4520188570022583, 0.45170408487319946, 0.4510151445865631, 0.44946861267089844, 0.4487455189228058, 0.44519490003585815, 0.4460168480873108, 0.44359588623046875, 0.44198548793792725, 0.4402059316635132, 0.4366500973701477, 0.43141981959342957, 0.43257009983062744, 0.4280138909816742, 0.4244806468486786, 0.42238083481788635, 0.4157212972640991, 0.41437169909477234, 0.41066116094589233, 0.4066409468650818, 0.4045135974884033, 0.40028998255729675, 0.3959589898586273, 0.39532437920570374, 0.3923921287059784, 0.3873600661754608, 0.3850957155227661, 0.3830115795135498, 0.37845492362976074, 0.3751183748245239, 0.3775949776172638, 0.3723852336406708], "val_classification_output_loss": [48.8175048828125, 33.79245376586914, 21.97322654724121, 21.68413543701172, 46.064022064208984, 32.54887390136719, 51.9683952331543, 47.03170394897461, 47.03969955444336, 46.6815185546875, 45.03262710571289, 36.31667709350586, 26.354703903198242, 31.69097900390625, 22.09025764465332, 34.16720962524414, 30.247713088989258, 24.396221160888672, 32.71219253540039, 25.05206871032715, 24.73771858215332, 33.073856353759766, 26.287315368652344, 27.423381805419922, 27.761579513549805, 31.85468101501465, 18.862449645996094, 19.337602615356445, 16.01580238342285, 23.120027542114258, 22.60016632080078, 13.79071044921875, 26.306358337402344, 20.03355598449707, 22.92544174194336, 22.622461318969727, 23.621448516845703], "val_classification_output_sparse_categorical_accuracy": [0.0, 0.0, 0.0, 0.0, 0.0, 0.0, 0.0, 0.0, 0.0, 0.0, 0.0, 0.0, 0.0, 0.0, 0.0, 0.0, 0.0, 0.0, 0.0, 0.0, 0.0, 0.0, 0.0, 0.0, 0.0, 0.0, 0.0, 0.0, 0.0, 0.0, 0.0, 0.0, 0.0, 0.0, 0.0, 0.0, 0.0], "val_loss": [0.47002843022346497, 0.4945719838142395, 0.5358754396438599, 0.5448670983314514, 0.48015013337135315, 0.5058212280273438, 0.4660572111606598, 0.4830883741378784, 0.47363603115081787, 0.4795539081096649, 0.4868731200695038, 0.5105724334716797, 0.5424012541770935, 0.5180938243865967, 0.611208975315094, 0.5183272361755371, 0.5270240902900696, 0.5988788604736328, 0.5207224488258362, 0.5787185430526733, 0.608253002166748, 0.5374290943145752, 0.5765774846076965, 0.5556870102882385, 0.5478376150131226, 0.5417098999023438, 0.6692479848861694, 0.6302521228790283, 0.6813428401947021, 0.590913712978363, 0.6124217510223389, 0.8587186932563782, 0.5945039987564087, 0.6417073607444763, 0.6494168639183044, 0.5956621170043945, 0.5872449278831482], "val_se3_loss": [0.4058171212673187, 0.44281136989593506, 0.4891839027404785, 0.496728777885437, 0.4257955551147461, 0.4480583369731903, 0.4039264917373657, 0.4202010929584503, 0.40603482723236084, 0.42003506422042847, 0.42689836025238037, 0.457710862159729, 0.48978403210639954, 0.4672735929489136, 0.5532724857330322, 0.46196797490119934, 0.47680070996284485, 0.535168468952179, 0.4658803939819336, 0.5232678651809692, 0.5405140519142151, 0.48173996806144714, 0.5100534558296204, 0.49977216124534607, 0.4937267601490021, 0.4867246448993683, 0.5900689959526062, 0.5613222718238831, 0.5997979640960693, 0.5289687514305115, 0.5492191314697266, 0.7067786455154419, 0.5352221727371216, 0.5690636038780212, 0.5703619718551636, 0.536868155002594, 0.5279011130332947],