{"classification_output_loss": [3.094510793685913, 3.0933048725128174, 3.0930185317993164, 3.093090295791626, 3.0930137634277344, 3.0931551456451416, 3.0930864810943604, 3.093205451965332, 3.093045949935913, 3.09340763092041, 3.0933837890625, 3.093252658843994, 3.0931448936462402, 3.0933778285980225, 3.0934534072875977, 3.0934395790100098, 3.093616008758545, 3.093596935272217, 3.093698501586914, 3.093724489212036, 3.093691110610962, 3.0940029621124268, 3.093989372253418, 3.0940747261047363, 3.0940613746643066, 3.0940990447998047, 3.0940706729888916, 3.0942981243133545, 3.0943236351013184, 3.0945398807525635, 3.0942392349243164, 3.094433307647705, 3.0945708751678467, 3.0945332050323486, 3.0946333408355713], "classification_output_sparse_categorical_accuracy": [0.0032051282469183207, 0.0034722222480922937, 0.003739316249266267, 0.0021367522422224283, 0.005608974490314722, 0.004807692486792803, 0.0021367522422224283, 0.0032051282469183207, 0.003739316249266267, 0.0034722222480922937, 0.0034722222480922937, 0.005341880489140749, 0.0034722222480922937, 0.0021367522422224283, 0.004273504484444857, 0.004273504484444857, 0.005876068491488695, 0.0040064104832708836, 0.004273504484444857, 0.0040064104832708836, 0.0034722222480922937, 0.0032051282469183207, 0.0021367522422224283, 0.004807692486792803, 0.0029380342457443476, 0.004273504484444857, 0.003739316249266267, 0.0026709402445703745, 0.00454059848561883, 0.005341880489140749, 0.004807692486792803, 0.004273504484444857, 0.0040064104832708836, 0.0034722222480922937, 0.0029380342457443476], "loss": [0.602290689945221, 0.40470752120018005, 0.39027881622314453, 0.38509881496429443, 0.3774704039096832, 0.37108856439590454, 0.36923524737358093, 0.36233240365982056, 0.35750648379325867, 0.35418739914894104, 0.35115647315979004, 0.3467252552509308, 0.34329134225845337, 0.3397373855113983, 0.33591994643211365, 0.32818883657455444, 0.32788562774658203, 0.3260544240474701, 0.3167116940021515, 0.3121892213821411, 0.30622366070747375, 0.30473053455352783, 0.29907551407814026, 0.2950405478477478, 0.2848193645477295, 0.2817661166191101, 0.2755175530910492, 0.26814723014831543, 0.26693278551101685, 0.2571931481361389, 0.25274422764778137, 0.2476765513420105, 0.24098309874534607, 0.23265258967876434, 0.22709134221076965], "se3_loss": [0.5035496354103088, 0.3691485822200775, 0.3539351224899292, 0.34861621260643005, 0.34104079008102417, 0.33479180932044983, 0.3335171639919281, 0.3267675042152405, 0.32228827476501465, 0.3194342851638794, 0.31660380959510803, 0.3126821517944336, 0.3096747398376465, 0.3063758909702301, 0.3030669689178467, 0.295860230922699, 0.29559266567230225, 0.2945566475391388, 0.28541603684425354, 0.2813623249530792, 0.27587074041366577, 0.2747657597064972, 0.2694600224494934, 0.26546773314476013, 0.25588858127593994, 0.2534174621105194, 0.24754901230335236, 0.24047379195690155, 0.23931138217449188, 0.23003579676151276, 0.22607457637786865, 0.22124817967414856, 0.21476790308952332, 0.20689450204372406, 0.20166081190109253], "se3_root_mean_squared_error": [0.7096123099327087, 0.6075759530067444, 0.5949244499206543, 0.5904372930526733, 0.5839869379997253, 0.5786119699478149, 0.5775094032287598, 0.5716358423233032, 0.567704439163208, 0.5651851892471313, 0.5626755952835083, 0.5591798424720764, 0.5564842820167542, 0.5535122752189636, 0.5505151748657227, 0.5439303517341614, 0.5436843037605286, 0.5427306890487671, 0.5342434048652649, 0.5304359197616577, 0.5252339839935303, 0.5241810083389282, 0.5190954208374023, 0.5152356028556824, 0.5058543086051941, 0.5034058690071106, 0.49754297733306885, 0.49038127064704895, 0.4891946315765381, 0.47962045669555664, 0.47547295689582825, 0.47037026286125183, 0.4634305536746979, 0.4548565447330475, 0.4490665793418884], "segmentation_output_loss": [2.4881277084350586, 2.4871273040771484, 2.487025499343872, 2.4870216846466064, 2.4869723320007324, 2.4870150089263916, 2.4870731830596924, 2.4871466159820557, 2.4871137142181396, 2.487220287322998, 2.4872002601623535, 2.487227201461792, 2.4873197078704834, 2.487335443496704, 2.487424612045288, 2.4875102043151855, 2.487553596496582, 2.48759126663208, 2.487637758255005, 2.4876959323883057, 2.4877536296844482, 2.4878644943237305, 2.487870216369629, 2.487905502319336, 2.487990379333496, 2.488023519515991, 2.4881317615509033, 2.488173484802246, 2.488191843032837, 2.4882869720458984, 2.488339424133301, 2.4884302616119385, 2.48844313621521, 2.4885013103485107, 2.488583564758301], "segmentation_output_sparse_categorical_accuracy": [0.001183795160613954, 0.0008764022495597601, 0.0008908133022487164, 0.0009488489013165236, 0.0010403364431113005, 0.0009285038104280829, 0.0009667160338722169, 0.0009738889639265835, 0.000853383622597903, 0.0009720631060190499, 0.0010576818604022264, 0.0009271344752050936, 0.0008768587140366435, 0.0008181058219633996, 0.0009364592842757702, 0.0010553995380178094, 0.0008617955609224737, 0.000973367306869477, 0.0010175786446779966, 0.0010184263810515404, 0.0008136716787703335, 0.0009232871816493571, 0.0010377280414104462, 0.0010069496929645538, 0.0010555300395935774, 0.0008816189365461469, 0.001091068610548973, 0.0008899656240828335, 0.0009092020918615162, 0.0011087401071563363, 0.0009553045383654535, 0.0008616651175543666, 0.00088285788660869, 0.0010016026208177209, 0.0009711501770652831], "val_classification_output_loss": [3.098100423812866, 3.0979442596435547, 3.093766927719116, 3.093146324157715, 3.0928142070770264, 3.0935862064361572, 3.0931601524353027, 3.0932457447052, 3.094057083129883, 3.093435764312744, 3.094090700149536, 3.0940260887145996, 3.0939977169036865, 3.0944042205810547, 3.0939533710479736, 3.0952885150909424, 3.0939433574676514, 3.0943312644958496, 3.094148635864258, 3.0945465564727783, 3.093695878982544, 3.0946669578552246, 3.0943477153778076, 3.094616651535034, 3.094395399093628, 3.096008062362671, 3.096208333969116, 3.094569683074951, 3.0966362953186035, 3.0944502353668213, 3.09513521194458, 3.0952887535095215, 3.0943992137908936, 3.094741106033325, 3.095146417617798], "val_classification_output_sparse_categorical_accuracy": [0.0, 0.0, 0.0, 0.0, 0.0, 0.0, 0.0, 0.0, 0.0, 0.0, 0.0, 0.0, 0.0, 0.0, 0.0, 0.0, 0.0, 0.0, 0.0, 0.0, 0.0, 0.0, 0.0, 0.0, 0.0, 0.0, 0.0, 0.0, 0.0, 0.0, 0.0, 0.0, 0.0, 0.0, 0.0], "val_loss": [0.8925603032112122, 1.1605550050735474, 0.48039722442626953, 0.4319881796836853, 0.4224278926849365, 0.4420231878757477, 0.4671279191970825, 0.4260265827178955, 0.4693193733692169, 0.4697813391685486, 0.47593846917152405, 0.48664242029190063, 0.4735555648803711, 0.4994255602359772, 0.45083245635032654, 0.5438777208328247, 0.4853421151638031, 0.5145557522773743, 0.4803723394870758, 0.4923919141292572, 0.47856804728507996, 0.5288206338882446, 0.5257869958877563, 0.5264484286308289, 0.5615866184234619, 0.6254467368125916, 0.6025153994560242, 0.5675433278083801, 0.6820510625839233, 0.5560582876205444, 0.6013197898864746, 0.5965225100517273, 0.5662605166435242, 0.5939968228340149, 0.6151491403579712], "val_se3_loss": [0.8361343741416931, 1.0397659540176392, 0.4553091526031494, 0.39723852276802063, 0.38648274540901184, 0.4090263545513153, 0.43741345405578613, 0.39138859510421753, 0.44128113985061646, 0.4398775100708008, 0.44713038206100464, 0.4586024582386017, 0.4462612271308899, 0.4703271687030792, 0.42106884717941284, 0.5133681297302246, 0.45514369010925293, 0.4876612424850464, 0.45286864042282104, 0.46456441283226013, 0.4490469992160797, 0.49975839257240295, 0.49789324402809143, 0.49688729643821716, 0.5320746898651123, 0.5893762707710266, 0.568589985370636, 0.5374971628189087, 0.6260219216346741, 0.5266231298446655, 0.5641549229621887, 0.5638514161109924, 0.5354246497154236, 0.555793285369873, 0.577860414981842],