{"classification_output_loss": [3.09196138381958, 3.0916976928710938, 3.0915799140930176, 3.0913643836975098, 3.0915303230285645, 3.0915050506591797, 3.091503143310547, 3.091479778289795, 3.0914835929870605, 3.091454029083252, 3.0915491580963135, 3.0915908813476562, 3.091618061065674, 3.0914499759674072, 3.091569662094116, 3.0916404724121094, 3.0917165279388428, 3.0916740894317627, 3.0917227268218994, 3.091818332672119, 3.091597557067871, 3.0918147563934326, 3.091597557067871, 3.0918736457824707, 3.091672658920288, 3.0915451049804688, 3.0916876792907715, 3.091564655303955, 3.0918169021606445, 3.0917809009552, 3.091961145401001, 3.091860771179199, 3.0916080474853516, 3.092057466506958], "classification_output_sparse_categorical_accuracy": [0.0024038462433964014, 0.005341880489140749, 0.0034722222480922937, 0.00454059848561883, 0.0034722222480922937, 0.003739316249266267, 0.004807692486792803, 0.005608974490314722, 0.003739316249266267, 0.0069444444961845875, 0.004273504484444857, 0.004807692486792803, 0.00454059848561883, 0.0069444444961845875, 0.005876068491488695, 0.004273504484444857, 0.005876068491488695, 0.004273504484444857, 0.005341880489140749, 0.006143162492662668, 0.005608974490314722, 0.005341880489140749, 0.0040064104832708836, 0.0032051282469183207, 0.0040064104832708836, 0.005876068491488695, 0.006677350495010614, 0.0034722222480922937, 0.0029380342457443476, 0.004807692486792803, 0.0040064104832708836, 0.0040064104832708836, 0.005608974490314722, 0.0069444444961845875], "loss": [0.4961692690849304, 0.36446937918663025, 0.3490770757198334, 0.3425202965736389, 0.3385249078273773, 0.33257511258125305, 0.3299485146999359, 0.32589513063430786, 0.3234257102012634, 0.320084810256958, 0.3178772032260895, 0.31248196959495544, 0.31210488080978394, 0.3052810728549957, 0.30475690960884094, 0.2993503510951996, 0.29786020517349243, 0.29191261529922485, 0.2876490652561188, 0.28208503127098083, 0.2786024808883667, 0.27042973041534424, 0.26779377460479736, 0.26278311014175415, 0.25689950585365295, 0.24949513375759125, 0.24710319936275482, 0.24060554802417755, 0.2316991537809372, 0.22517304122447968, 0.21856272220611572, 0.21308797597885132, 0.20472541451454163, 0.2004048228263855], "se3_loss": [0.4961692690849304, 0.36446937918663025, 0.3490770757198334, 0.3425202965736389, 0.3385249078273773, 0.33257511258125305, 0.3299485146999359, 0.32589513063430786, 0.3234257102012634, 0.320084810256958, 0.3178772032260895, 0.31248196959495544, 0.31210488080978394, 0.3052810728549957, 0.30475690960884094, 0.2993503510951996, 0.29786020517349243, 0.29191261529922485, 0.2876490652561188, 0.28208503127098083, 0.2786024808883667, 0.27042973041534424, 0.26779377460479736, 0.26278311014175415, 0.25689950585365295, 0.24949513375759125, 0.24710319936275482, 0.24060554802417755, 0.2316991537809372, 0.22517304122447968, 0.21856272220611572, 0.21308797597885132, 0.20472541451454163, 0.2004048228263855], "se3_root_mean_squared_error": [0.7043928503990173, 0.6037129759788513, 0.590827465057373, 0.5852522850036621, 0.5818289518356323, 0.5766932368278503, 0.5744114518165588, 0.5708722472190857, 0.5687052607536316, 0.5657603740692139, 0.5638059973716736, 0.5590008497238159, 0.5586634874343872, 0.5525224208831787, 0.5520479083061218, 0.5471291542053223, 0.5457656979560852, 0.5402894020080566, 0.5363292694091797, 0.531116783618927, 0.5278280973434448, 0.5200285911560059, 0.5174878835678101, 0.5126237273216248, 0.5068525671958923, 0.49949485063552856, 0.4970947206020355, 0.4905155301094055, 0.481351375579834, 0.47452399134635925, 0.46750688552856445, 0.4616145193576813, 0.4524659216403961, 0.4476659595966339], "segmentation_output_loss": [2.488101005554199, 2.486947536468506, 2.486684799194336, 2.4866416454315186, 2.486647129058838, 2.4866366386413574, 2.48665714263916, 2.4866433143615723, 2.4867641925811768, 2.4867546558380127, 2.486802577972412, 2.486867904663086, 2.4869043827056885, 2.486947774887085, 2.4870150089263916, 2.487072467803955, 2.487165689468384, 2.487200975418091, 2.487262010574341, 2.487281322479248, 2.487419366836548, 2.4874773025512695, 2.487542152404785, 2.4876456260681152, 2.487680435180664, 2.487858295440674, 2.487832546234131, 2.487936496734619, 2.488067388534546, 2.4881370067596436, 2.4882349967956543, 2.488306999206543, 2.4884002208709717, 2.4885025024414062], "segmentation_output_sparse_categorical_accuracy": [0.0010585295967757702, 0.0009367201128043234, 0.0009197659092023969, 0.0010781573364511132, 0.0010242299176752567, 0.0009420019923709333, 0.0010481614153832197, 0.0007392687839455903, 0.0008223443874157965, 0.0009856916731223464, 0.0008351252763532102, 0.0007452027639374137, 0.0008483625715598464, 0.0009672376909293234, 0.0008454933995380998, 0.0009990594116970897, 0.00090789794921875, 0.0008700769976712763, 0.0011199560249224305, 0.0010064280359074473, 0.0009771493496373296, 0.000872946169693023, 0.0009708893485367298, 0.0010566385462880135, 0.0008971385541372001, 0.0009609124390408397, 0.0008550138445571065, 0.000889378716237843, 0.0008553399238735437, 0.0010678543476387858, 0.0009453928214497864, 0.0008749676635488868, 0.0009303296683356166, 0.0010031675919890404], "val_classification_output_loss": [3.0887017250061035, 3.0898642539978027, 3.09161376953125, 3.0907702445983887, 3.0907235145568848, 3.0906243324279785, 3.0909602642059326, 3.0909252166748047, 3.091062068939209, 3.091020107269287, 3.090702533721924, 3.0908925533294678, 3.09049391746521, 3.09102725982666, 3.090837240219116, 3.090829849243164, 3.0904390811920166, 3.0910584926605225, 3.090662717819214, 3.0908265113830566, 3.091278314590454, 3.090987205505371, 3.0906457901000977, 3.090482234954834, 3.0907366275787354, 3.0905954837799072, 3.0901381969451904, 3.09043288230896, 3.0905165672302246, 3.0901293754577637, 3.0907211303710938, 3.090712547302246, 3.090552568435669, 3.0902328491210938], "val_classification_output_sparse_categorical_accuracy": [0.0, 0.0, 0.0, 0.0, 0.0, 0.0, 0.0, 0.0, 0.0, 0.0, 0.0, 0.0, 0.0, 0.0, 0.0, 0.0, 0.0, 0.0, 0.0, 0.0, 0.0, 0.0, 0.0, 0.0, 0.0, 0.0, 0.0, 0.0, 0.0, 0.0, 0.0, 0.0, 0.0, 0.0], "val_loss": [0.5510141253471375, 0.44704416394233704, 0.39984938502311707, 0.37030029296875, 0.3715866208076477, 0.3706176280975342, 0.38289153575897217, 0.3847449719905853, 0.3898014724254608, 0.4041561484336853, 0.4037356674671173, 0.3942813575267792, 0.4144807457923889, 0.4056331515312195, 0.4315190613269806, 0.41816216707229614, 0.45370781421661377, 0.45897695422172546, 0.46316415071487427, 0.4338838458061218, 0.4630579352378845, 0.4734804034233093, 0.4761015474796295, 0.48835933208465576, 0.4487055838108063, 0.5023986101150513, 0.5076715350151062, 0.5097165107727051, 0.569124698638916, 0.5062233209609985, 0.502626895904541, 0.5746017098426819, 0.5313878059387207, 0.5221456289291382], "val_se3_loss": [0.5510141253471375, 0.44704416394233704, 0.39984938502311707, 0.37030029296875, 0.3715866208076477, 0.3706176280975342, 0.38289153575897217, 0.3847449719905853, 0.3898014724254608, 0.4041561484336853, 0.4037356674671173, 0.3942813575267792, 0.4144807457923889, 0.4056331515312195, 0.4315190613269806, 0.41816216707229614, 0.45370781421661377, 0.45897695422172546, 0.46316415071487427, 0.4338838458061218, 0.4630579352378845, 0.4734804034233093, 0.4761015474796295, 0.48835933208465576, 0.4487055838108063, 0.5023986101150513, 0.5076715350151062, 0.5097165107727051, 0.569124698638916, 0.5062233209609985, 0.502626895904541, 0.5746017098426819, 0.5313878059387207, 0.5221456289291382],