{"loss": [NaN, NaN, NaN], "val_loss": [NaN, NaN, NaN], "categorical_accuracy": [0.0006316842627711594, 0.0006316842627711594, 0.0006316842627711594], "val_categorical_accuracy": [0.0013078962219879031, 0.0013078962219879031, 0.0013078962219879031]}