{"loss": [NaN, NaN, NaN], "val_loss": [NaN, NaN, NaN], "categorical_accuracy": [0.0007715317769907415, 0.0007715317769907415, 0.0007715317769907415], "val_categorical_accuracy": [7.556733908131719e-05, 7.556733908131719e-05, 7.556733908131719e-05]}