{"loss": [1.6172187328338623, 1.063187599182129, 0.8610022068023682], "val_loss": [4.02799129486084, 1.6086317300796509, 1.5095518827438354], "categorical_accuracy": [0.5194960236549377, 0.6669937372207642, 0.7285991311073303], "val_categorical_accuracy": [0.49997708201408386, 0.5807456374168396, 0.5983986854553223]}