{"loss": [NaN, NaN, NaN], "val_loss": [NaN, NaN, NaN], "categorical_accuracy": [0.0005653158877976239, 0.0005653158877976239, 0.0005653158877976239], "val_categorical_accuracy": [0.0006394159281626344, 0.0006394159281626344, 0.0006394159281626344]}