{"loss": [1.7505099773406982, 1.0915000438690186, 0.9121675491333008, 0.6624020934104919, 0.5410425066947937, 0.4498872458934784, 0.3823527991771698, 0.36400461196899414, 0.3195347189903259, 0.303021639585495, 0.26949235796928406, 0.2988770604133606, 0.24384857714176178, 0.2069244235754013, 0.1885274201631546, 0.1909995675086975, 0.16846464574337006, 0.1807669848203659, 0.15170694887638092, 0.14363335072994232, 0.1505119651556015, 0.11577803641557693, 0.12200017273426056, 0.15011823177337646, 0.10750357806682587, 0.0911128893494606, 0.10503203421831131, 0.11032607406377792, 0.09170409291982651, 0.07488682866096497, 0.08249619603157043, 0.09078431874513626, 0.07317464053630829, 0.06716936081647873, 0.05902808904647827, 0.06132851541042328, 0.06485231220722198, 0.06442656368017197, 0.05279098078608513, 0.05060907453298569, 0.04770786315202713, 0.04766266420483589, 0.05689205601811409, 0.04870735853910446, 0.04078826680779457, 0.03726416826248169, 0.0366535410284996, 0.04277711734175682, 0.03871546685695648, 0.03447846695780754, 0.03248203918337822, 0.03160210698843002, 0.03199491277337074, 0.031025225296616554, 0.029400184750556946, 0.02805478312075138, 0.026708655059337616], "val_loss": [4.460029125213623, 1.2115463018417358, 1.153295874595642, 1.079020619392395, 0.8539116978645325, 0.6190308928489685, 0.5598402619361877, 0.5903952121734619, 0.6233282089233398, 0.8132930994033813, 0.5972279906272888, 0.602867066860199, 0.5819231867790222, 0.8258297443389893, 1.2781633138656616, 1.0121619701385498, 1.0713531970977783, 1.5597097873687744, 1.2540786266326904, 1.5460237264633179, 1.4042084217071533, 1.2884759902954102, 1.0785139799118042, 1.969557762145996, 0.9052778482437134, 1.3326815366744995, 0.9885320067405701, 2.7632434368133545, 1.108120083808899, 1.1919623613357544, 1.3728647232055664, 0.9649826884269714, 0.9680404663085938, 1.2037761211395264, 1.083492398262024, 1.4759234189987183, 1.81569504737854, 2.1736655235290527, 1.8682310581207275, 2.692242383956909, 2.534684419631958, 2.1303608417510986, 3.378331422805786, 2.173609495162964, 2.0044851303100586, 2.8036069869995117, 2.6902506351470947, 1.9857569932937622, 2.7005300521850586, 2.3803415298461914, 2.785034656524658, 2.475560426712036, 2.4826207160949707, 2.9656927585601807, 2.437819242477417, 2.839637041091919, 2.6271417140960693], "categorical_accuracy": [0.47430917620658875, 0.6409921646118164, 0.6974664330482483, 0.7776186466217041, 0.8188074827194214, 0.8464674949645996, 0.8695194125175476, 0.8755983710289001, 0.8888574242591858, 0.8950393199920654, 0.9044871926307678, 0.8957730531692505, 0.9128809571266174, 0.9248507618904114, 0.9312721490859985, 0.9308372735977173, 0.9372344613075256, 0.9343326687812805, 0.9437915086746216, 0.9468749761581421, 0.9441431760787964, 0.9571895003318787, 0.955231785774231, 0.9449130892753601, 0.9597209692001343, 0.9658732414245605, 0.9610211849212646, 0.9589083194732666, 0.9646652936935425, 0.9716647267341614, 0.968726396560669, 0.9653588533401489, 0.9721840620040894, 0.9744659066200256, 0.9775403141975403, 0.9762921929359436, 0.9751792550086975, 0.9751690626144409, 0.9797279834747314, 0.9805488586425781, 0.981618344783783, 0.9814486503601074, 0.9785014390945435, 0.9810562133789062, 0.9845677018165588, 0.9861117601394653, 0.9861775636672974, 0.9836030006408691, 0.9852809906005859, 0.9869851469993591, 0.9876059889793396, 0.98808354139328, 0.9879035949707031, 0.9881830811500549, 0.9888319373130798, 0.9894095063209534, 0.9900901317596436], "val_categorical_accuracy": [0.4850024878978729, 0.615007758140564, 0.6377690434455872, 0.6815580129623413, 0.7423756122589111, 0.789166271686554, 0.8122100234031677, 0.8122369647026062, 0.810966968536377, 0.820193886756897, 0.8436312079429626, 0.815340518951416, 0.8815771341323853, 0.8251171708106995, 0.8471109867095947, 0.848967432975769, 0.8459505438804626, 0.8495908975601196, 0.867453396320343, 0.868645191192627, 0.8572872877120972, 0.8556793928146362, 0.8362480401992798, 0.82664954662323, 0.8781761527061462, 0.8705265522003174, 0.8842178583145142, 0.8317517042160034, 0.9039110541343689, 0.8947107195854187, 0.878457248210907, 0.9044289588928223, 0.9076306819915771, 0.9157578349113464, 0.9200968742370605, 0.9136939644813538, 0.9070456027984619, 0.9160826206207275, 0.9174147844314575, 0.91688072681427, 0.9149168133735657, 0.9173485636711121, 0.8873001933097839, 0.9226592183113098, 0.9221545457839966, 0.9228107333183289, 0.922934353351593, 0.9267843961715698, 0.9267812967300415, 0.9220213294029236, 0.9264408946037292, 0.9239398241043091, 0.9222204089164734, 0.9222363829612732, 0.9242705702781677, 0.9239384531974792, 0.9237728714942932]}