{"loss": [1.6683177947998047, 1.0794854164123535, 0.861552357673645], "val_loss": [3.130176067352295, 1.4326263666152954, 1.2195327281951904], "categorical_accuracy": [0.48973923921585083, 0.664254367351532, 0.7334660887718201], "val_categorical_accuracy": [0.5109738111495972, 0.5920718312263489, 0.6444224715232849]}