{"loss": [1.743676781654358, 1.1098158359527588, 0.8927017450332642, 0.7878190279006958, 0.8527452349662781, 0.7391961812973022, 1.1376298666000366, 0.7381941676139832, 0.6736230850219727, 0.5984618067741394, 0.5443467497825623, 0.49302130937576294, 0.4465482234954834, 0.4446350038051605, 0.4175103008747101, 0.39774075150489807, 0.3870938718318939, 0.3430159091949463, 0.3226010203361511, 0.30408158898353577, 0.28610801696777344, 0.295163631439209, 0.30381712317466736, 0.28861308097839355, 0.26498278975486755, 0.2585737705230713, 0.24639123678207397, 0.21565032005310059, 0.22822897136211395, 0.2523121237754822, 0.2136601209640503, 0.1982906311750412, 0.18002453446388245, 0.16931049525737762, 0.15449349582195282, 0.16237501800060272, 0.17874911427497864, 0.14754271507263184, 0.14081217348575592, 0.1323573738336563, 0.13209092617034912, 0.12985986471176147, 0.12665513157844543, 0.13050512969493866, 0.11608266085386276, 0.11140765249729156, 0.1075931265950203, 0.10291257500648499, 0.09511645138263702, 0.10142671316862106, 0.09666325896978378, 0.0942317321896553, 0.12835659086704254, 0.10040499269962311, 0.09157732129096985, 0.09073331952095032, 0.0892769992351532, 0.08718213438987732, 0.08585349470376968, 0.08065751940011978, 0.08540499955415726, 0.08891990035772324, 0.07909394055604935, 0.07576096802949905, 0.07086042314767838, 0.0678107738494873, 0.06556694209575653, 0.06355786323547363, 0.06172190234065056, 0.05999452993273735, 0.06610158830881119, 0.06365495920181274, 0.06027689203619957, 0.06049028038978577, 0.06063036620616913, 0.05905868858098984, 0.05599239841103554, 0.05475661903619766, 0.05284595116972923, 0.051774248480796814, 0.050983622670173645, 0.051506318151950836, 0.0505879744887352, 0.05444440618157387, 0.05792694166302681, 0.061853427439928055, 0.05731862038373947, 0.054921362549066544, 0.05333616957068443, 0.05380064994096756, 0.051766686141490936, 0.052398502826690674, 0.050465065985918045, 0.04962311312556267, 0.04876791685819626, 0.04778047278523445, 0.04712137579917908, 0.04705106094479561, 0.04963371902704239, 0.049607645720243454], "val_loss": [28.71919059753418, 12.812591552734375, 35.45246124267578, 28.84894371032715, 2506.826416015625, 2.319305181503296, 2.4003777503967285, 2.1904726028442383, 2.6352713108062744, 3.410388469696045, 2.8925225734710693, 2.121527671813965, 1.940333604812622, 1.1463459730148315, 0.9722012877464294, 0.5530678629875183, 1.404256820678711, 0.9829117059707642, 1.2351046800613403, 0.8287141919136047, 3.6835055351257324, 7.318742275238037, 2.1198055744171143, 3.9879207611083984, 4.088165760040283, 8.689153671264648, 17.306060791015625, 30.574142456054688, 48.67098617553711, 33.74800491333008, 97.82882690429688, 17.119800567626953, 10.78957748413086, 12.100994110107422, 10.114434242248535, 13.926167488098145, 14.647451400756836, 14.052569389343262, 13.794011116027832, 14.980608940124512, 19.534517288208008, 17.6667423248291, 13.943429946899414, 18.132400512695312, 18.787090301513672, 14.29238510131836, 14.3714599609375, 17.612653732299805, 18.434188842773438, 14.096442222595215, 15.484452247619629, 27.21537971496582, 52.859798431396484, 36.590126037597656, 35.7251091003418, 33.06432342529297, 17.750280380249023, 15.6715087890625, 21.76233673095703, 21.40795135498047, 12.396334648132324, 19.834606170654297, 34.70572280883789, 21.855152130126953, 22.383256912231445, 22.67551612854004, 22.363136291503906, 22.301626205444336, 21.509052276611328, 22.060468673706055, 18.65645980834961, 11.581076622009277, 12.015274047851562, 13.907281875610352, 13.633108139038086, 16.02083396911621, 18.34164047241211, 16.47157096862793, 16.25459098815918, 16.145233154296875, 15.212688446044922, 15.771318435668945, 18.213382720947266, 18.347469329833984, 13.845747947692871, 13.886100769042969, 13.907957077026367, 14.221649169921875, 17.36341094970703, 15.908226013183594, 15.139205932617188, 15.204238891601562, 14.27531623840332, 14.815545082092285, 14.613319396972656, 14.571614265441895, 14.660334587097168, 15.136676788330078, 19.61371421813965, 18.474233627319336], "categorical_accuracy": [0.48579275608062744, 0.6393243670463562, 0.6983526945114136, 0.7297265529632568, 0.7143378257751465, 0.7529492378234863, 0.6634091734886169, 0.7430403232574463, 0.7664874196052551, 0.7933522462844849, 0.8104118704795837, 0.8275302052497864, 0.8428534865379333, 0.8471887707710266, 0.8517409563064575, 0.8581068515777588, 0.8625131249427795, 0.8775063753128052, 0.8840016722679138, 0.8903945088386536, 0.8958019018173218, 0.8938665986061096, 0.8904436826705933, 0.895503580570221, 0.9045195579528809, 0.9063312411308289, 0.9110820293426514, 0.921484649181366, 0.9180743098258972, 0.9111247062683105, 0.9220384955406189, 0.9277499318122864, 0.93467116355896, 0.9383625388145447, 0.9436362981796265, 0.9408684372901917, 0.9345753788948059, 0.9459167718887329, 0.9480317831039429, 0.9514187574386597, 0.9512476921081543, 0.9519895315170288, 0.9529235363006592, 0.9513542056083679, 0.9569238424301147, 0.9585779309272766, 0.9601694941520691, 0.9615516066551208, 0.9644335508346558, 0.9621229767799377, 0.9638116955757141, 0.9651201963424683, 0.9526064991950989, 0.9624719023704529, 0.9658223390579224, 0.9661300778388977, 0.966610848903656, 0.9674047231674194, 0.9680442214012146, 0.9699268937110901, 0.9683403372764587, 0.9671255946159363, 0.970657229423523, 0.9718092679977417, 0.9737317562103271, 0.975024402141571, 0.9759186506271362, 0.9766965508460999, 0.9774785041809082, 0.9781481623649597, 0.9754221439361572, 0.9764826893806458, 0.9779133796691895, 0.9778497219085693, 0.9775726795196533, 0.9782686233520508, 0.9796242713928223, 0.9801344275474548, 0.9808996319770813, 0.9813927412033081, 0.9816214442253113, 0.9814209342002869, 0.9817830920219421, 0.9800968170166016, 0.9786369204521179, 0.9773977398872375, 0.9786469340324402, 0.9797332882881165, 0.9804189801216125, 0.9803095459938049, 0.9811109304428101, 0.98087078332901, 0.9815669059753418, 0.9819048643112183, 0.9824413061141968, 0.9828734993934631, 0.9831486344337463, 0.9832807183265686, 0.9819729924201965, 0.981925368309021],